date,gross_ret,commission,fees,spread,impact,borrow,turnover,gross_exposure,net_exposure,net_ret
2023-01-03,0.0,0.0,0.0,0.0,0.0,0.0,0.0,0.0,0.0,0.0
2023-01-04,0.0,0.0,0.0,0.0,0.0,0.0,0.0,0.0,0.0,0.0
2023-01-05,0.0,0.0,0.0,0.0,0.0,0.0,0.0,0.0,0.0,0.0
2023-01-06,0.0,0.0,0.0,0.0,0.0,0.0,0.0,0.0,0.0,0.0
2023-01-09,0.0,0.0,0.0,0.0,0.0,0.0,0.0,0.0,0.0,0.0
2023-01-10,0.0,0.0,0.0,0.0,0.0,0.0,0.0,0.0,0.0,0.0
2023-01-11,0.0,0.0,0.0,0.0,0.0,0.0,0.0,0.0,0.0,0.0
2023-01-12,0.0,0.0,0.0,0.0,0.0,0.0,0.0,0.0,0.0,0.0
2023-01-13,0.0,0.0,0.0,0.0,0.0,0.0,0.0,0.0,0.0,0.0
2023-01-17,0.0,0.0,0.0,0.0,0.0,0.0,0.0,0.0,0.0,0.0
2023-01-18,0.0,0.0,0.0,0.0,0.0,0.0,0.0,0.0,0.0,0.0
2023-01-19,0.0,0.0,0.0,0.0,0.0,0.0,0.0,0.0,0.0,0.0
2023-01-20,0.0,0.0,0.0,0.0,0.0,0.0,0.0,0.0,0.0,0.0
2023-01-23,0.0,0.0,0.0,0.0,0.0,0.0,0.0,0.0,0.0,0.0
2023-01-24,0.0,0.0,0.0,0.0,0.0,0.0,0.0,0.0,0.0,0.0
2023-01-25,0.0,0.0,0.0,0.0,0.0,0.0,0.0,0.0,0.0,0.0
2023-01-26,0.0,0.0,0.0,0.0,0.0,0.0,0.0,0.0,0.0,0.0
2023-01-27,0.0,0.0,0.0,0.0,0.0,0.0,0.0,0.0,0.0,0.0
2023-01-30,0.0,0.0,0.0,0.0,0.0,0.0,0.0,0.0,0.0,0.0
2023-01-31,0.0,0.0,0.0,0.0,0.0,0.0,0.0,0.0,0.0,0.0
2023-02-01,0.0,1.5160616347021437e-06,1.9190206736850007e-06,0.0,5.320638722409369e-07,8.603570178728695e-07,0.15168588588280824,0.15168588588280824,0.00714590688016617,-4.8275031985009504e-06
2023-02-02,-0.0014065971821742255,1.587093495147112e-06,1.9093958005744238e-06,0.0,4.6065121536521165e-07,1.013039241877292e-06,0.08500884681736866,0.1200719412400467,-0.050118651395338346,-0.0014115673619271895
2023-02-03,0.00045501950781084066,1.4044451863705757e-06,1.4866224480019793e-06,0.0,3.426567392981515e-07,3.441980917112238e-07,0.1381885571653354,0.048916247068378854,-0.008909032339106728,0.00045144158534545875
2023-02-06,0.00015541760583918896,5.285619017828144e-07,4.163467045387001e-07,0.0,1.5890507065359415e-07,2.5411570222312947e-07,0.040682295712155314,0.046963863382729884,0.004272425409244123,0.00015405967645999073
2023-02-07,9.875851124839085e-05,6.288501399377837e-07,7.824711910560786e-07,0.0,1.1941622266554484e-07,2.0571413329452798e-07,0.04485779589921589,0.02270946732382679,-0.011850507069653914,9.702205956143691e-05
2023-02-08,0.00013443306069042222,6.841356921064246e-07,4.889689980053417e-07,0.0,1.2533731148339286e-07,2.1888120988388746e-07,0.07106529599532194,0.07020088449780137,0.0334288412373083,0.00013291573747894317
2023-02-09,-0.00042192822922169996,4.870128223371886e-07,5.073351384622741e-07,0.0,1.3242634855715478e-07,1.9278329396524652e-07,0.03203797106249298,0.06122624094150424,0.028838647555342826,-0.0004232477868250218
2023-02-10,0.00011015028397169653,5.903698657522757e-07,1.1277033454077798e-06,0.0,1.0554048290392711e-07,2.3001759863960383e-07,0.05483398998038344,0.03353910386348772,-0.005103852707965735,0.00010809665267899295
2023-02-13,1.2070301098538637e-05,4.205320655557405e-07,5.358593246892274e-07,0.0,1.1071977272859505e-07,1.8714727673262365e-07,0.03847432241664482,0.024719075558184856,-0.006721666932895916,1.0816042658832451e-05
2023-02-14,3.679431138775905e-05,1.035876617417964e-06,1.116699228210664e-06,0.0,3.9991400233128676e-07,4.35746617123837e-07,0.1061945401869987,0.09475802175481453,0.02155259007800992,3.38060749226753e-05
2023-02-15,0.0001471242110626187,1.1038257574218765e-06,1.978807645567731e-06,0.0,4.770195929434522e-07,7.51609284103244e-07,0.08250545439175216,0.07623309228652297,-0.050037267442821984,0.00014281294878258242
2023-02-16,0.0007209974542359793,9.9236977638492e-07,4.5865786610205153e-07,0.0,2.0952306838158419e-07,6.563112812097101e-08,0.08968710599363336,0.03173346717234816,0.020707437648025028,0.0007192712723969897
2023-02-17,-2.9434623708999266e-05,7.040435967511577e-07,8.67174329690001e-07,0.0,1.9705943258175549e-07,3.1518580206579087e-07,0.05874231743053748,0.07164154392042738,0.018690329173374508,-3.151808687008797e-05
2023-02-21,-0.0003191881551850093,8.342311660150146e-07,2.7536711550309514e-07,0.0,2.3369929656229615e-07,1.3038900338106887e-07,0.042707226944278795,0.06878504018393417,0.046879687615914586,-0.0003206618417664708
2023-02-22,-0.00013498413865022695,1.6053775038611798e-06,2.14851707429131e-06,0.0,5.672887635278609e-07,7.880347330449676e-07,0.13861459912166715,0.16596769157471325,0.03357785642315876,-0.00014009335672495227
2023-02-23,0.00029740139622466634,1.6671030409316995e-06,2.927805748142809e-06,0.0,6.848691009175743e-07,4.019009870698443e-07,0.19897021196098866,0.07230310247154023,0.004783736643806394,0.0002917197173476044
2023-02-24,0.00016459364430322458,1.7129785780498618e-06,2.1913982562374906e-06,0.0,5.702018775570846e-07,6.58090079039231e-07,0.16742126539124408,0.13211215370820495,0.02155302042961415,0.0001594609755123409
2023-02-27,0.00028564055816699253,1.3827945134606123e-06,1.6475313705892088e-06,0.0,4.284196701185495e-07,4.5169877815271714e-07,0.09857101456883281,0.0687430701263391,-0.007142324603317374,0.00028173011383467145
2023-02-28,-0.0001612343688813049,1.0502370230375706e-06,4.437889748385682e-07,0.0,3.4396572558854235e-07,2.3353480282402349e-07,0.062198112495869984,0.07181889285152307,0.032585045977087126,-0.00016330589540759362
2023-03-01,-0.00014932725965345156,6.570352247538751e-07,7.958130781542477e-07,0.0,1.926741539698234e-07,1.8785553394647354e-07,0.04612278231169098,0.05107397314650327,0.01951424344349572,-0.00015116063764427599
2023-03-02,0.00034691609887703385,1.140799197269961e-06,1.6469372802762028e-06,0.0,2.473857203464756e-07,4.109037139638853e-07,0.10004463499232674,0.06228782170529947,-0.006744002240633259,0.0003434700729651773
2023-03-03,-0.0003163719867628681,6.259413991882561e-07,6.255459687391542e-07,0.0,1.251407334299343e-07,4.94826000171043e-07,0.028352404034355523,0.05832599664927517,-0.02480477137946005,-0.0003182434408643965
2023-03-06,-1.4908294596236865e-06,9.393666121385775e-07,7.60991545564514e-07,0.0,2.2521185513662154e-07,2.0145056384889557e-07,0.0737614246330516,0.03534027635124296,0.001496581624628502,-3.6178500363122953e-06
2023-03-07,-8.776709677028225e-05,1.1098602476627659e-06,4.961378736011375e-07,0.0,2.377847082735399e-07,5.7574452689321615e-08,0.06897969762800973,0.05341849569373154,0.04374598764192551,-8.966845405250901e-05
2023-03-08,0.00011089125977768785,9.443487650971135e-07,1.162273063467732e-06,0.0,2.143688817541258e-07,1.4464632200876233e-07,0.057812612806571996,0.036308995498439384,0.012008413400967316,0.00010842562274536011
2023-03-09,-0.00028210508761665823,1.3194264050872586e-06,6.395793434045345e-07,0.0,2.803545979824087e-07,9.621572318973302e-08,0.0702145160760202,0.062435078638722406,0.04627083714284726,-0.00028444066368632216
2023-03-10,-0.0008036976033277857,2.026050286381548e-06,2.4914599416859815e-06,0.0,7.870631852335295e-07,9.376877959500404e-07,0.1524225201045843,0.1784778381861417,0.02094628846653486,-0.0008099398645370368
2023-03-13,0.0011390321749029592,4.682907539029968e-06,4.035952070206224e-06,0.0,1.5596974574190885e-06,7.204485679500512e-07,0.3277954059057502,0.17126212263510343,0.050226763219494826,0.001128033169268354
2023-03-14,-7.795218475557942e-05,2.6799861828421344e-06,3.286949975450937e-06,0.0,1.0096034697659255e-06,9.36543388076971e-07,0.14297427570831261,0.10734451633594196,-0.049994772860989044,-8.586526777171538e-05
2023-03-15,0.0004778543543541001,3.4850649326068374e-06,3.993054319554008e-06,0.0,1.1839243353862854e-06,1.432432341753715e-06,0.3282901252367752,0.25326080938042955,0.012612175965805508,0.00046775987842479925
2023-03-16,0.0008755676654749213,1.9682338340441768e-06,3.7845362094025557e-06,0.0,9.106102161236921e-07,6.445448406191982e-07,0.2551771980038452,0.08274707659367662,-0.025536456630348665,0.0008682597403747317
2023-03-17,0.0004568381122068506,1.5222701097296034e-06,1.1059435565211145e-06,0.0,4.6035687932795923e-07,4.034728266814238e-07,0.13561004501390872,0.1116327584298142,0.043849323547335,0.00045334606883459046
2023-03-20,0.00033511026438090265,1.4111896425275756e-06,2.4262777071107717e-06,0.0,3.3120379375744476e-07,5.087189105506387e-07,0.12557988034081502,0.06460989552505435,-0.020854881447452955,0.00033043287432695624
2023-03-21,-0.00020300245977572973,1.4972460157346226e-06,2.103904708164023e-06,0.0,5.735296742945148e-07,1.1838542378102837e-06,0.14885530797836288,0.16617583409769046,-0.03271167785443717,-0.00020836099441173318
2023-03-22,0.0003079229639771502,2.176479553883893e-06,1.2766568813384178e-06,0.0,4.899180883322736e-07,1.9790624236704085e-07,0.1537560948472847,0.08271449941269035,0.04946625069502748,0.00030378200321122854
2023-03-23,-4.36071078396166e-05,1.4969238938050461e-06,1.5564456589345216e-06,0.0,4.264615661440359e-07,3.013895454009353e-07,0.07395921532459007,0.059852174714683036,0.009218731087325911,-4.738832850390114e-05
2023-03-24,0.00018226587812430627,1.267093511445733e-06,1.0578188887610423e-06,0.0,3.230321478447414e-07,3.01077401608532e-07,0.055972564395857495,0.042072436600134565,-0.008508566870098808,0.0001793168561746462
2023-03-27,6.389051618093967e-05,1.1168201570230772e-06,8.093669797739954e-07,0.0,3.42856124819279e-07,4.5028423812948815e-07,0.07684458420080173,0.08729152688328388,0.011643774877529905,6.117118868119383e-05
2023-03-28,0.00013117203355305656,1.3832502325119576e-06,1.949689648507387e-06,0.0,4.6419632705408057e-07,4.134024115977777e-07,0.13080533763922808,0.07388650684096575,0.004434901692539076,0.00012696149493338535
2023-03-29,0.00016509642637896368,7.842639722233605e-07,1.3128637662531e-06,0.0,2.550219970529542e-07,3.256965386096893e-07,0.07899799210738942,0.03697763411140556,-0.01773938437502224,0.00016241858010482459
2023-03-30,2.2318783103820195e-05,3.7237951978392296e-07,3.6160916111592175e-07,0.0,1.1785953721222606e-07,3.0239539574755897e-07,0.027456716376687767,0.03411424452865362,-0.016688181956936273,2.1164539489960568e-05
2023-03-31,-0.0002587007080826154,6.185139189865329e-07,9.250481649897971e-07,0.0,1.5782026613278581e-07,6.454327980606768e-07,0.03808188798575705,0.05842717626308435,-0.050005533811109365,-0.0002610475232307852
2023-04-03,-9.10988460515765e-06,7.33502675937076e-07,4.123185913391752e-07,0.0,1.9146557085967764e-07,5.475773939738765e-07,0.04633122114815592,0.060998955272803815,-0.03099404691480742,-1.0994748837267455e-05
2023-04-04,0.0002065680704401216,1.811363503649193e-06,2.1408643847858565e-06,0.0,4.924001846249442e-07,7.110506595062152e-07,0.20681667524732375,0.16014963704951712,0.040693126252473004,0.0002014123917075554
2023-04-05,-0.00013489049008738745,1.1049489756470405e-06,1.7187668811396016e-06,0.0,3.164849084625289e-07,5.421670120177867e-07,0.1008259785011511,0.09902694739321624,0.007942889374228122,-0.00013857285786465442
2023-04-06,0.00027099761473234194,9.451711062313566e-07,1.6374124163560422e-06,0.0,2.448174900839893e-07,2.766198472065462e-07,0.09880016050750398,0.024586687836815398,-0.021885446493884374,0.000267893593872464
2023-04-10,-3.982273491232739e-05,5.293475137938565e-07,6.200761771361314e-07,0.0,1.6995537006809937e-07,4.205707869541925e-07,0.03748661287309114,0.04066457471717559,-0.029991317491128756,-4.156268476027967e-05
2023-04-11,-0.0002771201295176636,1.1160295248565307e-06,5.880137162708754e-07,0.0,3.294669005090485e-07,3.7835484714530596e-07,0.07269187658707088,0.06830055406097163,0.004736939740560237,-0.0002795319945064453
2023-04-12,-7.124584502717178e-05,1.242076907787612e-06,1.2475426956505566e-06,0.0,3.18738057237383e-07,1.597794077977648e-07,0.10218682364991102,0.0513875952260858,0.024544654716061317,-7.42139820956451e-05
2023-04-13,0.0002292180450378673,5.847420473423693e-07,1.2614175258354964e-06,0.0,1.8557621298871985e-07,2.295644255559132e-07,0.06738590856221324,0.03101723717360781,-0.0075495863197856195,0.0002269567448261448
2023-04-14,-1.4262401417636405e-05,3.2385629490930744e-07,3.8141828767926364e-07,0.0,1.0352510212977344e-07,6.330452998195173e-08,0.031479939271657396,0.008599124734627135,-0.0020360363023407537,-1.5134505632336701e-05
2023-04-17,-1.0099317288618362e-05,5.8248926500846e-07,1.3491558687942792e-06,0.0,1.2593658676597553e-07,6.332834366897578e-07,0.05979630706844019,0.05639866879602071,-0.049992948567858596,-1.2790182445876835e-05
2023-04-18,-6.0560716928205634e-05,1.0498560119508742e-06,3.73127528662541e-07,0.0,2.0494872108291045e-07,1.3798977043892508e-07,0.0704601960629322,0.026708093948616903,0.0035258125148774893,-6.232663896034088e-05
2023-04-19,2.255755725953227e-06,8.332219519480464e-07,7.096590112737973e-07,0.0,2.00424476532675e-07,1.895396531838793e-07,0.08698797217701182,0.08008933067712487,0.04824666894223315,3.2291063301482926e-07
2023-04-20,-0.0004417644963414526,1.9594765591550344e-06,2.410541059217928e-06,0.0,5.406326425235003e-07,9.656722382559984e-07,0.14628280618281514,0.18506892747215287,0.0228359914451451,-0.0004476408188406051
2023-04-21,0.00018521292326597786,1.4473532287055895e-06,2.2450478566671715e-06,0.0,4.524531850092672e-07,6.363361719369959e-07,0.13773319942164636,0.09352425835781017,-0.01338021852760514,0.00018043173282365885
2023-04-24,-0.0001460450386807238,8.264420744163818e-07,9.309786132210429e-07,0.0,2.698800638490486e-07,2.5269161437627575e-07,0.07673928072127864,0.03837236562612119,-0.004079825589093131,-0.00014832503104658654
2023-04-25,-0.00019169869407284428,5.763849663234386e-07,3.562077923442752e-07,0.0,1.481860410258749e-07,1.5614303816253406e-07,0.03277191311183588,0.0326884708692187,0.006456440457912983,-0.0001929356159107004
2023-04-26,6.617274747999317e-05,9.837917318154646e-07,1.210224970320466e-06,0.0,3.010758743389712e-07,5.184249855595224e-07,0.098005265787243,0.10982709833252885,0.02273170075852904,6.315922991795875e-05
2023-04-27,0.0008517677480553585,1.100667452579112e-06,2.3405415579345634e-06,0.0,3.7561096143221535e-07,4.1145716394794595e-07,0.131529183660787,0.03928410722738086,-0.02984069631587406,0.0008475394709194646
2023-04-28,-0.0002426689730783452,9.21479313173458e-07,9.564192444354e-07,0.0,2.9923839824058773e-07,5.422865366800202e-07,0.062339243434741,0.051618342987780154,-0.03948579517446323,-0.00024538839657087464
2023-05-01,-6.745932222806031e-05,6.517457998225585e-07,4.493920887906291e-07,0.0,1.448392513592781e-07,4.7282957639050514e-07,0.04047990660111835,0.05058181605059957,-0.028853552783005304,-6.917812894442328e-05
2023-05-02,0.00014646569145261156,1.005425489790739e-06,4.825938756454865e-07,0.0,2.1838223521635528e-07,4.697007752773364e-08,0.07756538054591286,0.033526189927300894,0.025635216902641637,0.00014471231977443124
2023-05-03,-0.00018561858839816366,6.436012647760336e-07,4.0144746502952524e-07,0.0,1.3506002573355907e-07,8.201521210515191e-08,0.0276468716650281,0.042345973189053074,0.028567417555387546,-0.00018688071236580792
2023-05-04,-9.734934066599012e-05,5.872824677098725e-07,6.904563512761925e-07,0.0,2.3284128758747772e-07,2.1902607678190885e-07,0.03674242796925657,0.04920454350272764,0.01240816260336695,-9.907894684934557e-05
2023-05-05,0.00046855927396918307,8.705981489366386e-07,1.4289232744926504e-06,0.0,3.6412914280385044e-07,3.7399834639981196e-07,0.08520534440152053,0.05039075709473665,-0.012440965100431753,0.00046552162505655013
2023-05-08,-4.4172118444447775e-05,1.557854590010716e-06,7.934574070654902e-07,0.0,6.011088095535475e-07,1.1027497672153539e-07,0.07987214417335207,0.037920527019131844,0.019394330929913904,-4.7234814227799064e-05
2023-05-09,9.643273593575526e-05,1.016036285015376e-06,6.846613994155624e-07,0.0,2.532650719187302e-07,4.0088220394640874e-08,0.05919788445620585,0.04333074325786508,0.03659592223156541,9.443868495901096e-05
2023-05-10,0.00019556670558777984,1.122561833973489e-06,2.233245075908105e-06,0.0,3.801979248155008e-07,7.011215939813673e-07,0.13089289486937614,0.10838743619509203,-0.00940099159377765,0.00019112957915910138
2023-05-11,-0.0001856399925915002,1.800106345253172e-06,2.601372721534122e-06,0.0,6.63019796044325e-07,6.758444995060503e-07,0.17974866783884488,0.09719734899865738,-0.01634452691835905,-0.00019138033595383788
2023-05-12,-2.0337615425225858e-05,1.740285224505514e-06,1.5332612148574605e-06,0.0,6.024985589627886e-07,7.337525852423737e-07,0.11531495405954853,0.11972187562848209,-0.003548558692236699,-2.4947413008793994e-05
2023-05-15,-5.004342235823642e-05,1.4045538259334883e-06,1.3325095465880874e-06,0.0,3.589693210408228e-07,4.371751960789915e-07,0.09355588177814302,0.06610281245042428,-0.007342620490846314,-5.357663024787781e-05
2023-05-16,0.00023753381788992503,1.4885750770375656e-06,4.686846581887641e-07,0.0,2.8672758520196945e-07,1.5639842071801973e-07,0.0781624106884498,0.07631007975791881,0.05003514507729151,0.0002351334321487787
2023-05-17,0.0006688471068930395,1.150463635416428e-06,2.1393088012763056e-06,0.0,2.7357856005207104e-07,3.5568110887417497e-07,0.10280361326592488,0.046031368795983796,-0.013723057494877598,0.0006649280747874206
2023-05-18,-0.0002197148859202436,4.991716924182119e-07,6.749099108171361e-07,0.0,1.318015206827901e-07,4.3243266024412403e-07,0.0365400109048275,0.04337382049392528,-0.029274866427087546,-0.00022145320170440587
2023-05-19,0.00011410158699711897,9.403486633449462e-07,5.344954778061499e-07,0.0,2.340316868567077e-07,2.5841124537324344e-07,0.05157499856980395,0.03302776168536706,-0.010385327537337848,0.00011213429992373793
2023-05-22,-0.00025476244711576055,1.621328886339139e-06,2.0236822585094446e-06,0.0,4.3379708598172034e-07,9.377574084777136e-07,0.1145020478498393,0.10975565725196253,-0.047787587372293355,-0.00025977901275506856
2023-05-23,0.0002415041828532983,1.4062735113126506e-06,9.02531438449881e-07,0.0,4.179957749771672e-07,3.328838438038796e-08,0.1445213594321793,0.055606163079132305,0.05001371450322713,0.00023874409374417824
2023-05-24,-0.00039754930068429796,9.442815460501224e-07,5.844014498882289e-07,0.0,1.8716742372562504e-07,4.4391607062046674e-08,0.04065130272633778,0.057545034001785074,0.05008724401536123,-0.000399309542711024
2023-05-25,0.0002859165956724905,2.851657007995137e-06,2.8955775386751495e-06,0.0,1.0905070251431203e-06,7.608090582038068e-07,0.19804097636193774,0.15724325611239498,0.029427334334155418,0.0002783180450424733
2023-05-26,-0.0006539337706650325,2.033467098780719e-06,2.1879115640373854e-06,0.0,7.660419384237602e-07,1.098161656950616e-06,0.10331168256370409,0.15815970583827266,-0.02633145252943083,-0.000660019352923225
2023-05-30,-0.00032112446536008727,1.4629624189193215e-06,1.6566141704959466e-06,0.0,6.120348791215016e-07,1.0396323387806449e-07,0.18109989222003853,0.06751505575342132,0.05004923246190648,-0.0003249600400625021
2023-05-31,-0.0003037836002662137,1.7171194531737068e-06,1.4827620709756668e-06,0.0,5.332590485437414e-07,2.846865925689651e-07,0.10495107118635165,0.0978289314738502,0.050001583922264066,-0.0003078014274314758
2023-06-01,0.0005303450616590454,1.6670615920560534e-06,2.2077588915572e-06,0.0,3.957397266096479e-07,2.7686156558649087e-07,0.11729063605729918,0.04462571254201085,-0.0018870304765196064,0.000525797639883236
2023-06-02,0.00016666382748741263,1.4570770976732212e-06,1.6865985766247446e-06,0.0,5.16347114979378e-07,7.497529804613997e-07,0.11040713134093055,0.11051810963932523,-0.01544039107818989,0.0001622540517176739
2023-06-05,4.0828934701524116e-05,1.4289895688625729e-06,1.2636588589438195e-06,0.0,4.7209341401601e-07,1.0978252692677588e-07,0.13997356242224912,0.06635712695573436,0.047913662432035986,3.755441033277494e-05
2023-06-06,0.00019793628861606406,5.128882240373817e-07,1.0435971165567179e-06,0.0,2.07456236096341e-07,1.3451487684648482e-07,0.05258287169406824,0.0406654159577668,0.018066916647557357,0.00019603783216252713
2023-06-07,0.00028690471624078775,1.6234831824803615e-06,1.0214685640326016e-06,0.0,3.698406064786644e-07,2.4983373677240655e-07,0.07111683767717118,0.06435801080381327,0.022385943026048988,0.00028364009015102373
2023-06-08,0.00026646943432321663,1.3316830735843564e-06,8.460236909419837e-07,0.0,3.2468148819099e-07,1.3445306175494639e-07,0.056552614380046586,0.04340205133502033,0.020813936960189336,0.00026383259300874435
2023-06-09,4.912139804878603e-05,8.536108386304146e-07,1.1447383239996806e-06,0.0,2.583790484658e-07,2.817626449669063e-07,0.06651909245362825,0.046737819363366906,-0.0005983049910733493,4.658290719272323e-05
2023-06-12,-8.741081626913653e-05,8.921939565758672e-07,1.5857768368728234e-06,0.0,2.990885333722545e-07,7.200815663413516e-07,0.08686819035520615,0.08378004612464818,-0.03719365702069888,-9.090795716229883e-05
2023-06-13,-0.00017536135825510507,5.344838461651122e-07,6.02887587268611e-07,0.0,1.8223752970202809e-07,7.969269119268372e-07,0.031719772811650615,0.08391502338596524,-0.04996869781774339,-0.00017747789413016766
2023-06-14,-1.759333390900088e-05,1.6988326602234151e-06,1.4283811671107518e-06,0.0,4.4591774010384155e-07,5.839373927510427e-07,0.11982833703401136,0.07263654573025376,-0.025464936251921404,-2.1750402869189933e-05
2023-06-15,-0.0004605942465300116,1.6420527418512288e-06,1.3042656184298285e-06,0.0,4.849138922575669e-07,5.445005862558312e-07,0.10359071615678654,0.07924814502590763,-0.012227953465072019,-0.00046456997936880607
2023-06-16,0.0003112924950142638,1.1958759392185325e-06,1.5503064084820038e-06,0.0,4.36633419015059e-07,3.6314332617516006e-07,0.1596968728573574,0.10910046172720242,0.04809238292977552,0.00030774653592137305
2023-06-20,-0.00011016863267968229,1.1140534297724585e-06,9.452208771704895e-07,0.0,3.248643063146876e-07,2.866413308750107e-07,0.06456300717129218,0.09162550270162041,0.04346975911461862,-0.00011283941262381494
2023-06-21,-0.00036240217021546206,1.0009393149431095e-06,8.555058828219316e-07,0.0,2.338365262734472e-07,3.426875326206206e-07,0.06455436312086474,0.10751502215958313,0.04994351667931888,-0.0003648351394721212
2023-06-22,0.00021215501713196558,1.1763483528174538e-06,2.426655882638009e-06,0.0,2.665603900475833e-07,3.78563798957374e-07,0.13174967777184676,0.0523268252162276,-0.011271893008611231,0.00020790688870750515
2023-06-23,0.00010592803822068215,9.217942056444471e-07,9.399259258967505e-07,0.0,2.2768893402537623e-07,2.6975911432778753e-07,0.10987405734388503,0.08745340277768712,0.04213387157061884,0.00010356887004078778
2023-06-26,-0.00020767539944152892,1.1080407395819348e-06,9.539894789016196e-07,0.0,3.022637623578243e-07,2.492688379544023e-07,0.07491276188678728,0.0919857502439006,0.050108585467561015,-0.0002102889622603247
2023-06-27,0.0009276560839277284,1.2109886537595598e-06,2.572782159277509e-06,0.0,3.7715863502807284e-07,5.013166830625528e-07,0.14603386206228902,0.0778410787043452,-0.006380124050163673,0.0009229938377966006
2023-06-28,-0.00017873549091556348,1.9335157316026116e-06,2.6227571126512074e-06,0.0,6.058705288092244e-07,7.838006003867924e-07,0.18598861810355966,0.127763546308185,-0.00391495455679608,-0.00018468143488901333
2023-06-29,-0.0001646701653464666,1.802226994007723e-06,2.4361691007162127e-06,0.0,4.104677617872342e-07,6.972155227795256e-07,0.1410431168299861,0.06704230567365807,-0.05008990215330225,-0.00017001624472575728
2023-06-30,-0.0003692433527769041,1.4949341737284488e-06,2.190077173564236e-06,0.0,5.541153412455959e-07,1.1774925331102888e-06,0.16566964966501307,0.14773878507840538,-0.05007996048412314,-0.00037465997199855267
2023-07-05,-0.00012282029906831297,1.8981757395674973e-06,1.5392071967323462e-06,0.0,6.885098281865826e-07,4.3010923036670014e-07,0.15832035435272052,0.0848289198505294,0.012570569148923773,-0.0001273763010631661
2023-07-06,9.080642418305982e-06,1.2002020223492729e-06,1.6672230826517692e-06,0.0,4.71076639094745e-07,4.209366439141127e-07,0.1287400736223111,0.09273895826868159,0.02202160209111064,5.321204030296082e-06
2023-07-07,-4.024008682851467e-05,2.219810199622987e-06,3.1633369807910544e-06,0.0,9.130763376035347e-07,8.600506224938815e-07,0.2612425037172307,0.19450363729351589,0.05001513271454379,-4.7396360969026125e-05
2023-07-10,0.0008096518883424513,2.0089642283432114e-06,3.3663449163484377e-06,0.0,7.981120240734752e-07,1.0675769538649097e-06,0.15833703632923918,0.12971224542871104,-0.04964068282059379,0.0008024108902198213
2023-07-11,-0.0007221709486577503,1.5747665374201694e-06,1.2656179177463882e-06,0.0,4.825168612749309e-07,8.844170569821536e-07,0.08969546844286272,0.09858753182425156,-0.04999453374875022,-0.0007263782670311739
2023-07-12,-0.0005839551678213728,1.7063597228452534e-06,2.307499486168189e-06,0.0,7.01285677783297e-07,1.5956990602335069e-06,0.17319530389025323,0.21795996442969556,-0.05011747768953362,-0.0005902660117684031
2023-07-13,-0.0007675524091429444,1.7287367999399483e-06,2.0008682835955125e-06,0.0,7.451248824991564e-07,1.8152274754569434e-06,0.144114830220645,0.25500066105427416,-0.04995755482249231,-0.0007738423665844359
2023-07-14,0.00011132652357552926,1.7024508332298208e-06,2.458684627270789e-06,0.0,6.285847236998391e-07,9.92110244763427e-07,0.18179941691318197,0.12380138400035859,-0.04287313711989718,0.00010554469314656538
2023-07-17,9.739192937151115e-07,2.20833812609502e-06,1.0847702379057255e-06,0.0,7.432189598560294e-07,8.783666319344379e-07,0.12204315466230703,0.15889967232121752,0.011334078156231955,-3.940774662076101e-06
2023-07-18,-0.00030135545882622924,1.5905579551216707e-06,1.8559421816998416e-06,0.0,4.4648183412631966e-07,1.0545060237900615e-06,0.08648835416809879,0.13790290711561315,-0.03925410488111717,-0.0003063029468209671
2023-07-19,-0.0001903721124344647,1.0337751250968155e-06,1.0900594937607977e-06,0.0,3.277408986040938e-07,6.245625706662742e-07,0.10809338497039485,0.10274720912485075,-0.002179302747083299,-0.00019344825052259267
2023-07-20,6.838134893320084e-05,1.7833006888392001e-06,2.7978204252826596e-06,0.0,7.047363315317297e-07,8.681200812011377e-07,0.17165762289250952,0.11026832827197519,-0.035575845369815895,6.22273714063461e-05
2023-07-21,1.03826955582785e-06,1.9960517696753975e-06,1.10709682721812e-06,0.0,8.144735825669378e-07,2.5023566927297623e-07,0.13197341926311332,0.07036904982594264,0.028329457388082645,-3.1295882929055815e-06
2023-07-24,-2.0720470723506823e-05,1.3013964148432902e-06,2.45528603745913e-06,0.0,3.902432697671291e-07,7.761531796600337e-07,0.13140937798582394,0.09718861069781023,-0.03320512348507541,-2.5643549625236404e-05
2023-07-25,7.101673240325598e-05,1.0464466647652188e-06,1.3284891648715987e-06,0.0,4.057373391564874e-07,1.1282233734653388e-06,0.0890549068762177,0.14531582896383557,-0.044225697778341316,6.710783586099733e-05
2023-07-26,0.0005774443239640952,1.2081830718444298e-06,1.5515921041824266e-06,0.0,3.823352030902307e-07,3.043606055439795e-07,0.14680584273199976,0.05206387801459028,0.0009312962832017328,0.0005739978529794342
2023-07-27,7.514041994837696e-05,1.6753302110061476e-06,1.831138427337081e-06,0.0,5.440139571146501e-07,5.806155420235278e-07,0.11950483781240778,0.09119653311588491,-0.0063468779440677275,7.050932181089556e-05
2023-07-28,1.045190905831484e-06,1.9687996183778104e-06,2.3680773697751683e-06,0.0,5.091989351100535e-07,7.704430810186547e-07,0.1378919070148458,0.0795399874243936,-0.0498944501867404,-4.571328098450202e-06
2023-07-31,-0.00023901782135234793,2.284111891575206e-06,2.7894653972391596e-06,0.0,9.216131130962617e-07,1.1662646388079498e-06,0.19730246726682835,0.145903809019783,-0.050028650299952473,-0.0002461792763930665
2023-08-01,0.0005817405648370156,1.766055703871866e-06,1.2158362615731728e-06,0.0,8.017858275928144e-07,7.035716571119819e-07,0.11332150696747344,0.10332116853498433,-0.014878869859828607,0.0005772533153868657
2023-08-02,-0.00023880817792107723,1.710404532481061e-06,1.0675512330056215e-06,0.0,5.616772505885166e-07,6.238752404754838e-07,0.09703705891537592,0.11941534872977685,0.014604308329895573,-0.0002427716861776279
2023-08-03,-0.00014911707001980098,1.828403441695045e-06,8.223186310491914e-07,0.0,7.054719111498421e-07,3.326400746930422e-07,0.08713061371762512,0.10591040724323669,0.0500268746948056,-0.0001528059040783881
2023-08-04,-0.00028242321608346136,1.6989855810435e-06,2.333192025390639e-06,0.0,1.04619957007357e-06,9.326258898728966e-07,0.11435360644510487,0.14576300566924044,-0.01091814382940616,-0.00028843421914984195
2023-08-07,3.942853785958178e-06,1.3864503423634037e-06,2.013001750770351e-06,0.0,7.589456743284272e-07,5.415747414869991e-07,0.13637977204429932,0.06350767538169769,-0.02747688118811812,-7.57118722991003e-07
2023-08-08,-0.0005813053370967788,1.4276557424026806e-06,1.287408863837661e-06,0.0,6.925361922193161e-07,5.308665796519831e-07,0.09270582026628348,0.06326236954118883,-0.02592321584034435,-0.0005852438044748905
2023-08-09,0.00010032020994316961,1.3468182966583289e-06,6.270865297953974e-07,0.0,5.542244115137235e-07,2.4443930451665706e-07,0.10605789482014702,0.09112542786795141,0.050059624709153074,9.75476414006855e-05
2023-08-10,-3.9390308124871945e-05,2.1349918791356017e-06,3.5247738872610966e-06,0.0,1.0640863842410775e-06,1.3065778538196468e-06,0.1821167415474125,0.18207579403995044,-0.037429285401750216,-4.742073812932937e-05
2023-08-11,-0.0002596707956278,1.7317211309535097e-06,1.0166467071970233e-06,0.0,7.992846870935536e-07,6.943540786297399e-07,0.1430064559099833,0.16662042145656505,0.049968936246768736,-0.0002639128022316738
2023-08-14,0.000766029316774756,1.5962294014056446e-06,1.6838191419140739e-06,0.0,6.58965435201593e-07,3.9142598703807387e-07,0.1140687874366651,0.1060373553691056,0.04027778954670917,0.0007616988768091966
2023-08-15,-0.0006692381053998499,1.6316816652094408e-06,2.4641960087993327e-06,0.0,8.394105810908826e-07,1.0040458496796017e-06,0.1849285532305358,0.21884408749540335,0.05016438474923031,-0.0006751774395046292
2023-08-16,-0.000653231547750916,1.0314688549095964e-06,1.5612586781855447e-06,0.0,4.3984408121625316e-07,5.791816625321308e-07,0.1180561488973651,0.14727869033495156,0.049976171029553554,-0.0006568433010277595
2023-08-17,-0.000175366188243982,1.236308612076852e-06,1.200829368377159e-06,0.0,5.185472257050201e-07,5.617576087662434e-07,0.08564509309028974,0.1443222127443688,0.049946934471639906,-0.00017888363105890727
2023-08-18,-1.940267092634431e-06,2.0576585326958098e-06,2.229291741400461e-06,0.0,7.963580168561883e-07,2.95338528093401e-07,0.161845861881426,0.09965026696739158,0.05003339424770022,-7.318913911680292e-06
2023-08-21,-0.0001465826941013993,2.5489180641883113e-06,3.5103415239163012e-06,0.0,1.0034372225520697e-06,1.024402429846732e-06,0.21603153309518963,0.16747021573176396,-0.0046293924824870325,-0.00015466979334190272
2023-08-22,-5.8778161447532716e-05,1.1170196306807294e-06,1.5159989172913365e-06,0.0,4.208891312085746e-07,6.238342307263434e-07,0.11180088794101002,0.10544228467134341,0.0006381339093177313,-6.24559033574397e-05
2023-08-23,5.0773295569147814e-05,1.4060109984632229e-06,2.262427974549854e-06,0.0,4.2357229917186945e-07,1.1364394416608787e-06,0.12233932440335737,0.14106614709666,-0.0498556791023676,4.5544844855301986e-05
2023-08-24,0.0007199718912504862,1.7702241082894722e-06,1.1771849914586722e-06,0.0,4.957269535848243e-07,1.3411459319263547e-07,0.16606506344390282,0.07242951507373374,0.04989826341737098,0.0007163946406039606
2023-08-25,0.00018109624427579496,3.2371049619079943e-06,4.8690735328490775e-06,0.0,1.1638689090959074e-06,1.9643559666230134e-06,0.3023253909227757,0.3028925008346991,-0.027119301557967185,0.00016986184090531898
2023-08-28,0.00011802531278782577,2.4232033134799517e-06,3.0497668428559715e-06,0.0,7.941581549321139e-07,1.2015406327341148e-06,0.19235107299936172,0.15206007434006413,-0.04979875195926714,0.00011055664384382362
2023-08-29,-0.0007173073149148049,1.0601787170994266e-06,1.1895902997172057e-06,0.0,3.569626016807773e-07,8.752342228909746e-07,0.08316018347720032,0.0972362578515035,-0.049803091594180234,-0.0007207892807561933
2023-08-30,-0.0002280754901025097,7.046989698189467e-07,6.318486549018092e-07,0.0,3.043992634708269e-07,7.073282058435655e-07,0.05536475020873593,0.08188984628553102,-0.03694129229618796,-0.00023042376519654485
2023-08-31,-4.404744782689581e-05,1.6394090283620042e-06,8.32108412285613e-07,0.0,6.264575068555185e-07,4.261545774784734e-07,0.12802903546438169,0.12024915072258921,0.048655181706205634,-4.757157735187742e-05
2023-09-01,5.162080957458161e-05,1.3781489574372115e-06,1.6490825734746919e-06,0.0,5.435112354585757e-07,3.453928562042352e-07,0.09843268861219133,0.0840398798225264,0.02601387998021487,4.7704673952006896e-05
2023-09-05,-0.0005151673546231725,2.1352633320232956e-06,1.1925689333273e-06,0.0,5.872093884169804e-07,1.454066593961671e-07,0.1023470765367959,0.07432321873800098,0.04989489995944492,-0.0005192278029363363
2023-09-06,-0.0002886961164709418,1.8177557809463299e-06,2.1676309734110547e-06,0.0,4.578892113207683e-07,3.356109064788009e-07,0.14936798515927582,0.10637192916512515,0.0499892968766866,-0.00029347500334309877
2023-09-07,-0.00031165113816862945,1.8704491235744145e-06,1.3219917018945812e-06,0.0,4.5978098799336804e-07,5.276107652702105e-07,0.09297364986763527,0.13855026977637416,0.04991166121097877,-0.000315830970747362
2023-09-08,4.993993424961418e-05,1.8461199310950178e-06,2.950575024649244e-06,0.0,5.36706579710876e-07,6.142410828157452e-07,0.1560455165928374,0.07977754988452398,-0.023414952028521202,4.3992291631343296e-05
2023-09-11,-0.00019230491045933517,1.3436315833061637e-06,8.240091906322256e-07,0.0,5.152801399172784e-07,2.1825215106613634e-07,0.0841365417124512,0.046831330401783625,0.010164969022672728,-0.00019520608352425697
2023-09-12,-0.0003876417026359418,2.6467578035077604e-06,2.2326512774603107e-06,0.0,6.850619874747016e-07,6.968768229687491e-07,0.1724260362380805,0.15827739816868064,0.041202091909930794,-0.0003939030505273533
2023-09-13,0.00017592726587928274,2.190376629755239e-06,2.7602161678913685e-06,0.0,6.310561523019693e-07,7.537234894138535e-07,0.15749746004270332,0.10972027764501573,-0.016905268576511666,0.00016959189343992032
2023-09-14,-0.00026728031211568226,1.8670212268528343e-06,1.6769637171782604e-06,0.0,4.92842058394889e-07,4.882035810154013e-07,0.1279046907432723,0.07184604581389802,-0.010172155796689418,-0.00027180534269912365
2023-09-15,-7.128676807997164e-05,2.534954969849959e-06,2.272340697748044e-06,0.0,7.828566747725398e-07,7.419574888743077e-07,0.2045639966789115,0.17468520791300665,0.05003634978212298,-7.761887791121649e-05
2023-09-18,0.00011177968282774175,1.9183593526307436e-06,1.4406210288452843e-06,0.0,6.435516849497231e-07,5.30276582617723e-07,0.10291967218929284,0.1392456876506844,0.05015922177090697,0.00010724687417869828
2023-09-19,-0.00023341073119756314,1.7476536976853927e-06,2.0560380751842327e-06,0.0,5.352961585959829e-07,3.9975115954477145e-07,0.12781092780816847,0.09033869582350852,0.023180501019986907,-0.00023814947028857352
2023-09-20,-0.00017784089393093545,1.165418379397156e-06,8.746294962130592e-07,0.0,3.6612041397629104e-07,2.489141256599357e-07,0.08237827407937309,0.09181390660632158,0.04999633349545236,-0.00018049597634618188
2023-09-21,-0.0010749276850027024,1.0237373682214789e-06,1.1507078949402954e-06,0.0,3.9562417323998073e-07,2.3856078379938557e-07,0.0860724937389936,0.09018635186117759,0.05010814018288081,-0.0010777363152229035
2023-09-22,-0.00025487128559525816,1.5971173895733759e-06,1.4124224635878109e-06,0.0,5.492845451386686e-07,1.8265472651747212e-07,0.10229066375990165,0.08078550533215405,0.05009951127721873,-0.0002586127647200755
2023-09-25,0.00010858061553522902,1.408109583254858e-06,2.6753875412323973e-06,0.0,3.232354404842044e-07,7.596201283851428e-07,0.1151140333376522,0.08130623038473148,-0.046309951183972506,0.00010341426284187242
2023-09-26,0.0004959986784741745,1.6435830614609669e-06,1.1978523447516593e-06,0.0,4.298193234516973e-07,3.5941859002476994e-07,0.13198687711015236,0.07521918010148307,0.014836856977321731,0.0004923680051544854
2023-09-27,-0.0004220325522084269,2.438109734114789e-06,2.721070621188146e-06,0.0,1.0131410285965389e-06,1.1101849750546501e-06,0.13478083792571496,0.136543567148542,-0.049967508660639315,-0.000429315058567381
2023-09-28,3.354039091773421e-05,2.270093441861752e-06,1.597913450107405e-06,0.0,9.066970915654031e-07,4.367748107631244e-07,0.14755992125980244,0.06017202680229011,-0.013206141405914777,2.8328912123436528e-05
2023-09-29,0.0002630838885509476,1.8702044664929285e-06,1.7822903813007774e-06,0.0,6.617862076029711e-07,6.67950329146598e-07,0.09815923195796455,0.07351710914921394,-0.03869854614741449,0.00025810165716640436
2023-10-02,0.0008880417495501649,2.770715261026526e-06,2.7411012113970274e-06,0.0,9.254598113836534e-07,1.2305568781802833e-06,0.2417402884625799,0.2227162548817075,0.0159826993474199,0.0008803739163881774
2023-10-03,-0.00020721782265629854,2.0552522257048354e-06,2.1989498829245074e-06,0.0,7.528803036875892e-07,3.795500034079875e-07,0.18051438660800853,0.10197687059484345,0.038212470022301555,-0.00021260445507202347
2023-10-04,0.00032242661333965365,1.2299406339999402e-06,2.4672862344953477e-06,0.0,3.130592787991823e-07,5.997824630987777e-07,0.126174194428339,0.06787660186170397,-0.03288685193889068,0.0003178165447292604
2023-10-05,-4.4286805338524704e-05,2.128149003898069e-06,1.5837670101716137e-06,0.0,7.774499475146399e-07,5.385965360828151e-07,0.144881940365543,0.101967406215722,0.011483188153809103,-4.931476783619184e-05
2023-10-06,-0.00018954444433849394,5.309530472863382e-06,6.469672934929278e-06,0.0,2.2440612532938194e-06,2.35205727538351e-06,0.43135207613010407,0.34501955112333105,-0.05012607114109857,-0.00020591976627496394
2023-10-09,0.0020167201069780224,3.29747026725617e-06,4.386635217090125e-06,0.0,1.6056252243711768e-06,1.1236904442162407e-06,0.3052157224818881,0.13902375651759905,-0.04975623811072938,0.002006306685825089
2023-10-10,-0.0003746521616444019,1.6836433211745008e-06,1.6859821431108209e-06,0.0,5.459782002259806e-07,1.3526172759826044e-06,0.12196110571676892,0.17723103182803907,-0.050008670537038495,-0.00037992038258489585
2023-10-11,5.922602924223624e-05,1.436421800760705e-06,1.835260740103607e-06,0.0,5.249373445640607e-07,9.129014693051959e-07,0.13250472450681794,0.10333150911411099,-0.05003593772916189,5.4516507887502675e-05
2023-10-12,0.00044668529066457357,1.4735103901629661e-06,1.1395394015219681e-06,0.0,4.159326618839946e-07,3.1017927635908285e-07,0.11924573876697864,0.0541425056320012,0.002032387203675286,0.0004433461289346456
2023-10-13,0.0001688908863834115,2.871291637998729e-06,4.416168369830227e-06,0.0,1.3189416177618664e-06,1.722845240781595e-06,0.3562592645613929,0.3396342561301351,0.050196255678827045,0.00015856163951703909
2023-10-16,0.0008547042316254571,3.0248483487838607e-06,5.676823115100762e-06,0.0,1.4558271737425265e-06,8.755809457303248e-07,0.3726526858363788,0.12828207353705426,-0.018815525345640335,0.0008436711520420996
2023-10-17,0.00023513974224088384,2.934803848193108e-06,3.465209126536028e-06,0.0,1.3619679265786698e-06,1.0703549866258624e-06,0.2157103426484261,0.12998166092242613,-0.049837976830718694,0.00022630740635295018
2023-10-18,0.0005030646789494385,2.6893964009585394e-06,1.6158178350343619e-06,0.0,1.0975646073301416e-06,7.242352641983959e-07,0.19429567072335746,0.17184453726300836,0.05017301287767785,0.000496937664841917
2023-10-19,-0.0007738108569533504,1.9061622021000873e-06,2.30603223616692e-06,0.0,1.0428924251914347e-06,1.2176009411784323e-06,0.12490548939510165,0.20817764841882624,0.0036206903008495633,-0.0007802835447579873
2023-10-20,0.00024456598040222775,2.419161693374983e-06,1.5299442711552348e-06,0.0,1.085828419245464e-06,6.276826670489758e-07,0.1473099027098152,0.15559063846806803,0.05013995040384006,0.00023890336335140308
2023-10-23,0.00043119067010938836,2.738074494119938e-06,2.275413140885325e-06,0.0,9.500677807652366e-07,2.882038645287415e-07,0.16659464423641776,0.09860805718858467,0.05018980794775603,0.0004249389108290891
2023-10-24,0.000578170422171355,4.599641755277975e-06,4.282242637119294e-06,0.0,1.4298878230747359e-06,1.1929713662898965e-06,0.27872000700487504,0.21104775009958454,0.010628560562881889,0.0005666656785895931
2023-10-25,0.0012175434159128256,3.8875034912926775e-06,3.975025768044084e-06,0.0,1.6015963851513686e-06,5.009823067466733e-07,0.3046099647972734,0.13403999851302456,0.04987497097958345,0.0012075783079615909
2023-10-26,-0.0001666115909355494,2.1413381619402976e-06,1.813845619104812e-06,0.0,9.75446061572816e-07,4.6185492899075036e-07,0.1250425273807849,0.12762511344732544,0.050033485376879384,-0.0001720040757071581
2023-10-27,4.2453609705989176e-05,3.773172723812638e-06,5.111513512761612e-06,0.0,2.164191604608793e-06,2.0432632190121885e-06,0.35897389180701444,0.3932146682929545,0.049946447498906726,2.9361468645793944e-05
2023-10-30,0.001268110470710173,4.376865296293461e-06,7.819892014382922e-06,0.0,2.8175746844676583e-06,1.474920760369317e-06,0.5272560469279366,0.2202375814415094,-0.027549106300535878,0.0012516212179546596
2023-10-31,1.3696817732556204e-05,2.161717498379506e-06,2.2673457767293173e-06,0.0,1.2649871236376603e-06,1.1648794828894265e-06,0.1432328028037403,0.14933475278726782,-0.046365000338155826,6.837887850920294e-06
2023-11-01,-0.00013827606032887986,2.1295078821258777e-06,2.373708169417316e-06,0.0,1.0435748658176723e-06,1.522568147172951e-06,0.17036490869043747,0.20566482671690928,-0.05012662200814649,-0.00014534541939341367
2023-11-02,-0.001573050847747827,2.9882039621016315e-06,2.2868893674707125e-06,0.0,1.4654787988871977e-06,1.3580432845338182e-06,0.1624045522197345,0.1781512718016815,-0.049999999999999996,-0.0015811494631608203
2023-11-03,0.0007126948565442302,2.3336900109417907e-06,2.372535185522298e-06,0.0,1.3516620643463883e-06,1.8255744116528877e-06,0.17312253330239363,0.25670719688792976,-0.04998930426975533,0.0007048113948717669
2023-11-06,-0.0005188785861634784,3.0349536949010433e-06,4.189203103256781e-06,0.0,1.3259439250804163e-06,8.983889653407412e-07,0.3008882406386001,0.10820487663835544,-0.0427244695388891,-0.0005283270758520574
2023-11-07,-0.00010076955716448389,2.263039717362371e-06,2.6180889540119833e-06,0.0,1.0430392248058957e-06,1.0992574893658668e-06,0.21619384745728645,0.16546909821489292,-0.019206159998572676,-0.00010779298255003
2023-11-08,-0.0004152806867094362,2.134308612513081e-06,1.5676006019319389e-06,0.0,8.413977456148058e-07,2.4562169842731395e-07,0.16718666439361685,0.09116374964244855,0.0498993043066598,-0.0004200696153679233
2023-11-09,-0.00024309269528292513,1.674914696722353e-06,2.3957732231601074e-06,0.0,7.238471534213122e-07,4.159328014415816e-07,0.12653950249596763,0.06913357814114657,-0.0007431325010391482,-0.0002483031631576705
2023-11-10,9.939289385770538e-05,9.87433353730567e-07,1.8239709446796098e-06,0.0,4.614370843434965e-07,7.538053749303923e-07,0.10208194776432322,0.08554984211831443,-0.04108946086999149,9.536624710002132e-05
2023-11-13,0.00023081144123747072,1.5041454581035132e-06,1.3299897348998118e-06,0.0,6.521109450841671e-07,4.0065897618386214e-07,0.15045189790953062,0.09513536757723301,0.027824659578344152,0.00022692453612319937
2023-11-14,0.0008106994443481339,2.162316303527164e-06,3.481090880380302e-06,0.0,1.0511865200601743e-06,9.802428873110294e-07,0.2349618630559162,0.1619894355225662,-0.0026913695456868003,0.0008030246077568552
2023-11-15,0.00022763913874255455,1.493792376047109e-06,1.987889690632357e-06,0.0,8.91938047068368e-07,1.0323867158085593e-06,0.13096422890585774,0.1547353796524833,-0.01870558860335464,0.00022223313191299817
2023-11-16,1.6299719579523318e-07,2.6135947274902143e-06,2.9585277733920894e-06,0.0,9.450930457198514e-07,1.118775361578892e-06,0.18092199027853123,0.1381142947382249,-0.04983996600702894,-7.472993712385814e-06
2023-11-17,-0.0001389709638225379,2.6949127075265405e-06,1.9507072151140545e-06,0.0,9.504360371922295e-07,9.22834993543445e-07,0.13059367661263266,0.10515979278801438,-0.049876486127284375,-0.00014548985477591417
2023-11-20,-0.00021184217049363062,2.9618863143255407e-06,2.309453465257804e-06,0.0,8.9411720653025e-07,1.2793426081086141e-06,0.19225295506796064,0.18990934059594594,-0.025020217566301253,-0.00021928697008785284
2023-11-21,0.0003738128832830372,1.3628490908914356e-06,1.9105261721183003e-06,0.0,4.925407712343055e-07,5.83896070165472e-07,0.14519337635366253,0.08608969301427002,-0.012004846773529273,0.0003694630711786277
2023-11-22,-0.00021831346019819358,9.82860390416803e-07,1.5976734591609019e-06,0.0,3.7644371998988764e-07,9.428509501301428e-07,0.09308440063157904,0.11668792059390674,-0.04171103902795723,-0.0002222132887178913
2023-11-27,0.0003847995851014579,2.1047859929180615e-06,1.1604640468817064e-06,0.0,8.915651744987159e-07,2.849853503948653e-07,0.15610532781362757,0.09543965173565602,0.047562112869318635,0.00038035778453676455
2023-11-28,6.452656220877358e-05,1.936230448811943e-06,1.8245332977918088e-06,0.0,8.652961860460557e-07,5.446820005656151e-07,0.13393225874794984,0.14178187088737537,0.050275294792352015,5.935582027555816e-05
2023-11-29,-0.00013834226662648986,2.1690596588288273e-06,2.5297209362018817e-06,0.0,7.631714535206697e-07,8.713990098544384e-07,0.10917692865087683,0.11843601227291217,-0.027959021382633474,-0.00014467561768489567
2023-11-30,9.78444087857604e-05,2.628574773047474e-06,2.9832375400330435e-06,0.0,1.1235609511500289e-06,9.864884802290834e-07,0.19518980210835135,0.11579125024984362,-0.04993881442864249,9.012254704130077e-05
2023-12-01,4.3684871072890675e-05,3.327278800341787e-06,2.9177604541031383e-06,0.0,1.1217509121923513e-06,1.1283756798101585e-06,0.2046655868672285,0.13984303127004521,-0.04972408293806142,3.518970522644324e-05
2023-12-04,0.00022122653190099987,1.993603261349927e-06,2.18732193054489e-06,0.0,7.534413392446267e-07,6.906639047909372e-07,0.1951714172764215,0.11510811675870633,-0.000923419246171106,0.0002156015014650695
2023-12-05,0.0004984786369003848,1.3991735884493472e-06,1.2538626988262508e-06,0.0,6.508041077984995e-07,5.265549713889071e-07,0.10213138282303955,0.10192427363302009,0.013463038439683703,0.0004946482415339218
2023-12-06,0.00012229865914800626,1.0094137328078747e-06,5.861159577314186e-07,0.0,3.7293605408800035e-07,4.143819797232909e-07,0.06352467137281109,0.11289400028370047,0.043277827690187606,0.00011991581142365568
2023-12-07,0.0003422155446498678,1.4448541794278188e-06,3.116274185381667e-06,0.0,4.79665597215341e-07,7.989023477727323e-07,0.1629110218959084,0.09277738425670268,-0.04143821016911635,0.0003363758483400702
2023-12-08,-0.0003063898745835122,1.6253724275886472e-06,7.018878615840497e-07,0.0,6.7031142533357e-07,5.704497243253206e-07,0.1095292696804971,0.12882290160757237,0.03298734792091852,-0.00030995789602234375
2023-12-11,0.0005420418489729406,1.5027585988320572e-06,1.9242532224631202e-06,0.0,6.204892984576153e-07,3.643872193007113e-07,0.11245177239485034,0.06194991653278761,0.0007328636902681311,0.0005376299606338871
2023-12-12,-0.00021078884270128826,1.2037721680704025e-06,1.769430762709994e-06,0.0,3.869590982594717e-07,8.881585251538997e-07,0.09926724609858081,0.1132122488574755,-0.03599838336837963,-0.00021503716325548203
2023-12-13,-0.00018540001775144076,1.5270289828173805e-06,1.587182473015595e-06,0.0,6.361204420494976e-07,8.08615034121496e-07,0.09865859196118686,0.08602132366015461,-0.04982600207225672,-0.00018995896468344473
2023-12-14,-0.0006050032149554395,1.7032606901421874e-06,1.4576225297545337e-06,0.0,5.865442056776107e-07,1.0255040780356185e-06,0.10336098806575975,0.12233851108258967,-0.04994617402739429,-0.0006097761464590494
2023-12-15,-2.340722309092291e-05,2.8430054422021963e-06,3.352326501672126e-06,0.0,9.896475410304015e-07,1.0684864805093312e-06,0.23330969013764802,0.12964884546042296,-0.04985688326514485,-3.1660689056336964e-05
2023-12-18,0.0003566912663720915,2.202772237867484e-06,2.7712114067521423e-06,0.0,8.951514446390344e-07,1.2046007962494722e-06,0.21715883700532737,0.16079443361366524,-0.0415785001562461,0.00034961753048658336
2023-12-19,-0.00031193471958699935,1.761863092367543e-06,1.2831347667989627e-06,0.0,7.049541707821914e-07,1.0307465885047678e-06,0.08102124257198576,0.12313075179694806,-0.05003467507185294,-0.0003167154182054528
2023-12-20,0.0007082171371941528,1.2836947244748738e-06,8.580903479946529e-07,0.0,3.7562757950153164e-07,1.91488429803793e-07,0.14264179076531064,0.08200328593792655,0.049833229730889404,0.0007055082361123779
2023-12-21,0.0005477188854996391,1.007198908702767e-06,1.8436918523391712e-06,0.0,3.4911121049879994e-07,5.03382004902374e-07,0.07682729551923229,0.06748908540094271,-0.017079091422656144,0.000544015501523196
2023-12-22,3.497713316458396e-06,7.4192936590705e-07,1.1094379270128742e-06,0.0,3.6391870175920716e-07,5.747509252512628e-07,0.07498041712877701,0.07032337972883859,-0.026234775713373584,7.076763965280017e-07
2023-12-26,-0.00010666016139383841,1.0595888716671782e-06,1.8691655647578438e-06,0.0,3.446095111323856e-07,1.256435805029434e-06,0.12271194180374687,0.16125987164995126,-0.04982134359499367,-0.00011118996114642525
2023-12-27,-0.00023129921795576796,1.958227022790762e-06,3.2350867060622218e-06,0.0,7.567222533912222e-07,1.0180534342890274e-06,0.23090090362590737,0.12114316138390702,-0.04988981557664962,-0.00023826730737230118
2023-12-28,-0.0002640349078289457,1.9528736651933696e-06,1.5919182886069658e-06,0.0,6.562678471365886e-07,5.760839664298082e-07,0.1630104093023197,0.10276058786764591,0.005978481507438172,-0.00026881205159631246
2023-12-29,3.087846497583351e-05,1.7023416449677433e-06,2.2551733417367905e-06,0.0,5.712675110450693e-07,5.744579145951545e-07,0.15143911901260904,0.09251451999385424,-0.003994409658131751,2.5775224563488752e-05
2024-01-02,-0.0005636265200985825,3.047591048635673e-06,3.742718213690412e-06,0.0,1.057310620178958e-06,1.6014382029575687e-06,0.27418809382283227,0.27946740322708336,0.01042578513021189,-0.0005730755781840451
2024-01-03,-0.0006289718308740712,2.172835025477792e-06,1.2745840109402985e-06,0.0,7.515741287579989e-07,9.664814250201643e-07,0.1265141452402035,0.21233234218710412,0.04996346278371651,-0.0006341373054642675
2024-01-04,-0.0003243041311241995,2.7413534150532036e-06,4.379351273999713e-06,0.0,1.1539571727861636e-06,7.436895454817343e-07,0.33100685165698984,0.17498469143168888,0.05004484779075756,-0.00033332248253152027
2024-01-05,-0.00015386704178008508,2.6102671765696535e-06,2.9022613577498842e-06,0.0,1.0811215976979365e-06,4.5462510124745073e-07,0.1954747546621644,0.11901012589666268,0.04263310888709095,-0.00016091531701335
2024-01-08,0.000607462126338554,1.8197333205462614e-06,2.705826738630425e-06,0.0,7.760051272232145e-07,4.97458547740753e-07,0.14888870383349573,0.06356558727610151,-0.020007448744345,0.0006016631026044134
2024-01-09,-0.00011667265502405351,1.0773909202242993e-06,1.918621072007016e-06,0.0,4.742188378630777e-07,7.13512864001758e-07,0.1150589133738215,0.07153936727154524,-0.04833079388075007,-0.00012085639871814967
2024-01-10,-0.00035838222921673833,1.2506236578646723e-06,1.3750771383990517e-06,0.0,4.4840983609130863e-07,7.577809653920824e-07,0.0982994929546871,0.07735683672812958,-0.04995036545774027,-0.00036221412081448545
2024-01-11,-6.83510192416215e-05,1.8890979959533725e-06,2.1764341904617733e-06,0.0,6.693700618310668e-07,1.0128953143633539e-06,0.15864843717022786,0.12718186020887068,-0.042984552604172714,-7.409881680423107e-05
2024-01-12,-0.00017166570999808608,2.6849945183999176e-06,2.34042258663274e-06,0.0,1.0025466911689365e-06,1.1965667718840989e-06,0.16135576679256822,0.15121065761311253,-0.04981256006341617,-0.00017889024056617176
2024-01-16,4.111701385156534e-06,3.0491764788660628e-06,3.471586776105126e-06,0.0,1.378575619836018e-06,1.4906905535956244e-06,0.24475675394100949,0.20067554758837403,-0.04976046541569108,-5.278328043246298e-06
2024-01-17,0.00040493569701822654,2.0447986297220934e-06,1.6010080615373671e-06,0.0,8.652286551692644e-07,1.2005746998095655e-06,0.1840886175923419,0.235834023952193,0.03413747438418609,0.00039922408697198826
2024-01-18,0.0006171550988761487,1.4228706327638841e-06,3.192396696597422e-06,0.0,7.559842862828586e-07,6.210895638230077e-07,0.21580247235647804,0.10617900672074838,0.0018359599984831172,0.0006111627576966815
2024-01-19,0.0002310732183440214,1.0157734315682564e-06,2.0174496407713717e-06,0.0,4.7536426542234646e-07,8.827229939686574e-07,0.10615662867844013,0.09810174297569967,-0.05019572001103479,0.00022668190801229077
2024-01-22,-0.00012397815658685864,1.929415875171037e-06,2.7519259523425985e-06,0.0,7.046523839355809e-07,1.4904961509155916e-06,0.2071879796690609,0.20023920486107463,-0.050164148492744795,-0.00013085464694922346
2024-01-23,-3.124603694861151e-05,1.7016140261379982e-06,1.590227380922827e-06,0.0,6.484211585440542e-07,1.4064632346118621e-06,0.113196298449768,0.18637080525487226,-0.04991501815992059,-3.659276274882825e-05
2024-01-24,-3.713091401476253e-05,2.2589674879352084e-06,1.7910220046109344e-06,0.0,1.1360561801302117e-06,1.413840821006144e-06,0.17901266679979216,0.25166072322492955,0.01413546529589739,-4.373080050844503e-05
2024-01-25,0.0005240708465143528,2.2198258988179344e-06,3.7176580187746023e-06,0.0,9.578270146084326e-07,9.096609255082475e-07,0.2124556468533077,0.10284856641006275,-0.04997446907532286,0.0005162658746566436
2024-01-26,0.00010700552794070736,2.4159397709882982e-06,2.1220623100193406e-06,0.0,8.457452731113804e-07,7.808955819835247e-07,0.1881557183695225,0.12675255273710723,-0.004437905036124956,0.00010084088500460481
2024-01-29,0.00028528059362672336,1.9095991435156185e-06,2.9996170308017025e-06,0.0,8.481164101232865e-07,9.380623862587361e-07,0.18402825776457143,0.10771204964346948,-0.049882431247998175,0.000278585198656024
2024-01-30,0.00011652871727072184,2.38145539375974e-06,1.666002516282694e-06,0.0,7.218137935601561e-07,5.200991161067631e-07,0.19648535140829337,0.13741608500553001,0.05003943349959379,0.00011123934645101249
2024-01-31,-0.0006088655633966938,2.4051894085239314e-06,1.7274616820447239e-06,0.0,8.195485368012386e-07,3.750245181394111e-07,0.12154599170140479,0.11299361160663482,0.04998949255921375,-0.0006141927875422031
2024-02-01,0.0011243733415896768,1.8668012249196523e-06,3.012779272359749e-06,0.0,6.340158371789235e-07,6.557097076480867e-07,0.14946145969401498,0.07640882879173452,-0.033750402093144054,0.0011182040355475703
2024-02-02,0.00011244290230801938,3.2813730079554282e-06,3.886959758370514e-06,0.0,1.298599549369483e-06,1.910690059670558e-06,0.3019731539276337,0.30150507311742225,-0.019490856907231596,0.0001020652799326534
2024-02-05,-0.000552963630820005,2.885540931322376e-06,3.14178622219137e-06,0.0,1.0120087363933364e-06,3.294460486838329e-07,0.27833727076757997,0.1045737663023458,0.049226830123461844,-0.0005603324127585959
2024-02-06,0.00026571371633370036,2.488913199495173e-06,3.5299380064370015e-06,0.0,8.614156281945551e-07,1.1156885422887386e-06,0.1697174505637474,0.13759983537634454,-0.049835839728163564,0.0002577177609572849
2024-02-07,-0.0005073134239853331,2.0955989707995065e-06,1.9781294644600883e-06,0.0,7.694374215396955e-07,1.0779544340788285e-06,0.14593144885851753,0.13364083386873143,-0.04745551105651175,-0.0005132345442762112
2024-02-08,7.624068007459445e-05,2.6137792141432867e-06,2.847208437808542e-06,0.0,1.0158853467633883e-06,9.501341982638605e-07,0.19410483446601037,0.10960090217970468,-0.050021643128623894,6.881367287761537e-05
2024-02-09,-5.3317268858999244e-05,2.0038495575964207e-06,1.4698813015898023e-06,0.0,7.649073513149156e-07,8.727857606383604e-07,0.10422928633266812,0.09661796191131525,-0.05001004587592929,-5.842869283013874e-05
2024-02-12,9.255606043105648e-05,1.999462769561846e-06,1.5438355731903521e-06,0.0,1.1281415778485508e-06,7.448568998662398e-07,0.16121091388421346,0.13812191431899515,0.012985955141466839,8.71397636105895e-05
2024-02-13,-0.00038783845746488726,4.094587338299345e-06,8.074963497218476e-06,0.0,2.7072198705890496e-06,2.667951884368089e-06,0.6181149139550978,0.4983737603775479,0.05015784380370891,-0.0004053831800553622
2024-02-14,0.0008814445437811935,1.8644637553293887e-06,4.3581140995343374e-06,0.0,1.4393687283584919e-06,1.6697378667305172e-06,0.30154427227811165,0.2958077714451449,0.015291809834418163,0.0008721128593312407
2024-02-15,0.0004415372628016758,2.649504780793624e-06,4.468709367381823e-06,0.0,1.2492227239079164e-06,1.1876773752711101e-06,0.28035748298054475,0.15214229843626154,-0.04738750060928487,0.0004319821485543213
2024-02-16,0.00031422193576398334,1.992368307168105e-06,1.8348964232595256e-06,0.0,1.1393839939166342e-06,6.215618232313213e-07,0.18787279313298044,0.12423280396774909,0.019810417664887142,0.00030863372521640776
2024-02-20,-1.3206983713691155e-05,2.473082081220566e-06,3.3303701590599727e-06,0.0,1.1522206299453914e-06,1.4753058705293698e-06,0.2394559769859304,0.2705186699628226,0.02266728371388832,-2.1637962454446452e-05
2024-02-21,0.00042769723350101415,4.51740782347808e-06,6.139669916340261e-06,0.0,2.0877307772151867e-06,3.2456233534625975e-06,0.3766148395161801,0.49569983458951017,-0.04956488879220608,0.000411706801630518
2024-02-22,0.0007334513592720547,5.670274452291994e-06,8.378133887971905e-06,0.0,3.2350789368167134e-06,1.5573047908263456e-06,0.6337436797844196,0.21143221638733653,-0.0501949884714895,0.0007146105672041478
2024-02-23,0.0007716737584263848,2.2054648254054837e-06,2.1196657521555064e-06,0.0,1.4959979896502096e-06,7.154153241120808e-07,0.19470719711657086,0.12278594241183813,0.0025961679610085747,0.0007651372145350615
2024-02-26,3.623074470905177e-05,2.3398653524416764e-06,1.727903262718188e-06,0.0,9.352693359622755e-07,2.909544821565512e-07,0.1594167994467261,0.09915497716399396,0.05027462416169338,3.093675227577308e-05
2024-02-27,0.00035825938765923944,1.4418427092351265e-06,1.7374591622281974e-06,0.0,6.345300733438065e-07,3.7921636967223583e-07,0.09435841747492994,0.08367780652601743,0.019969456421081833,0.0003540663393447601
2024-02-28,-0.00016720287141959661,1.8426599565887823e-06,2.8492058535692524e-06,0.0,1.1368525145660918e-06,1.1473894260954206e-06,0.158944861608541,0.15418652009866657,-0.03857490348536394,-0.00017417897917041617
2024-02-29,0.00013162225940481772,2.6220771487205785e-06,3.7676522893227577e-06,0.0,1.2848311504326889e-06,1.571418267535153e-06,0.2690760330880709,0.21427501571095448,-0.04972325323495129,0.00012237628054880654
2024-03-01,-0.0006978699799062244,1.977493787909631e-06,2.2476243948793643e-06,0.0,1.0462390696005898e-06,1.2409028084003938e-06,0.16484566406526266,0.1585996131839159,-0.04987205862735023,-0.0007043822399670143
2024-03-04,0.0002631317901992204,3.4536452761713838e-06,2.3029046551416494e-06,0.0,1.3081815849270417e-06,5.392216963184633e-07,0.23799996186090272,0.14069908276895693,0.050109837787455064,0.00025552783698666186
2024-03-05,-0.0009232697308354803,5.274759589850038e-06,6.522970774761995e-06,0.0,2.0857912868367444e-06,1.9587615646206804e-06,0.42025701376178826,0.33184808963779033,0.0027761467815160257,-0.0009391120140515498
2024-03-06,-0.00010869656366438389,3.0991396356847258e-06,5.6743646956663276e-06,0.0,1.5714825451921753e-06,1.260272268433681e-06,0.3880583289723408,0.161776048791612,-0.049949692305246485,-0.0001203018228093608
2024-03-07,-0.0005061959503142279,1.9841281064724846e-06,1.9390430188674604e-06,0.0,9.457053151635856e-07,1.2520161322420961e-06,0.15371087622397406,0.17845736924188813,-0.03188134097478394,-0.0005123168428869735
2024-03-08,0.0001534300084086104,2.167876905537456e-06,2.5519018018400108e-06,0.0,9.356372536831906e-07,8.402990831651397e-07,0.23272920391942464,0.17293458907325449,0.03176434310151102,0.0001469342933643846
2024-03-11,-6.440026597393783e-05,2.8339773356491355e-06,3.197079041332093e-06,0.0,1.4943077507687053e-06,9.112970872718775e-07,0.20502310588528933,0.14855057299501467,-0.004547337666660758,-7.283692718895963e-05
2024-03-12,0.0003197202105458959,2.9409808193509337e-06,2.801492383154222e-06,0.0,1.1604948046367498e-06,8.13696392058564e-07,0.18871586200951768,0.11671033418352686,-0.019990659682311895,0.0003120035461466954
2024-03-13,-5.76116220950549e-05,2.243411331015904e-06,2.4750384444820665e-06,0.0,9.59634248584208e-07,6.681050255318021e-07,0.21246472417688742,0.13676878213107996,0.024527137841737188,-6.395781114466889e-05
2024-03-14,-0.00044352268395005925,3.253145929054939e-06,5.3316181438458405e-06,0.0,1.6102347838751067e-06,2.197289877803464e-06,0.33583936769980666,0.33701744220747964,-0.032127257263502046,-0.0004559149726846386
2024-03-15,-0.0003596838039403941,2.773423703214665e-06,2.4548474056931987e-06,0.0,1.5144948879553594e-06,1.8584848957237865e-06,0.2351675711692189,0.3591451253713675,0.04691966288977126,-0.0003682850548329811
2024-03-18,0.0007968292463350665,2.9300975619963518e-06,4.876046048100702e-06,0.0,1.459504023520868e-06,9.327998620335301e-07,0.3624536651372441,0.19564302765131977,0.03893265082968676,0.000786630798839415
2024-03-19,0.0002976844364307861,1.8736445079376658e-06,2.755039283589737e-06,0.0,8.07522178749256e-07,7.605957725596379e-07,0.14784686631687205,0.10301127300096088,-0.024768816789058345,0.0002914876346879498
2024-03-20,-0.0002999328893765986,2.0188793883034725e-06,2.8383811470212094e-06,0.0,7.002703168229688e-07,1.4096017250040876e-06,0.19104285864296588,0.18687085225025651,-0.04994223755043012,-0.0003069000219537504
2024-03-21,-0.000440413017793626,2.872487565093637e-06,2.2698757748705547e-06,0.0,1.2660097008627887e-06,1.5044259936290292e-06,0.22976548913400482,0.2786183914991238,0.025874824569446953,-0.000448325816828082
2024-03-22,-0.00035397631075760974,2.7696909598832676e-06,3.086808557968507e-06,0.0,1.2333046327644682e-06,7.086553680109986e-07,0.23806033449412461,0.16908075887915647,0.05002665705330869,-0.000361774770276237
2024-03-25,4.715284689801893e-05,2.638800327828305e-06,2.897706795873524e-06,0.0,1.1487107344353742e-06,6.32822476715358e-07,0.20349935738193306,0.15635795162781774,0.050043775539637646,3.9834806563166365e-05
2024-03-26,-3.583746256603706e-05,2.770932217465661e-06,2.814488451140217e-06,0.0,1.3718693523602524e-06,2.9340282482385743e-07,0.20405226218520747,0.0994381234888003,0.05014644891839222,-4.308815541182705e-05
2024-03-27,0.0012598394157361712,1.9577888840994498e-06,3.2578770584831867e-06,0.0,6.974145922771376e-07,1.0977669282167898e-06,0.1487311123501795,0.13472281505011838,-0.04970202889030242,0.0012528285682730947
2024-03-28,-0.00024395704513737184,2.278297890406187e-06,2.4030389402761784e-06,0.0,8.690350198187078e-07,1.3550738282269687e-06,0.19666524924249207,0.20088570197393257,-0.026766701168198202,-0.00025086249081609986
2024-04-01,0.00020088923060051123,2.774280440054099e-06,3.335360410618394e-06,0.0,1.097361270351254e-06,5.91325348736324e-07,0.30251586132101294,0.14938362097812502,0.05004096239042267,0.00019309090313075116
2024-04-02,6.652845124280236e-05,1.2828190012138659e-06,1.7234163838602104e-06,0.0,6.212711503382601e-07,5.298624870637811e-07,0.12463425035382222,0.13919682548612788,0.05017992765941266,6.237108222032624e-05
2024-04-03,-0.0003667699758323088,2.494323463595017e-06,3.3518557868593077e-06,0.0,1.339388836973197e-06,8.488298965692872e-07,0.24784633233841946,0.19271202032105625,0.050108597697415935,-0.0003748043738163056
2024-04-04,1.943766447708851e-05,3.932011791335705e-06,5.684027774898882e-06,0.0,1.965489349282092e-06,1.5838494493877345e-06,0.3531725692820513,0.25465886091148743,-0.011427846585651949,6.2722861121840955e-06
2024-04-05,0.0005902396687044761,1.2983962079810543e-06,2.095917178334843e-06,0.0,5.285312771427931e-07,1.1297915152831671e-06,0.1396360371960691,0.1585826772163554,-0.031222297351216635,0.0005851870325257343
2024-04-08,-0.0002739175765459823,3.216094460602594e-06,4.3569965685369895e-06,0.0,1.4508768385561927e-06,1.7038618071409918e-06,0.3101014493430659,0.23636554541751903,-0.04988323818216759,-0.00028464540622081906
2024-04-09,-0.000674615724554703,5.19159158244689e-06,6.723864280262684e-06,0.0,2.6429310688615894e-06,2.3629693555717387e-06,0.47273380295827716,0.3468870837729051,-0.05009176796314688,-0.0006915370808418459
2024-04-10,0.0031758060395026535,4.2590567956419964e-06,4.562354953893206e-06,0.0,2.146240665205409e-06,1.1597643589024183e-06,0.33436135670842454,0.1457164672529705,-0.04912394504263576,0.0031636786227290103
2024-04-11,-0.0005549222539631108,4.402245283326388e-06,7.623564043307776e-06,0.0,2.8035609562112966e-06,3.2850687290165765e-06,0.5800292662117411,0.5019180197309483,-0.04997352674383643,-0.0005730366929749728
2024-04-12,0.0016844403413049471,3.6846326553113954e-06,6.2146764028514525e-06,0.0,2.2066193772035594e-06,1.0244437518480942e-06,0.48779028009421577,0.17270975794230947,0.0006032076318297228,0.0016713099691177326
2024-04-15,0.00047061997415524174,2.4685231749883152e-06,3.135539520943685e-06,0.0,1.4064460928500663e-06,1.4135296719057684e-06,0.20958709346082824,0.22774087410220176,-0.009732110777967228,0.0004621959356945539
2024-04-16,0.0008479156276037094,3.957731171770388e-06,3.050406250544362e-06,0.0,1.9706210630462976e-06,1.2679629342155752e-06,0.27271995460416343,0.2635644054513542,0.050546632503137574,0.0008376689061841328
2024-04-17,-0.00026728163683952124,3.3917765689248435e-06,2.9954033268112726e-06,0.0,1.4456699302160916e-06,5.241644854905176e-07,0.21551730699408866,0.13817733422899348,0.05011770066658644,-0.00027563865115096397
2024-04-18,-0.00012416970456296427,4.150243419046532e-06,5.05638313353114e-06,0.0,2.253133235797109e-06,1.6177133956032977e-06,0.3728608102055289,0.3220241259672227,0.050248275505868634,-0.00013724717774694234
2024-04-19,-0.0010616278512555638,4.649868664250693e-06,7.336818572339651e-06,0.0,2.389068830528351e-06,1.5450464046842396e-06,0.5207037333444317,0.3079523990161103,0.04838460302915798,-0.0010775486537273667
2024-04-22,0.001201241467011894,3.233429840143332e-06,7.261843113419817e-06,0.0,1.8563494425854888e-06,1.944793572966474e-06,0.46721460251097113,0.2764621586640898,-0.05026316159427776,0.001186945051042779
2024-04-23,-0.0001576839653128652,1.3556077881251714e-06,1.800773619220552e-06,0.0,8.518332185500509e-07,1.3563551874537786e-06,0.1460278891557229,0.19503663363388457,-0.03283103785835028,-0.00016304853512621474
2024-04-24,-0.00010755562519164713,1.8118142306096478e-06,2.3369959699578515e-06,0.0,8.590716655292549e-07,8.230801894785817e-07,0.18447452115770357,0.12684037070573081,-0.011437101126670894,-0.00011338658724722246
2024-04-25,-0.0004935425718276898,2.4861459028284622e-06,2.5504445221953945e-06,0.0,1.0781352628031165e-06,6.502306244491578e-07,0.21741714681939936,0.1402769445844221,0.031038199676963578,-0.000500307528139966
2024-04-26,0.00029089059524527763,1.7099600716269522e-06,4.013370410770188e-06,0.0,1.1807495754115482e-06,1.186699718358823e-06,0.2670341966616776,0.1878360273126784,-0.011529525371603871,0.0002827998154691101
2024-04-29,0.0004657967319395748,3.003574666889522e-06,4.084108493452334e-06,0.0,1.4859741993545995e-06,9.928142612879946e-07,0.2534377862578378,0.11703714228759692,-0.04975565360878619,0.0004562302603185903
2024-04-30,0.0006748700338564198,3.171786521358912e-06,1.8375198249797341e-06,0.0,1.4450675702585098e-06,5.666865279429362e-07,0.21457240950796147,0.145250696704052,0.05004736000963874,0.0006678489734118797
2024-05-01,0.00019757600894573899,5.305560441393322e-06,6.566146041793507e-06,0.0,2.4850893944452594e-06,2.2493889870035452e-06,0.49196619439884975,0.428323455998514,0.05042610618191848,0.00018096982408110336
2024-05-02,0.0003109396008617332,4.545768994298222e-06,5.801611023881826e-06,0.0,2.3768040863760907e-06,1.5800345690387844e-06,0.3216251863834295,0.2159546005921567,-0.049491207006359034,0.00029663538218813824
2024-05-03,-0.000548815865950206,2.0695368410323405e-06,2.5751657653974394e-06,0.0,1.4177934997201837e-06,1.6560008478067215e-06,0.1889871732544348,0.22846871391350498,-0.049739428518024154,-0.0005565343629041627
2024-05-06,-0.0007750672274668035,1.504769930854449e-06,2.053891804542208e-06,0.0,6.348817236801428e-07,1.1551026835287638e-06,0.14882215820463665,0.14412954197499572,-0.04992770885783657,-0.000780415873609409
2024-05-07,-1.5255302289618457e-05,3.30398746604412e-06,2.5846340405732736e-06,0.0,1.2469437289534795e-06,6.788910879583762e-07,0.2658796100800239,0.15961814353687404,0.04556444075986678,-2.306975861314771e-05
2024-05-08,0.0002737111999761846,3.120224477853177e-06,2.6528748580232694e-06,0.0,1.4611506440340708e-06,5.18234927839268e-07,0.1883240007318869,0.13738165464359497,0.050318186766597946,0.0002659587150684348
2024-05-09,-2.2249701747934173e-05,2.4828252030770807e-06,3.3564620317954978e-06,0.0,1.058929820372537e-06,7.415651711732479e-07,0.18268606260697062,0.10475957512154778,-0.01982337363555784,-2.9889483974352536e-05
2024-05-10,-0.0002714972774124509,1.7585083616090412e-06,1.3592621627005782e-06,0.0,7.357286797701383e-07,5.772325317978562e-07,0.11356048321239526,0.10300045362990594,0.006025388287866133,-0.0002759280091483285
2024-05-13,0.0003598590106447662,2.168491837880677e-06,3.439113396612749e-06,0.0,1.1102891104585304e-06,1.4661788623518204e-06,0.22852927213236662,0.22343760132839963,-0.022880447546706213,0.0003516749374374624
2024-05-14,-0.00023873151117820608,1.8315907572491249e-06,2.6058010721791477e-06,0.0,9.557911432920057e-07,1.4346091674885787e-06,0.16953813533842674,0.19096651256272487,-0.05004782757535623,-0.00024555930331841494
2024-05-15,-0.000958969067044762,1.2478279458287897e-06,1.6221897577870553e-06,0.0,6.456452320423311e-07,1.2820454091879797e-06,0.11855737207248285,0.16562643748989886,-0.049757191253681735,-0.0009637667753896082
2024-05-16,0.0002345322244991734,3.0809211861701037e-06,2.3916350107002276e-06,0.0,1.343399718618929e-06,7.177408406542602e-07,0.2517335820049752,0.17088195763101977,0.05030149640110411,0.00022699852774302987
2024-05-17,0.00027554789998952004,2.350699892438066e-06,3.362674780591528e-06,0.0,1.1871233855584474e-06,7.332312339793234e-07,0.1923008040616066,0.11342056341873338,-0.009762283889792974,0.0002679141706969527
2024-05-20,-6.728552343918669e-05,1.5772279691278855e-06,2.5638456295695e-06,0.0,8.15761450112186e-07,1.076732565326399e-06,0.16792418043793253,0.14340177143255423,-0.037489299542280786,-7.331909105332266e-05
2024-05-21,-0.00012109226385639719,2.756752770426374e-06,2.2295942516922582e-06,0.0,9.88790896557538e-07,1.2159599138626931e-06,0.1486462792036477,0.15652467534862696,-0.0477565901803054,-0.00012828336168893605
2024-05-22,0.0004193032097859577,3.4706323220296267e-06,4.1165055650421815e-06,0.0,1.1430369526848262e-06,1.3874285675072734e-06,0.35952416730650616,0.2737940751255018,0.04070607578427997,0.0004091856063786938
2024-05-23,0.0002471611234337463,2.2646857145829918e-06,3.55559650564437e-06,0.0,8.678659705225574e-07,9.672659540999562e-07,0.23783821494214846,0.17134381551028716,0.00884313522149447,0.00023950570928889646
2024-05-24,-0.0003137103525086127,1.8653699327118763e-06,3.063938365492975e-06,0.0,7.172934114794191e-07,7.310790792611384e-07,0.18944572324799558,0.08464362562492514,-0.0381776596909461,-0.0003200880332975581
2024-05-28,0.00024292228928554744,2.646845919656882e-06,2.699775410145064e-06,0.0,1.3101021429962476e-06,1.0777058271592303e-06,0.1998298713973644,0.15176842244503252,-0.029286156517718202,0.00023518785998559002
2024-05-29,0.00020028054600034883,2.2364675960096065e-06,1.5540167038138021e-06,0.0,7.888237227992807e-07,6.864258444808139e-07,0.17053530598640704,0.16567198780440293,0.05035244593162613,0.00019501481213324534
2024-05-30,-0.0007903917490031822,3.1966424229926662e-06,3.933875320978904e-06,0.0,1.6990393286014689e-06,1.6175869758301226e-06,0.2567164471901056,0.2960238100655511,0.024269198126090394,-0.0008008388930515854
2024-05-31,-0.00012826017799441987,3.3988014320748558e-06,4.611682800653064e-06,0.0,1.5678873857093712e-06,1.3635406931505619e-06,0.2754383552332528,0.17868285560546898,-0.050391980843825276,-0.00013920209030600773
2024-06-03,0.0003924280490603437,2.9573835721142016e-06,3.7496723749523672e-06,0.0,1.1574821410916268e-06,2.1645355508956338e-06,0.26876052699788183,0.3138930067605317,-0.049748965789934846,0.00038239897542128985
2024-06-04,-0.0007507520206244142,3.11978128698986e-06,4.026392964859563e-06,0.0,1.2121263308201683e-06,1.0440191864363456e-06,0.3027862503818439,0.12518867094913666,-0.050206552372169456,-0.0007601543403935202
2024-06-05,-0.0006382029481539018,2.401809397956667e-06,2.0553724488334286e-06,0.0,1.1201628478524386e-06,8.229311229133092e-07,0.16169293286265204,0.10583348460831273,-0.03241894404112317,-0.0006446032239714576
2024-06-06,0.00017398333743363724,2.6336713049633856e-06,2.1190436522091594e-06,0.0,1.156144138927957e-06,8.758999188148257e-07,0.1849230869316834,0.1611675363794085,0.014016350018517771,0.0001671985784187219
2024-06-07,7.895926358864237e-05,2.751054620592517e-06,3.2115803201716708e-06,0.0,1.2623193893403445e-06,7.975322053417288e-07,0.20767172087037528,0.11706793067092232,-0.01691747982648813,7.093677705319611e-05
2024-06-10,0.00035559184701863816,2.531765789632332e-06,1.5214059323824393e-06,0.0,1.2368624419570485e-06,5.947437336592631e-07,0.14627541135211394,0.12750329717514983,0.027586349920393584,0.0003497070691210071
2024-06-11,-0.0002776582654552406,3.3894012316605883e-06,3.432802005341315e-06,0.0,1.6076160063876634e-06,1.0571247605010065e-06,0.17389671635966378,0.1277693054191676,-0.049827654345001526,-0.0002871452094591312
2024-06-12,-0.000324235412250848,2.6627036159874172e-06,2.4947905437236515e-06,0.0,1.2406671134551985e-06,8.06833311991415e-07,0.169736027935526,0.08556797218747501,-0.04998002422708268,-0.0003314404068360057
2024-06-13,-7.957029732737111e-05,3.492234234523906e-06,2.3290967240199026e-06,0.0,1.1828657141364886e-06,1.1744260922152003e-06,0.18600525286609498,0.1636354591050804,-0.033668124387073235,-8.77489200922666e-05
2024-06-14,3.904989381658762e-05,4.117562167163082e-06,3.8661924179113755e-06,0.0,1.5726601464822288e-06,1.321105378653227e-06,0.25044186606329993,0.17226688669546103,-0.04967881691828108,2.8172373706377713e-05
2024-06-17,-0.0005280250636063453,4.436812872955918e-06,5.325959039467362e-06,0.0,2.1008993239774793e-06,1.8633143926237743e-06,0.39294260193664987,0.26307884179272356,-0.04995797616807056,-0.0005417520492353698
2024-06-18,-0.00018881289957287963,3.642963302633439e-06,4.0127517180379e-06,0.0,1.9802800460899966e-06,7.256255763227362e-07,0.3417009572435302,0.1463124481852529,0.02440735136303325,-0.0001991745202159637
2024-06-20,0.0006202000807457421,2.7531584995017295e-06,3.76922843730834e-06,0.0,1.728760237505455e-06,1.3273748293623027e-06,0.21146454365743567,0.17333568681963019,-0.04966328451323668,0.0006106215587420643
2024-06-21,-0.0007663575612984872,3.6963268483186513e-06,3.7061728284197682e-06,0.0,2.2799188134693904e-06,1.5564696479828351e-06,0.2609338766012884,0.21130784655468596,-0.05017905430643048,-0.0007775964494366778
2024-06-24,-0.0003198187857515194,5.125460460811506e-06,4.033443273465395e-06,0.0,2.8672773087915166e-06,1.334023810107579e-06,0.37915135389611726,0.2726005911932875,0.04848459109521423,-0.0003331789906046954
2024-06-25,-0.0004437556161969536,3.6984909065561378e-06,5.045522802895818e-06,0.0,2.1022109253343808e-06,9.347680132192374e-07,0.34586062952493046,0.19139565627755628,0.03435463005672443,-0.0004555366088449592
2024-06-26,-5.611305954362152e-05,2.606526055811986e-06,3.927270339955454e-06,0.0,1.5771903300577124e-06,1.1435595492393536e-06,0.21974866239465063,0.14276735748494818,-0.04935064678726323,-6.536760581868603e-05
2024-06-27,-0.00030701898099369935,2.8433261091840176e-06,2.417877615265461e-06,0.0,1.584078080416962e-06,1.0517271852151234e-06,0.1687021354272732,0.1295431763983736,-0.04714699071776711,-0.0003149159899837809
2024-06-28,-4.343402374538798e-05,5.440245881893138e-06,5.832066237062777e-06,0.0,2.4437858920088844e-06,2.133614537678551e-06,0.398285207520701,0.3084819019127285,-0.04996534041726816,-5.928373629403133e-05
2024-07-01,0.001068783476505549,4.531565916928164e-06,4.273478861340591e-06,0.0,1.8056591149224335e-06,1.2659606007781394e-06,0.32022252264239787,0.16308301536637046,-0.04959836556435698,0.0010569068120115798
2024-07-02,-0.0001115097994862791,3.2304754748911075e-06,3.4768581723447682e-06,0.0,1.339225829449297e-06,1.1097102528701026e-06,0.25185025187264776,0.13642653344199868,-0.05000478904017856,-0.00012066606921583438
2024-07-05,-0.00010178951206422454,1.7696869827558771e-06,1.6903756224768559e-06,0.0,5.972107027868916e-07,9.418199663710648e-07,0.11763366242479523,0.10830920085205972,-0.049916553498279156,-0.00010678860533861523
2024-07-08,0.00012986212012170274,3.6657804573286016e-06,2.0371938836150405e-06,0.0,1.422098732621959e-06,4.842192197260496e-07,0.2159042766516713,0.1314505052776384,0.050101676363662064,0.0001222528278284111
2024-07-09,5.9500130886944386e-05,3.876725662733715e-06,2.7765505144279745e-06,0.0,1.6966315860028033e-06,5.432468692544721e-07,0.19807507220224727,0.14142087594466007,0.050155401909908776,5.060697625452542e-05
2024-07-10,0.00029717768118509973,3.84576090177711e-06,3.865468414388065e-06,0.0,1.3864368187749186e-06,9.402267736005391e-07,0.18228905522452873,0.10830108419868599,-0.049657013766204586,0.0002871397882765591
2024-07-11,-0.00048212804355726453,2.7103535677649658e-06,2.9612057652642393e-06,0.0,1.3712051757691573e-06,1.2393504711989642e-06,0.22656922785020225,0.1755884311771097,-0.03262244798431619,-0.0004904101585372618
2024-07-12,-0.00018567531677324148,4.191736044624381e-06,6.479951051391881e-06,0.0,2.1013935317427025e-06,2.7688014243927537e-06,0.4792478258730747,0.41532584159953756,-0.04983279769844509,-0.0002012171988253932
2024-07-15,-0.0006504940271734149,5.0233679026944415e-06,5.061543257665315e-06,0.0,2.518740998270264e-06,1.8254343246703676e-06,0.377334937694093,0.27952376090545206,-0.02714920563916977,-0.0006649231136567153
2024-07-16,-0.00034966659904246244,2.2656336618977605e-06,3.4622560372888958e-06,0.0,1.4383932754131415e-06,1.4113700534244065e-06,0.23132308430389636,0.18720533484491264,-0.04990483413038757,-0.00035824425207048663
2024-07-17,0.00037968658717632716,3.24976200963805e-06,3.781949712259658e-06,0.0,2.098659588727362e-06,1.3148277852088182e-06,0.35449617765931885,0.2712059131118121,0.05031484519673071,0.0003692413880804933
2024-07-18,-0.00019417708148323302,3.284445373946575e-06,4.275441457690571e-06,0.0,2.3739855117947085e-06,9.707533914903953e-07,0.30616666986919305,0.21337998496835414,0.05029341519796779,-0.00020508170721815526
2024-07-19,-2.126602506472014e-05,3.6581843572649734e-06,4.453405793319351e-06,0.0,2.2028624717773963e-06,1.9280898396072857e-06,0.31906777237050377,0.37387502338650747,0.049955930332483495,-3.350856752668914e-05
2024-07-22,0.0010329218387870806,3.733056309742477e-06,7.046274983224802e-06,0.0,2.2481979769778794e-06,1.499262637966631e-06,0.4387778406683714,0.20177704340651242,-0.050099079771881695,0.0010183950468791688
2024-07-23,8.612130685023016e-05,5.22246324703415e-06,4.097025376070003e-06,0.0,3.508621601797832e-06,1.6573350912752568e-06,0.3782333161229784,0.32812387793770165,0.04969158260345852,7.163586153405292e-05
2024-07-24,-0.00048161243846451277,4.9592846446396216e-06,5.279424970148996e-06,0.0,3.844142400286224e-06,1.2123530443854353e-06,0.38189345770029676,0.2539943513393934,0.0503190398826403,-0.000496907643523973
2024-07-25,0.00031681166501454946,1.0458469705897775e-05,1.4767645841886884e-05,0.0,9.215997851581837e-06,5.678672932845213e-06,1.1139554150317763,1.0051442526343575,0.05112719991636172,0.00027669087868233773
2024-07-26,-0.0021083888322129766,8.711886698995334e-06,1.1439909936480867e-05,0.0,7.428085237722204e-06,2.1055212876560696e-06,0.7984828942246482,0.40486868088037653,0.05114110455415677,-0.002138074235373831
2024-07-29,0.0010800617960242018,5.210596733030837e-06,5.338282740243871e-06,0.0,5.0367553988870984e-06,2.593061492376392e-06,0.39209856879426486,0.4869334784808833,0.05129914776164948,0.0010618830996596636
2024-07-30,-0.00012453107527281054,6.956274606355266e-06,8.3345711717563e-06,0.0,6.542068673227832e-06,1.3208821698837867e-06,0.5901177226469669,0.271573627577978,0.04966542303750188,-0.00014768487189403373
2024-07-31,0.0018648844110389035,8.416611526252653e-06,1.245847868311129e-05,0.0,9.212095324102345e-06,4.483000773177109e-06,0.9263047361604819,0.8031604557305727,0.05001632583681842,0.0018303142247322601
2024-08-01,0.0023764493628422615,1.0980040889033404e-05,1.9445526026097126e-05,0.0,1.0805689574752763e-05,3.986437195107753e-06,1.4000701538632012,0.7198514708936807,0.05013002211557854,0.0023312316691572704
2024-08-02,-0.0011370549455635096,7.345607326679227e-06,1.0287923762270069e-05,0.0,8.229426080821933e-06,5.141339878546797e-06,0.6606180231212988,0.8141454936312877,-0.04959960596457408,-0.0011680592426118277
2024-08-05,-0.0032359234695292223,8.260960778271338e-06,8.840031778026892e-06,0.0,1.1760074364471863e-05,5.0749626941305745e-06,0.6312636068474122,0.8031752600319961,-0.04941847258194082,-0.003269859499144123
2024-08-06,-0.00384493454042889,1.851605669072654e-05,2.5517106063673096e-05,0.0,2.3049683275036007e-05,7.290383998786903e-06,2.028263784940303,1.2750921147692844,0.050307602973084675,-0.0039193077704571125
2024-08-07,-0.00171815625693467,1.5613019116657416e-05,1.3070246324086693e-05,0.0,1.560653448268413e-05,6.601111749039761e-06,0.9092469501044416,1.1604050538094783,0.05141827997079851,-0.001769047168607138
2024-08-08,-0.0019682185547442044,1.587619114916635e-05,1.3840001357908069e-05,0.0,9.649943668093801e-06,2.844420634143427e-06,0.932601926591331,0.529973463060748,0.052110796524652225,-0.002010429111553516
2024-08-09,0.00035383313693202096,6.3469871722251575e-06,7.846806571584498e-06,0.0,4.767499546827132e-06,2.162272547903037e-06,0.5002397949030191,0.3468919448117916,-0.016369843235918606,0.00033270957109348114
2024-08-12,0.0008106116301410815,6.227388943617761e-06,8.370106211584818e-06,0.0,6.120301897428889e-06,2.4258496984621147e-06,0.5844471955872959,0.3580747347557714,-0.049468014585863876,0.000787467983389988
2024-08-13,-0.0014690896137001057,3.566211102223379e-06,5.6251437200953555e-06,0.0,3.654454481070618e-06,1.922487675714311e-06,0.41657638826660326,0.2727381099066154,-0.05023981961338882,-0.0014838579106792094
2024-08-14,-0.00036561849428605616,3.335030582308641e-06,3.52194262563536e-06,0.0,3.0118383009640583e-06,1.2806528412887866e-06,0.26630220506117747,0.17679251262461693,-0.03835716471189918,-0.000376767958636253
2024-08-15,0.0005191395246335689,3.4120970129889966e-06,3.676243534485906e-06,0.0,2.4633416456922567e-06,1.2699346058616375e-06,0.28863945067235447,0.20542226602252311,-0.00792674776223197,0.0005083179078345401
2024-08-16,3.237984347162824e-05,3.2610758393383762e-06,2.820995249665422e-06,0.0,1.6403975055380802e-06,1.8195349341193546e-06,0.1666572530981767,0.25864856190258795,-0.047033307029463636,2.2837839942967005e-05
2024-08-19,-0.0006339906364450374,3.186231127511679e-06,3.3997243491823255e-06,0.0,1.5884144258448057e-06,1.1537212712007068e-06,0.23356015809649927,0.14387676353989093,-0.049948410021827795,-0.0006433187276187769
2024-08-20,0.0002043105778668404,2.930226786752497e-06,3.230149957776842e-06,0.0,1.7405260546040564e-06,1.3410034632777414e-06,0.23387622520005846,0.1755454985559659,-0.049743083274694636,0.00019506867160442925
2024-08-21,-0.000259747378697964,2.5129305191801702e-06,2.535810426873749e-06,0.0,1.6091720279920463e-06,1.136762939033239e-06,0.17609613067068597,0.14105143125985348,-0.049924742497730726,-0.0002675420546110432
2024-08-22,-0.00042637673106214123,2.5817943594642354e-06,2.3142183701900815e-06,0.0,1.2815798647837602e-06,1.3397089521149165e-06,0.19401044813966306,0.20718821517846986,-0.017882888776836123,-0.0004338940326086942
2024-08-23,0.0008742889814778675,2.710518862808183e-06,2.418175904779307e-06,0.0,1.2092968984029882e-06,1.525066483993106e-06,0.13501628030517826,0.20623070623426126,-0.04998046307658066,0.0008664259233278839
2024-08-26,0.00017589365478520966,2.409995701000285e-06,2.2973082461771392e-06,0.0,1.3633506051366813e-06,1.1954739003933306e-06,0.18364786212397935,0.16807828510729172,-0.03276133015878788,0.00016862752633250224
2024-08-27,-0.0003737365436362115,3.8682051117963966e-06,3.8171601335204405e-06,0.0,2.2778921847161463e-06,1.6630600753037987e-06,0.2586482400615648,0.22968150192447467,-0.04971259072656349,-0.0003853628611415483
2024-08-28,-0.00031524743505684575,3.727898544034917e-06,3.052431328932963e-06,0.0,2.2076870869306893e-06,1.49901743738731e-06,0.20981913449486964,0.2021642610147985,-0.04967066846626954,-0.00032573446945413165
2024-08-29,-0.00032169770341215694,3.4711488817697982e-06,3.0838404327636423e-06,0.0,2.2301251904038235e-06,1.1363017927267714e-06,0.23141724427341615,0.15054437295396078,-0.04035432822413683,-0.00033161911970982095
2024-08-30,0.0002819397382128209,2.7448112616142078e-06,3.0281661671425805e-06,0.0,1.5198875494138778e-06,1.172141768349529e-06,0.20354417687918544,0.14744512189768638,-0.04947469518503447,0.0002734747314663007
2024-09-03,0.0004764148241522835,4.1299773657096215e-06,5.268226304322512e-06,0.0,2.604592608153149e-06,2.36672195965095e-06,0.38068776345175204,0.3480152775924636,-0.04959401162889614,0.00046204530591444727
2024-09-04,-0.0008030530087125183,4.594884242674765e-06,4.456051659829226e-06,0.0,3.640753434584068e-06,2.5692620329977413e-06,0.3161402457514463,0.3814227906975287,-0.050213230846091694,-0.0008183139600826041
2024-09-05,0.0008877959072989078,4.836422105885964e-06,4.166218913503027e-06,0.0,3.4462356218517205e-06,1.9361119912973505e-06,0.3271854444480936,0.3181452583665153,-0.007121556171439364,0.0008734109186663698
2024-09-06,6.658888430009454e-05,2.9824535699982913e-06,2.7778657347991363e-06,0.0,2.303525766529811e-06,1.5130380138555836e-06,0.23452442047251038,0.28862815902017946,0.03443777269244144,5.701200121491172e-05
2024-09-09,-7.072559339610973e-05,4.594233058517002e-06,5.226851439621166e-06,0.0,3.04681376503158e-06,1.0648004986287094e-06,0.3873195566021523,0.21513830662261416,0.03625182285299095,-8.465829215790818e-05
2024-09-10,-0.00035698795030126765,4.240891199011859e-06,5.087166406526725e-06,0.0,3.3324398209741723e-06,1.7372161780881366e-06,0.2900675460842965,0.2413305882569737,-0.0505217296618334,-0.00037138566390586855
2024-09-11,0.0002769712787026798,4.923358727882302e-06,4.943364062832388e-06,0.0,2.864058325312722e-06,2.0488621546436346e-06,0.34194657169243564,0.2944164724307225,-0.049792369549408105,0.00026219163543200877
2024-09-12,0.00018212100295376222,3.7102140618804193e-06,5.255007540671143e-06,0.0,2.3064488585679496e-06,1.5651444753463201e-06,0.39652194683891806,0.2129637440184936,-0.049980527839688094,0.00016928418801729638
2024-09-13,3.2716312612963446e-05,2.0800736037991598e-06,2.8591793064363416e-06,0.0,1.1524043013287278e-06,1.0149084333839243e-06,0.20272441068074154,0.12048734997537326,-0.05001726683312606,2.5609746968015292e-05
2024-09-16,-0.0005037963883746119,1.8559943022537753e-06,2.1308532507859676e-06,0.0,1.2424258278223654e-06,1.1929288261366448e-06,0.15499478447877013,0.15001257892573808,-0.050399463865218284,-0.0005102185905816106
2024-09-17,0.0003178048119620127,6.572009763709843e-06,6.958003805059245e-06,0.0,3.962117816079511e-06,2.9077841098172205e-06,0.4762549732067844,0.438496143079772,-0.05001158736952119,0.0002974048964673469
2024-09-18,-0.0006581152724767759,4.809782928272199e-06,5.433765540851365e-06,0.0,3.4859684019215623e-06,1.5470532141800467e-06,0.4056189686767673,0.20987609658680645,-0.0500288433954414,-0.000673391842562001
2024-09-19,-0.002006171983542649,3.6247282626341334e-06,4.512321108767589e-06,0.0,2.634345646553447e-06,1.841775433526911e-06,0.3339983577518191,0.2589778218742144,-0.050440450958306585,-0.002018785153994131
2024-09-20,0.0011015242255562104,5.250390010592027e-06,4.8114298323248685e-06,0.0,4.043910631156737e-06,1.3925214626325347e-06,0.4239095549891215,0.28402632958511825,0.050082723862852396,0.0010860259736195043
2024-09-23,0.0004666183805880154,4.19467042355841e-06,4.866242513122295e-06,0.0,2.8049257655596052e-06,1.3310327566344377e-06,0.3236749914815175,0.23297551064142072,0.009362007526835157,0.00045342150912914067
2024-09-24,-0.00014025755233390054,3.949020762985444e-06,5.098311257754615e-06,0.0,2.6509381120905183e-06,1.343925648442161e-06,0.3139108646269325,0.17608391356559333,-0.04969559537268969,-0.00015329974811517327
2024-09-25,0.00028564579016212736,4.037449855253731e-06,4.297709036017679e-06,0.0,2.1812288128356356e-06,1.8034947261677239e-06,0.30148962961673675,0.2531989880885618,-0.049788125907615735,0.00027332590773185256
2024-09-26,-0.0008772888850793728,4.068361084763325e-06,3.6120647501084985e-06,0.0,2.089153377363698e-06,1.2340156408229016e-06,0.25734590097344967,0.15783128252014633,-0.04948334513810104,-0.0008882924799324312
2024-09-27,-0.00024130849668862824,2.5690749705090157e-06,3.1801393129294303e-06,0.0,1.7438202655188319e-06,1.1826878941038145e-06,0.2358681723935358,0.14866648134901955,-0.05002508486042129,-0.0002499842191316893
2024-09-30,-1.0175597243801227e-05,4.870775223437978e-06,7.094231500135292e-06,0.0,3.0709688208750984e-06,3.139760724681121e-06,0.5051817775085564,0.47774232848202736,-0.04973747326440098,-2.835133351293072e-05
2024-10-01,-0.0003883230624744078,4.028711198341736e-06,4.952016481304468e-06,0.0,3.1256412128006454e-06,1.4121411048633794e-06,0.4030279010540137,0.226033613705359,-0.01120609191168876,-0.00040184157247171804
2024-10-02,-5.8474135777990166e-05,3.797161719458791e-06,3.7745276110009118e-06,0.0,2.9981337135168124e-06,1.6030446874028162e-06,0.31801490854601755,0.3171392925256879,0.047827785042014764,-7.06470035093695e-05
2024-10-03,0.000440644609135323,4.988096769915771e-06,6.968334447731474e-06,0.0,4.148432889525251e-06,2.8048940714610957e-06,0.4365861046215088,0.44612923883438194,-0.0250929651710822,0.0004217348509566894
2024-10-04,-0.001088719497089938,4.235164657091822e-06,5.072418186263223e-06,0.0,3.834736676100009e-06,1.1869872021850881e-06,0.41867091470828277,0.22627219545005972,0.026858345482965014,-0.001103048803811578
2024-10-07,-0.0018683011868661122,3.994619446147033e-06,4.877043616700877e-06,0.0,2.8472826143633984e-06,1.9317526711861764e-06,0.29334566231619047,0.2848326181929555,-0.03970183056632201,-0.0018819518852145097
2024-10-08,-3.0205494975451417e-05,4.827637592927863e-06,3.1799305804340364e-06,0.0,2.985797531593729e-06,1.1443274211908232e-06,0.3091496822932535,0.24204602602502429,0.049799019264966014,-4.234318810159787e-05
2024-10-09,-0.0004767477324949462,3.1195696007680666e-06,3.663028836480837e-06,0.0,2.278789685033166e-06,1.1405923730408186e-06,0.22532448033234065,0.19404934680636252,0.0024298281355049477,-0.00048694971299026907
2024-10-10,0.0001739691953325301,4.262890542366185e-06,4.706537960756461e-06,0.0,3.72053724559554e-06,1.4217876677717952e-06,0.28095626811462393,0.18889584772245566,-0.049964480463205896,0.00015985744191604012
2024-10-11,-0.0005418658575312876,3.2136645268691207e-06,4.798647705705509e-06,0.0,2.287913608826435e-06,1.7400750132096495e-06,0.3645023115480359,0.24222336703886121,-0.05010923518035995,-0.0005539061583858983
2024-10-14,-0.0007419119736023466,2.2700674678876727e-06,3.1013192089043767e-06,0.0,1.5058770666283116e-06,2.4145801981120757e-06,0.22677893855675552,0.35542800278419334,-0.05022147049863536,-0.000751203817543879
2024-10-15,0.00042949151606523606,3.0393423531163015e-06,5.161098774300673e-06,0.0,2.233947715853732e-06,1.1343154472515166e-06,0.4580651867613821,0.2406807439872356,0.05011574884898073,0.00041792281177471384
2024-10-16,8.785676954125538e-05,1.9756679301059646e-06,2.6883822575541627e-06,0.0,1.8352011969902282e-06,6.937615146155641e-07,0.1951710711497845,0.16227581750837272,0.04572388305295795,8.066375664198946e-05
2024-10-17,0.0003492092887331631,4.946002956784416e-06,6.395817199503431e-06,0.0,4.929437329351426e-06,1.7860239270224337e-06,0.41339022888158633,0.2833225331411563,-0.016729486598612606,0.0003311520073205014
2024-10-18,0.0012693154860364964,3.688520724652117e-06,4.276523951854777e-06,0.0,3.1326025704212232e-06,1.5068037634167537e-06,0.27010331885498307,0.2033735799559065,-0.04976945229810815,0.0012567110350261517
2024-10-21,-9.177318332687224e-05,2.304527091344094e-06,3.2173353141397334e-06,0.0,2.264137309478695e-06,1.5338156244540132e-06,0.2566110822400467,0.22864236069730182,-0.029038664210972287,-0.00010109299866628877
2024-10-22,0.0013871682744501478,3.2439819039105006e-06,3.3653240206703653e-06,0.0,2.3736741425083246e-06,7.963801709160228e-07,0.30799325696246826,0.18426599504685792,0.05047412633296611,0.0013773889142121426
2024-10-23,0.000758947269883011,4.076923194533967e-06,5.174747503173163e-06,0.0,2.9322462607085377e-06,1.269042194758283e-06,0.3649804077437378,0.2636129388007803,0.05041385008138876,0.000745494310729837
2024-10-24,0.000864373538287851,4.476610866173804e-06,6.277002284831972e-06,0.0,3.6998930903332423e-06,1.2225064610947262e-06,0.4647786854103644,0.25568744114353376,0.05030635567961968,0.0008486975255854172
2024-10-25,-0.000615563501939272,4.258306071296553e-06,4.3226119165504125e-06,0.0,3.172964622736258e-06,6.097749703002771e-07,0.3088845124752303,0.1488477751499688,0.046405580139522194,-0.0006279271595201555
2024-10-28,-0.00029316623417578535,4.641667023245034e-06,6.476378741716229e-06,0.0,3.964483214506936e-06,2.0978305570734562e-06,0.4826210423365581,0.4024105539476006,0.049975020359259936,-0.000310346593712327
2024-10-29,-0.0006383411011831139,5.374006619440629e-06,6.164339821560659e-06,0.0,5.270344297694988e-06,2.851206269416275e-06,0.4527583233006112,0.5290956042557303,0.05009295099379618,-0.0006580009981912265
2024-10-30,0.0011023982865810786,5.313296891953611e-06,6.963562118426169e-06,0.0,4.481576071317627e-06,1.559850256488387e-06,0.49218449168177963,0.3129866097746967,0.050931766684647786,0.0010840800012428928
2024-10-31,-0.0017455729351155806,5.778531438786679e-06,5.928072754715432e-06,0.0,4.561695794193297e-06,1.5723809348290784e-06,0.4334302321336293,0.3140694642340671,0.04990946718278186,-0.001763413616038105
2024-11-01,0.00043827300882118443,6.531561314451915e-06,8.124191769033691e-06,0.0,5.2594110420214045e-06,3.5216153299628726e-06,0.6041055355067282,0.6421629802726845,0.05053160483892194,0.00041483622936571454
2024-11-04,0.002639491148201521,7.9093623214178e-06,1.1269767030588823e-05,0.0,6.485526710171098e-06,2.533835840587768e-06,0.7209138391944288,0.377247590014106,-0.048436831204639014,0.0026112926562987552
2024-11-05,-0.0013250618028195604,6.886075620207724e-06,7.688229629772996e-06,0.0,5.617049076872089e-06,2.1919512085082557e-06,0.5336407753719896,0.3181541140966155,-0.05009368893277133,-0.0013474451083549215
2024-11-06,-0.0005263080331029531,7.343416404860087e-06,1.010436259598153e-05,0.0,8.807104062956403e-06,3.214836156430673e-06,0.7587326788681504,0.4902176216095282,-0.049874852670824796,-0.0005557777523231818
2024-11-07,0.0013407967824336745,6.1242077827991496e-06,5.595031692483813e-06,0.0,7.189013967664073e-06,1.7158007911144864e-06,0.4814694667307744,0.3387470816338649,0.05049254872663125,0.001320172728199613
2024-11-08,0.00025290862605476525,4.344215276548374e-06,4.96518205170915e-06,0.0,3.211897900476082e-06,1.3440646735874729e-06,0.32266387254894746,0.24833400818754442,0.02253114302484891,0.00023904326615244417
2024-11-11,0.0011250020301123835,3.623651815546469e-06,3.589753308535156e-06,0.0,2.868676953374901e-06,1.6127542703246325e-06,0.23265053905525185,0.2708211209633998,-0.00012159645113845458,0.0011133071937646022
2024-11-12,-0.0009917380494258352,4.017232859784778e-06,3.806982768465753e-06,0.0,3.280575747545293e-06,8.261714782885149e-07,0.31305291971383953,0.1898915665106466,0.0510947581581761,-0.0010036690122799195
2024-11-13,-0.0003355499702554832,5.378547421525519e-06,6.144020027696273e-06,0.0,4.121093897960772e-06,1.6286012215209857e-06,0.44905249386731455,0.3238145288114513,0.050209523595925634,-0.0003528222328241867
2024-11-14,-0.0022603070578194632,5.590324984723382e-06,6.453668168566463e-06,0.0,3.3219188702587253e-06,1.1323746202552214e-06,0.45898394843899937,0.24083397644177973,0.05059504023890247,-0.002276805344463267
2024-11-15,-0.0005621262866177981,5.799314034056946e-06,6.794780481262082e-06,0.0,3.464448474122012e-06,2.2471297163569353e-06,0.4784627055550364,0.4281951458102672,0.050677353462301955,-0.0005804319593235961
2024-11-18,-0.0017483131028765335,5.446681488235195e-06,8.835805169700676e-06,0.0,4.5727154418208154e-06,1.7769608040807663e-06,0.5841539742620078,0.24880078274490747,-0.049728632340661216,-0.0017689452657803709
2024-11-19,-0.0015753721533121713,3.378164163259495e-06,3.8041619104211618e-06,0.0,3.609565152010519e-06,2.1561125793914105e-06,0.2705537303059363,0.3126195525259835,-0.04960736081177347,-0.001588320157117254
2024-11-20,6.238792085090928e-05,5.604864853220701e-06,6.277210016369786e-06,0.0,4.628333695480485e-06,1.9714348699232253e-06,0.43771986960477705,0.2816059026184913,-0.04959515552861067,4.390607741591508e-05
2024-11-21,-0.0022219047283975526,4.692989898820064e-06,5.017631306635609e-06,0.0,3.5671911127496854e-06,1.48717632010665e-06,0.42362427252290025,0.25403653902951545,0.004190917251598217,-0.0022366697170358644
2024-11-22,0.0006261237790151004,3.766034109069501e-06,4.106486781004876e-06,0.0,2.652744063371396e-06,1.650153619666251e-06,0.24919001585005282,0.2273380377723653,-0.04988777033156496,0.0006139483604419883
2024-11-25,-0.0009085758130921127,2.7775437992966697e-06,2.4706744418692894e-06,0.0,2.4622515402738844e-06,1.0277305856335699e-06,0.2567647672168817,0.2231431609512578,0.05048442256481807,-0.0009173140134591862
2024-11-26,0.0020785066874028095,3.310832818699372e-06,5.167592745752942e-06,0.0,2.978028300717535e-06,1.3050143107209993e-06,0.2923021188407809,0.16986436003984412,-0.04937804416128385,0.0020657452192269186
2024-11-27,0.0004115190323729022,3.511025981966836e-06,2.9326710551363003e-06,0.0,1.836622761018636e-06,1.119477054770009e-06,0.22623078771945257,0.17112796276298745,-0.01694418243837405,0.00040211923552001044
2024-12-02,-0.000384266833421017,3.6144605409790543e-06,2.2431458260433725e-06,0.0,1.5551554580158371e-06,8.436473446526949e-07,0.1812313403313934,0.1470600310137428,0.00532727711209008,-0.000392523242590708
2024-12-03,8.362510692310192e-05,4.334052947251611e-06,3.7520493263609345e-06,0.0,2.1874563654710785e-06,1.3128223829450525e-06,0.298885759243573,0.2706099966226087,0.050055836287839925,7.203872590107325e-05
2024-12-04,0.00016855847591708628,4.9242966976173504e-06,5.859024693122038e-06,0.0,3.059065192750736e-06,1.545745415784261e-06,0.33923438973893244,0.2141819329893289,-0.045503296862426934,0.0001531703439178119
2024-12-05,0.00010147934821414291,6.739473421054091e-06,4.933481210653551e-06,0.0,3.7525494214581153e-06,1.5836788754128787e-06,0.43516338242386954,0.3162169366573671,0.05015888558800341,8.447016528556427e-05
2024-12-06,9.391730791326407e-05,5.0683859905299e-06,7.85377714104243e-06,0.0,3.541941864927167e-06,1.973792248283406e-06,0.4753521160366413,0.2818850196187178,-0.04971207809289445,7.547941066848117e-05
2024-12-09,0.0010812620866532299,3.439843082557859e-06,3.183818045978363e-06,0.0,3.0211375319411053e-06,1.1716338617949943e-06,0.3072699001173775,0.24262813699763724,0.04579364821607823,0.0010704456541309575
2024-12-10,1.2736856844317363e-05,2.8298199202708115e-06,4.037802509231621e-06,0.0,1.9287489067738103e-06,9.966895417734368e-07,0.26611243001105744,0.17749714610703085,0.010053303089093548,2.9437959662676815e-06
2024-12-11,0.0004076733345133219,3.5677557888530737e-06,5.685814274717545e-06,0.0,2.8408982361211013e-06,1.921383011460454e-06,0.3855954733651882,0.2927701510102779,-0.030022194915078293,0.0003936574832021697
2024-12-12,-0.00021794571086077163,4.062959850339599e-06,2.453340005242201e-06,0.0,2.2166123883521575e-06,1.1185980988737611e-06,0.24271520969475424,0.23805172203597597,0.0501272414251841,-0.00022779722120357934
2024-12-13,-0.0009262835983772725,3.6455641390470268e-06,4.602149142289399e-06,0.0,2.222877484504242e-06,9.153752028861407e-07,0.32426206364181254,0.20331479266847008,0.0495317585835985,-0.0009376695643459993
2024-12-16,-0.0011658805749086385,3.6610166777643536e-06,5.052523314151119e-06,0.0,2.823366258964434e-06,1.5007125906447715e-06,0.3737706043632504,0.30205837599358876,0.04993866076526715,-0.0011789181937501632
2024-12-17,-0.0005550774957483086,3.869040417953795e-06,6.1931332179473764e-06,0.0,2.7629974816009573e-06,1.4133164258913023e-06,0.4323528905966695,0.2735272889940944,0.03609012944435559,-0.000569315983291702
2024-12-18,-0.0011549131815915762,5.0436897651251725e-06,4.701703302259126e-06,0.0,3.860359937148451e-06,1.5674353341736484e-06,0.3507383183566265,0.3135685990704396,0.05023946292926671,-0.0011700863699302827
2024-12-19,0.0019133887915531562,1.440342976569015e-05,1.994593564687152e-05,0.0,1.3892072847191863e-05,8.167519400259605e-06,1.5131067394357043,1.4222788482118327,0.050135588968219014,0.001856979833893143
2024-12-20,0.0031091248034457145,1.4430710297814863e-05,1.549260681333567e-05,0.0,1.4812709398375385e-05,6.090692537887826e-06,1.0770793074739236,1.075444348303221,0.05220800193806613,0.003058298084398301
2024-12-23,-0.0006992638269515532,7.2138368530380335e-06,1.1640244569099436e-05,0.0,6.961337875099575e-06,2.7431040112672337e-06,0.7720138711653544,0.43170000561940014,-0.029141468273494953,-0.0007278223502600575
2024-12-26,-0.0010072108773697354,4.145283746191157e-06,4.750175980406322e-06,0.0,3.2211826706502937e-06,2.048673817592636e-06,0.3200059820240614,0.29451280883070563,-0.04966439252485717,-0.0010213761935845757
2024-12-27,0.0002960235634666966,4.890864620010097e-06,1.0295882235700689e-05,0.0,3.995580783912852e-06,3.679178641350438e-06,0.7503895512805809,0.5681120238106947,-0.049989987936179314,0.00027316205718572255
2024-12-30,0.00024376744976629654,2.3216841809796914e-06,2.135728507009026e-06,0.0,1.5717782375934284e-06,2.1831623087554896e-06,0.24275887358007886,0.4176123586033297,0.05084109073240775,0.0002355550965319589
2024-12-31,-0.0003701963716604139,5.671480367745099e-06,6.578489049628237e-06,0.0,3.745740021183417e-06,2.9658372843286147e-06,0.37796783277549884,0.44831025536199975,-0.04995040840520751,-0.00038915791838329926
2025-01-02,0.0006943890861388612,5.481003638003983e-06,3.936830089032456e-06,0.0,3.3065596689213546e-06,2.0052973106942035e-06,0.34614680578577084,0.3621243556437532,0.025234407447127127,0.0006796593954322092
2025-01-03,-0.0006844056049498965,4.446753100319656e-06,5.779564704035483e-06,0.0,2.5853092682176237e-06,1.1971131270494653e-06,0.38527776182362566,0.17291005391727574,-0.028204951427034462,-0.0006984143451495187
2025-01-06,-0.00010294645472462075,2.8555390670540686e-06,2.3655946530417666e-06,0.0,2.4351719806508254e-06,1.1750107720671855e-06,0.22398408052926191,0.23884758364376207,0.04144577393647492,-0.0001117777711974346
2025-01-07,-0.0009319981906786058,4.732712531997861e-06,9.123493238555843e-06,0.0,4.4491861353158144e-06,3.0428832785533796e-06,0.5852240377413801,0.4611198318672496,-0.050084558929718,-0.0009533464658630287
2025-01-08,-0.001269294831002411,4.9889664808003745e-06,6.102750052332329e-06,0.0,4.101847485046268e-06,3.7260810665714736e-06,0.4431828425242521,0.5756084539418693,-0.05037316524213842,-0.0012882144760871614
2025-01-10,0.0022070511491237227,4.963755464737187e-06,5.061133396187153e-06,0.0,3.9487905217211495e-06,1.8257892681235217e-06,0.43720688160173116,0.34070019285198105,0.03396759580722951,0.0021912516804729536
2025-01-13,-0.0005324123280353112,3.9568389697439145e-06,5.023522696566779e-06,0.0,3.4510450541851904e-06,2.481701432888842e-06,0.2882799014901962,0.3667794315571478,-0.0501464091681777,-0.0005473254361886959
2025-01-14,-0.0018437658075311323,6.524688586812785e-06,8.800017895090902e-06,0.0,6.852816769965646e-06,4.13480768361871e-06,0.6335362542846269,0.6441557397157861,-0.050491951132156654,-0.0018700781384666204
2025-01-15,0.0013672138057467232,6.630080838769798e-06,9.83041028102295e-06,0.0,5.768943758544278e-06,1.736746107519525e-06,0.74395562325238,0.24120471917763808,-0.05056862688564216,0.0013432476247608666
2025-01-16,-3.208754444316966e-05,4.377459152481473e-06,3.740768585960111e-06,0.0,3.089059066892598e-06,1.044375590765462e-06,0.34753014383261155,0.2250811323713968,0.04962603312279916,-4.43392068392693e-05
2025-01-17,-0.00021144236051093973,4.860355077145342e-06,8.168235706870077e-06,0.0,3.618614611920449e-06,2.9813353510353574e-06,0.5571708736170692,0.48104856202362045,-0.019815776950319663,-0.00023107090125791096
2025-01-21,0.0011006314021558617,3.8524801927992706e-06,5.234733839156357e-06,0.0,2.778704826176718e-06,2.224364623939512e-06,0.34308302274478125,0.32451432186341966,-0.04917893495841821,0.0010865411186737899
2025-01-22,0.000387411454887449,6.753654654671867e-06,5.098127682856749e-06,0.0,4.377968497720899e-06,2.6308762469997963e-06,0.4532273014656341,0.49240521181835717,0.050418002322391464,0.0003685508278051997
2025-01-23,-0.0005879700604208306,6.268666819095295e-06,7.5942554345519e-06,0.0,3.293030334580331e-06,1.756611460006875e-06,0.4476728070864338,0.24506742421049538,-0.050043301070659636,-0.000606882624469065
2025-01-24,0.0013775581075002208,4.0719481648784356e-06,5.034294131398702e-06,0.0,2.5791877715475454e-06,1.7919924572651141e-06,0.34770785366627793,0.2514405675942334,-0.049614165226305657,0.001364080684975131
2025-01-27,-0.000678094931241752,5.559358234120418e-06,6.2165130659380195e-06,0.0,4.424453598130603e-06,2.557979028839932e-06,0.44732616843749196,0.37951893994532665,-0.05022153689978183,-0.0006968532351687809
2025-01-28,0.002380947109457569,5.616930797247386e-06,7.132438010124202e-06,0.0,4.993414452028186e-06,2.113053936308079e-06,0.614889194589199,0.40554604961957946,0.05055298831982223,0.002361091272261861
2025-01-29,-0.0011229189129103147,3.8038385805237625e-06,4.467563364265691e-06,0.0,4.135856041229501e-06,1.7161129949600954e-06,0.32420090672850954,0.3390619314384119,0.05075494828511591,-0.0011370422838912937
2025-01-30,0.0008609645420160907,9.403690183945631e-06,1.6154918794701472e-05,0.0,8.747068859589552e-06,5.07715601923564e-06,1.0743517545272219,0.8031923971740771,-0.049769814057510464,0.0008215817081586184
2025-01-31,-0.0005861998569195165,6.3822756402734786e-06,8.27479021465854e-06,0.0,4.911858171676136e-06,2.29709804141094e-06,0.6210495102839576,0.3372808903677895,-0.048631580589248324,-0.0006080658789875356
2025-02-03,0.0008380542254330174,4.904088385814882e-06,2.9895867122157526e-06,0.0,2.8422348942985866e-06,2.1243981416823052e-06,0.296228994928299,0.4086759574788924,0.05177706967626507,0.0008251939172990058
2025-02-04,0.0021569218721912953,5.689878063473438e-06,6.131712388891291e-06,0.0,3.868822600499815e-06,1.3327033414403395e-06,0.4363025395967509,0.27443723428062367,0.050543072918646736,0.0021398987557969904
2025-02-05,0.0007323066242054249,4.470569078105014e-06,6.23966181052386e-06,0.0,3.9885166377213435e-06,2.084278402569659e-06,0.36760810013275336,0.2995142184475495,-0.050644553184153326,0.0007155235982765051
2025-02-06,8.033937352490773e-06,4.731539469240637e-06,5.609128551329401e-06,0.0,4.05616767390949e-06,2.3686934881048178e-06,0.3961209652706117,0.348226052106655,-0.04971445389495438,-8.731591830093572e-06
2025-02-07,-0.0020361304628204254,3.4128369738120657e-06,3.2806550016835305e-06,0.0,2.664776603311778e-06,1.833564256033832e-06,0.23485614393181736,0.2586420752782117,-0.049396719735472036,-0.0020473222956552666
2025-02-10,-0.0009022497103985102,3.3667405396339403e-06,4.89562054554533e-06,0.0,3.484019145961702e-06,1.8334847168365223e-06,0.3660460795720347,0.25866070020013837,-0.049364732228397365,-0.0009158295753464877
2025-02-11,-0.0001694121795779167,4.463505537974501e-06,4.403709854117965e-06,0.0,4.035636657941509e-06,1.8354716621509986e-06,0.31498239523131666,0.25868611408731457,-0.04967312515405313,-0.00018415050329010166
2025-02-12,0.001294838931215565,7.0248884093840685e-06,1.006618554265464e-05,0.0,5.986752329511231e-06,3.935947416107907e-06,0.7158806461799948,0.6121548371478139,-0.04908432875831409,0.0012678251575179071
2025-02-13,0.0012027180405976203,6.076261811930117e-06,6.5573843495529854e-06,0.0,4.348175292688755e-06,2.5824191359608086e-06,0.4795417405330584,0.3846773790964748,-0.04916903574494075,0.0011831538000074877
2025-02-14,7.290366414559189e-05,7.1149904318766064e-06,7.328138736018221e-06,0.0,6.299686179421631e-06,2.5554919446703515e-06,0.5208892161756541,0.37943612811957583,-0.04988651858504309,4.960535685360508e-05
2025-02-18,-0.0011928941450549656,5.99912961675455e-06,6.128930122342925e-06,0.0,5.518323228822401e-06,2.6674754416886747e-06,0.4394292764950882,0.3981311142881342,-0.05000475991556291,-0.001213208003464574
2025-02-19,0.0012647533854618228,5.38490700107203e-06,6.880110917840031e-06,0.0,5.299482380749849e-06,1.9484306864241733e-06,0.5194388343635077,0.28471572829442454,-0.04262062702483653,0.0012452404544757367
2025-02-20,0.0007097023796818951,4.40574609256849e-06,6.279521127369056e-06,0.0,3.803243094885555e-06,2.0824033319833282e-06,0.4396731240741856,0.30021252995750725,-0.049631229815691846,0.0006931314660350886
2025-02-21,-0.0004891263788959944,4.740058150606601e-06,2.461639494875281e-06,0.0,3.1052139309606026e-06,1.1135503886068638e-06,0.2554984830517773,0.23778002329894765,0.05070355801299447,-0.0005005468408610438
2025-02-24,-0.0004886940611146844,5.582906852687172e-06,7.44812477718264e-06,0.0,5.5535376000268606e-06,2.3683451692215547e-06,0.5535452202970021,0.44751815517957527,0.049636166750354316,-0.0005096469755138027
2025-02-25,-0.001759932862396569,6.460630472535144e-06,1.1086138115363817e-05,0.0,7.879849062882082e-06,3.0092248105208193e-06,0.7256444724951258,0.455785658265605,-0.04976410990189266,-0.0017883687048578709
2025-02-26,0.005023860198438566,4.675884366038587e-06,6.710813446462662e-06,0.0,5.330737843435953e-06,1.8757607574804184e-06,0.5788681700116138,0.3676951383124051,0.05256733105569475,0.005005267002025148
2025-02-27,-0.001145986765473652,4.032329001276756e-06,5.345280762455498e-06,0.0,3.6371504991501372e-06,1.1200612440638742e-06,0.38372137389683486,0.2390334187848494,0.050863129782118606,-0.0011601215869805983
2025-02-28,0.00044421515558037234,5.677840825403212e-06,8.773243607134621e-06,0.0,4.194518080717315e-06,2.8216899873192525e-06,0.5443674012597801,0.4239855015403953,-0.05005841632923935,0.00042274786307979796
2025-03-03,-0.0029459227783758327,8.264181983161948e-06,1.2856182482596823e-05,0.0,7.193624039193414e-06,5.917822551380236e-06,0.9329037988466089,0.9440454237961732,-0.050148764835705906,-0.002980154589432165
2025-03-04,0.0025342305541288445,9.587837472977412e-06,1.3951144917093512e-05,0.0,7.3883468089612964e-06,3.328985583561457e-06,1.1414009452496858,0.6095377972481532,0.05026821920982852,0.002499974239346251
2025-03-05,0.0021030909389955386,7.484743605813205e-06,8.494594818814379e-06,0.0,7.53017783115464e-06,2.634269520647842e-06,0.6078527685349436,0.49354935021350826,0.05099207074467081,0.0020769471532191084
2025-03-06,-0.0007571822957069957,7.4050093354963375e-06,1.2408596277496665e-05,0.0,8.955886741557984e-06,3.4412877706757848e-06,0.8535995431787823,0.5809388025019031,0.0028024570283712302,-0.0007893930758322224
2025-03-07,-0.0010301392845404797,6.605039388807093e-06,8.349300435374364e-06,0.0,7.393931238518218e-06,2.7642711724076164e-06,0.5563757352236821,0.41383421841783397,-0.05056333854664535,-0.0010552518267755871
2025-03-10,-0.0030689664340946047,9.720944916509452e-06,9.016071642912793e-06,0.0,1.0504161713845207e-05,4.02863671915725e-06,0.6268158452921015,0.6271721670247405,-0.049638801793677745,-0.003102236249087029
2025-03-11,-0.0028112158496645693,1.1086388189002153e-05,1.2053661527600427e-05,0.0,1.0616748461824022e-05,3.4785303116153823e-06,0.9913138657657412,0.6338092757731183,0.0494161834217339,-0.0028484511781546114
2025-03-12,-0.005891685032275886,1.2665332537816995e-05,1.6215133165703894e-05,0.0,1.4168677957738343e-05,6.524005056084525e-06,1.2036666531340177,1.145320375720107,0.04928752629790667,-0.0059412581809932296
2025-03-13,0.0047348857473721246,1.0748055201851497e-05,1.5722282181071373e-05,0.0,1.2182074023551931e-05,2.0134189736358598e-06,1.1268245951703977,0.38906905277382736,0.05081466520300309,0.004694219916992014
2025-03-14,1.3294602663628923e-05,6.28517408198599e-06,6.791128229355266e-06,0.0,5.585205568439293e-06,1.4124191600627826e-06,0.3892268008434241,0.18693753775360794,-0.0503488811369395,-6.779324376214407e-06
2025-03-17,-0.0002848575676474871,4.358600811649672e-06,7.442911522360747e-06,0.0,4.0385585781948956e-06,3.3098893077795877e-06,0.575253647150995,0.5148622550008433,-0.0411991487061274,-0.000304007527867472
2025-03-18,0.0010556593433959317,3.6887421256343127e-06,5.763928322917215e-06,0.0,3.324395174546247e-06,1.8743163332635025e-06,0.42120701392127674,0.2888753301479694,-0.026009813840299004,0.0010410079614395704
2025-03-19,-0.00018465813441700412,5.246993029261261e-06,6.0660459862791285e-06,0.0,4.329931948235408e-06,2.9774394125615793e-06,0.5165361921285172,0.550455311076286,0.05024548976594062,-0.0002032785447933415
2025-03-20,-0.00010293424758917219,4.174847072431458e-06,5.802970340534971e-06,0.0,2.7961908764724626e-06,1.5314865074622404e-06,0.4148635443014247,0.30756602123079185,0.0502762879771355,-0.00011723974238607332
2025-03-21,-0.001051399564967812,4.566338380846678e-06,8.97209749530599e-06,0.0,5.050161522355177e-06,2.8179539167131603e-06,0.5685399654782626,0.42363636900523355,-0.04977988900257742,-0.001072806116283033
2025-03-24,-0.0013594334221963174,2.9818764444092294e-06,3.1159567885243594e-06,0.0,3.395894816611915e-06,1.2750268021441943e-06,0.3034010635844247,0.2516829647793838,0.03747846201915911,-0.001370202177048007
2025-03-25,-0.0005967523603542276,3.941025605773515e-06,4.6372249036551136e-06,0.0,2.6742904797240686e-06,1.5482641028109035e-06,0.284409540244032,0.22858929648508658,-0.03151907278714523,-0.0006095531654461911
2025-03-26,0.0006338008046190317,3.2951163556376936e-06,3.4478610139603973e-06,0.0,2.0744291163634688e-06,1.1853086211167473e-06,0.22458019060192858,0.14952895002460903,-0.04960289832300446,0.0006237980895119534
2025-03-27,5.745869761849366e-06,8.941898707342963e-06,7.303513480473037e-06,0.0,5.3919203105213956e-06,3.070069650905886e-06,0.6297787969703209,0.5655274765701268,0.04975577521793828,-1.896153238739392e-05
2025-03-28,-0.002170640555093142,7.686430575487217e-06,1.0311146784827906e-05,0.0,5.509641273704763e-06,1.6736218600288203e-06,0.7204465660134493,0.3302392898669129,0.04907081738207104,-0.0021958213955871908
2025-03-31,0.0009786273791093456,6.62419695064806e-06,6.286647192049263e-06,0.0,4.56947376336952e-06,1.7972648397572214e-06,0.4568324139546256,0.3518192718164911,0.049878778737277876,0.0009593497963635215
2025-04-01,-0.0012608891809287078,7.674010393833958e-06,7.90872211677617e-06,0.0,5.8560520750175595e-06,2.2987584358862455e-06,0.4528696869641209,0.33624739863954756,-0.04994401858934172,-0.0012846267239502217
2025-04-02,-0.00015554153323795117,4.186197601797995e-06,4.641232097979963e-06,0.0,3.881084670425115e-06,1.502825203767732e-06,0.33881985630687644,0.20276325961914018,-0.0497113746138389,-0.00016975287281192198
2025-04-03,0.0015714005108017795,6.957366952150679e-06,7.704693710935946e-06,0.0,7.257704939782624e-06,2.7690870899898304e-06,0.6590045799648775,0.5148931898224087,0.049686558704117256,0.0015467116581089203
2025-04-04,-0.0020816830017382393,7.911035918503031e-06,7.145165270760769e-06,0.0,8.735480387276213e-06,2.9766256821220877e-06,0.5177866499373949,0.5481929871661333,0.04811987256962258,-0.0021084513089969013
2025-04-07,-0.0030210867694531944,1.0622865969649866e-05,1.7315913880867753e-05,0.0,1.3106591323583343e-05,4.171594403842278e-06,1.1538262786119473,0.6508680667694533,-0.04995979307604931,-0.0030663037350311378
2025-04-08,-0.0005829186848269545,9.707460385296172e-06,1.3159983758556166e-05,0.0,1.199683440047343e-05,6.306917441873615e-06,0.9410426965538264,1.0099561927465117,-0.04960593748825565,-0.0006240898808131538
2025-04-09,0.005089846400730601,1.307546268296277e-05,1.429459616017822e-05,0.0,1.682170969514513e-05,3.368754622252385e-06,1.04767643490531,0.5095571615346455,-0.05639361500375506,0.005042285877570062
2025-04-10,-0.0038042116840104855,9.788325815016866e-06,8.718535758395566e-06,0.0,1.2911966839740898e-05,3.961218209368883e-06,0.6041470517835232,0.6163714081128986,-0.04911325106107395,-0.0038395917306330075
2025-04-11,6.182944458620209e-05,4.64380576254856e-06,7.55374908859304e-06,0.0,5.677184624826344e-06,1.262537257517449e-06,0.5903471881878688,0.18372580242421538,-0.028380456838716102,4.2692167852716695e-05
2025-04-14,-0.00020913928534144828,5.436635816152349e-06,6.5616668329693455e-06,0.0,4.91602148710837e-06,2.4791687860392506e-06,0.5277066664062108,0.42998435632833765,0.01348400027374344,-0.0002285327782637176
2025-04-15,0.000512619416009388,3.615787733458897e-06,4.437320868721193e-06,0.0,3.3474688574969912e-06,9.517207093677386e-07,0.34586455400827565,0.2103270837446359,0.050438004570855864,0.0005002671178403433
2025-04-16,-0.0003228035775694043,4.996161372414997e-06,8.560491683653823e-06,0.0,4.926435879025595e-06,2.4709594695791164e-06,0.5369671798074586,0.3748493966316422,-0.04027179425764915,-0.00034375762597407784
2025-04-17,-0.0018505697040589924,5.086583570372514e-06,5.454411024503519e-06,0.0,4.8117758432197805e-06,1.043753522349633e-06,0.482985892796549,0.22562077022753754,0.050270178472799236,-0.0018669662280194378
2025-04-21,-0.0010618214359632136,5.919671284342873e-06,8.306591891540486e-06,0.0,6.090483939934324e-06,2.3459837753642265e-06,0.5207777220038876,0.37122477458925685,-0.022900499671933056,-0.0010844841668543955
2025-04-22,0.00022937953802580112,2.2996592286840745e-06,3.027793213503185e-06,0.0,2.644544830303034e-06,1.407706173497642e-06,0.2266932080679107,0.21082780919375685,-0.025666827953846963,0.00021999983457981318
2025-04-23,-0.0005564176444271997,2.238382222395483e-06,2.527830672312571e-06,0.0,1.7662617216040076e-06,8.863953377719577e-07,0.16652140077841468,0.09811454838806574,-0.05079986835762313,-0.0005638365143812837
2025-04-24,-0.0001855878389172208,1.436834874443177e-06,1.143633879758269e-06,0.0,1.1845404111233562e-06,6.335041430025695e-07,0.12514389212887603,0.10324506040734502,-0.0031836356170866003,-0.00018998635222554816
2025-04-25,-0.0002715389115094661,1.5812495030928849e-06,1.9353790779454594e-06,0.0,1.0846593355651564e-06,7.743226936538528e-07,0.1050277334412355,0.08629817911327893,-0.04378803342056834,-0.00027691452211972344
2025-04-28,0.0002285696132913506,1.2233320301671606e-06,1.0593990773922429e-06,0.0,7.02343023512704e-07,7.555557938396132e-07,0.06888139841715214,0.07711928667385418,-0.049814086691200854,0.00022482898336643887
2025-04-29,-0.00019631265962672862,1.3986501200822433e-06,5.91762443729177e-07,0.0,8.356247941235589e-07,3.9558979822253437e-07,0.07900810641757765,0.06397451698190855,-0.002484569119477236,-0.00019953428678288614
2025-04-30,-7.841246811969461e-05,4.2813099921640455e-06,7.403422284374802e-06,0.0,3.1014792647675555e-06,3.0091555684979098e-06,0.49037344240422365,0.45553071172447546,-0.05000742378317391,-9.620783522949892e-05
2025-05-01,0.0007311554548696689,7.30200476460814e-06,9.311820381339518e-06,0.0,5.841746303295916e-06,1.9244396928452937e-06,0.790659018202287,0.37324300504717955,0.04993713664917018,0.00070677544372758
2025-05-02,0.0025842532064936927,3.206491392091815e-06,4.544186739431189e-06,0.0,2.6488609869408485e-06,5.364554018606127e-07,0.31797398323073184,0.13553154864185052,0.045407041129267564,0.0025733172119733684
2025-05-05,-0.00032190111123141376,1.5649304271584752e-06,1.5605203924004994e-06,0.0,1.0226758436647029e-06,4.605132402944654e-07,0.09750203396389717,0.10479983610503199,0.027433611735561796,-0.0003265097511349319
2025-05-06,-0.000259781541002677,2.5894866715610344e-06,1.6744928203704054e-06,0.0,1.5073933208299704e-06,6.542297825972828e-07,0.134534338884213,0.16005817572318992,0.05014757224684641,-0.0002662071435980357
2025-05-07,-4.0104864292033275e-05,2.4623918928311356e-06,2.20909412405845e-06,0.0,1.651082170540056e-06,4.532276701738012e-07,0.14901558721977312,0.11998204780803927,0.04383979921884067,-4.6880660149636716e-05
2025-05-08,0.0008121699632234028,3.5956033096909756e-06,5.225131334963261e-06,0.0,2.2335273754456323e-06,2.035783420176393e-06,0.389169474927869,0.3923194331021944,0.05030781851256036,0.0007990799177831266
2025-05-09,0.0004796872453438051,3.0671481528810273e-06,4.954964836695951e-06,0.0,1.6622585620379704e-06,5.213396742047861e-07,0.34221063008478936,0.11840834698823705,0.03082328172183297,0.00046948153411798535
2025-05-12,0.0013117808117060967,1.9591401767613065e-06,3.049344484675999e-06,0.0,1.4388392225104965e-06,7.77833239458847e-07,0.14873238823066867,0.08107156713744122,-0.049604417091645106,0.0013045556545826901
2025-05-13,4.465466542885007e-05,2.546500749914179e-06,1.543383708047287e-06,0.0,1.553313584882165e-06,7.658283131655084e-07,0.196128835153167,0.17911697779711355,0.0504578211853081,3.8245639072840936e-05
2025-05-14,-0.0010666751213496831,1.8484798222348586e-06,2.3857311562750886e-06,0.0,1.2388044574396625e-06,4.500565495333133e-07,0.14765354330080258,0.10006380380729396,0.024454303485697305,-0.0010725981933351661
2025-05-15,0.0006933992470960099,9.235531117503686e-07,1.4046807980478899e-06,0.0,6.395701990157881e-07,5.108490940725451e-07,0.06665913245378711,0.07039800413524747,-0.015424643668940124,0.0006899205938931234
2025-05-16,0.0002212685709459745,6.747765864725824e-07,7.497116508679117e-07,0.0,4.4560462481685037e-07,3.476518378389466e-07,0.05252068789720138,0.04118486514216435,-0.017220643614778673,0.0002190508262459782
2025-05-19,5.278076623999062e-05,5.430950446753188e-07,9.866233942738364e-07,0.0,3.89493991797639e-07,5.863921284354799e-07,0.04851463625882568,0.052843696714564244,-0.04567018086259637,5.0275161680808345e-05
2025-05-20,-8.816368788219695e-05,4.35233879461244e-07,7.25063781658447e-07,0.0,4.142845253639096e-07,5.311988517475613e-07,0.06418130874098615,0.05625251947286683,-0.032988887620723446,-9.026946892042812e-05
2025-05-21,0.000706818089853073,9.306916824989e-07,2.515223278284182e-07,0.0,5.163557346770289e-07,2.0672215838745358e-07,0.06482844693924526,0.06003139259184467,0.02530206998275248,0.0007049127979496812
2025-05-22,6.931583962581082e-06,3.5469652557312016e-06,4.594001469706991e-06,0.0,2.2277807936158164e-06,1.7329021281663793e-06,0.3672165184220373,0.3413443660213966,0.0502168084894449,-5.170065684639307e-06
2025-05-23,-0.00023135663294761316,2.83322553607004e-06,3.4145766340578024e-06,0.0,1.7671950686982314e-06,8.062459166172695e-07,0.24221982375797674,0.18576545544900264,0.05031614145730136,-0.0002401778761030565
2025-05-27,0.0010489174856549632,1.6569348997873034e-06,2.162623796024659e-06,0.0,9.443207052460213e-07,2.516403050506003e-07,0.13784455144327556,0.07531772525789934,0.033042154009398514,0.0010439019659488546
2025-05-28,-0.00032910802947241273,1.2694922405705803e-06,1.0314753550875068e-06,0.0,5.03643464998939e-07,6.405464004208649e-08,0.08226198438325616,0.059319432347663355,0.04855825282059283,-0.00033197669517311183
2025-05-29,0.00021470158060328114,1.4510243821822661e-06,2.1081844990216334e-06,0.0,5.840005743844818e-07,4.528362259764622e-07,0.09182513702685674,0.0568344968636872,-0.01924198910035844,0.0002101055349217163
2025-05-30,6.858561570896441e-06,1.6316023054789234e-06,1.5592318776643599e-06,0.0,1.005068989188019e-06,6.860506148127778e-07,0.10487760257452874,0.08554954917079982,-0.029706954117746848,1.9766077837523607e-06
2025-06-02,-0.00030524595197726606,1.0305195160548399e-06,9.938925365268602e-07,0.0,6.249090849657724e-07,4.2529151052934873e-07,0.0794879494139499,0.05193251289041095,-0.01951646087851963,-0.0003083205646253429
2025-06-03,9.527708009814085e-05,6.353200646333658e-07,7.820691754523923e-07,0.0,4.6564357684837526e-07,4.010560742226802e-07,0.06307204224275217,0.05478179929221298,-0.012595621177197274,9.299299120698404e-05
2025-06-04,0.0001504914043522411,1.572224519827728e-06,8.453373876566147e-07,0.0,7.545633226668415e-07,1.649685267682841e-07,0.10187345788992613,0.0690997514448398,0.041385038947768085,0.00014715431059532163
2025-06-05,-0.00015109525114755446,1.2867558093235674e-06,9.890808504774254e-07,0.0,5.037863749296815e-07,1.3915114089603317e-07,0.06454542050463646,0.05953035953521557,0.036152967864682,-0.00015401402532318117
2025-06-06,0.00038319371538495043,9.748164378425394e-07,1.7728499264376353e-06,0.0,4.0558547272621805e-07,3.669286272032475e-07,0.0861937014414558,0.046988500345525853,-0.014655509024619729,0.0003796735349207408
2025-06-09,-4.455823551090804e-05,9.773318842381998e-07,2.85769830631305e-07,0.0,5.159322189931855e-07,1.7046232913952365e-07,0.07293486240597563,0.07879186183053072,0.05015419053509076,-4.650773177391025e-05
2025-06-10,-0.00032512569839913166,1.240636985002963e-06,1.930195524910035e-06,0.0,6.679401182986568e-07,4.705229964313582e-07,0.0876819691827159,0.06999245060199885,-0.009055412798469348,-0.00032943499402377467
2025-06-11,0.0002464372332758685,2.013763995884874e-06,2.052724012035341e-06,0.0,9.793702846157784e-07,6.468126064987362e-07,0.11303059409348895,0.0609682294741891,-0.047696288417598556,0.0002407445623768338
2025-06-12,-0.0002577906329429496,1.277295053201792e-06,1.4091922225202173e-06,0.0,6.16483803857479e-07,6.844125878362505e-07,0.09886847725551245,0.06501774772424786,-0.049963567032242265,-0.00026177801661036537
2025-06-13,0.00030550011350285376,8.939358529931783e-07,9.636770740508377e-07,0.0,6.006995515482134e-07,6.48127054702753e-07,0.07230510122341761,0.06286880946312808,-0.04601653572693445,0.0003023936739695588
2025-06-16,-0.00026523226725290916,9.321352788988246e-07,7.26591432566692e-07,0.0,6.286819323834479e-07,3.4809466142808977e-07,0.07355340288522817,0.037694053293780234,-0.020785849826138847,-0.0002678677705581862
2025-06-17,7.197340162652759e-05,8.129311814404632e-07,6.850578200945903e-07,0.0,4.429049923428161e-07,3.9108620562220297e-07,0.04140915251401734,0.03723745048581201,-0.0284650320587181,6.964142142702752e-05
2025-06-18,-0.00024809486051870656,1.2872911016809048e-06,8.462663326146257e-07,0.0,8.843388145098381e-07,5.072382491973304e-07,0.11261548266461589,0.11820805477604193,0.03299202891089044,-0.00025161999501670924
2025-06-20,-0.00038485721952842707,2.2980138599844457e-06,2.972991179297182e-06,0.0,1.3817569532664597e-06,7.414316642566438e-07,0.16021370956612746,0.09781424649071414,-0.02674627310440196,-0.0003922514131852318
2025-06-23,-0.0005672287089409938,1.7388271515362406e-06,1.8825211879279757e-06,0.0,9.254064567266022e-07,8.075843056273013e-07,0.11695778485383838,0.08573590758707345,-0.04993825575831312,-0.0005725830480428119
2025-06-24,-0.0003423900189059916,1.9635513365821088e-06,1.1272932667985023e-06,0.0,9.402274217340271e-07,6.669149559617684e-07,0.1449138540392783,0.1364505783066774,0.02440886570510027,-0.000347088005887068
2025-06-25,-0.000615830099013815,1.947830279330078e-06,1.843234225406944e-06,0.0,1.0512315382757374e-06,3.588910637718589e-07,0.1379398872851066,0.0920220567822693,0.03172835806859703,-0.0006210312861205996
2025-06-26,0.0004026735308845733,1.8194800177415083e-06,2.323074685624616e-06,0.0,8.892743795993233e-07,6.851461712687698e-07,0.10808348320651784,0.08208116360859466,-0.03302339316455867,0.0003969565556303391
2025-06-27,4.3809378189413895e-05,1.3974655297396037e-06,1.8403444220507984e-06,0.0,6.414770013348829e-07,7.47221438252186e-07,0.1191618713198219,0.07789402832144927,-0.047639173304918,3.9182869798036424e-05
2025-06-30,2.5941302919527076e-05,1.693284410643847e-06,1.3124233984555467e-06,0.0,6.188443251277408e-07,7.852197690848127e-07,0.09278393500739364,0.08209988289233566,-0.04981703831391282,2.1531531016215128e-05
2025-07-01,0.00010770671048442341,1.6364105192074702e-06,7.943473998267587e-07,0.0,6.312088559198779e-07,4.608994448465063e-07,0.07727484239523094,0.05940139525714842,-0.018029711477064628,0.0001041838442646228
2025-07-02,-0.0002652866135876693,1.030969390227475e-06,1.4572371560060776e-06,0.0,7.797661859964793e-07,7.796033552269212e-07,0.09020678123314303,0.09587615840523193,-0.035097205272890813,-0.0002693341896751262
2025-07-07,0.0005715876339356029,1.9901842224267633e-06,2.9548105990603385e-06,0.0,1.1540825818448583e-06,1.1840365627728859e-06,0.2022483514496676,0.14923017495761717,-0.04968796758822777,0.0005643045199694981
2025-07-08,0.00022438288540589646,2.1767021738965433e-06,8.4928935038162e-07,0.0,1.4820222251406371e-06,6.36800885347445e-07,0.1403385060926518,0.15742744008196138,0.050444891343590585,0.0002192380707711302
2025-07-09,0.0009721385730281684,2.1075927755243817e-06,3.1917004875795955e-06,0.0,1.0504565041752601e-06,5.95264253201437e-07,0.17945881431493932,0.08902666968288248,-0.010977724854958947,0.0009651935590076877
2025-07-10,-0.0001950387885539084,2.136904195033602e-06,2.64510762156769e-06,0.0,1.5039859956556004e-06,1.0179329684267345e-06,0.24736928990676693,0.22101690510159708,0.0500041664059057,-0.00020234271933459202
2025-07-11,-0.000711399458971666,3.6505563390382105e-06,3.546274601948596e-06,0.0,2.40392870699517e-06,1.5677799473465051e-06,0.254208700200237,0.31327516645236236,0.04988813529814952,-0.0007225679985669945
2025-07-14,0.0007858693963916792,4.736274202349842e-06,4.95779602911327e-06,0.0,3.134944890468617e-06,1.7591722490880008e-06,0.3059954841170531,0.2910211261396379,-0.004519811707146257,0.0007712812090206595
2025-07-15,-0.0013103089597874063,6.326669640474666e-06,5.8787464803919765e-06,0.0,5.0404576132891946e-06,2.0557725569645506e-06,0.4786371096308638,0.39519302612034063,0.04982323655029597,-0.0013296106060785267
2025-07-16,-0.0004417110381626405,5.650723774506032e-06,4.754481989108738e-06,0.0,3.1723709332508245e-06,1.1964222372412434e-06,0.3300757446049724,0.25149514221269537,0.050496206356166445,-0.00045648503709674735
2025-07-17,0.0011904229799343997,3.7537882209751784e-06,4.5812087629024345e-06,0.0,3.013605428805292e-06,1.7665195444431154e-06,0.2597648927835465,0.272447762053673,-0.024327521412770406,0.0011773078579772737
2025-07-18,9.535020672473945e-05,3.3009927828907984e-06,5.051501886923708e-06,0.0,2.5421083587915813e-06,1.501280678673798e-06,0.34289192785775147,0.20274464787700225,-0.04947050614019575,8.295432301745956e-05
2025-07-21,-0.00032888306374014183,3.015223864615596e-06,2.7564229209411846e-06,0.0,3.077465206999227e-06,8.459107427023407e-07,0.26104540368919915,0.17174840607900702,0.029635401305013843,-0.00033857808647540016
2025-07-22,0.001462989465129528,5.234304941907002e-06,6.0817052501898175e-06,0.0,4.592942756755012e-06,2.065756173531898e-06,0.4443865512998932,0.38456893611517606,0.037521898961817096,0.0014450147560071444
2025-07-23,0.00234109458150255,4.876102218076121e-06,6.067058329248057e-06,0.0,3.801183426216972e-06,2.0875721124549835e-06,0.36194670857941447,0.3011935073128817,-0.049518607579555396,0.0023242626654165536
2025-07-24,-0.00026632435355725625,5.024363433502302e-06,3.637650450492473e-06,0.0,4.688876309308877e-06,1.3432736193467105e-06,0.3441945262595777,0.27575675737501587,0.05008678932476858,-0.0002810185173699066
2025-07-25,0.0005883400292194139,4.1291092909568385e-06,4.9685636754728915e-06,0.0,3.533529826476844e-06,1.8450905997916004e-06,0.2744335389720391,0.2682425022378857,-0.04173271852710317,0.0005738637358267157
2025-07-28,0.0004238342691800344,3.7162759377419913e-06,5.59461292256388e-06,0.0,4.417300557258096e-06,1.9793510437458545e-06,0.4271281447586272,0.315302840461199,-0.0172281348881045,0.00040812672871872455
2025-07-29,0.0013463035875784161,6.61259196791977e-06,9.513729618998369e-06,0.0,5.0755424825053006e-06,3.941388212846857e-06,0.6523537164122113,0.6123001765364647,-0.049853043221807,0.001321160335296146
2025-07-30,0.0010127769201327685,8.154217168321719e-06,1.4295316039723737e-05,0.0,8.324477414599785e-06,7.6100720393607955e-06,1.0440223652552263,1.228317374545127,-0.05017472806748602,0.0009743928374707625
2025-07-31,0.004092587330708984,1.0282912747382662e-05,1.7936434814333186e-05,0.0,1.019946315435672e-05,2.5413348365658535e-06,1.4464833905399308,0.4768462695071556,0.0499020169640923,0.0040516271851563455
2025-08-01,0.002212469216380858,7.108113166025864e-06,1.0934261175559331e-05,0.0,6.7755645375572905e-06,2.635855579934475e-06,0.7512488504522629,0.46637054924341287,0.023546811814421198,0.002185015421921781
2025-08-04,0.0004907705860240162,6.738489939206622e-06,7.083856936225291e-06,0.0,6.599275227541731e-06,1.4108904885502052e-06,0.5567641546687392,0.2876508051789323,0.05062120310249774,0.0004689380734324923
2025-08-05,-0.000911160389862358,7.928697923075829e-06,6.177801608231285e-06,0.0,8.008916384895945e-06,1.3819515070978162e-06,0.4137158147215612,0.28319636241174484,0.05102850921931173,-0.000934657757285659
2025-08-06,0.0009766125000938335,1.1938978809972671e-05,1.1119144306402292e-05,0.0,9.760786686524617e-06,3.6974907961992923e-06,0.8304950907782891,0.6716340143163234,0.05045556055484221,0.0009400960994947346
2025-08-07,0.0025058772551491467,9.104367505614463e-06,9.547202482072218e-06,0.0,8.150004571519744e-06,1.5065399317015131e-06,0.6557332456106143,0.3047611404773149,0.05166243195146073,0.0024775691406582387
2025-08-08,-0.0005991919644036339,5.085767840791754e-06,6.0633474772025165e-06,0.0,3.708575205234568e-06,2.193812679859332e-06,0.34735694647470994,0.3199228015605889,-0.04863772865577899,-0.000616243467606722
2025-08-11,-0.0005962849936329085,5.587564947437549e-06,3.500612591224198e-06,0.0,3.977259363646166e-06,2.1038992101313716e-06,0.3290868021012374,0.40356315171326534,0.050108084411194964,-0.0006114543297453478
2025-08-12,-0.00012234915166550798,7.863614032390325e-06,9.848662793156878e-06,0.0,5.487346876602323e-06,2.201308347585123e-06,0.6024463235231221,0.3199978428985323,-0.049821959495768495,-0.00014775008371524262
2025-08-13,-0.0015285350206421585,5.2243176610969824e-06,4.897048296757104e-06,0.0,4.040875795530556e-06,2.104147357769379e-06,0.36036093924089735,0.3033233311091187,-0.05017342499613701,-0.0015448014097533126
2025-08-14,0.000666422906393892,7.430652304443361e-06,6.775851528933405e-06,0.0,5.841108078409257e-06,2.5587620314995982e-06,0.47576716802693253,0.3799900169277326,-0.04988200436419997,0.0006438165324506064
2025-08-15,0.00046463882794562744,7.717049434443908e-06,4.112593636524946e-06,0.0,4.379591032378653e-06,1.5652093934327717e-06,0.3447264731611915,0.2859605509793356,0.02300537288262993,0.00044686438444884716
2025-08-18,0.00018694443629847275,6.461257818957179e-06,5.89169150707212e-06,0.0,4.979722670705447e-06,2.0876375279993833e-06,0.4350149592602544,0.4010365367328833,0.05031343202898704,0.00016752412677373862
2025-08-19,0.0018942526268365331,4.813284362002063e-06,9.899342768922449e-06,0.0,5.657391851391489e-06,2.8933980166027174e-06,0.6369298017355228,0.43709717424884453,-0.04899369254041197,0.0018709892098376145
2025-08-20,3.774866147757973e-05,8.553010700847971e-06,1.0162108829321816e-05,0.0,8.640591476939904e-06,3.1068154268762407e-06,0.8396887967600547,0.5724140394064292,0.050469047691220736,7.286135043593798e-06
2025-08-21,0.0011811538352235603,7.0893619433153385e-06,1.0213788506591904e-05,0.0,6.925633184693546e-06,1.6232281886530346e-06,0.7112591914096109,0.3024946449702748,0.029792309276564857,0.0011553018234003066
2025-08-22,0.0013974516760279479,3.7241241590515912e-06,5.390204926224117e-06,0.0,2.9250363604069114e-06,1.5032091800077153e-06,0.32916928159390624,0.20388537580785976,-0.048653766433436454,0.0013839091014022575
2025-08-25,0.0001186112415392408,2.504831525210234e-06,2.1798808774849912e-06,0.0,1.9555506937329826e-06,9.596661720651642e-07,0.23277827511792015,0.211461152190568,0.05023723528362034,0.00011101131227074743
2025-08-26,0.0003962386625951252,4.449619948221453e-06,6.759895322634944e-06,0.0,4.948455130948778e-06,2.6983981130613414e-06,0.4144116456665635,0.4031674329103142,-0.05016345008399112,0.0003773822940802587
2025-08-27,-0.000312550148218256,5.9363726561521885e-06,6.500774687099424e-06,0.0,5.1838051061097e-06,2.1326138116932346e-06,0.5521648720157281,0.40826891320324765,0.04998979283878423,-0.00033230371447931056
2025-08-28,-0.0007791305707917001,5.8106855337830346e-06,6.9411557917610955e-06,0.0,4.9985188296282885e-06,2.1513354014844114e-06,0.4212409090678343,0.3117370307621224,-0.049687316687258676,-0.000799032266348357
2025-08-29,0.001188199579495651,5.340404033289876e-06,6.895917485978706e-06,0.0,4.921891951730356e-06,2.696872180091819e-06,0.4825773496601948,0.404165020858574,-0.048909505396851544,0.0011683444938445603
2025-09-02,0.0005076972653694087,1.0149330297384996e-05,1.0277559505466944e-05,0.0,7.268694699265166e-06,4.614749479558769e-06,0.7082331867440546,0.7264318527269091,-0.04884605983896406,0.00047538693138773284
2025-09-03,0.001857786995555318,7.476196646733951e-06,7.053769477309466e-06,0.0,6.705497683208668e-06,4.483118453925736e-06,0.516730122604242,0.7049376197142203,-0.04822628054530287,0.0018320684132941403
2025-09-04,-0.00017142404139076055,8.135477576565399e-06,8.727352067791903e-06,0.0,6.655639441038828e-06,3.159226704916534e-06,0.6356960359642845,0.48176514249047164,-0.0489849439355059,-0.00019810173718107322
2025-09-05,0.00032422174893755886,6.094874960552277e-06,7.315431305046671e-06,0.0,5.968181253928793e-06,3.5132282053122776e-06,0.5214198026775273,0.5404204476234575,-0.04980189086900472,0.00030133003321271886
2025-09-08,0.0014510820582590142,7.07086526409505e-06,1.118760645724609e-05,0.0,7.175239820498047e-06,5.704036826293365e-06,0.8136938527705115,0.9095091413758687,-0.04876904544141647,0.0014199443098908816
2025-09-09,0.00040933906316077304,7.989420004613844e-06,1.1871904060347235e-05,0.0,8.178065027856274e-06,3.486279151480137e-06,0.8923953475848352,0.5368049981029147,-0.04888989934574847,0.00037781339491647556
2025-09-10,0.0016609262668486223,6.766412316522252e-06,7.898456528208601e-06,0.0,6.917434618336906e-06,3.111232298683924e-06,0.5562691776547813,0.47464352588979564,-0.04804350028910387,0.0016362327310868706
2025-09-11,-0.0020440453334579444,6.2275459225834655e-06,7.62106042921867e-06,0.0,5.399212943495598e-06,2.5513019366150106e-06,0.5639814913626484,0.3797364204360405,-0.04888230491528131,-0.0020658444546898572
2025-09-12,0.0002506211021174025,9.907630198294428e-06,9.03304152465561e-06,0.0,8.424153166909766e-06,3.0084726647481038e-06,0.7450258370043441,0.5556849845202101,0.05026157684252869,0.0002202478045627946
2025-09-15,-0.003135265686126131,9.288902230774932e-06,8.533624338909745e-06,0.0,6.7541984414077865e-06,2.1925846929459655e-06,0.6083780999784963,0.4187425273329876,0.05038829891806526,-0.0031620349958301694
2025-09-16,0.000854032667351741,5.943253742916383e-06,7.579940249783193e-06,0.0,6.025621687998908e-06,2.45236052032984e-06,0.45058490478309304,0.3635097772502088,-0.04848679016520442,0.0008320314911507128
2025-09-17,0.001185660404870085,8.46806609964212e-06,8.813906423298e-06,0.0,9.873389369576342e-06,3.194114169981926e-06,0.728841037415739,0.5875494914884032,0.050938310931439634,0.0011553109288075865
2025-09-18,0.0012337423199390448,8.530999275213516e-06,8.567955062874963e-06,0.0,6.790519623779987e-06,1.737673722768498e-06,0.581813863956469,0.34362817375877397,0.05169898833366647,0.0012081151722544078
2025-09-19,-0.0002274383432419704,1.110083751870071e-05,1.0238623968824767e-05,0.0,8.516984085467352e-06,4.0917936308468935e-06,0.7601336126986551,0.7386762868267985,0.051254956844520194,-0.0002613865824458101
2025-09-22,-0.0032629214284636944,1.040783555261878e-05,8.077200485717323e-06,0.0,8.388339416052159e-06,4.118283711418243e-06,0.5744124713934855,0.74335431910501,0.05148265558674525,-0.0032939130876295008
2025-09-23,0.004219735768129291,8.956063115004448e-06,1.22928299233645e-05,0.0,6.645823305573795e-06,2.556753274593021e-06,0.8469009042441908,0.46762164933958916,0.038087099207961585,0.004189284298510755
2025-09-24,0.002133502133456557,7.5515492387353395e-06,6.938714115003054e-06,0.0,5.851004686404149e-06,2.3690582519783143e-06,0.4945543672022332,0.4488190712266311,0.05081728489427432,0.002110791807164436
2025-09-25,-0.0026671298571387583,5.5757753076906854e-06,6.760695594571876e-06,0.0,5.0007604786151505e-06,2.556279831548404e-06,0.4843817937672278,0.478309196972682,0.04885418527254999,-0.0026870233683511844
2025-09-26,-0.00024746782362647184,5.73248017029999e-06,7.112389817365931e-06,0.0,4.6016546217739e-06,2.323127313781058e-06,0.4493360426591913,0.36302754077061217,-0.027257847944605382,-0.0002672374755496927
2025-09-29,-0.001172495705130752,5.401234219963702e-06,4.3555845121973655e-06,0.0,3.913294020795051e-06,1.2240533697922613e-06,0.38237691172577076,0.25607513683053995,0.05043417070544006,-0.0011873898712535004
2025-09-30,0.00014786395870777742,5.659049239779896e-06,8.466962298463092e-06,0.0,5.524368389970499e-06,3.3772530222190943e-06,0.5266535790204441,0.5187803301094417,-0.04859817762336607,0.00012483632575734484
2025-10-01,-0.0013624770635467067,9.111703894620708e-06,1.1936749783866334e-05,0.0,9.964560285865985e-06,3.6920602988445257e-06,0.9654094906075061,0.6714306108257211,0.05116448061984044,-0.0013971821378099042
2025-10-02,0.0006718018877345538,6.882330470333392e-06,8.084903795946702e-06,0.0,6.701232742233878e-06,3.0289402601697232e-06,0.5545815645153325,0.5235832238739097,0.014721260165396266,0.0006471044804658701
2025-10-03,0.0018886903192489692,6.88442277053494e-06,9.152158527816406e-06,0.0,7.011442583418384e-06,4.001536479030816e-06,0.7051985084120415,0.7240195188761276,0.051761390398950446,0.0018616407588881686
2025-10-06,-0.0014389605877791131,7.113390647252178e-06,1.153240519454635e-05,0.0,8.405446239655411e-06,2.7111052807880717e-06,0.838018569927137,0.5059744627699104,0.05050877559751442,-0.0014687229351413552
2025-10-07,-0.00040063487006168484,7.455859944436842e-06,1.1559500122909881e-05,0.0,7.609629063092583e-06,3.549605004514581e-06,0.7535782345171984,0.5480478140773211,-0.04828582668112863,-0.00043080946419663874
2025-10-08,0.0023483092774743046,5.989181690645018e-06,8.319508312522415e-06,0.0,7.3307759800164035e-06,2.661065598218048e-06,0.6494717851806133,0.4557794524122199,0.00872043191158793,0.002324008745892903
2025-10-09,0.0007748725813765517,7.251880625032795e-06,7.620684937225059e-06,0.0,7.180804600763566e-06,2.416271518375259e-06,0.5930724185239175,0.4578569221787,0.05192330709165654,0.0007504029396951551
2025-10-10,-0.00015534736315513047,8.059708111567333e-06,8.166660253717123e-06,0.0,6.942600514994625e-06,1.6660918251769133e-06,0.5860892815800091,0.3306309914309813,0.05072756480125988,-0.00018018242386058647
2025-10-13,0.0016853635433987481,4.061861660687745e-06,5.958288415623938e-06,0.0,4.301784211204938e-06,2.2115803078149625e-06,0.3962097142837741,0.379189108397348,0.007643616684434307,0.0016688300288034165
2025-10-14,0.0014618061786719455,8.626910650430459e-06,1.2532130109281211e-05,0.0,7.636221131314702e-06,4.346562817577479e-06,0.8378535199343439,0.681972050806394,-0.04825050254662244,0.0014286643539633416
2025-10-15,0.0008075866175545093,8.7622085893026e-06,1.1650700451126156e-05,0.0,1.0859986142467553e-05,2.738605918319158e-06,0.9557165645252519,0.5107433252309701,0.050657530953351446,0.0007735751164532938
2025-10-16,0.0006782168926078545,1.0044078871131008e-05,1.657794906149778e-05,0.0,1.1286057790906753e-05,5.364789035360883e-06,1.1114950187236765,0.8512785715448238,-0.05000598639580439,0.0006349440178489581
2025-10-17,0.00047894555498490107,9.134040942622286e-06,1.1564076696264895e-05,0.0,1.1849484709606992e-05,2.7466343825280836e-06,0.9530925347042187,0.5115517704713219,0.050117194206604085,0.0004436513182538788
2025-10-20,-0.0006126685382848205,4.996837206327631e-06,5.619537934225953e-06,0.0,6.797571023566429e-06,2.011810565504764e-06,0.40262610224925627,0.386116292994243,0.0481321179894426,-0.0006320942950144453
2025-10-21,-0.0003796655236060434,7.661453573527392e-06,9.560536963267468e-06,0.0,7.831812984647224e-06,2.4813410895299573e-06,0.6872111633824303,0.46700989894936806,0.05014459590833539,-0.00040720066821701544
2025-10-22,0.0008094061246337885,5.3415617871066535e-06,7.34681699304726e-06,0.0,5.249348749315413e-06,1.662518602446497e-06,0.5399364192379084,0.32973539817402364,0.050432272963012156,0.0007898058785018727
2025-10-23,0.00015514286787194988,5.412185353836199e-06,6.1046050907749365e-06,0.0,4.293332868170252e-06,2.5936564019893556e-06,0.44799936152191344,0.48733817311033556,0.05160389757612352,0.00013673908815717913
2025-10-24,-0.00022762261545036214,5.665750015643342e-06,7.871175826106197e-06,0.0,5.401501305434592e-06,3.023746411155835e-06,0.573293149717246,0.5600601939146573,0.052070796840477274,-0.0002495847890087021
2025-10-27,0.00017461110058851863,4.226999709535719e-06,7.0844247719308245e-06,0.0,4.19876719738847e-06,1.988701994988969e-06,0.4605043768283031,0.3221265900915403,-0.01197534506660633,0.00015711220691467465
2025-10-28,-0.0013731527733708748,3.7730928330632815e-06,3.9342421958353424e-06,0.0,2.8138398881473726e-06,2.20645580466749e-06,0.24645102333239896,0.32118894428989053,-0.04949563089424779,-0.0013858804040925883
2025-10-29,0.0003534710437406445,4.9612852135326515e-06,7.388401706662639e-06,0.0,3.189220087374599e-06,2.4020909588963017e-06,0.5356611918260639,0.35442279612909366,-0.04912848496548501,0.00033553004577417835
2025-10-30,0.0003591414625294623,5.7704285874711615e-06,5.2648207844936635e-06,0.0,4.04280745124325e-06,1.1271805419262062e-06,0.46276816467081083,0.23940652901354087,0.05004019796993833,0.00034293622516432806
2025-10-31,0.0010831662592553312,7.060172050499055e-06,1.0055001887299774e-05,0.0,5.846392364636653e-06,3.279516225084937e-06,0.7507373941586348,0.6010293172495732,0.05007059143530379,0.0010569251767278108
2025-11-03,-0.0021027789615315775,4.654643707691606e-06,8.840429857570956e-06,0.0,4.639098075848223e-06,2.602529187933243e-06,0.5587259699429493,0.3873423529315436,-0.04988255064124108,-0.0021235156623606215
2025-11-04,-0.0010214556644277536,6.709335195010109e-06,6.0887515623111875e-06,0.0,5.888154364127618e-06,2.1031840552927574e-06,0.5245233571120885,0.40286782360121365,0.04953290231203046,-0.0010422450896044953
2025-11-05,0.003038990440572651,6.972945973544193e-06,1.2202025766326484e-05,0.0,7.3866068324408755e-06,4.682235298009611e-06,0.9120764998849067,0.8384874945185867,0.05187196445297221,0.0030077466267023297
2025-11-06,0.0014693346936947515,6.252604908234053e-06,9.738168693862614e-06,0.0,6.0532871629339935e-06,3.1225829305073843e-06,0.7066890758159858,0.57451041541911,0.04991648309386937,0.0014441680499992133
2025-11-07,0.0015583865577071942,8.007487995263466e-06,1.3032148489449384e-05,0.0,7.466811012255286e-06,3.4967169508473775e-06,0.8408864723530196,0.5380665117404546,-0.04938193600190455,0.0015263833932593787
2025-11-10,0.001629571631529341,7.408762010478247e-06,7.945206603562989e-06,0.0,7.866084242868389e-06,1.386670719467714e-06,0.6720572986331941,0.2829408359182436,0.04998015504766766,0.0016049649079529636
2025-11-11,-0.001366858955352311,6.359922520434943e-06,7.197045874764692e-06,0.0,5.950613709126953e-06,2.5905065146110734e-06,0.47406707599521486,0.4354300738158492,0.00022497936118880124,-0.0013889570439712486
2025-11-12,0.0011846049646307975,7.233902088733437e-06,8.361701870324359e-06,0.0,6.186322016044454e-06,3.6585157422377693e-06,0.6581215291726441,0.6656251610852306,0.050994516389285816,0.0011591645229134574
2025-11-13,-0.0008405264359179257,8.5703746490139e-06,9.397493162766371e-06,0.0,6.526707297206332e-06,1.8743314982091995e-06,0.6577689050944455,0.36438296378721935,0.04949527208807382,-0.0008668953425251216
2025-11-14,-0.0012407116817700445,6.2425672785293865e-06,6.649516955002595e-06,0.0,5.616500201852844e-06,1.979601003410164e-06,0.482274744474065,0.38244580526486466,0.04987283669195712,-0.0012611998672088394
2025-11-17,0.000158295540794608,7.383705596373764e-06,1.1681748259366442e-05,0.0,6.276895272591183e-06,4.028707924947664e-06,0.8143076702487153,0.6874594354414021,0.01063650405019434,0.00012892448374132894
2025-11-18,0.0009785086886800842,7.180216560975608e-06,9.36792344049953e-06,0.0,5.438557343862989e-06,1.762755985698695e-06,0.7288056488683479,0.34641785654609214,0.05027485094871147,0.0009547592353490473
2025-11-19,-0.0006512147169641262,7.754433269042841e-06,1.2270310968174594e-05,0.0,8.888072938784077e-06,4.2192906432879374e-06,0.9127714630593745,0.7587589391214502,0.0499181110490764,-0.0006843468247834157
2025-11-20,0.0015342571938417502,7.459784207421315e-06,8.214965097334915e-06,0.0,6.940052596449762e-06,2.8138238027798304e-06,0.595184895473631,0.5235741696970697,0.05085177083005826,0.0015088285681377643
2025-11-21,0.0021071235071987186,6.334299082271897e-06,8.27184088409961e-06,0.0,4.630038158303399e-06,1.5526014280626756e-06,0.5575261462333017,0.2858010324437926,0.024963992529263214,0.002086334727645981
2025-11-24,0.00014441139776498357,6.5884834084580005e-06,9.339311638039798e-06,0.0,6.6668235891386705e-06,3.547589160112552e-06,0.7273168602694018,0.6464084844247362,0.05041350552582757,0.00011826918996923455
2025-11-25,0.003915749785277143,5.89011140787075e-06,6.930525376480186e-06,0.0,4.653347520111274e-06,2.531289961841368e-06,0.48277015504874526,0.47687499292692304,0.05161827933757307,0.0038957445110108396
2025-11-26,-0.0002645393251272493,6.118812203411183e-06,7.32601191516216e-06,0.0,4.851476664868377e-06,3.5578942422747757e-06,0.5488414482844727,0.6482254748104166,0.05049924210825424,-0.0002863935201529658
2025-12-01,-0.0001133872273265424,8.011414748027875e-06,8.377656950651134e-06,0.0,6.44350383064459e-06,4.331483080344114e-06,0.5824344746350374,0.7786420941180303,0.050952936620218936,-0.0001405512859362101
2025-12-02,-0.0021949769298793232,7.2428466598452155e-06,7.829340600586893e-06,0.0,6.110292156897475e-06,4.536771234339916e-06,0.5798288227751047,0.8123627088932346,0.05018514152412884,-0.002220696180530993
2025-12-03,0.000622047514156481,6.9266595697239145e-06,8.515391321289653e-06,0.0,5.233835271018036e-06,3.528876357720771e-06,0.6048770381981128,0.6445383124907069,0.05168708439361752,0.0005978427516367286
2025-12-04,-0.0006969705774125037,6.905718972879155e-06,1.233439751875784e-05,0.0,5.73464217049215e-06,2.5648078976484195e-06,0.8014277848491573,0.3805313365599782,-0.05035639024495646,-0.0007245101439722812
2025-12-05,-0.0006695681416688076,6.229485368287045e-06,6.0122890284741526e-06,0.0,3.979953331210101e-06,1.990409142965065e-06,0.5254733552671742,0.384376967427325,0.04998823140919405,-0.0006877802785397439
2025-12-08,-0.0016304528916869137,4.762621945249016e-06,5.031428787892052e-06,0.0,3.444815868096237e-06,1.0260713854326075e-06,0.36469737111911127,0.22266726760151911,0.05028727484884102,-0.0016447178296735835
2025-12-09,-6.752530963054881e-05,4.139948873184832e-06,4.684768332768755e-06,0.0,2.7108289678496245e-06,1.6317059794822808e-06,0.3364859900003301,0.3247458798942958,0.05061927534127267,-8.06925617838343e-05
2025-12-10,0.0010111604379712123,5.7975072496833865e-06,6.435224266093304e-06,0.0,4.270713280733655e-06,2.281145397030717e-06,0.466191508733285,0.4334369448332046,0.05020451813204399,0.0009923758477776712
2025-12-11,0.002316785136081827,4.5480121484417446e-06,6.508241215896336e-06,0.0,3.4870870929680157e-06,1.226270651056834e-06,0.45249927874530244,0.2409543342544004,0.03494086487685237,0.002301015524973464
2025-12-12,0.001100298766639958,4.018551496247177e-06,7.035510104255052e-06,0.0,2.851611248924016e-06,2.353000531537811e-06,0.44567336279535796,0.3535777161304226,-0.04172637316792954,0.0010840400932589942
2025-12-15,-0.0012896379817961003,4.499861383775257e-06,4.803363826678367e-06,0.0,3.342590973475483e-06,2.0934254519003764e-06,0.3419452683595334,0.3077158986247633,-0.04397957729450015,-0.0013043772234319299
2025-12-16,0.000550891797286621,4.677045489113715e-06,5.143667879135269e-06,0.0,3.831287858383804e-06,1.313661723079115e-06,0.4608909250535591,0.27092975916126716,0.05023458968397587,0.0005359261343369092
2025-12-17,0.0005512832835102345,3.963828321465129e-06,4.674396099086866e-06,0.0,2.7770927909711516e-06,1.320025669299829e-06,0.33330320315929984,0.2725353492859832,0.05077103684361188,0.0005385479406294115
2025-12-18,0.00044500511375056403,6.093454599016511e-06,8.744473478338603e-06,0.0,4.42179074268957e-06,2.932273480722873e-06,0.6571455486592679,0.5430402829235166,0.05041833816207403,0.0004228131214497965
2025-12-19,-0.0017744528816541498,4.144435453832472e-06,5.527626782376153e-06,0.0,3.1772476081528015e-06,2.907503232235054e-06,0.3978316259005909,0.5390991633141294,0.0506386202986403,-0.0017902096947307463
2025-12-22,0.0008639411092997905,4.556440823585797e-06,6.534448999656423e-06,0.0,2.988209907596586e-06,1.1075353765829503e-06,0.45105414126943233,0.21767554816049312,0.0316096048945574,0.0008487544741923687
2025-12-23,0.00046062659032582615,1.9492717829604507e-06,2.631472496828509e-06,0.0,1.4788120148184558e-06,1.3303188891082057e-06,0.1669216239287369,0.2235013291260913,7.755755912747242e-06,0.00045323671514211055
2025-12-26,-0.0003742464146620272,2.7474158466298756e-06,2.8374170975134995e-06,0.0,1.3959370635253363e-06,1.1157007016665616e-06,0.16276134618948035,0.1444718383991165,-0.04296587948086585,-0.00038234288537136247
2025-12-29,0.00024002821414479043,1.4295339459766322e-06,1.2181154495475901e-06,0.0,6.461032648583338e-07,9.6526769301117e-07,0.10122052577548551,0.137375254837133,-0.024789717588743546,0.0002357691937913967
2025-12-30,0.00020896808574300416,2.3670238196179364e-06,1.9034540407655956e-06,0.0,1.6949673597768795e-06,9.779017956011861e-07,0.1992600464361512,0.21465588526229132,0.05036838360129205,0.00020202473872724257
2025-12-31,-0.0007579886724377319,1.971254459306765e-06,2.6476147542570747e-06,0.0,1.24754449562983e-06,4.670959856914497e-07,0.19161554793373206,0.1288257048085753,0.05035357921241168,-0.000764322182132617
2026-01-02,0.0006321482720745927,3.1195715807330045e-06,4.057133845707309e-06,0.0,1.5491795258469452e-06,8.889438156043802e-07,0.2775702732334366,0.19313423052113704,0.0437916694996012,0.000622533443306701
2026-01-05,0.0005045261362106207,2.9872102436805587e-06,3.5568396600211642e-06,0.0,1.7852498206826331e-06,7.491057648395382e-07,0.27220997557411736,0.1761452015547113,0.050295433061668865,0.0004954477307213968
2026-01-06,-7.127673225120363e-05,3.2979522614435314e-06,4.381671006214978e-06,0.0,2.455721362576173e-06,1.0514635392932894e-06,0.3209012698329393,0.22667754549582247,0.050031670894549844,-8.24635404207316e-05
2026-01-07,-0.002290783140912147,2.999936841298449e-06,4.692354516498965e-06,0.0,2.193124029437327e-06,1.1771461903255255e-06,0.3402057389575174,0.24770003701323404,0.04993947703854569,-0.0023018457024897073
2026-01-08,0.002502783287861029,3.829839288882495e-06,4.763570556546847e-06,0.0,3.1199235743624362e-06,1.0672279571334913e-06,0.34040787568145087,0.22965687638833152,0.050362579589904914,0.0024900027264841036
2026-01-09,-0.0012214916510447577,4.8949642583861414e-06,6.26904473762671e-06,0.0,3.7702431443405307e-06,1.937236132627724e-06,0.4695472773341065,0.3760891725701342,0.05063350228867655,-0.001238363139317739
2026-01-12,0.0002633011407793806,4.974021018761688e-06,9.362321321092e-06,0.0,4.5550578340975426e-06,2.5621654483424595e-06,0.5940572576832721,0.3806784778058221,-0.0497653175157112,0.0002418475751570869
2026-01-13,-0.0021994132664118317,7.459727195887926e-06,8.839319821068921e-06,0.0,4.758767741876898e-06,3.8121963068469504e-06,0.6306696829013756,0.590286124385788,-0.050162855164499864,-0.0022242832774775124
2026-01-14,-0.0013848490114230128,6.7501021622256665e-06,7.416801934825989e-06,0.0,4.901313518754196e-06,4.062144991582378e-06,0.5339360959084105,0.6325773238667939,-0.04986303471904552,-0.001407979374030401
2026-01-15,0.00017936306584424605,6.240162097513533e-06,8.126536413501218e-06,0.0,3.873766578484e-06,1.8948569765504391e-06,0.6003450146844759,0.2687814627793464,-0.04955450928112745,0.00015922774377819687
2026-01-16,-0.00024966937774606316,4.725827475264744e-06,4.644861856415429e-06,0.0,3.799220277419997e-06,1.675113773082122e-06,0.3541816127289479,0.2544667587828345,-0.026952355094962056,-0.00026451440112824546
2026-01-20,-0.00010006043835592345,4.381593843087562e-06,4.760539395191824e-06,0.0,3.073412906509035e-06,1.568891843148208e-06,0.3494148402443399,0.24888724992000652,-0.014686579728892424,-0.00011384487634386007
2026-01-21,-0.0007962098826579476,3.438267204692202e-06,5.930711353507287e-06,0.0,2.292281313097462e-06,1.8127185438169172e-06,0.4161439588374393,0.2544431411852402,-0.05009357417600183,-0.0008096838610730614
2026-01-22,-0.0020748695866203734,3.5574286728576715e-06,5.1637572156755985e-06,0.0,2.5752297133988657e-06,1.6087951492280147e-06,0.37115395482179264,0.2204936824097016,-0.0497839026606048,-0.0020877747973715335
2026-01-23,0.0006639096019655502,3.806846810508002e-06,4.844630299098623e-06,0.0,3.3140464033448875e-06,2.095141501586243e-06,0.3470186651283641,0.30235469318923763,-0.04962907907725131,0.0006498489369510124
2026-01-26,0.0007342174167613519,4.170641340195924e-06,4.696996569659369e-06,0.0,3.151304999152031e-06,1.550306958367913e-06,0.3978376858936571,0.26740784482896635,0.006956275823156902,0.0007206481668939767
2026-01-27,8.747502588892868e-05,4.573976057180263e-06,4.627491490534211e-06,0.0,3.68914629008029e-06,1.5062289243349928e-06,0.3281883263631704,0.2672668284869016,0.014220369198622719,7.307818312679893e-05
2026-01-28,0.0005235618078735524,5.010404850440865e-06,8.56218798358293e-06,0.0,5.8071144240448306e-06,2.7094359123106545e-06,0.5835770703153433,0.4054560421983044,-0.04972919106988555,0.0005014726647031731
2026-01-29,-0.00196651994900573,7.001210096631073e-06,1.1752631989265115e-05,0.0,6.604139798649079e-06,5.013436688949945e-06,0.8430104888013351,0.7919353399952144,-0.05032202374837652,-0.001996891367579225
2026-01-30,0.0044653152115311364,1.0252951773403747e-05,8.0842723651672e-06,0.0,6.578139015032078e-06,4.6107823812999305e-06,0.5505803646772528,0.7264838009175134,-0.04812763914087531,0.0044357890659962335
2026-02-02,0.0005912792816797944,1.1372813165759695e-05,1.2564951470839088e-05,0.0,8.692340447996916e-06,3.7558830331040907e-06,0.9218605558925475,0.5855334456537278,-0.04545490390775973,0.0005548932935620947
2026-02-03,-0.00949738023614057,9.740123072612602e-06,1.0647966156207847e-05,0.0,8.811713858713138e-06,3.277015419849106e-06,0.7687922897207001,0.5001689424298972,-0.050369648104752834,-0.009529857054647954
2026-02-04,-0.003449278293891212,8.895188724823965e-06,9.782379960146888e-06,0.0,8.02879016468062e-06,3.0280860252313432e-06,0.7941115413269431,0.5595412760930584,0.050822823854192484,-0.003479012738766095
2026-02-05,-0.0013097186473824086,8.4043228965952e-06,1.0455882782416814e-05,0.0,9.279797657616394e-06,2.5102823563289087e-06,0.7512687797428884,0.4525764448902714,0.030849009027014623,-0.0013403689330753659
2026-02-06,-0.0042172332912655056,5.082697595680959e-06,8.196912993300308e-06,0.0,6.325743754881377e-06,2.218730080619678e-06,0.564757053180123,0.3439068690414805,-0.028839784502625518,-0.004239057375689988
2026-02-09,-0.0017262639212790808,5.616122104598426e-06,5.120379269818201e-06,0.0,5.206129290933701e-06,2.5918724375692053e-06,0.39722598917614826,0.4425610942988749,0.007126524787248512,-0.0017447984243820003
2026-02-10,-0.0013222064307579079,7.552850435872549e-06,8.762757945084818e-06,0.0,8.976891958253187e-06,3.384165658904604e-06,0.6607064205133779,0.6186573177293071,0.050117487033333796,-0.001350883096756023
2026-02-11,-0.0038760691223851066,8.293921289182445e-06,9.605308004480036e-06,0.0,8.735692662887153e-06,2.392438845529971e-06,0.6971694917760843,0.45211371203683565,0.05018398598780033,-0.0039050964831871863
2026-02-12,-0.005086156284365419,8.583139769373652e-06,8.256574930914988e-06,0.0,8.444402121071346e-06,2.455944432769802e-06,0.6018653565836796,0.4630521307966663,0.05045346609133969,-0.005113896345619548
2026-02-13,0.0029577477750821835,1.1163103016632423e-05,1.626375319283064e-05,0.0,1.230272401867328e-05,4.904380403839749e-06,1.0661404502748264,0.7747830708330314,-0.049152837012046646,0.0029131138144502075
2026-02-17,0.0019372880242033736,9.927946780795414e-06,1.162295273021083e-05,0.0,1.1347476924324003e-05,2.6727791833231207e-06,0.9003423892630087,0.44852328007533643,-0.0005036227229478288,0.0019017168685847201
2026-02-18,0.002000624175836279,6.69056166616821e-06,9.003749222921717e-06,0.0,8.444416161584342e-06,2.303756302342954e-06,0.6105907202150312,0.33757326982826563,-0.04945778896535048,0.001974181692483262
2026-02-19,0.00025931066578178377,6.018077929376653e-06,1.2050460687370164e-05,0.0,8.207705439741257e-06,4.47671393730608e-06,0.8856419178972681,0.7026378331149123,-0.04945010835250907,0.00022855770778798962
2026-02-20,0.0008952254168201463,6.513308109434841e-06,9.351633776297943e-06,0.0,7.274988169709515e-06,3.346368107813307e-06,0.6892841539895689,0.5131062033883178,-0.04908363872431781,0.0008687391186568906
2026-02-23,-0.0014539532619776108,6.40356564303325e-06,6.28426127109904e-06,0.0,5.8304364106877745e-06,2.684637701538013e-06,0.5349688292024486,0.49459747256642084,0.04357833870803468,-0.0014751561630039689
2026-02-24,0.00102107989196264,5.179095883174393e-06,7.545892440207883e-06,0.0,5.124265296969538e-06,2.5786964831139124e-06,0.46849164824551726,0.3838027194672362,-0.049418289695900994,0.0010006519418591744
2026-02-25,9.716375239337017e-05,5.207383087818689e-06,6.978218297608336e-06,0.0,4.963106615641381e-06,2.3287513466707387e-06,0.5105383341234039,0.34217714775581,-0.049053078484874106,7.768629304563103e-05
2026-02-26,-0.0016512382133782302,4.5494634841246785e-06,5.090985749408545e-06,0.0,4.6168456018048635e-06,1.4915188831705018e-06,0.4273423539265371,0.2755225327177763,0.02494736034513202,-0.001666987027096739
2026-02-27,-1.216509642524444e-05,5.0526104285861975e-06,8.978815905146875e-06,0.0,6.164481795601439e-06,3.2707301268791746e-06,0.5962038268834899,0.5002556885393477,-0.04922697277635382,-3.5631734681458124e-05
2026-03-02,-0.0005730696307418447,7.77373328266199e-06,1.0350955840848021e-05,0.0,8.853555807835393e-06,3.1824891052064954e-06,0.7622987263068485,0.48480011966439024,-0.04985805001030118,-0.0006032303647783966
2026-03-03,8.131188740610375e-05,9.010296124674071e-06,8.835410886221547e-06,0.0,1.0522168791240249e-05,2.3641863668542633e-06,0.7188459683714752,0.4470344359192618,0.04985112628774574,5.057982523711363e-05
2026-03-04,0.000739828441484426,1.0036328600202077e-05,1.4671067358961427e-05,0.0,1.0748120432025522e-05,5.089723710220502e-06,1.0910668848440803,0.9058704130786258,0.05079682976158162,0.0006992832013830166
2026-03-05,-0.004852088647961179,1.033952685336654e-05,1.7180435220981546e-05,0.0,1.1664907613725091e-05,3.5942899123696675e-06,1.2509434870064033,0.6536104836936261,0.04976977841552187,-0.0048948678075616215
2026-03-06,-0.0009008227815000498,9.035144176703824e-06,1.1578477756885057e-05,0.0,1.1316412013150207e-05,4.0175877793026806e-06,0.8320922886309936,0.7255729068781775,0.05061815995532684,-0.0009367704032260916
2026-03-09,0.0020012034957983304,1.4682282651887731e-05,1.8607869222121177e-05,0.0,1.499745269670713e-05,5.806073174579444e-06,1.3913238364325375,1.0268578817172518,0.051437588387905214,0.0019471098180530349
2026-03-10,-0.0056877852520169575,1.3362625804027284e-05,1.3328384502666535e-05,0.0,1.4379054294041177e-05,4.881022860429008e-06,0.9448992092539451,0.8701481911590287,0.05013635060695548,-0.0057337363394781215
2026-03-11,-0.004058565041177082,1.1309077624515785e-05,1.529674107214002e-05,0.0,1.2062505806617543e-05,3.5242460078559397e-06,1.0739714036320505,0.6199676256923687,0.02789429637257087,-0.004100757611688211
2026-03-12,-0.005236927782440518,8.414227803892482e-06,9.243087994121525e-06,0.0,9.058221718050753e-06,1.9739303153139145e-06,0.6838343318264987,0.3822105912268905,0.05059029825415276,-0.005265617250271897
2026-03-13,0.0015651848256242867,9.375027010888029e-06,1.3331609554169236e-05,0.0,9.783040917355834e-06,4.672516285489812e-06,0.8833558996953206,0.7362378157479801,-0.048744920214308374,0.0015280226318563838
2026-03-16,4.0262353425240295e-05,8.227312906967053e-06,9.080662110468004e-06,0.0,9.898276027860934e-06,2.7375820423604364e-06,0.7317747342329195,0.5101584311979059,0.05024464808135272,1.0318520337583867e-05
2026-03-17,-0.00034507662529928033,5.429627008484093e-06,8.831545108451315e-06,0.0,7.163624611280419e-06,2.4169426147941407e-06,0.6625530527135628,0.45615735083530673,0.05011099154989118,-0.0003689183646422903
2026-03-18,-0.0021490639487312824,6.447327217900551e-06,6.253441530305178e-06,0.0,5.8513344214368035e-06,1.9167920805120374e-06,0.4482739876342897,0.37143199002897687,0.049410920502954536,-0.002169532843981437
2026-03-19,-0.00015355467599859703,7.852079033441877e-06,9.023179252378906e-06,0.0,7.777330822111464e-06,3.504404742562381e-06,0.663063345605934,0.6381796208650076,0.0494396241145276,-0.00018171166984909165
2026-03-20,-5.432819794911332e-05,9.718655309318525e-06,1.6117103064668516e-05,0.0,1.0254800753302714e-05,4.109258345192692e-06,1.0913345606856795,0.6508864075100033,-0.039468994482369124,-9.452801542159576e-05
2026-03-23,-0.0012186988267211191,7.329980765910349e-06,1.6531222773187235e-05,0.0,1.2320631766480761e-05,5.603415725013828e-06,1.3282718344030084,0.9906387662243042,0.04926492442198149,-0.0012604840777517114
2026-03-24,-3.128862554442374e-05,7.832932048306997e-06,1.1405580188580864e-05,0.0,1.2890136456844205e-05,5.145868769410303e-06,0.8450358743676699,0.9155734848780367,0.0510675316171057,-6.85631430075661e-05
2026-03-25,-0.0012243831484770693,1.0096293489200375e-05,1.0531890740636931e-05,0.0,1.1617203238447741e-05,4.392476107128117e-06,0.7645543240025063,0.7889200554955796,0.05098406949805623,-0.0012610210120524825
2026-03-26,0.009624608829118893,1.03048089119031e-05,1.3648500017368163e-05,0.0,9.690150064555982e-06,2.7410567622418613e-06,0.9129812264390791,0.472767447979721,0.012269911923088406,0.009588224313362825
2026-03-27,-0.0007135040131968578,5.057712752317637e-06,6.295899216066424e-06,0.0,7.097063681868924e-06,1.8456639930378587e-06,0.491102139095791,0.36052630419877196,0.0504547533684116,-0.0007338003528401486
2026-03-30,0.005260926671225209,4.092448901359313e-06,6.814703456091211e-06,0.0,4.625950673744309e-06,4.0223958065633e-06,0.4137504952615808,0.6310232918520109,-0.04473920365062342,0.0052413711723874505
2026-03-31,-0.0020646028618576547,6.569983080760864e-06,9.595425201254662e-06,0.0,7.741771984051548e-06,2.0767523805926798e-06,0.7364758057668818,0.3351687276236059,-0.013725672315964322,-0.0020905867945043145
2026-04-01,-0.000214055937728121,7.2184127653818906e-06,9.464893504293705e-06,0.0,7.840621406088832e-06,3.1734469811531804e-06,0.7541641062167549,0.5830505207267211,0.049911427892986804,-0.00024175331238503861
2026-04-02,-1.6972505012431046e-05,8.077452278373848e-06,1.233962395749096e-05,0.0,6.805340998125031e-06,3.062557155824797e-06,0.8034110505591742,0.4647920304169706,-0.049717571761595206,-4.725747940224568e-05
2026-04-06,0.0022038997352925443,6.3446156988518045e-06,5.072862785184786e-06,0.0,6.153661195902764e-06,1.6533836518141145e-06,0.449619135489264,0.32926676391961995,0.051498310414848744,0.002184675211960791
2026-04-07,-0.0007195488225426021,4.602802812869657e-06,8.058235262956982e-06,0.0,6.469412053718209e-06,3.0439373153160383e-06,0.5069397481743279,0.46140406463131556,-0.049977404341778664,-0.0007417232099874631
2026-04-08,-0.005913703518836305,4.583244590435421e-06,6.706123369126881e-06,0.0,5.3393752042775705e-06,1.7183058835996027e-06,0.4890316199456604,0.2380977558694199,-0.050577632575313294,-0.005932050567883745
2026-04-09,-4.166956324561579e-05,3.7194673070558083e-06,4.580952390902235e-06,0.0,3.4314356652281292e-06,1.6782764541799803e-06,0.34833363194488365,0.2484220453108305,-0.03352839899140609,-5.507969506298194e-05
2026-04-10,-0.00019326270959370246,1.8816690261532948e-06,3.296373476199992e-06,0.0,2.5358998552383772e-06,1.289927082165405e-06,0.23479643211059753,0.17224253825500402,-0.04446521154878392,-0.00020226657903345952
2026-04-13,0.000638966104398393,2.4242263519836577e-06,3.7809838914773666e-06,0.0,2.1919050973485e-06,1.4100372323161627e-06,0.26752678654792156,0.18754636955722076,-0.04933988547189466,0.0006291589518252673
2026-04-14,0.0004760822814572442,3.348816692593682e-06,5.125743974247198e-06,0.0,2.5148324759677625e-06,2.2714551248519343e-06,0.3912113822272747,0.3328613098296636,-0.0487431511454612,0.00046282143318958363
2026-04-15,-0.002403925399732297,3.0916107673941866e-06,3.4385028808784533e-06,0.0,2.5758780518685576e-06,1.5377944450135237e-06,0.24254514978438063,0.20833995245062195,-0.05000951431165003,-0.002414569185877452
2026-04-16,0.0002800249294355481,2.1369051119099864e-06,3.206342994158935e-06,0.0,1.8955928617008513e-06,1.2690221046251065e-06,0.23197970707591642,0.1638150779297654,-0.049380635647252424,0.0002715170663631532
2026-04-17,4.027426719079654e-05,2.2975157022467445e-06,2.8908797440754574e-06,0.0,1.4031733376560293e-06,1.6482851895896441e-06,0.21567521028664605,0.2275029174386778,-0.049408994412382445,3.203441321722866e-05
2026-04-20,-0.00022761290266563283,3.81268285887839e-06,4.569632639397955e-06,0.0,1.9930505262355204e-06,1.2929582377231842e-06,0.31971502269934243,0.16727087353144482,-0.04994611040605016,-0.0002392812269278679
2026-04-21,-0.001126711784109215,2.7526071970972105e-06,4.226819348166138e-06,0.0,2.4519911975234953e-06,2.169692566125057e-06,0.3119176924689653,0.31481269478524804,-0.04969565632376165,-0.0011383128944181268
2026-04-22,-0.0008008783972991602,3.0105069312678768e-06,5.266972028962919e-06,0.0,2.9046053190861496e-06,1.266921088261583e-06,0.39228167498002636,0.1626491972733377,-0.05019354555460819,-0.0008133274026667388
2026-04-23,0.0009267755984475294,2.751474118025952e-06,4.549650298805308e-06,0.0,2.555949823329525e-06,1.6738033746550169e-06,0.3314936015167416,0.23137719746677818,-0.049821769475264566,0.0009152447208327136
2026-04-24,-0.004640029477964193,1.9238243743914688e-06,3.5876052705708473e-06,0.0,1.8168108877903452e-06,1.2679474937983607e-06,0.27346210134044346,0.16255960402952624,-0.05045557492859831,-0.004648625665990744
2026-04-27,0.0004630237709833861,3.2199884321332307e-06,2.2258935412971823e-06,0.0,3.113981612678937e-06,1.0097011827733045e-06,0.2466567717922872,0.21993666238004728,0.05030686367413213,0.0004534542062145034
2026-04-28,0.002684556984859054,4.140882783253514e-06,5.764763009735368e-06,0.0,3.5071760296552425e-06,1.5091152115881448e-06,0.40658390942746137,0.3052152055180468,0.05168384997123855,0.002669635047824822
2026-04-29,-0.0011995837920403835,4.836026334633555e-06,5.19902022029281e-06,0.0,3.6831024083965078e-06,1.4444810634497822e-06,0.34132272439556577,0.25016946849808386,0.007496649838520525,-0.0012147464220671562
2026-04-30,0.00029389659433298043,3.6190924924120113e-06,4.950244787024113e-06,0.0,2.931954570208459e-06,1.577058088230505e-06,0.3113597664919385,0.21512795350345337,-0.049817805319271546,0.00028081824439510534
2026-05-01,0.0008767588653528797,4.24093019027358e-06,3.930384850176925e-06,0.0,3.590097555853315e-06,1.2756931552800701e-06,0.36610342577917687,0.26422149504702497,0.049905044959972986,0.0008637217596012958
2026-05-04,-0.001851314802065889,3.6881083887007472e-06,6.5100610808001395e-06,0.0,3.975246206052716e-06,1.5506509155955914e-06,0.4213649049796468,0.2455536566125726,-0.014955697207486837,-0.0018670388686570381
2026-05-05,-0.0004398283428150349,3.9701679830062106e-06,5.776745837797868e-06,0.0,4.02694758080111e-06,2.02048258380962e-06,0.4891971756453049,0.38947820353970614,0.05003712945968995,-0.0004556226868004497
2026-05-06,-0.0006872355486787443,2.5964063865343197e-06,4.103593706824252e-06,0.0,3.0703080173324895e-06,1.2847756870772968e-06,0.2991847898036848,0.26643745755928,0.05059514213029405,-0.0006982906324765126
2026-05-07,-0.0002889580901753494,2.28349302149388e-06,4.339360895419875e-06,0.0,2.415197258652824e-06,8.770485720969568e-07,0.31711221261798983,0.19771532190897448,0.05037116179668572,-0.00029887318992301293
2026-05-08,-0.0019553306734606275,3.2581738800549526e-06,5.131780874940933e-06,0.0,3.3043983132699466e-06,1.4552827928486325e-06,0.3304665151515066,0.23577861057033966,-0.008708898628230571,-0.0019684803093217417
2026-05-11,-0.0008607218088236021,2.9471825561481128e-06,5.261940328520641e-06,0.0,3.4216829713923257e-06,1.715421813547615e-06,0.3507850538853842,0.23824209951167608,-0.04994876516432326,-0.0008740680364932108
2026-05-12,0.0020799043287699835,3.894241353860339e-06,4.470307586318239e-06,0.0,3.973407566162836e-06,1.4592984583734916e-06,0.3227670323591128,0.1956955679781286,-0.04946657302861795,0.0020661070738052685
2026-05-13,-0.001951925128136948,5.225874843295242e-06,3.9236711211279485e-06,0.0,4.13473350659437e-06,1.5218493861387724e-06,0.36707431723805467,0.305279633998024,0.049608937126710176,-0.0019667312569941046
2026-05-14,-0.0005046378384451925,2.873331270794636e-06,3.8061889511771742e-06,0.0,2.760378886004621e-06,9.142842662137005e-07,0.27034478289101177,0.2043024877700188,0.050702731046117167,-0.0005149920218193826
2026-05-15,-0.0004772591909132232,2.315897610110101e-06,3.88653976898505e-06,0.0,2.3270000731878673e-06,8.865873092643515e-07,0.2809065390990936,0.19395631588329743,0.04500964792688631,-0.0004866752156747706
2026-05-18,8.13400601653284e-05,3.817391641861906e-06,4.748917494195678e-06,0.0,4.089159791369152e-06,1.394259631893455e-06,0.28365305323688167,0.21333433169693328,-0.02090128646116713,6.729033160600821e-05
2026-05-19,-0.0008087272178848098,4.261272059877704e-06,4.437197978204507e-06,0.0,3.919221838200982e-06,1.6957122908059847e-06,0.3568916094480064,0.31135006929007164,0.026470404434666167,-0.000823040622051899
2026-05-20,0.0014826367239226053,4.026713167424276e-06,5.66782096754115e-06,0.0,3.768006308039302e-06,1.1306966257015976e-06,0.42777429396443317,0.2281023389475481,0.03814530582967968,0.001468043486853899
2026-05-21,-0.0025974142788669358,3.972494876156808e-06,4.77522475539111e-06,0.0,3.6352973787169327e-06,1.5288551972399285e-06,0.27440487014259046,0.20688125740276314,-0.049966415733544774,-0.0026113261510744405
2026-05-22,-0.0018644966733958157,2.264358357619184e-06,1.8284095803676703e-06,0.0,3.0543073409795115e-06,6.47261613933925e-07,0.2064615721811593,0.1456263137342079,0.0368863625933085,-0.001872291010288716
2026-05-26,0.00042909479699612793,4.056668405749706e-06,3.7211309260656154e-06,0.0,2.925525182462794e-06,1.0876129115415023e-06,0.26320414832466293,0.22223540189708693,0.039516432758114485,0.0004173038595703083
2026-05-27,-0.001610494358243861,3.0693459755031554e-06,3.934478464790837e-06,0.0,3.0071514449777774e-06,1.6391950704819093e-06,0.2579354606760054,0.28396149548352645,0.00857672364256569,-0.0016221445291996147
2026-05-28,-0.0013736671784654742,2.359085816604773e-06,4.246396770072183e-06,0.0,2.945661836858136e-06,2.109240814952942e-06,0.27849097335391093,0.31456075140095774,-0.03979170551113645,-0.0013853275637039622
2026-05-29,-0.002923612802764464,2.458858549301824e-06,2.800101994411781e-06,0.0,3.026148939518124e-06,1.8153686572485545e-06,0.27711242123906477,0.3548662626287754,0.049884328211018306,-0.0029337132809049444
2026-06-01,-0.0033596355039058183,3.029475267879474e-06,4.52386173557205e-06,0.0,3.688982409129594e-06,1.3649612499264325e-06,0.32009339244390295,0.26273696628871307,0.03342347630107248,-0.003372242784568326
2026-06-02,0.0018153303220109613,3.231146499379789e-06,5.0846042043610385e-06,0.0,3.464217328122032e-06,1.6000036577765282e-06,0.30007402703171093,0.21961921984813743,-0.04918139465831939,0.001801950350321322
2026-06-03,-0.0003029471479833918,2.6405863399084118e-06,2.2641424098402877e-06,0.0,1.957039325456219e-06,1.0740504705519702e-06,0.18517869755903865,0.15904916677058775,-0.021391312282143218,-0.00031088296652914866
2026-06-04,0.0019891602470466633,1.9601835754252877e-06,3.379515497487909e-06,0.0,2.7638283462818026e-06,1.153422381727601e-06,0.24382379098254905,0.17132859406544254,-0.022446366064794384,0.001979903297245741
2026-06-05,-0.0006203466692971831,2.96129038650487e-06,4.93806002095255e-06,0.0,3.4156762899801874e-06,1.8379766841831731e-06,0.33770238409744996,0.26364269626787284,-0.04513738667490032,-0.0006334996726788039
2026-06-08,0.0018795110103413703,4.972700073382602e-06,5.184369094111798e-06,0.0,6.908817747879258e-06,1.6012131471245492e-06,0.4496461583917045,0.3194789172046878,0.05047510848776363,0.001860843910278872
2026-06-09,0.0035728323805710336,5.689330064076338e-06,1.2358948316848914e-05,0.0,8.348408315917034e-06,4.659563101351249e-06,0.8245839661992245,0.7349464635719325,-0.04786013745507656,0.00354177613077284
2026-06-10,-0.0005536010640540402,4.973905882993705e-06,6.54130480502259e-06,0.0,6.672931289239129e-06,1.906949717668342e-06,0.5759783137674357,0.3724555899268587,0.05208803735857731,-0.0005736961557489639
2026-06-11,0.0018879938283269183,5.298590263138852e-06,1.086593918496034e-05,0.0,6.964257625666481e-06,3.094152347232171e-06,0.8238069321053736,0.5709442070529263,0.05112661271792196,0.0018617708889059204
2026-06-12,-0.0004261710382147148,4.638284950537617e-06,7.536366391549346e-06,0.0,5.648965596193127e-06,2.2247076629360046e-06,0.45881357188514654,0.3237107513472998,-0.050040136025948936,-0.00044621936281593087
2026-06-15,-0.0015945551023592013,4.134440345850069e-06,4.927301192517888e-06,0.0,4.021515487857086e-06,2.92844411958081e-06,0.36759538777943696,0.4418712816612711,-0.05010733042830484,-0.0016105668035050072
2026-06-16,0.0016691570977438888,4.1037245391714864e-06,6.873893364035087e-06,0.0,4.231664838583789e-06,1.523324318126828e-06,0.5149745742394619,0.23655771221648272,-0.019360773228824346,0.0016524244906839715
2026-06-17,0.0004762912130211328,2.475808267019787e-06,4.4100075282347665e-06,0.0,3.4526211950816714e-06,1.8174461004874684e-06,0.3145089136791934,0.27062501725147464,-0.034705927630420186,0.0004641353299303091
2026-06-18,0.0010099679808329499,2.1222895180774682e-06,4.265583942685323e-06,0.0,2.7002413564207853e-06,1.234512128128442e-06,0.3282334518980726,0.18453709483619896,-0.02286094268937928,0.000999645353887638
2026-06-22,0.00026914106687688297,2.746680731246531e-06,5.148487453423877e-06,0.0,4.560438062570459e-06,1.8646559535847912e-06,0.3611139255522717,0.26366020663276735,-0.04960199356947753,0.0002548208046760573
2026-06-23,0.004346844022362155,3.4790958020273415e-06,4.1149619558115005e-06,0.0,4.073017597181438e-06,1.5585823033490344e-06,0.2920365502913686,0.2142992909702322,-0.047542535992405446,0.004333618364703786
2026-06-24,-0.0003723726301893104,3.0080355337155636e-06,4.758145282152156e-06,0.0,5.887717390995422e-06,1.800291959797789e-06,0.3493330791289553,0.2529835095492158,-0.04946553969681276,-0.00038782682035597133
2026-06-25,-0.001555805243085801,4.28052695131324e-06,5.781125304150439e-06,0.0,7.804593960880392e-06,2.028934880130458e-06,0.47732400192473934,0.3630248165406026,0.02216375667868565,-0.0015757004241822754
2026-06-26,0.004234784626113198,4.895301116663898e-06,8.194084165362452e-06,0.0,9.864228571508384e-06,2.5174479580888406e-06,0.5377084495797321,0.3740462399434963,-0.04888501701542884,0.004209313564301574
2026-06-29,0.001622282044601569,4.2814264856959244e-06,6.101224745101655e-06,0.0,6.566203251847344e-06,1.8375261991120242e-06,0.4560428939344733,0.2604734616280125,-0.048230939822807364,0.001603495663919812
2026-06-30,0.0005860350028333321,4.4490985361114484e-06,4.597896301103429e-06,0.0,4.967223088203697e-06,2.2291595638102947e-06,0.3343134463881072,0.3250917093962421,-0.04940709732388742,0.0005697916253441033
2026-07-01,0.000764553158677136,4.4567094873164365e-06,4.219829697363595e-06,0.0,4.343371741560744e-06,8.697445017362155e-07,0.37788738986904497,0.19694899167964322,0.050831915387959045,0.000750663503249159
2026-07-02,-0.001562738142181728,3.0577570127718013e-06,4.855862939431185e-06,0.0,3.623476124943287e-06,1.6745240044975908e-06,0.27473519381160894,0.23152776622406324,-0.049792266531532,-0.0015759497622633719
2026-07-06,0.0005714146519461826,2.6309510714076333e-06,3.631671046951465e-06,0.0,3.1969096147153966e-06,1.3209077386250445e-06,0.2630776683009687,0.1728678921697946,-0.04904460791921291,0.0005606342124744831
2026-07-07,-0.00017040936353975868,2.282056692790288e-06,2.642007422566207e-06,0.0,1.9757173100665856e-06,8.639271763485294e-07,0.23214399979902822,0.14502537276465988,-0.00011439286189304787,-0.0001781730721415303
2026-07-08,0.00028192672725776806,2.527144034286299e-06,2.695329765833807e-06,0.0,3.340365762716263e-06,1.0211650347354214e-06,0.22966306978080264,0.21677196194846093,0.04521623611291019,0.0002723427226601963
2026-07-09,-0.00026226569848921034,2.6373926216457836e-06,4.6298782293235785e-06,0.0,2.784524948344284e-06,1.133459783059233e-06,0.26688329758895407,0.1429810268257714,-0.04744021672817969,-0.00027345095407158324
2026-07-10,1.5083021023950414e-05,2.3285504369909835e-06,2.7452766286572935e-06,0.0,2.930179192004518e-06,1.3963162955399594e-06,0.2185763007960818,0.21001299005811733,-0.024568147592595763,5.682698470757661e-06
2026-07-13,-0.0009650828087320226,2.3405968969708326e-06,3.695869850388477e-06,0.0,2.925333623968355e-06,1.070251932321922e-06,0.245226180684233,0.12966503422865108,-0.05013729040143181,-0.0009751148610356721
2026-07-14,0.00022331673508537643,2.7994879828587363e-06,4.043191641526404e-06,0.0,3.7280077882953324e-06,1.8045018237571655e-06,0.3019988305104858,0.25348086443884554,-0.049675441952358255,0.0002109415458489388
2026-07-15,0.0008055338923629276,2.9671767977528723e-06,4.044991554861476e-06,0.0,4.872789477478914e-06,1.409550597326076e-06,0.3126647355501034,0.21371165494776714,-0.023092845403013575,0.0007922393839355082
2026-07-16,-0.0011071047127525558,3.860398486773601e-06,7.520284124710863e-06,0.0,5.707208489087329e-06,2.855769571872308e-06,0.5240863811034833,0.4299084844215665,-0.0498608036529814,-0.001127048373425
2026-07-17,0.001368359585441113,3.300080149762329e-06,4.255053337343641e-06,0.0,4.619176445087387e-06,1.6468254551178193e-06,0.33116670040324003,0.24288429231862194,-0.03378238414117182,0.001354538450053802
2026-07-20,-0.00022885664877435414,3.268236193937462e-06,2.0073565325848978e-06,0.0,3.086340496409687e-06,1.0375152982464047e-06,0.1856676265148896,0.20290856859071946,0.02860599848532345,-0.00023825609729553258
2026-07-21,0.0009982867094997128,3.205710510744445e-06,5.678598895746851e-06,0.0,3.5252847239808575e-06,1.643313816535747e-06,0.38639950245809124,0.25608273782626484,-0.019993983351740657,0.000984233801552705
2026-07-22,-0.00030672261779037365,3.7370219749959285e-06,4.784109534993774e-06,0.0,3.6886764475457655e-06,1.2708139967697993e-06,0.3497940328301299,0.20192076799870046,-0.011575983458625802,-0.00032020323974467894
2026-07-23,-0.00043246484759317005,2.7398195904332173e-06,4.224067333504461e-06,0.0,3.2710914678942957e-06,1.8263333971826319e-06,0.3224221634262366,0.3142535773118611,0.007429566585178959,-0.00044452615938218463
2026-07-24,-0.000516515058525499,3.0681640310791745e-06,4.022470909184869e-06,0.0,3.851239995568953e-06,6.687809585768194e-07,0.30846931047025883,0.1306712941798553,0.01831609313894967,-0.0005281257144199088
2026-07-27,-0.00012834262750608557,2.1926836094527585e-06,2.5161864957189556e-06,0.0,3.8215837829893216e-06,7.635146130394292e-07,0.208628123316273,0.17954486803079017,0.05127441304016613,-0.00013763659600728604
2026-07-28,-0.0008722363315823706,3.0156731021588037e-06,4.358663413366037e-06,0.0,5.068077262514089e-06,1.2551327190937425e-06,0.28724450314171496,0.22313325306997317,0.012270956262224377,-0.0008859338780795033
2026-07-29,-0.0031086180644162614,2.888299322650732e-06,4.3299494688256e-06,0.0,4.182616322258349e-06,1.2694948965922797e-06,0.3404035821921728,0.25644012699134144,0.043164984363838324,-0.0031212884244265883
2026-07-30,0.006561698955022228,1.5556343814133744e-06,4.387149958942477e-06,0.0,2.8276193402316217e-06,1.2388423162876285e-06,0.24983186522050066,0.16048333396434328,-0.047642175171978295,0.0065516897090253535
2026-07-31,0.001470553502260851,3.186075532269001e-06,3.6461877803624607e-06,0.0,5.0119807483141235e-06,1.0398752402547286e-06,0.3404332549699744,0.21133369610498812,0.0366346557421937,0.0014576693829596507
2026-08-03,0.0001366932491064328,2.309165091756071e-06,3.3458580650341158e-06,0.0,3.3270160219858655e-06,1.466112615560766e-06,0.16964261874140163,0.19636899603919009,-0.04993792337501858,0.00012624509731209597
2026-08-04,-0.00023516703920210084,1.9583071816805906e-06,2.5782646413220804e-06,0.0,3.066217331510426e-06,1.4528964351183114e-06,0.21070542322915714,0.22169485155804386,-0.0223917495418324,-0.00024422272479173227
2026-08-05,0.0006450889551720299,1.9135468320754393e-06,3.3574634111905477e-06,0.0,3.0413341819988164e-06,1.0116530649997197e-06,0.27598800812880164,0.18305507777604918,0.013097362856096379,0.0006357649576817654
2026-08-06,-0.00026703077432791025,2.7033101195461567e-06,4.830682514365718e-06,0.0,3.984431505106938e-06,1.3546931348368368e-06,0.30275970944007474,0.1777444089615272,-0.04984403769106131,-0.0002799038916017659
2026-08-07,0.001029117110348203,2.062190946969589e-06,2.830581318590753e-06,0.0,2.75047002515137e-06,1.074673254818651e-06,0.22534331993713824,0.1535486420861159,-0.026996464723417456,0.0010203991948026726
2026-08-10,-0.00021719749598140373,2.1157161061553654e-06,3.074462267436587e-06,0.0,3.178915869364066e-06,1.2598735477683434e-06,0.20724668253563383,0.16185993009426405,-0.04979882593081762,-0.0002268264637721281
2026-08-11,6.105745376254889e-05,1.6957912502053737e-06,2.053174160952048e-06,0.0,2.9026852113492956e-06,6.095143620895768e-07,0.22226328819425792,0.14217400469008992,0.03977559185904106,5.37962887779526e-05
2026-08-12,0.00022701023076893294,2.084264101816501e-06,3.1367578414143275e-06,0.0,3.0664337890793433e-06,7.548139515727839e-07,0.24079067489174127,0.17700909970584527,0.05020035584161762,0.00021796796108504999
2026-08-13,-0.0003261196665152372,1.829693365813906e-06,2.8529787607301353e-06,0.0,2.8437479744358393e-06,4.6212063766197885e-07,0.1904856998047826,0.10811725811483416,0.030480990987621682,-0.00033410820725387905
2026-08-14,5.0579577005996834e-05,1.3774477276203366e-06,2.22396434561963e-06,0.0,1.9236493196756824e-06,6.5350592064793e-07,0.15413802231833562,0.1276132724267399,0.01782427775788765,4.4401009692433255e-05
2026-08-17,-0.0012024469954849176,1.904939024224295e-06,2.000328798254835e-06,0.0,1.615567190235844e-06,6.957299237398925e-07,0.1406338214262726,0.1334605194100371,0.01657789222173519,-0.0012086635604213725
2026-08-18,0.001480581255222291,2.552163217477401e-06,2.579343424034557e-06,0.0,2.532123914582667e-06,7.407346116391592e-07,0.21986752454116887,0.17506245168679008,0.05061903693141133,0.0014721768900545571
2026-08-19,0.0035083628349539798,1.4065936056449082e-06,2.0716681106152535e-06,0.0,1.8436302053052146e-06,3.926520332139902e-07,0.14759140609136137,0.11698347935886838,0.051017937778918,0.0035026482909992006
2026-08-20,-0.00045815760656649505,1.7675290330868865e-06,2.418734546580999e-06,0.0,1.8332410174740226e-06,5.255015692913952e-07,0.169832761629301,0.1354250298210189,0.04714076618006453,-0.00046470261273292836
2026-08-21,0.00023297259928553593,1.7197136537497733e-06,4.31170161501133e-06,0.0,1.975125726850692e-06,1.3847035810199153e-06,0.2439995038235031,0.18320124226829393,-0.049428959343051866,0.00022358135470890422
2026-08-24,0.0002471072613129625,1.6502921058139622e-06,2.616573080180455e-06,0.0,1.9653991441841997e-06,1.0612678926438982e-06,0.18935170332577023,0.12873770726876882,-0.04955529869540612,0.00023981372909014
2026-08-25,-0.00028179021580683776,2.625442709455614e-06,3.44361615963849e-06,0.0,3.11079717785352e-06,1.7283398639387439e-06,0.25873675514413286,0.247909485167522,-0.042451611974187,-0.00029269841171772413
2026-08-26,0.0007655685932291238,2.2384858893014165e-06,1.8145457827447044e-06,0.0,2.8264924144056997e-06,8.733311176813428e-07,0.20564761231836645,0.19711732271108814,0.05039769494062258,0.0007578157380249906
2026-08-27,-0.0012852498892398046,2.6856263881789837e-06,2.928226656054772e-06,0.0,2.572955237273277e-06,8.234052975318909e-07,0.1816248197792708,0.15242379130977182,0.014091701324414112,-0.0012942601028188435
2026-08-28,0.0009558412292103832,2.008690451507647e-06,1.9734802382976753e-06,0.0,2.2964719380379225e-06,7.867605635613167e-07,0.15423372866543966,0.16598723922504705,0.03381146454674577,0.0009487758260189787
2026-08-31,-0.0005019801035745083,2.121092850040825e-06,2.787492750619092e-06,0.0,2.2204592595073065e-06,6.698435098407701e-07,0.18806286468900113,0.12801446076376732,0.015480751110518005,-0.0005097789919445163
