date,gross_ret,commission,fees,spread,impact,borrow,turnover,gross_exposure,net_exposure,net_ret
2023-01-03,0.0,0.0,0.0,0.0,0.0,0.0,0.0,0.0,0.0,0.0
2023-01-04,0.0,0.0,0.0,0.0,0.0,0.0,0.0,0.0,0.0,0.0
2023-01-05,0.0,0.0,0.0,0.0,0.0,0.0,0.0,0.0,0.0,0.0
2023-01-06,0.0,0.0,0.0,0.0,0.0,0.0,0.0,0.0,0.0,0.0
2023-01-09,0.0,0.0,0.0,0.0,0.0,0.0,0.0,0.0,0.0,0.0
2023-01-10,0.0,0.0,0.0,0.0,0.0,0.0,0.0,0.0,0.0,0.0
2023-01-11,0.0,0.0,0.0,0.0,0.0,0.0,0.0,0.0,0.0,0.0
2023-01-12,0.0,0.0,0.0,0.0,0.0,0.0,0.0,0.0,0.0,0.0
2023-01-13,0.0,0.0,0.0,0.0,0.0,0.0,0.0,0.0,0.0,0.0
2023-01-17,0.0,0.0,0.0,0.0,0.0,0.0,0.0,0.0,0.0,0.0
2023-01-18,0.0,0.0,0.0,0.0,0.0,0.0,0.0,0.0,0.0,0.0
2023-01-19,0.0,0.0,0.0,0.0,0.0,0.0,0.0,0.0,0.0,0.0
2023-01-20,0.0,0.0,0.0,0.0,0.0,0.0,0.0,0.0,0.0,0.0
2023-01-23,0.0,0.0,0.0,0.0,0.0,0.0,0.0,0.0,0.0,0.0
2023-01-24,0.0,0.0,0.0,0.0,0.0,0.0,0.0,0.0,0.0,0.0
2023-01-25,0.0,0.0,0.0,0.0,0.0,0.0,0.0,0.0,0.0,0.0
2023-01-26,0.0,0.0,0.0,0.0,0.0,0.0,0.0,0.0,0.0,0.0
2023-01-27,0.0,0.0,0.0,0.0,0.0,0.0,0.0,0.0,0.0,0.0
2023-01-30,0.0,0.0,0.0,0.0,0.0,0.0,0.0,0.0,0.0,0.0
2023-01-31,0.0,0.0,0.0,0.0,0.0,0.0,0.0,0.0,0.0,0.0
2023-02-01,0.0,8.902770967733665e-07,1.0162186773085421e-06,0.0,1.8741528252841593e-06,4.0120389514518093e-07,0.11740225438439039,0.11740225438439039,0.04999999999999999,-4.181852494511248e-06
2023-02-02,0.0016124170167704248,1.5175582042116472e-06,3.025817630542724e-06,0.0,2.060418008125433e-06,9.394261285358822e-07,0.1281697673594094,0.10752948292983691,-0.05029410666419128,0.001604873796799009
2023-02-03,0.0006189644548347977,9.66507564287308e-07,1.120721581148203e-06,0.0,1.1328460593612198e-06,1.1021843408365833e-06,0.07893347761664612,0.1353052683374017,-0.04986170092314428,0.0006146421952891644
2023-02-06,0.00043451552729591983,4.867655288615231e-07,4.5061772761575267e-07,0.0,7.731496839338459e-07,7.848029683091851e-07,0.05920265068413931,0.11728080765060622,-0.014566091025336843,0.0004320201913871995
2023-02-07,0.0002617828534161692,1.1739106144347956e-06,1.414569718033445e-06,0.0,1.0055261370909866e-06,1.7987010429121487e-07,0.15250219120276803,0.08070205321395096,0.050483875693026856,0.00025800897684231873
2023-02-08,-0.00017036425963546715,1.1745173598625757e-06,1.5067535324521573e-06,0.0,1.3738617601326766e-06,3.9354726668859396e-07,0.11119775558239113,0.1161159408036838,0.05000000000000001,-0.00017481293955460317
2023-02-09,-0.0007940165651041996,1.0481532533250988e-06,1.44572374666719e-06,0.0,1.0655336128173937e-06,8.890868977324867e-07,0.0916244510757957,0.1908210873248944,0.04145448850583665,-0.0007984650626147418
2023-02-10,0.0005808536508317847,8.168080679792691e-07,1.3241275269127782e-06,0.0,1.337197944681821e-06,9.396437372899083e-07,0.10322856977407587,0.2079529234575394,0.05009277559283481,0.0005764358735549209
2023-02-13,0.0010669869849345842,9.823583926840375e-07,3.887491371992059e-06,0.0,2.542415673564096e-06,1.132192445145691e-06,0.2060875736854984,0.1401517078518183,-0.05005662293265779,0.0010584425270511984
2023-02-14,-6.1030967841244767e-05,9.412370433180482e-07,3.039125251981226e-06,0.0,2.2828288719699516e-06,1.0402380573596348e-06,0.22769708532721536,0.12475999363641865,-0.05,-6.833439706587363e-05
2023-02-15,-0.00028033064104897884,4.653518724066486e-07,7.226537253287075e-07,0.0,4.5586522251981914e-07,8.794624424465596e-07,0.049104963972449046,0.09774969033102202,-0.05,-0.00028285397431168055
2023-02-16,0.00013534192263291872,6.528565504607966e-07,8.643789623250533e-07,0.0,1.5264964960018708e-06,8.842657734220316e-07,0.060604037808464344,0.0985566499349013,-0.05,0.00013141392485070897
2023-02-17,4.96332928292248e-05,6.847811737614219e-07,7.062725233890635e-07,0.0,7.280117387957608e-07,8.044029172789804e-07,0.051435612038648514,0.08509304998383097,-0.05004664011903773,4.6709824475999574e-05
2023-02-21,0.0008098291741232593,1.258266557780222e-06,6.939218880500601e-07,0.0,1.5395574284404965e-06,0.0,0.12550767816921093,0.05,0.05,0.0008063374282489885
2023-02-22,-6.621687583304157e-05,9.13780036208775e-07,2.9892647844194004e-06,0.0,2.825970865348521e-06,1.1532097923464341e-06,0.1429978854503309,0.15287560972258257,-0.040863635391618344,-7.40991013113647e-05
2023-02-23,0.00020120833017895864,1.2414237599173525e-06,5.934406045491097e-07,0.0,1.9490228612263074e-06,8.995070124308413e-07,0.11563562846271924,0.20091287689224727,0.04979569880386594,0.00019652493594083504
2023-02-24,-0.0018199229217318793,2.1513187007201234e-06,4.092804177856397e-06,0.0,4.688010857142474e-06,1.3648825435341927e-06,0.20472389718385023,0.17865183295036652,-0.05064843436337786,-0.0018322199380111325
2023-02-27,0.0008756285134910029,1.7271506682885188e-06,2.4739336691778585e-06,0.0,2.7786207070467535e-06,5.952380952380952e-07,0.17755214627951632,0.04999999999999999,-0.04999999999999999,0.0008680535703512517
2023-02-28,0.00027562393669626305,7.001539977676426e-07,2.592833777645897e-07,0.0,1.2841782918561824e-06,0.0,0.09972437606330373,0.05,0.05,0.00027338032102887464
2023-03-01,-0.0008934848816240348,3.7514440312891306e-07,2.3601862222865615e-06,0.0,1.2493528424766365e-06,5.960031402681591e-07,0.10234687345733966,0.05641645289540202,-0.04371207466964871,-0.0008980655682321951
2023-03-02,-0.0005732824076981108,1.7118973848493025e-06,1.1262295553761524e-06,0.0,1.457659534422793e-06,5.658096571866358e-07,0.08152078045852514,0.0747575374893447,-0.020298484918010114,-0.0005781440038299456
2023-03-03,-0.000658812037786193,1.9265707755905254e-06,5.814369186670574e-07,0.0,1.8253068948233966e-06,4.5250582007188165e-07,0.09969923897674654,0.1262875074373133,0.050266529665237154,-0.0006635978581953458
2023-03-06,0.0002767092519583637,1.7909500671878652e-06,2.812445161965248e-06,0.0,2.481095123992159e-06,5.855543223915301e-07,0.13872649706636753,0.07549370173975586,-0.022879424422021195,0.0002690392072828269
2023-03-07,0.00013707848799172882,2.2580146677226595e-06,1.072105288708309e-06,0.0,2.135554988465931e-06,3.511582492452564e-07,0.1288829592178587,0.1090167500551844,0.0500221641819813,0.00013126165479758665
2023-03-08,0.00050739017945033,2.355781744239255e-06,2.6581912658665734e-06,0.0,2.7893724790110632e-06,2.466268536978017e-07,0.16090521263187094,0.07610164699958205,0.03466833557835136,0.0004993402071075153
2023-03-09,-0.00039602694570808536,6.447927989213603e-07,3.8184410745389585e-07,0.0,3.886044183297377e-07,2.1185870670449735e-07,0.04160342880428648,0.08555277714771961,0.04996051442136405,-0.00039765404573949487
2023-03-10,-0.0011191354120021447,1.800541363015756e-06,2.4950599599292715e-06,0.0,1.9979074331812754e-06,7.329303490806025e-07,0.14698239131240937,0.14580559426623124,0.022673295620690037,-0.0011261618511073516
2023-03-13,0.0006042591065376701,1.8555761854900403e-06,2.115685015312194e-06,0.0,1.6418557010531998e-06,6.797330486531012e-07,0.1825368083426176,0.16467089872082774,0.05047574654710673,0.0005979662565871616
2023-03-14,-2.3879946205982584e-05,3.670869796020572e-06,7.09798180350539e-06,0.0,5.797076655889961e-06,3.068920929799219e-06,0.40986533199119557,0.4665382160709463,-0.04904050013532245,-4.351479539119772e-05
2023-03-15,-0.001938098172813282,3.3110355564595475e-06,4.7182811997704505e-06,0.0,4.885502419363977e-06,3.865634947638672e-06,0.32789385629963497,0.5996273102934688,-0.04979936090982795,-0.0019548786269365146
2023-03-16,0.0008218822951093092,3.1097819992785484e-06,4.567066331972584e-06,0.0,5.143235072942546e-06,2.825167035317982e-06,0.3402648293739243,0.42239964932550605,-0.052228412607914956,0.0008062370446697975
2023-03-17,-0.0018623481259963874,4.23725497153227e-06,3.945931297599356e-06,0.0,5.926995092351202e-06,2.3017229869743345e-06,0.3591336399134948,0.4366035305198072,0.04991406870811908,-0.0018787600303448446
2023-03-20,0.001491686877511226,2.803227717204941e-06,6.3233365916737405e-06,0.0,8.41535809944305e-06,2.0571718705115675e-06,0.3755167904067437,0.29593464188059115,-0.049670232365352215,0.0014720877832323927
2023-03-21,0.00035004431515368563,2.7679925604184844e-06,2.855634353457562e-06,0.0,5.24903331605197e-06,1.265793145272382e-06,0.2895001868074038,0.26209219540974904,0.049438947003988896,0.0003379058617784852
2023-03-22,-0.0012396605252174109,4.217840087349084e-06,5.994795474206026e-06,0.0,6.171109069177132e-06,1.4698773894681961e-06,0.4287793616002202,0.2968471614008371,0.049907759970180154,-0.0012575141472376114
2023-03-23,-0.0004100025918947791,1.6936765472125148e-06,2.9651181852792655e-06,0.0,2.714788401943319e-06,4.703881347178153e-07,0.20358560106400803,0.1289691267736404,0.04994392014104744,-0.00041784656316393203
2023-03-24,0.00014585777913503445,3.02566346893831e-06,2.996924090288725e-06,0.0,2.903229554646419e-06,9.404297844086398e-07,0.11340477721605347,0.12877397218850334,-0.029218231592148137,0.00013599153223675236
2023-03-27,0.0009463184269541888,3.2275407754217244e-06,2.02056678846883e-06,0.0,3.725641589874149e-06,4.089756899168758e-07,0.15960214537327372,0.061652973802798466,-0.007054942103236671,0.0009369357021105073
2023-03-28,-0.00028228482125497125,4.364933280333041e-07,1.0320414918129804e-06,0.0,6.638394296826207e-07,4.913399099607624e-07,0.05458082191488846,0.052893448612094635,-0.029651656261313445,-0.0002849085354144609
2023-03-29,-0.0005152271230078626,1.4794625783331918e-06,1.108720820539145e-06,0.0,1.2436102961063762e-06,4.198168157961647e-07,0.11887334447524324,0.09529571888771494,0.024766493833959277,-0.0005194787335186375
2023-03-30,0.0004903632228390061,7.702083910071935e-07,1.6752166891399302e-06,0.0,8.46059395914456e-07,1.7140828824301895e-07,0.09453202439957575,0.01561902349769006,-0.013177568927137116,0.0004869003300747015
2023-03-31,-0.00021364328504526898,4.939582343482771e-07,1.213082596464857e-06,0.0,3.025886790444459e-07,5.952380952380953e-07,0.05742333730614205,0.049999999999999996,-0.049999999999999996,-0.00021624815265036465
2023-04-03,0.00010734831759135548,5.982779644816089e-07,7.848448058486758e-07,0.0,5.244492719649867e-07,7.445480556635191e-07,0.057681153210662625,0.07599975665105974,-0.04908431670041147,0.00010469619749339669
2023-04-04,0.0005570773791949723,3.3060017623797202e-06,5.624284715036894e-06,0.0,4.143471978099382e-06,2.1848266982653876e-06,0.38351839124290354,0.31705088530858505,-0.05000000000000007,0.0005418187940411909
2023-04-05,0.0013201086982971562,2.199360983924659e-06,2.5261215497754315e-06,0.0,2.6825340239189986e-06,1.3643591112641142e-06,0.1877675720531585,0.17992416702264497,-0.04928816366972627,0.001311336322628273
2023-04-06,8.896749751973845e-05,1.8654446245651235e-06,1.192103981100377e-06,0.0,2.2093569906516195e-06,9.762981419754938e-07,0.15870679093537396,0.21447218126057854,0.05045409340869565,8.272429378144584e-05
2023-04-10,-0.0002561912583330812,4.974974311597208e-07,1.9329509902991283e-06,0.0,6.197810253173616e-07,6.424368253331222e-07,0.11002022601211535,0.1130529114181093,0.005123524762144775,-0.0002598839246051905
2023-04-11,6.036807786714163e-05,1.3283019987194887e-06,1.6574023203778838e-06,0.0,1.8279119885962803e-06,0.0,0.1606944481324652,0.05001565404316939,0.05001565404316939,5.555446155944798e-05
2023-04-12,0.00014533011745501606,5.152500431363491e-07,1.079588512043569e-06,0.0,8.197710117042426e-07,0.0,0.042307906987032774,0.01046444320690498,0.01046444320690498,0.00014291550788813188
2023-04-13,0.00015319868738980402,5.073183088693325e-07,1.028067232089869e-07,0.0,1.570196369478059e-06,0.0,0.03954104738807188,0.050158689282366664,0.050158689282366664,0.00015101836598824765
2023-04-14,-0.0009687762621023803,4.4558534804165096e-07,8.749513427622666e-07,0.0,1.1789405560310715e-06,0.0,0.040847812501599426,0.025535797311820735,0.025535797311820735,-0.0009712757393492154
2023-04-17,0.00017562565195802142,9.051841788550337e-07,2.5528049803361753e-06,0.0,1.8160909896132708e-06,1.0114205197915431e-06,0.12120166180896472,0.11991864732497927,-0.05000000000000002,0.0001693401512894254
2023-04-18,-0.000521922021137544,8.738782537905734e-07,8.522674002971827e-07,0.0,1.4890615770862749e-06,1.1014219594919024e-07,0.10764411549526512,0.021664479829545003,0.0031605909100810414,-0.0005252473705646672
2023-04-19,-0.00010586803728308681,3.210791966553898e-07,3.568029283934019e-07,0.0,2.25460122362475e-07,0.0,0.02175854203766596,0.0,0.0,-0.00010677137953049808
2023-04-20,0.0,2.56820102716928e-07,1.0482922192059061e-06,0.0,6.599313591917357e-07,4.386760832502088e-07,0.09893464125349194,0.09893464125349194,0.025237059267456875,-2.4037197643647786e-06
2023-04-21,0.0002165538858907102,5.851543138347774e-07,1.9066742773250964e-06,0.0,5.465471834852879e-07,6.562556838489851e-07,0.07707087684515987,0.060418826304882024,-0.04983212858174745,0.00021285925443221605
2023-04-24,-0.00011061190821940795,5.961096102108591e-07,2.212192165088242e-07,0.0,5.938340937082836e-07,3.518332199121264e-07,0.08411932028473249,0.09309786769885411,0.03398988675361688,-0.00011237490435974805
2023-04-25,-0.0007574519863853872,3.7668047858089164e-07,1.351153646216297e-06,0.0,5.31106022674215e-07,0.0,0.08502728862720502,0.011583840685790117,0.011583840685790117,-0.0007597109265328586
2023-04-26,-4.812434125188997e-05,3.0945294064220183e-07,5.762917112106512e-07,0.0,2.676137671114199e-07,2.250320429791191e-07,0.024632501903038433,0.0314008655699779,-0.006404517650514105,-4.950273171383336e-05
2023-04-27,-2.1440277912442708e-05,1.7523316949888929e-06,2.395273316670146e-06,0.0,4.297154158227148e-06,1.2116891885466869e-06,0.12148222575603515,0.1534023590571434,-0.05016142461870003,-3.109672627087558e-05
2023-04-28,-0.0009588551906221706,2.5628993095651586e-06,2.8140607367757472e-06,0.0,4.6793601433754384e-06,9.584727008585804e-07,0.20542159710881758,0.11102341374424149,-0.04999999999999999,-0.0009698699835127456
2023-05-01,-0.0003472824870009345,1.5520261679702482e-06,2.5334648892242e-06,0.0,2.4134566615336385e-06,1.16462241051208e-06,0.18373074269604475,0.14556076199000506,-0.05009580297602434,-0.0003549460571301747
2023-05-02,-0.0007292270133120712,2.1449349880741538e-06,1.4438806001286516e-06,0.0,2.20376693155757e-06,2.0956783554880673e-07,0.1645115771387215,0.061635989846760914,0.02642859347456138,-0.0007352291636673804
2023-05-03,-0.0006716069566719458,1.207265289189513e-06,2.240357566693257e-06,0.0,1.3793287403251968e-06,6.817453497566572e-07,0.09563964918336057,0.07011805689828543,-0.04441516186083298,-0.0006771156536179104
2023-05-04,-5.834325496022624e-05,8.836677467651294e-07,5.456763891193343e-07,0.0,1.0809921738022215e-06,8.942986798338981e-08,0.11491514122537616,0.06492697090782898,0.049902753086619504,-6.094302113789631e-05
2023-05-05,0.0014474414127280742,3.4082967549506884e-07,2.988067148319411e-07,0.0,3.25713284772445e-07,9.219605704920664e-08,0.018693644599913115,0.06574048079633626,0.050251543212069545,0.0014463838669959254
2023-05-08,5.891989631320633e-05,2.8586979003542057e-06,4.286013712065674e-06,0.0,3.4827435851606302e-06,1.1969943065808298e-06,0.2181400857536364,0.15808495566121641,-0.04301008784436298,4.709544680904499e-05
2023-05-09,0.00019780859169248678,5.899803479143382e-07,9.671951690062183e-07,0.0,1.6477551946341418e-06,7.313675635638664e-07,0.08375237706162104,0.10214850609804782,-0.020721244580681756,0.00019387229341736822
2023-05-10,0.00024545588777538267,1.3938746736968538e-06,5.021378117751641e-07,0.0,2.3401378769306254e-06,6.033332895341361e-07,0.0926388507934376,0.1513599926417349,0.05000000000000002,0.0002406164041234459
2023-05-11,-0.0003351080099449124,2.1393679471948228e-06,2.1480959470538616e-06,0.0,3.014869185006251e-06,2.703677133501992e-07,0.1524842727366927,0.09526589771582186,0.049844121872988416,-0.0003426807107375175
2023-05-12,4.245518681633811e-05,1.0921342347057821e-06,2.9913353823334293e-06,0.0,2.5860643879042634e-06,7.296830306860315e-07,0.21569646520085625,0.1725867491552533,0.05,3.50559697807086e-05
2023-05-15,0.0006349812268727299,1.719288744910912e-06,2.9756249689187892e-06,0.0,2.6954689997243993e-06,1.3813292478193372e-06,0.11882320662117361,0.18204631212372277,-0.050017001509925885,0.0006262095149113565
2023-05-16,0.0004804111528530386,2.0012744619874225e-06,2.3344457780385612e-07,0.0,2.2865075134152898e-06,7.229995851531857e-07,0.08978637607840617,0.16171371602706847,0.04024978572133334,0.0004751669267146788
2023-05-17,0.00017542404443146445,2.266184822751579e-06,4.586464189035435e-06,0.0,2.4135133189673964e-06,1.2476423314131577e-06,0.2603268985299441,0.1599812591323174,-0.049622652545093085,0.00016491023976929688
2023-05-18,-0.0016284498368977012,7.005916291658599e-07,7.381587978021265e-07,0.0,6.781046076546158e-07,9.377536458861183e-07,0.07578169070004219,0.13329318644447974,-0.02424942606438809,-0.00163150444557821
2023-05-19,0.00029063570326562436,1.8296991999207701e-06,2.1715909173600725e-06,0.0,1.3473446848907018e-06,1.1234376829382154e-06,0.12491596659185222,0.13871504718965794,-0.05002248354396221,0.0002841636307805146
2023-05-22,-0.000770007907404059,8.051754161883049e-07,1.1740025685704222e-06,0.0,9.428851870218305e-07,1.2656578050899555e-06,0.08658895566049525,0.16264678797193238,-0.0499837232831801,-0.0007741956283809295
2023-05-23,-0.00012945052454609358,1.7518736661998099e-06,1.8044455960680481e-06,0.0,1.6626906727838797e-06,0.0,0.2105095930761851,0.05,0.05,-0.00013466953448114532
2023-05-24,-0.0004463102365716906,5.635963715076397e-07,5.853608657902029e-07,0.0,2.4428706412768065e-07,0.0,0.0373998667994887,0.05,0.05,-0.00044770348087311615
2023-05-25,0.0012766035300489037,1.417599315891137e-06,3.368904346406432e-06,0.0,2.1928145776437656e-06,1.3121038606302613e-06,0.2554348181739484,0.27064588094878483,0.05021243236290093,0.001268312107948332
2023-05-26,-0.0007544987548534655,2.721993956311153e-06,2.4260158906146037e-06,0.0,3.1602715323514053e-06,1.6722018012953514e-06,0.15599612035457988,0.3311360782197753,0.050206175602156344,-0.000764479238034038
2023-05-30,-0.001586226969245017,2.1389520041273007e-06,3.271840733392623e-06,0.0,3.609864149588161e-06,1.3046665196970575e-06,0.24237798277969602,0.26903214084418126,0.04984816553507561,-0.001596552292651822
2023-05-31,7.015678139065365e-05,4.356799290736429e-06,6.127668527608771e-06,0.0,5.449831079740028e-06,2.4642354702573817e-06,0.34766647628623876,0.3644350519463282,-0.049556507056912016,5.175824702231104e-05
2023-06-01,-0.0014334171682994622,1.4252105539255635e-06,2.257590562521994e-06,0.0,2.120317715777645e-06,8.30456930733903e-07,0.24279115796597742,0.19012950576348192,0.050612741400186255,-0.0014400507440624213
2023-06-02,0.0013496046717781883,9.374603242523969e-07,1.1788091182116222e-06,0.0,1.1615070564785063e-06,5.690590986633646e-07,0.0780316383591241,0.1470859604748012,0.05148403189935594,0.0013457578361805824
2023-06-05,-0.00047044245059260284,8.13868632780798e-07,2.430229011954853e-06,0.0,1.6751906277663893e-06,1.0140219839990844e-06,0.14570020373703613,0.18174156851514828,0.011385875203302045,-0.00047637576084910395
2023-06-06,0.0002769013059497734,4.056679289682976e-07,1.6262968334661845e-06,0.0,8.636385610497229e-07,2.9383914640610954e-07,0.12100167891696299,0.061254449008314324,0.01188947241208791,0.0002737118634798831
2023-06-07,0.000235455126136921,9.495657128005466e-07,2.4530362175936698e-06,0.0,1.1822901992731722e-06,1.0168568359531005e-06,0.1338571271537068,0.12142399304615398,-0.049407955393966925,0.0002298533771713005
2023-06-08,-0.00026815324164575205,2.640290829664458e-07,3.4527596690820515e-07,0.0,2.717221065491573e-07,9.513319719565713e-07,0.023593328741301732,0.1103565150099308,-0.04946725627877317,-0.0002699856007741324
2023-06-09,-0.00013315426367731102,6.937440073856583e-07,1.5576280765300454e-06,0.0,7.165004272577203e-07,1.5990780357595233e-06,0.11819880801261008,0.21917933590596173,-0.0494657741016382,-0.00013772121422424397
2023-06-12,-0.0009768015909801787,8.799173188453845e-07,1.711027328746668e-06,0.0,1.6328519679929193e-06,1.1939993672748682e-06,0.12183690428419049,0.1504952379821924,-0.05009665571998542,-0.0009822193869630385
2023-06-13,-0.000409822282309819,4.856513325206929e-07,7.360503077762641e-07,0.0,8.880071279754561e-07,1.2174216950789668e-06,0.050846113705497215,0.1545505136935773,-0.049976331079689074,-0.0004131494127731704
2023-06-14,0.0005971137717625336,3.1868814953173823e-07,8.163225610003188e-07,0.0,7.082176107380402e-07,1.0015918457614848e-06,0.059359377132993815,0.11881283887865406,-0.04945459120927537,0.000594268951595502
2023-06-15,-0.0006932398077536363,6.888337271103381e-07,1.6665838630940474e-06,0.0,1.7468575827734832e-06,1.4159702423387462e-06,0.12443005463769673,0.1877701571404472,-0.05011284357246212,-0.0006987580531689529
2023-06-16,0.00029134364113385597,1.6010944179627813e-06,2.0739639660102973e-06,0.0,1.7666464021126394e-06,1.2249144253430945e-06,0.1391717722021391,0.15587712043603402,-0.04990850302160583,0.00028467702192242714
2023-06-20,0.00011517631314285228,3.5760070572135457e-06,4.063631242170776e-06,0.0,4.870289713126862e-06,2.5000840924884054e-06,0.27255509488067703,0.3698739935736612,-0.05014013396439093,0.00010016630103785269
2023-06-21,0.0018776462184815965,4.329336912461949e-06,4.723130593130035e-06,0.0,5.562134922701832e-06,1.6895523324696978e-07,0.4186224651843658,0.07838447918549094,0.05,0.0018628626608200556
2023-06-22,5.009211059148463e-05,4.2295390860025715e-07,7.491005061534076e-07,0.0,7.187228020072333e-07,3.1730524563811236e-07,0.05434244990132673,0.10326515155495457,0.04995787028775169,4.788402812908561e-05
2023-06-23,-0.00043837707369478475,3.3261694896179137e-07,3.9125383250562434e-07,0.0,1.6419097824344396e-07,3.149475265379551e-07,0.02937974551135396,0.10306719196580227,0.050156007507425805,-0.0004395800829810336
2023-06-26,-0.0004722517881001323,8.924435174336688e-07,1.340702545313122e-06,0.0,8.966396454955649e-07,1.4099249858498017e-07,0.09724292703439837,0.07373211685470112,0.050045377092424445,-0.00047552256630695964
2023-06-27,0.0009075780635092929,1.1465517827129163e-06,2.019728684126751e-06,0.0,1.4974789788012754e-06,4.910077109512499e-07,0.14661816713811543,0.13294272233234233,0.05045342689253236,0.0009024232963527007
2023-06-28,-0.00047514493945046197,1.5660336830283316e-06,2.9210377443737103e-06,0.0,1.231066102836136e-06,1.1705807021924081e-06,0.12184991297053377,0.14836567239344667,-0.04829188557487789,-0.00048203365768289256
2023-06-29,8.603528595005541e-05,1.813560994708645e-06,2.0879200737262717e-06,0.0,1.8781517937334526e-06,1.270201042106573e-06,0.13917377561561894,0.16345472713225256,-0.04993904794165167,7.898545204578046e-05
2023-06-30,-0.00023832710876433658,1.3976408008993772e-06,1.943983254005865e-06,0.0,2.400931629657539e-06,1.4388975090031184e-06,0.15956514619475715,0.21052317286747463,-0.031211608645049307,-0.0002455085619579025
2023-07-05,-0.0007947492918202303,1.439238460257153e-06,2.31964648455565e-06,0.0,2.0434893787332893e-06,2.0164764310716033e-06,0.15276821417508224,0.2883043932963246,-0.05046364712370474,-0.000802568142574848
2023-07-06,-0.00047355313942909163,4.098373339216859e-06,2.537379405951026e-06,0.0,6.7877329432202845e-06,5.127463224780256e-07,0.2676806717550694,0.13611129043434161,0.049969908258033296,-0.0004874893714399578
2023-07-07,0.0007815619920984915,3.0609272790597405e-06,2.4437495621582016e-06,0.0,4.269238467231394e-06,2.4991740861573935e-07,0.14404006179285128,0.09223505085456532,0.05024892620712109,0.0007715381593814265
2023-07-10,0.0006956821976629497,1.5665870685475556e-06,3.576956061300847e-06,0.0,4.298901321367564e-06,1.5835750968853578e-06,0.1755732106814274,0.21635491918932198,-0.04968569708741817,0.0006846561781148483
2023-07-11,0.0005622835409127537,2.201592024500207e-06,3.774985825078442e-06,0.0,5.41413811480382e-06,5.952380952380951e-07,0.2643735848155281,0.04999999999999999,-0.04999999999999999,0.0005502975868531332
2023-07-12,-0.000367547699997212,7.119912951231893e-07,1.3693735232373534e-06,0.0,1.0462818142484823e-06,1.1412505824754992e-06,0.10350939987959529,0.1417300978558839,-0.05,-0.00037181659721229656
2023-07-13,-0.0005928873268803614,3.929974884329435e-06,8.39719465151831e-06,0.0,6.920900597957107e-06,4.495834421863321e-06,0.6314202420056435,0.7051464787597164,-0.05015370411332143,-0.0006166312314360296
2023-07-14,-0.0006396134386995927,2.6450284727510747e-06,3.4918394831761116e-06,0.0,3.725260164629409e-06,3.2546684860325834e-06,0.3137315596131561,0.5744457611086004,0.02766145545512627,-0.0006527302353061819
2023-07-17,0.0028714313711596037,3.5416425433351256e-06,5.380349206727976e-06,0.0,5.251567529130872e-06,2.9856353660618876e-06,0.3180289742469602,0.4513640965075784,-0.05022264499081866,0.002854272176514348
2023-07-18,-0.000895775982887151,3.532322378719448e-06,5.814196832191265e-06,0.0,5.840655576176083e-06,5.284481325466468e-07,0.4846024985820357,0.1387326834446478,0.049953397176811146,-0.0009114916058067845
2023-07-19,0.001930808341217132,1.703990873034684e-06,2.895888919956236e-06,0.0,1.394950151088942e-06,4.0258488933400436e-07,0.14786416336737004,0.0530269936284654,-0.01460726777964734,0.001924410926383718
2023-07-20,0.0001601547445286605,1.0555483799068226e-06,1.3031051645346766e-06,0.0,8.189013078332658e-07,4.765611597327374e-07,0.09099945188248193,0.071247054468309,-0.008815220366790878,0.000156500628516653
2023-07-21,0.00015304444598865672,1.0108073358121722e-06,1.1317450806714502e-06,0.0,1.4024504689546061e-06,5.928300377788492e-07,0.13256831180730044,0.14978070989263956,0.050185263545792905,0.00014890661306543964
2023-07-24,-0.000491154018300302,6.025227849887153e-07,9.56466045220975e-07,0.0,1.039458356681259e-06,6.246937006758362e-07,0.0680612103568261,0.15527064412868136,0.05032210241514089,-0.0004943771591878688
2023-07-25,0.0005637523480642853,1.0534007893699115e-06,2.182295423170415e-06,0.0,1.8904966120283472e-06,4.972597029796127e-07,0.15421431940387534,0.13023733741750643,0.04669770731693149,0.0005581288955367371
2023-07-26,-0.0003964224139914014,5.003125823551211e-07,2.8738574250102285e-06,0.0,1.2863851444387552e-06,1.3027941038682178e-06,0.14058735547937687,0.17163976769103434,-0.04722964175882624,-0.00040238576324707373
2023-07-27,0.00039040773464313,2.1547881436071883e-06,4.099897855976084e-06,0.0,3.862079374805837e-06,1.0916126271667666e-06,0.2918588654611509,0.1442067109628919,-0.03918421040112487,0.00037919935664157417
2023-07-28,-0.00037801204103833874,1.642911271448522e-06,1.8443147983166385e-06,0.0,3.093725753738773e-06,1.2483264552216466e-06,0.11157068384075168,0.1597375249370207,-0.04998131954021595,-0.0003858413193170643
2023-07-31,0.00041314964382057966,1.4761223698530976e-06,3.34598457293777e-06,0.0,3.012620243085869e-06,2.3148859511630954e-06,0.23980208342431283,0.3389142907999715,-0.0499865489954287,0.00040300003068353984
2023-08-01,0.001362860967638732,2.418883422144247e-06,3.9912881910787235e-06,0.0,2.877065305043064e-06,1.0199601475832099e-06,0.2951813689133632,0.12135330479397925,-0.050000000000000024,0.0013525537705728827
2023-08-02,0.0007664047106295586,1.7645190662071857e-06,1.0218063132595483e-06,0.0,1.5499274800730447e-06,4.818192151197094e-07,0.09774403695504186,0.05782516467671778,-0.0231204634633934,0.0007615866385548991
2023-08-03,0.00017128952131674756,1.4776299901981468e-06,1.6063705500070487e-06,0.0,2.0027314924019898e-06,5.418860283413511e-07,0.16864578199330843,0.14110075484814555,0.05006390208679858,0.00016566090325579902
2023-08-04,-0.0013031670841167542,9.210761525584872e-07,1.6351490418863064e-06,0.0,2.2498310995561143e-06,7.504922118092385e-07,0.09703619580953105,0.14914369116915388,0.023060999585201823,-0.0013087236326225643
2023-08-07,-0.0005429761622727243,1.230668173057912e-06,1.525416268769871e-06,0.0,3.504155742127532e-06,3.22330325385533e-07,0.12958393799772172,0.10415149466476954,0.05000000000000001,-0.0005495587327820651
2023-08-08,-0.0006780569069300045,5.75043610457869e-07,1.922858431959941e-06,0.0,2.59675307178436e-06,3.6564541487474324e-07,0.1431225967095862,0.10671658672130704,0.045288157022350194,-0.0006835172074590814
2023-08-09,-0.0005676972146107953,1.2684293235795801e-06,2.8981782548031322e-06,0.0,4.952250809021581e-06,9.71537793459622e-07,0.22343124611996845,0.2132540272794172,0.05003567797820068,-0.0005777876107916592
2023-08-10,-8.990003793491223e-05,1.4284538340680131e-06,3.522986265443912e-06,0.0,4.0184361461479334e-06,5.432714519071107e-07,0.20196967559916723,0.08266492106893304,-0.008604682851461534,-9.941318563247919e-05
2023-08-11,0.0003202864926769891,8.727558075164065e-07,7.857800474897854e-07,0.0,1.812965094904928e-06,0.0,0.09427999258136767,0.04027701287691873,0.04027701287691873,0.00031681499172707796
2023-08-14,0.00014368022126476699,2.01440975370074e-07,8.856097490190359e-07,0.0,4.022748320567e-07,0.0,0.04963967111998335,0.01930212184401931,0.01930212184401931,0.00014219089570832117
2023-08-15,-0.00013652850981980293,7.405739331191825e-07,2.6188952583550055e-06,0.0,2.0183172061608598e-06,1.0901008101935787e-06,0.18955988720691286,0.1988478270970373,0.0157108909845161,-0.00014299639702763155
2023-08-16,-8.58631148405564e-05,4.947988075096782e-07,3.561285029724592e-07,0.0,8.648519891916157e-07,7.050626597782799e-07,0.054347359898382526,0.16894382954502374,0.05049330270227273,-8.828395680000844e-05
2023-08-17,-0.00033185295001512147,3.565283247341951e-07,7.736458362853808e-07,0.0,6.048123073690409e-07,9.49804532773322e-07,0.05789522666609126,0.2100202566623468,0.05045309515642873,-0.0003345377410162834
2023-08-18,-0.00030752266480416583,5.554718342876842e-07,1.3764102858966494e-06,0.0,6.317206269183147e-07,5.030905488121235e-07,0.09363911609965332,0.12309651804739725,0.03857730584696051,-0.0003105893581000806
2023-08-21,0.0004831628634360067,1.6129868290551112e-06,3.143943693774546e-06,0.0,3.089663883849867e-06,8.138614368273114e-07,0.24651578489804793,0.18672872138698832,0.05000000000000002,0.00047450240759249986
2023-08-22,-0.0007072929863588013,1.823789949276697e-06,3.788278790656123e-06,0.0,4.3101322425477105e-06,8.405524024120476e-07,0.18439658971222284,0.091212803605224,-0.049999999999999996,-0.0007180557397436938
2023-08-23,-0.0004796794723860364,8.010447206045191e-08,2.2031688140322929e-07,0.0,8.937243756301344e-08,8.405524024120477e-07,0.017231369270814773,0.09129388328967261,-0.049918920315551396,-0.0004809098185794751
2023-08-24,0.0007745627377308056,1.2465156736516926e-06,8.257567621937861e-07,0.0,1.5535974346560406e-06,0.0,0.14010986814547638,0.05,0.05,0.0007709368678603041
2023-08-25,0.00018432899558927342,2.9888531390964095e-06,2.969434696819183e-06,0.0,2.051938247660429e-06,1.1717094112298418e-06,0.22604142084519357,0.24688841552158644,0.05004123443497302,0.00017514706009446755
2023-08-28,0.0004289114148942611,1.615680450163714e-06,4.803660730693872e-06,0.0,2.8747398403920313e-06,1.780961549707504e-06,0.2705793531132501,0.2564766151619694,-0.042724925188891184,0.000417836372323304
2023-08-29,-0.0006938182238163047,3.6079387805169504e-06,4.091777386471053e-06,0.0,4.058836565306942e-06,6.445216176070132e-07,0.26308008480126155,0.06782485532741636,-0.04045477643056186,-0.0007062212981662066
2023-08-30,0.00022653258066590828,2.0028790410738657e-07,2.7641293738535275e-07,0.0,2.7717498287092616e-07,1.9249257584702505e-07,0.0620460993227943,0.04377975893595607,0.011441006193655857,0.0002255862122656976
2023-08-31,-0.0005284131412862756,1.2489145759930109e-06,4.9081642614807875e-06,0.0,2.9575623006561133e-06,2.1053459533222182e-06,0.32509066497149985,0.3037170698463708,-0.049981050311761796,-0.0005396331283777277
2023-09-01,-0.00019323533688899244,1.0144390121000027e-06,2.699201158155766e-06,0.0,2.2391508692524748e-06,1.1598149468772598e-06,0.1940656612788118,0.14487411215873502,-0.049974798916644636,-0.00020034794287537795
2023-09-05,0.00024334012964669338,2.1962274304394576e-06,1.5294846136597274e-06,0.0,2.5016971934427704e-06,6.203922166665432e-07,0.19376277318424406,0.15455693784404556,0.05033104544406629,0.00023649232819248486
2023-09-06,-3.60830308448655e-05,1.0267974775711479e-06,2.1913503521938983e-06,0.0,1.6435182474573724e-06,0.0,0.1470993087250309,0.041015835699293665,0.041015835699293665,-4.094469692208792e-05
2023-09-07,4.615142262063151e-05,2.1747058540487446e-06,2.077173227392872e-06,0.0,2.7061359673566775e-06,7.4125580812162e-07,0.11581855325031926,0.14091373172862082,0.016382755964188665,3.8452151763711594e-05
2023-09-08,-0.0004952720154647234,2.021822995834835e-06,2.108707673682655e-06,0.0,4.311426739551667e-06,1.0025690921604328e-06,0.13289990323308926,0.18028504234182446,0.011853434858871748,-0.000504716541965953
2023-09-11,0.0006668090106615173,9.976510114621495e-07,9.556795175674118e-07,0.0,1.6633415460412568e-06,9.896159383299655e-07,0.06798075082407518,0.18220024174097404,0.015944764101539877,0.0006622027226481166
2023-09-12,-0.0011540885642898537,3.989406335138605e-06,5.347181614330938e-06,0.0,8.077686093356203e-06,2.447504210100514e-06,0.30727663853326087,0.3609812699197777,-0.05019943737710873,-0.00117395034254278
2023-09-13,-0.0012677824364571118,1.429758956617506e-06,2.9420304402909285e-06,0.0,3.2578648323056413e-06,2.671915803993974e-06,0.21502347181866965,0.3980005111589207,-0.05088134391206707,-0.0012780840064903199
2023-09-14,-0.00020981275729080936,3.85149724939939e-06,4.950909669217012e-06,0.0,7.185238903786014e-06,2.6159946484299485e-06,0.4443830421668369,0.489102969958514,0.049615869022282544,-0.00022841639776164172
2023-09-15,0.001910144712496963,5.116478928787028e-06,9.795813086069375e-06,0.0,1.2134450063470212e-05,1.9529148986720796e-06,0.6248780532604727,0.2781854654148679,-0.04990423756204154,0.0018811450555199644
2023-09-18,-0.0007714475048048065,2.2363466309793116e-06,3.5973373908787147e-06,0.0,4.3972671253371e-06,2.3162584895352366e-06,0.25285845036651733,0.3381799217637182,-0.050951504478201654,-0.000783994714441537
2023-09-19,0.00037232008124760195,3.018647639096093e-06,2.4861095023389213e-06,0.0,6.263773667146658e-06,3.818797331569546e-07,0.26039874283334696,0.11442107900369687,0.0502652838333285,0.0003601696707058633
2023-09-20,-0.0006022505082883022,6.470191835169448e-07,2.0748597584587003e-06,0.0,4.883054218784768e-07,0.0,0.11329225003425694,0.0,0.0,-0.0006054606926521564
2023-09-21,0.0,6.473894456939238e-07,7.73413062165327e-07,0.0,1.2921264274562676e-06,2.8673754323358873e-07,0.09817190726324292,0.09817190726324292,0.05,-2.9996664785491073e-06
2023-09-22,-0.000397727662631441,2.106135677951939e-07,5.678811504311723e-07,0.0,5.363815050979569e-07,3.12768098314505e-07,0.042953782254682334,0.10232922343505368,0.049784182918216874,-0.0003993553069530798
2023-09-25,0.00020551532670229835,1.1950763041472414e-06,3.3089877971622603e-06,0.0,2.9219164067023067e-06,1.0012442802541844e-06,0.23723408011033514,0.21615066800110289,0.047941628918399926,0.00019708810191403236
2023-09-26,-0.0009925555774854614,1.3733413241679156e-06,4.782716412937966e-06,0.0,3.1215002000844568e-06,7.508636615823241e-07,0.2924588119435997,0.0905478819828759,-0.03559721316295454,-0.001002583999084234
2023-09-27,0.00034504380210899024,4.380947902764995e-06,5.4269803016628705e-06,0.0,7.286808218446011e-06,2.522956617672585e-06,0.37591565286487416,0.40778738365981093,-0.016069328109183434,0.00032542610906844375
2023-09-28,0.004123622820913764,4.66611679349148e-06,4.738979074530441e-06,0.0,8.720440011426086e-06,2.614563889703064e-06,0.2884896120735662,0.3893199992795596,-0.049926734190555086,0.004102882721144612
2023-09-29,0.00038578945097989784,6.0366139857574645e-06,5.6961911424300226e-06,0.0,7.91521580495418e-06,1.0424105247093107e-06,0.39586969880438894,0.12553795454426475,-0.04958701360689951,0.00036509901952204687
2023-10-02,0.00038299706759227617,2.8938088560634564e-06,3.349285038100876e-06,0.0,4.731543925385553e-06,1.6943000270730373e-06,0.23011152483783193,0.2346424045482703,-0.04999999999999999,0.00037032812974565325
2023-10-03,0.0009952932608626557,2.157055320495791e-06,2.871789556748565e-06,0.0,5.914440251355091e-06,4.6306952497466927e-07,0.24355560801526557,0.06585963223300026,-0.01193604796274417,0.0009838869062090815
2023-10-04,0.00016787825527136155,4.1329157634696615e-06,2.3560312297397927e-06,0.0,6.750677616163961e-06,1.2346074838765416e-06,0.1868679105107837,0.23380183248951628,0.026387775198257267,0.0001534040231781116
2023-10-05,-0.0019894653672993807,5.2740656885165276e-06,4.236216857447213e-06,0.0,8.600533727436307e-06,2.3088275799310137e-06,0.31341165622153566,0.4361256843219616,0.04824265089355135,-0.002009885011152712
2023-10-06,-0.00037585764416821736,1.1899677277545057e-05,1.6796463497301713e-05,0.0,2.8357849915064054e-05,8.130251785466984e-06,1.2719724858824142,1.4142312801367702,0.04834898017831646,-0.00044104188664359517
2023-10-09,0.015935458832338188,1.1070445090007128e-05,1.5288473939954373e-05,0.0,1.4651141025386919e-05,5.635444838697911e-06,0.9996697645521057,0.9986620751415046,0.051907342240255394,0.015888813327444143
2023-10-10,0.00021387284653727394,9.065225730852591e-06,1.256843776243029e-05,0.0,1.780692724750213e-05,4.915232483003085e-06,0.8170265246167219,0.776843551792668,-0.048915505351849964,0.00016951702331348585
2023-10-11,0.0010984036579677117,6.960575956791603e-06,9.19114965356645e-06,0.0,1.5435117232768483e-05,2.173663162234264e-06,0.6101259224143456,0.3157952940344361,-0.04938011722092024,0.001064643151962351
2023-10-12,0.00032826138762183225,2.914370153546201e-06,3.545910951488919e-06,0.0,5.470785688583701e-06,2.8715299251970995e-06,0.2474310663346888,0.43342840025341967,-0.0489886271796931,0.00031345879090301633
2023-10-13,-0.00036705439607721254,7.251734324368749e-06,1.7247230590889823e-05,0.0,1.5235324118465354e-05,5.4074724030945274e-06,1.3089451481265035,0.9583060647276096,0.04985070100772909,-0.000412196157514031
2023-10-16,0.0011766275508886313,1.129293556034406e-06,3.194901777661911e-06,0.0,2.565307886483114e-06,4.717162623158442e-06,0.24170524106408967,0.8424800467994107,0.049996726108792466,0.0011650208850452935
2023-10-17,0.0005054916335866486,3.778247307865397e-06,7.637572927612136e-06,0.0,7.006242342110207e-06,4.085864059551017e-06,0.47457020738459216,0.6365703167572458,-0.0498548452473252,0.0004829837069495098
2023-10-18,-0.001652502879233985,3.983221714361682e-06,1.0358731853418076e-05,0.0,9.393109134769857e-06,1.9788665836852008e-06,0.788788309528585,0.282868694933046,-0.04958089112606774,-0.00167821680852022
2023-10-19,0.0006735406745856214,4.636974713488356e-06,7.0070817513767024e-06,0.0,8.864551109960342e-06,1.5562468212650145e-06,0.5195050183487502,0.2654887949556694,0.004039328983147003,0.000651475820189531
2023-10-20,0.0017435843018970163,1.0577040006637144e-06,1.1532678490375742e-06,0.0,1.461253581208632e-06,1.2292797680046592e-06,0.1147972885376513,0.2581495127881138,0.051630511763331,0.0017386827966981017
2023-10-23,-0.00046196682696442436,2.59100332596489e-06,2.3236496303246325e-06,0.0,3.3365701575660933e-06,1.1619032082100115e-06,0.16821474560075872,0.24545807921639706,0.05025834023711508,-0.00047137995328648996
2023-10-24,0.001893047481624575,4.250620947231045e-06,4.79140448018942e-06,0.0,6.762426188664347e-06,1.4433314151971066e-06,0.35403991751775643,0.2926406461711946,0.05016096841808072,0.001875799698593293
2023-10-25,0.0007229287124133354,4.89468915912384e-06,4.747470040919104e-06,0.0,7.99605683400803e-06,1.6739070008244178e-06,0.25454968885110263,0.2730375682082862,-0.00817880793021599,0.00070361658937846
2023-10-26,0.0019696013572971767,2.2752535266499612e-06,2.7857742665510933e-06,0.0,3.0261501939074823e-06,1.4511206530095044e-06,0.22936553004685303,0.2862675549147917,0.04247928520919501,0.0019600630586570585
2023-10-27,-0.0005922246613403984,8.087740771376796e-06,1.1812883358033295e-05,0.0,1.7901154727388003e-05,4.665894169163282e-06,0.7488916291129493,0.7337439594499839,-0.05012626096944722,-0.0006346923343663598
2023-10-30,0.000830698650758983,5.225795502810423e-06,7.325787644528844e-06,0.0,1.138668365513839e-05,2.9316900959121575e-06,0.6192787732458485,0.5423631103317763,0.04983917421853392,0.0008038286938605931
2023-10-31,0.000511038093829939,5.3696671566508325e-06,7.3461100425047635e-06,0.0,1.0496845342369952e-05,2.04184197539898e-06,0.47903705054661516,0.3502461982099242,0.0072167463428955796,0.0004857836293130145
2023-11-01,0.0021723206342379015,3.2733619362280012e-06,5.217563472915229e-06,0.0,7.393628695459193e-06,1.3807515054133973e-06,0.3268845862469595,0.18168682748465226,-0.05027942542479849,0.0021550553286278857
2023-11-02,-0.002402190654051797,3.265366286438719e-06,3.260462482793741e-06,0.0,5.119677326446401e-06,5.035619816561998e-07,0.2856027272430761,0.1002191777688829,0.015620764850641341,-0.002414339722129132
2023-11-03,0.00022693773578360668,4.510342727696553e-06,6.013770488898529e-06,0.0,5.012157729658457e-06,3.027614201556242e-06,0.40535372151944526,0.45927542942846245,-0.049363756432986294,0.0002083738506357969
2023-11-06,-0.0011034919975408946,4.511743567805887e-06,6.19557408794052e-06,0.0,7.073017755838027e-06,6.347054284312004e-07,0.41515932797299837,0.06601253368076312,-0.04061797829567852,-0.00112190703838091
2023-11-07,-0.0005260084198805961,1.697109703153057e-06,6.232677350988513e-07,0.0,3.564985701027517e-06,3.6902070786476344e-07,0.11572188274122405,0.11199547892128027,0.05,-0.0005322628037277403
2023-11-08,2.073905747387292e-06,6.788666751212398e-07,9.49901987855495e-07,0.0,8.799911687991167e-07,2.607607124921094e-07,0.06399227564991361,0.09380779969867438,0.05,-6.956147968806691e-07
2023-11-09,-0.0007695129635790822,2.3212002369955516e-06,4.205886887748408e-06,0.0,4.160862868016053e-06,1.6090801809645146e-06,0.22261889274344332,0.22032547040203843,-0.05,-0.0007818099937528067
2023-11-10,-0.0015652552216207426,3.023016187735594e-06,4.430970539014315e-06,0.0,6.27314360761323e-06,1.022138768900047e-06,0.34049556541348613,0.16874201713598214,-0.002977296039225738,-0.0015800044907240058
2023-11-13,-0.00010410002291561576,6.290441425568954e-07,8.434604157016508e-07,0.0,2.285708627496631e-06,1.0961086377482669e-06,0.1045830995236343,0.23454299337865903,0.05039674223695022,-0.0001089543447391192
2023-11-14,0.0018368482503024143,3.601973427946641e-06,5.199207347916543e-06,0.0,8.038098285569223e-06,7.093578377585537e-07,0.383365981512086,0.16917211674343705,0.05000000000000002,0.0018192996134032233
2023-11-15,0.0021490985161032833,1.4505362645606036e-06,2.458866424520315e-06,0.0,4.364108669287091e-06,1.2666529116627885e-06,0.17426706824612445,0.2634997909637794,0.05070210180443094,0.0021395583518332524
2023-11-16,-0.0011346050518905178,9.798036760973359e-07,2.843114642063981e-06,0.0,2.475429577167526e-06,1.8996892336083486e-06,0.130146606517202,0.2692629545829116,-0.049884836663290896,-0.001142803089019455
2023-11-17,0.0008807452087251797,2.1400719641211973e-06,3.0297712256040835e-06,0.0,1.948560694470413e-06,9.181131937689247e-07,0.20096855194171082,0.10448992653892689,-0.04975309001425248,0.000872708691647215
2023-11-20,-0.0003970314652965802,9.142423088456322e-07,1.9462824556442155e-06,0.0,2.9134057560801675e-06,1.1396584030634799e-06,0.17448282030198436,0.1755115075887081,-0.01595110412595656,-0.00040394505422021367
2023-11-21,0.00031893252421549004,3.209024815463619e-07,1.5771698282608058e-06,0.0,1.2738891126266361e-06,6.049798152424524e-07,0.10548099971991601,0.07011111466200813,-0.03152549429872385,0.00031515558297781377
2023-11-22,-0.00012685707581085908,4.778190981041285e-07,7.195903648333157e-07,0.0,1.227706232773065e-06,3.271933734359981e-07,0.08600076169851492,0.06616819993969758,0.011199713202449904,-0.0001296093848800056
2023-11-27,-0.00037014619127240684,1.1420480669138197e-06,1.1400046983943245e-06,0.0,2.4129630320066778e-06,0.0,0.11136319129236502,0.045337598015918364,0.045337598015918364,-0.00037484120706972166
2023-11-28,0.0003336474145830649,1.3987639367137103e-06,2.0246688282664108e-06,0.0,1.930402553955019e-06,3.192030694300901e-07,0.09184260120625151,0.04617135577575007,-0.007454759888505054,0.00032797437619469966
2023-11-29,-0.0008337658553372096,8.969788314842321e-07,1.0578478119985552e-06,0.0,1.6228333742630479e-06,5.948790990377174e-07,0.068941379318257,0.09063476016591568,-0.009304928472420832,-0.0008379383944539931
2023-11-30,-0.0006420218148898701,1.6021702384190447e-06,1.627010970481889e-06,0.0,2.5282341130326677e-06,6.024424092710259e-07,0.12071849127271254,0.0960503284021159,-0.005159996355416455,-0.0006483816726210747
2023-12-01,0.0004968267187593327,1.696707182749316e-06,3.2341979414101502e-06,0.0,2.291234187958868e-06,1.7248857303387678e-06,0.20177281067709496,0.24058728864047746,-0.04919351405643552,0.0004878796937168756
2023-12-04,7.84250743039548e-05,8.971705727348907e-07,1.5258880124004092e-06,0.0,1.5697567189489265e-06,1.0853717274416435e-06,0.17823036438570677,0.22131167189684203,0.038969221686645905,7.334688727242894e-05
2023-12-05,0.00011697349063601431,1.3725985955118543e-06,1.4244033984203237e-06,0.0,2.4333485113030836e-06,1.3454492493716295e-06,0.10646077760452069,0.27603815146592814,0.05000267757149442,0.00011039769088140743
2023-12-06,-0.0012438932576461135,3.0954250304112074e-06,3.888702407580723e-06,0.0,4.25323500463118e-06,2.5126902825438064e-07,0.26943915248862826,0.09200438305787972,0.049791186311143765,-0.001255381889116991
2023-12-07,-0.00010987175390198761,1.7549799588636836e-06,2.6037278078698596e-06,0.0,2.250705957423095e-06,5.322231003376478e-07,0.12126595828299651,0.0606298699271839,-0.028783610929540914,-0.00011701339072648189
2023-12-08,-0.000354011805247769,1.5704652862240469e-06,6.292696153045767e-07,0.0,3.455239688021543e-06,4.234850516026618e-07,0.11104034020215424,0.1211454886692472,0.05000000000000001,-0.00036009026488892186
2023-12-11,-0.00011476732723971367,2.0166352680488106e-06,3.5485035266356896e-06,0.0,3.280518427733337e-06,1.215481434013072e-06,0.16207569503920044,0.15425601664366173,-0.0499448642705344,-0.00012482846589614459
2023-12-12,-0.00022905344522925462,1.2161479647332468e-06,1.8377490458583359e-06,0.0,1.6503448858566002e-06,5.981591984614174e-07,0.12747541667224993,0.05024537267075906,-0.05024537267075906,-0.0002343558463241642
2023-12-13,-0.0010263446885360509,1.1465427170542323e-06,6.503977875464973e-07,0.0,1.814728616153428e-06,4.67171565638764e-07,0.08430244512377146,0.07350776469035107,-0.004977058336961292,-0.0010304235292224438
2023-12-14,-0.0004118645263032518,8.114070740399526e-07,1.9430694406555592e-06,0.0,1.4013574294457457e-06,1.2716016188450193e-06,0.10909964644440488,0.1637908198935383,-0.04983825207242487,-0.0004172919618662381
2023-12-15,-0.0004435198889196324,1.6210789510797179e-06,4.110290321047798e-06,0.0,3.465447962170898e-06,1.687743051970517e-06,0.29615232119095464,0.23355556970408023,-0.04998526302696661,-0.00045440444920590137
2023-12-18,0.0015908929540598196,2.35827157170472e-06,5.416032561538037e-06,0.0,2.820853998189546e-06,2.4312615374233014e-06,0.40937968122672735,0.3588965053381311,-0.04955543294898346,0.001577866534390964
2023-12-19,-0.0012957393863624507,9.208023477499671e-07,1.8205963006256455e-06,0.0,7.592335620934348e-07,1.71241333079788e-06,0.15423385699648257,0.2667388751059228,-0.020946564468121064,-0.0013009524319037176
2023-12-20,0.0013458213727869145,3.7181114533236817e-06,5.8228745091608706e-06,0.0,8.1027837255564e-06,2.300092513609253e-06,0.4791740257536541,0.4369724845684765,0.050556942282122014,0.0013258775105852642
2023-12-21,0.0005378717195529918,3.9663658494793655e-06,5.885692314910323e-06,0.0,4.524241590567126e-06,1.4015437522279587e-06,0.3919817003627763,0.2870049300293622,0.05154557965506513,0.000522093876045807
2023-12-22,0.0004328524985522837,1.0865850083181574e-06,1.7490049299341101e-06,0.0,1.8212161783672075e-06,1.151160227518626e-06,0.1323609485184358,0.2444631704136493,0.051068252190520184,0.0004270445322081456
2023-12-26,-4.428999585514206e-05,3.288590741565368e-06,5.0551259418654196e-06,0.0,4.873251267575721e-06,1.16780168071274e-06,0.2866948281436632,0.14636602914615157,-0.04982465321358874,-5.8674765486861304e-05
2023-12-27,-4.724252213838168e-06,4.621494740968616e-07,1.500794252408144e-06,0.0,6.067832181772482e-07,3.27014897420039e-07,0.1312098305643849,0.02746925138328328,-0.02746925138328328,-7.62099405594046e-06
2023-12-28,2.207393323266168e-06,1.9201819934343513e-10,2.8877713008358887e-10,0.0,0.0,3.2566637932148556e-07,0.00011106812695522647,0.027355975863004787,-0.027355975863004787,1.8812461486152555e-06
2023-12-29,0.00010541710993806859,6.860327662761345e-08,7.085145275797347e-08,0.0,3.120624763059643e-08,0.0,0.027250558753066718,0.0,0.0,0.0001052464489610524
2024-01-02,0.0,0.0,0.0,0.0,0.0,0.0,0.0,0.0,0.0,0.0
2024-01-03,0.0,1.1051382053010797e-07,7.935348131940908e-08,0.0,9.571993893755549e-08,0.0,0.03052056973823426,0.03052056973823426,0.03052056973823426,-2.8558724078707254e-07
2024-01-04,-3.048369331581604e-05,5.04550482903609e-07,6.940451239964438e-07,0.0,5.832266434744965e-07,1.3898754380874323e-07,0.06640734175264015,0.07336799482336932,0.05001808746350046,-3.240450310999933e-05
2024-01-05,-0.00010633982895199233,2.429561033611675e-07,5.545390176153403e-07,0.0,3.7526942859781795e-07,2.0511748118686883e-08,0.04207806577702281,0.05343350764599213,0.04998753396205274,-0.00010753310524968535
2024-01-08,0.0009141228157471737,1.5178377822164611e-06,3.3531295685056493e-06,0.0,1.6268256313934423e-06,1.1209208619964484e-06,0.15355020529156838,0.13862170104184368,-0.04969300377355963,0.0009065041019030617
2024-01-09,-0.00022912356263049528,1.9927686099501877e-06,1.6571465640077253e-06,0.0,2.404766282952477e-06,1.2102167282962593e-06,0.11345286184792684,0.15331641035377153,-0.049999999999999996,-0.00023638846081570192
2024-01-10,0.00026636720140210397,5.404571760334138e-07,9.305321648962475e-07,0.0,4.723834296628358e-07,1.2071071340453043e-06,0.06444596734119301,0.15348575999277234,-0.04930823852683885,0.0002632167214974662
2024-01-11,-0.00035958799390381415,1.46769476564359e-06,2.2592582042593963e-06,0.0,1.7485938489117041e-06,7.841707622541658e-07,0.24240026299600057,0.1815737005688326,0.04983301251013275,-0.000365847711484883
2024-01-12,0.0024384033981115828,1.5602647193925887e-06,1.9204640360251807e-06,0.0,1.6465992151224185e-06,2.9681952363303573e-07,0.13645743948781383,0.09965953368905833,0.04979385371870834,0.0024329792506174097
2024-01-16,-0.0002909874733914903,8.563691223402395e-07,2.1418602304447344e-06,0.0,1.333353463809205e-06,1.1801835391659141e-06,0.09060811185432635,0.17324209676783744,-0.0250287378120361,-0.0002964992397472504
2024-01-17,0.0001380296822937829,1.0935452343989114e-06,1.8988442097999835e-06,0.0,1.1556425527502694e-06,8.198692978012193e-07,0.12207035027314703,0.08896850885454576,-0.048769533176059074,0.00013306178099903253
2024-01-18,-0.0008428759797141609,3.476989646715982e-07,9.75306103177412e-07,0.0,8.625272770644864e-07,1.1512234039419165e-06,0.07149865165816192,0.1434186442500014,-0.049986887612240564,-0.0008462127354630163
2024-01-19,-0.0010923178624288518,8.068043114274893e-07,6.469918332892115e-07,0.0,2.0599701064214446e-06,5.274637847246139e-07,0.12524663706568806,0.1386139158337351,0.05,-0.0010963590924647146
2024-01-22,-9.242751864900652e-05,5.804348782034026e-07,2.6477068077252104e-06,0.0,1.0080129983035705e-06,2.879065662231666e-07,0.14164937440962297,0.02418415156274599,-0.02418415156274599,-9.695157989946187e-05
2024-01-23,5.681235523967549e-05,2.120324120430145e-06,6.314901718026957e-07,0.0,1.8471989697587866e-06,2.9498973822179746e-07,0.08152042187595678,0.07160116705331038,0.0220428910320484,5.1918352239462065e-05
2024-01-24,-9.390757206549143e-05,1.4040642454615868e-06,1.030788308978348e-06,0.0,1.467034335172997e-06,5.196661571043822e-07,0.10113114934283764,0.13730391439353623,0.05,-9.832912511220875e-05
2024-01-25,0.0007822774109969245,2.2770992899640307e-06,3.164909312315572e-06,0.0,1.930592590067023e-06,1.6139790347445855e-06,0.12509307158422892,0.22129500108900502,-0.04985347674808536,0.0007732908307698333
2024-01-26,-0.00015602652119480804,1.6950216102268652e-06,1.3079583832892329e-06,0.0,2.230065944177297e-06,1.5673167346416767e-06,0.1025389587039843,0.23221961357884988,-0.031089597840951756,-0.0001628268838671431
2024-01-29,-0.00045381418235468997,2.9334909142257786e-06,3.2897354411921026e-06,0.0,3.689463209217289e-06,1.333301361692012e-06,0.20526327625739066,0.17399462876425803,-0.05,-0.00046506017328101714
2024-01-30,0.0007951975568457836,1.096179915927343e-06,2.1042627334011062e-06,0.0,1.9420753093897983e-06,1.2431750468287505e-06,0.15338252280762346,0.1591639920851819,-0.049689415782048205,0.0007888118638402366
2024-01-31,0.0009797092350547498,2.7871757831105095e-06,2.980483947252492e-06,0.0,5.786447996981517e-06,2.0784256703359286e-06,0.2608808073952793,0.3550211524658418,0.0058456398494057815,0.0009660767016570693
2024-02-01,-0.0002417003200849165,2.72123896060928e-06,3.009989928137764e-06,0.0,4.787531681726671e-06,1.3294815829929331e-06,0.251651621093387,0.2737858635263264,0.0504329575835136,-0.00025354856223838316
2024-02-02,-0.0005530275675252323,2.913941892672959e-06,4.609354574502931e-06,0.0,7.571457739166435e-06,2.452709628744879e-06,0.33707871553648266,0.46214019726453814,0.05008497963539843,-0.0005705750313603195
2024-02-05,-0.002201409476142762,8.690674640884252e-06,1.2057109876016754e-05,0.0,2.7273104509475294e-05,4.410786338694387e-06,0.7956450882552342,0.7235759604721289,-0.017436144428528144,-0.0022538411515078327
2024-02-06,0.001975357185050181,9.839836560542464e-06,1.2214286391839135e-05,0.0,1.83387623762087e-05,3.0843649510410863e-06,0.7719693497549821,0.4681007723709614,-0.05007253940394096,0.0019318799347705497
2024-02-07,-0.0037057991021759006,6.6227388193419985e-06,7.644501796272728e-06,0.0,1.9185752509496068e-05,2.4386051173477287e-06,0.5602682414191728,0.3592920773539222,-0.05039358236049632,-0.0037416907004183594
2024-02-08,0.000989608318798866,4.719722113357759e-06,5.179540589697772e-06,0.0,8.434549216780303e-06,1.5306537728356463e-06,0.3276972368023522,0.20716015015346667,-0.04998968368292191,0.0009697438531061946
2024-02-09,0.0010084105450397373,3.718171977179783e-06,3.076446123779761e-06,0.0,5.329130814179002e-06,6.589577283019553e-07,0.22606261725061996,0.06064128106608008,-0.050063617288648415,0.0009956278383962968
2024-02-12,-2.4553026556841436e-05,1.1489093842655136e-06,2.045635146125725e-06,0.0,1.73023404645018e-06,1.2668234661040335e-06,0.15192163721548246,0.16285606472374675,-0.04997027758173089,-3.074462859978689e-05
2024-02-13,4.661242317874984e-05,1.4393677442162325e-06,3.483743776369674e-06,0.0,2.2002765761325993e-06,2.06976580645406e-06,0.24638092377754992,0.2967872107599172,-0.05093344472436488,3.7419269275577275e-05
2024-02-14,0.0007444925470749563,1.505718930060138e-06,3.1644445829037637e-06,0.0,3.3764190220786993e-06,9.867878363887233e-07,0.23206663076396655,0.11573494861446584,-0.05004540789883963,0.000735459176703525
2024-02-15,-0.0004003189598927762,8.499225667283782e-07,1.9805104987129126e-06,0.0,2.4817800372199067e-06,1.1131186367028453e-06,0.17023718954314596,0.16344177004590632,-0.023562160920171743,-0.00040674429163214027
2024-02-16,-0.0010522714786164828,1.4300802556648566e-06,3.4228172893241722e-06,0.0,4.563431486157251e-06,9.384740384474648e-07,0.23751681387413434,0.1076636384591741,-0.05,-0.0010626262816860765
2024-02-20,-0.00022709408801081492,8.258368358546755e-07,2.370933370804882e-06,0.0,1.175427114148966e-06,1.2012125141817795e-06,0.17149341362896647,0.15180370238253896,-0.05000000000000002,-0.00023266749784580523
2024-02-21,-0.00039412420688593605,1.7072807064551579e-06,2.8315416698342336e-06,0.0,3.4143429503017265e-06,8.173930534032579e-07,0.20184998903296886,0.08732203297174733,-0.04999999999999999,-0.0004028947652659304
2024-02-22,-0.0005282587862792813,1.414952778227366e-06,1.8557121407274154e-06,0.0,1.9642721712627563e-06,1.0191841522135137e-06,0.12555827586131763,0.12122293757187026,-0.05,-0.0005345129075217123
2024-02-23,-0.00016871166894344994,8.314117135086673e-07,1.9056003243542274e-06,0.0,7.904234715840467e-06,1.0789167617988684e-06,0.2248841709510348,0.23137158494461807,0.050113568962408164,-0.00018043183245895216
2024-02-26,0.0004894904923872179,1.2571223816355508e-06,2.338332021266786e-06,0.0,5.019112008106865e-06,9.193281628806429e-07,0.1761702304881728,0.20552074340684168,0.051073612042893735,0.00047995659781332805
2024-02-27,-0.00047452015102715257,1.5642796433651995e-06,3.234756638965205e-06,0.0,4.99402041397609e-06,3.694591316132698e-07,0.23206818520538847,0.11205545126709072,0.049986317156061395,-0.0004846826668550723
2024-02-28,0.0001639820157776761,1.855950245934587e-06,3.5186481396860737e-06,0.0,5.4962883760637405e-06,1.6908357406054609e-06,0.2403327995535347,0.32413800194017384,0.04007759751845641,0.00015142029327538625
2024-02-29,0.0005043943878572804,3.1449176798831466e-06,5.5880510794389435e-06,0.0,4.891765551296844e-06,1.3948506444906903e-06,0.37286828623482166,0.21783467658589106,-0.016500231688544878,0.0004893748029021707
2024-03-01,-0.0014384510671881841,1.5323832027116265e-06,2.1139780828321374e-06,0.0,2.4912516905201727e-06,1.7151387502973925e-06,0.1402408553154647,0.25828271414572423,-0.029860595904237647,-0.0014463038189145455
2024-03-04,-0.0003934860826094399,3.107580943401966e-06,4.416161602580801e-06,0.0,5.657530048976326e-06,2.5621395008104214e-06,0.2826823419754192,0.38061802548440726,-0.04982141065174346,-0.00040922949470520946
2024-03-05,0.00033356906829261405,4.7562025973288185e-06,8.486222087721016e-06,0.0,5.791019760513537e-06,3.3808189548750293e-06,0.5883825044025512,0.5179451774552182,-0.050032406963786746,0.00031115480489217565
2024-03-06,-0.0002772726918994811,3.2399530283975873e-06,5.693058692766173e-06,0.0,8.977371058732825e-06,3.73049348503729e-06,0.4126981580351914,0.5760289744216269,-0.05069393106463771,-0.000298913568164415
2024-03-07,-0.001961311380447272,7.32404521347094e-06,1.0243357817629593e-05,0.0,1.3418210660859268e-05,3.650740623123386e-06,0.7489296760587891,0.5634191141071644,-0.04990531057756442,-0.001995947734762355
2024-03-08,0.0016208768573780328,4.893981826865546e-06,6.317472928477697e-06,0.0,1.0145705918470915e-05,2.020088035097354e-06,0.44204080558560965,0.28966116845763423,-0.04971362143872121,0.0015974996086691212
2024-03-11,0.0009781385289170576,2.309738691752569e-06,3.4490634446837878e-06,0.0,4.527680614318587e-06,1.5674175434644688e-06,0.2486066228744938,0.21358119938961334,-0.04974494791241739,0.0009662846286228382
2024-03-12,0.00013544274328903026,1.7543346160588297e-06,2.1910424396673313e-06,0.0,2.39434062025568e-06,1.2857805083357163e-06,0.15981321117273345,0.16652417528848396,-0.04948695011191641,0.0001278172451047127
2024-03-13,0.0003473717234147813,1.395891981008969e-06,2.0023564865501348e-06,0.0,1.9523650474101788e-06,9.359670981419388e-07,0.13883522919174907,0.10770687600685638,-0.049535596480989326,0.00034108514280167004
2024-03-14,0.0007949772163543462,7.82961606829652e-06,1.759704113513012e-05,0.0,2.1234049676815054e-05,7.735837670238451e-06,1.2385428751344387,1.2502561619657029,-0.04936456663435729,0.000740580671803866
2024-03-15,0.0005872208554258427,6.359482423542376e-06,1.0100678949873604e-05,0.0,1.5650506463203174e-05,3.0594619894708755e-06,0.8416788316198132,0.5652433855203682,0.05125377128926112,0.0005520507255997527
2024-03-18,0.00010619818494475672,9.086126882556615e-07,2.5596706226544593e-06,0.0,1.207240180776397e-06,2.5084376440922505e-06,0.19280572040191185,0.46949205619504003,0.04807453198754194,9.901422380897795e-05
2024-03-19,-0.0007890556715497992,3.9531282133647655e-06,7.770944072186871e-06,0.0,1.3868649776005511e-05,4.210928177908923e-06,0.4665516025185691,0.6567244644172383,-0.05071146947146077,-0.0008188593217892653
2024-03-20,0.0017797836946013914,5.921407107721374e-06,1.2299021248894747e-05,0.0,1.4592088921129107e-05,2.221380610181966e-06,0.9295020388642898,0.3231919425105703,-0.05,0.0017447497967134642
2024-03-21,-0.0014224849540874867,2.7042722823891305e-06,6.730660480659114e-06,0.0,6.333375619041504e-06,4.563524792235534e-06,0.5118126930298199,0.7168180406692732,-0.0498541244262965,-0.001442816787261812
2024-03-22,0.0005626034690727512,1.9354967017437366e-06,4.678128618390146e-06,0.0,2.8071931338047825e-06,3.1541022851338873e-06,0.3390044022952013,0.4798416436168247,-0.05004754028566841,0.0005500285483336786
2024-03-25,0.002478469723702002,1.3551703160190418e-06,2.748068779871575e-06,0.0,5.826199144596361e-06,2.135210293268964e-06,0.27326403890503403,0.4084094667114189,0.049694137442233,0.0024664050751682463
2024-03-26,0.0012687773766458762,5.821558004045564e-06,6.889675891572156e-06,0.0,1.1605293394056891e-05,1.8718960625243508e-06,0.48888024924631734,0.36447853850409095,0.05000000000000002,0.0012425889532936773
2024-03-27,0.0037454818760512846,3.293231619869042e-06,5.64020559587624e-06,0.0,5.871107976565302e-06,2.2722874205925338e-06,0.3277732717285767,0.3637140719670426,-0.01803021469250312,0.0037284050434383815
2024-03-28,0.0002914773367951161,5.642549637412423e-06,8.027672301527374e-06,0.0,9.760540516372403e-06,2.86135795027556e-06,0.5736472810914799,0.44025976790976373,-0.040448367736530294,0.00026518521638952834
2024-04-01,-0.0006454286808329321,3.902336831220674e-06,3.6285484747625253e-06,0.0,3.92991667073684e-06,1.588685501350613e-06,0.22283830637394514,0.2169562168076527,-0.049942947419250275,-0.0006584781683110027
2024-04-02,0.0008499588938810507,2.441803633761829e-06,5.133985689877502e-06,0.0,4.9354198167637096e-06,1.1043408188215593e-06,0.4469002556665105,0.23553162079945517,0.05000236323743319,0.0008363433439218262
2024-04-03,0.00021642345612822548,6.937815841176491e-07,3.6993847299495736e-06,0.0,1.5298186758426894e-06,1.1495728914082623e-06,0.19791934459882646,0.1431281105139348,-0.050000135242653274,0.0002093508982469073
2024-04-04,0.0005803627411406569,1.80012008070873e-06,6.191905268699328e-06,0.0,9.41563382391307e-06,2.1797103053476033e-06,0.5457660060643593,0.41619133129839736,0.04999999999999999,0.0005607753716619882
2024-04-05,-0.001794622050882623,1.2887886038462584e-06,4.057378844597651e-06,0.0,5.767016180222344e-06,4.0945799148663406e-06,0.21913468323491972,0.6366074668856299,-0.051281958811915385,-0.0018098298144261556
2024-04-08,-0.00014596016457691922,1.7611068998886173e-06,1.3787397351306388e-06,0.0,2.9159099104050017e-06,3.392023077007659e-06,0.18396078632171167,0.6198211051616334,0.04996122822434673,-0.00015540794419935115
2024-04-09,0.0032817948082567746,3.293948531181125e-06,1.0245286115677504e-05,0.0,9.462829446311346e-06,5.952380952380951e-07,0.6704718639491745,0.049999999999999996,-0.049999999999999996,0.0032581975060683665
2024-04-10,0.0010980446695433258,1.7708372374473483e-06,2.5714508385918734e-07,0.0,1.9176582065311215e-06,8.334889994830152e-08,0.09890195533045668,0.06400261519131466,0.05,0.0010940156801155399
2024-04-11,0.0005133068663074124,8.042232358085413e-07,2.932900102990146e-06,0.0,1.5252995990408996e-06,1.4813304241721886e-06,0.1686066002039709,0.23218561460806963,-0.016677896652858,0.0005065631129454006
2024-04-12,0.0008255913012095271,2.9834748008688233e-06,5.456136092375564e-06,0.0,5.692237662971159e-06,1.6985918761944469e-06,0.4347434683247541,0.33580727280066686,0.05044383759999977,0.0008097608607771171
2024-04-15,0.00013884616042437168,5.3574823293710925e-06,1.2281213722003182e-05,0.0,2.1687962770955937e-05,5.8653818650970526e-06,0.7856589308587856,0.9354670156047138,-0.049917137731591066,9.365411973694442e-05
2024-04-16,0.003192814366722213,3.947686426175131e-06,6.016463299511424e-06,0.0,1.774949334264967e-05,3.312391772868527e-06,0.5266600625905933,0.6066209055374752,0.050139087695562634,0.0031617883318810084
2024-04-17,0.001425884611152504,1.794964159521787e-06,4.564221936192162e-06,0.0,3.0083780929010194e-06,1.5760113189713323e-06,0.34361768575395507,0.3148450332659457,0.050075131678761875,0.0014149410356449176
2024-04-18,0.00012398567766990734,1.7723482441785487e-06,4.717323162935314e-06,0.0,5.0575659392530425e-06,3.3789459158570136e-07,0.3572264614296077,0.10694456675039024,0.050178275363992414,0.00011210054573195474
2024-04-19,0.0006214035929197155,1.2784474412434243e-06,2.855283167512726e-06,0.0,1.9035957700818297e-06,6.400858844862793e-07,0.19575778687140213,0.1520700643410714,0.044535635747376484,0.0006147261806563912
2024-04-22,0.0007248782549448304,1.8291803644050674e-06,3.6090988874873897e-06,0.0,4.363851475099843e-06,8.271120971784382e-07,0.2709092393107089,0.18905779724656135,0.050102964920583706,0.0007142490121206596
2024-04-23,0.0010154971194710283,1.020637604326869e-06,2.376049511302694e-06,0.0,3.647301726763522e-06,1.492594836805162e-06,0.17603739450951772,0.3010078139119462,0.050251881328678916,0.00100696053579183
2024-04-24,-1.974057794389598e-05,2.0791395935375102e-06,5.792038944356325e-06,0.0,4.868528385859513e-06,2.5887573469526962e-06,0.350819558961094,0.38489742246668796,-0.05001381182136497,-3.5069042214602025e-05
2024-04-25,0.0006722175359986074,1.6067569903982265e-06,3.7495590422676526e-06,0.0,4.33190446638233e-06,1.6627888717622707e-06,0.26931677345610927,0.22996042249474075,-0.04938810796132077,0.0006608665266277969
2024-04-26,-0.001592824412830874,6.518256210397378e-07,1.9251493844760816e-06,0.0,2.057636003044359e-06,1.0220781625555796e-06,0.14329246053266664,0.12129791123694222,-0.050411220072395124,-0.0015984811020019897
2024-04-29,0.00011884751207947913,2.420369325066205e-06,4.657405405131845e-06,0.0,6.213356339941593e-06,2.2081396040482683e-06,0.3318924725755237,0.321067491867682,-0.049899961612427074,0.00010334824140529122
2024-04-30,0.0009602809718464587,5.161450963721927e-06,6.9246375531802045e-06,0.0,1.2047258033717279e-05,4.299162125070175e-06,0.604141402472169,0.774941479281826,0.05268224227003668,0.0009318484631707691
2024-05-01,0.006139739644298889,6.644555076153111e-06,8.91066781155461e-06,0.0,1.816433331648529e-05,3.3128888367561313e-06,0.6273265089463083,0.6099662653218427,0.05340094074681262,0.006102707199257941
2024-05-02,-0.0005523716017559711,3.837039249103888e-06,8.779279108720728e-06,0.0,9.277671924186871e-06,1.4899373360024528e-06,0.6248508323858291,0.30177949436774615,0.05147002191933411,-0.000575755529373985
2024-05-03,0.0015016873230589455,3.4993221792891616e-06,6.677123161149122e-06,0.0,8.962991806094518e-06,9.286923267060893e-07,0.4098755149518942,0.1374799536209136,-0.018540357265709434,0.0014816191935857067
2024-05-06,-0.00011620022354779547,8.78126731821719e-07,1.959100582835476e-06,0.0,1.3721278960628432e-06,7.848811286082375e-07,0.11532827100022569,0.0818600296061839,-0.04999999999999999,-0.00012119445988712375
2024-05-07,-7.218446693250216e-05,5.919813292852516e-07,4.998796253865614e-07,0.0,3.7882005991011843e-07,7.729571971307748e-07,0.03830328116736523,0.07994204232489935,-0.0499147667930708,-7.442810514421487e-05
2024-05-08,4.1964317053691054e-05,3.6848125258404845e-07,5.224744795404566e-07,0.0,5.701353804447523e-07,0.0,0.07986755096915521,0.0,0.0,4.05032259411218e-05
2024-05-09,0.0,4.6355892422236554e-07,1.1293024191898304e-06,0.0,1.2662085293530132e-06,5.232762304652033e-07,0.06210780533709646,0.06210780533709646,-0.0258026013810577,-3.3823461032304123e-06
2024-05-10,-8.362207390179025e-05,7.437935920861178e-07,3.2197535456378027e-07,0.0,7.39900624041857e-07,1.4402728484167644e-07,0.06807266644208682,0.05399300437096907,0.02979642051756743,-8.557177075732369e-05
2024-05-13,2.6292443620372897e-05,6.886999446563578e-07,2.9548470591508106e-06,0.0,1.6067111416470784e-06,1.3185473111395302e-06,0.15722368140670168,0.17490354554925736,-0.04661240272218373,1.972363816377912e-05
2024-05-14,-0.0009381472914147599,1.910073583089886e-06,3.0207090685042366e-06,0.0,2.797770480671481e-06,2.3034126205994277e-06,0.2193766883231391,0.3370373498978848,-0.049935970362819077,-0.0009481792571676249
2024-05-15,-0.0020797433990669776,1.4371868449057549e-06,2.7709232930805326e-06,0.0,4.040127668196722e-06,1.842311911682704e-06,0.19497610184173725,0.25998496154618445,-0.04952343961650983,-0.0020898339487848434
2024-05-16,-0.001086419935052665,9.059606941439897e-07,3.4849330701758375e-06,0.0,3.4035597364885605e-06,3.1032236885264053e-06,0.2589816431094386,0.47017796895720404,-0.05116361071523218,-0.0010973176122419997
2024-05-17,0.0014301451732094497,2.9497924070207305e-06,3.4467880463514664e-06,0.0,4.28081008368497e-06,2.941724966904827e-06,0.24248011756888568,0.4440265145756438,-0.05018327986436724,0.0014165260577054877
2024-05-20,0.00039829342883510797,1.4492640413018098e-06,3.789127245510606e-06,0.0,5.096041022617559e-06,6.444658932306733e-07,0.33072431334185437,0.11244990849790837,0.004179638435155269,0.0003873145306324473
2024-05-21,-0.00026381071922024744,3.8684391491096403e-07,1.1520445810673446e-06,0.0,1.748168111212467e-06,5.279200334392791e-07,0.07036574054596281,0.0725577858728915,-0.016132779744907372,-0.0002676256958608775
2024-05-22,-0.00031565243471817105,1.3485320002532388e-06,3.1069202143280107e-06,0.0,2.3431722122497894e-06,9.537899636318995e-07,0.2317494107978486,0.15976268205376803,-0.0004740318363910534,-0.000323404849108634
2024-05-23,0.00028262891581552107,3.7502521394809685e-08,5.237085089130553e-08,0.0,1.0098655767231527e-07,8.728736651121187e-07,0.020142634958194433,0.16659400777645483,0.019951232037618893,0.00028156518222045054
2024-05-24,-0.00027449114525412836,3.651340499817185e-07,9.961001163449257e-07,0.0,6.244503253294017e-07,1.0645570025260293e-06,0.0566991743938439,0.17571977034308806,-0.0031258060812848903,-0.0002775413867483104
2024-05-28,0.0007706341262661463,1.6892215323172776e-06,3.3994615970615435e-06,0.0,5.486155584832158e-06,1.7360847627835533e-06,0.2985511331665643,0.34160401035748234,0.04994177020984529,0.0007583232027891518
2024-05-29,-0.0027762929872716473,1.6502814756434174e-06,3.3142512998067364e-06,0.0,3.6464258175911323e-06,1.1625656518258903e-06,0.23749282510926806,0.24523300416204097,0.04992197465529138,-0.0027860665115165147
2024-05-30,-0.00100740762482285,1.956303426997514e-06,5.387356456218698e-06,0.0,7.073955973715854e-06,3.0610225599842665e-06,0.38784030185250684,0.5643731688768656,0.0501213787995089,-0.0010248862632397664
2024-05-31,0.003674322566556532,6.783473277867506e-06,1.1931151964131604e-05,0.0,1.9146406169961423e-05,6.145962572117986e-06,0.7408909360701024,0.9829626220864562,-0.049559090029365205,0.0036303155725724533
2024-06-03,0.0045650526598654834,4.14185125387805e-06,5.711903122537797e-06,0.0,9.684653710604478e-06,6.016118770479816e-06,0.40768996288144643,0.9610525618265274,-0.04965539161408167,0.004539498133007983
2024-06-04,0.0006501744055239337,5.963588315334192e-06,9.715186298782659e-06,0.0,1.1124440507611749e-05,2.612964443359909e-06,0.7076502526138556,0.38912969718298046,-0.049848329301484307,0.0006207582259588452
2024-06-05,0.0007650718588107672,3.876198633373265e-06,6.308145177863251e-06,0.0,1.0740856206871652e-05,2.3564344391038247e-06,0.47237310854531406,0.3462039261162264,-0.04967705965321612,0.0007417902243535551
2024-06-06,-0.004090804903945109,9.59506574887628e-07,2.7555291404659058e-06,0.0,4.122365490476129e-06,2.7775471981683423e-06,0.20827579779488153,0.4115998524811539,-0.055028076811127605,-0.0041014198523491065
2024-06-07,0.0005225551864096714,2.690732061288518e-06,4.4857223933362944e-06,0.0,1.0615662137909017e-05,1.8126789061720863e-06,0.33182575522761304,0.2551447862938335,-0.049385269943076945,0.0005029503909109654
2024-06-10,-0.000423709736294011,1.7220511507369985e-06,3.0495735909517263e-06,0.0,6.217277998158608e-06,0.0,0.2565159929757751,0.0,0.0,-0.0004346986390338583
2024-06-11,0.0,5.43380217022185e-07,1.030703525014104e-06,0.0,5.91830577165714e-07,4.6092703053927873e-07,0.03871787056529941,0.03871787056529941,-0.03871787056529941,-2.6268413497412817e-06
2024-06-12,-3.753742345133206e-05,1.3462409625306897e-06,2.1054292616969962e-06,0.0,2.173588869501551e-06,9.548352165353568e-07,0.13937155237414472,0.11041231637793995,-0.049999999999999975,-4.4117517761596656e-05
2024-06-13,-1.5776184883290846e-05,1.4120834582837892e-06,2.7342702491641027e-06,0.0,2.037583944173024e-06,1.616800158184887e-06,0.2068758682336537,0.22202271429636633,-0.04959971227869471,-2.357692269309665e-05
2024-06-14,0.0010141255892217166,2.0086846772758995e-06,4.396511493396226e-06,0.0,3.6678146628231956e-06,1.819093908991395e-06,0.3108554204588,0.25705671691792975,-0.048551059792624654,0.00100223348447923
2024-06-17,-0.0004473291862734353,1.566488315782186e-06,3.72518740677549e-06,0.0,3.261031283065527e-06,7.777831416874222e-07,0.2816348649470923,0.0806738530522772,-0.049993714751209735,-0.00045665967642074596
2024-06-18,-0.00028717463647169665,3.0276936050667884e-06,2.843399397118099e-06,0.0,6.80422104455943e-06,8.979461371487825e-07,0.2816076218196263,0.2008549510409955,0.05000000000000001,-0.00030074789665558976
2024-06-20,0.0015080698766091034,4.824684991550917e-06,6.652423664894804e-06,0.0,1.0264635221874316e-05,1.8833681191734356e-06,0.3840022070194402,0.266355276452221,-0.050050567568916154,0.0014844447646116098
2024-06-21,-0.0013662161514065784,1.6129293712662402e-06,3.898426054921501e-06,0.0,4.862819858786099e-06,1.676039001825628e-06,0.28097906505588777,0.23056481206645862,-0.05100974024024689,-0.0013782663656933779
2024-06-24,0.00039041883249265653,2.014086803972098e-06,4.338415645619107e-06,0.0,7.592840180582897e-06,1.5564546999360016e-06,0.4129390102556104,0.31235439782111807,0.05087000823186978,0.00037491703516254643
2024-06-25,-0.0012093607443621184,1.9319174825795948e-06,3.987697348594862e-06,0.0,5.598538646134868e-06,2.02103371721282e-06,0.20009307962368414,0.2895336644917538,-0.049999999999999975,-0.0012228999315566406
2024-06-26,-0.0008691934360726595,6.350484384547306e-07,2.4859109229632567e-06,0.0,3.383224432138381e-06,2.0094033458491297e-06,0.18592401177004608,0.287546243202847,-0.05003351889980677,-0.000877707023212065
2024-06-27,-0.0037816674850661477,1.0955428016861328e-06,2.6504784554182426e-06,0.0,3.1663344498094548e-06,1.808992223663307e-07,0.24592578030120002,0.03803103351803534,0.007639964160491777,-0.0037887607399954277
2024-06-28,0.0005930226545051642,2.35591543456334e-06,4.257376304315034e-06,0.0,4.67429738258841e-06,1.6734063213379438e-06,0.24402884469683322,0.23123747586655158,-0.04989478611822297,0.0005800616590623595
2024-07-01,0.0007963605734637255,6.0166288039829e-07,1.6546756063607768e-06,0.0,2.515716802772741e-06,1.6766495399416791e-06,0.1227423305092634,0.2315342720244065,-0.050142850685795604,0.000789911868634252
2024-07-02,-0.001088324779790423,3.954600206887863e-06,3.655761796478807e-06,0.0,4.6446099111562924e-06,2.9311759147633254e-06,0.21361675780729047,0.4421832229954998,-0.050254330684738904,-0.0011035109276197094
2024-07-05,0.004402021723497086,6.400427832428863e-06,7.166504536291215e-06,0.0,1.1320656920702445e-05,1.5965634015653773e-06,0.5379183268166767,0.2181500399751927,-0.05007261148779071,0.004375537570806098
2024-07-08,0.0008757844224861938,8.463036642338045e-07,1.3995570837721973e-06,0.0,1.8722064186896426e-06,1.7880452651049258e-06,0.10498994212898827,0.2510939921911999,-0.04929761234642768,0.0008698783100543932
2024-07-09,0.00044170890730244473,3.713222314369233e-07,9.937831473077418e-07,0.0,1.3047354791090634e-06,1.4754771878398535e-06,0.07469100170528668,0.19927536439970758,-0.048604803157387855,0.00043756358925675117
2024-07-10,-0.0007121230876186433,1.334000109885392e-06,3.2309943897453567e-06,0.0,1.542017110269524e-06,9.75243231578088e-07,0.2280101202028914,0.11384086290511876,-0.05000000000000003,-0.0007192053424601217
2024-07-11,0.00015894956536131614,2.499360414138588e-06,1.7209434428033635e-06,0.0,1.7755076954055194e-06,1.0797270070845788e-06,0.09857805172101267,0.13118070515626457,-0.050213432033944655,0.0001518740268018841
2024-07-12,-0.0002691831991979965,3.346785411834669e-06,6.718481435622606e-06,0.0,9.533061257888585e-06,3.320523780337377e-06,0.5932458696862535,0.608121525059512,0.05027352996283274,-0.00029210205108367974
2024-07-15,0.00043633863622107944,1.8424840789390275e-06,2.6992579838108607e-06,0.0,2.590206030944062e-06,2.830472672192291e-06,0.19863630160970497,0.5254768927529916,0.04995748382468668,0.0004263762154551932
2024-07-16,0.003891825269243058,1.8428484167795899e-06,5.622680974268631e-06,0.0,7.35785334160081e-06,2.8241758182680903e-06,0.3261447584991486,0.4245837363234648,-0.0498778011455743,0.003874177710692141
2024-07-17,-0.0012903652628262303,2.698977299957342e-06,6.315421128021414e-06,0.0,9.916243172627347e-06,4.547473691538975e-06,0.476184811936653,0.711347000311928,-0.05262857986661962,-0.0013138433781183755
2024-07-18,0.002069422761561027,2.063897150807069e-06,4.612473189258008e-06,0.0,4.502278321944677e-06,2.8458060176885667e-06,0.324230844282164,0.4241195929011079,-0.05397581807057128,0.0020553983068813285
2024-07-19,0.0042583355552547235,3.281306042731953e-06,3.693013432714727e-06,0.0,6.089149731284111e-06,3.125483966008424e-06,0.24594870169431493,0.4742975897239806,-0.05078371656543454,0.0042421466020819846
2024-07-22,0.0023662498502065817,2.6245802043231206e-06,5.517823217792709e-06,0.0,7.434751845598417e-06,1.0955690089528733e-06,0.41459416130211835,0.1493759198365508,-0.0346796736675319,0.0023495771259299148
2024-07-23,-0.0004329345354372239,1.9768331545400954e-06,1.8059029496088712e-06,0.0,2.904701748837689e-06,3.897158624943382e-07,0.16686837365280535,0.08185355139860927,0.016381286499560468,-0.0004400116891527049
2024-07-24,-0.00012401096244772067,1.4494168462983273e-06,3.893319092997851e-06,0.0,3.896214584309055e-06,1.5732175886621277e-06,0.2606181026893599,0.2557002122013913,-0.008600342693846116,-0.00013482313055998804
2024-07-25,0.0018750394133114825,2.4619830815196084e-06,3.93228491422564e-06,0.0,4.0273496633019755e-06,1.8275997696060457e-06,0.3422320650848828,0.35679886605624345,0.049762104762427734,0.0018627901958828293
2024-07-26,0.002095498051003128,2.623931813820676e-06,3.1380591499287157e-06,0.0,3.4124919497702683e-06,1.8897838301994673e-06,0.21255602820480182,0.368183836965862,0.050700153492351435,0.002084433784259409
2024-07-29,0.00048726541175215935,3.739349848717177e-06,9.592904085866413e-06,0.0,1.2481624166477219e-05,3.787350142639743e-06,0.625050962654716,0.586274823963477,-0.050000000000000044,0.0004576641835084588
2024-07-30,-0.0011598608205306328,2.0282220841268787e-06,4.751564437206744e-06,0.0,5.046827671572025e-06,3.1594541104878784e-06,0.35179054259334425,0.4806953770823317,-0.050092913479631906,-0.0011748468888340264
2024-07-31,0.009276038139871063,4.236691913017702e-06,6.636386324194934e-06,0.0,1.3406753915032139e-05,3.8196287780568035e-06,0.5634263661565604,0.6924017482466145,0.050704113533071415,0.009247938678940762
2024-08-01,0.0010747732540805455,5.923169410395149e-06,1.0333834323682278e-05,0.0,1.0319164105456818e-05,4.147645652625826e-06,0.6285851394064854,0.6430626243495376,-0.0537418452916012,0.0010440494405883855
2024-08-02,-0.0006320009977287108,8.057948550296768e-06,1.5729683847029684e-05,0.0,1.6426258779807477e-05,7.714256615808899e-06,1.1486769562740478,1.2483172245899339,-0.04767788686596103,-0.0006799291455216537
2024-08-05,-0.0008376744080311357,1.0188060481720248e-05,1.4282044652305961e-05,0.0,2.3113509994873925e-05,6.937962933181043e-06,1.08875867080666,1.2169296684062545,0.05135189563183956,-0.0008921959860932169
2024-08-06,-0.0036261109492300306,1.339357508276112e-05,2.072522401020938e-05,0.0,1.985874207611975e-05,7.109275401386634e-06,1.5841236089414044,1.245398119989664,0.05103985255670945,-0.0036871977658005073
2024-08-07,-0.005302376781002017,1.1394760871942969e-05,1.616960934576231e-05,0.0,2.0436119440980885e-05,8.310837635295176e-06,1.1403637707622236,1.443633467173814,0.047412744444224164,-0.005358688108295998
2024-08-08,-0.00028971737090387477,1.001167674313454e-05,1.6479678384089716e-05,0.0,2.1716935079627803e-05,2.3085840186166324e-06,1.1254268488794597,0.44155005355605675,0.053707938428462526,-0.0003402342451293435
2024-08-09,0.0006673045102439364,3.52286658796065e-06,7.528735666326419e-06,0.0,7.1966311326483085e-06,2.2527859062280066e-06,0.522983069042935,0.4218969768436417,0.04342894459733655,0.000646803490950773
2024-08-12,0.0015454474250182922,3.066841403573636e-06,6.438364023218206e-06,0.0,7.239121426851954e-06,1.7442366440052612e-06,0.3892883196114511,0.24313152330461524,-0.049900232888268614,0.0015269588615206432
2024-08-13,0.0011078628527200075,2.3155255654998074e-06,4.248455916309839e-06,0.0,4.811610571989307e-06,1.3736137916045e-06,0.3061056636393915,0.1807528250491699,-0.05001429194038609,0.001095113646874604
2024-08-14,-0.001092073126992476,5.289363746930075e-07,1.223288541696845e-06,0.0,9.634985759169305e-07,1.2860342293913707e-06,0.09296216901334706,0.1656342090007953,-0.05041954153695498,-0.0010960748847141741
2024-08-15,0.0002501625406210137,1.2890339281483473e-06,2.9471454245788375e-06,0.0,3.985825708585263e-06,9.058096070724017e-07,0.21527169575143243,0.1021760139881635,-0.05,0.00024103472595262882
2024-08-16,-0.0005806984733096177,4.7151160284258397e-07,5.78005501208427e-07,0.0,5.682220990443179e-07,8.460400646451805e-07,0.05896998392212106,0.11000100455135545,-0.03213372630903488,-0.0005831622525773581
2024-08-19,-0.0005725935330184666,1.397673420657244e-08,4.067908592865079e-07,0.0,1.5289462442044614e-07,1.0611244349138113e-06,0.017387242686364476,0.12817534253710247,-0.050093562528417825,-0.000574228319671294
2024-08-20,0.00022938986020229805,2.0162759921066052e-07,1.1583786946045482e-06,0.0,5.877232211906755e-07,0.0,0.12804902119548717,0.0,0.0,0.00022744213068729216
2024-08-21,0.0,1.3568860400561415e-07,1.1930740972263683e-06,0.0,4.825103205722301e-07,5.952380952380952e-07,0.05,0.05,-0.05,-2.4065111170423078e-06
2024-08-22,0.0006050102288862823,1.3568860400561417e-07,1.2842697340489567e-07,0.0,6.500056059791777e-07,0.0,0.04939498977111372,0.0,0.0,0.0006040961077028926
2024-08-23,0.0,0.0,0.0,0.0,0.0,0.0,0.0,0.0,0.0,0.0
2024-08-26,0.0,3.297474240749681e-07,1.3000000000000003e-07,0.0,2.143214301823903e-06,0.0,0.05000000000000001,0.05000000000000001,0.05000000000000001,-2.6029617258988712e-06
2024-08-27,-8.086705864277961e-05,9.916139698254623e-07,4.5766508271987175e-06,0.0,2.9595629524540383e-06,1.5693834272924958e-06,0.26357554872649647,0.21365641578513928,-0.05,-9.096426981955032e-05
2024-08-28,-0.00022863271874829974,1.3060852658715455e-06,3.851165821571929e-06,0.0,3.975928539754684e-06,9.158978083669674e-07,0.28003167742288704,0.1038708318056505,-0.05000000000000001,-0.00023868179618386488
2024-08-29,0.00016917013032467323,4.5491361404624304e-07,4.572248575957557e-07,0.0,1.502466107705292e-06,5.064708741482341e-07,0.06201706376090878,0.06985364130787199,-0.015233465549031355,0.0001662490548711777
2024-08-30,-0.00016702153817463308,4.1715153681417465e-07,1.5758160509867e-06,0.0,1.689199408857654e-06,5.952380952380952e-07,0.09012088751803837,0.05,-0.05,-0.0001712989432665297
2024-09-03,0.0008412856166724295,2.1923895246400113e-07,6.186009998603476e-07,0.0,4.47913694569715e-07,5.928624414499724e-07,0.04459855698156702,0.04980044508179768,-0.04980044508179768,0.0008394070005840854
2024-09-04,0.00024268289943453746,1.0157917791550458e-06,1.2719763326335954e-06,0.0,1.8934657600997674e-06,8.565255008903451e-07,0.08201544073235452,0.09389195154529256,-0.050004332604285384,0.00023764514006175872
2024-09-05,0.0003690772039541129,1.7114791065122799e-06,6.111876781915785e-07,0.0,2.3608893424015248e-06,1.8910965660245613e-07,0.11129430505151039,0.06305830634650364,0.03128788403729101,0.0003642045381704051
2024-09-06,-0.0008303629616905571,4.818847392523809e-07,1.3854011862982909e-06,0.0,7.567358688790679e-07,2.219794926121502e-07,0.06987857594903121,0.02961220542714675,-0.007680349331694483,-0.000833208962977599
2024-09-09,-0.0005842522655761631,4.725795606737148e-06,3.618930579781719e-06,0.0,7.2082058256540426e-06,1.25527494929532e-06,0.2527790237941107,0.24505526077432974,0.034169069292715994,-0.0006010604725376314
2024-09-10,-0.0011013352815929104,1.0171764624182915e-06,3.2085851442295607e-06,0.0,3.759958697805406e-06,2.4572533392518746e-06,0.16891274563491807,0.3624015214393242,-0.05041703955499073,-0.0011117782552366156
2024-09-11,0.0017561795037940062,3.3570343508601125e-06,3.457376472049294e-06,0.0,5.5464027750200895e-06,1.4838803962315758e-06,0.23296728232952926,0.20023622717927228,-0.04905567938763247,0.0017423348097998451
2024-09-12,0.0015879024800961729,3.6082482631240174e-06,4.235456176928078e-06,0.0,6.676383922691746e-06,2.0298964749010245e-06,0.3165114081634045,0.292141190539585,-0.04888141724378718,0.001571352495258528
2024-09-13,-0.0006666297109638272,1.9100928541574675e-06,2.738123267824846e-06,0.0,2.7192935566035833e-06,2.037464106007227e-06,0.19496796487954074,0.29161122174613785,-0.0506827480630762,-0.0006760346847484202
2024-09-16,-0.0011361418696688357,2.7635455856342053e-06,4.41714744477598e-06,0.0,5.422452782808047e-06,1.2138466000276063e-06,0.3048855304189422,0.15332337758341166,-0.05060285122122617,-0.0011499588620820815
2024-09-17,-0.00019908933913815685,9.32226499905819e-07,1.3739707039226664e-06,0.0,1.4096553084523729e-06,9.254574648139501e-07,0.09662326160594772,0.10547905989072151,-0.04999779419802211,-0.00020373064911525165
2024-09-18,-5.6179931678053187e-05,7.780960999469976e-07,1.2724373517908992e-06,0.0,2.2189869638419953e-06,5.759561367620822e-07,0.12301225775368933,0.08313512034516352,-0.013625510630866299,-6.102540823039516e-05
2024-09-19,-0.0009513784828040855,8.641555269523631e-07,1.5825175444851847e-06,0.0,2.4022346430958766e-06,7.638888038802616e-07,0.10092963488913483,0.09557682552936898,-0.03275649352251496,-0.0009569912793224992
2024-09-20,8.270097048754049e-05,9.461589940007994e-07,2.1466461381203983e-06,0.0,3.191514131127974e-06,1.531612043163087e-06,0.1779703459050529,0.24377983562869654,-0.013530987622702013,7.488503918112823e-05
2024-09-23,0.0008857778160963519,2.4226631889157667e-06,2.600806033870642e-06,0.0,3.147994896920185e-06,1.7151984192518392e-06,0.13582738028562164,0.23914928180789238,-0.049004052626416654,0.0008758911535573934
2024-09-24,-0.0015126976582591218,2.8685006830944118e-06,2.7389076436977765e-06,0.0,6.454159502031534e-06,0.0,0.2401900430839331,0.0,0.0,-0.0015247592260879456
2024-09-25,0.0,4.0102328824748274e-07,1.1890528635253146e-06,0.0,1.0888406307601247e-06,5.599873958410256e-07,0.047038941250646144,0.047038941250646144,-0.047038941250646144,-3.2389041783739474e-06
2024-09-26,-0.0008435663738689881,9.283382821640506e-07,1.6331964757694554e-06,0.0,1.184997357689807e-06,1.1648742391964813e-06,0.10794909454993719,0.1446523996341261,-0.051046472550882765,-0.0008484777802238079
2024-09-27,-0.0006320487418483631,5.782552026724668e-07,1.4451727446899168e-06,0.0,1.290655819403299e-06,1.273097419901521e-06,0.11059176032473327,0.16227028161746437,-0.051610084925991125,-0.0006366359230350303
2024-09-30,0.0005473346538335768,1.386300834248778e-06,1.731000208734221e-06,0.0,2.250729354187922e-06,9.21732653302019e-07,0.15373566478262515,0.1327137439066157,-0.022137341848123486,0.0005410448907831038
2024-10-01,0.0012659219890771415,6.974012576385769e-07,1.5960174145745316e-06,0.0,1.5256705468407687e-06,1.0512915302963161e-07,0.12390151328281691,0.008830848854489055,-0.008830848854489055,0.001261997770705058
2024-10-02,-9.024265992811814e-05,1.2203867670780793e-07,9.832482210634827e-07,0.0,4.1857005739594133e-07,5.95479585770953e-07,0.041099193690342865,0.05002028520476004,-0.05002028520476004,-9.236199646905632e-05
2024-10-03,-3.4639584327141345e-05,1.1921721852919773e-06,3.4567737055172046e-06,0.0,5.016722108984269e-06,1.7209630602501915e-06,0.2613791664910323,0.2524612870913151,-0.03666050703071708,-4.6026215387184985e-05
2024-10-04,-0.0016100819736575333,1.2471494823284491e-06,3.079295829481822e-06,0.0,3.954407208969601e-06,1.4297522142316857e-06,0.2253302293388743,0.19887593178595417,-0.04132244020496898,-0.001619792578392545
2024-10-07,0.0009709386554066146,1.8551455168149626e-06,4.458245486930153e-06,0.0,6.534045029924974e-06,3.0014590803080127e-06,0.31332212761982675,0.4552669306641396,-0.04897819482760665,0.0009550897602926365
2024-10-08,0.00450382192627725,3.1363843206039604e-06,5.0600579753393305e-06,0.0,7.79620070957431e-06,1.7243420476077416e-06,0.35415166276536725,0.24008939732344078,-0.049600066674659826,0.004486104941224125
2024-10-09,-0.0032819300563908084,1.631019659701337e-06,2.9562485802263757e-06,0.0,3.364764280887724e-06,1.8670210175464042e-06,0.21699922554271217,0.26239770308350807,-0.05126182786428783,-0.0032917491099291704
2024-10-10,-0.0004892761284562261,4.770290329868464e-06,3.843746569652293e-06,0.0,9.658430001739102e-06,4.435449360266902e-07,0.35632982533972213,0.11350480162624607,0.03898925237376212,-0.0005079921402935127
2024-10-11,0.0005154382826517837,4.502695535959483e-07,1.190943013554739e-06,0.0,6.473239713042718e-07,6.446411411126143e-07,0.08294713731129927,0.13773045045968468,0.029430738752765494,0.0005125051049722162
2024-10-14,0.00010082310659875994,1.1369318450985142e-06,2.8472068030977534e-06,0.0,2.0638216853224144e-06,1.497388736884782e-06,0.14034551496159173,0.20165072540674356,-0.04991058238989981,9.327775752835647e-05
2024-10-15,0.00026355562394832953,2.068188241199533e-06,2.234533795165378e-06,0.0,4.311841805380513e-06,1.4685208310520835e-06,0.1402313782942966,0.19692101904222678,-0.04979048057452322,0.00025347253927553203
2024-10-16,-0.00103373456613463,1.414469965092574e-06,2.759071526950877e-06,0.0,4.3155676911442984e-06,2.1560120794178423e-06,0.22380609856450792,0.33906911235856085,-0.02314091698363662,-0.0010443796873972355
2024-10-17,0.0009235212282218467,2.815708631177897e-06,4.656706627718149e-06,0.0,8.878532409546788e-06,9.496334908853228e-07,0.3924604189061747,0.20953842646873427,0.05,0.0009062206470625185
2024-10-18,-0.00035707246336985854,8.409378008754484e-07,2.4119418562066764e-06,0.0,3.7018444011490108e-06,7.550845004624193e-07,0.15336415888912242,0.1457622945474737,0.018908098469787263,-0.00036478227192855207
2024-10-21,0.0002492296001701231,2.4055359883637023e-07,6.9739913604598e-07,0.0,1.0878688746794997e-06,3.931790939047943e-07,0.05577727629067663,0.08899381141596743,0.022939723639962,0.0002468105994666564
2024-10-22,0.00024037884714768443,8.042751944826652e-07,1.7308584727340033e-06,0.0,3.5136551634816856e-06,7.252267438818147e-07,0.1233582523913774,0.14711038964164463,0.025272296669499768,0.00023360483157310426
2024-10-23,6.257642123813303e-05,6.979011193867893e-08,6.192864789859354e-07,0.0,1.1840952144693448e-06,7.109243210585139e-07,0.04403432408270041,0.14014390621984985,0.020708620282019523,5.9992325111680555e-05
2024-10-24,0.006193998863940045,1.0712853616201232e-06,2.8080949184247305e-06,0.0,3.2851852859006016e-06,7.308667384428781e-07,0.2320265223097309,0.17278561205840348,0.05,0.006186103431635657
2024-10-25,0.0009017969608945524,2.9312750004305843e-06,2.3832279067595096e-06,0.0,4.920595540914493e-06,7.054911418589005e-07,0.17759666659249518,0.16852251183229527,0.04999999999999999,0.0008908563713045888
2024-10-28,0.00044233251444763725,2.469094100384092e-06,2.9842748746530248e-06,0.0,3.3473676077583747e-06,2.682961120210439e-08,0.18660500716294431,0.05421977646674743,0.049712401784793886,0.00043350494825363965
2024-10-29,-0.00045223845293060756,2.4124541140860784e-07,1.6667967113839131e-06,0.0,2.19454594188158e-06,1.392846737970927e-07,0.12717464926561214,0.07339982519791158,0.05,-0.0004564803256690788
2024-10-30,0.00017301030245018303,1.840250520888122e-07,1.2546436073581051e-06,0.0,6.540717577084917e-07,6.477175613145588e-07,0.05682482936246651,0.11250315492156582,0.0036866046207199507,0.00017026984447171306
2024-10-31,0.0018316590269556287,3.456546100945288e-06,4.507619079697712e-06,0.0,1.251088961699993e-05,1.5957727723993027e-06,0.3444268220642878,0.31808982576308287,0.05,0.0018095881993855866
2024-11-01,-0.0002719671887334156,2.580282287093478e-06,6.25337834629699e-06,0.0,9.523822577134437e-06,3.2741084386888297e-06,0.47648787989654706,0.5993633685051319,0.0493131508054086,-0.00029359878038262934
2024-11-04,0.003583386026369362,7.098591326966266e-06,1.4727595090301387e-05,0.0,2.348108755252732e-05,4.05806875445967e-06,0.9540718833075922,0.6317447980513966,-0.05001075269782787,0.0035340206836451072
2024-11-05,0.001871076040208911,5.137897954260993e-06,7.390785664508778e-06,0.0,1.5138712144968085e-05,3.0947583134109053e-06,0.5311375532891257,0.47150461440956515,-0.048414782243467,0.0018403138861317623
2024-11-06,0.007930160434757194,5.266854960948235e-06,1.2471310930182386e-05,0.0,2.495801320778529e-05,6.260009732349174e-06,0.9429191460589568,1.0110726291677672,-0.04060900586689409,0.007881204245925928
2024-11-07,-0.003057043001596674,4.6282985060911845e-06,9.138697657785122e-06,0.0,1.2197382859522999e-05,7.471804779107438e-06,0.6836188774557533,1.2068435298376599,-0.04841967305238998,-0.0030904791853991805
2024-11-08,0.002489427361225019,2.640167069084774e-06,7.576686120608405e-06,0.0,1.1827945062935248e-05,5.48817050674912e-06,0.5851755307639913,0.9087962972008171,-0.013216347933035166,0.002461894392465641
2024-11-11,-0.0023611917050818418,5.229965847783573e-06,9.558410142092132e-06,0.0,1.7039222694053174e-05,2.4526380049128595e-06,0.7199447825106473,0.43504460418372193,0.023001419358361586,-0.0023954719417706837
2024-11-12,-0.0007749436788500958,4.8631026995592525e-06,7.593397076201528e-06,0.0,1.4684083507001187e-05,2.3156000811531957e-06,0.5559622395846032,0.44052173924109417,0.051500925607357355,-0.0008043998622140109
2024-11-13,-0.00030900512381014947,3.5699327939663466e-06,5.566861160813489e-06,0.0,1.0357904384896261e-05,2.4674890628281805e-06,0.39810734755083904,0.46386246429727424,0.04932430174214013,-0.00033096731121265373
2024-11-14,0.0008699746181948999,2.5346984859170173e-06,3.286985992696877e-06,0.0,4.242578078134064e-06,2.0748443101715128e-06,0.20871850450379753,0.37538692152121234,0.02681307741239826,0.0008578355113279804
2024-11-15,-0.0012054162311399665,2.982633273789319e-06,6.1919977259758636e-06,0.0,1.0486400951658069e-05,3.398008661524643e-06,0.46817622143471327,0.6229374015086139,0.05207194637247381,-0.0012284752717529144
2024-11-18,-0.0005461175982375853,2.498115537812148e-06,5.391512193431371e-06,0.0,1.041975617123892e-05,1.9023322656117465e-06,0.39013113360656515,0.3695918206227734,0.04999999999999999,-0.0005663293144056794
2024-11-19,0.0001844577897370323,3.423647294749592e-06,8.682304861661197e-06,0.0,1.1883447842937249e-05,3.5067285841971577e-06,0.5643466088187702,0.5393762256410538,-0.04975417650406862,0.0001569616611534871
2024-11-20,0.0023717149725996506,2.159058679413027e-06,5.198634472581781e-06,0.0,6.6578439052404756e-06,2.359169285000824e-06,0.3817986395425599,0.34768515704502023,-0.048655282835118246,0.0023553402662574146
2024-11-21,-0.0007859712002756873,1.2445089179101572e-06,2.589971764222246e-06,0.0,2.4510665587896458e-06,2.9091801428204363e-06,0.18982666319510966,0.43902764240710984,-0.04971462158672357,-0.0007951659276594298
2024-11-22,-0.00018089100330751604,3.180696180119527e-06,5.695645707704683e-06,0.0,8.723218189973743e-06,2.103245877030787e-07,0.4634669506834326,0.05640947888100745,0.021074948146890222,-0.0001987008879730171
2024-11-25,0.0005194037082028908,5.016698884808215e-07,1.6275287475900775e-06,0.0,1.2076741029291688e-06,4.755403110521516e-07,0.11140601629239957,0.08981166443730647,0.009920892180545007,0.0005155912951528386
2024-11-26,0.0005394704704017843,6.868519289170875e-07,1.7939703514173183e-06,0.0,1.6263597881448594e-06,7.688961996249848e-07,0.12017289258913012,0.1241262404198599,-0.005048321117137592,0.00053459439213368
2024-11-27,-9.841829737159252e-05,3.1829643734176e-07,2.2990323024928066e-07,0.0,1.4658431431839772e-06,6.753643627395993e-07,0.061391137387856634,0.16359373759546458,0.0501325246552119,-0.00010110770454510714
2024-12-02,-0.0015041547881872643,1.5701823727666027e-06,4.205359440503886e-06,0.0,6.088363892656322e-06,1.1270042332053576e-06,0.31110639035025317,0.23933671117850006,0.05,-0.0015171456981263964
2024-12-03,0.0008656894851105367,1.4923316874543836e-06,4.1712247594185144e-06,0.0,4.404844501001386e-06,1.378258122802082e-06,0.3107464897002199,0.28154736463074975,0.05,0.0008542428260398604
2024-12-04,-0.0019749774186317045,1.4867881377695332e-06,3.3874168096571356e-06,0.0,7.190265159200979e-06,8.967003176593494e-08,0.23663297907980996,0.045002408165599514,0.029937842828922447,-0.001987131558770098
2024-12-05,0.00043962192427077337,5.127375027400759e-07,1.0212832143417528e-06,0.0,4.20427243009421e-07,0.0,0.04541723578318446,0.0,0.0,0.0004376674763106821
2024-12-06,0.0,1.0654526480775056e-06,3.8673010814473005e-06,0.0,5.349090417955825e-06,1.6793358536909532e-06,0.29566730022711046,0.29566730022711046,0.01353887680703035,-1.1961180001171584e-05
2024-12-09,9.588751753625062e-05,3.4060288527682133e-07,5.485058727616263e-07,0.0,7.10849473699391e-07,1.420224539450058e-06,0.0722504674164738,0.2900185470836519,0.05142082445604221,9.286733476506272e-05
2024-12-10,0.00022555957383730508,1.6686187734922968e-06,4.337269390419137e-06,0.0,8.846920748609318e-06,2.2739645182395405e-06,0.22755266884476932,0.33269766314352744,-0.04932837592071529,0.0002084328004065448
2024-12-11,0.001209389074733653,3.0140640457943136e-06,6.420694958266221e-06,0.0,7.414323843725474e-06,2.668273101538353e-06,0.46993870152529904,0.3983607550330588,-0.04990912602538448,0.0011898717187843286
2024-12-12,-0.001712754148321464,1.7716410748795908e-06,3.854824115828634e-06,0.0,1.2707574943557231e-05,1.9071837706191367e-06,0.2935871428001562,0.27019966271534346,-0.050207210748671516,-0.0017329953722263485
2024-12-13,-0.0004423602173331169,2.3742234055162257e-06,2.6423061911609572e-06,0.0,6.226409477408247e-06,9.475512298887167e-07,0.2654450258007945,0.2091886066213044,0.05,-0.00045455070763709103
2024-12-16,-0.0027446569600796757,1.0476516525146207e-06,2.594141593538784e-06,0.0,9.701334077829473e-06,5.844123855565158e-07,0.19182867514404467,0.1486586287905285,0.05047734801703384,-0.002758584499789115
2024-12-17,-0.0015955643556971307,1.6631343748879887e-06,3.8420380136447085e-06,0.0,5.300285636545258e-06,1.6679843550100277e-06,0.23643213375316569,0.27190358482508403,-0.008317786816600614,-0.0016080377980772186
2024-12-18,0.0025458547241201273,3.822953061479861e-06,5.817472504668051e-06,0.0,1.0532412212999291e-05,1.6177944246118169e-06,0.47585766897755305,0.32200482269845876,0.05021535936367351,0.002524064091916368
2024-12-19,0.0069412498663319845,1.45262215860295e-06,2.6871095259196963e-06,0.0,2.755319991859179e-06,1.2982052220914686e-06,0.192923488567852,0.2765805439172282,0.05848206660586146,0.006933056609433511
2024-12-20,-0.0002621337159226573,5.3976973890775685e-06,8.504433371564744e-06,0.0,9.998241845424773e-06,3.7993386235286847e-06,0.6443246167403172,0.6895298112255366,0.051240922472717554,-0.0002898334271522531
2024-12-23,-0.001915464870833329,2.09359921757998e-06,7.424225975661122e-06,0.0,7.815634308566015e-06,1.6389060927169771e-06,0.5437721787807963,0.3256240799805902,0.05028785640413802,-0.0019344372364278532
2024-12-26,0.0006266359103380179,5.677685457366046e-06,8.001462973129174e-06,0.0,1.1953217888161685e-05,1.7944003463349345e-06,0.44441017057539095,0.25145925818426895,-0.05000000000000002,0.0005992091436730261
2024-12-27,0.00015021690596385312,2.180970677546594e-06,7.154929729292409e-06,0.0,5.410388106004157e-06,2.426579197497508e-06,0.5293340457762322,0.3576653051795814,-0.04999999999999996,0.00013304403825351244
2024-12-30,-0.0002476552435082369,8.023727098832291e-07,2.000197133936434e-06,0.0,4.7531739079783425e-06,1.3420890844099642e-06,0.23217242235430813,0.275404319191345,0.04993335301047106,-0.0002565530763444449
2024-12-31,-1.5784054496020377e-05,1.5259554718332617e-06,3.3507446231449173e-06,0.0,3.116302665284313e-06,1.1208550717154183e-06,0.2481834389993847,0.23884975825685834,0.050546106208668035,-2.4897912327998286e-05
2025-01-02,-0.0013880209093391316,7.917914769206067e-07,4.006337803646461e-06,0.0,4.038245417845422e-06,4.563782937784813e-07,0.2508794490112689,0.06514932836940547,-0.01152222498537939,-0.0013973136623313225
2025-01-03,-0.0029191170063645883,3.7601134926267185e-08,2.0588392989342825e-07,0.0,8.071779602592106e-08,4.318926628690276e-07,0.013472101318242821,0.055266204711129835,-0.017291762650866797,-0.002919873101888303
2025-01-06,-0.00024406972214483072,4.16129383650059e-07,1.7559316416983023e-07,0.0,1.759774519246066e-06,3.6603012949445204e-07,0.06753583237301163,0.11149306175506793,0.049999999999999996,-0.0002467872493413911
2025-01-07,-0.00020266538570672213,2.1610575340872845e-06,5.932949650480716e-06,0.0,8.840184439892048e-06,2.8408528114133116e-06,0.3428939983231666,0.4272632723174363,-0.05000000000000002,-0.0002224404301425955
2025-01-08,0.0005853318577219963,1.043988451123064e-06,2.994863272072743e-06,0.0,3.4092205241465865e-06,3.96666946466442e-06,0.216346587551316,0.6154659767697286,-0.05093449329389399,0.0005739171160099896
2025-01-10,-0.0012018245052772523,1.947157049995842e-06,3.860736023766306e-06,0.0,1.0981352310768672e-05,3.256991562236249e-06,0.3149090305470555,0.5267193273208843,-0.020455255134805422,-0.0012218707422240193
2025-01-13,-0.00030823985435748154,2.1805376989135575e-06,4.190771629755395e-06,0.0,8.606778633893442e-06,2.940521338200287e-06,0.27787841563664495,0.44446724052106973,-0.04954034429657839,-0.00032615846365824423
2025-01-14,-0.0008332789934432478,1.7388061684908583e-06,3.868124883092515e-06,0.0,6.915708482267603e-06,3.762775373400181e-06,0.30986595666038724,0.6149945586921545,-0.017151704039075927,-0.000849564408350499
2025-01-15,0.002474413448158162,4.092209161415422e-06,1.0970546490995017e-05,0.0,1.0435339531495204e-05,1.6914477349217658e-06,0.7985576786557638,0.23467520207672443,-0.04948801739013223,0.0024472239052393346
2025-01-16,-0.00023338680381195073,1.1462596631803878e-06,4.972533308322505e-06,0.0,3.751745912685866e-06,3.212931902314551e-06,0.3735395651963842,0.4898508718505681,-0.04992168773827643,-0.00024647027459845405
2025-01-17,-0.0035867963259044768,4.017482546736806e-06,5.261219080233847e-06,0.0,8.949107822748451e-06,5.416605219210619e-06,0.39928543180768944,0.8601156864905436,-0.04987399033684048,-0.0036104407405734063
2025-01-21,-0.0003407945618159139,4.3586397740340505e-06,1.0645836268701928e-05,0.0,1.2651661172184156e-05,1.406663150537339e-06,0.8501641027084426,0.28626140333526184,0.04994199404498886,-0.00036985736218137134
2025-01-22,-0.002038663946807868,3.982305235725035e-06,5.557734920102192e-06,0.0,7.918043344124396e-06,2.2628831639952844e-06,0.3965019688699247,0.4307753155454781,0.0506109439942703,-0.0020583849134718146
2025-01-23,-0.0006998270396718677,2.473632733112291e-06,4.914092570201759e-06,0.0,5.872168481318811e-06,2.2721456855297084e-06,0.2675552849268863,0.33718034755593096,-0.044540127613060004,-0.0007153590791420302
2025-01-24,-0.0003629317755950907,1.9236604849069026e-06,2.6803855217140052e-06,0.0,3.094653675749791e-06,7.987715181740596e-07,0.23986810217769775,0.14931455021179763,0.015120935158555615,-0.00037142924679563547
2025-01-27,0.003884451942037327,1.8158707992374008e-06,5.335705133940673e-06,0.0,6.962906310912882e-06,1.7805834665425433e-06,0.33255534970121736,0.2538663939927011,-0.04527162838644616,0.0038685568763266935
2025-01-28,0.0008661784257333237,2.573142019886579e-06,4.8235805655684425e-06,0.0,7.590895938927382e-06,1.5747992926962604e-06,0.3639611579308678,0.22024768441401082,-0.044318596758960896,0.000849616007916245
2025-01-29,-0.0004520336778092849,1.5239430947458919e-06,2.1377885830045124e-06,0.0,4.454033384872132e-06,4.756578479528478e-07,0.19450754114741733,0.09208083942352618,0.012170320967447777,-0.0004606251007198603
2025-01-30,0.0010723516894267319,2.4037516786436646e-06,7.1841929505345835e-06,0.0,9.249952552553212e-06,3.069050656031371e-06,0.4740572955326512,0.46640971174445417,-0.04919079846881605,0.001050444741588969
2025-01-31,4.574394712623627e-05,2.1778513320807807e-06,3.9251382285886465e-06,0.0,8.391009055837938e-06,1.921252624283964e-06,0.3288297149687306,0.31798004040700134,-0.004790400472704542,2.932869588544494e-05
2025-02-03,-0.0017309173056949028,7.980679790840945e-07,2.844412734709653e-06,0.0,3.1869343851764167e-06,1.6734461929150793e-06,0.2566881848029827,0.33099354927845615,0.04985458886872282,-0.001739420166986788
2025-02-04,0.0008060549670715134,7.775598226892124e-07,1.954496382377291e-06,0.0,2.805986200717545e-06,2.5807043420133628e-06,0.12341699334883444,0.45615935238276367,0.02260102292451871,0.000797936220323716
2025-02-05,0.0023218504359003088,5.328919090012505e-07,4.177740912248046e-06,0.0,1.5656912767775403e-06,1.917108205104146e-06,0.2606561897095059,0.27265457308739305,-0.0494196053701034,0.002313657003597178
2025-02-06,0.0014130728806192123,1.0270966603450827e-06,3.3324738783441387e-06,0.0,5.119612353603755e-06,1.4058150601855033e-06,0.24466686423391482,0.1861769301111645,-0.05000000000000002,0.0014021878826667338
2025-02-07,0.0004439979909398337,1.7112216570938015e-07,1.0391669277667475e-06,0.0,1.538002558909275e-06,8.94492565359055e-07,0.09457677180976945,0.11949406274080536,-0.03078068823951589,0.00044035520672208923
2025-02-10,-0.0008077059946927751,3.8599259357511786e-07,7.31435958207351e-07,0.0,1.8908001181563324e-06,3.88338068562636e-07,0.10782947416827776,0.09837395111440553,0.033133155595882695,-0.0008111025614312765
2025-02-11,0.0002628074913008631,9.137731980905e-07,2.244370936559271e-06,0.0,6.173477807075062e-06,4.4816471798462733e-07,0.16924653746194185,0.11421030422889765,0.03891863160748027,0.00025302770464115366
2025-02-12,-0.001079825531641167,2.0617514029154863e-06,4.023122816697553e-06,0.0,6.158666974501584e-06,1.0341932788339505e-06,0.21175666127728027,0.12374447084410366,-0.05000000000000001,-0.0010931032661141156
2025-02-13,-0.0017237390281493925,8.46982884489687e-07,1.5466010523276725e-06,0.0,1.2030704705972506e-06,9.317704026615839e-07,0.11262861450032294,0.10719589354454655,-0.04934153410259956,-0.0017282674529594687
2025-02-14,0.0004372815228871171,5.024429650912625e-07,1.3036975078196804e-06,0.0,1.10433031418636e-06,1.2087596883619813e-06,0.09742382737863114,0.153369723504706,-0.04970190414010684,0.00043316229241165783
2025-02-18,-0.0024968165702500735,1.7135080036641112e-06,4.089022804759908e-06,0.0,4.915649695205256e-06,1.7520859416408402e-06,0.30768219481891673,0.24472777807660778,-0.04962266011905339,-0.0025092868366953435
2025-02-19,0.000993282627426646,1.5925176069672506e-06,2.9196957242401613e-06,0.0,8.285344926962327e-06,6.330634519059363e-07,0.2906298209026012,0.15633423652372885,0.049979576603531556,0.0009798520057165705
2025-02-20,0.0005813609849295279,2.629449999414062e-06,6.119859299299616e-06,0.0,8.923379037467997e-06,2.295263699283453e-06,0.3505841850996024,0.33560430147962006,-0.04999999999999999,0.0005613930328940628
2025-02-21,-0.00027956336931986026,2.7291697381096838e-06,2.959376856144822e-06,0.0,5.884381816953013e-06,2.0951439473381096e-06,0.2594357844834202,0.3621478364537283,0.010163653300925862,-0.0002932314416784059
2025-02-24,0.0008407910781945311,2.6782183590571593e-06,5.535931369952972e-06,0.0,9.055487328807307e-06,2.421149754976659e-06,0.4483326846482689,0.4566008223788968,0.04984766354281814,0.0008211002913817369
2025-02-25,0.0021461277341177764,4.210393794852464e-06,1.1937462001531322e-05,0.0,1.2801680561633492e-05,5.186881352287142e-06,0.7798248295204167,0.8212837397665804,-0.050112327417659475,0.002111991316407472
2025-02-26,0.00710439640243704,4.102036988779633e-06,9.489698142851698e-06,0.0,1.9761284275719836e-05,2.8362397335723106e-06,0.7038702999759847,0.42925629234129986,-0.04723198289884827,0.007068207143296116
2025-02-27,-0.004283825529847101,2.9789484472835223e-06,5.189398863557294e-06,0.0,1.221745081781938e-05,1.4033563937354146e-06,0.38315268192759633,0.1859353646179568,-0.04982850952959287,-0.004305614684369496
2025-02-28,-0.0006559808277089787,2.2976781571891856e-06,7.1309216357847985e-06,0.0,7.805547795945655e-06,3.62819658760669e-06,0.5253958002516984,0.5593841380095331,-0.050152888708390686,-0.0006768431718855051
2025-03-03,-0.004543236471703202,9.245195942888937e-06,1.7811829509850294e-05,0.0,2.6989196393375892e-05,8.999185773968027e-06,1.2362329308994573,1.4618632100266282,-0.050000000000000266,-0.004606281879323285
2025-03-04,0.0038475441153075843,1.218721562566208e-05,2.2609427221409223e-05,0.0,3.56932425433311e-05,5.76458378894938e-06,1.8032480175337573,1.0241191401093017,0.0556690635658057,0.0037712896461282327
2025-03-05,0.006987273647750555,8.137819277800966e-06,8.59879695880436e-06,0.0,1.5525244596627015e-05,4.745067576682586e-06,0.6140260522502841,0.8500243315882986,0.05285297870562383,0.00695026671934064
2025-03-06,0.003008998113580972,8.211782259286879e-06,1.6979554927433972e-05,0.0,2.8464668500422875e-05,4.649127157798313e-06,1.1244900721281141,0.728779752797078,-0.05227360971303878,0.00295069298073603
2025-03-07,-0.002629184521306425,5.038409225554244e-06,1.006605583243611e-05,0.0,1.645898308391877e-05,3.867070639582955e-06,0.7218253252773457,0.5991060563939583,-0.05056181105597793,-0.002664615040087917
2025-03-10,-0.0057762039118497525,1.1950827475313758e-05,1.4934594532089207e-05,0.0,2.3930595656554842e-05,7.018563512012993e-06,0.9729848457755244,1.1274350534943702,-0.05168361652381265,-0.005834038493025723
2025-03-11,0.003882456635890783,9.728720894119321e-06,2.4696391167951195e-05,0.0,3.832085729089598e-05,9.889915260477694e-06,1.9557880699586832,1.7138262966340831,0.05232053287383026,0.0037998207512773387
2025-03-12,0.0035444729438143413,9.8210096204004e-06,1.700882627639306e-05,0.0,2.8532389463217644e-05,3.251972242260081e-06,1.23333327078534,0.5984873292286,0.05215599252890654,0.00348585874621207
2025-03-13,-0.0017399315507592586,7.616040186351836e-06,1.0201606488342745e-05,0.0,1.68899268214041e-05,2.110986093181402e-06,0.6536102630684255,0.30497806833810676,-0.04966759531636879,-0.0017767501103485388
2025-03-14,-0.0016534804000762635,3.9641086695970065e-06,8.429117497419865e-06,0.0,1.2470524483545422e-05,4.400034448776884e-06,0.5954281992950017,0.6896524766101758,-0.04955331078434072,-0.0016827441851756026
2025-03-17,-0.0007486847185660286,3.414114416344129e-06,6.374235268962318e-06,0.0,7.702316869368514e-06,3.6377568555139123e-06,0.5616911341351066,0.6613712805580423,0.05022812883170516,-0.0007698131419762175
2025-03-18,0.0014228378443822964,5.610674846569936e-06,1.1019171389731482e-05,0.0,1.5875088454651708e-05,1.287688046325659e-06,0.7157414212656389,0.16619305769114825,-0.05013853409156242,0.0013890452216450177
2025-03-19,-0.0008537449424164618,1.6087803978730253e-06,3.951517165898583e-06,0.0,3.5811685747322857e-06,2.2528418334851384e-06,0.3147424122836654,0.3458164933633434,-0.03266093466215983,-0.0008651392503884509
2025-03-20,-0.0002456346488042877,1.1853333194786138e-06,2.310153576665885e-06,0.0,3.3033056189892888e-06,1.1577781028052333e-06,0.23776905859913733,0.24432433592615674,0.04981761465487755,-0.0002535912194222267
2025-03-21,0.0008139689076168963,1.7765521686220635e-06,3.9312117039566055e-06,0.0,4.2875040493638386e-06,1.1927302202974703e-06,0.19365317828263998,0.1509519798288776,-0.04942669718109742,0.0008027809094746564
2025-03-24,0.0006279690446378243,1.2007425194700086e-06,2.7645031060060766e-06,0.0,3.856633760461429e-06,6.333786619648478e-07,0.20191708965120722,0.0564076152100944,-0.05000000000000001,0.0006195137865899219
2025-03-25,0.0010646273020052583,1.0850163067427273e-11,1.812049928352906e-10,0.0,0.0,6.207961531692124e-07,7.696563171879535e-06,0.05535068447126103,-0.048943069261166636,0.0010640063137969333
2025-03-26,0.00048284973855152466,3.3775178133956404e-07,6.64214412325578e-07,0.0,9.415661324057623e-07,5.779299134442959e-07,0.05575489820148941,0.05481106921622255,-0.04228115624241917,0.0004803282763120095
2025-03-27,0.0008574185682875984,7.039500165683452e-07,6.287570356998864e-07,0.0,4.105155889980607e-06,4.348041301878098e-07,0.12130471732063736,0.12301072580285663,0.049963631931304577,0.0008515459012151617
2025-03-28,-0.0016416850774060169,4.0150209575705604e-07,1.1027702200085968e-06,0.0,5.604338658294977e-07,2.7722285008885743e-08,0.08055658871493968,0.0546573438814928,0.049999999999999996,-0.0016437775058726208
2025-03-31,0.00024379472558266443,3.198937711194766e-08,2.0536008047483948e-07,0.0,5.438164600809174e-08,0.0,0.01544608392987795,0.050144697533416424,0.050144697533416424,0.00024350299447906956
2025-04-01,7.11914790501308e-05,9.248456303935087e-07,3.040892895327526e-06,0.0,2.8217454429312525e-06,1.2706315965966134e-06,0.13895004414579482,0.16369429484647424,-0.04977181338175676,6.31333634848819e-05
2025-04-02,0.0010403823156823469,7.900685406994314e-07,1.8290526135107722e-06,0.0,1.9497817343757637e-06,8.231504294747956e-07,0.1383820093253307,0.08899342347296785,-0.04929584867879781,0.001034990262364286
2025-04-03,-2.1927573122595384e-05,1.179354110617069e-06,1.878125183146074e-06,0.0,3.354646007362876e-06,4.679056296219408e-07,0.2139672845988201,0.12860814577648605,0.05,-2.8807604053343346e-05
2025-04-04,-0.003592856322922449,1.9289655149992923e-06,3.7602102360521483e-06,0.0,5.17222776564914e-06,1.6821617838333535e-06,0.2890725882852379,0.3341744801609425,0.051571300476939086,-0.003605399888222983
2025-04-07,-0.0023227849264590254,5.031506215829937e-06,1.7360449830045852e-05,0.0,2.2928305641931965e-05,6.762155318091248e-06,1.2749082071254616,1.1861738140225375,0.05013172058320803,-0.0023748673434649246
2025-04-08,-0.002845785162144032,5.617135029903825e-06,1.3026609851505516e-05,0.0,2.2548378749176924e-05,9.371289772611519e-06,0.9007037883367557,1.5731502409391367,-0.0012264408595991094,-0.00289634857554723
2025-04-09,-0.0005768226836568261,2.6934326496849783e-06,6.120125806697607e-06,0.0,7.621608682827019e-06,8.779454812212848e-06,0.449016786354441,1.4592621997490598,-0.01568620870269788,-0.0006020373056082485
2025-04-10,-0.0029397998704147783,5.739931143468111e-06,1.4931159093910416e-05,0.0,2.0313914200397096e-05,3.393648326730142e-06,1.083980132291925,0.5201329188906638,-0.050000000000000044,-0.0029841785231792843
2025-04-11,0.00037218239331958354,2.4334098864296968e-06,5.547312353763214e-06,0.0,5.698325748856791e-06,1.1970454321805461e-06,0.4795321629180685,0.22272061497745946,0.02161698237112774,0.00035730629989835327
2025-04-14,0.0009572048373589021,4.19912669093788e-06,4.653471148031105e-06,0.0,4.845940311050781e-06,1.7915755907597611e-06,0.3707745436439686,0.35106502182553107,0.050080322577891245,0.0009417147236181225
2025-04-15,0.0007537383222025843,2.7193377997886965e-06,3.0763064307906785e-06,0.0,2.9292586824130246e-06,8.025889073302797e-07,0.2002569558033454,0.18505155487790909,0.05021661844642207,0.0007442108303822616
2025-04-16,-0.00036562311511244294,1.3906192084670392e-06,2.756085923725694e-06,0.0,1.534651654892357e-06,1.2834038066209195e-06,0.1090563842849919,0.16717920595859126,-0.048432633553723216,-0.00037258787570614894
2025-04-17,0.001036895456479209,1.6265965173042203e-06,2.0310028557140763e-06,0.0,1.952947025858693e-06,1.1763661998876041e-07,0.20554027070813652,0.05491598103157976,0.03515302887346801,0.0010311672734603433
2025-04-21,-0.0010134592124956341,1.1871606602433124e-06,2.098058245992368e-06,0.0,1.6586529067103106e-06,7.594852563199323e-07,0.11276984988904055,0.12369412945914145,-0.0038993936026071596,-0.0010191625695649001
2025-04-22,0.0002493452946173239,7.080584327757751e-07,1.517105336509158e-06,0.0,8.526742865684747e-07,5.230464681788901e-07,0.09129168463738549,0.05822919853107195,-0.02964260812298159,0.0002457444100932916
2025-04-23,-0.0006040044509601549,3.436415010500943e-07,4.0301553131430455e-07,0.0,2.1690657797974194e-07,5.41420290506205e-07,0.022573404010554035,0.051882651620120596,-0.03907595718492185,-0.0006055094348610052
2025-04-24,-0.0013899750480018134,3.828594584318444e-07,4.5839917272714215e-07,0.0,4.891656378769522e-07,2.7533037100151146e-07,0.056936898046695536,0.03351468984306971,-0.012740812485184215,-0.0013915808026418509
2025-04-25,-7.182077367849887e-05,1.336720334766168e-07,4.039677643194967e-07,0.0,2.6536457739460906e-07,2.8561525847590545e-07,0.024927792539052616,0.028512963999801123,-0.019470399424151,-7.29093933121655e-05
2025-04-28,-3.9822966893533316e-05,6.186924601346796e-08,3.7823685907239487e-07,0.0,7.660253495480872e-08,4.7274690993653273e-07,0.015653285791233276,0.0442579726870597,-0.03516350818227781,-4.081242244351052e-05
2025-04-29,-0.0001229305917624682,2.3295700009580002e-07,2.368214515264284e-07,0.0,3.69401446319029e-07,1.3029609648838455e-08,0.05005618116750475,0.00786159077486018,0.00567261635385532,-0.0001237828012700583
2025-04-30,1.236977765136116e-05,3.2233772275547595e-07,6.273330987511119e-07,0.0,1.4336303757431787e-07,2.1391194610966216e-07,0.0236535896047183,0.01796860347321162,-0.01796860347321162,1.1062831846170593e-05
2025-05-01,0.00016169865703325492,4.152063614611106e-07,3.7488096200938356e-07,0.0,8.111072547148407e-07,2.6246088565816717e-07,0.04787240086024573,0.05025782552102477,0.0061643967304526905,0.00015983500156941142
2025-05-02,0.0002326283518189999,8.360924798750207e-08,1.8040178737968342e-07,0.0,1.5335200583576445e-07,1.677204802420091e-07,0.018667930148972042,0.041548965841801844,0.013371925161144313,0.00023204326829755494
2025-05-05,-0.00031315469560874184,1.784707619102626e-07,4.6449488851963263e-07,0.0,5.036337331340114e-07,1.2430358203284637e-07,0.02499968271638087,0.021784931571448785,0.0009019297899305976,-0.0003144255985743386
2025-05-06,6.0341365659716573e-05,5.535080304548019e-07,6.760808956379931e-07,0.0,5.828416345906251e-07,2.812983669941466e-07,0.04941464336485772,0.048452372209267416,0.0011942465542507871,5.824763673203901e-05
2025-05-07,0.0002550493494151101,4.237167839164874e-07,7.390689619092089e-07,0.0,4.057204754979768e-07,0.0,0.04885619957485453,0.0,0.0,0.00025348084319378643
2025-05-08,0.0,2.2641761760717643e-07,7.883045741228118e-08,0.0,5.181717635611157e-07,0.0,0.030319406697031228,0.030319406697031228,0.030319406697031228,-8.234198385805733e-07
2025-05-09,6.54309833210581e-05,7.610975124351424e-08,3.6675903268933285e-07,0.0,2.5586606007978153e-07,5.001504938531931e-09,0.015008934518264058,0.01621615599176159,0.015375903162088225,6.472724697210694e-05
2025-05-12,2.9995470436808276e-05,4.1948140399394817e-07,1.379303368042477e-06,0.0,8.936676478543859e-07,5.256765720781085e-07,0.055045464474954856,0.048674098266692424,-0.039639565842429815,2.6777341444839357e-05
2025-05-13,-0.0001087601770476002,9.099945995358051e-07,3.6754347962379e-07,0.0,9.51813118575534e-07,4.825491136743173e-07,0.09881031257726731,0.1309460070424281,0.049877755945142765,-0.00011147207735900964
2025-05-14,-0.00021186408340631503,1.893510153700017e-07,3.661906208791061e-07,0.0,2.494911956532091e-07,5.256132045885937e-07,0.02726034641643002,0.13835050965305884,0.050047491282175116,-0.00021319472944280595
2025-05-15,0.0020756871576181344,8.691253463472146e-07,1.638744684472099e-06,0.0,1.3375106795951234e-06,1.7732075710553636e-07,0.11261081268712836,0.07432941477468422,0.04453952758095411,0.002071664456150614
2025-05-16,0.0004927053486609939,3.4658968013785354e-07,1.2726465337231932e-06,0.0,3.206574644533808e-07,6.091023563433356e-07,0.05620366802946334,0.10082684966521298,-0.0015023462004673874,0.0004901563526263362
2025-05-19,0.0003268120059010075,9.109838613522484e-07,1.448261523341918e-06,0.0,7.619454231531781e-07,2.7609167749781326e-07,0.085922597302623,0.027708475885223675,-0.018674925934408955,0.00032341472341566234
2025-05-20,8.966736452607088e-05,1.6988693387193994e-07,1.756990021761452e-07,0.0,8.918488226528913e-08,0.0,0.0276308678713601,0.0,0.0,8.92325937077575e-05
2025-05-21,0.0,3.473210347603353e-08,1.949866468425097e-08,0.0,5.7718190390968004e-08,0.0,0.007499486417019603,0.007499486417019603,0.007499486417019603,-1.1194895855125251e-07
2025-05-22,4.096907483273052e-05,5.8098394633568126e-08,5.573105380934852e-08,0.0,1.6225105265461808e-07,0.0,0.02143502069590328,0.02897547618775561,0.02897547618775561,4.0692994331632984e-05
2025-05-23,-0.00010801248739840059,5.9445163272971756e-08,9.63068207019922e-08,0.0,7.101478945805208e-08,0.0,0.007711148866791095,0.029615365886060306,0.029615365886060306,-0.00010823925417183361
2025-05-27,0.000508478683199658,1.1505397659792555e-07,7.269176008025757e-07,0.0,2.2772924358193334e-07,0.0,0.030123844569259966,0.0,0.0,0.0005074089823786756
2025-05-28,0.0,0.0,0.0,0.0,0.0,0.0,0.0,0.0,0.0,0.0
2025-05-29,0.0,5.477249133952138e-07,3.9004046272445966e-07,0.0,2.427051000954407e-07,1.3163614279781214e-07,0.01105743599501622,0.01105743599501622,-0.01105743599501622,-1.3121066190129262e-06
2025-05-30,5.216918968897907e-05,8.179736010257354e-10,1.5451235032615785e-09,0.0,0.0,1.239403397005002e-07,0.0005942782704852225,0.010410988534842017,-0.010410988534842017,5.204288625217428e-05
2025-06-02,-4.0962879112977915e-05,1.0779153854563201e-09,2.047635014097462e-09,0.0,0.0,1.1505237482685682e-07,0.0007875519284990238,0.009664399485455971,-0.009664399485455971,-4.108105703820433e-05
2025-06-03,2.4169884669861163e-05,5.458290244087317e-07,2.506459696204389e-08,0.0,2.3285395128929633e-07,0.0,0.00964022960078611,0.0,0.0,2.336613709720109e-05
2025-06-04,0.0,3.55679837324625e-07,2.0350370572807867e-07,0.0,1.008245187034742e-07,9.39578837382e-08,0.014730813748004357,0.014730813748004357,-0.0010541107200132422,-7.539659454943778e-07
2025-06-05,-1.359890293433213e-05,4.0305609903030196e-07,2.8735113521536615e-07,0.0,1.7719758281432576e-07,0.0,0.024411097365956886,0.009770165444107665,0.009770165444107665,-1.4466507751392125e-05
2025-06-06,5.1032136968395835e-06,6.989783840569277e-08,5.048128817934591e-07,0.0,1.0374406057544978e-07,1.3392295300749536e-07,0.021024796710434113,0.011249528052629607,-0.011249528052629607,4.290835963057486e-06
2025-06-09,3.1649924226476324e-05,1.612931048599897e-08,1.496496655777826e-08,0.0,5.5716906461087915e-08,1.1965347086680116e-07,0.005755756368376255,0.01463966134559572,-0.005462121760026877,3.144345957210466e-05
2025-06-10,3.536250019961876e-05,8.162945482448607e-08,4.86184938751921e-07,0.0,2.678922595427901e-07,2.8561892847774216e-07,0.02140372649425475,0.02399198999213034,-0.02399198999213034,3.4241174618021824e-05
2025-06-11,0.0001965372581983687,9.756288705494153e-08,2.4839364367190343e-07,0.0,1.340860413665057e-07,1.9942148654318943e-07,0.02395829666429163,0.017088421488599098,-0.016414388250656727,0.00019585779413973218
2025-06-12,-2.6609064990426227e-05,1.683997971031703e-07,5.118403241706674e-07,0.0,2.9758799767694195e-07,4.003539300890678e-07,0.03406648783720424,0.04724749466813686,-0.02001196558682653,-2.7987247039466074e-05
2025-06-13,-0.00027090272275053325,2.3526842730729156e-07,2.1057352866898186e-07,0.0,3.6775736158589503e-07,2.184489226725108e-07,0.02887004655276811,0.03361969894554044,-0.0030797200634413713,-0.0002719347709907679
2025-06-16,0.0002961792526938169,1.9245074458151997e-07,4.132232714710728e-07,0.0,3.662002214809802e-07,0.0,0.033592040117736297,0.0,0.0,0.00029520737845628337
2025-06-17,0.0,7.820392400685933e-08,3.6719754134958106e-07,0.0,9.127387288437156e-08,1.7864087380588518e-07,0.015005833399694355,0.015005833399694355,-0.015005833399694355,-7.153162120466971e-07
2025-06-18,-1.284208739947202e-06,4.965198834950532e-08,3.3212318061786675e-08,0.0,1.2219830681986534e-07,1.0884797716119935e-07,0.012773968485302566,0.016053311039949753,-0.002233149123131736,-1.5981193303395586e-06
2025-06-20,1.896119532689679e-05,9.074831940853458e-08,5.6542693868747355e-08,0.0,1.0751590260773317e-07,0.0,0.021747189949518214,0.019533002021713375,0.019533002021713375,1.8706388411011775e-05
2025-06-23,0.00037579783079806357,2.0124022791961623e-07,7.366083827538364e-07,0.0,2.3120035945483847e-07,1.1580045187816331e-07,0.029636037810277162,0.00972723795776572,-0.00972723795776572,0.0003745129813760571
2025-06-24,-0.00010586126089611746,1.3625436069791995e-07,9.679510728035707e-07,0.0,8.99113192313784e-08,5.796983863513671e-07,0.05098347654431798,0.05906311402616024,-0.03832621488086942,-0.0001076350760352017
2025-06-25,1.7415236477423318e-05,6.867595976885909e-07,7.957324984319001e-07,0.0,7.12604479233954e-07,9.068467944411991e-07,0.0509305611211813,0.10242488703503685,-0.04992537443108459,1.4313293107627674e-05
2025-06-26,4.687665388283537e-05,5.493482890420085e-07,6.420927734134155e-07,0.0,5.402864911488229e-07,9.078164060922335e-07,0.042607049402381775,0.10294285865173314,-0.049570297571762074,4.423710992313889e-05
2025-06-27,-0.00010180422064516589,8.255817610192615e-07,1.826000092323356e-06,0.0,1.4598188458581543e-06,5.445863622262824e-07,0.13399380264836835,0.04574525442700772,-0.04574525442700772,-0.00010646020770659294
2025-06-30,-0.00019392605909753427,1.308123062640633e-07,1.0158237415446642e-07,0.0,5.835331524868307e-07,8.224787919521639e-08,0.03907014390556399,0.006948607124255096,-0.006869036580541257,-0.00019482423480963483
2025-07-01,1.3233683853042534e-05,9.817862609786652e-09,1.019579922893348e-07,0.0,1.9571736743500094e-08,1.0326627077710385e-07,0.0063976602675442275,0.008674366745276722,-0.008674366745276722,1.2999069990622808e-05
2025-07-02,-5.611832805642212e-05,1.6859452989569068e-08,2.2699261190666174e-08,0.0,3.6409933862628003e-08,0.0,0.008730485073333145,0.0,0.0,-5.6194296704464984e-05
2025-07-07,0.0,1.4464569806370038e-06,1.5388649830774158e-06,0.0,8.400262726259418e-07,6.056171171899657e-07,0.05352895023848161,0.05352895023848161,-0.04821472544943264,-4.430965353530327e-06
2025-07-08,-0.0001478986856632742,1.299738819088154e-07,9.952973332008976e-08,0.0,6.925268902771721e-08,5.065150186254014e-07,0.012279131945641765,0.04254726156453372,-0.04254726156453372,-0.0001487039569861562
2025-07-09,4.820066054315777e-06,9.618312777817224e-07,5.069985842719332e-07,0.0,2.4283983451432084e-07,5.94892083079072e-07,0.021481838684555804,0.049970934978642044,-0.049970934978642044,2.5135042746687285e-06
2025-07-10,-0.00041268861611816753,8.83111954518317e-07,5.67886939726531e-07,0.0,1.6346334659187543e-06,6.106709838423662e-07,0.09572495779608818,0.11742949845650917,0.014836773170991642,-0.0004163849194621735
2025-07-11,-0.0001516441756168475,2.2161962812108625e-06,3.4189981543966355e-06,0.0,5.624495827795087e-06,1.7145119677292957e-06,0.23369843592096098,0.2843426803363217,-0.003695330242199965,-0.0001646183778479794
2025-07-14,0.0009088504329640392,2.6615821099703744e-06,4.437446101618088e-06,0.0,6.1026898161061505e-06,1.0415490920968346e-06,0.28389537719743907,0.14622783598419176,-0.028752411488076453,0.0008946071658442478
2025-07-15,0.0015599041347902662,2.8100549737600147e-06,3.6918326050676694e-06,0.0,8.147177356529877e-06,1.2437473022977434e-06,0.342885933199299,0.2590050625804209,0.0500555157944,0.0015440113225526108
2025-07-16,0.0006528464317451225,1.371415602832393e-06,2.4162651149786237e-06,0.0,4.180517884872839e-06,6.425001552751523e-07,0.18195117690595478,0.1583706743246776,0.05043064823845199,0.0006442357329871635
2025-07-17,0.0022443040767650105,1.5716645656593163e-06,2.6002241461574505e-06,0.0,5.911837143845682e-06,3.568728611129126e-07,0.15757886290905856,0.08630238883347383,0.02634774816650451,0.002233863478048235
2025-07-18,-0.0005343152038746657,1.157778862344541e-06,2.979795805825293e-06,0.0,6.3673871408712206e-06,1.0695703254563768e-06,0.15065400721677635,0.1296878146766713,-0.05000000000000001,-0.0005458897360091632
2025-07-21,0.0005269919720652003,9.064933184209458e-07,2.9002085102048506e-06,0.0,7.0159935192258225e-06,1.8714681909519592e-06,0.21908030870760573,0.2692804448885201,-0.04512621119140911,0.0005142978085263968
2025-07-22,-0.0025491409300231714,1.1630813031950208e-06,3.0443784608971974e-06,0.0,7.420504588420323e-06,1.536467923835227e-06,0.24202903113527605,0.22553730669845448,-0.03258930450586359,-0.0025623053622995193
2025-07-23,2.6370746119542967e-05,7.415624905501016e-07,2.3032153790218092e-06,0.0,3.3808171120134684e-06,1.5537491829020428e-06,0.18657864148843994,0.24425763820415047,-0.01677222452339274,1.8391401955055544e-05
2025-07-24,0.0006475480948662538,1.4863676570151862e-06,5.877056528239682e-06,0.0,2.5252540069058104e-05,3.206818039820818e-06,0.41165937507241573,0.48831783382897487,-0.05042759686092248,0.00061172531257212
2025-07-25,0.004448577540298871,5.570853826168913e-07,2.2029516491924922e-06,0.0,1.3254679775519102e-05,2.3035892023694375e-06,0.1606286814022456,0.3368067759408384,-0.050196210057227054,0.004430259234289173
2025-07-28,-0.0003167487105831556,1.465590377559396e-06,5.554434691295996e-06,0.0,1.6478048260003074e-05,1.6978235849195964e-06,0.41342408746596765,0.23547432399038892,-0.04976003827610319,-0.0003419446074969336
2025-07-29,-0.00020376714103825555,3.965943549391919e-06,6.3773055887232995e-06,0.0,2.0286096708561693e-05,2.6190476190476192e-06,0.4399638054171414,0.3899999999999999,-0.05000000000000002,-0.00023701553450398006
2025-07-30,0.004763418993739687,5.089714716068673e-06,6.6711965404324555e-06,0.0,1.5309640218887692e-05,3.2142857142857143e-06,0.5535362993311446,0.59,0.05000000000000002,0.0047331341565500125
2025-07-31,0.001811406765627866,8.967834183942801e-07,3.0663477409191986e-06,0.0,1.7412588579605808e-06,2.921555729028523e-06,0.2358877633854782,0.5453748317407625,0.0545534692639707,0.0018027808198815634
2025-08-01,-0.002666114762066554,8.504987117909101e-07,3.744094370078768e-06,0.0,5.528234141301072e-06,1.99243181601095e-06,0.24372900702901706,0.3415314442122841,0.0068028991224445,-0.002678230021105736
2025-08-04,-0.00037419700234833756,6.905898519692985e-06,9.082514710422467e-06,0.0,2.0460053390580616e-05,2.779703495614796e-06,0.6305229779604786,0.41648427301887503,-0.05050591424441063,-0.00041342517246464844
2025-08-05,0.0005475976904249748,4.5883284060224215e-06,5.749674454678537e-06,0.0,1.4111782799411117e-05,3.0623469663994953e-06,0.400531163600191,0.46482743408204474,-0.04964685627307053,0.0005200855577984632
2025-08-06,-0.0009335009123805411,6.294361669194912e-06,1.0751702229893408e-05,0.0,1.6990058337878224e-05,5.1012492098014605e-06,0.8834028793944271,0.9083324077495485,0.05132254050290308,-0.0009726382838273092
2025-08-07,0.001964908952838886,7.457112652997048e-06,1.4049786146401533e-05,0.0,2.6207101874926028e-05,2.4579369600139325e-06,0.969897276614517,0.4633433240153108,0.05040991473297022,0.0019147370152045474
2025-08-08,-0.0018192459568125252,4.778070160899602e-06,7.773241948102346e-06,0.0,1.5772783011613563e-05,3.112067784869109e-06,0.566791933469843,0.5729784112502336,0.05015102339222336,-0.0018506821197180098
2025-08-11,0.0030494759292411322,7.18120715640853e-06,9.575361687481967e-06,0.0,2.0534594132630406e-05,3.265307248981806e-06,0.6708875144893385,0.6001915785794372,0.051619960750493715,0.0030089194590156294
2025-08-12,-0.0002336233948452583,6.237091292882333e-06,1.1025851113918327e-05,0.0,1.4991034323407756e-05,2.9064699624702237e-06,0.6831135502055905,0.4453570637007583,-0.04292988999423916,-0.0002687838415379369
2025-08-13,0.0004010856008281308,3.1032439884885e-06,1.1122748325451365e-05,0.0,1.0398879163435696e-05,5.143902841773535e-06,0.8289996422183235,0.8155732710735534,-0.04860240634440066,0.0003713168265089817
2025-08-14,-0.0030798317270484222,2.938884670032072e-06,7.002169606851462e-06,0.0,9.626550311492104e-06,3.5891781506432906e-06,0.5227621910928002,0.5529819293080729,-0.04999999999999996,-0.003102988509787441
2025-08-15,0.004833064758755035,2.0987168349993627e-06,4.33399863524555e-06,0.0,2.3627517198546778e-06,1.0250897019857572e-06,0.37634246151431694,0.18238787101065101,0.010172801077043853,0.00482324420186295
2025-08-18,-0.0007816170015190547,1.0081628054192726e-06,2.9729215924490866e-06,0.0,2.682882221176779e-06,1.3108777422293259e-06,0.17748389218145955,0.17011373034726335,-0.050113730347263366,-0.0007895918458803292
2025-08-19,0.0009646429552638634,4.605369437724886e-07,2.516995876351995e-06,0.0,3.2172670457404e-06,7.142857142857143e-07,0.1889139631113243,0.06999999999999998,-0.05000000000000002,0.0009577338696837127
2025-08-20,0.0012365042593229414,2.704364492050833e-07,2.2030381808603109e-07,0.0,1.5490890503778328e-06,0.0,0.08473223772539656,0.03596874198471949,0.03596874198471949,0.0012344644300052725
2025-08-21,-6.261361407737767e-05,4.326922261612387e-07,1.1016362248071147e-06,0.0,2.7002307839444582e-06,3.5714285714285716e-07,0.09367970580438223,0.10998654174629169,0.049986541746291684,-6.720531616943334e-05
2025-08-22,3.3155212193145105e-05,5.57874143175259e-07,2.0750523735665864e-06,0.0,3.072036740390302e-06,0.0,0.11310262965079251,0.0,0.0,2.7450248936012957e-05
2025-08-25,0.0,7.388722420134769e-07,1.340100108990785e-06,0.0,2.743921819439457e-06,5.952380952380952e-07,0.05,0.05,-0.05,-5.418132265681814e-06
2025-08-26,-0.00035976731516437207,5.776589356574745e-09,9.35395019427364e-10,0.0,1.1922484124507414e-09,5.952380952380952e-07,0.0003597673151643707,0.05,-0.05,-0.0003603704574923986
2025-08-27,0.0005267020939817923,1.0063599145363036e-08,1.5251834113996784e-08,0.0,2.8577128539213743e-09,5.952380952380953e-07,0.0005721495160159514,0.05,-0.05,0.0005260786827404409
2025-08-28,-0.0006746067529645082,1.6935670263252507e-06,2.5635165389708e-06,0.0,5.625894945752506e-06,1.0808790746100372e-06,0.18226229128745075,0.13158768453448622,-0.05,-0.0006855706105501669
2025-08-29,-0.0007427919675611009,9.504646237726565e-07,1.1905424301577678e-06,0.0,2.839516834702195e-06,0.0,0.13184487335637846,0.0,0.0,-0.0007477724914497335
2025-09-02,0.0,0.0,0.0,0.0,0.0,0.0,0.0,0.0,0.0,0.0
2025-09-03,0.0,1.6193018243825e-07,3.9106271497903187e-07,0.0,7.182830708796391e-06,1.1904761904761888e-07,0.06999999999999998,0.06999999999999998,0.05000000000000001,-7.854871225261291e-06
2025-09-04,0.0014268984167333599,3.7719429307921455e-09,3.6153849641307725e-08,0.0,1.9872431083077305e-08,1.1904761904761899e-07,0.0015940127109738793,0.06999999999999999,0.05,0.0014267195708906571
2025-09-05,-0.00021325037361260348,8.727409646967932e-07,3.7952370533237675e-06,0.0,1.0833179124356062e-05,1.2093283014101878e-06,0.20295390426329893,0.15316715463691155,-0.05,-0.0002299608590563903
2025-09-08,-0.0008723669829376425,2.8478443532098888e-06,6.108573306359593e-06,0.0,9.742361845957105e-06,2.41529274106715e-06,0.4284453054529217,0.3557417331067834,-0.050027447392497704,-0.0008934810551842362
2025-09-09,-0.0023140858021568796,1.7617974935456617e-06,4.836827547471942e-06,0.0,6.6632800098452305e-06,2.037859974730972e-06,0.371523113322761,0.2911802378774016,-0.05118023787740163,-0.0023293855671824735
2025-09-10,0.0007816299098331004,2.473372405151902e-06,3.8117027342139464e-06,0.0,8.854031981768225e-06,1.8170101221336353e-06,0.2798665026081053,0.2526288502592253,-0.05262885025922534,0.0007646737925898327
2025-09-11,-0.00279118282331621,7.133548361252438e-07,2.1275006789805267e-06,0.0,1.9499451060890796e-06,2.06935581471742e-06,0.1663346908663988,0.2978258884362633,-0.0498258884362633,-0.0027980429797521225
2025-09-12,-0.001263048165994971,1.106908945827269e-06,3.2238517136799165e-06,0.0,4.445541727050008e-06,1.0714285714285714e-06,0.23691049153182175,0.13,-0.05,-0.0012728958969529568
2025-09-15,-0.002141809882436443,9.577257381863197e-08,3.970579590812292e-07,0.0,1.9208605961227127e-07,1.0800207070309259e-06,0.03066224534085618,0.13072173939059775,-0.050721739390597764,-0.002143574819735986
2025-09-16,-0.0008095145617163454,2.7419660969770325e-07,1.0027295188513436e-06,0.0,4.91486573303066e-07,1.1876537999852567e-06,0.08226104747228102,0.15476291919876156,-0.044762919198761575,-0.0008124706282181828
2025-09-17,-0.00029235316231519934,2.8563488409462305e-06,2.9197121920445814e-06,0.0,1.0527649179804234e-05,2.2087085803501227e-06,0.29647624838833353,0.4195315207494103,0.04846847925058968,-0.0003108655811083445
2025-09-18,-0.0003888247508914134,2.0219821081791498e-06,4.576845946220787e-06,0.0,5.986742852000451e-06,2.7380952380952382e-06,0.33190649151282503,0.51,0.04999999999999993,-0.000404148417035909
2025-09-19,-0.00043589989746265097,2.304492777235152e-06,5.2509594592105036e-06,0.0,8.13351463757321e-06,2.142857142857143e-06,0.2873295791443645,0.31009771616861714,-0.04990228383138281,-0.00045373172147952697
2025-09-22,-0.0011492644705181929,2.157967836431864e-06,3.8713025334867274e-06,0.0,8.145703983655135e-06,2.1843741701976707e-07,0.3552944860304431,0.07834874302966043,0.04165125697033956,-0.0011636578822887863
2025-09-23,0.00014728265732825752,2.3085036806105558e-07,7.933206689464807e-07,0.0,3.9718191987128343e-07,1.8704512127999675e-07,0.03386092004751119,0.04400528437673159,0.012581704001692135,0.0001456742592500987
2025-09-24,0.00040456600619282124,6.528076220140096e-07,3.243926664268206e-06,0.0,6.230426428240663e-06,1.5921729228415302e-06,0.2693801495576168,0.3098514706028789,0.04236641956550176,0.00039284667255545683
2025-09-25,-0.0038856790948191755,7.534299670530035e-07,2.369381171884483e-06,0.0,6.905103107144922e-06,7.142857142857143e-07,0.18432316180115813,0.16999999999999998,0.049999999999999996,-0.0038964212947795434
2025-09-26,0.0012404373426103208,1.2654953276136636e-06,4.151056949428445e-06,0.0,3.999553600477615e-06,1.4285714285714284e-06,0.2205839822003784,0.18999999999999995,-0.05000000000000002,0.0012295926653042297
2025-09-29,-0.0011630470343094654,7.364776649347376e-07,2.015716960883205e-06,0.0,2.0119246326671237e-06,5.952380952380952e-07,0.1554145935519023,0.05,-0.05,-0.0011684063916631885
2025-09-30,-9.684970683156024e-05,4.0835639693822035e-06,4.202477168948749e-06,0.0,1.355504208109027e-05,2.405604116670961e-06,0.30397389609352915,0.3540707458003608,-0.050070745800360715,-0.00012109639416765242
2025-10-01,-0.005866717501970272,2.6396207394529425e-06,5.029299687976437e-06,0.0,9.249313507237153e-06,3.3095238095238104e-06,0.37409058857521504,0.506,-0.05000000000000003,-0.005886945259714463
2025-10-02,-0.00023248688107341026,3.1701124480466056e-06,3.861503012205052e-06,0.0,1.384572711694415e-05,3.297453906581135e-06,0.33578744185378584,0.6033085048911212,0.04933624858549064,-0.0002566616775571872
2025-10-03,0.0019495488921726087,2.771406917654606e-06,7.544962330974602e-06,0.0,4.965261296298776e-06,5.953083541078247e-06,0.5732296228636731,1.0492677257126388,0.04914969081149306,0.0019283141780866025
2025-10-06,-0.0010711391009815988,2.9481950217073797e-06,7.864525798591522e-06,0.0,1.704495053656676e-05,4.306510360866607e-06,0.569006705789816,0.7722123431453228,0.048718602519732646,-0.001103303282699331
2025-10-07,0.006750905554887512,4.350271806873124e-06,1.0748298233583755e-05,0.0,2.1529928033097825e-05,2.626887613582154e-06,0.691102759111804,0.3918457315430975,-0.04947138753870429,0.0067116501692003755
2025-10-08,-0.004679270734166952,4.386238913683234e-06,7.058993808518142e-06,0.0,1.8699867095787605e-05,4.0421976048789926e-06,0.5244143299228429,0.6301482930582212,-0.04894090456144981,-0.00471345803158982
2025-10-09,0.000978611507717388,3.5898885534696887e-06,1.079020576262369e-05,0.0,1.9099794371088363e-05,4.753831117661901e-06,0.7868365910191196,0.7510490510608603,-0.047594576706338765,0.0009403777879125443
2025-10-10,0.008270990111353361,5.358166666713731e-06,8.108267810120213e-06,0.0,1.1364252772130599e-05,3.791180010533951e-06,0.6929703578269585,0.6979589451011736,0.06104070333146967,0.008242368244093863
2025-10-13,0.0005885493811025469,6.537487520467936e-06,1.1351310494286374e-05,0.0,2.4229378219266708e-05,4.53683064148478e-06,0.8246215589117415,0.8144780221714406,0.05229047440199722,0.0005418943742270411
2025-10-14,0.00565347602512855,6.896279325014298e-06,1.5706870615854185e-05,0.0,2.0351362865431508e-05,6.04475653446956e-06,1.1246752978115246,1.0707767723231674,0.05525767453228103,0.00560447675578778
2025-10-15,0.002201708971035783,8.907103482726296e-06,1.5579958128337524e-05,0.0,2.5558240289746334e-05,5.61897381686183e-06,1.0775163186325738,0.9708919046176634,0.026904303384876066,0.002146044695318111
2025-10-16,-0.003634599775411208,5.027621822413241e-06,1.3143698570735312e-05,0.0,2.4283379625523055e-05,4.519102194022787e-06,0.9111517991400645,0.7097222356067368,-0.04948693298909129,-0.0036815735776239023
2025-10-17,-0.0033825924237163548,3.213969225775892e-06,9.275331443022505e-06,0.0,1.6044680409465946e-05,2.5964327820244402e-06,0.7005884153302614,0.3875813906691296,-0.048619316710976385,-0.0034137228375766436
2025-10-20,-0.0029982558634521614,2.124222893501272e-06,4.816538823272011e-06,0.0,1.0997296154317812e-05,1.1003230978520007e-06,0.4222086617250753,0.21242714021956804,0.02757285978043194,-0.0030172942444211042
2025-10-21,0.0004458866197403442,2.5246330313090277e-06,6.49575254190053e-06,0.0,1.3342328022995433e-05,2.0891008916736046e-06,0.44877842228561976,0.36256773306293316,0.011598783261767664,0.0004214348052524656
2025-10-22,-0.0025468591253600564,1.3806131713828074e-06,4.363910907637944e-06,0.0,1.4352430502648882e-05,2.3305468839787757e-06,0.3660521350934635,0.44128552483220873,0.049753648323774546,-0.0025692866268257047
2025-10-23,0.0037673217257699313,2.5024316844883955e-06,4.201883828478987e-06,0.0,8.486496194665576e-06,3.474797251513198e-06,0.3178372021970105,0.6335604863452927,0.04979454809107556,0.003748656116810785
2025-10-24,0.005573345300225491,1.856902632629307e-06,6.86200572516738e-06,0.0,1.1003405553942272e-05,1.8599008460764914e-06,0.5141761025358127,0.36246334214085063,0.05000000000000002,0.005551763085467675
2025-10-27,-0.000123882239720421,1.7801039944359308e-06,7.2840563169379575e-06,0.0,1.590940259127385e-05,2.075989313570341e-06,0.4620768587347358,0.29876620467981735,-0.05000000000000001,-0.00015093179193663908
2025-10-28,0.0025813826668696738,3.1647539924912763e-06,4.078060606004199e-06,0.0,1.1716716288678626e-05,2.0879888867550476e-06,0.36405470174316357,0.40177052011321435,0.05098838713836639,0.0025603351470957444
2025-10-29,-0.003340241492173962,4.605506334618363e-06,1.043253292031219e-05,0.0,1.957455443791034e-05,4.968042521018169e-06,0.6549593761840108,0.7842748170382787,-0.05035632649277369,-0.003379822128387821
2025-10-30,0.0048038847403798655,5.644207094618096e-06,7.270102798577306e-06,0.0,2.3423123510280795e-05,4.041058887634227e-06,0.6177008672578388,0.7294206678653702,0.050522774742820076,0.004763506248088755
2025-10-31,-0.001513283968051968,6.147620603913941e-06,1.178429463928835e-05,0.0,2.4017852647297572e-05,3.6695148123681655e-06,0.8474426165632474,0.6667989478108678,0.050320459333015946,-0.001558903250754836
2025-11-03,-0.005810233439429199,3.8129284482263715e-06,9.779614350157844e-06,0.0,1.2608739389692092e-05,3.313008206283434e-06,0.7409777531081536,0.60489863073703,0.048313252081413044,-0.005839747729823559
2025-11-04,0.006831725159698675,5.203784700418896e-06,6.883747198469153e-06,0.0,1.843879489639811e-05,4.756728320968056e-06,0.5120916637091473,0.8476739406345631,0.048543582711929545,0.006796442104582421
2025-11-05,-0.00044616999973721706,5.150617560637344e-06,1.070858858394958e-05,0.0,2.7352257714796144e-05,7.30295691501219e-06,0.7797434700711018,1.2772540172872433,0.05035725556519527,-0.0004966844205116124
2025-11-06,0.0010089006919007449,4.931026226821611e-06,9.082381059850577e-06,0.0,1.4480643712084863e-05,5.093135440949598e-06,0.6414318647617516,0.9061565591739442,0.05050980509441183,0.0009753135054610383
2025-11-07,0.005997552580684391,6.430540872441948e-06,1.3741723374175963e-05,0.0,3.01174529363074e-05,4.7412310739052935e-06,0.8882647897051215,0.7478960753655088,-0.04863074505058042,0.00594252163242756
2025-11-10,-0.0037436540764321617,1.958815642282479e-06,4.611872832208321e-06,0.0,1.2079433534030358e-05,1.9823517957957565e-06,0.42765207960232543,0.3854492560486136,0.05241415435492647,-0.0037642865502364787
2025-11-11,-0.0008084032067195041,3.434381799217611e-06,8.051103953216811e-06,0.0,2.2915568191151342e-05,3.121207669923692e-06,0.5893535402343448,0.5760800010755249,0.05171711252834478,-0.0008459254683330135
2025-11-12,-0.0003638354964654252,2.489578693959777e-06,5.252642231057277e-06,0.0,1.9800166239421412e-05,4.009277882818705e-06,0.39310652196506096,0.7241445438268106,0.050585859513268217,-0.0003953871615126824
2025-11-13,-0.006336872076313995,4.909995432897933e-06,1.226403988052665e-05,0.0,2.6556769904550728e-05,4.75697124898085e-06,0.7951356238305576,0.7484999128837495,-0.05067125694503319,-0.006385359852780952
2025-11-14,-0.0004062955863995805,1.4033129009030425e-06,4.075428102042332e-06,0.0,8.954298037711424e-06,2.9251380040361526e-06,0.31850429775790784,0.4512324341140132,-0.04019075056406039,-0.0004236537634442735
2025-11-17,-0.0009338536295265468,5.067121392601121e-06,8.127810391197555e-06,0.0,1.6270516668284106e-05,3.348996048120676e-06,0.5622948376739735,0.5200578541724634,-0.04257348191181021,-0.0009666680740267503
2025-11-18,-0.002417897259221748,3.988849633386903e-06,7.191654093455347e-06,0.0,1.378565472960818e-05,1.444485139660109e-06,0.5456356781099356,0.19267350346289827,-0.05,-0.0024443079028178584
2025-11-19,0.0005187438031484452,2.764789543298062e-06,1.994201853308062e-06,0.0,8.179588339433738e-06,1.1895026610353073e-06,0.2321905294995017,0.2505823909062407,0.050745943852309044,0.0005046157207513701
2025-11-20,-0.0047804639924899995,2.3934562875584526e-06,3.759295007760843e-06,0.0,9.605651723019132e-06,1.869227607895548e-06,0.26949725402111585,0.3638737907894965,0.049843552663044466,-0.004798091623116233
2025-11-21,0.002493226617392968,2.4445038265348955e-06,6.3727730147423184e-06,0.0,1.0764283452911065e-05,2.537068363151383e-06,0.4563137461931614,0.47809713746922566,0.0518696524597933,0.0024711079887356287
2025-11-24,0.004434805744638503,2.4468131279227377e-06,6.217455845247791e-06,0.0,1.3389885913451272e-05,3.958529892239935e-06,0.46549807348649624,0.7196254946873197,0.054592472791010704,0.004408793059859641
2025-11-25,0.0012565359778298625,3.188535302547008e-06,1.0999069838973549e-05,0.0,2.3292313055659968e-05,3.7094924281412363e-06,0.7292543596046891,0.5731947279277276,-0.05000000000000002,0.0012153465672045407
2025-11-26,-0.0004479449526909834,2.048707385504248e-06,4.216925313040724e-06,0.0,3.375618354595948e-06,4.578216434644696e-06,0.32281494314470865,0.7191403610203089,-0.04999999999999999,-0.000462164420178769
2025-12-01,-0.004501500773200324,2.535652175684022e-06,5.1125480066685305e-06,0.0,9.860840639322334e-06,4.734369029765346e-06,0.3781012730367261,0.7630812069437496,-0.03229279005682856,-0.004523744183051764
2025-12-02,-0.00010807322007123609,1.5895921481167128e-06,7.5286620316077915e-06,0.0,6.845509238351574e-06,9.981296233371174e-07,0.6361272230059921,0.21768577672063574,0.05000000000000002,-0.00012503511311264928
2025-12-03,0.00020177776642011074,1.6726926731988032e-06,6.418008823736337e-06,0.0,3.991180545516078e-06,2.777434434644889e-06,0.3933985376772453,0.4166089850203414,-0.04999999999999996,0.00018691844994301462
2025-12-04,0.0006358026302169882,2.0861472539460545e-06,4.186328991049924e-06,0.0,4.329636036780423e-06,2.5392697382357857e-06,0.28824697335091487,0.3770456813064495,-0.04955163471716251,0.0006226612481969759
2025-12-05,-0.00016474460273808647,3.1824302736097873e-06,5.928283232599306e-06,0.0,6.408689328606932e-06,4.8396622685572125e-06,0.45445153206519295,0.7635303183806206,-0.049532942736991104,-0.0001851036678414597
2025-12-08,0.00022590364124942903,6.05951463472707e-06,7.547394879457578e-06,0.0,1.1405318202253597e-05,2.948654283348687e-06,0.5869441876548649,0.4915612646738551,-0.003812654928724263,0.0001979427592496421
2025-12-09,6.795230590570362e-05,2.65185421438357e-06,3.2578662614906837e-06,0.0,5.6238377613160936e-06,2.243247972006777e-06,0.2648036113027217,0.42705939076489874,0.05019373146776021,5.417549969650649e-05
2025-12-10,-0.002382416761971004,4.589986635735449e-06,7.3028040282509475e-06,0.0,9.635909200698756e-06,3.4059423612391086e-06,0.5308255852245495,0.6221983166881702,0.04999999999999993,-0.0024073514041969284
2025-12-11,0.0007241424513902133,1.915732898065664e-06,3.5205230045650587e-06,0.0,5.740839040101666e-06,2.797152320594945e-06,0.24314619550290323,0.5200927371034062,0.05017114724345548,0.0007101682041268859
2025-12-12,0.0033641678987985707,8.265590198715166e-06,9.076681487622431e-06,0.0,2.0123720865240944e-05,3.540344739918611e-06,0.6019827669157014,0.6450846924166485,0.050306776110321735,0.0033231615615070733
2025-12-15,-0.0015522765310385885,6.920790856913528e-06,1.031938941022796e-05,0.0,1.6449098746679925e-05,2.4179965540551643e-06,0.7430977570070448,0.45001342518535026,0.04379000410408268,-0.001588383806606465
2025-12-16,0.001051583609570026,1.5342453965515163e-06,4.780230144355051e-06,0.0,7.24789324758138e-06,2.374270818885465e-06,0.36532990213512423,0.44911615930427345,0.05023866173151538,0.0010356469699626526
2025-12-17,-0.005600448591441438,3.733203908563376e-06,5.781451021158031e-06,0.0,1.085934433862939e-05,1.3410711350482207e-06,0.4081120412763176,0.2742243855455518,0.04892443485745071,-0.005622163661844837
2025-12-18,-0.0014424180706702505,3.6413753459276872e-06,8.044586565013181e-06,0.0,1.1233235744735874e-05,3.0710876164612095e-06,0.6008285458183669,0.5660990200278841,0.05015630046240088,-0.0014684083559423885
2025-12-19,-0.0027724467323031934,2.6580891928227762e-06,3.8098736215176825e-06,0.0,6.8693906022492575e-06,2.786143132884644e-06,0.2786659076062989,0.5177355951633786,0.04966354883875845,-0.002788570228852668
2025-12-22,0.003551006869280074,3.0859884950086195e-06,5.679937009848474e-06,0.0,8.05795187584736e-06,1.516023539297035e-06,0.3594149808067789,0.2647729362329724,0.010080981631070546,0.0035326669683600725
2025-12-23,-5.281799637792681e-07,5.817292344943946e-07,2.670986151229814e-06,0.0,1.5987142428438846e-06,1.8481251966356575e-07,0.2103997444401056,0.055177213472410676,0.024128710168931637,-5.564422112010928e-06
2025-12-26,-0.0006991408036464726,5.050495133097174e-07,1.9211218874139497e-06,0.0,2.0461780816597404e-06,4.3610181469111987e-07,0.09428379027225042,0.03969955026063972,-0.033565554607468406,-0.0007040492549435472
2025-12-29,0.00019606536185603823,1.1326642114242653e-06,1.9826354986401234e-07,0.0,1.9965842242838594e-06,0.0,0.07625521148615859,0.04288572224054623,0.04288572224054623,0.00019273784987046608
2025-12-30,0.00019652644772908241,8.457622051511238e-07,1.2056627070735738e-06,0.0,1.5161837748673634e-06,0.0,0.043082248688275315,0.0,0.0,0.00019295883904199036
2025-12-31,0.0,0.0,0.0,0.0,0.0,0.0,0.0,0.0,0.0,0.0
2026-01-02,0.0,0.0,0.0,0.0,0.0,0.0,0.0,0.0,0.0,0.0
2026-01-05,0.0,1.4182416411492565e-06,2.6301491270854534e-06,0.0,4.79614355503884e-06,1.1999407766892066e-06,0.1515900504837867,0.1515900504837867,-0.05,-1.0044475099962756e-05
2026-01-06,-0.0015054796780372684,7.27712368007871e-07,6.82818035214738e-07,0.0,2.945589845633209e-06,1.0740405410242298e-06,0.1162095371312562,0.2101297270158745,0.029690916123803916,-0.0015109098388271483
2026-01-07,-0.0008439521796654356,2.556829671415141e-06,4.968902590219546e-06,0.0,8.807333754438077e-06,3.2638302256635303e-06,0.3910699415428316,0.5987343999233754,0.05041092201190239,-0.0008635490759071718
2026-01-08,0.005919075526426921,2.182710889870647e-06,5.376489740669992e-06,0.0,5.863639344235129e-06,3.721402341247611e-06,0.30538715402787964,0.575238210890894,-0.049957382438704484,0.005901931284110898
2026-01-09,0.004120691007084742,3.149408424131698e-06,5.5226933723696864e-06,0.0,1.4534235935472617e-05,3.091684838329554e-06,0.47886929467532824,0.5697168067817934,0.050313753942428305,0.004094392984514438
2026-01-12,0.00015297058051137635,4.761825548318626e-06,1.2985552721087098e-05,0.0,1.4718971442955175e-05,5.749781496429543e-06,0.8504008846096843,0.9168649620329018,-0.04909832936726141,0.0001147544493025859
2026-01-13,0.0015993640777446716,7.5219545395734825e-06,1.2061010916603001e-05,0.0,2.309090754063036e-05,4.222696841309707e-06,0.8676611969683148,0.6598127214508913,-0.04960034788913931,0.001552467507906555
2026-01-14,-0.001864726080995557,2.217731855456733e-06,6.706326840733948e-06,0.0,1.2402640956705028e-05,5.1602566461994695e-06,0.5021048353050467,0.8171327070529277,-0.04979040950858293,-0.001891213037294652
2026-01-15,-0.0007550987201241099,3.0264810293574977e-06,4.228029557559676e-06,0.0,9.575993964474066e-06,5.556370138650591e-06,0.30775028536984445,0.8835313906044622,-0.04993879268883711,-0.0007774855948141518
2026-01-16,-0.005198020033392737,5.0361122777736675e-06,1.0134007612946108e-05,0.0,1.240563856584306e-05,2.75475909794906e-06,0.7302965059755409,0.41298412807234214,-0.049815400383099784,-0.005228350550947248
2026-01-20,0.0016142601638874374,3.7800859223889457e-06,4.6742190921555494e-06,0.0,9.570066694532619e-06,2.098986640438891e-06,0.4091555329872302,0.4032002566374005,0.05057050104366684,0.0015941368055379214
2026-01-21,-0.0018967473251885328,3.153866330969911e-06,6.403035674571727e-06,0.0,9.042318182039353e-06,1.6906411781720388e-06,0.48571773886973035,0.3362694064943976,0.05224168856149512,-0.0019170371865542858
2026-01-22,0.002200405371564738,1.726563179629666e-06,4.443642708362873e-06,0.0,7.1106588766365544e-06,2.6856109869750827e-06,0.235565924931047,0.40591535561579384,-0.04526729019602003,0.002184438895813134
2026-01-23,0.007369217512728911,3.3049217679701663e-06,6.77435859580904e-06,0.0,1.0322102205776032e-05,1.9360787169396673e-06,0.48278725972286585,0.27561707711843636,-0.04964414732742771,0.007346880051442416
2026-01-26,0.0027220319392182884,1.8433922200628445e-06,5.846333386946095e-06,0.0,7.703133277561919e-06,2.442677815029502e-06,0.4317936194761906,0.36126167850159496,-0.04910819442336143,0.002704196402518688
2026-01-27,0.004126051682897776,1.7771379408539114e-06,2.9437799364181934e-06,0.0,4.9822761473225575e-06,1.6669728957987768e-06,0.23733668563760024,0.26304645065197424,-0.017004995842220268,0.004114681515977383
2026-01-28,-0.0006225746073783105,3.977269827976891e-06,6.785402542620905e-06,0.0,1.3684597166881496e-05,2.195257406348773e-06,0.5580702728931228,0.4183809338399715,0.049577689573377735,-0.0006492171343221386
2026-01-29,0.0015039956337825852,2.1993126310088642e-06,8.93282871202636e-06,0.0,1.2932692546947149e-05,4.338533557898657e-06,0.5781853480474217,0.6786973450688707,-0.05017629265810375,0.001475592266334704
2026-01-30,0.002570925117838505,2.2564503119851812e-06,8.046151802815027e-06,0.0,1.0345366368241732e-05,5.728473427954894e-06,0.6029697451591862,0.9124827945417984,-0.0499007413546238,0.002544548675927508
2026-02-02,-0.0020100338667262806,2.2291598961380045e-06,4.857011670372544e-06,0.0,6.187432707950884e-06,5.650026991488682e-06,0.3501102271991919,0.9011606996896544,-0.04804383488044428,-0.002028957497992231
2026-02-03,-0.008571627168622644,3.43073938044221e-06,6.964621050519387e-06,0.0,1.6747929668118615e-05,3.667443861718004e-06,0.589520522211877,0.6655213529535597,0.04939078418493498,-0.008602437902583441
2026-02-04,0.003237196287459521,3.7095143494155273e-06,1.2105120138569049e-05,0.0,1.2689738578274093e-05,3.1783300370332953e-06,0.9021377536265132,0.5842455255226491,0.05028607930105547,0.003205513584356229
2026-02-05,-0.005050741688501916,5.845801650801295e-06,1.1755150232315602e-05,0.0,1.252645767902216e-05,4.032080645023835e-06,0.8382478912499909,0.7244076438950572,0.04701809553105288,-0.005084901178709079
2026-02-06,0.0028801682245734607,3.742328171088817e-06,6.955815629410347e-06,0.0,1.0462096521357698e-05,3.4970332948563486e-06,0.507601668417601,0.6404709057990294,0.052969312263163065,0.0028555109509567477
2026-02-09,0.004278601313679902,2.9574145350680546e-06,7.072121802075054e-06,0.0,7.854628776572767e-06,2.550734944218091e-06,0.49453873428330325,0.44057741860795235,0.01205394797931307,0.004258166413621968
2026-02-10,0.0053635960361034605,3.3515231248620043e-06,7.73190015387481e-06,0.0,6.569144745541913e-06,3.3639383667486583e-06,0.5296042295360407,0.5163179706740895,-0.04882367493968523,0.005342579529712433
2026-02-11,-0.0029441600676467436,2.570041103205577e-06,5.845101969998477e-06,0.0,7.370878803831311e-06,2.2359060605202248e-06,0.4742622646481086,0.37135378800348473,-0.004278430163913015,-0.0029621819955842994
2026-02-12,-0.00245109941360731,4.220346163287804e-06,6.091653714155263e-06,0.0,9.428100507967817e-06,3.20307419003551e-06,0.5038444293385509,0.5870535122517528,0.04893704832578716,-0.002474042588182756
2026-02-13,0.007227156258719735,6.742558915010882e-06,1.5630960052816435e-05,0.0,1.493344904189193e-05,5.943820286771727e-06,1.0161849104396765,0.9485955553947152,-0.049966252782935455,0.007183905470423244
2026-02-17,0.003267405937502229,3.3609105432263587e-06,5.866357736006917e-06,0.0,6.758204646811552e-06,3.711014303828027e-06,0.46123850843446146,0.6168876873361564,-0.006562715706952091,0.0032477094502723564
2026-02-18,0.0025229542239342943,4.1020499257962385e-06,6.8598757245562895e-06,0.0,6.9460498309165724e-06,1.442618954541593e-06,0.4727212401363522,0.20451351637456433,-0.03784646798842328,0.002503603629498484
2026-02-19,-0.002892149428179064,2.1191215402084632e-06,2.9461138905335946e-06,0.0,5.278245595658882e-06,5.058088052432372e-07,0.2428661231453249,0.0885471052697118,0.003571225988847942,-0.002902998718010708
2026-02-20,0.0006399647543135664,8.170738323984757e-07,1.4917904520981444e-06,0.0,1.931306276488023e-06,4.0479924914114094e-07,0.08961934987259802,0.04681318851597766,-0.02119308533973402,0.0006353197845034406
2026-02-23,-0.0006804577716746042,1.3815066921843158e-06,2.5120261218410436e-06,0.0,4.011039123246086e-06,9.302033177417114e-07,0.21241969334583505,0.16681041824726145,0.010536260866653949,-0.0006892925469296174
2026-02-24,0.0003570749561108632,5.488551737666019e-07,7.102782367278259e-07,0.0,6.444274935548174e-07,1.132139288164565e-06,0.04211638412903059,0.19394011965119137,0.0037407192395444433,0.0003540392559186494
2026-02-25,-0.0007572721221137022,2.3731635009011293e-06,3.1037710042849305e-06,0.0,5.350349615772204e-06,1.5877337740489405e-06,0.25651525917350687,0.31654726096428176,0.04980798692405981,-0.0007696871400087094
2026-02-26,0.002597949064152684,2.875683481249782e-06,4.52777305939217e-06,0.0,4.819306943224348e-06,4.259664493420853e-07,0.3107447566073765,0.11086428947287136,0.03930192598340104,0.0025853003342194755
2026-02-27,-0.00041086132434839666,8.30813674599969e-07,3.741794137522505e-06,0.0,4.234914611233576e-06,1.264801936374604e-06,0.20863368221094528,0.1622508334262263,-0.05023589188470723,-0.0004209336487081273
2026-03-02,-0.00019715288830990374,6.641327460360528e-07,1.4326720497723916e-06,0.0,1.9556855440105805e-06,1.2708041867992344e-06,0.10619550697521359,0.1646388908361035,-0.04885621254616785,-0.000202476182836522
2026-03-03,-0.000151689327457211,3.933074719802656e-06,3.573969439928134e-06,0.0,9.032326519432627e-06,2.3294915640735582e-06,0.34086109712319423,0.44224081690337136,0.05088623413901365,-0.00017055818970044797
2026-03-04,0.0017938768666657123,2.8602578432135497e-06,4.915233659921988e-06,0.0,6.418256363444059e-06,2.5634328236045656e-06,0.3447085977430463,0.4825714613468304,0.05191474698126336,0.001777119685975528
2026-03-05,-0.0049584754288730095,4.470322193641376e-06,6.796781907792764e-06,0.0,1.267662964079553e-05,2.501245205718141e-06,0.40888791807722835,0.37021058947449537,-0.04999860508615237,-0.004984920407820957
2026-03-06,-0.001157825924860887,3.163064995083191e-06,6.081352141852464e-06,0.0,7.98241711623122e-06,2.7176923497504563e-06,0.4283275071136092,0.4079976376030151,-0.04857467715506146,-0.0011777704514638044
2026-03-09,0.00416015438597557,3.0016843989996487e-06,4.721680171818912e-06,0.0,7.779772336219096e-06,1.7001955114691336e-06,0.3429911244264279,0.25102145076689375,-0.034611395159920635,0.004142951053557063
2026-03-10,0.002394910936186148,1.7839636503450766e-06,2.9099686254976493e-06,0.0,2.989729856455776e-06,1.4528172089871657e-06,0.22408780116673033,0.23113873108553765,-0.01293456002430611,0.002385774456844862
2026-03-11,-0.0006137696135405416,2.2836833419369924e-06,4.4929092971069734e-06,0.0,6.324286379070267e-06,1.6269123223336455e-06,0.29998221757243515,0.22322924590446755,-0.050092024247584924,-0.0006284974048809895
2026-03-12,-0.0017914626369181588,1.2255619032086167e-06,1.98847624565232e-06,0.0,2.067800785073153e-06,1.0587972182605181e-06,0.1849669200007563,0.17748561735596713,-0.0003923153117998922,-0.0017978032730703534
2026-03-13,0.0008127779558526602,1.3173926649714629e-06,2.028926021754197e-06,0.0,3.6068068920395763e-06,1.5320634000724106e-06,0.10628111802724423,0.20803841320398672,-0.04934823800817827,0.0008042927668738227
2026-03-16,0.0007921200502952012,1.332157161908965e-07,3.764085724442221e-07,0.0,2.666187197217254e-07,1.3728924254160947e-06,0.028686855101632616,0.18217957187530345,-0.04846635559460044,0.0007899709148614282
2026-03-17,-0.0009348746265574541,2.662006383530198e-06,2.7898633205842093e-06,0.0,4.442723304476383e-06,3.997931870131638e-07,0.22749871019121837,0.06253131258942357,-0.00463394282878794,-0.000945169012753058
2026-03-18,0.0003263507002819442,3.353725695340838e-07,1.6643691038023117e-06,0.0,1.7993220781147127e-06,5.130340411837572e-07,0.09260945060961474,0.0430948594594356,-0.0430948594594356,0.00032203860248930933
2026-03-19,0.00018444268674196827,5.783692245237031e-07,7.608348255929148e-07,0.0,3.1778976693989695e-06,5.137553740821795e-07,0.09127530265440018,0.09074602682130009,0.004435123975493917,0.0001794118296483705
2026-03-20,0.0005832183856680267,1.3057532926746414e-06,1.8785242691421645e-06,0.0,3.6773956153241417e-06,7.844170142987477e-07,0.169791463343485,0.1817820584021896,0.05,0.0005755722954765871
2026-03-23,-0.00010194281174889131,2.450929470323207e-06,6.048379304901119e-06,0.0,6.071065495314732e-06,1.7682666119399747e-06,0.4533699574884919,0.3472200803111047,0.050151289505188934,-0.00011828145263137035
2026-03-24,0.0003671643102711926,8.636536565979968e-07,2.228045010255673e-06,0.0,2.138965190262096e-06,1.005253578735836e-06,0.16327997001635342,0.21929482548141954,0.050412224253799084,0.00036092839283534097
2026-03-25,0.0011278126437409158,5.10499677468226e-07,1.736199457831874e-06,0.0,1.3317104205050228e-06,1.0132181202909427e-06,0.09646304881123886,0.18304845161362499,0.012827807404746636,0.0011232210160648198
2026-03-26,0.0007285865252377332,2.9409490763202276e-07,1.5505435279756452e-06,0.0,7.870067629887375e-07,1.0275428246864326e-06,0.06375957850531602,0.12245793529275498,-0.050169259254565696,0.0007249273372144504
2026-03-27,0.0007849389706706825,2.0796630184827284e-06,1.6156474642600163e-06,0.0,4.601129395964531e-06,1.1956163358921556e-06,0.14759834402059002,0.19041769254555538,-0.010445851884326778,0.0007754469144560831
2026-03-30,0.002303014221809795,2.101131840387772e-06,2.3625400216029973e-06,0.0,3.9150133142195836e-06,4.595681920997846e-07,0.16610564485460716,0.08401742216311726,0.006809965890353462,0.002294175968441485
2026-03-31,0.0012071437213757815,4.11793317190069e-07,1.2794494308918877e-06,0.0,5.065708882680055e-07,9.90970962003217e-07,0.050822190078741745,0.12367804114952793,-0.0428050804670125,0.0012039549367774283
2026-04-01,0.00032610355125267464,4.38061318519496e-07,1.048637887037869e-06,0.0,1.4778998369178878e-06,5.99147023376355e-07,0.14023203367917544,0.13542140139988199,0.034764701472654355,0.00032253980518682303
2026-04-02,9.12224338163904e-05,4.5281580763591256e-07,1.8856069439846825e-06,0.0,1.1212017041130916e-06,9.380732022264599e-07,0.09481060803881534,0.1335906169397189,-0.024005681034326376,8.682473615843026e-05
2026-04-06,-0.00014402821337813673,2.8284873172994983e-07,1.4563223689838904e-06,0.0,9.532103067385937e-07,2.709767055615583e-07,0.11137023544980869,0.0227620432671709,-0.0227620432671709,-0.00014699157149115072
2026-04-07,0.00017862226675609692,5.603515748165409e-07,1.0989844858084255e-06,0.0,2.1024625601810058e-06,3.899282021271073e-07,0.13809135895776883,0.11550793795735403,0.05,0.00017447053993316383
2026-04-08,0.001560833802378404,4.866251440980485e-07,2.7621580696916696e-06,0.0,1.3864503430556922e-06,5.952380952380953e-07,0.12540310024183993,0.05,-0.05,0.0015556033307263205
2026-04-09,2.040485455800066e-05,1.2710185315992053e-07,4.178244228281978e-07,0.0,1.2772519729398043e-07,5.919171721705449e-07,0.032239506768737165,0.04972104246232578,-0.04972104246232578,1.9140285912548014e-05
2026-04-10,0.00026345316932931313,4.3375557736560614e-07,2.5858973216179083e-07,0.0,1.0529379150935352e-06,0.0,0.09945758929299647,0.05,0.05,0.0002617078861046922
2026-04-13,0.0009238332954921403,1.0190919159205284e-06,3.7119230770186162e-06,0.0,3.959341410586508e-06,1.4464754076071794e-06,0.1895756196357148,0.1930078684780061,-0.05000000000000002,0.0009136964636810074
2026-04-14,-4.9263400054094465e-05,2.1785527269693454e-06,1.7245622245377428e-06,0.0,4.445725265373493e-06,1.5986670944539858e-07,0.2114625659018155,0.07685760718682697,0.05000000000000001,-5.777210698042044e-05
2026-04-15,0.0006362638580225105,4.820953222230526e-07,2.8584843560890586e-06,0.0,1.5795879487529848e-06,8.755741585940175e-07,0.16331528108381765,0.13297822371940993,-0.014118234924385013,0.0006304681162368514
2026-04-16,-6.754553280415068e-05,5.49835524692345e-08,3.901344184493264e-07,0.0,3.4287251806084346e-07,1.0710336805011439e-06,0.016238455928230623,0.14950942193877237,-0.030424236385419787,-6.940455697363124e-05
2026-04-17,-0.0007984955628728673,1.4507419107060997e-06,1.962392965150754e-06,0.0,3.614270271077146e-06,2.9386526830785165e-07,0.19676082155051494,0.09948964634897647,0.050120281273257405,-0.0008058168332881092
2026-04-20,-0.0006324803285053596,1.1332801525399836e-07,2.5204006426789444e-07,0.0,5.939183218513329e-08,1.9764974360570891e-07,0.01693017202071752,0.08189167005062845,0.04868651312486935,-0.0006331027381606723
2026-04-21,-0.0013791721590848474,2.2533858288233122e-07,2.094963444100863e-06,0.0,1.7095560442550352e-06,9.024488508840821e-07,0.08793263640186613,0.11098611151244415,-0.04062529543608163,-0.0013841044660069697
2026-04-22,-0.0012232319761424427,1.4783338181466322e-07,8.144424022830189e-07,0.0,8.013444510981342e-07,7.627632348999546e-07,0.06094839786492195,0.08548876948923284,-0.04265545397395952,-0.0012257583596125385
2026-04-23,0.0007053004027575298,3.553700448075791e-07,1.468657831237795e-06,0.0,2.057009712626179e-06,8.238184565456923e-07,0.1017862020711626,0.08849592416027012,-0.049905576539406214,0.0007005955467123125
2026-04-24,0.00036413317807654,4.1577952238001275e-07,1.4261903815224907e-06,0.0,2.628065083972861e-06,1.2105967424273962e-06,0.1039140348411661,0.15346852551619747,-0.04991172721160511,0.00035845254634623723
2026-04-27,-0.0004284188821694386,7.447603174519466e-07,1.407709675942354e-06,0.0,4.189027031333029e-06,8.204725037983778e-08,0.15693195842651553,0.025693408195649726,0.011909470131836977,-0.00043484242644454575
2026-04-28,-0.00026635952479819744,1.1490553977542284e-06,2.8099679160823742e-06,0.0,3.892593544627212e-06,1.0613431221087095e-06,0.17926717044979035,0.16222752245586977,-0.01607812205839343,-0.00027527248477877
2026-04-29,-0.0021012035574239415,9.325033321598119e-07,2.283891000379719e-06,0.0,2.693176916847183e-06,1.7907138821594254e-06,0.13801582348542696,0.2508399322027834,-0.04999999999999999,-0.0021089038425554877
2026-04-30,0.0002839504367655314,1.2980092105287619e-06,3.0473144991838864e-06,0.0,4.6177823631344755e-06,1.3558020455805461e-06,0.22746645915486016,0.17777474365753176,-0.05000000000000002,0.0002736315286471037
2026-05-01,-0.0005507522661302494,1.3076629012777002e-06,4.7492364435675124e-06,0.0,4.609686721119268e-06,2.7666623630345836e-06,0.36334064933117827,0.41498049355448635,-0.04981878343532377,-0.0005641855145592484
2026-05-04,-0.0008385212440121258,1.8831792891317665e-06,4.935906726333057e-06,0.0,6.7455143413371524e-06,1.0581040008263105e-06,0.36151689484754407,0.12793353751626996,-0.04982793462255026,-0.000853143948369754
2026-05-05,-3.328514872465153e-05,7.709130243277026e-07,1.8335778629578512e-06,0.0,3.6916339502941293e-06,8.461655983681443e-07,0.15699097762005,0.11503209144012048,-0.027123729085727768,-4.0427439160599356e-05
2026-05-06,-0.00033333796800168506,9.899534218504496e-07,2.5023080037085275e-06,0.0,4.584246312078363e-06,1.1152734318002888e-06,0.1663771438948005,0.1380466285500821,-0.04931930799236642,-0.0003425297491711227
2026-05-07,0.002094119293391426,2.909842704454957e-07,1.2530023249776787e-06,0.0,3.1797657808792464e-06,1.155459862110908e-06,0.0911195663513191,0.14445803621767064,-0.04965922061696195,0.0020882400811530126
2026-05-08,-0.004822638040058423,9.587271799935009e-07,1.3165738311243922e-06,0.0,4.452898341600959e-06,8.547635042779866e-07,0.16933642907567142,0.17834881459598548,0.03474854587728371,-0.0048302210029154205
2026-05-11,-0.0018151030448044943,8.7156411407178e-07,3.834122680291587e-06,0.0,5.797018446611579e-06,1.7534223271009162e-06,0.2180474208798323,0.24453788160003648,-0.05003706935291745,-0.0018273591723725702
2026-05-12,0.004478151796912681,8.794876710021627e-07,2.515375410340428e-06,0.0,4.691028052661458e-06,1.6828520546841931e-06,0.18126035224362835,0.23240400784015514,-0.050315137346789295,0.004468383053723993
2026-05-13,-0.0009236857565878236,1.2999035214084285e-06,2.406064881949371e-06,0.0,5.487029326620386e-06,1.4929300488252082e-06,0.178748658042494,0.19965807016345377,-0.05115417803918123,-0.000934371684366627
2026-05-14,-0.0019244606760311061,1.340144582146768e-06,2.984075173071674e-06,0.0,7.529271489043418e-06,1.487186817888343e-06,0.2987661041664814,0.28903973460978954,0.039192349204547956,-0.0019378013540932563
2026-05-15,-0.0001743811764859851,2.6385276979970423e-06,5.328590814502868e-06,0.0,8.290910938954912e-06,2.439346607498627e-06,0.3856131066129599,0.46177210893021536,0.05196187887044601,-0.00019307855254493855
2026-05-18,0.00031864005759348724,2.871959803049014e-06,4.7025615906513195e-06,0.0,1.0853832741456188e-05,1.7477590541757658e-06,0.3291530595975534,0.34383122045278147,0.050207699351252785,0.00029846394440415493
2026-05-19,-0.0023034375334928295,1.9145822364033916e-06,4.588518674745358e-06,0.0,7.444974142206269e-06,1.6109386299062807e-06,0.29893670176449183,0.26851184930024136,-0.0021258405240137807,-0.0023189965471760907
2026-05-20,0.0027903291923583548,2.17684083523917e-06,5.055903193975292e-06,0.0,8.426647235427256e-06,1.5207508239562618e-06,0.33761591992373413,0.2059226215295395,-0.04956351689511245,0.0027731490502697566
2026-05-21,6.399346867987854e-05,8.156523677782943e-07,2.220722062878785e-06,0.0,3.5948920048293985e-06,1.7716648971619942e-06,0.16384293352869794,0.24817715605108692,-0.04946254667212807,5.559053734723007e-05
2026-05-22,0.00042113948749631264,4.4861152164681686e-07,7.223229161712348e-07,0.0,1.3476572892833708e-06,1.1896163513854831e-06,0.07836869629784597,0.18003679735132694,-0.019818749681434204,0.00041743127941782575
2026-05-26,0.00022345428045268087,4.989934235344071e-07,2.3183876589425995e-06,0.0,5.208671195751046e-06,7.021022407562665e-07,0.20593549181715604,0.13682169406951153,0.018868517622458766,0.00021472612593369657
2026-05-27,-0.00103744155598687,2.749530111294182e-07,9.115770927154709e-07,0.0,2.2410928115036656e-06,6.545201723575637e-07,0.0947666575139462,0.1599593889560707,0.05,-0.0010415236990745761
2026-05-28,-0.0011460676344420165,1.0691925799427129e-06,2.5896588466953424e-06,0.0,3.5672928555937614e-06,1.4148659301732952e-06,0.1630332720841835,0.2525226446554012,0.01482516838628762,-0.0011547086446544216
2026-05-29,-0.002982249913272023,1.938525579839392e-06,7.780782047771082e-06,0.0,7.327802095356417e-06,4.477762558982849e-06,0.5426139448680256,0.7020152611786012,-0.050248848730517603,-0.0030037747855539724
2026-06-01,-0.001518269561654072,1.7826556706840744e-06,4.780531791351012e-06,0.0,1.1283430968126532e-05,4.1895280789180345e-06,0.44044129127264253,0.7517073597593114,0.047866642501081635,-0.0015403057081631517
2026-06-02,0.0054495018709234105,1.3224464625786787e-06,3.5424271471612082e-06,0.0,4.500710316284913e-06,4.326205656005662e-06,0.2049859082720117,0.7127074243294667,-0.01409512587948436,0.00543581008134138
2026-06-03,0.008688423092828272,2.1152635744037417e-06,5.070924864300924e-06,0.0,1.1921232160142915e-05,3.889665531507896e-06,0.41454525398194936,0.6973288745879352,0.04386506529460879,0.008665426006697917
2026-06-04,-0.0015494685966224372,3.836192976635518e-06,9.652133093838085e-06,0.0,1.5165036932464124e-05,1.5689096460638421e-06,0.6956340584125787,0.3126735650043787,0.04909674446565329,-0.0015796908692714388
2026-06-05,-0.010064585361668647,4.162522796813097e-06,7.571947001405561e-06,0.0,1.1384742269204609e-05,3.6535236940626013e-06,0.5194250403922133,0.6506996983907295,0.03690771778821264,-0.010091358097430133
2026-06-08,0.008577520752171988,3.6099149235215686e-06,5.466264962531936e-06,0.0,9.110577745882339e-06,2.497143906663385e-06,0.4068458699345392,0.4530533656864515,0.033533189367002766,0.008556836850633388
2026-06-09,-0.001503248515635162,3.778564439628458e-06,7.117915316855256e-06,0.0,1.2473739298291903e-05,3.498382895672128e-06,0.44870856233859835,0.5378967676037264,-0.049831558869191106,-0.0015301171175856098
2026-06-10,-0.0006544565414858162,1.8295565607757214e-06,6.5427454767398226e-06,0.0,9.738082717908075e-06,1.8041420967736209e-06,0.5028614171696133,0.2546414208631079,-0.048454451394860286,-0.0006743710683380135
2026-06-11,-0.005957235639992043,1.692001177731225e-06,4.203740292295054e-06,0.0,1.0877016290622354e-05,1.8775103088462788e-06,0.36190377424756626,0.32487547032407876,0.009453738437903994,-0.005975885908061538
2026-06-12,0.0012187960624541604,1.2487118964319457e-06,3.0323133315884875e-06,0.0,3.912688359830345e-06,1.9231803698775675e-06,0.17236234604650763,0.27561036713934683,-0.04748393500008452,0.0012086791684964321
2026-06-15,-8.115316174325749e-05,1.1668104851507674e-06,3.758367568266524e-06,0.0,9.015233841952418e-06,2.832071146860548e-06,0.2810686384489372,0.4257571734469271,-0.05003077922564492,-9.792564478548775e-05
2026-06-16,0.0007202846203001131,1.40801678762194e-06,4.082143031681208e-06,0.0,5.056376748010136e-06,4.4760630138699564e-07,0.3716382963108651,0.11386117812590248,0.038663319492887226,0.0007092904774314128
2026-06-17,0.00043220598289500807,2.886620671545538e-06,5.379495281346545e-06,0.0,1.2456514940885977e-05,2.2632355227364656e-06,0.30265844064400954,0.33047678198022923,-0.049746785839496974,0.00040922011647849353
2026-06-18,0.0012648685390148282,4.200573441051138e-06,3.7350839795714597e-06,0.0,1.235862268568501e-05,1.7269877633939132e-06,0.3313216561319607,0.31354168576524344,0.023407741515066097,0.0012428472711451266
2026-06-22,0.0003000380778419939,2.4874996746363002e-06,5.672203253753148e-06,0.0,1.1079036547356414e-05,3.491508484722029e-06,0.3523703932511746,0.5391072572070188,-0.04746616822628205,0.000277307829881526
2026-06-23,0.003303430289715151,3.0891160697698474e-06,4.5462447976542715e-06,0.0,1.2802144141076591e-05,3.1135094755626273e-06,0.3073273146769156,0.4773313099827502,-0.045738281911771095,0.003279879275231088
2026-06-24,-0.0006072059487900028,1.8843809957610097e-06,2.7499221879185486e-06,0.0,9.598816321649441e-06,2.354250536473558e-06,0.27911826250623595,0.4453047649706457,0.04979067484308808,-0.0006237933188318053
2026-06-25,-0.0035087085027103223,3.4119763722725404e-06,6.960211196975013e-06,0.0,1.6244960915248964e-05,2.159865709135278e-06,0.4550253305984999,0.3420227717295384,-0.0208346674051883,-0.003537485516903954
2026-06-26,-0.0021331363971173333,3.524295913288396e-06,8.201047457747296e-06,0.0,1.677068249817554e-05,4.576427583038009e-06,0.5644789339223345,0.7174818954313364,-0.051357938519049184,-0.0021662088505695824
2026-06-29,0.0012422248488987574,3.6891606671665033e-06,8.742104009700734e-06,0.0,1.4275018577523302e-05,3.667018717550708e-06,0.655427160728105,0.5648230627862176,-0.05123608176230144,0.0012118515469268162
2026-06-30,0.003427744004967584,2.7744223840586676e-06,4.325971749003654e-06,0.0,9.338981186411058e-06,2.719651426274973e-06,0.30404723857570737,0.4068820227581078,-0.05001941685608776,0.0034085849782218357
2026-07-01,-8.535458604017489e-06,2.448579371420722e-06,5.7225712658694915e-06,0.0,1.2979244331311677e-05,3.5779181436672218e-06,0.42893288136780566,0.5494177335504242,-0.05167251458566885,-3.32637717162866e-05
2026-07-02,-0.001456221468458897,1.3212986795360498e-06,4.4935618170964545e-06,0.0,4.0175718171613395e-06,3.3913476204351204e-06,0.3339229041882511,0.5194060730507697,-0.05034032718233046,-0.001469445248393126
2026-07-06,0.0013226737989289717,2.1945760564036032e-06,4.8589206702672575e-06,0.0,1.065998720465358e-05,2.771420719210884e-06,0.3585720637951197,0.41788716594129627,-0.04771151488613219,0.0013021888942784364
2026-07-07,-0.0026080026176799795,2.1567950619597485e-06,2.493679418312158e-06,0.0,1.1214018514294264e-05,1.984002169000415e-06,0.263625112112503,0.38467737008066344,0.051365005688593736,-0.002625851112843546
2026-07-08,0.000564826231474923,3.2050639466228677e-06,4.800674469088049e-06,0.0,1.3426599912536284e-05,8.742970783508937e-07,0.34623957497145347,0.198625669903866,0.05174376074091584,0.0005425195960683249
2026-07-09,0.0004495199348021941,1.267637248856754e-06,2.917670794100722e-06,0.0,7.950559134191316e-06,4.31329063453809e-07,0.20893119857907216,0.12276248847370633,0.05029920581346642,0.0004369527385615915
2026-07-10,0.0005046304659929053,1.0447028000834934e-06,1.6091073002011961e-06,0.0,3.5035198782451156e-06,6.00738586654261e-07,0.09789697614083986,0.12852448012669945,0.027600397568783627,0.0004978723974277213
2026-07-13,-0.0008601897882958301,1.242272376702266e-06,2.6644034294629652e-06,0.0,4.9832841707280834e-06,5.952380952380953e-07,0.12435509168527042,0.05,-0.05,-0.0008696749863679616
2026-07-14,0.00046388051921739343,3.0828820725659304e-07,1.1156094616495198e-06,0.0,2.512680533264937e-06,1.0392370006362256e-06,0.08727505568420862,0.12795094179527822,-0.04664087431160774,0.00045890470401458615
2026-07-15,-0.0007180261906853588,6.349173023161728e-07,1.6301083700835974e-06,0.0,3.533897216065184e-06,4.788999419672162e-07,0.15254752609654454,0.0720803355658334,-0.008374854684658928,-0.000724304013515791
2026-07-16,-0.0005972877039206997,3.862720296857643e-07,8.895473616072003e-07,0.0,1.3941802396456307e-06,0.0,0.07250778158482728,0.0,0.0,-0.0005999577035516383
2026-07-17,0.0,1.52595816356958e-07,6.599039624029464e-07,0.0,1.1023874578314066e-06,2.5524882026305706e-07,0.07559848934769431,0.07559848934769431,0.032716687543500725,-2.1701360568543684e-06
2026-07-20,0.00014919326864592736,1.246576015074486e-07,4.505090276854179e-08,0.0,2.868267392198489e-07,1.914341859228041e-07,0.017327270295592993,0.08235409434277073,0.05019315110773964,0.0001485452992165087
2026-07-21,0.0019914833829420783,8.967032614821715e-08,6.510499139445906e-07,0.0,4.96704198766987e-07,3.7885795271425484e-07,0.03248632247703067,0.09528185967059283,0.03163372361459802,0.0019898671005505043
2026-07-22,-0.0006321222853993351,3.96860872697808e-07,2.0768441101549794e-06,0.0,1.308377479367122e-06,2.3350868995353555e-07,0.11563109699740631,0.019614729956096987,-0.019614729956096987,-0.0006361378765515085
2026-07-23,3.4317072690689145e-05,2.2631113368751168e-07,6.747257376768226e-07,0.0,8.178331546637701e-07,2.555546673633789e-07,0.08482714028117029,0.06524672739776399,0.02231354328071634,3.234264799729766e-05
2026-07-24,-0.00012704969908303791,3.0486409323243083e-07,7.208951943030639e-07,0.0,6.333382042117547e-07,5.455466613918032e-07,0.055398449897919144,0.11628646916771933,0.024634630053896406,-0.00012925434323617695
2026-07-27,0.0005794118274952295,3.5515558738761624e-07,9.87860987282409e-07,0.0,1.7507205893114543e-06,9.214540233348867e-07,0.06769112697082737,0.17330791719953545,0.018503641279274424,0.0005753966363079132
2026-07-28,0.0010104141056289592,1.5211595605600717e-06,4.625742513155084e-06,0.0,5.473543927093614e-06,1.2124389265065458e-06,0.2832431932862308,0.15408437972656805,-0.04960535992653164,0.0009975812207016438
2026-07-29,-0.0014392528666098388,1.0993058398986013e-06,3.4695574363829863e-06,0.0,7.79257846304304e-06,2.4988057664673255e-06,0.3381433814437669,0.4691277247246186,0.04932835595810775,-0.0014541131141156307
2026-07-30,0.02811959811151277,1.9898305138316458e-06,6.038852500522157e-06,0.0,8.114368367100648e-06,4.448828383434915e-06,0.3541293629790454,0.7006626683731125,-0.04674050004395332,0.02809900623174788
2026-07-31,0.0033223105820871157,2.4205237878886e-06,5.757257265973167e-06,0.0,1.2429725554580738e-05,2.49421853624329e-06,0.5070191303567756,0.46986528046905757,0.050836566380184633,0.00329920885694243
2026-08-03,0.0013083180561556111,1.7852923461906977e-06,5.686402237964809e-06,0.0,7.683963064013199e-06,5.825237537239189e-07,0.39451562282550506,0.12280241845271896,0.02493842782710058,0.0012925798747537185
2026-08-04,0.0027671736134696518,7.11487283291156e-07,2.2677146136167237e-06,0.0,5.5632595655747715e-06,3.7223635351645744e-07,0.14374995173319927,0.05779660459887015,-0.0047391027918947115,0.0027582589156536527
2026-08-05,-0.00010547486171766165,7.056763320397641e-07,9.68291412332999e-07,0.0,2.8316137779147406e-06,2.7214686250588197e-07,0.1007056909228842,0.0806449708165872,0.03492429791559901,-0.00011025259010245503
2026-08-06,0.0002071584106615235,9.260598533489164e-07,3.1427193125994653e-06,0.0,2.783124761199379e-06,1.2403753346034319e-06,0.16631216260498838,0.15848840383545007,-0.04989465237792652,0.0001990661313997723
2026-08-07,-0.0006315255878814713,9.307947556009105e-07,1.3551773849446042e-06,0.0,3.235069854640573e-06,3.458426433394771e-07,0.1808655175911325,0.10815745197334935,0.050055887892317213,-0.000637392472519997
2026-08-10,0.0013821610121613757,1.1714662082249435e-06,1.950193595318892e-06,0.0,2.498369291224051e-06,5.251259777409771e-07,0.1258100003286658,0.13278266160583957,0.04456149734535545,0.0013760158570888669
2026-08-11,-0.0005962744344395447,4.5121482603410473e-07,1.7236001075797836e-06,0.0,1.1536657263099965e-06,2.502939548814317e-07,0.10904013068243881,0.059094862678660945,0.017045478258580417,-0.00059985320905435
2026-08-12,-0.00016628383862551412,6.567275559703533e-07,1.0032415812024086e-06,0.0,1.2928762496744638e-06,1.4812188938741945e-07,0.0702246708502191,0.03379658136652379,0.008912103949437315,-0.00016938480590174875
2026-08-13,-9.326829421182007e-05,3.844064383406215e-08,1.5858586629147677e-07,0.0,2.773501420228146e-07,9.677155006400576e-08,0.01658685794633873,0.030824900405148542,0.014567279994395579,-9.383944241403243e-05
2026-08-14,-4.837412204459811e-05,1.1045150265636629e-07,2.9006874887295704e-07,0.0,5.991637432863048e-07,2.4737843772854658e-08,0.031099839467219885,0.03001189918527359,0.025855941431434007,-4.939854388318659e-05
2026-08-17,-0.000570579648833114,1.7686001181188979e-07,9.180808237700811e-07,0.0,7.091056745953023e-07,1.4796326074229902e-07,0.037714275684954016,0.012428913902353117,-0.012428913902353117,-0.0005725316586040335
2026-08-18,0.00027262946642974485,6.608443296147508e-08,1.3489520562289918e-07,0.0,6.139374671778382e-07,2.4506761672911414e-08,0.05188277139342276,0.0438436229185485,0.03972648695749939,0.00027179004256230974
2026-08-19,-0.0002041715030280014,8.087414618947288e-10,3.4834451200980505e-09,0.0,2.0628116859902524e-09,2.3648908945724835e-08,0.00044299282982211176,0.04371470233690003,0.03974168563401825,-0.0002042015069352151
2026-08-20,-0.00044219519387694314,1.6770149717912915e-07,8.634256718117581e-07,0.0,1.0648420441203985e-06,0.0,0.05571647138923601,0.026406690942704446,0.026406690942704446,-0.0004442911630900544
2026-08-21,0.00013954795776885753,2.3192504099505912e-07,1.2309217895996831e-06,0.0,8.525514093792795e-07,5.183275919362022e-07,0.05666746170038718,0.06911311580274414,-0.017965919642537853,0.00013671423193694732
2026-08-24,0.0008359300994643237,7.288754869565424e-07,7.202773740284911e-07,0.0,1.4604526548990772e-06,7.532452683173732e-07,0.04666489386809462,0.10024055971060261,-0.026304645366716076,0.0008322672486801222
2026-08-25,-0.0006795159463253939,1.9985827908945577e-06,2.5949179779585967e-06,0.0,4.062235193577902e-06,1.1041509544713411e-06,0.18269379628094756,0.16171371585160907,-0.023783644499576238,-0.0006892758332422963
2026-08-26,0.0007635041285006144,9.275230013732714e-07,1.6746830813954163e-06,0.0,2.472921100995444e-06,2.0130400576793056e-07,0.14892005838394134,0.04544624290115019,0.011627169932137856,0.0007582276973110823
2026-08-27,-0.00024795652063075836,2.393471322713109e-07,2.7369489604091506e-07,0.0,5.88353677776893e-07,2.2122435805405116e-07,0.03403304900318836,0.06620340380574666,0.02903771165266606,-0.0002492791406949015
2026-08-28,0.0007909038521717756,6.946284378979077e-07,1.3826153204811382e-06,0.0,1.3162764255984236e-06,2.0180781656628943e-07,0.0701050089578549,0.02992780958570556,-0.003975903597431066,0.0007873085241712318
2026-08-31,1.0628958452170076e-05,7.449386683050716e-08,1.7675717558972522e-07,0.0,1.3950139012474753e-07,2.8258755866426677e-07,0.006836176532318497,0.03667325868429944,-0.010801451171297393,9.95561846096083e-06
