date,gross_ret,commission,fees,spread,impact,borrow,turnover,gross_exposure,net_exposure,net_ret
2023-01-03,0.0,0.0,0.0,0.0,0.0,0.0,0.0,0.0,0.0,0.0
2023-01-04,0.0,0.0,0.0,0.0,0.0,0.0,0.0,0.0,0.0,0.0
2023-01-05,0.0,0.0,0.0,0.0,0.0,0.0,0.0,0.0,0.0,0.0
2023-01-06,0.0,0.0,0.0,0.0,0.0,0.0,0.0,0.0,0.0,0.0
2023-01-09,0.0,0.0,0.0,0.0,0.0,0.0,0.0,0.0,0.0,0.0
2023-01-10,0.0,0.0,0.0,0.0,0.0,0.0,0.0,0.0,0.0,0.0
2023-01-11,0.0,0.0,0.0,0.0,0.0,0.0,0.0,0.0,0.0,0.0
2023-01-12,0.0,0.0,0.0,0.0,0.0,0.0,0.0,0.0,0.0,0.0
2023-01-13,0.0,0.0,0.0,0.0,0.0,0.0,0.0,0.0,0.0,0.0
2023-01-17,0.0,0.0,0.0,0.0,0.0,0.0,0.0,0.0,0.0,0.0
2023-01-18,0.0,0.0,0.0,0.0,0.0,0.0,0.0,0.0,0.0,0.0
2023-01-19,0.0,0.0,0.0,0.0,0.0,0.0,0.0,0.0,0.0,0.0
2023-01-20,0.0,0.0,0.0,0.0,0.0,0.0,0.0,0.0,0.0,0.0
2023-01-23,0.0,0.0,0.0,0.0,0.0,0.0,0.0,0.0,0.0,0.0
2023-01-24,0.0,0.0,0.0,0.0,0.0,0.0,0.0,0.0,0.0,0.0
2023-01-25,0.0,0.0,0.0,0.0,0.0,0.0,0.0,0.0,0.0,0.0
2023-01-26,0.0,0.0,0.0,0.0,0.0,0.0,0.0,0.0,0.0,0.0
2023-01-27,0.0,0.0,0.0,0.0,0.0,0.0,0.0,0.0,0.0,0.0
2023-01-30,0.0,0.0,0.0,0.0,0.0,0.0,0.0,0.0,0.0,0.0
2023-01-31,0.0,0.0,0.0,0.0,0.0,0.0,0.0,0.0,0.0,0.0
2023-02-01,0.0,2.5145629386989547e-06,2.476440321110272e-06,0.0,8.817353263843466e-07,1.0622671589524577e-06,0.22846088270401282,0.22846088270401282,0.04999999999999992,-6.935005745146031e-06
2023-02-02,-0.0011466623828461726,2.193695652233851e-06,2.9758877394543348e-06,0.0,5.927505952197559e-07,1.9548624039456697e-06,0.12700147448126164,0.2779829745871441,-0.050433909275728314,-0.0011543795792370263
2023-02-03,0.000950778043550702,1.2819259934408348e-06,1.379315044084113e-06,0.0,3.2333544981355184e-07,1.5558015182896255e-06,0.09719453950401799,0.2108102331223204,-0.05056442195033673,0.0009462376655450739
2023-02-06,0.0009693252252110901,1.4349126167809979e-06,1.5809973714850982e-06,0.0,4.3104779821742144e-07,1.0936185203890882e-06,0.10903596628692198,0.133955696541069,-0.0497722148842979,0.0009647846489042175
2023-02-07,-0.0007046531695017749,1.6134052757918683e-06,1.5406892341266071e-06,0.0,5.106156165282174e-07,9.764452889350016e-07,0.10883535149695378,0.1142489214611816,-0.04979388707989871,-0.0007092943249171566
2023-02-08,0.000881793521250373,1.160192350943578e-06,6.049445559247452e-07,0.0,2.5446377938048007e-07,5.63566687795644e-07,0.09400704165491275,0.10834244406752593,0.013663240517857741,0.0008792103538763286
2023-02-09,-0.00023576117181992577,1.437117339227756e-06,8.307153875055852e-07,0.0,3.0430399610502656e-07,5.330358175243653e-07,0.06449644742423742,0.11628428040202356,0.026734263057930197,-0.0002388663443602885
2023-02-10,0.00029563800364028965,1.1230441356476473e-06,1.0650803393274614e-06,0.0,3.2601239678696947e-07,7.196525120147088e-07,0.08037366394578446,0.15235382619179588,0.03145220417332485,0.0002924042142565129
2023-02-13,0.0004818295995667155,1.8594745464696666e-06,3.362788573621312e-06,0.0,6.170897136043767e-07,1.1017430817132274e-06,0.18287092150173462,0.13512675023915738,-0.04996608748866484,0.0004748885036513069
2023-02-14,0.0005193831513836456,2.5691058502186174e-06,3.0747723452317454e-06,0.0,1.0017854248845404e-06,1.763465061990394e-06,0.26251487236285365,0.2861435057066737,-0.01011862470771252,0.0005109740227013203
2023-02-15,0.00013003086228033755,1.6264960252816394e-06,2.125720301454553e-06,0.0,5.210556972798306e-07,1.8182301519978495e-06,0.11560557078736457,0.25571262051185406,-0.04975004502378471,0.0001239393601043237
2023-02-16,0.00109793445527065,2.2505249532723385e-06,2.0679575466762024e-06,0.0,7.395883430623068e-07,2.16429376958268e-06,0.15046415166854266,0.3136425913761879,-0.049958761913702174,0.0010907120906580566
2023-02-17,0.0005134126543041378,2.6069843034161046e-06,3.191847248899583e-06,0.0,8.188516521400074e-07,1.3705509626950105e-06,0.22360297378992505,0.18066098069950598,-0.049591581033255915,0.000505424420136987
2023-02-21,0.0012955520052171342,1.5336752582611482e-06,7.137194986120411e-07,0.0,3.480151288729253e-07,5.036179966420706e-07,0.13094587818192868,0.13495865174105331,0.050350828305185474,0.001292452977334746
2023-02-22,-0.0002495648930551682,3.314993257446317e-06,4.58397109128766e-06,0.0,1.4048229839749319e-06,1.996382206883497e-06,0.321163074902294,0.3855643603474813,0.05017214959105394,-0.0002608650625947606
2023-02-23,0.00102708153365828,2.367655453061656e-06,2.625443189418553e-06,0.0,7.034278536483194e-07,1.1947730986684176e-06,0.1945233007749374,0.25062595883593036,0.04990407825963628,0.001020190234063483
2023-02-24,-0.0007016417639390226,2.2841587344827348e-06,2.2629059014232464e-06,0.0,8.766937461656511e-07,1.3369553299781618e-06,0.12243949303314654,0.2336956179434751,0.009087122507143885,-0.0007084024776510725
2023-02-27,0.0004269102850901858,2.095920965735079e-06,3.068614658744397e-06,0.0,5.873207448110158e-07,9.517831137085671e-07,0.1796335491813606,0.1098063479612581,-0.05009321514178121,0.00042020664560718675
2023-02-28,-7.761135088426985e-06,2.0820088791571088e-06,1.2446934713549598e-06,0.0,5.666471474997081e-07,8.852586642600875e-07,0.1642328209587155,0.19316185245774753,0.04443839686205289,-1.2539743250698849e-05
2023-03-01,-0.0002100473603459079,1.7182815173206923e-06,2.0825743173107972e-06,0.0,5.700899457486185e-07,7.880325644508131e-07,0.1279492593734367,0.14883991232919336,0.016450441501456713,-0.0002152063386907388
2023-03-02,0.00038327976548517263,1.5407869965381041e-06,9.902072864410965e-07,0.0,3.6308935635294513e-07,8.137119584787761e-07,0.09371427926142095,0.18712523410014303,0.05042162507570874,0.0003795719698873617
2023-03-03,0.0008373114308893547,1.925851320484708e-06,1.6617166520516954e-06,0.0,4.4784676052768017e-07,7.459688460196373e-07,0.09668326033442487,0.15181645124707577,0.026493685115776693,0.000832530047310271
2023-03-06,4.3894202523455095e-05,1.7271331692612022e-06,1.8139995910055326e-06,0.0,4.912266463627483e-07,5.365758441613111e-07,0.11790482059855278,0.09888190490489224,0.008737163085791935,3.93252672726643e-05
2023-03-07,-0.0001782350853102036,2.1907738376151125e-06,1.419688239290154e-06,0.0,8.339058054942609e-07,7.276318727336347e-07,0.1377515139610546,0.17247857818943346,0.050236423570182806,-0.00018340708506533676
2023-03-08,0.00015761729633519041,1.7443894157013175e-06,2.214143158348507e-06,0.0,5.390112630332714e-07,7.464569643751269e-07,0.154640706539242,0.17575711948979547,0.05035234947477413,0.0001523732955337322
2023-03-09,-0.0017569279366402028,2.178864002454912e-06,1.8274879785759924e-06,0.0,5.898815544296631e-07,5.446346647069923e-07,0.1319887587035719,0.14164719544698556,0.050148571776210925,-0.0017620688048403704
2023-03-10,-0.0016661312873869588,3.5114680929835713e-06,4.301063346998121e-06,0.0,1.1860414759621512e-06,1.7850645689207132e-06,0.25695862315648066,0.2977522814294495,-0.0021385661492305114,-0.0016769149248718233
2023-03-13,0.0009260873344785433,2.466784809112891e-06,1.5420697968205496e-06,0.0,7.15064661230291e-07,1.197305747431659e-06,0.15525629351933284,0.2511873272452174,0.05003996167669865,0.0009201661094639479
2023-03-14,0.0006423713431392901,3.167039223236795e-06,4.041258465397558e-06,0.0,1.1091023822962356e-06,1.6779493825397097e-06,0.20454299503971035,0.23216991045893315,-0.049725585807738046,0.0006323759936858197
2023-03-15,0.00021568821594458392,2.2566863960748202e-06,2.094372440727887e-06,0.0,7.193788479133309e-07,1.6340600158439623e-06,0.14475668439963266,0.22406402894085592,-0.050458053720929735,0.00020898371824402392
2023-03-16,-9.311596982558004e-05,2.4347278242218132e-06,2.820095378496402e-06,0.0,7.49050877401535e-07,1.346019987503984e-06,0.2088054791038731,0.17567591359593887,-0.050455444304730326,-0.00010046586389320377
2023-03-17,0.00033355551077431426,2.227629033069532e-06,1.9366658474489934e-06,0.0,6.113792778255079e-07,1.0141773136380112e-06,0.19516164594308588,0.19116670355684975,0.020784914865663938,0.00032776565930233223
2023-03-20,0.0003510034649306127,1.4642956496823586e-06,1.6084697284391195e-06,0.0,4.1164780430586025e-07,8.168532815837633e-07,0.10767439579642485,0.14651956173886146,0.00928821043278939,0.0003467021984666016
2023-03-21,0.0004628129970771008,2.1701207695160625e-06,1.6214079295888765e-06,0.0,7.722889084504724e-07,7.306834185760463e-07,0.15236438583806697,0.17319505447245653,0.05044024015168089,0.0004575184960509693
2023-03-22,-0.0015195333624740234,3.827708150899253e-06,4.515617665656531e-06,0.0,1.4446192639889275e-06,2.0761604810007884e-06,0.3393607241825344,0.3989037141426529,0.050108753334520334,-0.001531397468035569
2023-03-23,-0.0011787342299166316,1.9342065655613178e-06,2.7503003503704612e-06,0.0,6.558277093936584e-07,1.3800359699793563e-06,0.19555929571320735,0.28125350529694504,0.049407462340413405,-0.0011854546005119365
2023-03-24,0.0007001382467634866,2.655691362502821e-06,2.2999921334933037e-06,0.0,6.658569678456688e-07,7.29237103359974e-07,0.15377106522549916,0.17250931153487165,0.049997478170396,0.0006937874691962849
2023-03-27,0.0008479573425437064,2.334319441319266e-06,2.121263518611314e-06,0.0,6.671369539805622e-07,9.221280259097388e-07,0.15145494787556749,0.20532827856207478,0.05041077020923853,0.0008419124946038855
2023-03-28,0.0005979232032765847,2.0177342668336123e-06,2.0755596418209855e-06,0.0,5.616118251508203e-07,6.406998672174657e-07,0.12963664048139042,0.1451183188533629,0.03748074116082856,0.0005926275976755618
2023-03-29,0.0007194889732460599,1.4923855356407673e-06,1.0294054389993948e-06,0.0,4.054614347928086e-07,4.4682634335824793e-07,0.08233338800612254,0.12622843573625048,0.05116161005206482,0.0007161148944932687
2023-03-30,0.0003485774895512302,1.3408296639844806e-06,1.8275281092872122e-06,0.0,4.3905726182650117e-07,7.4158896525653e-07,0.08967240108495515,0.1266417645504287,0.002054818387331604,0.00034422848555087546
2023-03-31,7.845724427408848e-05,1.5796843983370099e-06,1.7654426580718388e-06,0.0,4.4700123474808234e-07,1.070307850118919e-06,0.08023677233719662,0.1306573034874986,-0.04915441533247972,7.359480813281262e-05
2023-04-03,0.00014144815522167443,1.3534728496402963e-06,1.7378135020929898e-06,0.0,3.9130402420945886e-07,1.430768231962302e-06,0.13014750378938686,0.19052563164021824,-0.049843431329448545,0.0001365347966137694
2023-04-04,0.0003281444754529217,2.096587080037929e-06,2.2052140501918293e-06,0.0,5.037844972814358e-07,1.1723454644704279e-06,0.15153369906032976,0.1470988409575687,-0.049855197073463114,0.0003221665443609401
2023-04-05,0.0005930413864905625,1.29749970892992e-06,1.3422714426498653e-06,0.0,3.8997196431667176e-07,1.044715464510427e-06,0.09436108401932405,0.125990884328974,-0.04952131370877758,0.0005889669279101556
2023-04-06,0.00013536086252266706,1.9449212532603645e-06,1.9712148887696083e-06,0.0,5.572845256997313e-07,1.3777452168836102e-06,0.13748953518112225,0.18164275208223046,-0.04981844435421591,0.00012950969663805376
2023-04-10,4.481673788039848e-05,1.183211284359156e-06,1.1883798000670343e-06,0.0,2.741685291084909e-07,1.0377336381577625e-06,0.08678372711843754,0.1246734395832974,-0.049665811627206624,4.113324462870603e-05
2023-04-11,-0.0004836829397936007,2.314985706173976e-06,2.9888210460852064e-06,0.0,8.495300964053323e-07,1.5827133288770183e-06,0.2262082084127344,0.21591623151196546,-0.04997960773937356,-0.0004914189899711423
2023-04-12,0.00012059079124213341,1.6787682828991844e-06,1.6063210324191691e-06,0.0,5.538920465684567e-07,7.359285588734815e-07,0.15817634709919765,0.13020317192552439,0.006567174034779456,0.00011601588132137312
2023-04-13,8.662217220094553e-05,1.2772105294187608e-06,5.508211531386047e-07,0.0,4.390749760838454e-07,5.134362214391454e-07,0.07479963862177127,0.13639208075449344,0.050134795552716965,8.384162932086518e-05
2023-04-14,-0.0005603859078508827,1.3265425973616487e-06,1.5215542140525723e-06,0.0,4.0289904347032157e-07,5.40343262419204e-07,0.06862052566871985,0.09686906429601404,0.006091396209587744,-0.0005641772469681865
2023-04-17,0.00018353333356337432,1.2769583869790484e-06,1.853230270489643e-06,0.0,3.8373463293718846e-07,9.60960246141207e-07,0.08599313971239933,0.11158264462751045,-0.049858676724212216,0.00017905845002682722
2023-04-18,-0.00016959812438536212,1.5979739391061629e-06,1.2274596898632605e-06,0.0,4.2470697492459266e-07,1.1650181064546203e-06,0.08931425733061402,0.1460940275023041,-0.049629014382072165,-0.00017401328309571076
2023-04-19,-5.912961392089781e-05,1.4457701203503883e-06,8.025233995225908e-07,0.0,3.6660026124207906e-07,6.292526267160626e-07,0.09461490501755075,0.10351653219866402,-0.00219790908963448,-6.237376032872893e-05
2023-04-20,-0.00028430885758254707,3.216085533071035e-06,4.682552466108034e-06,0.0,1.0746236862986886e-06,2.3043367859214944e-06,0.2922942118964164,0.3373632830592614,-0.049765296975549767,-0.0002955864560539463
2023-04-21,0.00021438332982649937,1.9527839364594357e-06,1.8665219235846883e-06,0.0,5.934097012783391e-07,1.932340686402556e-06,0.13382756383720637,0.2747018608765679,-0.049931374439061635,0.00020803827357877434
2023-04-24,-0.0003421874738050825,1.819877382670524e-06,1.7140875630609736e-06,0.0,5.454997319686509e-07,1.6841674885037376e-06,0.1197391502248271,0.23260476244532413,-0.05033537562330399,-0.00034795110597128637
2023-04-25,-6.349970427989087e-05,2.1030458366518468e-06,1.5554600770903317e-06,0.0,8.115952825406998e-07,1.3867754032216093e-06,0.1088577474865578,0.18348771199954578,-0.04949055574168454,-6.935658087939536e-05
2023-04-26,0.0015083379714940404,2.640452593321173e-06,2.503676807121413e-06,0.0,9.827687955530332e-07,1.858975854954174e-06,0.17318865610916728,0.26281878104868844,-0.04948916258361276,0.0015003520974430906
2023-04-27,-0.0002364274503969353,2.5922245858134994e-06,1.4480887571806462e-06,0.0,8.846814870943893e-07,1.6403189757270995e-06,0.12077623003685797,0.2541798419585785,-0.021393745963574073,-0.00024299276420275092
2023-04-28,-0.0005141319990629521,2.3761434093973976e-06,2.833233529857791e-06,0.0,7.77809183177276e-07,1.2808906474124207e-06,0.18380023145646063,0.16443681876839805,-0.050752809996888595,-0.000521400075832797
2023-05-01,0.00016158058249409927,2.2746449332213768e-06,8.340047976257836e-07,0.0,7.099083325505023e-07,8.911771698586542e-07,0.10630898250226813,0.1600724542973258,0.010354689761071768,0.00015687084726084295
2023-05-02,-0.0008547700946458079,4.111338883690209e-06,1.2993052475093475e-06,0.0,1.110949866755259e-06,8.011320177365532e-07,0.11746506659067193,0.18473371197267746,0.05014353299293659,-0.0008620928206614993
2023-05-03,-0.00046643483185919817,2.933238719614342e-06,2.055346892661413e-06,0.0,7.478439855585499e-07,7.493235037500431e-07,0.1056532499609584,0.14225577074138007,0.016369422111372847,-0.0004729205849607825
2023-05-04,-0.0007493945076343641,1.8355401971422578e-06,1.4311994982032788e-06,0.0,5.424102288531143e-07,8.553888771932909e-07,0.12640697799598716,0.1938371823282663,0.050131850959793486,-0.0007540590464357561
2023-05-05,0.0019531786669719094,2.122835538245484e-06,1.6037249598485318e-06,0.0,7.485467349036378e-07,1.0318828640604103e-06,0.10368114421056422,0.22297303201144436,0.049616710849295385,0.0019476716768748513
2023-05-08,-1.6531061573696156e-06,2.2808700653174122e-06,2.4696974382375937e-06,0.0,9.647524380803793e-07,7.054373362418251e-07,0.17281307894135484,0.1559144430613924,0.037400970572765764,-8.073863435246826e-06
2023-05-09,-2.0156282543428505e-05,2.2968272866650893e-06,1.8134132640814154e-06,0.0,1.093987321161596e-06,8.276921463182042e-07,0.1385976972321508,0.18897067791914368,0.04991839733768535,-2.6188202561654808e-05
2023-05-10,-2.1348832248122268e-05,3.047187238688062e-06,2.830176256968098e-06,0.0,1.1810756975803008e-06,1.012836652259958e-06,0.2091832414141866,0.22012774543191624,0.049971187852243304,-2.9420108093618687e-05
2023-05-11,-0.00048632462361796,3.5627092600781044e-06,4.587068318922539e-06,0.0,1.2408754261113015e-06,1.2036175930487279e-06,0.3197822448722798,0.2503690387475066,0.048161283115320426,-0.0004969188942161207
2023-05-12,4.95804060610398e-05,1.9275630582253815e-06,3.1746666425089806e-06,0.0,6.403186554451137e-07,1.5870722525363046e-06,0.1474070655375055,0.21674031760524887,-0.049887820820850345,4.225078545232402e-05
2023-05-15,-9.959236809798213e-05,2.184362871424921e-06,1.5026026289923845e-06,0.0,7.409982827266461e-07,1.5005464552220956e-06,0.09959074354855105,0.2018217511839009,-0.05027005329341116,-0.00010552087833634817
2023-05-16,0.0012668150448022673,2.898713580417912e-06,7.235248843345798e-07,0.0,7.988850658925682e-07,9.928893043140688e-07,0.1318507385844397,0.21693756361474914,0.050132160489985554,0.0012614010319673082
2023-05-17,0.0003535661999445735,2.021560708139735e-06,1.8101476808236421e-06,0.0,5.832891910532106e-07,7.790182081252556e-07,0.11891846710766642,0.17123675517311632,0.04036169620807342,0.0003483721841564317
2023-05-18,0.00033247851455974386,1.5096763013271674e-06,1.397066165687799e-06,0.0,3.36096713489616e-07,8.524661403795e-07,0.07263806033838092,0.15442893018053974,0.011214618596783844,0.00032838320923885976
2023-05-19,-6.286913947502758e-05,1.484975542422177e-06,1.4127882362091622e-06,0.0,4.4437691927811375e-07,8.131655388305647e-07,0.08899500708721746,0.13104492842816587,-0.005566882095368973,-6.70244457117676e-05
2023-05-22,-6.803618122881365e-05,2.1577483179763926e-06,2.1026330957171416e-06,0.0,5.715871979095768e-07,1.3354585640881846e-06,0.1276529190299945,0.1961746037730683,-0.028182434993746668,-7.420360840450495e-05
2023-05-23,-0.00015535469716842595,2.3511435645203216e-06,1.4387489997460644e-06,0.0,5.822288928342318e-07,4.747488374848969e-07,0.16655567515360653,0.12947735548360048,0.04971955078613779,-0.00016020156746301146
2023-05-24,-0.0004347138079597644,1.2033277083240112e-06,1.1117791481945597e-06,0.0,2.8366677849010646e-07,3.386444679235373e-07,0.07860647879294981,0.10643399828570621,0.04954172767455197,-0.0004376512260626966
2023-05-25,-1.184923639740328e-05,1.3826882786570735e-06,1.059648425711804e-06,0.0,3.2232035325658407e-07,4.6723892178944794e-07,0.0776407329595753,0.1282851725983419,0.049789033737714636,-1.508113237681819e-05
2023-05-26,0.0003709027425437872,2.1238716975194225e-06,1.2983404231272825e-06,0.0,6.420094040213084e-07,7.568236485481983e-07,0.08670435852937554,0.17751277384880576,0.05036640089270847,0.000366081697370571
2023-05-30,-0.00012345441578561584,2.226422583683813e-06,1.70908306504091e-06,0.0,8.77541530067587e-07,8.471786758387285e-07,0.11580366760115698,0.19244328131494326,0.0501172637740369,-0.00012911464164024687
2023-05-31,-0.0005484056320134874,4.4943110791944215e-06,3.535511230261594e-06,0.0,1.7294038248325891e-06,1.7906214921907733e-06,0.2539005547768173,0.35101785177743156,0.05019344108938169,-0.0005599554796399667
2023-06-01,-0.00012859187241879083,2.9457296584272475e-06,2.8502037909712247e-06,0.0,1.0081042575638159e-06,1.2601617735115604e-06,0.2012306804721093,0.2623291665409492,0.05062198859100715,-0.00013665607189926467
2023-06-02,0.002408737472235643,2.959019879901076e-06,2.4207756247019873e-06,0.0,1.1093855689752277e-06,1.0873760888618558e-06,0.16798926486817012,0.23433645194522562,0.05165726901643368,0.002401160915073203
2023-06-05,-0.0009502187390505716,2.919615587456078e-06,2.4886504128986025e-06,0.0,1.0348370437993508e-06,1.4553082744800674e-06,0.17497891677477878,0.29522767236012465,0.05073588224747319,-0.0009581171503692057
2023-06-06,0.0006308029901186399,1.5155534811506572e-06,1.5210677718938186e-06,0.0,5.213058704210084e-07,1.201360003635077e-06,0.10594061763494346,0.252895608377797,0.051067127767103995,0.0006260437029915394
2023-06-07,0.0016256468782539098,2.7647237251306412e-06,2.8206995936036898e-06,0.0,8.931777026817794e-07,1.45623769635996e-06,0.15338989174050718,0.24397743059694205,-0.000670502391531283,0.0016177120395361338
2023-06-08,-0.00022936529418085907,1.759954433893243e-06,1.438311892273469e-06,0.0,6.165336526580315e-07,1.0780428621579485e-06,0.10806484953676686,0.18871149131070536,0.00760029046817004,-0.00023425813702184175
2023-06-09,-6.866760799266457e-05,1.7413922800871607e-06,2.2789193670616944e-06,0.0,4.7071012270732855e-07,1.7154657671599738e-06,0.13976575034281663,0.2611530018711729,-0.02704524701170266,-7.487409552968073e-05
2023-06-12,-0.0006144435423396376,1.7284817004172937e-06,2.1242053481688868e-06,0.0,7.265246906329231e-07,2.2484437482248146e-06,0.13789659089931555,0.32823570957807807,-0.049502840123690786,-0.0006212711978270815
2023-06-13,-7.039786850910338e-05,1.5346726951814894e-06,1.5846977101094502e-06,0.0,5.005335860278038e-07,1.9962272091034472e-06,0.10946107636582422,0.286170027360781,-0.049196143768598016,-7.601399970952556e-05
2023-06-14,0.0001195884540858665,2.3014975781339335e-06,1.6105301724926187e-06,0.0,6.324959582255882e-07,1.8951085082473777e-06,0.11217722734591677,0.2687630936269614,-0.04961513575859808,0.00011314882186876698
2023-06-15,-0.0004385960832150481,2.3801087809679215e-06,1.8613854307030894e-06,0.0,6.681456695203505e-07,2.110966489677559e-06,0.12994643969245406,0.30525933028833424,-0.04938303997749566,-0.00044561668958591704
2023-06-16,0.0006289037012984509,2.6360907101593676e-06,2.6720443351185545e-06,0.0,8.812358866098329e-07,1.705955721952573e-06,0.20800099805683536,0.26341553929981054,-0.023185021988221748,0.0006210083746446106
2023-06-20,-4.695268003701118e-05,3.1042015811052082e-06,2.390142085545869e-06,0.0,8.498270596589919e-07,1.0841155856747115e-06,0.1791764745458878,0.17589841780977225,-0.006233000583579226,-5.438096634899596e-05
2023-06-21,6.462397914625657e-05,2.7780598117024636e-06,2.7749729378665614e-06,0.0,7.765762757347428e-07,1.1497670531555741e-06,0.23828277364503025,0.24346947485412904,0.050308609923992595,5.7144603067797225e-05
2023-06-22,0.000122495463254003,2.083632064009929e-06,2.360093049665026e-06,0.0,6.769229745235634e-07,1.4146479035021827e-06,0.16744592777111156,0.2877429919035548,0.050082144115188104,0.0001159601672623023
2023-06-23,-0.00058285370305453,1.6641893194020385e-06,1.2978037666467058e-06,0.0,4.5920610461637756e-07,1.3944157078763442e-06,0.09156780959929725,0.28456868675216174,0.050306847828935936,-0.0005876693179530715
2023-06-26,-0.000876874597985723,1.7401470335905324e-06,1.88707013130017e-06,0.0,4.4497198279120446e-07,1.1200049351752425e-06,0.13849281841617708,0.2380337208623939,0.049872891752953036,-0.0008820667920685801
2023-06-27,0.0007829360959823552,1.4898586864791585e-06,1.5902865136025474e-06,0.0,4.192293336624554e-07,9.735442703578557e-07,0.11635251477177232,0.2139361237205995,0.05038068630047975,0.0007784631771782533
2023-06-28,0.00014320895060606555,3.6665922659399846e-06,3.276879593706084e-06,0.0,1.003875243133344e-06,1.7668294660713036e-06,0.21051839529248337,0.3407117250954891,0.04388437479550995,0.00013349477403721484
2023-06-29,-0.0002541041985822376,3.71342938431063e-06,4.7483177409834225e-06,0.0,9.636342708290265e-07,1.3019886749960523e-06,0.27216430347164855,0.16859021751094194,-0.05014387988839483,-0.0002648315686533567
2023-06-30,-0.00035792623111456954,2.203556705111966e-06,2.75811409359766e-06,0.0,7.097163117026936e-07,1.8286275491852337e-06,0.20795880316567633,0.256956386326993,-0.05025304193612645,-0.0003654262457741671
2023-07-05,0.00012337799460252944,2.2420262060175817e-06,2.2929413491945504e-06,0.0,6.62478949028578e-07,2.0744637630756203e-06,0.16667529721273205,0.2984337269904025,-0.05007618520630158,0.0001161060843352131
2023-07-06,0.0006450995574143975,2.9618707097122894e-06,2.884820759022064e-06,0.0,1.0121445409628592e-06,1.7970103736695969e-06,0.20082565166252342,0.2519244674359302,-0.04997327534056208,0.0006364437110310307
2023-07-07,-0.0005772596912189321,2.813352408559958e-06,1.6492064467520618e-06,0.0,7.456694333224824e-07,8.395392097593046e-07,0.1943719459901748,0.19054397438693005,0.04950138714736693,-0.000583307458717326
2023-07-10,0.000994016099702603,2.4714179092878754e-06,3.42522480997949e-06,0.0,1.1001316662859288e-06,1.6260027626867894e-06,0.15927806445859463,0.22313349536602617,-0.05003496876535465,0.000985393322554363
2023-07-11,-0.0009616580192233652,2.7651082157706397e-06,2.413969939814986e-06,0.0,9.234706059064775e-07,1.3961009954146207e-06,0.17598796397775895,0.18474952472024608,-0.04979544250941019,-0.0009691566689802719
2023-07-12,-0.0007387033775555243,2.7978470238370584e-06,3.480016242580311e-06,0.0,1.1523522063578458e-06,2.4051403672128662e-06,0.2613881551979851,0.35403136235087906,-0.05003221934088245,-0.0007485387333955124
2023-07-13,-0.0007145514032660499,2.3123253528753886e-06,3.7380869176552407e-06,0.0,1.0049060373042903e-06,3.5217152137858637e-06,0.2811368589495995,0.5418374554920431,-0.049810700423982085,-0.0007251284367876707
2023-07-14,-6.202796500918069e-05,1.7302196017322899e-06,2.6547736790029666e-06,0.0,5.668800433252638e-07,2.6744993824647035e-06,0.19202229700997853,0.3991822827409983,-0.05013361351307172,-6.965433771570591e-05
2023-07-17,0.00011684350553796486,3.5725971223888434e-06,1.8024613086434936e-06,0.0,1.0122989896734666e-06,2.0088828494313794e-06,0.20450286804408302,0.38301313581671803,0.04552081711224626,0.00010844726526782768
2023-07-18,-0.00041971715684811507,1.7997025673699272e-06,1.8744773824645532e-06,0.0,4.435381108063416e-07,1.4928628512385892e-06,0.13614246503073668,0.3010722661981478,0.05027130719006494,-0.00042532773775999446
2023-07-19,0.0005610373133220607,2.2752754776443138e-06,3.7505596537963497e-06,0.0,5.584918544543948e-07,2.5372290959448244e-06,0.18951404593729917,0.3763381334898536,-0.04991635462887692,0.0005519157572402208
2023-07-20,0.0022790541751825663,2.7935260984119155e-06,2.979099739348624e-06,0.0,8.309800709450025e-07,2.072435004363212e-06,0.20081479137626015,0.29838886225262395,-0.04978021848039567,0.0022703781342694974
2023-07-21,0.0003539702444242982,1.7654665204788906e-06,1.372348300829846e-06,0.0,5.807344564797741e-07,1.380388943540719e-06,0.15879728856858488,0.25653061118058845,0.024625268665747685,0.00034887130620296896
2023-07-24,-0.00035694072364439824,1.1042263376719797e-06,1.2471745949037328e-06,0.0,3.76594246566234e-07,1.2799478247365617e-06,0.07757871839219968,0.22349873827258976,0.008467503716847485,-0.00036094866664827677
2023-07-25,-0.00016126110444164378,2.2318143628228406e-06,3.0723938031964313e-06,0.0,7.759830420683435e-07,2.009859896934226e-06,0.19911143489016925,0.3103017517321536,-0.027354710952796277,-0.00016935115554666562
2023-07-26,0.000584229639409562,1.7003967693536846e-06,1.8353025931592534e-06,0.0,4.7119631819205754e-07,2.062700606498238e-06,0.11071819167324255,0.296859943220468,-0.049673758671236135,0.0005781600431223587
2023-07-27,0.00039692763669886083,3.7112825396583435e-06,3.925327450254007e-06,0.0,1.3588251716272475e-06,1.6868551790850246e-06,0.28552681450217604,0.2554401778312862,-0.027951492254997885,0.0003862453463582362
2023-07-28,-0.0009141928624919503,2.7340841856300023e-06,2.3669294014108842e-06,0.0,8.694669224448601e-07,1.5518576413854977e-06,0.14876723598157893,0.21066925613438,-0.05004282761838363,-0.0009217152006428216
2023-07-31,-0.0003052914757106688,2.6103874393979944e-06,3.5142428093951785e-06,0.0,9.239850201106072e-07,1.8917167334565495e-06,0.24752775634557708,0.2676551096188774,-0.05015330160182309,-0.0003142318077130291
2023-08-01,0.0005577687385375993,2.541586545466633e-06,2.1345972434940634e-06,0.0,9.6957387006657e-07,1.925883038540594e-06,0.15103510710301796,0.2739956628674466,-0.04955268760737322,0.0005501970978400314
2023-08-02,0.0005427705397187315,2.371097617956366e-06,1.8129174438079493e-06,0.0,7.075104807485916e-07,1.8205252048784809e-06,0.1275297656482287,0.2568633507749969,-0.04898488364458796,0.0005360584889713402
2023-08-03,-0.00029455452919594665,2.382290667913523e-06,1.698558333322989e-06,0.0,1.1420879249624974e-06,1.5345349196165547e-06,0.20184467578351128,0.30820712461270905,0.05040525811712769,-0.0003013120010417622
2023-08-04,-0.0010878187940925393,2.4124019503695004e-06,2.641931087978893e-06,0.0,1.2788906153053834e-06,2.0644625563692157e-06,0.18897936176878888,0.3969827040328268,0.05015299456279859,-0.0010962164803025624
2023-08-07,0.0001583293827233073,3.3074532937542582e-06,4.389585185095011e-06,0.0,1.6303085421052546e-06,2.3546575834235165e-06,0.25029660143962007,0.366549956974572,-0.029032517040578715,0.00014664737811892925
2023-08-08,0.0007779752581477715,2.5962742459469033e-06,2.441405605263472e-06,0.0,1.065741856023355e-06,1.5560525225585451e-06,0.20043207768427998,0.26083779000801044,-0.0005790337818250557,0.0007703157839179792
2023-08-09,0.00025475106487578183,3.5007117159362887e-06,3.2874457292048835e-06,0.0,1.4055607415016484e-06,1.171847115373389e-06,0.286008267468497,0.24697633188983484,0.050106016507105416,0.00024538549957376564
2023-08-10,-0.00018562801926045154,4.733914163228844e-06,6.583840274080129e-06,0.0,1.7296398520972246e-06,2.6054677894701205e-06,0.46212188011738364,0.4876743939142076,0.04995580528322746,-0.00020128088133932785
2023-08-11,-0.0006578092211394648,1.7903038802955598e-06,1.86912300170452e-06,0.0,6.090068741821117e-07,2.1073691991594274e-06,0.1382492782348612,0.4035844634090846,0.04954643795030063,-0.0006641850240948064
2023-08-14,0.0010283188332491126,2.6582421481686847e-06,3.2176465806910687e-06,0.0,1.1209372764997228e-06,2.2491608187766207e-06,0.19295030631464188,0.37860515571726455,0.0007461381627922037,0.0010190728464249765
2023-08-15,-0.00019551825894880586,2.07687023998342e-06,2.865564290121916e-06,0.0,9.955407266325493e-07,2.6369856728859067e-06,0.16652878202550733,0.3937931064219507,-0.049220486622881504,-0.00020409321987842964
2023-08-16,-0.0002649383934137567,2.1863236199674234e-06,8.830315205287507e-07,0.0,6.995459926241564e-07,1.9665072643714e-06,0.14333602863466627,0.3811081489012447,0.050734928486849296,-0.00027067380181124845
2023-08-17,0.0001799588942669785,2.174638241649384e-06,1.8412507220159607e-06,0.0,6.698986995905053e-07,2.00328966294251e-06,0.13032513305900856,0.38813241068158866,0.051579747307246904,0.00017326981694078014
2023-08-18,-0.0005801715188874807,1.6724797111697836e-06,1.790181745990172e-06,0.0,5.34903449187094e-07,1.7619978456009116e-06,0.1258288970992617,0.34652128348663075,0.05050564542567777,-0.0005859310816394287
2023-08-21,5.3239470815408554e-05,3.4379502138841017e-06,4.6682403294878526e-06,0.0,1.1247484266668855e-06,1.1639047748607832e-06,0.3509332784464023,0.24563094554918136,0.050094943372569686,4.2844627070508934e-05
2023-08-22,0.00013532772843316077,2.6092825410238345e-06,2.4025120770982456e-06,0.0,7.256565442551573e-07,1.03374277538591e-06,0.16761783220802415,0.22385558640921271,0.050186800144379845,0.00012855653449539762
2023-08-23,0.0009501895741666056,2.500018534103185e-06,2.407611279214274e-06,0.0,8.539323804336391e-07,1.031893520420587e-06,0.1709657748736931,0.22419277638802768,0.05083466495736916,0.0009433961184524339
2023-08-24,-0.0006287865575505586,2.6611124186743405e-06,2.1891619076738208e-06,0.0,8.900979823858762e-07,9.270028232935441e-07,0.1579372706837589,0.20627232135417228,0.05053584704085688,-0.0006354539326825861
2023-08-25,0.00012576446178928305,4.525142517315327e-06,4.7293037655270025e-06,0.0,1.5626593042857968e-06,2.400530585436808e-06,0.35333613281705223,0.4537026555047484,0.05041351715136469,0.00011254682561671812
2023-08-28,0.000614237892021333,3.080923988709657e-06,3.4324373055720565e-06,0.0,8.141554672809904e-07,1.9951274167796753e-06,0.1903752396596855,0.33285239674703787,-0.0023290092719475963,0.0006049152478429906
2023-08-29,-0.00014143757489951637,1.5740133457881376e-06,1.8746363954541403e-06,0.0,4.6441648411844435e-07,2.3818431195743388e-06,0.0955552882602158,0.35205667379440386,-0.048092970294085075,-0.00014773248424445142
2023-08-30,-0.00024291126125689896,1.2796470758483712e-06,1.3874078169972193e-06,0.0,6.003410800506993e-07,2.187028634511494e-06,0.09862726616444803,0.31896231210582376,-0.048458498492107024,-0.00024836568586430677
2023-08-31,-0.0004642394806761037,2.6153720213423936e-06,3.733565508466977e-06,0.0,1.1272531051427634e-06,3.454547552603177e-06,0.2787841551336094,0.5308920759449525,-0.049471912892381315,-0.00047517021886365904
2023-09-01,-1.61366835890374e-05,2.8566048674810104e-06,2.9128748461401595e-06,0.0,1.117059245750048e-06,2.9601751657352242e-06,0.20247606280286679,0.4474372047259727,-0.049872223117544884,-2.598339771414384e-05
2023-09-05,-0.0003089567615564097,5.2801359890427e-06,3.143554752970474e-06,0.0,2.272765929116014e-06,3.18065665818254e-06,0.3064647879086869,0.5847140099737431,0.05036369139907626,-0.00032283387488572145
2023-09-06,0.0007712921790092624,4.752631952827812e-06,5.934981121582876e-06,0.0,1.7796422486914165e-06,1.2735881618901898e-06,0.4140687380595629,0.2644987467220718,0.050535935524519876,0.0007575513355242701
2023-09-07,0.00034989420995835193,3.403563606502054e-06,3.401211267897662e-06,0.0,1.1225903734105782e-06,1.2277593507231167e-06,0.2382748041951035,0.2567237141946783,0.05046014327319477,0.0003407390853598185
2023-09-08,0.00010477930448729858,2.842568304376308e-06,3.6407445195610123e-06,0.0,1.055761881779035e-06,1.9156170075747672e-06,0.25586318667460684,0.37211604671477183,0.050292389442211066,9.532461277400746e-05
2023-09-11,-0.00017617245904978448,3.088616488031365e-06,3.027492732300447e-06,0.0,1.2865951178664557e-06,1.3431569302414926e-06,0.22063353715774858,0.275953845673897,0.0503034813933262,-0.00018491832031822424
2023-09-12,-0.0005778056433992437,4.034333925255257e-06,3.637775915996016e-06,0.0,1.249386559182133e-06,1.828974481271131e-06,0.1895069526092226,0.29243804274471746,-0.014829670108832523,-0.0005885561142809483
2023-09-13,0.0007257083869355666,3.7956052875457123e-06,2.6033372164649678e-06,0.0,1.1647906961595261e-06,1.8860346277222647e-06,0.18729511194730616,0.3082374403219687,-0.00861637713537177,0.0007162586191076742
2023-09-14,-0.000248330330228965,2.560115429531219e-06,2.4407709567580764e-06,0.0,9.707859710193987e-07,1.6413422771367401e-06,0.1626333977149582,0.25326896087513795,-0.022476541683834204,-0.0002559433448634104
2023-09-15,0.0001001517595201777,3.632504888566446e-06,2.78249749831675e-06,0.0,1.2170385751438207e-06,1.9229223373521322e-06,0.17077325947640973,0.2729679150008345,-0.0500830376743238,9.059679622079856e-05
2023-09-18,0.0001783483308185102,3.0800005026782905e-06,2.199408291954946e-06,0.0,1.185428721025227e-06,1.6750324290681752e-06,0.1532406556291567,0.2314804077916472,-0.04992504029180627,0.00017020846087378356
2023-09-19,3.379744551910028e-05,3.0694844638726333e-06,2.6255801367579707e-06,0.0,1.09374511394782e-06,1.6056751952136806e-06,0.20115537436034922,0.24103860359892837,-0.028714829196969896,2.5402960609308175e-05
2023-09-20,-0.00018976900337855384,2.0371858153888483e-06,1.1665962442026348e-06,0.0,5.888682449002969e-07,1.31800486376181e-06,0.14556759464869942,0.2716346763149166,0.05020985920293264,-0.00019487965854680743
2023-09-21,-0.0014006884607596617,2.077601989122463e-06,2.220487649840404e-06,0.0,6.549583086569445e-07,1.0633609399944784e-06,0.1651049171439793,0.2290208248263026,0.05037618690723027,-0.001406704869647276
2023-09-22,-0.0002017229056807958,1.5282851472789481e-06,1.4212933922175664e-06,0.0,4.4476877571928877e-07,8.516529434266175e-07,0.101608245663517,0.1931842881710842,0.05010659367541247,-0.00020596890593943824
2023-09-25,0.000190978769036265,3.7767995913509138e-06,4.4773507891488015e-06,0.0,1.327674018552837e-06,2.1545568936203626e-06,0.31173399517871125,0.41193526821563664,0.04996971008741556,0.0001792423877435921
2023-09-26,-0.000987553747365165,2.5932720064790146e-06,2.3799484128660435e-06,0.0,7.657073309123759e-07,1.9188403303635357e-06,0.17372410267593652,0.37300358869974715,0.050638413198673196,-0.0009952115154457858
2023-09-27,-0.00030473439966983247,3.871542207014735e-06,4.474070175176201e-06,0.0,1.4755444362555712e-06,2.8550695721291278e-06,0.23291634992458488,0.42976544121821086,-0.04988624689948255,-0.0003174106260604081
2023-09-28,0.0008935748032407668,3.3140294816905886e-06,1.818354478112003e-06,0.0,1.4143693108454755e-06,1.8271821407310098e-06,0.20480273830583268,0.3567545577515843,0.04978795810877476,0.0008852008678293877
2023-09-29,8.663275351131723e-05,3.858402743831246e-06,4.252638166127672e-06,0.0,1.151645113829581e-06,2.0647697874576357e-06,0.21991780973071684,0.29710374081700824,-0.04977758347587462,7.53052977000711e-05
2023-10-02,0.001391790996486106,4.609774627938741e-06,4.390940067537196e-06,0.0,1.6527167906137753e-06,2.7589988447075967e-06,0.30427663147033296,0.4140835992409271,-0.049428206669949154,0.0013783785661553088
2023-10-03,0.001123155946063113,3.841406778670747e-06,1.9395796140011104e-06,0.0,1.2985922504267276e-06,2.0230443193342827e-06,0.1941755418879955,0.36472854317047915,0.02485709752231985,0.0011140533231006802
2023-10-04,0.0007003835535804178,2.1374808073667507e-06,2.404021555567254e-06,0.0,8.974733004667418e-07,2.0269705396435475e-06,0.15511181673975394,0.34151687892937754,0.0009858282692615794,0.0006929176073773735
2023-10-05,0.0004967107891117221,4.159118212377904e-06,2.9510540336211157e-06,0.0,1.5790471420077905e-06,1.677278145364022e-06,0.2489870284172001,0.33099828270712084,0.049215554285965066,0.00048634429157835124
2023-10-06,-0.0001273021950860428,9.027978673388148e-06,9.659154444196039e-06,0.0,4.219502948287706e-06,3.6616164767908703e-06,0.7298158191029136,0.6653944340258695,0.0502428659250031,-0.00015387044762870555
2023-10-09,0.0036262116155032584,4.376157564054514e-06,4.997320893305551e-06,0.0,1.5205181955810065e-06,3.4925560320204275e-06,0.2569926994723764,0.5376270435769027,-0.04912236980252899,0.003611825062818297
2023-10-10,0.00022937331867262423,3.9232608020027496e-06,2.7372056734834012e-06,0.0,1.3703875344529e-06,3.0962210040393316e-06,0.18299280877582202,0.47083528565261024,-0.04932984302599752,0.00021824624365864584
2023-10-11,-0.001023819586667644,2.3613185380346727e-06,2.312741450408348e-06,0.0,9.618446158378285e-07,2.6333566721922617e-06,0.16332353775078495,0.3920502500468273,-0.05035367088147272,-0.001032088847944117
2023-10-12,-0.00017605794055337176,3.481839698804608e-06,2.853015743489299e-06,0.0,1.3919026237525378e-06,2.3944534170341625e-06,0.19672819029884336,0.35249251585441965,-0.049775658207319565,-0.00018617915203645235
2023-10-13,0.0010578239487252857,6.343837199137059e-06,9.66622210170343e-06,0.0,2.854073583375916e-06,3.454230474813481e-06,0.6851747584005226,0.5310029916353785,-0.04930772813328657,0.0010355055853662558
2023-10-16,-0.0003032319228038817,2.1649377523911356e-06,1.2986879230446878e-06,0.0,1.001423707230766e-06,2.632582823632163e-06,0.1523191828196301,0.4668489187856789,0.024575004415475166,-0.0003103295550101805
2023-10-17,0.00010923389123879715,3.6921276929707174e-06,4.051946188986221e-06,0.0,1.4465897985500559e-06,3.2432884092988507e-06,0.2199661468850992,0.4950347773809259,-0.049837675381280755,9.67999391489913e-05
2023-10-18,-0.0003428708630004345,4.275873330594626e-06,4.068222403312195e-06,0.0,1.5463759229681098e-06,2.5907123673653483e-06,0.2976141333256854,0.3866882996520087,-0.04855137806536988,-0.0003553520470246748
2023-10-19,0.000614595781811912,5.951991046822286e-06,5.04902416814004e-06,0.0,2.1262979291469715e-06,3.2465456724790342e-06,0.3408015441870101,0.4971461021582262,-0.048273570818251565,0.0005982219229953236
2023-10-20,0.0014509163953649584,3.977145417260702e-06,1.6584148551091968e-06,0.0,1.2276814309371485e-06,2.442167793155401e-06,0.1907004992708548,0.46213988732406575,0.051855698073958595,0.001441610985868496
2023-10-23,0.0014874277418741163,4.178358387225427e-06,3.0356652620906977e-06,0.0,9.931899883206053e-07,1.725836435758904e-06,0.22143748006780664,0.341140260652553,0.05119973944505721,0.0014774946918007206
2023-10-24,0.0011184064113021397,4.130550360157021e-06,3.6073970792301004e-06,0.0,1.193912891065603e-06,1.1214750480519704e-06,0.26422033892554586,0.23882920250836306,0.05042139443563214,0.0011083530759236349
2023-10-25,-0.0002998195452782376,3.7029719282272574e-06,2.9851767115256552e-06,0.0,1.4689131205211878e-06,1.339866219356016e-06,0.21326731744644611,0.2753040169196605,0.05020649206784966,-0.0003093164732578677
2023-10-26,-0.0001791926776122015,3.78709921211178e-06,3.465356427635274e-06,0.0,1.3187550389311064e-06,1.2697943260423737e-06,0.23957734995293234,0.26369039313258724,0.05036494635746843,-0.00018903368261692204
2023-10-27,-3.290423471355617e-05,7.165932726940909e-06,9.446379049401693e-06,0.0,3.723543779023958e-06,4.046133974575566e-06,0.6620889302936647,0.7302118929814524,0.05046138525275723,-5.7286224243498296e-05
2023-10-30,0.0026228052523597873,5.011911932704732e-06,6.057193886452639e-06,0.0,2.2566695952391935e-06,2.321326627690222e-06,0.44280765385506227,0.4395031555505653,0.049520282098608065,0.0026071581503177006
2023-10-31,0.0004890621420133532,3.4974972512496094e-06,3.6797204509247253e-06,0.0,1.6013179613103794e-06,1.2539878730771259e-06,0.2684391927889291,0.26075023550701454,0.050080272830057365,0.00047902961847679133
2023-11-01,0.001581524175968035,5.738600544726399e-06,7.979982432121595e-06,0.0,2.3251910761297833e-06,2.998973920829121e-06,0.5110705991402851,0.45437094061488364,-0.04945667808440879,0.001562481427994228
2023-11-02,-0.0015451587545187745,3.1650130211522486e-06,3.1100607484178037e-06,0.0,1.8337383508875672e-06,3.2789079012798036e-06,0.22109214311793912,0.500926157701404,-0.049930369713602735,-0.001556546474540512
2023-11-03,0.0013941259116947396,5.360524777348523e-06,4.628687851443203e-06,0.0,2.274669277834433e-06,4.178736658023366e-06,0.3393635739297717,0.6522095504970673,-0.049818208050858265,0.00137768329313009
2023-11-06,-0.0012488131574005831,4.507451846323889e-06,5.166451902241028e-06,0.0,1.508512016919102e-06,2.9709790529709313e-06,0.3586513094319568,0.4489828148197053,-0.05014166607941098,-0.001262966552219038
2023-11-07,-0.0013151282182678613,3.903187530440581e-06,2.8575063172714848e-06,0.0,1.5761123653293968e-06,2.89324305145532e-06,0.20166888956885118,0.4356993259270088,-0.050365506717484826,-0.0013263582675323582
2023-11-08,-0.0007349198866998169,3.364500095330037e-06,2.39172463551196e-06,0.0,1.1851239017686338e-06,1.9070302157078698e-06,0.22792308191895094,0.34359672155199866,0.02321564531307657,-0.0007437682655481354
2023-11-09,-0.0005465040303428982,3.393268853364869e-06,3.840449077606496e-06,0.0,1.2621807466494955e-06,2.1551481143287735e-06,0.2044926162819376,0.3118056202471632,-0.050259262960070536,-0.0005571550771348478
2023-11-10,-0.0014380514741769556,3.032930956095256e-06,2.8696014397484496e-06,0.0,1.3036620494435628e-06,1.8516190872407364e-06,0.20467452059270105,0.2608483692620754,-0.05022363739436818,-0.0014471092877094836
2023-11-13,-6.7831186010436454e-06,2.6661334605094255e-06,2.3443344326922835e-06,0.0,9.19587935704722e-07,1.5520651012042203e-06,0.16477869435649994,0.21210515342659772,-0.04864178357571129,-1.4265239531154297e-05
2023-11-14,-0.00032545895212733237,3.654136619589609e-06,3.4078819986132816e-06,0.0,1.8866628031803673e-06,1.871894110893877e-06,0.33407842621927664,0.3648073920654915,0.05032918143532,-0.0003362795276596095
2023-11-15,0.0011041807709782408,2.9395840869026913e-06,2.5997352049382017e-06,0.0,1.213586595771614e-06,1.7379825703859002e-06,0.18128742461337938,0.3422667360297639,0.05028566420493255,0.0010956898825202424
2023-11-16,-0.0006939088464101865,2.7524946357409027e-06,3.68683071068424e-06,0.0,1.0318468538924536e-06,2.456823092901246e-06,0.18286530654053212,0.3626286816860387,-0.050117597921370494,-0.0007038368417034053
2023-11-17,0.00015398122030296337,2.9543162315488697e-06,2.839987027054301e-06,0.0,9.017043356400543e-07,1.8220395694718875e-06,0.1933555937237184,0.2564389866538809,-0.04966366101739637,0.00014546317313924827
2023-11-20,-0.0006504884338856027,3.2162052935089828e-06,2.4878535857703545e-06,0.0,1.0693718993155527e-06,2.2945970957812593e-06,0.20820565770097157,0.36366692558743896,-0.021825386503812577,-0.0006595564617599789
2023-11-21,0.00017764441361264977,2.086112333192918e-06,1.714981653048284e-06,0.0,7.822896183593564e-07,2.1747202559008653e-06,0.10400351073002237,0.32791915667598426,-0.03743384631536109,0.00017088630975214833
2023-11-22,-9.718284863193796e-05,1.664509180647136e-06,1.6255673909298192e-06,0.0,5.076033214045634e-07,1.593613299109731e-06,0.131529108107925,0.2504606543293662,-0.017266379921068525,-0.00010257414182402922
2023-11-27,0.00037065393981001755,3.6392083638967425e-06,1.5197116174980405e-06,0.0,1.3699500103333915e-06,1.3687715538587393e-06,0.1598160402727468,0.2802166224851244,0.05026300143685626,0.0003627562982644306
2023-11-28,0.0002271342072197641,3.185651378258999e-06,2.307313251892462e-06,0.0,9.309251734538558e-07,1.677859924292336e-06,0.1426330293798338,0.31438526396407473,0.03250479668296233,0.00021903245749186644
2023-11-29,0.0003821263533311448,2.325380686840161e-06,2.480831121245546e-06,0.0,8.589960358147573e-07,1.6463191240956352e-06,0.15546528736907742,0.28966244633119137,0.01308083348312468,0.0003748148263631487
2023-11-30,0.00016325331578019773,3.117672807420042e-06,3.265906896805662e-06,0.0,9.980255722448357e-07,2.077805647599315e-06,0.17525398028799338,0.2993972770118547,-0.049674071784829923,0.00015379390485612787
2023-12-01,-0.0003476492540443346,3.5743576569664804e-06,2.8189957922107613e-06,0.0,1.014341393844368e-06,2.2084186900151625e-06,0.1936473674203184,0.3212593588689926,-0.04975498105355467,-0.0003572653675773714
2023-12-04,-0.0005445098805184689,2.2622838264017112e-06,2.901376114199044e-06,0.0,7.969960428904966e-07,1.805101015988892e-06,0.20293602347609851,0.252442411038948,-0.050814559647185925,-0.000552275637517949
2023-12-05,0.00048617391942022226,2.4164950008627502e-06,2.1742381578889337e-06,0.0,8.557438456722712e-07,1.5982712192579602e-06,0.15445147120953728,0.21847883737347726,-0.05003072746186031,0.00047912917119654036
2023-12-06,-0.0006874180292437498,2.695717267917391e-06,2.1196441985444737e-06,0.0,8.331902454141019e-07,1.4704482901571667e-06,0.1438854917815115,0.1967728789279312,-0.05026243381847265,-0.0006945370292457828
2023-12-07,-0.00023920056412289712,3.336228264151971e-06,2.548393217721712e-06,0.0,1.3202283384634305e-06,1.7717787905386734e-06,0.17635122938455036,0.24746647026341667,-0.05019236654708051,-0.00024817719273377293
2023-12-08,-0.0004426879212981528,4.516633762700162e-06,3.3476146054127933e-06,0.0,1.5716945466642691e-06,1.5136848038162376e-06,0.3102727340371674,0.2823198772291771,0.028020830188049316,-0.0004536375490167463
2023-12-11,0.000702178810870564,2.5749597708266727e-06,3.4703326283602273e-06,0.0,6.825601888996671e-07,2.227655341028205e-06,0.18612610358113363,0.3244751046406671,-0.04977099265207145,0.0006932233029414492
2023-12-12,-0.00036437807147400635,1.5586594476057738e-06,1.5448990139016945e-06,0.0,6.385976074265441e-07,2.138902130981982e-06,0.11139136826755129,0.30930725342544285,-0.0500283045795302,-0.0003702591296739223
2023-12-13,-0.0008815627549828315,2.0663209518932215e-06,1.991744477390107e-06,0.0,7.853015107368021e-07,2.0444843723816486e-06,0.14287746576552507,0.29384793286199995,-0.04962544169811696,-0.0008884506062952332
2023-12-14,-9.646538568879761e-05,2.4717123297131896e-06,2.091392212354433e-06,0.0,8.528530573198398e-07,2.0916328351263216e-06,0.1432881210940991,0.3014693778323476,-0.049924938468874164,-0.0001039729761233114
2023-12-15,-0.00032377979300825276,3.047142292297062e-06,3.518439848922692e-06,0.0,7.989525939032213e-07,1.5834907131102128e-06,0.24168641860312123,0.21569973913717086,-0.050326700665344844,-0.00033272781845648596
2023-12-18,0.0009154906231522352,3.0656580797309524e-06,3.2393315705448366e-06,0.0,8.863107507642458e-07,1.8790008319157687e-06,0.24113704711810047,0.2655415890081287,-0.05013055075372059,0.0009064203219192794
2023-12-19,-0.0004534687631063781,1.7609060797994274e-06,1.4622770655351443e-06,0.0,6.805946172239768e-07,1.7241635263412215e-06,0.1040971965955871,0.23949925674340677,-0.05016021568191836,-0.0004590967043952779
2023-12-20,0.0008085425855669118,5.061814281619069e-06,4.226169168702514e-06,0.0,2.151735792068597e-06,2.8151612607896196e-06,0.39485519311288486,0.5230989025667507,0.05015181075409503,0.000794287705063732
2023-12-21,0.0007155108068509729,3.5520586892136833e-06,4.459133302327067e-06,0.0,1.3028183070349815e-06,2.092621794283787e-06,0.25988905436416554,0.3438554675977349,-0.007704993841941385,0.0007041041747581134
2023-12-22,0.00011596071535003648,1.4089317634001078e-06,1.7202175514040253e-06,0.0,5.129388724341027e-07,1.9506424558797042e-06,0.0942699329220884,0.2849545409034898,-0.04275339168430041,0.00011036798470691854
2023-12-26,-0.00010916740463965297,2.46730482256922e-06,3.034053764386388e-06,0.0,1.1303451644753739e-06,2.805907898413059e-06,0.22310821324220126,0.42197308642482095,-0.04941944050857308,-0.00011860501628949701
2023-12-27,-0.0004296708796598,1.8466741835293961e-06,2.890720437979379e-06,0.0,5.88819237616285e-07,2.064443477646252e-06,0.20499565187124358,0.2969657941874543,-0.049860710057116106,-0.0004370615369965713
2023-12-28,-5.249434141362746e-06,1.780156459719816e-06,2.35275486661184e-06,0.0,6.411193259327955e-07,2.6010137643109675e-06,0.17440686705240954,0.3871157411204401,-0.049854571283802385,-1.2624478557938165e-05
2023-12-29,0.0005196184435999517,3.366506186901291e-06,3.8616020596970534e-06,0.0,1.1522209071858004e-06,1.8841832253238465e-06,0.2712491431538846,0.2667430046503091,-0.049799777204097076,0.0005093539312208437
2024-01-02,0.00010047913740397645,4.646295809539693e-06,6.93995052684779e-06,0.0,1.844647255829842e-06,2.8656060432630644e-06,0.4925249056959875,0.431706370176637,-0.04971544509155745,8.418263776849606e-05
2024-01-03,-2.405873789605439e-05,2.0254799856414814e-06,1.196379312397406e-06,0.0,6.722121083196275e-07,2.3534528648046505e-06,0.15879490080386777,0.4368547532755173,0.041474671988336265,-3.0306262167217556e-05
2024-01-04,-0.0009136160066724924,2.0194229045488623e-06,2.7055212041966565e-06,0.0,6.347967468309802e-07,1.9111507310468076e-06,0.21158333542207092,0.37120089735752093,0.05012757454165759,-0.0009208868982591157
2024-01-05,-0.00016827173419645561,2.6408588395385985e-06,2.725308132403042e-06,0.0,1.0477067242391703e-06,2.0789007333567624e-06,0.18867748129028883,0.3991748498903001,0.049919526686363846,-0.0001767645086259932
2024-01-08,0.0017041078144092194,2.801640168148266e-06,2.3726672831699828e-06,0.0,7.851500425564264e-07,1.4761397786677244e-06,0.17260665002776757,0.29863440284810616,0.05064292003192846,0.001696672217136677
2024-01-09,-0.0003296946994544109,2.1656369842305014e-06,3.6056800314010245e-06,0.0,7.298359688352289e-07,1.826256297682329e-06,0.1794035566462806,0.2568981062425888,-0.049912951768042384,-0.00033802210873656
2024-01-10,-4.4474491008122265e-05,2.7284001474375796e-06,1.90973938141508e-06,0.0,7.360089966904083e-07,1.7147888443734903e-06,0.13473635760225602,0.23811840392503208,-0.049966121929714225,-5.1563428378038826e-05
2024-01-11,-0.0001437009261305761,2.8163020977495216e-06,3.411676979530731e-06,0.0,1.052779767653913e-06,2.302986826944531e-06,0.24114889903918932,0.33684244985700923,-0.050059337069672055,-0.0001532846718024548
2024-01-12,0.00044807826513898946,2.38727185548217e-06,2.1602251987277434e-06,0.0,9.808284595347438e-07,2.4861064248101877e-06,0.15637325153220205,0.3675904894332414,-0.05007538993487026,0.0004400638332004346
2024-01-16,-9.75969504234453e-05,3.5990493847757485e-06,5.2536814765166955e-06,0.0,1.5017222374772697e-06,3.7633667570536755e-06,0.37522187998851575,0.5825176432753556,-0.04972797190966266,-0.0001117147702792687
2024-01-17,-0.00017003367252689305,2.666907160005818e-06,2.6993339877976665e-06,0.0,9.455094281896277e-07,3.4787512918577514e-06,0.19381383873250557,0.5351396528961236,-0.049290564135978765,-0.0001798241743947439
2024-01-18,0.0001239585536453167,2.852263792680646e-06,3.903565358945795e-06,0.0,1.026085112032302e-06,2.234221599599135e-06,0.28895586378983357,0.32535740770161614,-0.04999182103103873,0.00011394241778205883
2024-01-19,0.0004524253394206108,2.076519121416077e-06,1.871461059240873e-06,0.0,7.665926800198588e-07,1.4680852551082338e-06,0.16386362434619223,0.23194385249165161,-0.014694470366531667,0.0004462426813048258
2024-01-22,-0.000263635648522762,2.5698713643617246e-06,4.548690183735862e-06,0.0,1.1418795307290238e-06,2.0277468609694286e-06,0.3161850264723667,0.2906371071499429,-0.05002436549292093,-0.00027392383646255804
2024-01-23,0.00047144967998395936,2.0626121803067886e-06,1.55047152486169e-06,0.0,6.230766048118944e-07,1.9367173892400783e-06,0.10965550851405206,0.27544094991546286,-0.04992757147687023,0.0004652768022847389
2024-01-24,0.00032719241780967837,3.0949246493953532e-06,4.279942826455073e-06,0.0,1.58802458074906e-06,2.875740477921649e-06,0.38038536823470265,0.5060835307337452,0.022959130442908232,0.0003153537852751572
2024-01-25,0.000998763153762177,2.563692552022305e-06,3.918004804717519e-06,0.0,8.885292873068918e-07,2.764566460116205e-06,0.21558992086536635,0.4147022265959949,-0.04974493870352745,0.0009886283606580142
2024-01-26,5.243882228482413e-05,2.570151824664227e-06,2.5211932761451555e-06,0.0,8.129681849456764e-07,2.2505852785538226e-06,0.17750694203094192,0.3277544437262059,-0.05034388307083628,4.428392372051525e-05
2024-01-29,-3.3069736525000946e-05,2.2120263328812145e-06,2.509487967142004e-06,0.0,7.936130569283586e-07,1.8876504856728207e-06,0.1779654830260513,0.26712071116320263,-0.050004570429831294,-4.0472514367625344e-05
2024-01-30,-9.671552800365948e-05,2.2147463328631686e-06,2.1638348576082074e-06,0.0,1.0068299178129213e-06,2.1651422096386204e-06,0.15642891887567806,0.31523406487004246,-0.04850982634924589,-0.0001042660813215824
2024-01-31,0.0010795753271913096,3.9124895834220505e-06,2.2935092375845524e-06,0.0,1.6558461310883399e-06,1.6980946046257522e-06,0.22863920839681923,0.31736684633466716,0.03208695275754091,0.0010700153876345888
2024-02-01,0.00032104882146145197,5.073715132031987e-06,5.115026598513607e-06,0.0,2.1636416901764464e-06,2.239429203682963e-06,0.3760270031150265,0.4261106774984811,0.04988657127974359,0.000306457008837047
2024-02-02,0.0011400004660066078,7.100561492583211e-06,8.350818643784282e-06,0.0,2.798867555463397e-06,2.9975839659245785e-06,0.6179841344815866,0.5533876267578957,0.049793520482566106,0.0011187526343488523
2024-02-05,-0.0015885610988794678,5.647354541182952e-06,4.484080038525887e-06,0.0,2.2277779248302956e-06,3.384092803101768e-06,0.3157971500919772,0.6179313656954613,0.04940377477436425,-0.0016043044041871087
2024-02-06,0.0006715556836337847,4.329815144719454e-06,5.440670915277411e-06,0.0,2.0652061080267365e-06,3.562207154228381e-06,0.3022327466210274,0.5485439416453137,-0.049906860265054045,0.0006561577843115327
2024-02-07,-0.0013453417785709125,4.426219591963212e-06,3.551403298833984e-06,0.0,1.754284244884934e-06,2.433024323888823e-06,0.3023475173088855,0.42572496721894365,0.016976880805621652,-0.0013575067100304835
2024-02-08,-0.00046687529379665406,3.6710991113442585e-06,4.592148729835939e-06,0.0,1.3333124535781643e-06,3.114066419869481e-06,0.27240036032916337,0.47313982766897206,-0.050023330869100685,-0.00047958592051128193
2024-02-09,-0.0007908529513730584,3.0198251134142425e-06,3.710865699097019e-06,0.0,1.3207475077857022e-06,2.3363920953451642e-06,0.2664087092331925,0.3421721458169763,-0.050341726201011114,-0.0008012407817887006
2024-02-12,0.0002894400852401245,2.7434452542284197e-06,3.176107220216625e-06,0.0,1.1987862208607158e-06,2.7378218390955436e-06,0.22974966535165872,0.40943546051044677,-0.05051860845760463,0.0002795839247057232
2024-02-13,0.001102577745307156,6.128415321404073e-06,8.084708139584808e-06,0.0,2.1476929432317157e-06,3.077863966365313e-06,0.5628511097929412,0.4669683070212127,-0.050112839328160186,0.0010831390649365701
2024-02-14,-0.000215773098800075,3.777076717562892e-06,4.030907114311761e-06,0.0,1.33999218660746e-06,2.004788009469468e-06,0.2976467392469091,0.28628504787753484,-0.05051933771333578,-0.00022692586282802658
2024-02-15,-0.0013304335334696003,3.0457335645208695e-06,3.290921242439472e-06,0.0,1.2452874261176807e-06,1.9348761270074566e-06,0.24130514297022107,0.27450425897846237,-0.05055493035879049,-0.0013399503518296857
2024-02-16,-1.99850343594965e-05,2.544242964643593e-06,3.140864630123256e-06,0.0,1.4033196151512884e-06,2.3457550727949177e-06,0.2276828191020383,0.344087081829426,-0.049999770400120304,-2.9419216642209554e-05
2024-02-20,-0.00048248067557756186,4.238064541301169e-06,5.780546026341332e-06,0.0,1.6525581148380787e-06,2.4161920871744435e-06,0.4090433419970019,0.35620730604256123,-0.04971296460274517,-0.0004965680363472169
2024-02-21,-0.00039317583004942676,5.462842352768087e-06,7.968472036164024e-06,0.0,2.5185854184416906e-06,4.7295475486073805e-06,0.5734022960115219,0.7443801277455664,-0.05018386042047346,-0.00041385527740540797
2024-02-22,0.0022449197964916636,3.4365322845704215e-06,4.29118431827017e-06,0.0,1.4038978311071087e-06,4.023870720922013e-06,0.31478376243539397,0.6243333609025437,-0.0516769202123549,0.002231764311336794
2024-02-23,-0.00031156183483843777,4.597913334933967e-06,4.303003823117228e-06,0.0,1.9559763193501234e-06,2.1230761241943727e-06,0.3878980200286979,0.3842986284888312,0.027621839624176817,-0.00032454180444003343
2024-02-26,-2.2976880839660144e-05,4.076858510315239e-06,3.7947637485550474e-06,0.0,1.421216515063896e-06,1.3911343580535098e-06,0.29407308779126934,0.28385909678791277,0.050148524634923294,-3.366085397164784e-05
2024-02-27,0.0008377090082089622,2.5811910404233658e-06,3.0382049314583314e-06,0.0,1.1141864124263268e-06,1.6061443271004017e-06,0.17011674409249683,0.2658443767096082,-0.003987870243259067,0.0008293692814975538
2024-02-28,-0.0007521598509744463,3.275571892125464e-06,3.9145778707969015e-06,0.0,1.5732952109429103e-06,2.0705220002497037e-06,0.24152810131317462,0.297765067998142,-0.0500826280438082,-0.0007629938179485612
2024-02-29,0.00034909535538228605,3.898704119140641e-06,4.5980219400262295e-06,0.0,1.4313402057223715e-06,2.0105191546201707e-06,0.3339099053337784,0.2877488772814212,-0.05001834069476742,0.0003371567699627766
2024-03-01,-0.0012217355868244539,2.662929916510959e-06,2.573179906198045e-06,0.0,9.485927954065331e-07,2.1465984900705237e-06,0.18600824725214,0.31016120058022695,-0.05046734575162091,-0.0012300668879326399
2024-03-04,0.0001619281832365746,2.5400492612444055e-06,2.639006850833266e-06,0.0,8.783445729907619e-07,2.5952353647711855e-06,0.18986358448740542,0.38565840273106267,-0.05034113855049652,0.000153275547186735
2024-03-05,0.0009255270829704856,5.1417694329385385e-06,7.664371304076486e-06,0.0,1.9948514661143787e-06,2.798674076173629e-06,0.5421090882053572,0.42002127177564064,-0.050155973021529215,0.0009079274166911825
2024-03-06,-0.00038462401223116077,2.3761294099434277e-06,2.4455219473333517e-06,0.0,9.673663939029905e-07,2.449893627889796e-06,0.1782262642862233,0.3610494431956728,-0.05053268628981328,-0.00039286292361023035
2024-03-07,-0.00020834148852384555,3.721172241892871e-06,4.442845138025338e-06,0.0,1.4112120652352416e-06,1.5969460685714361e-06,0.3467432121198424,0.2372583047678443,-0.031028634752156954,-0.00021951366403757044
2024-03-08,0.000133177788500872,2.290384620776824e-06,2.52103555328014e-06,0.0,6.565849985848111e-07,1.9420682426944033e-06,0.16839412750689917,0.2764201086855545,-0.04984735608710516,0.0001257677150855358
2024-03-11,1.7440376846890782e-05,2.4538156963971525e-06,2.1710746962464027e-06,0.0,9.147806086044301e-07,1.5254714888504354e-06,0.19132149131780612,0.25219335627833134,-0.0040858538485418466,1.0375234356792361e-05
2024-03-12,0.0001537156595209274,2.090648851780884e-06,2.755023197754148e-06,0.0,7.693640914161591e-07,2.0380242191439533e-06,0.16235495110909998,0.2923557359388416,-0.05003233287734244,0.00014606259916083225
2024-03-13,-7.834397674908098e-05,2.4513062759825186e-06,2.2026291222713325e-06,0.0,9.364701831128127e-07,2.032535274895635e-06,0.16476437627457938,0.299818658464977,-0.04164726771748972,-8.596691760534328e-05
2024-03-14,-3.058122842564984e-05,5.29817554328324e-06,7.92112369529616e-06,0.0,1.9179039367470087e-06,3.484704905388852e-06,0.5539831585749511,0.5351610704830383,-0.05026935362228854,-4.92031365063651e-05
2024-03-15,-0.0008652357755317114,3.832199213175225e-06,4.039214811730469e-06,0.0,1.4619833008885546e-06,3.836166457685841e-06,0.2848194586991981,0.5951126621444898,-0.049363302746732174,-0.0008784053393151916
2024-03-18,0.0008022427534087201,3.715608702456093e-06,3.0885026564241963e-06,0.0,1.295784732457998e-06,2.2246810530556406e-06,0.31024828905913354,0.42399752985092853,0.05025111293758108,0.0007919181762643261
2024-03-19,0.0005645719876470497,2.3070106767634285e-06,2.685815229944624e-06,0.0,6.306529873112109e-07,1.515198733810082e-06,0.19216846641908064,0.29862401656252413,0.04407062928243027,0.0005574333100192203
2024-03-20,0.0008876151853258285,3.293731219221137e-06,5.010163640489705e-06,0.0,1.0479212277065595e-06,1.7199851215307506e-06,0.3155761299722857,0.26403912341857777,-0.024918376998588346,0.0008765433841168804
2024-03-21,-0.00017179179582187847,3.849252481015156e-06,6.163714093990784e-06,0.0,1.5656897820027091e-06,3.6538385633973913e-06,0.4451266796236949,0.5640077818157163,-0.04983709683504539,-0.0001870242907422845
2024-03-22,-0.0003418443031183003,3.0245300717425137e-06,2.837565969723463e-06,0.0,1.060555706115775e-06,3.0833292830920058e-06,0.2272068392026365,0.4963743614490639,-0.02162495811039325,-0.00035185028414897406
2024-03-25,0.0006995349165955634,3.4687831848994157e-06,3.5068278075150996e-06,0.0,1.3570268679545858e-06,2.2388612960975838e-06,0.30392295550938997,0.42635902851051505,0.05023033076612121,0.0006889634174390966
2024-03-26,-0.00015584679042922136,3.12109432253006e-06,3.4473627203910947e-06,0.0,1.124497911961909e-06,1.4680944447135729e-06,0.24549232943326119,0.2968753574210291,0.050235490709148845,-0.00016500783982881798
2024-03-27,0.0015280126580757055,4.721576736956772e-06,6.192770846045917e-06,0.0,1.7435191033714835e-06,2.2861822717378097e-06,0.34826608608238196,0.3364264515462618,-0.047652170105689846,0.0015130686091175936
2024-03-28,-0.000345428969922533,4.532628847632723e-06,3.1544473951224152e-06,0.0,1.5932440310481606e-06,1.4573356700803477e-06,0.30721179604795434,0.29229571661259024,0.04746332403909201,-0.0003561666258664167
2024-04-01,-0.0003325052869796264,3.6829544927528715e-06,4.876585227558794e-06,0.0,9.66517913098083e-07,2.6446502832232898e-06,0.3246539178913678,0.4435791407319494,-0.0007221068495633087,-0.0003446759948962594
2024-04-02,0.00035546763400312413,3.2010027259069503e-06,4.746493804235633e-06,0.0,1.0942183467887858e-06,1.1039792574228712e-06,0.3668967138733761,0.21896155911730483,0.03349304387026237,0.0003453219398687699
2024-04-03,-0.00034661231470889083,2.3869338478951656e-06,3.256992015574956e-06,0.0,9.073477621771709e-07,1.596606787029284e-06,0.20724777358940205,0.2690515536258623,0.0008216134049428211,-0.0003547601951215674
2024-04-04,0.00040431957230121655,2.915381849584492e-06,3.844146739958496e-06,0.0,1.0888434795523128e-06,2.387641159276452e-06,0.25019785783553133,0.37636601790076996,-0.02475769685767415,0.0003940835590728448
2024-04-05,-0.00022091327630004143,2.496317062689242e-06,3.4329937763081932e-06,0.0,1.0203910651464436e-06,1.9769469741570526e-06,0.23075771721489677,0.28235980428997953,-0.04976728736840494,-0.00022983992517834238
2024-04-08,0.00021953623666106379,3.0229592609009726e-06,3.87140847565458e-06,0.0,1.0345976516019087e-06,2.001955183295923e-06,0.2902463256343689,0.2868341360690324,-0.04949433472468273,0.0002096053160896104
2024-04-09,-2.4385592714969737e-05,2.983912290480277e-06,3.1833087238635976e-06,0.0,7.931588708249476e-07,1.564887272885504e-06,0.22216068437644648,0.213313346601569,-0.049587715243195836,-3.291085987302406e-05
2024-04-10,0.0018814075821753423,2.602614556752125e-06,3.1653933009414136e-06,0.0,1.2666899507600525e-06,2.318304365933862e-06,0.22733358799162268,0.34133082706101153,-0.04814430641587729,0.0018720545800009548
2024-04-11,-0.0026166258216754586,5.678773371152327e-06,4.055732181984716e-06,0.0,1.9042159208503375e-06,2.3859637792743943e-06,0.3841985938842256,0.4514777438361113,0.050635828918012826,-0.0026306505069287204
2024-04-12,0.0006356789987265777,4.15640117737892e-06,5.852427474415263e-06,0.0,1.4438057698274831e-06,1.4093641033946385e-06,0.40815366186655044,0.2775340424818088,0.04076087311150933,0.0006228170002015613
2024-04-15,-0.00017700135339939073,4.156196822043679e-06,4.120486513698077e-06,0.0,1.408843316374548e-06,2.1650785306214394e-06,0.2004423945018058,0.31408137119626556,-0.049651821948136124,-0.00018885195858212847
2024-04-16,0.001383473486239488,3.1171352653412794e-06,1.8099425740743008e-06,0.0,1.1627570456670664e-06,1.6724906642121012e-06,0.21170357004526918,0.33156018323977055,0.050581751652137456,0.0013757111606901933
2024-04-17,-0.0003005501038392192,2.483352814544155e-06,2.282739665077287e-06,0.0,8.276133477524672e-07,1.243315719277231e-06,0.1673002843894905,0.25919020432883166,0.050313163490256906,-0.0003073871253858703
2024-04-18,0.00032452923644319477,2.4311503683954827e-06,2.8464809573284832e-06,0.0,9.423679123062001e-07,9.264902383534618e-07,0.21107790735089768,0.2054418604565825,0.04979150041320078,0.00031738274696681116
2024-04-19,2.0927977609340565e-05,2.9627547326140167e-06,4.788730233659943e-06,0.0,1.0999578714270634e-06,2.0273043816966094e-06,0.3428403849349512,0.39047933979346156,0.04989220366843099,1.0049230389942933e-05
2024-04-22,0.0008608912155163448,2.536575244800213e-06,4.171720519796373e-06,0.0,1.0657216513348115e-06,1.2674300670011291e-06,0.3123742659715004,0.2632465350820679,0.05031828382587813,0.0008518497680334123
2024-04-23,0.000915781709547216,2.1547921418031446e-06,2.627799597466808e-06,0.0,8.750773784086579e-07,1.1668572028257542e-06,0.19253863215263808,0.24677386355305714,0.050741853478330254,0.0009089571832267116
2024-04-24,0.0008956748196667167,2.848383692225837e-06,2.534016603372631e-06,0.0,1.1671617231643167e-06,1.3297841217291377e-06,0.17776968637321264,0.27411367452313706,0.050709942072641956,0.0008877954735262248
2024-04-25,-0.000243892206298089,1.9593901863041852e-06,2.647448501818663e-06,0.0,6.923598646978034e-07,1.789880450488269e-06,0.14445428264354077,0.29243892412402467,-0.008260991558004561,-0.0002509812853013979
2024-04-26,-0.0002884291602630843,2.5587630542687877e-06,1.9973129820239225e-06,0.0,1.161344989946815e-06,1.506621918195883e-06,0.18911651573315305,0.3037729157270514,0.05066043347014295,-0.0002956532032075197
2024-04-29,0.0005486279228059115,3.337413369134134e-06,4.108247725808141e-06,0.0,1.2904306953731015e-06,1.8831167418820676e-06,0.20349727258081296,0.26692295110199904,-0.049440661534188315,0.000538008714273714
2024-04-30,0.0007376124808115013,4.648489933432567e-06,3.6719722887028595e-06,0.0,1.673087488189524e-06,2.4020892127625788e-06,0.3179394027168717,0.41799338466812164,0.014442396924008338,0.0007252168418884138
2024-05-01,0.0007659584389137375,4.780028581417123e-06,4.920354531833904e-06,0.0,1.9753274533283755e-06,3.3984340214623517e-06,0.394437468799827,0.6212723062660818,0.05033539066040699,0.0007508842943256957
2024-05-02,-0.0014228728748592356,4.758984162957503e-06,6.496746543604069e-06,0.0,2.0690782405924573e-06,1.8871961547861177e-06,0.46054903192181607,0.36778327599999683,0.05073432199592893,-0.0014380848799611756
2024-05-03,0.0008076098154552407,3.523932664989111e-06,5.853215005003212e-06,0.0,1.5371210295223015e-06,3.070586414579249e-06,0.34846968093601627,0.46720187015797854,-0.048656647491335345,0.0007936249603411468
2024-05-06,-0.001047930994739757,2.5638008243601147e-06,2.84167495003909e-06,0.0,7.799745018027367e-07,2.4429645868323647e-06,0.20253884669391967,0.36182181789703105,-0.04859623269080607,-0.0010565594096027912
2024-05-07,0.0003946843648537001,2.5594005215660587e-06,1.7541085627313316e-06,0.0,7.378699185360109e-07,2.171438537686318e-06,0.12119724765894445,0.31612395182983083,-0.04867772250147063,0.00038746154731318037
2024-05-08,-4.6679381727950435e-05,2.2554489796110232e-06,2.5142639204278476e-06,0.0,8.553699840965337e-07,2.4958058254673523e-06,0.1836955102962177,0.3704258647015043,-0.04886951397701085,-5.480027043755319e-05
2024-05-09,0.0003942409569029659,2.2241335233927397e-06,2.841556010421607e-06,0.0,7.987878548392308e-07,2.007321281616335e-06,0.19783743071211812,0.28779945788422895,-0.0494305174273153,0.000386369158232696
2024-05-10,-0.00018314664341091618,2.1175805380131025e-06,2.0408174235835487e-06,0.0,5.612546221430965e-07,2.1388414430485327e-06,0.14601071433823334,0.30948401769232986,-0.04984134473982377,-0.00019000513743770445
2024-05-13,5.497753117598888e-05,2.085815168729493e-06,2.4603219685610522e-06,0.0,8.004373361632308e-07,2.4796058907511902e-06,0.18020357823111327,0.3667410991061876,-0.04983269054001231,4.7151350811783916e-05
2024-05-14,-0.00037407476085878224,1.2577310487803547e-06,1.3906089257585895e-06,0.0,4.555722852549504e-07,2.5673086210467145e-06,0.09921479489012543,0.3816699626666745,-0.049637885669173515,-0.00037974598173962283
2024-05-15,-0.0008309504838646896,1.8654766470924e-06,1.7293634273491871e-06,0.0,7.299311276698901e-07,2.617370614398592e-06,0.12229498902265569,0.39060527537134393,-0.04911298784761954,-0.0008378926256811997
2024-05-16,0.00013057111583770914,2.3961139887816184e-06,3.1657855700377004e-06,0.0,1.052564625233177e-06,3.1417764651300486e-06,0.2373893962270945,0.4808871105532955,-0.04693133558855264,0.0001208148751885266
2024-05-17,0.000408625200934194,2.4575866717825145e-06,3.9478141462539566e-06,0.0,1.0430856467752552e-06,2.2984001280395377e-06,0.282005121905849,0.3361880952889363,-0.04994312622170588,0.00039887831434134275
2024-05-20,-0.00036942815917233974,2.336511835379715e-06,2.5233026375537556e-06,0.0,8.972971576987806e-07,2.022247019784706e-06,0.18050568781377702,0.28941516959425273,-0.05032232972957788,-0.0003772075178227567
2024-05-21,-0.0003341920732004034,3.955660638573848e-06,3.0958828588239095e-06,0.0,1.4389230191550795e-06,2.1701483837941493e-06,0.22018548453950848,0.31422430483641245,-0.05036062364100481,-0.0003448526881007504
2024-05-22,-0.0006669589847756193,4.656718018888596e-06,6.083295808428562e-06,0.0,1.5517467045268095e-06,3.1419572655853134e-06,0.42817574365444594,0.4774985053262885,-0.05035031529204445,-0.0006823927025730485
2024-05-23,0.0011677330256399331,4.162861797804048e-06,3.226744590774461e-06,0.0,1.470731264897252e-06,3.046493806498534e-06,0.22403383767490487,0.4631227617316554,-0.048688197760098306,0.0011558261941799588
2024-05-24,-0.0012112319416753567,2.764997427243249e-06,2.9511100057975643e-06,0.0,1.2410017348705525e-06,3.1806073877163246e-06,0.2083624183112858,0.48451313573152743,-0.049828905404814966,-0.0012213696582309844
2024-05-28,0.001008060365020426,2.9852258931406693e-06,3.2267672437659613e-06,0.0,1.4064860798136613e-06,3.1078825686317047e-06,0.2330845552062593,0.47302931423231204,-0.04909495729781488,0.000997334003235074
2024-05-29,0.001296868240380269,3.259272353974994e-06,3.162776252499556e-06,0.0,1.4470510546091046e-06,2.1560114042716723e-06,0.3146562426377483,0.413519599043281,0.051309683125639924,0.0012868431293149136
2024-05-30,0.0002021270142684519,5.158304730078535e-06,8.237709756289671e-06,0.0,2.793701295270683e-06,4.09959338886098e-06,0.546754872761017,0.687167988827502,-0.0015637005011429062,0.00018183770509795202
2024-05-31,-0.0004903008547286275,6.595614324805404e-06,9.600322558846803e-06,0.0,3.193912524540682e-06,6.612770469763826e-06,0.6425974939206478,1.0611758591420442,-0.04976957977827878,-0.0005163034746065843
2024-06-03,0.0034889155517701764,5.307769875138546e-06,5.692986284433899e-06,0.0,2.1570353948039542e-06,5.688861693851411e-06,0.41085824379308306,0.9071468240577321,-0.04858194050930498,0.0034700688985219484
2024-06-04,-2.0816399903903312e-05,5.323482137741127e-06,6.31090422001537e-06,0.0,2.3486200860439933e-06,3.7625147197334828e-06,0.47298671447295915,0.5827360469024233,-0.049366426012802084,-3.8561921067437285e-05
2024-06-05,0.0011116159469694875,3.6964464841470504e-06,4.530985239895394e-06,0.0,1.5636585664253905e-06,2.6466117120434053e-06,0.3348745081404203,0.3947895718401013,-0.04984119578319121,0.0010991782449669763
2024-06-06,0.0004786100557695244,3.297049590447122e-06,3.800463163494198e-06,0.0,1.7974759763324503e-06,2.1008694134167482e-06,0.2885255259553171,0.31110437585211737,-0.04184168560189623,0.00046761419762583387
2024-06-07,-0.0001731808928717488,3.2255709274661906e-06,2.500086300500055e-06,0.0,1.330564769776328e-06,2.0374430095069855e-06,0.19040483013316478,0.3183293403101952,-0.023961085286978386,-0.00018227455787899835
2024-06-10,0.0003554332696191897,4.928361009457508e-06,4.192236704263688e-06,0.0,2.6111185275801225e-06,2.1726068061870546e-06,0.3280500962142985,0.37871006623981235,0.01371212280038734,0.00034152894657170135
2024-06-11,0.0003732013367060875,4.543956726773743e-06,5.132791983577362e-06,0.0,2.0541652574190728e-06,2.7595993676027856e-06,0.3099942416421604,0.41417702227567255,-0.0494356714815955,0.0003587108233707146
2024-06-12,5.7947975703546996e-05,4.080573061305844e-06,3.8033278302495164e-06,0.0,1.6479104154375272e-06,2.544368199376509e-06,0.26407202273334135,0.37818780726926043,-0.04926605022599316,4.58717961971776e-05
2024-06-13,-0.0001328567863245294,4.138861416511652e-06,3.9925239173138254e-06,0.0,1.3857957001903116e-06,2.347416858291909e-06,0.29519478665135945,0.34464558013596736,-0.049720452057073546,-0.0001447213842168371
2024-06-14,0.00022660669172147924,3.786658060666952e-06,3.6761710080624326e-06,0.0,1.782782400128584e-06,2.6610912187402186e-06,0.2596514666625767,0.3970005662966168,-0.05006275845173981,0.00021469998903388105
2024-06-17,-0.0011847438791650338,3.319229324381331e-06,3.775882500772643e-06,0.0,1.5766588956755212e-06,2.835706777973871e-06,0.27615490180997626,0.42641003156637713,-0.049988707133233425,-0.001196251356663837
2024-06-18,-0.0007480702403296574,3.5475420360837956e-06,3.5315987688611187e-06,0.0,1.8336127040917875e-06,2.9658751184731094e-06,0.2475940424487767,0.44797687904783967,-0.05029014085564291,-0.0007599488689571673
2024-06-20,0.0005609390248262167,3.1472805634297636e-06,3.2247680222128143e-06,0.0,1.2667609780800433e-06,2.9811359454063395e-06,0.22814125290967763,0.45104237440627637,-0.04978846442198884,0.0005503190793170877
2024-06-21,0.000434883318992275,4.6410468923501215e-06,5.283692304017387e-06,0.0,2.3150923912380147e-06,3.040285116301839e-06,0.3671734406711056,0.46089263812797077,-0.04987526141073807,0.00041960320228836764
2024-06-24,0.0002446864712241732,6.328284434949601e-06,6.2069777388587325e-06,0.0,2.8881013323232855e-06,4.024427649576568e-06,0.5220752869162545,0.6978252652341341,0.021721420105270894,0.00022523868006846503
2024-06-25,-0.0005701459467407875,4.992131177149825e-06,4.821459551985575e-06,0.0,2.0398023894322795e-06,2.901538333186073e-06,0.3592573256306592,0.537239351028823,0.049780911053562985,-0.0005849008781925413
2024-06-26,-0.0007661485630632884,4.524360503543955e-06,4.989337077591929e-06,0.0,2.241286641284581e-06,2.621178173188334e-06,0.2943105357274772,0.4236738043780753,-0.01668412871756461,-0.0007805247254588972
2024-06-27,0.00019732794379525163,3.5757639494341697e-06,3.4984630687816724e-06,0.0,1.982631409755047e-06,2.2007340755424306e-06,0.25838652931399697,0.36738830908759607,-0.002335015603532194,0.0001860703512917383
2024-06-28,-0.0007304801858227928,8.169487547120618e-06,9.305124298004698e-06,0.0,3.892426925678925e-06,4.461014408682984e-06,0.6022576804038066,0.6997568240958052,-0.04969359656293609,-0.0007563082390022801
2024-07-01,0.0017757317468338313,6.9564117420218785e-06,5.5057918856350045e-06,0.0,3.0319653422647556e-06,3.904040338578838e-06,0.3937972601079494,0.6060224223268975,-0.049856354554347254,0.0017563335375253308
2024-07-02,-0.0002686408526584534,6.075911343873948e-06,5.023015697417009e-06,0.0,2.3777482027038986e-06,3.151899442275247e-06,0.36688576470379175,0.47951824157751655,-0.050000864724724814,-0.0002852694273447235
2024-07-05,0.0011088677805363998,4.411154803345411e-06,4.562844283032167e-06,0.0,1.6562061174105185e-06,2.5017223875154442e-06,0.3319736351109486,0.37069563611602385,-0.049593724986570574,0.0010957358529450963
2024-07-08,0.00078365031750943,5.207614498825583e-06,4.862158565587501e-06,0.0,2.5721702860057265e-06,3.1710924514419545e-06,0.38822821728559365,0.525427191216927,-0.007316340625321133,0.0007678372817075692
2024-07-09,-0.0005464805315317228,5.939580242187107e-06,3.7163850206084695e-06,0.0,2.235241412400949e-06,3.2424965583507096e-06,0.30826359206295384,0.5949950203970629,0.050255598594143414,-0.00056161423476527
2024-07-10,-0.0006452119034074066,5.775086017402244e-06,7.580331326156432e-06,0.0,2.4649134218855884e-06,3.4373289166223536e-06,0.44502424055101414,0.5277225636020662,-0.04974869439048914,-0.0006644695630894733
2024-07-11,0.0003792438226376478,5.059419497303268e-06,4.7657258455285295e-06,0.0,2.180347797183718e-06,2.825061507679685e-06,0.32963326328535525,0.4240636648774795,-0.05054666841270809,0.0003644132679899526
2024-07-12,-0.0008065314933977833,7.729279094698124e-06,9.333107416356036e-06,0.0,3.2859200971498686e-06,5.278570590737557e-06,0.7137718994708269,0.8528019220584809,-0.033997937185428706,-0.0008321583705967249
2024-07-15,-0.0013189722211529849,4.800728274805808e-06,4.557811907407517e-06,0.0,2.18728595327726e-06,4.357018875150884e-06,0.3858483946666569,0.767019954113408,0.03504078308805911,-0.0013348750661636264
2024-07-16,0.0012789116699427302,3.543090744026014e-06,5.223478548700518e-06,0.0,1.8192807350667318e-06,4.181310532297243e-06,0.30442351402600815,0.652527772289127,-0.04993239713680986,0.0012641445093826396
2024-07-17,-0.0007307155080772765,5.161304166326535e-06,6.133353658233436e-06,0.0,3.8531417833603465e-06,5.139064786113808e-06,0.44576043539162713,0.8126860431661792,-0.05067684090094052,-0.0007510023724713106
2024-07-18,0.00045936499375699713,6.012010583547172e-06,8.182102313860162e-06,0.0,3.842621792813265e-06,3.1107783421275834e-06,0.6124343829364332,0.5052462963199336,-0.017364465157500876,0.00043821748072464897
2024-07-19,0.00015416381879243923,6.515056808781725e-06,8.663884440834421e-06,0.0,3.5375857475407364e-06,4.066647371228531e-06,0.668595846549238,0.7342561869831192,0.051059428616725966,0.0001313806444240538
2024-07-22,0.003218686097750886,4.974004006183362e-06,6.146536634864009e-06,0.0,2.90044324581631e-06,4.335704664530146e-06,0.35534611943782696,0.6790975358469495,-0.04930084779411498,0.003200329409199492
2024-07-23,-0.0004894039591262244,6.318164882200465e-06,4.569099487155568e-06,0.0,3.153123413020536e-06,3.3319850824514837e-06,0.41676329443260896,0.6098122744241998,0.0500387805723506,-0.0005067763319910525
2024-07-24,-0.0004045081772195092,5.248198676745805e-06,6.2694132606130705e-06,0.0,2.8543974193122238e-06,2.547716870978331e-06,0.463428854835384,0.47903995846055325,0.051023524136193626,-0.0004214279034471586
2024-07-25,-0.0012563961270848588,5.160343594432585e-06,5.094988030914595e-06,0.0,2.170081678360228e-06,2.709114556288961e-06,0.36840077404162963,0.5045262063467051,0.0493949608901596,-0.0012715306549448552
2024-07-26,4.2996810342541725e-05,3.173247997939496e-06,3.552260458148377e-06,0.0,1.91628363795858e-06,2.7352333618954513e-06,0.2540878914970715,0.5092866174573398,0.04976741265890425,3.161978488659982e-05
2024-07-29,0.0009034870301247857,6.503140376313155e-06,7.74321262519194e-06,0.0,4.357757552292251e-06,4.470884786797517e-06,0.5757334850229472,0.8011998423795708,0.05009119819758795,0.0008804120347841908
2024-07-30,-0.0020421190044537943,4.291995836006255e-06,4.8009689543956e-06,0.0,2.9034438408863618e-06,4.020729359341983e-06,0.34312368182565317,0.7263738316654995,0.050891299296046466,-0.0020581361424444247
2024-07-31,0.002855265680678301,6.966058828752914e-06,8.752573810912573e-06,0.0,4.441348541905545e-06,6.235025770751012e-06,0.6522458457828644,1.1003982838691113,0.05291395438294155,0.002828870673725979
2024-08-01,-0.0019152490265333113,1.0928834215008555e-05,1.621216392923126e-05,0.0,6.60040147050696e-06,4.765363597831459e-06,1.0642329359688283,0.7488963391669665,-0.05168474526871826,-0.0019537557897458895
2024-08-02,-0.0008067601296489949,9.07998225475096e-06,1.2075510373934122e-05,0.0,5.832051642304011e-06,5.336088968324669e-06,0.8616027349997148,0.845103074366993,-0.05135987231155184,-0.0008390837628883086
2024-08-05,-0.0016140255682191187,7.684976694593262e-06,9.342968556086543e-06,0.0,4.986815343768538e-06,6.5749724228225874e-06,0.7420823668269076,1.14020058981653,0.03560522278233469,-0.0016426153012363896
2024-08-06,-0.0017421588285538934,1.0592950993216568e-05,1.5624309767752896e-05,0.0,6.364434181141523e-06,4.709494925227215e-06,1.2013247520650445,0.8409733746662993,0.04977822722812755,-0.0017794500184212317
2024-08-07,-0.0021428343542483656,9.520676354366345e-06,9.822368088626142e-06,0.0,4.996641036784943e-06,6.177869174209963e-06,0.7270531558282589,1.0866614354829462,0.048779414215672834,-0.002173351908902353
2024-08-08,0.00021382657626200022,8.00248362489087e-06,7.442921298137727e-06,0.0,5.1549695244155406e-06,4.7930056267467565e-06,0.518664142995066,0.860090670947896,0.054865725654440534,0.00018843319618780933
2024-08-09,-8.516708570493122e-05,4.512148356255657e-06,5.160605408354408e-06,0.0,2.280318224031439e-06,4.024757796740523e-06,0.35879249243731726,0.7277301066603057,0.05157079680789792,-0.00010114491549031326
2024-08-12,-0.000863032551726803,6.141975541013248e-06,7.132732340384809e-06,0.0,3.0524951766703134e-06,2.8707781737961784e-06,0.4495638488078687,0.47842257336399735,-0.0038681598337601403,-0.0008822305329586676
2024-08-13,0.0007043390533727371,3.9545486156281485e-06,4.432501332827827e-06,0.0,2.1683435285526128e-06,3.2601993200530126e-06,0.2797314729657186,0.4990974460285385,-0.04861603974036766,0.0006905234605756755
2024-08-14,-0.0009334743789765198,3.5805795255323113e-06,2.8841335383019846e-06,0.0,1.7682420951091703e-06,2.9109281220193273e-06,0.23130216943763587,0.4707435642029908,-0.01829236029625618,-0.0009446182622574826
2024-08-15,0.0007464377018042021,4.639590198411049e-06,4.315912403423269e-06,0.0,2.5943628083740077e-06,3.1318488586272027e-06,0.3666672400299672,0.5759605055299023,0.04980989728053212,0.0007317559875353666
2024-08-16,-0.00011295931873999135,3.254895622091924e-06,4.040820227865147e-06,0.0,1.6450976705138624e-06,3.600505014786436e-06,0.2276587651321855,0.5822809073278541,-0.022603935156266936,-0.00012550063727524873
2024-08-19,-0.000775838129168855,3.79840529446457e-06,4.33324187984801e-06,0.0,1.6390583584048492e-06,3.037163117670434e-06,0.28007532785613803,0.46081385402135944,-0.04942954974727321,-0.0007886459978192428
2024-08-20,-9.670260768475267e-05,2.51368240796686e-06,2.907082179025016e-06,0.0,1.5480737031851596e-06,3.1043533689310426e-06,0.2117139371980623,0.4723318945370264,-0.049199471443388806,-0.00010677579934386075
2024-08-21,-0.0002546192034298266,2.808488806312391e-06,3.668541896680986e-06,0.0,1.2676572019615902e-06,2.298918806627861e-06,0.25932557999624356,0.33666779065295804,-0.04955056886052231,-0.00026466281014140945
2024-08-22,-8.01835594652034e-05,3.4776846030344665e-06,3.2343700134077806e-06,0.0,1.624238465549676e-06,2.143404947311108e-06,0.2308540081693095,0.3101529998336233,-0.04993903131464311,-9.066325749450643e-05
2024-08-23,0.0005048508528807922,3.536926696991693e-06,3.859779894240467e-06,0.0,1.7381631834540765e-06,2.443692192434153e-06,0.2669235364566145,0.3607242662594933,-0.049816022069444243,0.0004932722909136718
2024-08-26,-4.499216552828696e-05,2.6076518276636345e-06,2.4716441436530377e-06,0.0,1.2826754407050862e-06,2.4035814442767373e-06,0.1783902790998042,0.35367866098388473,-0.050123021654606845,-5.3757718384585455e-05
2024-08-27,-0.00035691801010789755,4.253776209987266e-06,4.041388894024347e-06,0.0,1.8740681568018847e-06,2.274993002107436e-06,0.2898229594734333,0.33230746307140485,-0.04989136128264444,-0.00036936223637081846
2024-08-28,0.00017209272460432404,3.974809345267986e-06,5.088304821369202e-06,0.0,2.41642658397891e-06,3.3733855986140686e-06,0.36376979294868583,0.5170549637333247,-0.049673816833838896,0.00015723979825509388
2024-08-29,-0.0003823181072251381,4.243637323550131e-06,3.829478796329812e-06,0.0,2.420854410578731e-06,3.4704149152312517e-06,0.27767407053612336,0.5332100610555146,-0.04981964470333555,-0.00039628249267082804
2024-08-30,0.00011939591445688743,4.804016745311633e-06,6.274264838701431e-06,0.0,2.991873259621066e-06,4.251622351849155e-06,0.4475950904709791,0.6644913107372399,-0.04978124437341802,0.00010107413726140414
2024-09-03,-0.00208059439379066,6.2185792101996455e-06,6.76958406017396e-06,0.0,3.2035563197898842e-06,5.535881836150422e-06,0.475484264036782,0.8816498599291551,-0.048378288544115466,-0.002102321995216974
2024-09-04,-0.0010025756799636571,4.561255889328241e-06,4.6400711263895525e-06,0.0,2.5842696042811966e-06,5.050276324436552e-06,0.33399975028008794,0.7986718912374183,-0.04977453126792264,-0.0010194115529080926
2024-09-05,0.0015810315205353682,4.72227679344204e-06,4.967342914907834e-06,0.0,3.1781602565719782e-06,5.154327484588836e-06,0.3660118040820934,0.8168778222074287,-0.049049195203494766,0.0015630094130858574
2024-09-06,-0.0009932300668633613,3.5341306772645216e-06,3.567699986661791e-06,0.0,2.4907407685912436e-06,5.04758984321535e-06,0.25819832138058396,0.8000607465761131,-0.04793434708406624,-0.0010078702281390943
2024-09-09,-0.001044879352276968,6.4789600465169114e-06,6.535959895325359e-06,0.0,2.771645686334572e-06,3.856545013549297e-06,0.47418902398843166,0.6149069408758213,-0.032992621400460054,-0.0010645224629186943
2024-09-10,-0.0009690742214738607,4.923215691647774e-06,4.347446968726212e-06,0.0,2.6384771757799714e-06,4.034073228202345e-06,0.29738947503128577,0.6266595967512947,-0.051064705586699205,-0.000985017434538217
2024-09-11,0.0022862700349062684,5.151398888696509e-06,4.508051810696011e-06,0.0,2.104618784154667e-06,3.378369811952513e-06,0.318372564124779,0.5174223632087104,-0.05014376519931166,0.0022711275956107686
2024-09-12,0.000397462573455306,3.617133362744684e-06,4.308546383978855e-06,0.0,1.5242013858033667e-06,2.7816024380608783e-06,0.3162757363773486,0.4170879523048769,-0.050221257289351035,0.0003852310898847182
2024-09-13,-0.0007912945713405359,3.2817550513995566e-06,2.508290495827955e-06,0.0,1.1573171341638056e-06,2.5472093444019014e-06,0.17076796243485526,0.3774795114605954,-0.05045165839892428,-0.0008007891433663291
2024-09-16,-0.000864040128582987,2.264980289685545e-06,2.9697623382741997e-06,0.0,1.218345009392795e-06,2.2381361607104545e-06,0.21851099191163378,0.32558777137236694,-0.05041910362698975,-0.00087273135238105
2024-09-17,0.0002606244200602031,4.2476695750315785e-06,4.117683547047083e-06,0.0,1.6681010498754342e-06,2.4296219177307647e-06,0.28561180061347685,0.3572514563012083,-0.05092502587755997,0.00024816134397051824
2024-09-18,-0.0007375614280513795,3.2881732036043928e-06,2.9643170417800814e-06,0.0,1.6224504827669312e-06,2.574241780849891e-06,0.20752341601995164,0.38144480569025646,-0.05102781349252496,-0.0007480106105603808
2024-09-19,-0.0014935459282866884,4.374173451168527e-06,3.871283733070452e-06,0.0,2.2123267833027883e-06,2.803044616686675e-06,0.26811502411241245,0.41856510748779296,-0.05234638811556838,-0.001506806756870917
2024-09-20,0.0019005243543576504,4.368619578626995e-06,4.2552912386238825e-06,0.0,2.5954025596161777e-06,2.7498999085782823e-06,0.32745307183093303,0.43494571892050465,-0.02703746572064642,0.0018865551410722052
2024-09-23,0.00040437002593360306,3.8018335998373257e-06,4.2254874171928635e-06,0.0,2.0986611521070874e-06,2.6163875106776986e-06,0.2928140055917027,0.3968884261773189,-0.04266467561653448,0.0003916276562537881
2024-09-24,-0.0011167875202416865,3.3657885664614265e-06,4.004587139326119e-06,0.0,2.0934351185308998e-06,2.5550280435810166e-06,0.284602334597791,0.3787933526766989,-0.05045135864491197,-0.001128806359109586
2024-09-25,0.0003771420267870702,5.237693264787396e-06,5.526388168939122e-06,0.0,2.507286387929134e-06,3.2643695112194456e-06,0.39160283067369506,0.49885383243145104,-0.04956024545341643,0.00036060628945419507
2024-09-26,-0.0011663075020697559,4.773443957955682e-06,4.395581507712452e-06,0.0,2.128749121907289e-06,3.38633482015922e-06,0.2998964144624224,0.5191008641202827,-0.04980338566646614,-0.0011809916114774905
2024-09-27,-0.00047380313964864553,3.7907401944391136e-06,4.326491468196056e-06,0.0,1.9976783434315267e-06,2.5825025539119115e-06,0.324303398827547,0.38445112344852705,-0.04940930560867396,-0.00048650055220862416
2024-09-30,-9.12653171561301e-05,4.732300371138325e-06,4.72593512443811e-06,0.0,2.626687030193871e-06,2.3998172043907613e-06,0.33251355926449644,0.35353048461074654,-0.04963880572690138,-0.00010575005688629116
2024-10-01,0.0004919097790630183,3.5460456465528595e-06,3.961188734076098e-06,0.0,1.914681711094414e-06,2.3591809252212043e-06,0.2947495509710845,0.34735088495123156,-0.04899151048593079,0.0004801286820460737
2024-10-02,-0.0006275573070720101,3.889365073221049e-06,5.62413796890162e-06,0.0,2.1780617113651153e-06,3.470194188022188e-06,0.4054037139951596,0.5336412034449214,-0.04935142014280579,-0.0006427190660135201
2024-10-03,0.000546623143729853,5.394202222487742e-06,7.025210577772722e-06,0.0,2.900824665434599e-06,4.721823448473065e-06,0.494860171553352,0.7443347047372364,-0.04893163460623906,0.0005265810828156849
2024-10-04,-0.0006093190778545032,4.4179537051658744e-06,4.267648108537722e-06,0.0,2.167438109426656e-06,4.186452944632277e-06,0.3085415917075671,0.6530673082894566,-0.050256786408766185,-0.0006243585707222658
2024-10-07,-0.0009070317658095749,4.6591882018456956e-06,3.891133369501156e-06,0.0,1.9474520924275617e-06,4.102089581537403e-06,0.2700620355339647,0.6397701265229397,-0.0493809231753444,-0.0009216316290548868
2024-10-08,0.0018641371384160099,5.0697598175595326e-06,6.429579631276828e-06,0.0,2.254620849583473e-06,2.355849052563791e-06,0.4833989395106387,0.34665903294900857,-0.04912360788170836,0.0018480273290650262
2024-10-09,-0.0007551130856015578,2.6109877992674765e-06,3.1845797198225437e-06,0.0,1.4898304530410774e-06,2.527405214357744e-06,0.2297931340922171,0.3743017689995398,-0.050302307012561095,-0.0007649258887880467
2024-10-10,6.240620582427957e-05,3.4052685611908755e-06,3.0465579050723005e-06,0.0,1.8727076509407528e-06,2.549348750048767e-06,0.2149745171079879,0.37812065683494195,-0.05016993317325115,5.153232295702688e-05
2024-10-11,-0.0008018165714211304,2.910912145449972e-06,3.5514075315164736e-06,0.0,1.2992349001618538e-06,2.5608107103012593e-06,0.2658914391196323,0.379979212803694,-0.050236986526917535,-0.0008121389367085599
2024-10-14,-0.0005140688922546302,3.7125815974046923e-06,3.6876055562783896e-06,0.0,1.6432705921334103e-06,2.9986324067902055e-06,0.26204565099699406,0.45371394067524556,-0.050056303665508985,-0.0005261109824072369
2024-10-15,-0.0003515719813434448,3.148275455653887e-06,2.703191223387816e-06,0.0,1.4129359477016712e-06,2.877124599712748e-06,0.2147213131210489,0.45602174550336305,-0.027335187248378717,-0.0003617135085699009
2024-10-16,-0.00017190793464117723,3.0475402190759674e-06,2.069357384062671e-06,0.0,1.911969304864043e-06,2.4792701114961434e-06,0.2053630342326465,0.4653463211785687,0.048828942447216514,-0.00018141607166067606
2024-10-17,-0.0004903956173467507,5.285978778382261e-06,6.8508931544109925e-06,0.0,3.374817512603935e-06,2.4986887574908968e-06,0.45550280670657173,0.42665579339531723,0.006876082136846418,-0.0005084059955496388
2024-10-18,0.00025696153858986953,4.037260562902869e-06,4.987780392515024e-06,0.0,2.244724110980203e-06,2.720683807762148e-06,0.309108786361952,0.4076606185072003,-0.049414261196840975,0.00024297108971570928
2024-10-21,-9.35312706217365e-05,3.588293931393609e-06,3.901827853631421e-06,0.0,1.937577621499411e-06,2.712490570082022e-06,0.2859803275054701,0.40571062667316593,-0.04998778910061348,-0.00010567146059834297
2024-10-22,0.00028886493165453987,4.4422074949676385e-06,3.2363966133900874e-06,0.0,2.686647496208932e-06,2.4931838316347818e-06,0.3042506053400957,0.46917511197913286,0.050320228264489626,0.0002760064962183384
2024-10-23,0.001691339595326996,4.708647763807772e-06,6.446987314361895e-06,0.0,2.786801242142874e-06,2.825319563350182e-06,0.4576445410936304,0.5255643423440535,0.0509106557012228,0.0016745718394433333
2024-10-24,0.0023586673477113008,5.477319224753519e-06,5.9297467477197286e-06,0.0,2.887582041412215e-06,2.6003272049748035e-06,0.41150024625973775,0.4803202578238402,0.04346528738807358,0.0023417723724924403
2024-10-25,0.00019436702589813894,4.82919704302236e-06,3.369209786207571e-06,0.0,2.2127578734208735e-06,2.3524201384512785e-06,0.2462851086929917,0.4438096437615933,0.04860306050177864,0.00018160344105703686
2024-10-28,-2.560424631110077e-05,5.080770606027848e-06,7.759606012913194e-06,0.0,3.189157618209114e-06,3.300734495922821e-06,0.5819560419660457,0.6053416757488719,0.05081828043383757,-4.4934515044173747e-05
2024-10-29,-0.0009613314998325234,4.714913741876277e-06,6.354658513523183e-06,0.0,3.189175035798225e-06,4.3230726305698975e-06,0.4743970819378286,0.7769208986961054,0.05064469676036237,-0.000979913319754291
2024-10-30,0.0009817324187750894,3.876473290746866e-06,4.86981169554004e-06,0.0,2.734091662285702e-06,3.85548979613265e-06,0.35012981234715723,0.697868247311012,0.05014596156072687,0.0009663965523303841
2024-10-31,0.0030905337620012185,5.338037595958743e-06,5.526275191360953e-06,0.0,3.3856558143785823e-06,3.5484904341989187e-06,0.39634866439732375,0.6458880415829242,0.04974164863750591,0.0030727353029653213
2024-11-01,-0.0006698422664646161,4.681218217264839e-06,4.974332695404413e-06,0.0,2.4533303521654288e-06,4.177672202371879e-06,0.3598205276210709,0.7520614805373443,0.05021255053886814,-0.0006861288199318227
2024-11-04,0.0017047807900139474,7.743912953197643e-06,9.919627527643617e-06,0.0,3.993725324197202e-06,2.7128299385776397e-06,0.7107996933333383,0.5060322271549534,0.05027679747390997,0.0016804106942703313
2024-11-05,-0.000544686057141714,6.486492352698686e-06,8.245729494253043e-06,0.0,4.118197409786468e-06,3.459835208448604e-06,0.4992926343022833,0.5321786571377415,-0.04907365788162388,-0.0005669963116069007
2024-11-06,0.003753441511158391,7.756132311855066e-06,9.643262500796637e-06,0.0,5.59962511002698e-06,5.062547806361258e-06,0.7147703490828226,0.7999101164383555,-0.050597915030336005,0.003725379943429351
2024-11-07,0.000563168083840721,8.270524432265806e-06,9.070061981856023e-06,0.0,4.545807989756808e-06,6.003771678803915e-06,0.6664309990697072,0.9646146533185291,-0.04401898872052834,0.0005352779177580384
2024-11-08,0.00143459756725999,5.175207657296329e-06,5.536350289657749e-06,0.0,2.827420644292909e-06,4.888509666987638e-06,0.39114541414868964,0.7853333727385394,-0.03593625131538375,0.0014161700790017555
2024-11-11,2.8225138703162378e-05,4.88575640540891e-06,5.063545755900187e-06,0.0,3.3066907299227503e-06,4.223386956192813e-06,0.34664188754046155,0.6606055461376059,-0.048923462502786896,1.0745758855737718e-05
2024-11-12,-0.0009962216714437084,5.724367611982912e-06,5.274251424175779e-06,0.0,4.629039909488003e-06,3.7610451851394966e-06,0.45931993065461496,0.682266294000516,0.05041070289708097,-0.0010156103755744946
2024-11-13,-0.00019286416231286232,5.507531893542905e-06,5.762047010867004e-06,0.0,3.829277203602311e-06,4.365341288729619e-06,0.4210467164028424,0.784536909681016,0.05115957317443992,-0.00021232835970960416
2024-11-14,-0.0012186159563838082,7.016257049077185e-06,7.723070222430888e-06,0.0,3.485896160339407e-06,2.8199171072907146e-06,0.5428221046823574,0.5236000661477948,0.04985399212295466,-0.0012396610969229464
2024-11-15,0.0011355617242996324,6.73228268928739e-06,9.635818099353935e-06,0.0,3.960919604556545e-06,4.246314743029494e-06,0.683306687511144,0.7644081278941384,0.051027251065182855,0.001110986389163405
2024-11-18,-0.000864016583548478,5.927963536825156e-06,5.922316130070529e-06,0.0,4.723327621755098e-06,3.9037817615422375e-06,0.4198040923022942,0.7056686369390015,0.04983330099990549,-0.000884493972598671
2024-11-19,-0.002540349322670678,5.993154721308721e-06,6.111747201482647e-06,0.0,4.127935524388968e-06,3.979333960315094e-06,0.4395425018315424,0.7184841368487025,0.0499560315157663,-0.002560561494078173
2024-11-20,0.00165594257840771,5.603771114339757e-06,6.898374059608695e-06,0.0,3.7239079784151816e-06,3.4780022720432446e-06,0.41443113080974087,0.535208932511603,-0.049095449191662116,0.001636238522983303
2024-11-21,-0.001760800414009146,5.667895286689587e-06,6.971383243115088e-06,0.0,3.401981306624046e-06,3.664507600215429e-06,0.5147732949559287,0.5654971783150766,-0.0501400985211152,-0.0017805061814457903
2024-11-22,0.001556607222683754,4.1024324623176426e-06,4.16005894715864e-06,0.0,2.286567085290743e-06,3.1786963856835925e-06,0.30069081426280253,0.4847203076857031,-0.0493006851091402,0.0015428794678033035
2024-11-25,-0.00036891847787086016,4.207559584307594e-06,4.585106119011819e-06,0.0,3.1018289928853983e-06,3.304944089624617e-06,0.3979457205223389,0.5840849487539609,0.028854341697025054,-0.0003841179166566896
2024-11-26,0.001219658444120539,3.530928320644381e-06,5.080246943929476e-06,0.0,2.280506613851265e-06,3.519349595643591e-06,0.3035714327122064,0.542416787741806,-0.04883394432631691,0.0012052474126464702
2024-11-27,8.02099204572453e-05,4.105562693475935e-06,3.861292411884402e-06,0.0,1.8546235434099143e-06,3.08811424371334e-06,0.26434005280691397,0.46903081299145727,-0.04977237995238388,6.73003275647617e-05
2024-12-02,-0.0014830740759410376,5.585912006546387e-06,4.619660480927274e-06,0.0,2.87562271116186e-06,3.22939204066701e-06,0.3396730780315048,0.492224461667824,-0.05031340116423341,-0.0014993846631803402
2024-12-03,0.00048256196106760815,5.54232530699685e-06,4.497498431656863e-06,0.0,3.264326008590051e-06,3.297718948751157e-06,0.4003556432229522,0.6044684008223152,0.0504516174321208,0.00046596009237161325
2024-12-04,-0.0001761090678968036,6.367075990397045e-06,7.153980579340867e-06,0.0,3.660073762047338e-06,4.345688949605897e-06,0.43255638906306326,0.6887363235377122,-0.0413394199960784,-0.00019763588717819475
2024-12-05,-0.00025826151151962383,7.813171509520546e-06,5.3208006194558475e-06,0.0,4.674068873908622e-06,4.516088123233798e-06,0.4513037134415526,0.8095843592081023,0.05088155450482462,-0.00028058564064574264
2024-12-06,-0.0006610010277060125,6.680654222774755e-06,9.720769736895242e-06,0.0,4.729782327206186e-06,4.4369104965670655e-06,0.6188370876365319,0.6957540091924044,-0.049646954230862864,-0.0006865691444894558
2024-12-09,0.0022716192650029093,7.519863299050345e-06,6.469926479739579e-06,0.0,5.082061454163848e-06,3.7981105863904726e-06,0.5347398156395923,0.6881255129392315,0.05004293442563158,0.002248749303183565
2024-12-10,-0.0002448718612364329,4.382928077713695e-06,5.654813943956805e-06,0.0,3.2086847313040824e-06,4.038632302048166e-06,0.347582398149645,0.6611801842782,-0.017310042465891406,-0.0002621569202914556
2024-12-11,0.00013030020016363021,8.148697193539738e-06,7.493399054084531e-06,0.0,5.955484405135831e-06,4.342745168757537e-06,0.5212499760374738,0.7142667901149069,-0.015314398236358856,0.00010435987434211258
2024-12-12,0.00016766968329494876,9.129263421492064e-06,7.86490437784796e-06,0.0,5.797503127366018e-06,4.7980585089450835e-06,0.6320610048375195,0.8554681451495554,0.04939431564678132,0.00014007995385929763
2024-12-13,-0.0007093668717961079,6.645384675578174e-06,7.949845024485828e-06,0.0,5.5581594587632255e-06,4.019076651946371e-06,0.5618426536908884,0.7222100716504162,0.04700519412342551,-0.0007335393376068814
2024-12-16,-0.003254354946593551,5.718014547037602e-06,6.5491502052508924e-06,0.0,5.241772351020115e-06,3.963517753382609e-06,0.4744339674648893,0.7142064011796796,0.04833541861140159,-0.0032758274014502422
2024-12-17,-0.000603174399951546,5.682442091726021e-06,7.934546216181811e-06,0.0,4.2685828884729195e-06,4.6060798716514515e-06,0.5325980209636897,0.7772823645759754,0.0034609461385318174,-0.0006256660510195782
2024-12-18,0.0010336402156521944,8.849327664955964e-06,8.43546193104119e-06,0.0,6.212204364639012e-06,4.063853983071162e-06,0.6481104915566034,0.7337843923273148,0.051056923171359854,0.0010060793677084871
2024-12-19,0.0022080699643640496,8.829719799620684e-06,1.0826045341333404e-05,0.0,5.008066248338082e-06,5.6094515701136664e-06,0.8053408802448133,0.9928008769689813,0.05041301318988539,0.0021777966814046437
2024-12-20,0.0022514419618686328,7.667395800239347e-06,8.508871011503561e-06,0.0,5.7410697530651e-06,6.619595945445249e-06,0.6128084464248836,1.1650200283500078,0.05292790951520676,0.0022229050293583797
2024-12-23,-0.001136998945339057,5.609899270036613e-06,7.006859892941076e-06,0.0,3.895565306473957e-06,4.570171688812959e-06,0.4957554180413984,0.8191310410106976,0.05134219729012057,-0.0011580814414973216
2024-12-26,-0.0005294828396329973,4.64899860382163e-06,4.569765925381181e-06,0.0,2.6380617766866193e-06,4.140009652625185e-06,0.30481620907377593,0.7351215698006871,0.03959994815965601,-0.000545479675591512
2024-12-27,-0.0003539441607314836,6.405364274854226e-06,9.466517350283804e-06,0.0,3.603279396341953e-06,3.063072341595413e-06,0.5952172339953588,0.46427787877446935,-0.05031827461355981,-0.000376482394094559
2024-12-30,0.0002793038859355281,4.018914317242313e-06,4.345756102367616e-06,0.0,2.5067701557885323e-06,2.5240767826763918e-06,0.32272088793553444,0.37498472157933915,-0.04906017791029466,0.00026590836857745326
2024-12-31,0.0003269466901355081,5.497873041904311e-06,8.021244868721147e-06,0.0,3.685429156373635e-06,4.232856698185245e-06,0.569421622120478,0.661536686388998,-0.04958323890612357,0.00030550928637032375
2025-01-02,0.0013795264457607307,3.4938789324887104e-06,3.898213631363415e-06,0.0,2.1448091591186715e-06,4.475428711569247e-06,0.2805953264726036,0.7024933866566686,-0.04937863688696473,0.0013655141153261906
2025-01-03,-0.0004647493054288159,4.423221067641866e-06,5.654246884480807e-06,0.0,2.82399149864569e-06,3.215235449147813e-06,0.42489813982960845,0.4953923294656725,-0.044767225991159725,-0.0004808660003287321
2025-01-06,-5.592097767534438e-05,4.266758124133357e-06,3.7889507012231896e-06,0.0,2.921842394022623e-06,2.884228209922711e-06,0.3225945655204034,0.5020177057418578,0.017467366474842143,-6.978275710464626e-05
2025-01-07,-0.0008950413845816219,4.657768263818355e-06,6.033622717889149e-06,0.0,2.692753815551667e-06,3.852953670556362e-06,0.3695000493933718,0.5971300620870055,-0.05016615456646334,-0.0009122784830494375
2025-01-08,0.000352358920752692,5.51115824650174e-06,6.293937610747737e-06,0.0,3.2056740193665725e-06,4.500413644833336e-06,0.45404975186261354,0.7059959720860063,-0.05007352024599396,0.0003328477372312426
2025-01-10,0.0022585218980303886,5.122152731080586e-06,4.29543308669237e-06,0.0,3.179017304680169e-06,4.347734691725423e-06,0.32946986750035245,0.7121402799577359,-0.018279148252135113,0.00224157756021621
2025-01-13,-0.0012769585322662898,5.19173952647793e-06,7.688745483558812e-06,0.0,4.324365924232504e-06,5.895262207251185e-06,0.5328601745056907,0.9414035708383741,-0.04900047997982471,-0.0013000586454078103
2025-01-14,-0.0029383143300348896,5.238443124151811e-06,6.230747810689785e-06,0.0,4.48559415948579e-06,6.0085348846554985e-06,0.4509440504260102,0.9591293793608764,-0.05030448126124709,-0.0029602776500138725
2025-01-15,0.001392067496099324,8.134156586420761e-06,1.1058794437943119e-05,0.0,5.295870609827632e-06,3.3616632886952994e-06,0.8315895042734307,0.5138354663082465,-0.050923966192564195,0.0013642170111764372
2025-01-16,-0.0005684767602205717,5.615480445810885e-06,7.00497906897505e-06,0.0,3.52498243096849e-06,4.490855010666446e-06,0.5266516247504108,0.7152187582832679,-0.03924488350869529,-0.0005891130571769926
2025-01-17,-0.00034447919691738747,5.967105304248668e-06,7.262627807632986e-06,0.0,3.703771334283566e-06,5.614074006985925e-06,0.5252714637549298,0.8926769343527977,-0.05048749882083747,-0.0003670267753705386
2025-01-21,-0.00018951887587294748,4.099889784229534e-06,5.25335678000504e-06,0.0,2.9486345669980677e-06,4.888785051280966e-06,0.3753340607155185,0.7720135733555764,-0.04930231525962567,-0.00020670954205546108
2025-01-22,0.0008162498069806757,7.34153785160426e-06,8.64088692779773e-06,0.0,4.430213118938512e-06,6.7382222400586735e-06,0.6636026711963219,1.111224716005779,-0.02079662032407814,0.0007890989468422765
2025-01-23,-0.0007060716081922279,5.53511064508791e-06,7.350429422108555e-06,0.0,2.673066659420003e-06,5.479967866577564e-06,0.49450095910588654,0.8707762351770658,-0.04985836640796534,-0.0007271101827854219
2025-01-24,0.0008062828881605547,5.239850049702113e-06,6.6721996349703495e-06,0.0,2.922369095734808e-06,3.6558470815270068e-06,0.4732343375455629,0.5639988752223614,-0.050183434474175635,0.0007877926222986205
2025-01-27,0.004726077502965483,7.302377615525443e-06,1.0749144509440213e-05,0.0,4.60901523846128e-06,4.548736340688306e-06,0.7683645656732907,0.714863938370428,-0.049323766865207175,0.004698868229261368
2025-01-28,0.0029782163989877986,6.581202410002095e-06,5.7920415405246074e-06,0.0,3.3449647815811465e-06,3.5945996371409354e-06,0.44407420229868627,0.590899310076324,-0.01299342896335319,0.00295890359061855
2025-01-29,0.0008135192073661789,4.459068349504603e-06,4.013796803909183e-06,0.0,3.4750016625312477e-06,2.407205671174655e-06,0.3379399609777617,0.4548998308641198,0.05048927810677746,0.0007991641348790592
2025-01-30,-5.755208485344158e-05,1.0030246604292802e-05,1.5728239691501855e-05,0.0,6.837819117503726e-06,7.184126220744278e-06,1.035150275412757,1.1571055958417218,-0.049827609243317306,-9.733251648748423e-05
2025-01-31,0.002435697560325795,5.257868622199459e-06,5.355606066600088e-06,0.0,3.12256812967624e-06,6.20292512843081e-06,0.3884612132421905,0.994701800052562,-0.04738962152381326,0.0024157585923788886
2025-02-03,-0.0012403513817099117,6.21162591376148e-06,6.451206547727687e-06,0.0,3.211023381696655e-06,5.103062003530959e-06,0.48539200332006643,0.8090949686129965,-0.048219447980204944,-0.0012613282995566286
2025-02-04,0.0018520925954231024,4.92310792179631e-06,3.6432744996371656e-06,0.0,3.3352173555551054e-06,4.126631412297416e-06,0.33444485755646003,0.7446892147899407,0.051415137523974946,0.0018360643642338164
2025-02-05,-0.00044668443666599376,5.205802373420873e-06,6.541532652544355e-06,0.0,3.4478556197023954e-06,3.879197518079367e-06,0.41895149711861035,0.6245974963514006,-0.027107686685932747,-0.00046575882482974073
2025-02-06,0.0006243673459509683,5.002172274662663e-06,5.306597978727186e-06,0.0,3.346822279418514e-06,3.580855038017896e-06,0.3539197036328268,0.5521901332917417,-0.04939351309526473,0.0006071308983801421
2025-02-07,-0.0020447635771765494,4.1649077304426e-06,3.6526279300787015e-06,0.0,2.12231073089121e-06,3.1605493552655987e-06,0.25165470863754014,0.48068775040444595,-0.05028454128017519,-0.0020578639729232277
2025-02-10,-0.0011088758945385607,4.929943420778672e-06,3.5521051151071013e-06,0.0,3.1286125378507832e-06,2.931744649815538e-06,0.30904891417053426,0.5113146759742517,0.01878157480524148,-0.0011234183002621129
2025-02-11,0.0006101846315889326,3.5155594716886377e-06,4.798434252899945e-06,0.0,3.1504418758304047e-06,3.0748119485975444e-06,0.3214133765581023,0.5035883697144135,-0.012980037649973977,0.0005956453840399161
2025-02-12,-0.0015960840575362175,5.984273375377141e-06,6.640015662092037e-06,0.0,4.2600203690739514e-06,4.16330399752072e-06,0.4358808593141148,0.6493495015593067,-0.05008557002417448,-0.0016171316709402814
2025-02-13,0.0012733205130838858,6.318310118143575e-06,6.010529252626433e-06,0.0,3.823645307155377e-06,3.3342215855602636e-06,0.42477047408547414,0.5099042081010302,-0.05024501827309426,0.0012538338068204002
2025-02-14,0.0010361691646368551,5.683135707633053e-06,5.860316382936649e-06,0.0,3.3632200614161728e-06,3.52590570647501e-06,0.4258912943926145,0.5434267754817225,-0.04892538320607922,0.0010177365867783943
2025-02-18,-0.0007334137636885447,4.503484534364397e-06,5.163462550945693e-06,0.0,2.989567867559725e-06,3.0559461666368796e-06,0.3699899537005489,0.46381162889537325,-0.04958732709962243,-0.0007491262248080514
2025-02-19,-0.0004146857916744159,4.1165922236214596e-06,4.266028763744904e-06,0.0,2.687390716746402e-06,3.0954294070951727e-06,0.30666233549556404,0.47011679402207923,-0.049915346369909804,-0.00042885123278562384
2025-02-20,0.0002812404338911233,5.917735684276789e-06,6.9478504585939984e-06,0.0,3.6943824465348494e-06,3.961236025248825e-06,0.4883463229845671,0.6165515603521102,-0.04893609188969272,0.00026071922927646887
2025-02-21,-0.001632224844127857,6.716121801659153e-06,4.668183524980166e-06,0.0,4.174623715340736e-06,3.0900165938026874e-06,0.36640389120410843,0.509433718074105,-0.00968906968474638,-0.0016508737897636399
2025-02-24,0.00010288266285859449,5.841032571100842e-06,4.690039117987211e-06,0.0,3.393525481290399e-06,2.629677802605671e-06,0.3811786391128567,0.4920877086700551,0.050301837832302354,8.632838788561037e-05
2025-02-25,-0.0010369623190603773,7.910259052835177e-06,1.1852697126676795e-05,0.0,7.241329921352281e-06,6.112221435435117e-06,0.7707614861315387,0.9768769694327146,-0.049976231720384956,-0.0010700788265966767
2025-02-26,0.006562362574868341,6.216135384305678e-06,6.408447250320056e-06,0.0,4.276813018341834e-06,3.6895504939488523e-06,0.5180651952227796,0.6437605338659305,0.02391605088252373,0.006541771628721425
2025-02-27,-0.004121403156562505,5.213617496214218e-06,4.626359268151197e-06,0.0,2.923055020380744e-06,2.541429235782388e-06,0.3635539365770005,0.47759603124965094,0.050635919638209924,-0.004136707617583034
2025-02-28,0.0009118414885278309,6.7321767399225e-06,1.1839050644899825e-05,0.0,4.945943201900827e-06,5.900783234808976e-06,0.7758827519979081,0.941912894680146,-0.0494186887677629,0.0008824235347062988
2025-03-03,-0.0028112570318388113,6.351832624360866e-06,8.75011354299763e-06,0.0,3.834860769116466e-06,7.158661507064427e-06,0.6220659078632425,1.1533408358931478,-0.04931429729367559,-0.0028373525002823507
2025-03-04,0.0041438995881269815,1.092041456487472e-05,1.406161826939798e-05,0.0,6.443579821583154e-06,4.417506851323683e-06,1.1481381333431955,0.7935785926815586,0.05143744165917999,0.004108056468619802
2025-03-05,0.00347258642155685,6.0779393842696805e-06,5.6568780102391086e-06,0.0,3.370494198141277e-06,3.3438216599017457e-06,0.39744099744601036,0.6135594141827834,0.05179737531928982,0.0034541372883042983
2025-03-06,-0.0003036123416733294,6.038579975107542e-06,7.215220935228409e-06,0.0,4.612917728290102e-06,3.439065194972139e-06,0.5124596239045549,0.6274495587704684,0.049686606015149286,-0.0003249181255069276
2025-03-07,-0.0011777485010924353,5.938434543120065e-06,6.933194424632916e-06,0.0,3.487627101528961e-06,3.2136990010343717e-06,0.4069008184852511,0.4885942629596775,-0.051307169214096844,-0.0011973214561627516
2025-03-10,-0.00230784596844509,7.198580022293858e-06,8.19375376946399e-06,0.0,4.33300700549233e-06,4.633061930540909e-06,0.5728261788473693,0.7291029618547121,-0.049251442476160756,-0.002332204371172881
2025-03-11,0.0019557240493299492,7.030426215760553e-06,7.55410721609583e-06,0.0,3.7588008578444143e-06,3.110930939845703e-06,0.6473226049336427,0.5731199260575649,0.050483528163486835,0.0019342697841004028
2025-03-12,-0.0010190244711298978,6.020682557084729e-06,5.727448302944286e-06,0.0,3.183747074867906e-06,3.4947672982937355e-06,0.4133214305347073,0.6350014649657657,0.04788055885241832,-0.0010374511163630884
2025-03-13,0.0014087853478714008,6.268766380700479e-06,6.854339650685359e-06,0.0,3.847087325430936e-06,2.9765484025173472e-06,0.48287096580395666,0.549885086741766,0.049824955118851794,0.0013888386061120667
2025-03-14,-0.0007125500716159324,4.525319655482329e-06,5.814896158073831e-06,0.0,3.317608641324065e-06,3.152399993647425e-06,0.34936400900442677,0.4967390134558565,-0.03286418547691064,-0.00072936029606446
2025-03-17,8.783427988634667e-05,7.978418885832712e-06,9.202061612288682e-06,0.0,5.273786924529905e-06,3.91462426295777e-06,0.7592402906411173,0.7093206825300749,0.051663806353169556,6.14653882007376e-05
2025-03-18,0.0008476499218711961,3.8068437936971577e-06,5.05134261115298e-06,0.0,2.592534320826273e-06,2.853120161941322e-06,0.35721346070096316,0.5299846666407222,0.0506604794345798,0.0008333460809835785
2025-03-19,0.0007473601258785636,5.387533252370462e-06,6.3803526257781e-06,0.0,3.0357163783608817e-06,4.196376660421914e-06,0.47665003176774556,0.7569152689422425,0.051923989991361164,0.0007283601469616323
2025-03-20,-0.001404156259592966,4.131295960615438e-06,5.81821636697817e-06,0.0,2.501483045868777e-06,2.7861300179922566e-06,0.4160171865187239,0.5183213362857487,0.05025149326304998,-0.0014193933849844206
2025-03-21,-0.0008031191447346719,6.525800667348206e-06,8.368896595931781e-06,0.0,3.9864310441453695e-06,3.2788296142611275e-06,0.5040074788183334,0.5007546535693403,-0.05008872162652914,-0.0008252791026563584
2025-03-24,-0.0005369746828514444,3.6877641268346787e-06,2.514798632050172e-06,0.0,1.927758051183821e-06,2.4924579069853473e-06,0.21688953747529924,0.4165685966905352,-0.0021643316830028984,-0.0005475974615684984
2025-03-25,0.0004048214675305022,3.8625580474592715e-06,3.543417797536579e-06,0.0,2.346305633968238e-06,2.9085833024056726e-06,0.2310050078677485,0.454368825235734,-0.034273169568419345,0.0003921606027491324
2025-03-26,0.0022623377284435695,3.892992660899412e-06,4.239432921268603e-06,0.0,2.359980726692391e-06,2.9179104676471438e-06,0.2846488744569255,0.44142994703857286,-0.04877901152614714,0.002248927411667062
2025-03-27,0.0007902925525080248,6.740738806965018e-06,5.367264571138674e-06,0.0,3.512123071449622e-06,2.8287117345748035e-06,0.4772423928862344,0.5260768259443949,0.050853254535828174,0.0007718437143238967
2025-03-28,-0.002062658850381029,5.046839610138388e-06,7.45483921288157e-06,0.0,3.199384571641676e-06,3.292171685930426e-06,0.5304231644397851,0.6032351694683503,0.05015032623203862,-0.002081652085461621
2025-03-31,0.0011014768221300287,8.031815890032498e-06,8.525406244961982e-06,0.0,4.88765215041469e-06,3.5544592538913903e-06,0.629574765835933,0.6477617023576812,0.050612547703927424,0.0010764774885907282
2025-04-01,-0.0008991811224835635,6.746455387954501e-06,8.146070893304973e-06,0.0,3.380342395219054e-06,3.2053975273004628e-06,0.5521147026099835,0.5760970266355276,0.03759024204904982,-0.0009206593886873425
2025-04-02,0.0010556250086991314,4.788048946418833e-06,6.183411413436606e-06,0.0,2.2878902925942903e-06,2.6996391115750783e-06,0.3869864133558531,0.41856179286309664,-0.034977577881516654,0.0010396660189351066
2025-04-03,-0.0003832539430458294,9.604550525082581e-06,1.1216277790539026e-05,0.0,6.8220791200779e-06,5.926838071828116e-06,0.9080287621611538,1.0466443666118908,0.050935570544767494,-0.00041682368855335705
2025-04-04,-0.003544934653258648,1.0087977541742994e-05,1.1269279553952727e-05,0.0,7.871335148076853e-06,7.677769977698184e-06,0.8249310943004108,1.335211070270074,0.04534571401677867,-0.003581841015480119
2025-04-07,-0.005264631613607942,1.3266378497167644e-05,2.091896811285078e-05,0.0,1.047661497784632e-05,4.553906343584242e-06,1.4996231567499925,0.8156108658523809,0.050554600130228236,-0.005313847481539391
2025-04-08,-0.0023023578303518906,9.213496870355317e-06,1.3798741480656272e-05,0.0,8.167743197179986e-06,7.669234259986901e-06,0.8948977805759873,1.2383995657764009,-0.05003178990139734,-0.002341207046160069
2025-04-09,-0.006705608001782777,8.115016056746505e-06,7.043656414847813e-06,0.0,7.802780584059346e-06,7.64152378939379e-06,0.4946715892903893,1.2182519379446708,-0.0655240586734866,-0.006736210978627825
2025-04-10,-0.004633857156232333,5.7003729801427804e-06,6.938603737398522e-06,0.0,4.791604190026136e-06,5.341613903046447e-06,0.5174230847982635,0.8422959652990519,-0.05509517041275053,-0.004656629351042947
2025-04-11,0.0008417300421360767,4.500481821806378e-06,7.251569261428419e-06,0.0,4.126665133002702e-06,2.935669403958719e-06,0.5492292907755836,0.4395266998648847,-0.0536657600001801,0.0008229156565158805
2025-04-14,-0.0007937000683543745,6.578160132158511e-06,5.706749105083167e-06,0.0,4.530176421350027e-06,1.9712550366963657e-06,0.5162182101596267,0.37960000821033835,0.04842916204534893,-0.0008124864090496626
2025-04-15,-0.00035776895747065117,1.8874750166153158e-06,2.0312535121183714e-06,0.0,1.2993689308025766e-06,1.6742722988001343e-06,0.14159332813021935,0.32457836530755235,0.043300619109129745,-0.00036466132722898757
2025-04-16,-0.00048037108456147046,4.502317866732902e-06,6.2782370641254075e-06,0.0,2.2855298691794306e-06,2.1854948271429678e-06,0.3594511590892725,0.3155313647902638,-0.05163176616975473,-0.0004956226641886512
2025-04-17,-0.0008710579358795664,2.529398466047791e-06,1.807745646601543e-06,0.0,1.4414038351841847e-06,1.477571103770834e-06,0.19469569001467127,0.2777822369239977,0.02955029149049771,-0.0008783140549311708
2025-04-21,1.3806221801068697e-05,5.306694907843196e-06,6.174731137008895e-06,0.0,2.5591619674016408e-06,2.7926563156439864e-06,0.3618644168324971,0.41981802149767544,-0.04934823953051444,-3.027022526829023e-06
2025-04-22,-0.0006002981379392365,2.4260117967203856e-06,2.892810534099252e-06,0.0,1.2123669890734852e-06,1.8573513668535026e-06,0.2173504885526172,0.26160182699072654,-0.0504332026406618,-0.0006086866786259831
2025-04-23,-0.0004809791911487081,2.1780937743716866e-06,1.8367037746317373e-06,0.0,9.175368744859804e-07,1.5882604516224668e-06,0.13046956265149903,0.21583197254349298,-0.0509957833290814,-0.00048749978602382
2025-04-24,-0.000819343052630158,1.6043232700411353e-06,2.3944733353597138e-06,0.0,9.857042513732563e-07,1.395383193214213e-06,0.18110568893659945,0.1824694887749799,-0.05195488768500804,-0.0008257229366801463
2025-04-25,-0.0006938155790690523,9.826568627965408e-07,9.836968937531688e-07,0.0,4.3648991274643917e-07,1.257551541823506e-06,0.06841706692115351,0.15979192258498875,-0.05147673644136016,-0.000697475974280172
2025-04-28,-1.2710941462590004e-07,9.581730228739442e-07,8.612153833453814e-07,0.0,3.437233982439328e-07,1.1965306104220922e-06,0.06072130488014625,0.14953441849790605,-0.05148272405300528,-3.486751829511251e-06
2025-04-29,-0.00042567375825294595,1.0940760181944928e-06,1.181500002632444e-06,0.0,5.505187086582816e-07,1.306648691266566e-06,0.0868628221867534,0.16833479081768832,-0.05118218931509476,-0.0004298065016736977
2025-04-30,-2.7322245857834085e-05,3.744886288984955e-06,5.491824786150524e-06,0.0,1.7201932247487505e-06,2.5728600597979114e-06,0.39075845069893655,0.38180266793791096,-0.050437822108137714,-4.0852010217516226e-05
2025-05-01,0.0009651659652653177,5.865999129602697e-06,6.907151600078113e-06,0.0,2.7167450250850268e-06,2.760727536044982e-06,0.5579145185031449,0.4525544628672349,-0.011247763188322227,0.0009469153419745069
2025-05-02,0.0017879884437890822,2.278556635681453e-06,2.1040740750908057e-06,0.0,1.002776309471484e-06,2.2175440004219693e-06,0.1528318255609274,0.37252822506479266,-1.9167006098330663e-05,0.0017803854927684166
2025-05-05,-0.000464242322502617,2.459344868386824e-06,1.716241540990487e-06,0.0,1.1259536306910332e-06,2.0413071289277906e-06,0.14218129302748123,0.36528638985438544,0.022346792194516796,-0.00047158516967161314
2025-05-06,-0.0003275719279763747,2.9692612738705924e-06,1.746095030902438e-06,0.0,1.2739620837212039e-06,1.8159866378067328e-06,0.141035804838968,0.3550259821071065,0.049940226955575276,-0.0003353772330026757
2025-05-07,0.0006123658198039313,2.28211933752992e-06,1.7497898669225074e-06,0.0,9.680009475099065e-07,1.6653548810092681e-06,0.12007546183829221,0.3305896026522604,0.05080998264270327,0.0006057005547709597
2025-05-08,0.0020652913862159927,3.4827754012831927e-06,3.829932444372336e-06,0.0,1.5383710724337548e-06,2.287436077175031e-06,0.27713059802671414,0.43532713487561897,0.051037873910213694,0.0020541528712207284
2025-05-09,2.0261201267899243e-05,1.9390280912709154e-06,2.3208670683846737e-06,0.0,7.405875817264641e-07,1.5722434276262422e-06,0.16129795800426544,0.3150323849414748,0.050895489100266186,1.3688475098890949e-05
2025-05-12,0.0012505200717906238,2.7555937120905224e-06,3.891870382446874e-06,0.0,1.20782456958861e-06,2.1694301630930027e-06,0.18965111648724026,0.31718053598409485,-0.047283731415529655,0.0012404953529634047
2025-05-13,-0.0012108364118334563,2.932490248601835e-06,1.9958734697287076e-06,0.0,1.4067382962388498e-06,2.2811340185858525e-06,0.229784676657637,0.4352357784035296,0.05200526328110626,-0.0012194526478666115
2025-05-14,-0.0022822960464093656,2.2665567943303808e-06,2.1017397156450295e-06,0.0,9.083961914624742e-07,1.8799158487795698e-06,0.1316358902639051,0.34982654186940376,0.034000679274436105,-0.002289452654959583
2025-05-15,0.001778210414947839,1.9357545232604254e-06,2.4514432917373265e-06,0.0,8.361042284850817e-07,1.8730069657237137e-06,0.11927568731787752,0.28308607467144487,-0.03157909557013902,0.0017711141059386325
2025-05-16,0.0002058585552959871,1.2350764942633105e-06,1.7401183367839312e-06,0.0,5.779721467639202e-07,1.6623527747316698e-06,0.11072033293625377,0.22988858283337713,-0.049386683321543445,0.00020064303554344427
2025-05-19,-0.0017374791243579518,1.342123174000106e-06,1.701435981311205e-06,0.0,5.209181164086073e-07,1.2630891104158728e-06,0.12012827005114568,0.1609567788477638,-0.051242191702102785,-0.0017423066907400876
2025-05-20,2.6558838699851717e-05,1.0094632786898908e-06,1.6962305993591205e-06,0.0,5.793680946489819e-07,1.1576795030825826e-06,0.1250211428176897,0.1446052308854966,-0.049884925632377286,2.2116097224071143e-05
2025-05-21,0.0005071266712946479,1.8330696860216877e-06,1.1034965362519578e-06,0.0,6.290396972365071e-07,9.722444531548147e-07,0.11213336424193963,0.1511194333088147,-0.012217634821194147,0.0005025888209219829
2025-05-22,-7.239627154693045e-05,1.80926539741972e-06,1.4594218238113945e-06,0.0,8.202489446820276e-07,9.485592472957095e-07,0.1572083695652514,0.20962341395904469,0.05026546041336536,-7.743376696013931e-05
2025-05-23,0.00022313901591605652,1.4695920506294635e-06,1.3923788796561824e-06,0.0,5.953679762672165e-07,9.376904652993703e-07,0.09872604790413178,0.20753110011087106,0.049999101940576815,0.0002187439865442043
2025-05-27,0.0007531377951637935,1.0655278096800226e-06,8.91244708316122e-07,0.0,3.431577243339084e-07,8.132496145083928e-07,0.061776741433541504,0.1881304661844832,0.05150453094707326,0.0007500246153069551
2025-05-28,-0.0006696134206113386,1.1298345217412651e-06,1.0933371342098573e-06,0.0,5.646257805299238e-07,7.452821483820097e-07,0.07933984114141578,0.17553560604678647,0.05032820511860883,-0.0006731465001962016
2025-05-29,0.0003997232671732503,1.468040691737849e-06,1.547794870455333e-06,0.0,5.663072622973812e-07,5.704683098968445e-07,0.09289971080504578,0.1334175813567733,0.03757890529410345,0.0003955706560388629
2025-05-30,-3.293978055980711e-05,1.952860916422564e-06,1.7928082536265416e-06,0.0,8.002913978632976e-07,8.0985601709595e-07,0.11658720281731072,0.16152389063770314,0.02546807976558348,-3.829559714481546e-05
2025-06-02,-0.0004609981875181338,1.3521442379859413e-06,1.3046776621520577e-06,0.0,4.4980700452622484e-07,8.242378461659611e-07,0.07890186040517792,0.14625734924311673,0.00778539108723527,-0.000464929054268964
2025-06-03,0.0005166315839542909,1.386790356348605e-06,1.2163139506002047e-06,0.0,4.2113817718384684e-07,8.825352631913058e-07,0.07518650936436566,0.14383550062234535,-0.004430423593794034,0.000512724806206967
2025-06-04,-0.00021535667104029946,1.6619960104720704e-06,9.185601220628902e-07,0.0,7.868024546267641e-07,7.145683967462566e-07,0.1033069478838757,0.164271545911562,0.04422405525819093,-0.00021943859802420743
2025-06-05,-0.0006076973449820843,1.351399649932755e-06,1.02486019384045e-06,0.0,5.078658520258658e-07,6.071628754913396e-07,0.07655858667268484,0.15177071702674902,0.049767353944204035,-0.0006111886335533747
2025-06-06,0.00046090950361351093,1.0966413836551265e-06,1.2237987444736508e-06,0.0,3.8545850511915e-07,5.87361400587531e-07,0.06395428660328835,0.12517755446362036,0.026500839164915198,0.00045761624357967546
2025-06-09,-0.0001817221263141519,1.476820830484671e-06,1.1137530908715634e-06,0.0,6.508654218891357e-07,6.468834529755815e-07,0.09870554225219717,0.15898061263193292,0.05030419253203519,-0.00018561044911037284
2025-06-10,-0.0003061175320291819,1.6843619909651541e-06,2.1439721593462942e-06,0.0,6.789826099192087e-07,1.1931654858814268e-06,0.09354096150655418,0.18174594746249892,-0.018705854165580776,-0.000311818014275294
2025-06-11,0.0002131519927504475,2.0235071853991265e-06,2.1258990192285585e-06,0.0,6.767173451517126e-07,1.2809452118182278e-06,0.11946516626869852,0.16512691416821396,-0.050071881417248276,0.00020704492398884987
2025-06-12,0.00020876722791458423,1.6391959839010049e-06,1.7458720889779131e-06,0.0,5.877685965513347e-07,1.2085930585392807e-06,0.12457859809665647,0.15309134836634403,-0.04995228546825525,0.0002035857981866147
2025-06-13,0.0006691828889859973,1.6513855701926832e-06,1.5957364577612423e-06,0.0,5.867583902419536e-07,1.39444477301339e-06,0.11229338807654969,0.18489390901568847,-0.04937281285056101,0.000663954563794788
2025-06-16,-0.0005454030792567676,1.3020660991998034e-06,1.2387160608050213e-06,0.0,4.504340147996291e-07,1.125580665515932e-06,0.09137015735501812,0.13934361134307216,-0.049753940463604374,-0.0005495198760970879
2025-06-17,0.0002621781975455594,8.821446271307957e-07,8.489754257814247e-07,0.0,3.4507189284539377e-07,9.377357726410624e-07,0.06025363315390076,0.10820657472773378,-0.04933303507596473,0.0002591642698271607
2025-06-18,-0.00021760291979688886,1.947648519718963e-06,1.1489490116674814e-06,0.0,1.0601168441619566e-06,8.112681212349877e-07,0.1552193698891416,0.17334224803373904,0.037049203666261125,-0.00022257090229367224
2025-06-20,-0.00016212005503937177,2.0039576709086937e-06,2.559755732549101e-06,0.0,7.666506343575728e-07,1.264478333146387e-06,0.12355841710294146,0.17785852452563797,-0.03457383544295516,-0.00016871489741033353
2025-06-23,-0.0005753998856681223,1.750720324194054e-06,1.9490089998250724e-06,0.0,8.650050498004326e-07,1.3092070251326766e-06,0.1277525852801313,0.16992999179830517,-0.050016788423984444,-0.0005812738270670745
2025-06-24,-0.0004621968749201821,2.5910604568373333e-06,1.874968070035199e-06,0.0,9.248951678866008e-07,1.4155079380333937e-06,0.18740693796696323,0.245928678157516,0.008123344567905907,-0.00046900330655297464
2025-06-25,-0.0010566517438122265,1.921013140618444e-06,1.5411408876915786e-06,0.0,7.305549912153602e-07,1.4599162434061582e-06,0.11407335430195766,0.25556780292172754,0.010301874029493063,-0.001062304369075158
2025-06-26,0.0004094887258758303,1.7684477984178357e-06,1.984848254889656e-06,0.0,7.379261563142059e-07,1.6568920208566076e-06,0.09288031488435454,0.2365743103688855,-0.0417835491350246,0.000403340611645352
2025-06-27,-0.0001736928224564046,2.1023531309067615e-06,2.62079403655285e-06,0.0,7.714112396904964e-07,1.4082889358443427e-06,0.17778896224168095,0.18657175303301238,-0.05002078818883718,-0.00018059566979939905
2025-06-30,0.0002732950477537188,2.287726533400624e-06,1.5805447192709096e-06,0.0,7.821173263211244e-07,1.1900759987875365e-06,0.10827541417707207,0.14979522272635906,-0.050137545069947095,0.0002674545831759386
2025-07-01,-1.1950666801348741e-05,1.74161874926278e-06,1.8962182760298803e-06,0.0,6.619642579073738e-07,1.4945953699986032e-06,0.13819520097855242,0.20101894943851997,-0.0500730727212453,-1.774506345454738e-05
2025-07-02,0.0008556728457930385,9.5107634718321e-07,1.0341965368806986e-06,0.0,4.019711702575414e-07,1.4812348340147418e-06,0.07187724868711928,0.19956342461397003,-0.049284027500506714,0.0008518043669047023
2025-07-07,0.0006298752943956705,2.4985576754713522e-06,2.726485454461165e-06,0.0,8.500009920203742e-07,1.298178653463721e-06,0.1878323526014526,0.16888476036572106,-0.04920925341618412,0.0006225020716202539
2025-07-08,-0.0008157029410062212,1.3666865665242003e-06,9.648702697840617e-07,0.0,6.009236125136316e-07,1.0482383328891372e-06,0.1008770519522957,0.16363613351958567,-0.012467906405789373,-0.0008196836597879322
2025-07-09,0.0005541122580243687,1.8930108204257247e-06,1.8473826478546388e-06,0.0,5.522135570607024e-07,1.2662459061565636e-06,0.10600057460505333,0.1724324416932308,-0.04029687054107191,0.0005485534050928712
2025-07-10,-0.00033732975768448897,2.4812482027631905e-06,3.1764285104428865e-06,0.0,1.6602175005079097e-06,2.1817108984734047e-06,0.2980744240541723,0.4005164442188888,0.033989013275356986,-0.0003468293627966764
2025-07-11,-0.0008192310308185621,5.435383854477334e-06,4.310353770003781e-06,0.0,2.6205527157594684e-06,3.2758358974752627e-06,0.3284784992605222,0.5988284741171803,0.048488043341336134,-0.000834873157056278
2025-07-14,0.001017380796130851,4.4620904723953325e-06,6.264375898932304e-06,0.0,2.5168027506230743e-06,2.7809695357614808e-06,0.41328784916011674,0.48062561773430573,0.013422735726376894,0.0010013565574731387
2025-07-15,-0.0014311201003595429,7.145211553299436e-06,7.680442334500794e-06,0.0,4.150883747003828e-06,4.4687776888285e-06,0.6035941718686166,0.8000673036358851,0.049312651912697375,-0.0014545654156831755
2025-07-16,-0.00012984062341897412,5.7818212375447965e-06,4.674516794431016e-06,0.0,3.5164736013727135e-06,4.2846014482885305e-06,0.3350361048236314,0.7703664490247231,0.05055340571224995,-0.00014809803650061117
2025-07-17,0.001220465246442932,4.529532170671667e-06,5.251224364060774e-06,0.0,2.9882690613769417e-06,3.4372405345867242e-06,0.3681781652612295,0.6286674205549263,0.051211010744356605,0.0012042589803122358
2025-07-18,0.0009499379574656783,5.249581775877411e-06,7.259494712855126e-06,0.0,3.834170005996573e-06,3.273042351857065e-06,0.42832926324821574,0.5011305493504583,-0.04874056576152875,0.0009303216686190922
2025-07-21,-0.001176918655068745,3.431938016593539e-06,2.9452987186221226e-06,0.0,2.2492588992337556e-06,3.0451954462530764e-06,0.2423114100829547,0.5066656520711463,-0.004927182899370573,-0.0011885903461494474
2025-07-22,0.001391903436868843,4.885358206997788e-06,5.5016174859396075e-06,0.0,3.2050036240354884e-06,3.728974884121611e-06,0.35542467941328604,0.583284520694869,-0.043183259837561785,0.0013745824826677485
2025-07-23,0.0011998981423214249,3.7661231945568787e-06,4.590989505085031e-06,0.0,2.6690578729186276e-06,3.790558372878419e-06,0.329392413278158,0.5878130742023059,-0.04900073244126818,0.001185081413375986
2025-07-24,-0.0021676798858917806,5.708216902256419e-06,6.5966595636948345e-06,0.0,4.1096453960577875e-06,4.903531540336733e-06,0.519489091911316,0.8195607481339714,-0.004232550642599725,-0.0021889979392941262
2025-07-25,0.0006449118417190805,5.769302139492297e-06,5.7063438440452054e-06,0.0,3.779665427202203e-06,4.528110806373728e-06,0.3876498439886044,0.732324226910712,-0.0283983885600739,0.000625128419501967
2025-07-28,-2.0691868184306556e-05,6.225568567555673e-06,7.776781457076943e-06,0.0,4.579159093723215e-06,3.898399243505797e-06,0.5345057700815394,0.6042516255596544,-0.05067944734931941,-4.3171776546168186e-05
2025-07-29,0.0007919203452991247,7.821961651942068e-06,1.1757205281647468e-05,0.0,6.083818200821394e-06,5.69279879580382e-06,0.8391773138434465,0.9067556699926846,-0.049634527702356795,0.0007605645613689099
2025-07-30,-0.0010400687684903385,1.110325232437671e-05,2.001927498212203e-05,0.0,9.111508123451572e-06,1.152170453710212e-05,1.4506987163152465,1.8847720532220735,-0.050874309011081476,-0.001091824508457391
2025-07-31,0.0046420049953964605,1.0176628632137553e-05,1.528131556094158e-05,0.0,6.478741123909482e-06,7.837028829702727e-06,1.1541092336790575,1.267141912869044,-0.04947893052101382,0.004602231281249769
2025-08-01,-0.0004747293832690805,8.342532177560377e-06,7.800031578317135e-06,0.0,5.68187339668383e-06,6.956272309931019e-06,0.5520911804347606,1.120498825903563,-0.04815492216484868,-0.0005035100927315728
2025-08-04,-0.00042545204230149867,8.914262876334547e-06,7.96356399483509e-06,0.0,5.877965246102775e-06,4.673211055075642e-06,0.6695920695416762,0.8331740502175948,0.04807459296488717,-0.0004528810454738467
2025-08-05,-0.0007490658484076224,7.141457443337557e-06,8.092416651561412e-06,0.0,5.0151702258496144e-06,4.381704003516226e-06,0.49272803475565674,0.6863851856303287,-0.04974108696039732,-0.0007736965967318873
2025-08-06,0.0004960331749245388,1.2579729710942796e-05,1.1385587106946825e-05,0.0,7.506317799346928e-06,4.964334819065415e-06,0.9302258834966666,0.8847839465711537,0.050775696968163836,0.00045959720548823684
2025-08-07,0.00108082346930533,8.94771942607544e-06,9.643267928518162e-06,0.0,7.020509365597788e-06,4.789440944554461e-06,0.6779156915194733,0.8558899472493086,0.05126386856415985,0.001050422531640584
2025-08-08,-0.0004292311361724541,8.850529909885755e-06,8.250305388403607e-06,0.0,4.680234335147189e-06,4.445619407658136e-06,0.4837100218489241,0.6975099408858354,-0.049354119600731564,-0.0004554578252135488
2025-08-11,-0.0013728690068895016,6.227535413970082e-06,5.671608081653692e-06,0.0,5.276160219821729e-06,4.379143458932154e-06,0.49287211118497304,0.7861919146523431,0.05049581355174104,-0.0013944234540638793
2025-08-12,0.001989495421245057,8.586117376696238e-06,1.1887101188928816e-05,0.0,5.620705851924882e-06,4.7393038334674575e-06,0.7576734699659534,0.7476379449542648,-0.04856509906826728,0.0019586621929940395
2025-08-13,0.0015426586513306183,7.494176660362293e-06,6.579917829601901e-06,0.0,4.963633439389934e-06,4.439620199311915e-06,0.4648966621510788,0.6970540414357771,-0.04880215204862447,0.0015191813032019521
2025-08-14,0.0009875409079387663,8.295165910313787e-06,8.081873449749564e-06,0.0,5.0201752788311105e-06,4.3333244318302565e-06,0.565805968618368,0.6795671004655508,-0.04843140408193222,0.0009618103688680416
2025-08-15,0.0015073264772229099,4.0354098502259514e-06,4.74639338171221e-06,0.0,2.617381895489906e-06,4.35706422110878e-06,0.3486063880307558,0.6826995556362131,-0.04928723351006143,0.001491570227874373
2025-08-18,-0.000176978473545069,6.678859387796889e-06,5.924861856147294e-06,0.0,5.22555928470055e-06,4.64950129220809e-06,0.47693288755456476,0.7952892217084118,0.014173004617452717,-0.00019945725536592182
2025-08-19,0.0022179482290842173,7.0542132673201955e-06,1.0776150479588642e-05,0.0,5.968157518301153e-06,5.343413889262379e-06,0.7186624622610703,0.8475151104564381,-0.050178422939641976,0.002188806293929745
2025-08-20,-0.0004544806598500096,8.83111916482806e-06,7.919328169926807e-06,0.0,5.088387713718615e-06,4.669959255453346e-06,0.666291967324616,0.8344720719153174,0.04991891699915549,-0.00048098945415393643
2025-08-21,0.002030722892706374,7.160303435151068e-06,9.663563856653761e-06,0.0,4.773109246375818e-06,4.888376626156308e-06,0.6053377418641318,0.7721057948208299,-0.04914147837342969,0.002004237539542037
2025-08-22,0.0010688230204626407,5.246047941348968e-06,7.216719168995632e-06,0.0,4.4053105202877685e-06,4.109267915746384e-06,0.5308251351590427,0.6431931047925179,-0.04716390505287433,0.001047845674916262
2025-08-25,-0.0006694816396555428,6.084916017321306e-06,5.756576350914611e-06,0.0,4.0998739900929706e-06,3.876539613818452e-06,0.4602501386682497,0.6818221766508902,0.030563521529390195,-0.0006892995456276902
2025-08-26,0.0010692591987704375,7.728243135425548e-06,9.145010847523649e-06,0.0,5.932593537767777e-06,5.045148702390355e-06,0.5961492555112534,0.7987717343306123,-0.048813247670967064,0.0010414082025473302
2025-08-27,-0.0009432208421871469,6.426067483446978e-06,6.910167936595049e-06,0.0,5.974687255392204e-06,4.647418198548954e-06,0.5770827377132701,0.8127430385679725,0.031976781211747865,-0.00096717918306113
2025-08-28,-0.0015075745633749405,4.675993123524886e-06,6.7585562185149115e-06,0.0,3.5183515369943904e-06,5.453103677059455e-06,0.42878483152268854,0.8655074202076483,-0.050613997538339284,-0.0015279805679310342
2025-08-29,0.0023239089508654055,6.779733472423942e-06,1.0056262539046589e-05,0.0,4.504180020351636e-06,5.313126767836407e-06,0.7179577661096744,0.8434499731205229,-0.049155323875993695,0.002297255648065747
2025-09-02,0.0004442524141377387,1.1335593666287693e-05,1.5318199853164882e-05,0.0,7.607436572450376e-06,8.372837068935817e-06,1.0764702921480154,1.357967494610853,-0.04866913297036346,0.0004016183469769
2025-09-03,0.0010583119785437284,6.8917063260724415e-06,9.150280787935673e-06,0.0,5.505073704499052e-06,9.258048210120402e-06,0.6675307312771125,1.507390345145759,-0.047961754154467795,0.0010275068695151008
2025-09-04,0.0017619178601989353,9.68349732574982e-06,9.894476567751967e-06,0.0,5.92269952882012e-06,7.826109517864711e-06,0.7234919387370478,1.2658531491768463,-0.04893324982442565,0.0017285910772587487
2025-09-05,-0.0003243915990425118,5.876527531482551e-06,7.927537831243726e-06,0.0,4.0860979733974515e-06,6.519834123404839e-06,0.5831058568038939,1.0462968500246639,-0.049035282707348304,-0.0003488015965020404
2025-09-08,0.0005486345997596861,6.151947024033482e-06,8.763121768586839e-06,0.0,4.312260891187578e-06,7.77203124127484e-06,0.6264236712998927,1.2574146242590158,-0.048286624275157675,0.0005216352388346034
2025-09-09,0.0036419480710568938,8.235107564859385e-06,1.0123587000153311e-05,0.0,6.986907401533308e-06,6.85595229449818e-06,0.7461105850340839,1.1032424141463832,-0.048557571329311267,0.0036097465167958497
2025-09-10,0.005404186188775501,8.116911145498602e-06,8.617678944026782e-06,0.0,5.484156621771833e-06,7.334031920282178e-06,0.6084091259853659,1.1859437014387095,-0.04617366116869548,0.005374633410143922
2025-09-11,-0.00679531773658874,7.866858041862134e-06,9.8873322127442e-06,0.0,4.939692499876084e-06,5.422705556808325e-06,0.7314106992599733,0.8617432600120967,-0.049271273531702964,-0.006823434324900031
2025-09-12,0.00014902129989925253,9.298103793078878e-06,1.136257616064299e-05,0.0,6.724210125807801e-06,5.039188049201687e-06,0.8492452246188471,0.7970634689856946,-0.049520123280189635,0.00011659722177052119
2025-09-15,-0.0024452199660426653,7.769097147927348e-06,6.4343203746770935e-06,0.0,4.209205448222935e-06,5.683884031273563e-06,0.46697505496238423,0.9052918423486221,-0.04960067490533543,-0.002469316473044766
2025-09-16,0.0020001615323354746,6.597092828855362e-06,6.814897981848878e-06,0.0,4.658582248601952e-06,5.485717014478364e-06,0.4740210102697011,0.8717778800017397,-0.049822578430625715,0.00197660524226169
2025-09-17,0.001150650718689927,9.840109477767569e-06,9.671623137103855e-06,0.0,7.946156939389696e-06,6.3188863433849814e-06,0.7922665850702932,1.112267223828761,0.050694318140084016,0.0011168739427922809
2025-09-18,-0.0022997497696229316,6.384830698376454e-06,6.674336120081036e-06,0.0,3.7699891648454807e-06,5.326511437725118e-06,0.4655365780704255,0.9443281837568993,0.04947426221907919,-0.0023219054370439596
2025-09-19,-0.0018481031814694025,9.004472574583133e-06,1.1340691856574321e-05,0.0,6.545850413903253e-06,6.932279084613812e-06,0.8359758925594254,1.2136956530523748,0.04907276683725392,-0.001881926475399077
2025-09-22,-0.003398660336405627,8.52332971342804e-06,8.261916474910303e-06,0.0,5.675424024029669e-06,7.639659680343336e-06,0.6003625110098119,1.3322227022638362,0.04875987596615622,-0.003428760666298338
2025-09-23,0.004422510445502345,8.135914468834457e-06,1.0769432420417163e-05,0.0,5.041944206937913e-06,6.113707621426446e-06,0.7214120868219055,1.0280147389954992,0.0009118585958564351,0.0043924494467847295
2025-09-24,0.0013671030699551501,7.182479520357231e-06,9.099746393814123e-06,0.0,5.42477699063287e-06,4.433659916955038e-06,0.6871441547507853,0.7958541950853374,0.050999329036890625,0.0013409624071333908
2025-09-25,-0.0016879714258733122,7.107018624359936e-06,8.650412326467368e-06,0.0,4.119591135393886e-06,4.546401061513136e-06,0.5985350638835325,0.8002693937584052,0.0364740154241983,-0.0017123948490210465
2025-09-26,-0.0002976460233698026,5.815011314078987e-06,8.321270312393155e-06,0.0,4.653140359144517e-06,5.9675729722029026e-06,0.5213722257329113,0.952290961454485,-0.05026129787560252,-0.00032240301832762216
2025-09-29,-0.0014721523981659963,7.811809907807705e-06,8.743991600180797e-06,0.0,5.493319392381436e-06,4.163002241568308e-06,0.6784552127010272,0.6803318792130771,-0.019052497370399643,-0.0014983645213079346
2025-09-30,-0.0008598337613687487,6.3130808703090036e-06,7.781566733849342e-06,0.0,4.3724059305580625e-06,4.3590296998975444e-06,0.5301474975321052,0.6823371855990438,-0.04997980398374374,-0.0008826598446033627
2025-10-01,-0.0003545982083585451,6.5987780809270584e-06,1.1510160117671988e-05,0.0,5.2160346940951595e-06,6.277386532855294e-06,0.8668879585428477,1.003167267351409,-0.05143367016828029,-0.0003842005677840946
2025-10-02,0.0001212968620990454,7.066684072413132e-06,8.021065726544765e-06,0.0,4.311989722361664e-06,5.351724647553678e-06,0.5665919080529783,0.8493254791847904,-0.04976426160422784,9.654539793017216e-05
2025-10-03,0.0002452201716191641,9.015496169059722e-06,9.362988856810791e-06,0.0,5.757768522106084e-06,6.4995704268638166e-06,0.7754775415392198,1.1412830465076045,0.049355214794483626,0.0002145843476443237
2025-10-06,-0.0012997032460525767,6.1892142040150495e-06,7.878026061269016e-06,0.0,6.094923768907766e-06,6.230921065739112e-06,0.5739609553555962,1.096285150547839,0.04949041150366845,-0.0013260963311525077
2025-10-07,0.0021949314243899782,8.66082905376231e-06,1.300138553363695e-05,0.0,7.498343600958871e-06,6.14166666804498e-06,0.8465563484480951,0.9822046795008061,-0.04959532073075106,0.002159629199533575
2025-10-08,0.001765047209386003,6.866142278591956e-06,8.530678963358382e-06,0.0,6.5075171995253105e-06,5.98153494235267e-06,0.6148865463800038,0.9551619590098006,-0.049735911305447106,0.0017371613360021745
2025-10-09,-0.00046532780336931424,8.009294577077728e-06,8.399218620870604e-06,0.0,6.787693473587133e-06,5.3264961316510645e-06,0.6871751771404434,0.9463820370485847,0.05153068693120656,-0.0004938505061725007
2025-10-10,0.0017131041816006052,1.078764033749609e-05,1.1761618691687691e-05,0.0,7.565689663655585e-06,5.469870954086069e-06,0.8619274729632314,0.9704787138329194,0.051540393546459756,0.0016775193619536798
2025-10-13,-0.0019313608729326502,5.914003406944326e-06,6.40924857412133e-06,0.0,3.973685438671605e-06,4.941425241866818e-06,0.45551123214920863,0.881290950353634,0.051131509720008766,-0.0019525992355942543
2025-10-14,0.004645315807111495,1.2072721947969692e-05,1.5305474641846168e-05,0.0,7.589336327463035e-06,6.012023091619204e-06,0.9928882769830867,0.9703293275307046,-0.03969055186132153,0.004604336251102598
2025-10-15,0.0024706079916785545,9.129543273742013e-06,1.1873802074349657e-05,0.0,6.740125386699565e-06,5.401453404865905e-06,0.8679814382093687,0.859986784820642,-0.04745738719682985,0.002437463067538897
2025-10-16,-0.00041316122996356593,1.0023739640494853e-05,1.4472219377835032e-05,0.0,7.409512373012272e-06,6.856812670243592e-06,1.0366001132108578,1.1040966799801253,-0.04784784862079888,-0.00045192351402515167
2025-10-17,0.0007087491030825897,9.715698034639799e-06,1.074389685511247e-05,0.0,6.657204381841952e-06,4.849046253572216e-06,0.8368633143807745,0.8173527293906452,0.002712958790512525,0.0006767832575574233
2025-10-20,-0.0015695563119649584,6.140543673405828e-06,6.325237723051046e-06,0.0,3.878664607040598e-06,4.224648245962651e-06,0.48292066804232275,0.7328771485096169,0.023136243187891314,-0.0015901254062144184
2025-10-21,0.0016605912851426223,5.8934928826540575e-06,8.800143186944036e-06,0.0,4.314166161059124e-06,5.376885792559738e-06,0.6715706509004894,0.9538913622840471,0.050574549134011076,0.0016362065971194054
2025-10-22,0.00017287827056641796,5.097828433892543e-06,6.2667716800662994e-06,0.0,3.7495277065466126e-06,5.774733773854832e-06,0.4615976035966981,1.0203673382916951,0.05021206428408348,0.0001519894089720577
2025-10-23,0.0011755616441458542,7.317460472889975e-06,9.857291975638397e-06,0.0,6.146752678306134e-06,5.827063157400987e-06,0.7114051598593619,1.0311489368898195,0.05220232644645373,0.0011464130758616186
2025-10-24,0.0014546342671015611,7.861078930106076e-06,9.262371579344585e-06,0.0,5.107450296622447e-06,6.249620787645603e-06,0.6793694842683349,1.1048465526929112,0.05491026036845048,0.0014261537455078424
2025-10-27,-0.001932991879808864,4.945148137270213e-06,7.831825976581976e-06,0.0,4.217796673709474e-06,4.290921877925591e-06,0.5688118554887186,0.7752399347479662,0.05436505925646701,-0.0019542775724743513
2025-10-28,-0.002420002557641878,4.139465552238228e-06,4.182304472514729e-06,0.0,2.4357345173171804e-06,4.399794374746256e-06,0.2925844886851977,0.7915283264840589,0.052362871526688115,-0.0024351598565586943
2025-10-29,-0.0021425105838973396,7.125288372737372e-06,1.0149997260073943e-05,0.0,4.874553866221843e-06,4.647138905940903e-06,0.6390043356230843,0.727976671338854,-0.052742664859217706,-0.0021693075623023137
2025-10-30,-0.0015813008211420273,7.593354610457002e-06,7.062050614792144e-06,0.0,5.974998574039131e-06,3.7315956860376652e-06,0.5896348380091043,0.6660607437554175,0.03915266850108931,-0.0016056628206273533
2025-10-31,0.0010243659289938035,8.966220401336007e-06,1.1928486349043935e-05,0.0,6.248623084075794e-06,5.527182805902036e-06,0.900367044156517,0.9777536429368361,0.049186931545293744,0.0009916954163534458
2025-11-03,-0.004115894052135702,6.449356093622367e-06,8.912082472053452e-06,0.0,5.701560316437342e-06,4.666066773355602e-06,0.6333504133653807,0.8314738431236853,0.0475746251999441,-0.004141623117791171
2025-11-04,0.0028731937677189574,1.0470072681973566e-05,1.1088108662415779e-05,0.0,8.94776819649317e-06,6.608515020870504e-06,0.8160561656208666,1.1602257490567416,0.04999522555049707,0.0028360793031572042
2025-11-05,0.0020822621685565434,1.0523216003202213e-05,1.1017920483428505e-05,0.0,8.645633582698866e-06,7.001872482298616e-06,0.7955404717232857,1.2271281826608151,0.05081360563464743,0.002045073526004915
2025-11-06,0.0006690780547604877,9.96631350196647e-06,9.403609834069518e-06,0.0,7.127849989814027e-06,6.107292473522059e-06,0.6567875669745288,1.0761455747074569,0.05012043915575143,0.0006364729889611157
2025-11-07,0.0048831894308282815,1.1099543506008345e-05,1.4425850322503797e-05,0.0,7.237667614483449e-06,5.182154335086677e-06,0.9701644197332433,0.8929212937127069,0.022319365418144742,0.004845244215050199
2025-11-10,-0.00022901253969581973,8.655011805483473e-06,9.291497179809798e-06,0.0,6.365795515287117e-06,5.5975345577557364e-06,0.7170939299535574,0.9936929285689862,0.05330712286602324,-0.00025892237875415583
2025-11-11,-0.00023235407944452867,9.444997427827772e-06,8.862558046410132e-06,0.0,6.426113669069411e-06,5.491584433764451e-06,0.6335823742922373,0.9747164581120409,0.05213027323961403,-0.0002625793330216004
2025-11-12,0.0025165309328484247,6.6327170528742994e-06,1.0399885070806665e-05,0.0,6.401377880767525e-06,7.0225132995245465e-06,0.7727710442527194,1.2316106695947908,0.05182843527466663,0.0024860744395444516
2025-11-13,-0.0011593131837464266,8.97554852617417e-06,1.1453139368929812e-05,0.0,7.552783972894059e-06,5.471492595574791e-06,0.8118340024768089,0.96808679549201,0.048876039435445634,-0.0011927661482099994
2025-11-14,-0.0006726716092303972,5.113373047079207e-06,6.6630282095552866e-06,0.0,3.953536788721862e-06,4.314713566556562e-06,0.4863964552849627,0.7738537849624473,0.048981905780944385,-0.0006927162608423101
2025-11-17,-0.0012543259836456035,8.044088010525552e-06,1.3531565878067942e-05,0.0,5.136490963362545e-06,5.259705049719251e-06,0.9632662374777313,0.9095019268064342,0.02587147845360005,-0.0012862978335472788
2025-11-18,0.0008019013941977435,4.685911688230559e-06,6.0255024356151244e-06,0.0,2.60774903840895e-06,4.251752968070426e-06,0.46296518367544687,0.7628618706603575,0.048567372024525476,0.0007843304780674184
2025-11-19,0.0009791286551656196,4.341656306555875e-06,6.012702214714058e-06,0.0,2.7700727550581267e-06,3.557522054217328e-06,0.44650034007270656,0.6463662438694584,0.04870253876094776,0.0009624467018350742
2025-11-20,0.0020349440181278624,5.169499194955472e-06,5.948974588593248e-06,0.0,2.9141497964004814e-06,3.869952296064804e-06,0.43688518563121104,0.6995263136949019,0.049374327956014735,0.0020170414422518482
2025-11-21,0.0038131035978149915,5.719589864431063e-06,6.3971626664220395e-06,0.0,4.006960061126867e-06,4.187969531329718e-06,0.4542426542315989,0.7563956222314163,0.05281674096802373,0.003792791915691682
2025-11-24,-0.00016807903130053477,9.249600146837222e-06,1.0329029523941794e-05,0.0,6.118401663378087e-06,5.143816403050706e-06,0.7607443986911013,0.9161105186770013,0.0519493629644823,-0.0001989198790377426
2025-11-25,0.0020201367211116184,7.489680023346951e-06,8.081244676601084e-06,0.0,4.647799757071067e-06,4.99020292537781e-06,0.5731904910109544,0.890794155501019,0.052440064037547474,0.0019949277937292213
2025-11-26,0.0006144703573063944,6.972620616116901e-06,8.308477336424474e-06,0.0,3.3389233948701585e-06,6.971518659727845e-06,0.6242165655624299,1.2249391596462047,0.05372402481192673,0.000588878817299255
2025-12-01,-0.001102602532677759,6.8492304151372646e-06,7.731618307789523e-06,0.0,4.041820548102071e-06,7.84667691542787e-06,0.5457976709129277,1.3706956283080935,0.05245390651621118,-0.0011290718788642157
2025-12-02,-0.002907745711415483,6.020710025767391e-06,7.658435905706464e-06,0.0,3.9195626577161105e-06,9.260687225893376e-06,0.5663376560851285,1.607473081556328,0.05167762760624117,-0.0029346051072305663
2025-12-03,-0.001107045843329808,6.90121533898429e-06,8.44191164046131e-06,0.0,4.364281214519946e-06,8.740786808516038e-06,0.6044310616036583,1.5186302990544602,0.050178115223766584,-0.0011354940383322895
2025-12-04,-0.0006487618865886585,7.467952173896489e-06,1.2459133550307175e-05,0.0,4.818827521767362e-06,7.2269183382598354e-06,0.8019524301486669,1.1621194889185003,-0.05200279190915272,-0.0006807347181728893
2025-12-05,-0.0031774836764108506,8.072449143034215e-06,7.0150972884777235e-06,0.0,5.281559714439708e-06,7.490340430513747e-06,0.5957102033818469,1.306215943573534,0.04783875124722403,-0.003205343122987316
2025-12-08,-0.0015414493570183995,7.82246346577453e-06,8.410221436680398e-06,0.0,4.750533126274722e-06,6.168126098974139e-06,0.5997169862927214,1.0851352643183023,0.0488900796906479,-0.0015686007011461033
2025-12-09,-0.0013136724901393454,7.180965835091436e-06,7.276390116699677e-06,0.0,4.571629974231604e-06,6.423078522929039e-06,0.5178255308439457,1.1274689152598925,0.04839172340781417,-0.0013391245545882973
2025-12-10,0.0008863311531903069,8.856895823043303e-06,9.500011773226768e-06,0.0,6.6306113936502975e-06,7.593644113303819e-06,0.6860158906263554,1.3274127145608694,0.05168050352582809,0.0008537499900870826
2025-12-11,0.003753019573612513,7.214339647065634e-06,8.78358783047946e-06,0.0,4.426586395723868e-06,5.588116871274247e-06,0.6296113865349302,0.9920669701273008,0.05326333575322789,0.00372700694286797
2025-12-12,0.004317072434889014,7.533426049501391e-06,1.176348255115487e-05,0.0,5.877510075339181e-06,4.581614095736885e-06,0.7604874344863652,0.7229142506829958,-0.0467969174008009,0.0042873164021172815
2025-12-15,-0.0015233794182014676,6.609867358868133e-06,1.0415130146137646e-05,0.0,4.836944461807404e-06,5.877316758394976e-06,0.752015998658046,0.9373816831533873,-0.05000753225696966,-0.0015511186769266757
2025-12-16,0.002103383836199586,5.404735627266858e-06,5.4332439414075854e-06,0.0,3.7966797903638038e-06,4.8676348742177974e-06,0.4750396111227133,0.8690394040546258,0.05127674518603563,0.00208388154196633
2025-12-17,-0.003285757283695718,4.592663997147717e-06,4.802080560606667e-06,0.0,2.8911133512111894e-06,4.124918604864746e-06,0.3485620405994913,0.7434583879061603,0.05047206228888293,-0.003302168060209548
2025-12-18,0.00023063290388439418,6.9827520456916175e-06,1.0698630194806168e-05,0.0,4.849551873422881e-06,4.762902570435749e-06,0.8051769960250437,0.8498702755732469,0.049702643740040825,0.00020333906720003777
2025-12-19,-0.0021210832923088782,6.517989461482393e-06,6.812654213127954e-06,0.0,4.1159546475830725e-06,4.533689695466921e-06,0.48813380570728016,0.8118369804302658,0.05017711159182295,-0.0021430635803265387
2025-12-22,0.00021713633350464598,4.566724905278134e-06,4.992525821102813e-06,0.0,2.9966453099752294e-06,3.835579769989952e-06,0.35617203753499976,0.6961419732007439,0.0517645718424323,0.00020074485769829985
2025-12-23,-0.0006060831312534438,3.1488930259442584e-06,3.0028578934271614e-06,0.0,1.6906517747208656e-06,3.4132817792758342e-06,0.21455222492594905,0.6240188204330066,0.050587481514666466,-0.0006173388157268119
2025-12-26,0.0003594226004607184,3.857559320594236e-06,3.727645207404361e-06,0.0,1.690865627741803e-06,3.029989006010827e-06,0.2448229456439384,0.5425023577028437,0.03346420469302533,0.00034711654129896714
2025-12-29,0.0004078696126032633,3.64945263455681e-06,3.1927762748831215e-06,0.0,2.009060694533163e-06,3.302043381376856e-06,0.19655370726610938,0.5570003107218049,0.0022570226504928237,0.00039571627961791335
2025-12-30,0.00040677011991717345,3.7758139040324227e-06,4.269131764565165e-06,0.0,2.9884665894148963e-06,3.806328129365642e-06,0.3539804109228113,0.6901380878385137,0.05067496210508568,0.0003919303795297953
2025-12-31,-0.0006113077170010942,4.101140074617121e-06,4.3172405644765874e-06,0.0,2.3200378063900747e-06,3.242964999535294e-06,0.3089468590296214,0.5952231130552266,0.05040499313329727,-0.0006252891004461132
2026-01-02,0.0018776845989253211,6.141180045448129e-06,9.791374052472285e-06,0.0,3.6398188449699866e-06,3.6701520598401956e-06,0.6985307747522432,0.6682938617475421,0.05170831569438928,0.0018544420739225905
2026-01-05,0.0012533700139089083,5.468759827661355e-06,6.851139998298264e-06,0.0,4.0555519910965675e-06,3.225006026668314e-06,0.5004231683528446,0.593513379465511,0.05171236698523429,0.0012337695560651837
2026-01-06,-0.002216486931052424,7.0977065341679065e-06,1.0078191707825068e-05,0.0,4.726843710859701e-06,4.253312945209525e-06,0.751777194451611,0.7672330553866746,0.05267648059147442,-0.002242642985950486
2026-01-07,-0.0023958767172080867,4.4220495336120814e-06,5.0388697104851845e-06,0.0,3.033489785575777e-06,4.644023475127595e-06,0.36450524447831767,0.8306413285434046,0.0504453847219683,-0.002413015149712887
2026-01-08,0.0037602677003304857,5.450580606633446e-06,7.409596958588842e-06,0.0,3.853559983769062e-06,3.690163921080754e-06,0.5328006853664464,0.6711574833536127,0.05120994461204638,0.0037398637988604135
2026-01-09,0.0017239769995513773,6.2432669362781795e-06,6.0812926106531545e-06,0.0,3.979328071543053e-06,4.073999574965708e-06,0.43610764755478126,0.7361390589120196,0.05170713031778093,0.0017035991123579373
2026-01-12,0.0013591145838976828,4.881898710143523e-06,8.66074148761737e-06,0.0,3.692654859920364e-06,4.040168785019103e-06,0.546810816098424,0.6304067370167589,-0.048341618866450345,0.0013378391200549824
2026-01-13,-0.0007423243563145352,6.762485678042785e-06,9.173993920276018e-06,0.0,4.56704168952365e-06,5.004158701863486e-06,0.6616262847196589,0.7901096377293405,-0.05058902418372424,-0.0007678320363042412
2026-01-14,-0.003001603236942456,6.85283902390665e-06,1.1012129140041777e-05,0.0,5.1602590152203815e-06,7.1529068599877016e-06,0.7989337827716372,1.1508144106239806,-0.05087394185395333,-0.0030317813709816125
2026-01-15,-0.0009906919176423932,6.348070154231648e-06,6.4716403530982916e-06,0.0,4.163527802884321e-06,6.619795656804449e-06,0.4566640325750808,1.060178885241128,-0.0519467851020185,-0.001014294951609412
2026-01-16,0.00040882030559935567,6.0084794612221235e-06,7.254079893352543e-06,0.0,4.857614730336111e-06,5.930120124872746e-06,0.5298973777435053,0.9463255790259165,-0.049934601952704244,0.00038477001138957216
2026-01-20,-0.0020463427255675167,6.216692921950794e-06,6.041917730398028e-06,0.0,4.0704468739137835e-06,5.220884735833218e-06,0.4349697343079092,0.829315680254205,-0.04779295536577599,-0.0020678926678296124
2026-01-21,-0.004860113260103017,5.98024040768344e-06,6.7965306567448896e-06,0.0,4.034585680004982e-06,4.925926989195973e-06,0.5013473979011482,0.7764372083571973,-0.051118525827726094,-0.004881850543836647
2026-01-22,-0.0006431596742317472,5.438588023791877e-06,6.5605301615956985e-06,0.0,4.1704397463182395e-06,4.685833366449417e-06,0.4726579246956678,0.7367796042359571,-0.05044040132754517,-0.0006640150655299024
2026-01-23,0.0014685703234469482,5.413021736438574e-06,5.734256957512062e-06,0.0,2.909192883680324e-06,3.829409076773291e-06,0.4079975068965039,0.5933272003578606,-0.05001352454005198,0.001450684442792544
2026-01-26,0.0007057981614746789,4.5984836742602746e-06,6.413634672919311e-06,0.0,2.837517965841799e-06,4.4045309875571645e-06,0.47697612506778725,0.6898642320625167,-0.050096973847087306,0.0006875439941741003
2026-01-27,0.001709745408942724,5.590304613995496e-06,6.015456649555062e-06,0.0,4.785547514814011e-06,4.26565549910016e-06,0.47313763264084546,0.7170571139281432,0.00042699007931656235,0.0016890884446652593
2026-01-28,-0.001371721269441424,7.3295882453216105e-06,9.609877306838957e-06,0.0,6.139409538083396e-06,5.4161048829915506e-06,0.6559905295169272,0.8599425602627365,-0.04996306007984332,-0.0014002162494146596
2026-01-29,-0.0017743582264609194,8.990919746519406e-06,1.645035680999526e-05,0.0,6.842145145268346e-06,9.614010081397033e-06,1.1899445075418509,1.5639224034944867,-0.05123129018021455,-0.0018162556582440995
2026-01-30,0.008543582708933496,8.021364482182264e-06,8.809575844815782e-06,0.0,5.922069324237092e-06,8.900650993314735e-06,0.6159910420860473,1.4476342466703556,-0.04767512020651965,0.008511929048288947
2026-02-02,-0.002072762868778864,9.144280771923802e-06,1.13456992731873e-05,0.0,7.3125064189230585e-06,8.138809094588176e-06,0.8209925112385039,1.3179850082041065,-0.04933491968670628,-0.0021087041643374866
2026-02-03,-0.017336978369292926,8.222421306675709e-06,9.111247865288732e-06,0.0,5.57730811146383e-06,8.9020267586755e-06,0.6601787976909206,1.4415212574922247,-0.05401923796525998,-0.017368791373335028
2026-02-04,-0.005485314308941947,8.657973022581218e-06,1.2461992501316485e-05,0.0,6.6016935642745376e-06,6.096912234294516e-06,0.9925316276328122,1.041689045460452,0.017407790098973502,-0.005519132880264414
2026-02-05,-0.010243290869805884,9.412259573390213e-06,9.701952634465497e-06,0.0,6.317728224575104e-06,5.499231291861734e-06,0.739616986394382,0.9735205891425176,0.04964973210974677,-0.010274222041530176
2026-02-06,0.0015449051708757502,7.0267581275897124e-06,7.470545063841635e-06,0.0,5.027452062659729e-06,4.714752098864951e-06,0.5433778124339778,0.8435566826788725,0.05147833006956094,0.0015206656635227943
2026-02-09,-0.000724819954732692,5.232044623931777e-06,6.952618728484806e-06,0.0,3.87088946313732e-06,3.4039954988992592e-06,0.5146455442191255,0.6225228015572231,0.05065155774214779,-0.0007442795030471452
2026-02-10,-0.0012745649642318866,6.008032409341212e-06,9.281287196071891e-06,0.0,4.464215544356051e-06,4.43483732701168e-06,0.695877762062663,0.7945941214776988,0.049541450539736714,-0.0012987533367086674
2026-02-11,-0.002892081316427199,6.972582844482787e-06,6.8034294022873285e-06,0.0,4.192408494393341e-06,4.351669546497404e-06,0.4640217768354389,0.7685650138459963,0.037484530034432306,-0.0029144014067148598
2026-02-12,-0.0012985885717972448,7.619442962700755e-06,7.896623210680588e-06,0.0,5.441717404632135e-06,4.759359584418323e-06,0.5916000015221737,0.8487623941185961,0.04918998393631832,-0.0013243057149596765
2026-02-13,0.004231682870486475,8.37142999028111e-06,1.5901066735104363e-05,0.0,6.6587415593467295e-06,6.381348476375339e-06,1.0723778248187394,1.0227206763085228,-0.049345867722534104,0.004194370283725367
2026-02-17,0.001752788600813154,5.843097744855639e-06,5.44683378426993e-06,0.0,3.6861362191944037e-06,5.078996114116687e-06,0.4497699964346299,0.8824251543837287,0.029153807212126542,0.0017327335369507172
2026-02-18,0.002891307575052492,5.429493212751557e-06,8.297289634485617e-06,0.0,4.17121728243508e-06,3.900506152642132e-06,0.5567956324584238,0.6260724659221907,-0.029212567721687198,0.0028695090687701776
2026-02-19,-0.0006131958036932561,6.0013269074385995e-06,8.144232794624523e-06,0.0,5.288759234734383e-06,4.942946502366287e-06,0.5722690681060769,0.781384890849118,-0.04903012154841921,-0.00063757306913242
2026-02-20,-0.0006735330012746871,5.11164692680746e-06,6.667625781092552e-06,0.0,3.935048615238464e-06,4.2674351183550336e-06,0.4808363018508739,0.666383841344081,-0.05054525853956432,-0.0006935147577161806
2026-02-23,0.0006248477671618336,5.3862094846199395e-06,5.210889868244003e-06,0.0,3.221826773556697e-06,4.122227059085144e-06,0.37663975623228074,0.6425939354293837,-0.04994021049692049,0.0006069066139763278
2026-02-24,-0.00076543114829313,3.880920107433784e-06,3.882709233802841e-06,0.0,2.1042606310322605e-06,3.8103188048939656e-06,0.27703836679246063,0.5895463535320171,-0.050587205690168974,-0.0007791093570702928
2026-02-25,0.0017537941486290044,4.853899495749087e-06,6.922618213360862e-06,0.0,3.4764374158183475e-06,3.1194179933456882e-06,0.513251934533834,0.47489860854359467,-0.04916361433848073,0.0017354217755107305
2026-02-26,-0.001044761390939275,3.956325996651596e-06,4.3727276074367644e-06,0.0,3.326630722604821e-06,3.3957318001838325e-06,0.40022595344980083,0.6175033028426042,0.04702036041172036,-0.001059812807066152
2026-02-27,0.0033633757585031358,4.830543955408672e-06,8.587729607214034e-06,0.0,4.4680239483992205e-06,4.188544725774806e-06,0.5440920750061624,0.6555284574005166,-0.048147056529650234,0.003341300916266339
2026-03-02,-0.0003878542106338894,5.978825578955454e-06,7.368127635473047e-06,0.0,5.147955518360051e-06,4.129700302597776e-06,0.5336436208637938,0.6454273004877398,-0.04836235034868629,-0.0004104788196692757
2026-03-03,-0.0015652317150802746,6.943799111697451e-06,6.112342254856072e-06,0.0,4.994670366628295e-06,3.546640500297104e-06,0.5233143066271424,0.6464414964046106,0.05060589235469779,-0.0015868291673137535
2026-03-04,0.0007397819849375636,6.609546259640254e-06,7.960778133170616e-06,0.0,4.0446553405873096e-06,4.736847915814113e-06,0.5824130185550795,0.846216820493012,0.05042637063624067,0.0007164301572883513
2026-03-05,-0.006513513761417998,6.241070267246022e-06,8.345142125762079e-06,0.0,4.658364277794916e-06,4.031715851275207e-06,0.5911199551744841,0.7091241035251876,0.03179584051095305,-0.006536790053940077
2026-03-06,-0.005352252248411714,5.493962839338823e-06,7.4999993221642355e-06,0.0,4.4038995081532035e-06,4.758076352632964e-06,0.47557056299826134,0.7466003584909898,-0.052756468751348144,-0.0053744081864340034
2026-03-09,0.0019699933017295283,5.950378228878348e-06,6.272169481406759e-06,0.0,3.976459286343633e-06,4.309196075402872e-06,0.5052455975495389,0.7465019702639663,0.022557029596283515,0.0019494850986574966
2026-03-10,0.0017854401242950661,6.590649802776917e-06,7.781594640082587e-06,0.0,4.194225303888904e-06,3.325953655854316e-06,0.5973313376788842,0.6080596932948397,0.04929947911131441,0.0017635477008924633
2026-03-11,-0.0033614582716199183,4.235603464586304e-06,4.75519607237579e-06,0.0,3.32682114212661e-06,3.815533519195863e-06,0.34947477171086316,0.6892162260858475,0.048206594860942614,-0.003377591425818203
2026-03-12,-0.0036954653733783185,6.363687515132495e-06,6.231409164822862e-06,0.0,3.559818505530024e-06,3.1391466075446874e-06,0.4361650569736205,0.5758809664881336,0.048504336420626265,-0.0037147594351713484
2026-03-13,0.0022475180085847002,5.5526473677316065e-06,7.994955900326769e-06,0.0,3.738181803392327e-06,3.941491329955578e-06,0.5784992746905273,0.7124002480658037,0.05022970463326683,0.002226290732183294
2026-03-16,-0.00027942946379166586,3.915663281343135e-06,5.046307642743899e-06,0.0,2.454484311352248e-06,3.262268701532565e-06,0.364812706527383,0.5976642122841136,0.04960307042664233,-0.0002941081877286377
2026-03-17,-0.0004272328691816341,6.506835138795807e-06,8.472657225675425e-06,0.0,4.483881213642111e-06,3.458528616955551e-06,0.6260635685367995,0.6312748350246734,0.05024202737614139,-0.000450154771376703
2026-03-18,-0.0017355436231008025,6.935739690813817e-06,6.498331257002702e-06,0.0,3.5192168845274364e-06,4.116383191306927e-06,0.4614308511945647,0.7402036688842081,0.04865129274464397,-0.0017566132941244533
2026-03-19,-0.0009629372764695496,4.755735715330589e-06,4.9967877378193155e-06,0.0,2.9794440002353512e-06,3.5328060341763717e-06,0.3589524811691596,0.6422544917488235,0.0487430780071931,-0.0009792020499571111
2026-03-20,0.001627323014868483,7.20374738168675e-06,1.3630200911534959e-05,0.0,6.269350231723928e-06,4.920851151335699e-06,0.9762136228980042,0.8646495058816401,0.03794651245724284,0.0015952988651922015
2026-03-23,-0.00011261730137170093,6.376843448609141e-06,1.1155505657519822e-05,0.0,4.5381826120447336e-06,3.504346160169587e-06,0.8518798333354184,0.637637811141375,0.048907656232883984,-0.0001381921792500442
2026-03-24,-0.002546677739204893,4.9837859298118545e-06,5.929816065055621e-06,0.0,3.3365046911778167e-06,3.6363741368736385e-06,0.44054414695842115,0.6595265942502417,0.04861573925547036,-0.0025645642200278116
2026-03-25,-0.0009491714178501082,4.531398903625764e-06,5.251048682168309e-06,0.0,3.0819548960633337e-06,4.496405282779708e-06,0.3880694752737369,0.8056075891057153,0.0502115015987247,-0.0009665322256147453
2026-03-26,0.006689204148859004,6.403863601635634e-06,9.697379084504036e-06,0.0,4.0444126737805175e-06,2.8639800054227387e-06,0.6817698644377364,0.5315792974739738,0.05043065656295359,0.006666194513493661
2026-03-27,-0.0020481908028258185,4.34481499953078e-06,5.784943869872372e-06,0.0,2.781319561854974e-06,2.776740089825255e-06,0.37775748722024954,0.47123026836948684,0.00473793327884392,-0.0020638786213469018
2026-03-30,0.0016483757375356583,3.5513862998662533e-06,6.006318797906236e-06,0.0,2.7679535018282163e-06,3.7355351824667096e-06,0.41589994818933584,0.606388044358523,-0.021181866295884227,0.001632314543753591
2026-03-31,0.0015224655802451178,4.183812836615544e-06,3.3076028300031838e-06,0.0,2.2874036993927784e-06,2.8305664288635626e-06,0.2965818753424695,0.5239846731599322,0.048449513110853534,0.0015098561944502428
2026-04-01,0.0008401574110161367,4.574323210532189e-06,6.979627826971631e-06,0.0,2.7067349749360835e-06,2.04167992930504e-06,0.5173276571283849,0.39212859221024066,0.04912636408699381,0.0008238550450743918
2026-04-02,-0.0005071164962244191,2.8002502274748827e-06,3.50664673362966e-06,0.0,1.471974019457521e-06,2.1290550668553393e-06,0.22947952826636936,0.384754107041292,0.027072855809595293,-0.0005170244222718366
2026-04-06,0.0009424024846950496,2.217631820928657e-06,2.2708225706432324e-06,0.0,1.1919828944910567e-06,2.0110261446151253e-06,0.18454856851246182,0.38776870196174373,0.049916309666402744,0.0009347110212643715
2026-04-07,-0.0013118845388726715,2.9266758815519973e-06,4.622246442602119e-06,0.0,1.9874869751747695e-06,2.778173936768254e-06,0.2548615490440436,0.4166568909340991,-0.05007633044296707,-0.0013241991221087685
2026-04-08,-0.0016327379751470445,2.525244234669355e-06,3.074388315268323e-06,0.0,1.6357633621317837e-06,2.2686431769750676e-06,0.2221589313263256,0.33123007322556125,-0.04990198050624995,-0.001642242014236089
2026-04-09,-0.000311826683846207,2.482670378620192e-06,3.4713786337322433e-06,0.0,1.3887779104615343e-06,2.437250910688335e-06,0.25266880377713274,0.35822496106106094,-0.0512331919345795,-0.0003216067616797093
2026-04-10,-0.0003727377924991224,2.5706389273642596e-06,3.2932647846338877e-06,0.0,1.8692087996450523e-06,2.3113906379535446e-06,0.23350063333683554,0.33692429758711046,-0.05138932958908461,-0.0003827822956487192
2026-04-13,0.00036061499887630793,3.8078392712154437e-06,4.788641511080501e-06,0.0,2.1200244626271293e-06,2.7155693536830334e-06,0.3423965952022411,0.40661499349300184,-0.04960065792574772,0.0003471829242777018
2026-04-14,0.00035998202948187827,3.995308920100546e-06,5.163483498486706e-06,0.0,2.166440900198863e-06,2.185666874456716e-06,0.4158544802660368,0.34701464953690575,-0.020177385371822412,0.00034647112928863546
2026-04-15,-0.0007000355774352118,2.5309621219595546e-06,3.1119417041627683e-06,0.0,1.190074660224594e-06,2.694479263258734e-06,0.2266749842567073,0.42615438085468427,-0.026518135372782956,-0.0007095630351848175
2026-04-16,0.0005344552844129973,2.1940489372924314e-06,2.3928106049833914e-06,0.0,8.551284858657135e-07,2.5056942008931197e-06,0.145386893760138,0.37015915248243564,-0.050797473267608306,0.0005265076021839626
2026-04-17,-0.0005780959838595073,2.089523028723849e-06,2.5448636685516703e-06,0.0,1.183566038513975e-06,2.7103617827289544e-06,0.187548416376183,0.4047212363207779,-0.050619543177686535,-0.0005866242983780257
2026-04-20,-0.0003624748999003035,2.5674991237699943e-06,3.0453088714758203e-06,0.0,1.0929837876688055e-06,2.2501457029685058e-06,0.21468538677383683,0.3268389819694777,-0.05118549612923145,-0.00037143083738618666
2026-04-21,-0.0008466149337610677,2.562327617016319e-06,3.964421167846568e-06,0.0,1.5829526708249963e-06,1.9507315226316786e-06,0.28999274731050717,0.27724673614246975,-0.05047615965965232,-0.0008566753667393872
2026-04-22,-0.00027766791531802146,2.5830592526339303e-06,3.5649897461354978e-06,0.0,1.8897788559679062e-06,2.5950293648261404e-06,0.2570997423043547,0.3855752255875529,-0.050389707703238654,-0.0002883007725375849
2026-04-23,0.0008498246181608374,2.662241386272021e-06,3.821225838526803e-06,0.0,1.8419279962246412e-06,2.888085166525974e-06,0.2758491131207574,0.4352214140796685,-0.04997689389669502,0.000838611137773288
2026-04-24,-0.0013347827850452348,2.1125036351630884e-06,3.707552732935815e-06,0.0,1.3332747697007259e-06,1.8800698505455298e-06,0.27956217012195267,0.2663989958701015,-0.04945273902154751,-0.00134381618603358
2026-04-27,0.00027954378264323515,3.1814768323756297e-06,3.1987348104332656e-06,0.0,1.6639129765447903e-06,1.984609745781386e-06,0.2547901767894277,0.3056561212862089,-0.027758316005064003,0.00026951504827810006
2026-04-28,0.0017888608789413687,2.7982128789150324e-06,3.5140752511896685e-06,0.0,1.601741048161164e-06,1.983108022794284e-06,0.22681795635686613,0.28359142561376144,-0.04957072221567848,0.0017789637417403084
2026-04-29,-0.0009895210403356336,4.19802493889267e-06,4.4357437532285375e-06,0.0,2.2538818297644982e-06,2.502468873594323e-06,0.3149795802069034,0.3708806060231036,-0.049534164740742764,-0.0010029111597311137
2026-04-30,0.0004864473005592371,4.12295178291979e-06,4.5181737224933064e-06,0.0,3.019480522421755e-06,2.6665108930677553e-06,0.330119487056021,0.4028238233171237,-0.04515000671825954,0.0004721201836383345
2026-05-01,-4.072872837818928e-05,4.523891557242782e-06,5.464337116880203e-06,0.0,3.1673714630708216e-06,2.333018856780048e-06,0.48395531376101575,0.4419414571815935,0.049994289242545564,-5.621734737216313e-05
2026-05-04,-0.002717601328898678,2.477048678382623e-06,4.053383812598423e-06,0.0,1.63556448605416e-06,1.862058272060219e-06,0.2744670165374882,0.3382967187425066,0.025470929036389908,-0.002727629384147773
2026-05-05,-0.000689034149217585,4.249015237746095e-06,5.607871895077953e-06,0.0,2.7392534957265113e-06,3.1183767198301105e-06,0.4427629391122584,0.5735970579784588,0.04970976904700031,-0.0007047486665659657
2026-05-06,-0.0005460802395755241,2.7563429307042544e-06,3.814894638469349e-06,0.0,2.1525045848047866e-06,2.7144304944436476e-06,0.2787080634709328,0.5058353837582648,0.049811060691731884,-0.0005575184122239462
2026-05-07,-0.00015143358775679131,3.0083394219990675e-06,3.4311113204683394e-06,0.0,2.162522863972843e-06,2.48563049507399e-06,0.24381345772470633,0.4671935558467551,0.04960763267432469,-0.00016252119185830555
2026-05-08,-0.00242977838402927,2.8423836755076e-06,4.274031834938627e-06,0.0,1.8509696067620916e-06,3.2482092831522067e-06,0.24229428561221242,0.5077828811751941,-0.03791627839437661,-0.0024419939784296302
2026-05-11,-0.0006432603636911281,3.1092163599715366e-06,5.347648522452273e-06,0.0,1.8542703831576091e-06,2.4503398044506423e-06,0.3738770591772202,0.3613275547093837,-0.050329532438323964,-0.0006560218387611601
2026-05-12,0.0013921702072894307,2.8879386551631445e-06,2.8723359468171553e-06,0.0,2.169034313890148e-06,2.7285178287828453e-06,0.2078653181665507,0.40873372251132795,-0.049657272724189946,0.0013815123805447774
2026-05-13,-0.002812086442291396,2.6813677303226818e-06,2.2921405387385216e-06,0.0,2.2176118333547355e-06,2.5895356927888856e-06,0.22279543076126276,0.44875527392625675,0.013713277537724042,-0.0028218670980866005
2026-05-14,0.0005779078991345727,2.9329416911537835e-06,3.482491713007849e-06,0.0,2.7718988867362348e-06,2.1371376293457778e-06,0.25229754000955673,0.3758162219813963,0.016777100251305542,0.0005665834292143291
2026-05-15,0.0003205353260536386,3.163158927335458e-06,3.124508186188298e-06,0.0,2.4684914030771795e-06,2.005788115472013e-06,0.24861207250255835,0.38642819775356824,0.04945579435427036,0.0003097733794215657
2026-05-18,0.0008784966314425671,3.926747205992237e-06,4.5184682074361665e-06,0.0,2.4896965101127874e-06,2.2816931059915694e-06,0.26061938633389625,0.3686186695805404,-0.014705772226042885,0.0008652800264130343
2026-05-19,0.00045076258280256815,3.727553710039983e-06,4.3906054470084524e-06,0.0,2.582945841826074e-06,2.1832884320455656e-06,0.31804752023926974,0.3575952266750419,-0.009197229908612999,0.0004378781893716481
2026-05-20,0.001362894248094024,3.108561732380851e-06,3.849827330479264e-06,0.0,2.734695497724257e-06,2.0716653765389054e-06,0.28441452394615013,0.3445850694802407,-0.003454713778295092,0.0013511294981569007
2026-05-21,-0.0003373962111311355,2.9901961259793344e-06,3.793084958795759e-06,0.0,2.122096596780754e-06,2.2599798800882115e-06,0.24089754887160708,0.3297928034873513,-0.04988381636746838,-0.00034856156869277955
2026-05-22,-0.0005744062158549727,3.381790739661384e-06,3.8929531961960745e-06,0.0,2.088497422046977e-06,2.2804698481794307e-06,0.28727923683393725,0.3370501146329352,-0.0460688198612091,-0.0005860499270610567
2026-05-26,-0.0002396625475927845,2.799187423434387e-06,2.565699725541216e-06,0.0,2.0430650147641558e-06,2.196887196816409e-06,0.23285545274601369,0.3827963370487078,0.013719287983551154,-0.0002492673869533407
2026-05-27,-0.0009437752434329639,2.708312184396643e-06,5.2897779329521884e-06,0.0,2.392086094799941e-06,3.634550243510228e-06,0.34962490699145055,0.5686642573007262,-0.04194018360899218,-0.0009577999698886229
2026-05-28,-0.002143558508265684,1.7623587735881938e-06,2.659291138846812e-06,0.0,1.831348445992184e-06,3.896585121109197e-06,0.19039814943518027,0.6045981608025809,-0.05002813954376384,-0.0021537080917452206
2026-05-29,-0.002749115743104953,3.997710790417476e-06,5.35174816021808e-06,0.0,3.278691383106941e-06,5.088426473680451e-06,0.4030701282626248,0.8112261435160975,-0.043629504062218216,-0.002766832319912376
2026-06-01,-0.003835718416041407,2.869553905310989e-06,3.2806990722877157e-06,0.0,2.146706991829384e-06,5.081827213322799e-06,0.23490057545640475,0.8031199108732814,-0.05062706096494862,-0.003849097203224158
2026-06-02,0.002667580734672622,3.158464678363326e-06,4.43747448870348e-06,0.0,2.1634611394896493e-06,3.846422855865276e-06,0.31719631325033704,0.5968446533772591,-0.04935438640810713,0.0026539749115102
2026-06-03,0.002653768989264161,3.0736584381780164e-06,4.4373981277374774e-06,0.0,2.7741243853601433e-06,2.0968430694024497e-06,0.4073960794900818,0.4040606133638303,0.05179097770421863,0.0026413869652434827
2026-06-04,0.0015150801591588211,4.235355293583292e-06,5.463686185815753e-06,0.0,3.6624956862505433e-06,2.083122844534794e-06,0.3842549079295318,0.40157551514725837,0.05161087726541295,0.0014996354991486367
2026-06-05,-0.002232341909784851,4.697462439968102e-06,6.05923948271716e-06,0.0,3.876629667384071e-06,2.5172199907106192e-06,0.43720888732602387,0.47297980969972914,0.05008685126034512,-0.0022494924613656307
2026-06-08,0.0016803643407514023,4.0858201531569184e-06,5.674542178203623e-06,0.0,3.6700335895796253e-06,2.06775184587349e-06,0.41547230007049163,0.39763680126303846,0.050254491156292186,0.0016648661929845887
2026-06-09,0.0014775254420925504,5.550378367511192e-06,1.0103227689694892e-05,0.0,4.849132894889182e-06,4.301884883828619e-06,0.6467711842820802,0.6725512476540405,-0.05016541282916792,0.0014527208182566265
2026-06-10,2.3182600826698455e-05,3.6153707100388195e-06,4.841312676752299e-06,0.0,2.5676968497530736e-06,3.2100683962980697e-06,0.36498007533162913,0.4905671923865387,-0.04872429819153677,8.948152193856194e-06
2026-06-11,-0.0023743994227742953,3.946248605073136e-06,3.344718152991895e-06,0.0,2.804336202980743e-06,1.964717052989834e-06,0.3287937702618229,0.3795532794798962,0.04948081457760412,-0.002386459442788331
2026-06-12,0.00015284542132171951,3.5900387870755635e-06,3.969461349424087e-06,0.0,2.7830780540460793e-06,1.5128475475962997e-06,0.27375508436006224,0.29091610297471976,0.03675771497854155,0.0001409899955835775
2026-06-15,0.0004671715238547085,3.5983109231129813e-06,6.448701047316831e-06,0.0,3.3052045242333894e-06,3.1420205914071903e-06,0.44145153471393506,0.5151893214977454,-0.012670137858662583,0.0004506772867686381
2026-06-16,0.0020907735192281637,2.530320922950108e-06,3.624184943964412e-06,0.0,2.2306043221601715e-06,2.4159508185177963e-06,0.28924652542988827,0.4322650539558862,0.026385316444896445,0.002079972458220571
2026-06-17,0.0006270619502893041,2.5411347926724727e-06,5.3648440934973765e-06,0.0,3.3317956635006215e-06,2.229555184336458e-06,0.3344914262646727,0.32484960364694937,-0.04971566732157564,0.0006135946205552972
2026-06-18,0.0003847828570321692,2.6891533110115423e-06,3.0149472011483673e-06,0.0,2.345326548039804e-06,2.142551341261577e-06,0.2466378804822998,0.3453698491392608,-0.014578776192683905,0.0003745908786307079
2026-06-22,1.3362487428765415e-05,3.040316808488509e-06,5.017346114325893e-06,0.0,3.841444876250266e-06,3.069775047746454e-06,0.34070090354115395,0.46578013690825393,-0.049942071113150535,-1.6063954180457064e-06
2026-06-23,0.005055449948923957,3.310304606461463e-06,3.5505436623122883e-06,0.0,2.9386511491580623e-06,2.7059010329278955e-06,0.26540112660203563,0.4298416056572957,-0.024749767874590545,0.005042944548473097
2026-06-24,-0.0008848103716895574,2.8374203018395392e-06,3.337392180232405e-06,0.0,2.74499404493963e-06,2.7978521389138483e-06,0.24041332711044272,0.4462996002932593,-0.02373955904426736,-0.0008965280303554828
2026-06-25,-0.0022099266670141554,3.437094650819853e-06,3.3398271418857185e-06,0.0,3.3795452433793656e-06,2.9724294175163856e-06,0.24620817550226834,0.48767212863931214,-0.011696013503440877,-0.0022230555634677567
2026-06-26,0.0011723437711424875,4.363639946384549e-06,6.441195985299722e-06,0.0,5.864782187450757e-06,4.308173313092919e-06,0.4289656744308237,0.6738277192960016,-0.04994539730360903,0.0011513659797102596
2026-06-29,0.0018260370721685357,4.552968364910488e-06,6.940502342393215e-06,0.0,4.93602436466364e-06,2.923301946113209e-06,0.5208103106414851,0.44117148603441814,-0.04994324091260136,0.0018066842751504552
2026-06-30,0.0016006379991354955,4.092496652941457e-06,5.0423111356621174e-06,0.0,3.764042010877471e-06,3.4576859870939326e-06,0.37565904380201565,0.5319701447945352,-0.04892110103724621,0.0015842814633489205
2026-07-01,-0.0014202066881858352,3.426129985090008e-06,5.298130565689771e-06,0.0,3.796293180575799e-06,4.349874519107765e-06,0.39936046656372975,0.6805422454805551,-0.050236673729549014,-0.0014370771164362985
2026-07-02,-0.0008605141822703327,3.729543943758954e-06,6.546182550216603e-06,0.0,4.077723509448465e-06,2.9030913485632855e-06,0.47451361195460734,0.43684124040327554,-0.050878106155356255,-0.00087777072362232
2026-07-06,0.0007864754908086975,2.666531748820001e-06,3.192032214161354e-06,0.0,3.0178368478620776e-06,3.0028966124357295e-06,0.23081624159701009,0.4552502965252064,-0.0492363343639965,0.0007745961933854184
2026-07-07,-0.002037553600259371,3.6513710657385194e-06,3.883384678730371e-06,0.0,3.866806900891695e-06,2.5266330057983564e-06,0.29914832634451827,0.3925631899978451,-0.03191115497627865,-0.0020514817959105297
2026-07-08,0.0012329448954896956,3.0702947171153158e-06,3.6566454074503928e-06,0.0,3.7341035921142735e-06,2.0081970717753085e-06,0.33201316951242454,0.3878815366427219,0.05050442858447013,0.0012204756547012402
2026-07-09,-0.0004776383845829704,2.5947848950219696e-06,2.994224295744076e-06,0.0,2.9525778752174886e-06,1.951745349207443e-06,0.21647867405658405,0.3780417747168851,0.0501485560500348,-0.0004881317169981614
2026-07-10,0.000853008582562664,3.423849633150127e-06,4.589643695376432e-06,0.0,3.9640133061234435e-06,1.8024090131480445e-06,0.32644728428246533,0.3480215121333531,0.045216797924481564,0.0008392286669148659
2026-07-13,-0.0006148068204666365,2.601373783750345e-06,4.276038707603857e-06,0.0,2.940452293078378e-06,2.5142533496647674e-06,0.2528366438816524,0.39554779040128213,-0.026846772342398656,-0.0006271389386007339
2026-07-14,0.00016470815307044603,3.4700582858301997e-06,4.072680059104142e-06,0.0,4.105234184235671e-06,2.907760640673782e-06,0.2896111827889326,0.4558768746395475,-0.032626912993648,0.00015015241990060224
2026-07-15,0.0007974281503395745,3.553502194251246e-06,5.420448671524311e-06,0.0,4.068164277567248e-06,2.5516814059780294e-06,0.3786243423343628,0.3789048006939285,-0.04977767551038034,0.0007818343537902537
2026-07-16,-0.0017875645542602344,4.4433788168315635e-06,7.744283571731227e-06,0.0,5.657728648833673e-06,4.385780852310591e-06,0.5590094634245404,0.6865546575059398,-0.05025652568223943,-0.0018097957261499415
2026-07-17,0.001187367771256368,3.5103113872946184e-06,4.7211173443630136e-06,0.0,4.054140706058539e-06,3.332940426906344e-06,0.3512018047599158,0.5114533197311651,-0.04848067198910036,0.0011717492613917454
2026-07-20,0.0007052591091504259,2.632206891928008e-06,3.1027408428985225e-06,0.0,2.8874439916516107e-06,2.7506688701190015e-06,0.22244992410951953,0.41315356634256245,-0.04895880383742966,0.0006938860485538287
2026-07-21,0.0025961451030318476,3.5813254719932093e-06,3.836940020861914e-06,0.0,3.6493989178733294e-06,3.2522877695222595e-06,0.2719779202846283,0.4986860760924575,-0.047698269187282163,0.002581825150851597
2026-07-22,-0.00027335252338468713,3.6614621736315972e-06,4.2275609550976586e-06,0.0,4.202967446781912e-06,3.012136404251489e-06,0.30393333150183566,0.45805516426599696,-0.0479837516482533,-0.00028845665036444977
2026-07-23,-0.001365420338033415,4.159432142980507e-06,5.516181262941147e-06,0.0,4.531210850888332e-06,3.838705825001921e-06,0.40312693066782235,0.5969568086987048,-0.047945769901618,-0.001383465868115227
2026-07-24,0.0009152783237596806,2.9543971075562938e-06,3.940451546100302e-06,0.0,3.282469508064363e-06,3.253694860355985e-06,0.2883674119651368,0.4969219105878452,-0.04969882595196022,0.0009018473107376036
2026-07-27,0.0005970207956082019,3.5611360596660315e-06,2.8951104997534588e-06,0.0,4.205111709211738e-06,2.7672178242815108e-06,0.26012093887653415,0.48194025765353954,0.017047663174245456,0.0005835922195152892
2026-07-28,-0.00011764449318131924,4.903883246584165e-06,7.847169163817597e-06,0.0,6.974929476412013e-06,3.2119484866031027e-06,0.5523377414770456,0.5221351742063942,-0.01747217154292703,-0.00014058242355473611
2026-07-29,-0.001389837888734738,3.4813129541694373e-06,5.228321597730624e-06,0.0,5.596999725243487e-06,3.1652897037600185e-06,0.41167604522513257,0.553749164980747,0.02198049474906368,-0.0014073098127156416
2026-07-30,0.016391170222279,3.561831269163112e-06,5.753448313480883e-06,0.0,4.92699567314571e-06,2.915986744913222e-06,0.3552750739002691,0.44387484339218813,-0.04601092975323295,0.0163740119602783
2026-07-31,0.001140557142984779,3.2751657228390644e-06,4.059322847723639e-06,0.0,5.375347410841907e-06,2.185862356583934e-06,0.3784702507108969,0.4196724104062905,0.05244753450018965,0.0011256614446467903
2026-08-03,-0.0009702753591979127,3.2767627940877514e-06,3.75584401873298e-06,0.0,4.371788518209746e-06,2.0818010557451012e-06,0.2689055733681842,0.4016309486790022,0.051888371313825093,-0.0009837615555846882
2026-08-04,0.0009083202720624113,2.8875733559623913e-06,5.017698512798911e-06,0.0,3.659083360720548e-06,2.9452947661859393e-06,0.3669089204627122,0.5321005200764996,0.03729099935726196,0.0008938106220667436
2026-08-05,0.00018984480635384488,2.95434683069303e-06,3.942935018461753e-06,0.0,3.2907570687205866e-06,2.3968402691536856e-06,0.28589535026397866,0.4398180924515671,0.037148927233748075,0.00017725992716681582
2026-08-06,-8.925739978091055e-05,3.081422958869524e-06,4.882898766270017e-06,0.0,3.336350769996296e-06,2.8718256612608243e-06,0.2842224483517317,0.4325764102416045,-0.04989030085021392,-0.00010342989793730722
2026-08-07,-0.001192440494892987,3.2521620023427692e-06,3.842588893748073e-06,0.0,3.332525979272455e-06,2.3594706231525094e-06,0.3040805181675595,0.3822676741769752,-0.014123390512646133,-0.0012052272423915028
2026-08-10,0.0005087303667333623,3.058689331621988e-06,4.309166020051179e-06,0.0,3.412559752511275e-06,2.551700983142726e-06,0.28185693324662714,0.3787681486301177,-0.049917616537860414,0.0004953982506460352
2026-08-11,0.0013364898807791369,2.411396501003392e-06,2.268799597533251e-06,0.0,2.9911225419479175e-06,1.7784452595420811e-06,0.22717218978115455,0.32782143315988377,0.02904262955681409,0.0013270401168791102
2026-08-12,0.0017269211439254202,2.7139899329286044e-06,3.453154235701523e-06,0.0,3.6311293133181593e-06,2.0825700696135398e-06,0.27118860651635424,0.4010613962573646,0.05118962456229012,0.0017150403003738583
2026-08-13,-0.000367063182496449,2.9399191294228357e-06,3.6834121868546593e-06,0.0,3.6048496105997437e-06,1.8433313287429685e-06,0.2694129519793693,0.3607220216588325,0.0510423584300138,-0.0003791346947520692
2026-08-14,0.000747658802194388,1.9360345683943987e-06,2.3439222511235652e-06,0.0,1.9201520243443383e-06,1.613434783042477e-06,0.169166290730424,0.3220015098514755,0.0509444663003393,0.0007398452585674832
2026-08-17,-0.0034826129573555086,2.139527052693239e-06,2.7795235361595383e-06,0.0,2.0143045928136027e-06,1.235062571486767e-06,0.19904615196795578,0.25711887964278957,0.049628367633012566,-0.0034907813751086617
2026-08-18,0.0016947082555174649,2.9361859932940215e-06,3.0495758328980993e-06,0.0,2.798678912113908e-06,1.2916660162100202e-06,0.2197742493097107,0.26713334906551633,0.05013345834223303,0.001684632148762949
2026-08-19,0.004658805430582544,2.105324820395635e-06,2.488132882379401e-06,0.0,1.9821953052670814e-06,1.3080895078230873e-06,0.17759282245482166,0.27208379694114143,0.05232475962686283,0.004650921688066679
2026-08-20,-0.000634128211739538,2.2191692998992152e-06,2.950138614947366e-06,0.0,1.9634353336532948e-06,1.6883867209888207e-06,0.21814641895244552,0.3349337683518443,0.05128479922572245,-0.0006429493417090267
2026-08-21,0.001254371682806297,2.5104986781448977e-06,3.037483147352611e-06,0.0,3.074145793824667e-06,1.8750366221061804e-06,0.2187632040858026,0.3667128061718594,0.051706653658021115,0.0012438745185648686
2026-08-24,0.0009159833616297245,2.6170945483563366e-06,3.7658891075153617e-06,0.0,2.475599678855825e-06,1.6511724194602182e-06,0.2690570619887147,0.328223633289826,0.050826666820509486,0.0009054736058755368
2026-08-25,0.0002955637102546024,2.735230268416382e-06,3.6242635431634792e-06,0.0,2.933349015026913e-06,1.6980424401101372e-06,0.26718453054839886,0.3362931756027242,0.051022045664221,0.0002845728249878855
2026-08-26,0.001255482508218758,3.004898794955847e-06,3.7775908126859436e-06,0.0,3.0456967178809835e-06,2.1347547820741183e-06,0.2818524728355414,0.4095335367604199,0.05089473337196798,0.001243519567111161
2026-08-27,-0.001988297732578274,3.1526805635112185e-06,3.04685951911044e-06,0.0,2.966613546366263e-06,1.9571614847781265e-06,0.21268923596752629,0.378556058252836,0.049752928810110536,-0.00199942104769204
2026-08-28,0.001467455944760077,2.6809666034762438e-06,2.6125357589209195e-06,0.0,2.7066175283499357e-06,2.0005485665464073e-06,0.18736425396303233,0.3861314166992821,0.050039257519485625,0.0014574552763027835
2026-08-31,-0.0021120166043432174,2.715080842618214e-06,3.05011745603788e-06,0.0,2.431869684466012e-06,1.9472935045264963e-06,0.22022444690177287,0.3765351976256692,0.04938988886521761,-0.002122160965830866
