date,gross_ret,commission,fees,spread,impact,borrow,turnover,gross_exposure,net_exposure,net_ret
2005-01-03,0.0,0.0,0.0,0.0,0.0,0.0,0.0,0.0,0.0,0.0
2005-01-04,0.0,0.0,0.0,0.0,0.0,0.0,0.0,0.0,0.0,0.0
2005-01-05,0.0,0.0,0.0,0.0,0.0,0.0,0.0,0.0,0.0,0.0
2005-01-06,0.0,0.0,0.0,0.0,0.0,0.0,0.0,0.0,0.0,0.0
2005-01-07,0.0,0.0,0.0,0.0,0.0,0.0,0.0,0.0,0.0,0.0
2005-01-10,0.0,0.0,0.0,0.0,0.0,0.0,0.0,0.0,0.0,0.0
2005-01-11,0.0,0.0,0.0,0.0,0.0,0.0,0.0,0.0,0.0,0.0
2005-01-12,0.0,0.0,0.0,0.0,0.0,0.0,0.0,0.0,0.0,0.0
2005-01-13,0.0,0.0,0.0,0.0,0.0,0.0,0.0,0.0,0.0,0.0
2005-01-14,0.0,0.0,0.0,0.0,0.0,0.0,0.0,0.0,0.0,0.0
2005-01-18,0.0,0.0,0.0,0.0,0.0,0.0,0.0,0.0,0.0,0.0
2005-01-19,0.0,0.0,0.0,0.0,0.0,0.0,0.0,0.0,0.0,0.0
2005-01-20,0.0,0.0,0.0,0.0,0.0,0.0,0.0,0.0,0.0,0.0
2005-01-21,0.0,0.0,0.0,0.0,0.0,0.0,0.0,0.0,0.0,0.0
2005-01-24,0.0,0.0,0.0,0.0,0.0,0.0,0.0,0.0,0.0,0.0
2005-01-25,0.0,0.0,0.0,0.0,0.0,0.0,0.0,0.0,0.0,0.0
2005-01-26,0.0,0.0,0.0,0.0,0.0,0.0,0.0,0.0,0.0,0.0
2005-01-27,0.0,0.0,0.0,0.0,0.0,0.0,0.0,0.0,0.0,0.0
2005-01-28,0.0,0.0,0.0,0.0,0.0,0.0,0.0,0.0,0.0,0.0
2005-01-31,0.0,0.0,0.0,0.0,0.0,0.0,0.0,0.0,0.0,0.0
2005-02-01,0.0,0.0,0.0,0.0,0.0,0.0,0.0,0.0,0.0,0.0
2005-02-02,0.0,0.0,0.0,0.0,0.0,0.0,0.0,0.0,0.0,0.0
2005-02-03,0.0,0.0,0.0,0.0,0.0,0.0,0.0,0.0,0.0,0.0
2005-02-04,0.0,0.0,0.0,0.0,0.0,0.0,0.0,0.0,0.0,0.0
2005-02-07,0.0,0.0,0.0,0.0,0.0,0.0,0.0,0.0,0.0,0.0
2005-02-08,0.0,0.0,0.0,0.0,0.0,0.0,0.0,0.0,0.0,0.0
2005-02-09,0.0,0.0,0.0,0.0,0.0,0.0,0.0,0.0,0.0,0.0
2005-02-10,0.0,0.0,0.0,0.0,0.0,0.0,0.0,0.0,0.0,0.0
2005-02-11,0.0,0.0,0.0,0.0,0.0,0.0,0.0,0.0,0.0,0.0
2005-02-14,0.0,0.0,0.0,0.0,0.0,0.0,0.0,0.0,0.0,0.0
2005-02-15,0.0,0.0,0.0,0.0,0.0,0.0,0.0,0.0,0.0,0.0
2005-02-16,0.0,0.0,0.0,0.0,0.0,0.0,0.0,0.0,0.0,0.0
2005-02-17,0.0,0.0,0.0,0.0,0.0,0.0,0.0,0.0,0.0,0.0
2005-02-18,0.0,0.0,0.0,0.0,0.0,0.0,0.0,0.0,0.0,0.0
2005-02-22,0.0,0.0,0.0,0.0,0.0,0.0,0.0,0.0,0.0,0.0
2005-02-23,0.0,0.0,0.0,0.0,0.0,0.0,0.0,0.0,0.0,0.0
2005-02-24,0.0,0.0,0.0,0.0,0.0,0.0,0.0,0.0,0.0,0.0
2005-02-25,0.0,0.0,0.0,0.0,0.0,0.0,0.0,0.0,0.0,0.0
2005-02-28,0.0,0.0,0.0,0.0,0.0,0.0,0.0,0.0,0.0,0.0
2005-03-01,0.0,0.0,0.0,0.0,0.0,0.0,0.0,0.0,0.0,0.0
2005-03-02,0.0,0.0,0.0,0.0,0.0,0.0,0.0,0.0,0.0,0.0
2005-03-03,0.0,0.0,0.0,0.0,0.0,0.0,0.0,0.0,0.0,0.0
2005-03-04,0.0,0.0,0.0,0.0,0.0,0.0,0.0,0.0,0.0,0.0
2005-03-07,0.0,0.0,0.0,0.0,0.0,0.0,0.0,0.0,0.0,0.0
2005-03-08,0.0,0.0,0.0,0.0,0.0,0.0,0.0,0.0,0.0,0.0
2005-03-09,0.0,0.0,0.0,0.0,0.0,0.0,0.0,0.0,0.0,0.0
2005-03-10,0.0,0.0,0.0,0.0,0.0,0.0,0.0,0.0,0.0,0.0
2005-03-11,0.0,0.0,0.0,0.0,0.0,0.0,0.0,0.0,0.0,0.0
2005-03-14,0.0,0.0,0.0,0.0,0.0,0.0,0.0,0.0,0.0,0.0
2005-03-15,0.0,0.0,0.0,0.0,0.0,0.0,0.0,0.0,0.0,0.0
2005-03-16,0.0,0.0,0.0,0.0,0.0,0.0,0.0,0.0,0.0,0.0
2005-03-17,0.0,0.0,0.0,0.0,0.0,0.0,0.0,0.0,0.0,0.0
2005-03-18,0.0,0.0,0.0,0.0,0.0,0.0,0.0,0.0,0.0,0.0
2005-03-21,0.0,0.0,0.0,0.0,0.0,0.0,0.0,0.0,0.0,0.0
2005-03-22,0.0,0.0,0.0,0.0,0.0,0.0,0.0,0.0,0.0,0.0
2005-03-23,0.0,0.0,0.0,0.0,0.0,0.0,0.0,0.0,0.0,0.0
2005-03-24,0.0,0.0,0.0,0.0,0.0,0.0,0.0,0.0,0.0,0.0
2005-03-28,0.0,0.0,0.0,0.0,0.0,0.0,0.0,0.0,0.0,0.0
2005-03-29,0.0,0.0,0.0,0.0,0.0,0.0,0.0,0.0,0.0,0.0
2005-03-30,0.0,0.0,0.0,0.0,0.0,0.0,0.0,0.0,0.0,0.0
2005-03-31,0.0,0.0,0.0,0.0,0.0,0.0,0.0,0.0,0.0,0.0
2005-04-01,0.0,0.0,0.0,0.0,0.0,0.0,0.0,0.0,0.0,0.0
2005-04-04,0.0,0.0,0.0,0.0,0.0,0.0,0.0,0.0,0.0,0.0
2005-04-05,0.0,0.0,0.0,0.0,0.0,0.0,0.0,0.0,0.0,0.0
2005-04-06,0.0,0.0,0.0,0.0,0.0,0.0,0.0,0.0,0.0,0.0
2005-04-07,0.0,0.0,0.0,0.0,0.0,0.0,0.0,0.0,0.0,0.0
2005-04-08,0.0,0.0,0.0,0.0,0.0,0.0,0.0,0.0,0.0,0.0
2005-04-11,0.0,0.0,0.0,0.0,0.0,0.0,0.0,0.0,0.0,0.0
2005-04-12,0.0,0.0,0.0,0.0,0.0,0.0,0.0,0.0,0.0,0.0
2005-04-13,0.0,0.0,0.0,0.0,0.0,0.0,0.0,0.0,0.0,0.0
2005-04-14,0.0,0.0,0.0,0.0,0.0,0.0,0.0,0.0,0.0,0.0
2005-04-15,0.0,0.0,0.0,0.0,0.0,0.0,0.0,0.0,0.0,0.0
2005-04-18,0.0,0.0,0.0,0.0,0.0,0.0,0.0,0.0,0.0,0.0
2005-04-19,0.0,0.0,0.0,0.0,0.0,0.0,0.0,0.0,0.0,0.0
2005-04-20,0.0,0.0,0.0,0.0,0.0,0.0,0.0,0.0,0.0,0.0
2005-04-21,0.0,0.0,0.0,0.0,0.0,0.0,0.0,0.0,0.0,0.0
2005-04-22,0.0,0.0,0.0,0.0,0.0,0.0,0.0,0.0,0.0,0.0
2005-04-25,0.0,0.0,0.0,0.0,0.0,0.0,0.0,0.0,0.0,0.0
2005-04-26,0.0,0.0,0.0,0.0,0.0,0.0,0.0,0.0,0.0,0.0
2005-04-27,0.0,0.0,0.0,0.0,0.0,0.0,0.0,0.0,0.0,0.0
2005-04-28,0.0,0.0,0.0,0.0,0.0,0.0,0.0,0.0,0.0,0.0
2005-04-29,0.0,0.0,0.0,0.0,0.0,0.0,0.0,0.0,0.0,0.0
2005-05-02,0.0,0.0,0.0,0.0,0.0,0.0,0.0,0.0,0.0,0.0
2005-05-03,0.0,0.0,0.0,0.0,0.0,0.0,0.0,0.0,0.0,0.0
2005-05-04,0.0,0.0,0.0,0.0,0.0,0.0,0.0,0.0,0.0,0.0
2005-05-05,0.0,0.0,0.0,0.0,0.0,0.0,0.0,0.0,0.0,0.0
2005-05-06,0.0,0.0,0.0,0.0,0.0,0.0,0.0,0.0,0.0,0.0
2005-05-09,0.0,0.0,0.0,0.0,0.0,0.0,0.0,0.0,0.0,0.0
2005-05-10,0.0,0.0,0.0,0.0,0.0,0.0,0.0,0.0,0.0,0.0
2005-05-11,0.0,0.0,0.0,0.0,0.0,0.0,0.0,0.0,0.0,0.0
2005-05-12,0.0,0.0,0.0,0.0,0.0,0.0,0.0,0.0,0.0,0.0
2005-05-13,0.0,0.0,0.0,0.0,0.0,0.0,0.0,0.0,0.0,0.0
2005-05-16,0.0,0.0,0.0,0.0,0.0,0.0,0.0,0.0,0.0,0.0
2005-05-17,0.0,0.0,0.0,0.0,0.0,0.0,0.0,0.0,0.0,0.0
2005-05-18,0.0,0.0,0.0,0.0,0.0,0.0,0.0,0.0,0.0,0.0
2005-05-19,0.0,0.0,0.0,0.0,0.0,0.0,0.0,0.0,0.0,0.0
2005-05-20,0.0,0.0,0.0,0.0,0.0,0.0,0.0,0.0,0.0,0.0
2005-05-23,0.0,0.0,0.0,0.0,0.0,0.0,0.0,0.0,0.0,0.0
2005-05-24,0.0,0.0,0.0,0.0,0.0,0.0,0.0,0.0,0.0,0.0
2005-05-25,0.0,0.0,0.0,0.0,0.0,0.0,0.0,0.0,0.0,0.0
2005-05-26,0.0,0.0,0.0,0.0,0.0,0.0,0.0,0.0,0.0,0.0
2005-05-27,0.0,0.0,0.0,0.0,0.0,0.0,0.0,0.0,0.0,0.0
2005-05-31,0.0,0.0,0.0,0.0,0.0,0.0,0.0,0.0,0.0,0.0
2005-06-01,0.0,0.0,0.0,0.0,0.0,0.0,0.0,0.0,0.0,0.0
2005-06-02,0.0,0.0,0.0,0.0,0.0,0.0,0.0,0.0,0.0,0.0
2005-06-03,0.0,0.0,0.0,0.0,0.0,0.0,0.0,0.0,0.0,0.0
2005-06-06,0.0,0.0,0.0,0.0,0.0,0.0,0.0,0.0,0.0,0.0
2005-06-07,0.0,0.0,0.0,0.0,0.0,0.0,0.0,0.0,0.0,0.0
2005-06-08,0.0,0.0,0.0,0.0,0.0,0.0,0.0,0.0,0.0,0.0
2005-06-09,0.0,0.0,0.0,0.0,0.0,0.0,0.0,0.0,0.0,0.0
2005-06-10,0.0,0.0,0.0,0.0,0.0,0.0,0.0,0.0,0.0,0.0
2005-06-13,0.0,0.0,0.0,0.0,0.0,0.0,0.0,0.0,0.0,0.0
2005-06-14,0.0,0.0,0.0,0.0,0.0,0.0,0.0,0.0,0.0,0.0
2005-06-15,0.0,0.0,0.0,0.0,0.0,0.0,0.0,0.0,0.0,0.0
2005-06-16,0.0,0.0,0.0,0.0,0.0,0.0,0.0,0.0,0.0,0.0
2005-06-17,0.0,0.0,0.0,0.0,0.0,0.0,0.0,0.0,0.0,0.0
2005-06-20,0.0,0.0,0.0,0.0,0.0,0.0,0.0,0.0,0.0,0.0
2005-06-21,0.0,0.0,0.0,0.0,0.0,0.0,0.0,0.0,0.0,0.0
2005-06-22,0.0,0.0,0.0,0.0,0.0,0.0,0.0,0.0,0.0,0.0
2005-06-23,0.0,0.0,0.0,0.0,0.0,0.0,0.0,0.0,0.0,0.0
2005-06-24,0.0,0.0,0.0,0.0,0.0,0.0,0.0,0.0,0.0,0.0
2005-06-27,0.0,0.0,0.0,0.0,0.0,0.0,0.0,0.0,0.0,0.0
2005-06-28,0.0,0.0,0.0,0.0,0.0,0.0,0.0,0.0,0.0,0.0
2005-06-29,0.0,0.0,0.0,0.0,0.0,0.0,0.0,0.0,0.0,0.0
2005-06-30,0.0,0.0,0.0,0.0,0.0,0.0,0.0,0.0,0.0,0.0
2005-07-01,0.0,0.0,0.0,0.0,0.0,0.0,0.0,0.0,0.0,0.0
2005-07-05,0.0,0.0,0.0,0.0,0.0,0.0,0.0,0.0,0.0,0.0
2005-07-06,0.0,0.0,0.0,0.0,0.0,0.0,0.0,0.0,0.0,0.0
2005-07-07,0.0,0.0,0.0,0.0,0.0,0.0,0.0,0.0,0.0,0.0
2005-07-08,0.0,0.0,0.0,0.0,0.0,0.0,0.0,0.0,0.0,0.0
2005-07-11,0.0,0.0,0.0,0.0,0.0,0.0,0.0,0.0,0.0,0.0
2005-07-12,0.0,0.0,0.0,0.0,0.0,0.0,0.0,0.0,0.0,0.0
2005-07-13,0.0,0.0,0.0,0.0,0.0,0.0,0.0,0.0,0.0,0.0
2005-07-14,0.0,0.0,0.0,0.0,0.0,0.0,0.0,0.0,0.0,0.0
2005-07-15,0.0,0.0,0.0,0.0,0.0,0.0,0.0,0.0,0.0,0.0
2005-07-18,0.0,0.0,0.0,0.0,0.0,0.0,0.0,0.0,0.0,0.0
2005-07-19,0.0,0.0,0.0,0.0,0.0,0.0,0.0,0.0,0.0,0.0
2005-07-20,0.0,0.0,0.0,0.0,0.0,0.0,0.0,0.0,0.0,0.0
2005-07-21,0.0,0.0,0.0,0.0,0.0,0.0,0.0,0.0,0.0,0.0
2005-07-22,0.0,0.0,0.0,0.0,0.0,0.0,0.0,0.0,0.0,0.0
2005-07-25,0.0,0.0,0.0,0.0,0.0,0.0,0.0,0.0,0.0,0.0
2005-07-26,0.0,0.0,0.0,0.0,0.0,0.0,0.0,0.0,0.0,0.0
2005-07-27,0.0,0.0,0.0,0.0,0.0,0.0,0.0,0.0,0.0,0.0
2005-07-28,0.0,0.0,0.0,0.0,0.0,0.0,0.0,0.0,0.0,0.0
2005-07-29,0.0,0.0,0.0,0.0,0.0,0.0,0.0,0.0,0.0,0.0
2005-08-01,0.0,0.0,0.0,0.0,0.0,0.0,0.0,0.0,0.0,0.0
2005-08-02,0.0,0.0,0.0,0.0,0.0,0.0,0.0,0.0,0.0,0.0
2005-08-03,0.0,0.0,0.0,0.0,0.0,0.0,0.0,0.0,0.0,0.0
2005-08-04,0.0,0.0,0.0,0.0,0.0,0.0,0.0,0.0,0.0,0.0
2005-08-05,0.0,0.0,0.0,0.0,0.0,0.0,0.0,0.0,0.0,0.0
2005-08-08,0.0,0.0,0.0,0.0,0.0,0.0,0.0,0.0,0.0,0.0
2005-08-09,0.0,0.0,0.0,0.0,0.0,0.0,0.0,0.0,0.0,0.0
2005-08-10,0.0,0.0,0.0,0.0,0.0,0.0,0.0,0.0,0.0,0.0
2005-08-11,0.0,0.0,0.0,0.0,0.0,0.0,0.0,0.0,0.0,0.0
2005-08-12,0.0,0.0,0.0,0.0,0.0,0.0,0.0,0.0,0.0,0.0
2005-08-15,0.0,0.0,0.0,0.0,0.0,0.0,0.0,0.0,0.0,0.0
2005-08-16,0.0,0.0,0.0,0.0,0.0,0.0,0.0,0.0,0.0,0.0
2005-08-17,0.0,0.0,0.0,0.0,0.0,0.0,0.0,0.0,0.0,0.0
2005-08-18,0.0,0.0,0.0,0.0,0.0,0.0,0.0,0.0,0.0,0.0
2005-08-19,0.0,0.0,0.0,0.0,0.0,0.0,0.0,0.0,0.0,0.0
2005-08-22,0.0,0.0,0.0,0.0,0.0,0.0,0.0,0.0,0.0,0.0
2005-08-23,0.0,0.0,0.0,0.0,0.0,0.0,0.0,0.0,0.0,0.0
2005-08-24,0.0,0.0,0.0,0.0,0.0,0.0,0.0,0.0,0.0,0.0
2005-08-25,0.0,0.0,0.0,0.0,0.0,0.0,0.0,0.0,0.0,0.0
2005-08-26,0.0,0.0,0.0,0.0,0.0,0.0,0.0,0.0,0.0,0.0
2005-08-29,0.0,0.0,0.0,0.0,0.0,0.0,0.0,0.0,0.0,0.0
2005-08-30,0.0,0.0,0.0,0.0,0.0,0.0,0.0,0.0,0.0,0.0
2005-08-31,0.0,0.0,0.0,0.0,0.0,0.0,0.0,0.0,0.0,0.0
2005-09-01,0.0,0.0,0.0,0.0,0.0,0.0,0.0,0.0,0.0,0.0
2005-09-02,0.0,0.0,0.0,0.0,0.0,0.0,0.0,0.0,0.0,0.0
2005-09-06,0.0,0.0,0.0,0.0,0.0,0.0,0.0,0.0,0.0,0.0
2005-09-07,0.0,0.0,0.0,0.0,0.0,0.0,0.0,0.0,0.0,0.0
2005-09-08,0.0,0.0,0.0,0.0,0.0,0.0,0.0,0.0,0.0,0.0
2005-09-09,0.0,0.0,0.0,0.0,0.0,0.0,0.0,0.0,0.0,0.0
2005-09-12,0.0,0.0,0.0,0.0,0.0,0.0,0.0,0.0,0.0,0.0
2005-09-13,0.0,0.0,0.0,0.0,0.0,0.0,0.0,0.0,0.0,0.0
2005-09-14,0.0,0.0,0.0,0.0,0.0,0.0,0.0,0.0,0.0,0.0
2005-09-15,0.0,0.0,0.0,0.0,0.0,0.0,0.0,0.0,0.0,0.0
2005-09-16,0.0,0.0,0.0,0.0,0.0,0.0,0.0,0.0,0.0,0.0
2005-09-19,0.0,0.0,0.0,0.0,0.0,0.0,0.0,0.0,0.0,0.0
2005-09-20,0.0,0.0,0.0,0.0,0.0,0.0,0.0,0.0,0.0,0.0
2005-09-21,0.0,0.0,0.0,0.0,0.0,0.0,0.0,0.0,0.0,0.0
2005-09-22,0.0,0.0,0.0,0.0,0.0,0.0,0.0,0.0,0.0,0.0
2005-09-23,0.0,0.0,0.0,0.0,0.0,0.0,0.0,0.0,0.0,0.0
2005-09-26,0.0,0.0,0.0,0.0,0.0,0.0,0.0,0.0,0.0,0.0
2005-09-27,0.0,0.0,0.0,0.0,0.0,0.0,0.0,0.0,0.0,0.0
2005-09-28,0.0,0.0,0.0,0.0,0.0,0.0,0.0,0.0,0.0,0.0
2005-09-29,0.0,0.0,0.0,0.0,0.0,0.0,0.0,0.0,0.0,0.0
2005-09-30,0.0,0.0,0.0,0.0,0.0,0.0,0.0,0.0,0.0,0.0
2005-10-03,0.0,0.0,0.0,0.0,0.0,0.0,0.0,0.0,0.0,0.0
2005-10-04,0.0,0.0,0.0,0.0,0.0,0.0,0.0,0.0,0.0,0.0
2005-10-05,0.0,0.0,0.0,0.0,0.0,0.0,0.0,0.0,0.0,0.0
2005-10-06,0.0,0.0,0.0,0.0,0.0,0.0,0.0,0.0,0.0,0.0
2005-10-07,0.0,0.0,0.0,0.0,0.0,0.0,0.0,0.0,0.0,0.0
2005-10-10,0.0,0.0,0.0,0.0,0.0,0.0,0.0,0.0,0.0,0.0
2005-10-11,0.0,0.0,0.0,0.0,0.0,0.0,0.0,0.0,0.0,0.0
2005-10-12,0.0,0.0,0.0,0.0,0.0,0.0,0.0,0.0,0.0,0.0
2005-10-13,0.0,0.0,0.0,0.0,0.0,0.0,0.0,0.0,0.0,0.0
2005-10-14,0.0,0.0,0.0,0.0,0.0,0.0,0.0,0.0,0.0,0.0
2005-10-17,0.0,0.0,0.0,0.0,0.0,0.0,0.0,0.0,0.0,0.0
2005-10-18,0.0,0.0,0.0,0.0,0.0,0.0,0.0,0.0,0.0,0.0
2005-10-19,0.0,0.0,0.0,0.0,0.0,0.0,0.0,0.0,0.0,0.0
2005-10-20,0.0,0.0,0.0,0.0,0.0,0.0,0.0,0.0,0.0,0.0
2005-10-21,0.0,0.0,0.0,0.0,0.0,0.0,0.0,0.0,0.0,0.0
2005-10-24,0.0,0.0,0.0,0.0,0.0,0.0,0.0,0.0,0.0,0.0
2005-10-25,0.0,0.0,0.0,0.0,0.0,0.0,0.0,0.0,0.0,0.0
2005-10-26,0.0,0.0,0.0,0.0,0.0,0.0,0.0,0.0,0.0,0.0
2005-10-27,0.0,0.0,0.0,0.0,0.0,0.0,0.0,0.0,0.0,0.0
2005-10-28,0.0,0.0,0.0,0.0,0.0,0.0,0.0,0.0,0.0,0.0
2005-10-31,0.0,0.0,0.0,0.0,0.0,0.0,0.0,0.0,0.0,0.0
2005-11-01,0.0,0.0,0.0,0.0,0.0,0.0,0.0,0.0,0.0,0.0
2005-11-02,0.0,0.0,0.0,0.0,0.0,0.0,0.0,0.0,0.0,0.0
2005-11-03,0.0,0.0,0.0,0.0,0.0,0.0,0.0,0.0,0.0,0.0
2005-11-04,0.0,0.0,0.0,0.0,0.0,0.0,0.0,0.0,0.0,0.0
2005-11-07,0.0,0.0,0.0,0.0,0.0,0.0,0.0,0.0,0.0,0.0
2005-11-08,0.0,0.0,0.0,0.0,0.0,0.0,0.0,0.0,0.0,0.0
2005-11-09,0.0,0.0,0.0,0.0,0.0,0.0,0.0,0.0,0.0,0.0
2005-11-10,0.0,0.0,0.0,0.0,0.0,0.0,0.0,0.0,0.0,0.0
2005-11-11,0.0,0.0,0.0,0.0,0.0,0.0,0.0,0.0,0.0,0.0
2005-11-14,0.0,0.0,0.0,0.0,0.0,0.0,0.0,0.0,0.0,0.0
2005-11-15,0.0,0.0,0.0,0.0,0.0,0.0,0.0,0.0,0.0,0.0
2005-11-16,0.0,0.0,0.0,0.0,0.0,0.0,0.0,0.0,0.0,0.0
2005-11-17,0.0,0.0,0.0,0.0,0.0,0.0,0.0,0.0,0.0,0.0
2005-11-18,0.0,0.0,0.0,0.0,0.0,0.0,0.0,0.0,0.0,0.0
2005-11-21,0.0,0.0,0.0,0.0,0.0,0.0,0.0,0.0,0.0,0.0
2005-11-22,0.0,0.0,0.0,0.0,0.0,0.0,0.0,0.0,0.0,0.0
2005-11-23,0.0,0.0,0.0,0.0,0.0,0.0,0.0,0.0,0.0,0.0
2005-11-28,0.0,0.0,0.0,0.0,0.0,0.0,0.0,0.0,0.0,0.0
2005-11-29,0.0,0.0,0.0,0.0,0.0,0.0,0.0,0.0,0.0,0.0
2005-11-30,0.0,0.0,0.0,0.0,0.0,0.0,0.0,0.0,0.0,0.0
2005-12-01,0.0,0.0,0.0,0.0,0.0,0.0,0.0,0.0,0.0,0.0
2005-12-02,0.0,0.0,0.0,0.0,0.0,0.0,0.0,0.0,0.0,0.0
2005-12-05,0.0,0.0,0.0,0.0,0.0,0.0,0.0,0.0,0.0,0.0
2005-12-06,0.0,0.0,0.0,0.0,0.0,0.0,0.0,0.0,0.0,0.0
2005-12-07,0.0,0.0,0.0,0.0,0.0,0.0,0.0,0.0,0.0,0.0
2005-12-08,0.0,0.0,0.0,0.0,0.0,0.0,0.0,0.0,0.0,0.0
2005-12-09,0.0,0.0,0.0,0.0,0.0,0.0,0.0,0.0,0.0,0.0
2005-12-12,0.0,0.0,0.0,0.0,0.0,0.0,0.0,0.0,0.0,0.0
2005-12-13,0.0,0.0,0.0,0.0,0.0,0.0,0.0,0.0,0.0,0.0
2005-12-14,0.0,0.0,0.0,0.0,0.0,0.0,0.0,0.0,0.0,0.0
2005-12-15,0.0,0.0,0.0,0.0,0.0,0.0,0.0,0.0,0.0,0.0
2005-12-16,0.0,0.0,0.0,0.0,0.0,0.0,0.0,0.0,0.0,0.0
2005-12-19,0.0,0.0,0.0,0.0,0.0,0.0,0.0,0.0,0.0,0.0
2005-12-20,0.0,0.0,0.0,0.0,0.0,0.0,0.0,0.0,0.0,0.0
2005-12-21,0.0,0.0,0.0,0.0,0.0,0.0,0.0,0.0,0.0,0.0
2005-12-22,0.0,0.0,0.0,0.0,0.0,0.0,0.0,0.0,0.0,0.0
2005-12-23,0.0,0.0,0.0,0.0,0.0,0.0,0.0,0.0,0.0,0.0
2005-12-27,0.0,0.0,0.0,0.0,0.0,0.0,0.0,0.0,0.0,0.0
2005-12-28,0.0,0.0,0.0,0.0,0.0,0.0,0.0,0.0,0.0,0.0
2005-12-29,0.0,0.0,0.0,0.0,0.0,0.0,0.0,0.0,0.0,0.0
2005-12-30,0.0,0.0,0.0,0.0,0.0,0.0,0.0,0.0,0.0,0.0
2006-01-03,0.0,0.0,0.0,0.0,0.0,0.0,0.0,0.0,0.0,0.0
2006-01-04,0.0,0.0,0.0,0.0,0.0,0.0,0.0,0.0,0.0,0.0
2006-01-05,0.0,0.0,0.0,0.0,0.0,0.0,0.0,0.0,0.0,0.0
2006-01-06,0.0,0.0,0.0,0.0,0.0,0.0,0.0,0.0,0.0,0.0
2006-01-09,0.0,0.0,0.0,0.0,0.0,0.0,0.0,0.0,0.0,0.0
2006-01-10,0.0,0.0,0.0,0.0,0.0,0.0,0.0,0.0,0.0,0.0
2006-01-11,0.0,0.0,0.0,0.0,0.0,0.0,0.0,0.0,0.0,0.0
2006-01-12,0.0,0.0,0.0,0.0,0.0,0.0,0.0,0.0,0.0,0.0
2006-01-13,0.0,0.0,0.0,0.0,0.0,0.0,0.0,0.0,0.0,0.0
2006-01-17,0.0,0.0,0.0,0.0,0.0,0.0,0.0,0.0,0.0,0.0
2006-01-18,0.0,1.957485533160759e-06,9.719614734890797e-07,0.0,1.01806283980043e-05,3.5714285714285726e-07,0.06542059578423706,0.06542059578423706,0.005420595784237053,-1.3467218261796996e-05
2006-01-19,0.0009771120660311678,1.957485533160759e-06,1.046192186357344e-06,0.0,1.0460662463772152e-05,0.0,0.06558700161325744,0.0,0.0,0.0009636477258478776
2006-01-20,0.0,6.393251189618962e-06,3.803607447280604e-06,0.0,1.7083334699847948e-05,1.4416771519230731e-06,0.20110088076153812,0.20110088076153812,-0.04110088076153813,-2.8721870488670588e-05
2006-01-23,-0.000794534460921335,6.393251189618962e-06,2.4093728121553795e-06,0.0,1.734773350091944e-05,0.0,0.20062475071678687,0.0,0.0,-0.0008206848184240288
2006-01-24,0.0,0.0,0.0,0.0,0.0,0.0,0.0,0.0,0.0,0.0
2006-01-25,0.0,1.4465095280394468e-05,5.063375016514468e-06,0.0,2.990459174296338e-05,1.6666666666666665e-06,0.33,0.33,0.05000000000000003,-5.1099728706538985e-05
2006-01-26,-0.0016615492886193754,3.802326803351939e-05,1.1978532945240778e-05,0.0,7.29217145245229e-05,2.0238095238095237e-06,0.6218465313657158,0.29,-0.05,-0.0017864966136464679
2006-01-27,0.0013411369589741398,2.3558172753124906e-05,5.153254770931686e-06,0.0,4.409625690949053e-05,0.0,0.28998927671454583,0.0,0.0,0.0012683292745405926
2006-01-30,0.0,0.0,0.0,0.0,0.0,0.0,0.0,0.0,0.0,0.0
2006-01-31,0.0,0.0,0.0,0.0,0.0,0.0,0.0,0.0,0.0,0.0
2006-02-01,0.0,0.0,0.0,0.0,0.0,0.0,0.0,0.0,0.0,0.0
2006-02-02,0.0,1.595676302925403e-05,2.7785840065888295e-06,0.0,2.06312370530903e-05,1.1643053769168988e-06,0.17780165166101947,0.17780165166101947,-0.017801651661019508,-4.053088946585006e-05
2006-02-03,-0.001498559412589627,1.5956763029254033e-05,4.370180329151958e-06,0.0,2.117455130625027e-05,0.0,0.1765569146519014,0.0,0.0,-0.0015400609072542832
2006-02-06,0.0,0.0,0.0,0.0,0.0,0.0,0.0,0.0,0.0,0.0
2006-02-07,0.0,0.0,0.0,0.0,0.0,0.0,0.0,0.0,0.0,0.0
2006-02-08,0.0,0.0,0.0,0.0,0.0,0.0,0.0,0.0,0.0,0.0
2006-02-09,0.0,0.0,0.0,0.0,0.0,0.0,0.0,0.0,0.0,0.0
2006-02-10,0.0,0.0,0.0,0.0,0.0,0.0,0.0,0.0,0.0,0.0
2006-02-13,0.0,0.0,0.0,0.0,0.0,0.0,0.0,0.0,0.0,0.0
2006-02-14,0.0,0.0,0.0,0.0,0.0,0.0,0.0,0.0,0.0,0.0
2006-02-15,0.0,0.0,0.0,0.0,0.0,0.0,0.0,0.0,0.0,0.0
2006-02-16,0.0,0.0,0.0,0.0,0.0,0.0,0.0,0.0,0.0,0.0
2006-02-17,0.0,0.0,0.0,0.0,0.0,0.0,0.0,0.0,0.0,0.0
2006-02-21,0.0,0.0,0.0,0.0,0.0,0.0,0.0,0.0,0.0,0.0
2006-02-22,0.0,0.0,0.0,0.0,0.0,0.0,0.0,0.0,0.0,0.0
2006-02-23,0.0,0.0,0.0,0.0,0.0,0.0,0.0,0.0,0.0,0.0
2006-02-24,0.0,0.0,0.0,0.0,0.0,0.0,0.0,0.0,0.0,0.0
2006-02-27,0.0,0.0,0.0,0.0,0.0,0.0,0.0,0.0,0.0,0.0
2006-02-28,0.0,0.0,0.0,0.0,0.0,0.0,0.0,0.0,0.0,0.0
2006-03-01,0.0,0.0,0.0,0.0,0.0,0.0,0.0,0.0,0.0,0.0
2006-03-02,0.0,0.0,0.0,0.0,0.0,0.0,0.0,0.0,0.0,0.0
2006-03-03,0.0,0.0,0.0,0.0,0.0,0.0,0.0,0.0,0.0,0.0
2006-03-06,0.0,0.0,0.0,0.0,0.0,0.0,0.0,0.0,0.0,0.0
2006-03-07,0.0,0.0,0.0,0.0,0.0,0.0,0.0,0.0,0.0,0.0
2006-03-08,0.0,0.0,0.0,0.0,0.0,0.0,0.0,0.0,0.0,0.0
2006-03-09,0.0,0.0,0.0,0.0,0.0,0.0,0.0,0.0,0.0,0.0
2006-03-10,0.0,0.0,0.0,0.0,0.0,0.0,0.0,0.0,0.0,0.0
2006-03-13,0.0,0.0,0.0,0.0,0.0,0.0,0.0,0.0,0.0,0.0
2006-03-14,0.0,0.0,0.0,0.0,0.0,0.0,0.0,0.0,0.0,0.0
2006-03-15,0.0,0.0,0.0,0.0,0.0,0.0,0.0,0.0,0.0,0.0
2006-03-16,0.0,0.0,0.0,0.0,0.0,0.0,0.0,0.0,0.0,0.0
2006-03-17,0.0,0.0,0.0,0.0,0.0,0.0,0.0,0.0,0.0,0.0
2006-03-20,0.0,0.0,0.0,0.0,0.0,0.0,0.0,0.0,0.0,0.0
2006-03-21,0.0,0.0,0.0,0.0,0.0,0.0,0.0,0.0,0.0,0.0
2006-03-22,0.0,0.0,0.0,0.0,0.0,0.0,0.0,0.0,0.0,0.0
2006-03-23,0.0,0.0,0.0,0.0,0.0,0.0,0.0,0.0,0.0,0.0
2006-03-24,0.0,0.0,0.0,0.0,0.0,0.0,0.0,0.0,0.0,0.0
2006-03-27,0.0,0.0,0.0,0.0,0.0,0.0,0.0,0.0,0.0,0.0
2006-03-28,0.0,0.0,0.0,0.0,0.0,0.0,0.0,0.0,0.0,0.0
2006-03-29,0.0,0.0,0.0,0.0,0.0,0.0,0.0,0.0,0.0,0.0
2006-03-30,0.0,0.0,0.0,0.0,0.0,0.0,0.0,0.0,0.0,0.0
2006-03-31,0.0,0.0,0.0,0.0,0.0,0.0,0.0,0.0,0.0,0.0
2006-04-03,0.0,0.0,0.0,0.0,0.0,0.0,0.0,0.0,0.0,0.0
2006-04-04,0.0,0.0,0.0,0.0,0.0,0.0,0.0,0.0,0.0,0.0
2006-04-05,0.0,0.0,0.0,0.0,0.0,0.0,0.0,0.0,0.0,0.0
2006-04-06,0.0,0.0,0.0,0.0,0.0,0.0,0.0,0.0,0.0,0.0
2006-04-07,0.0,0.0,0.0,0.0,0.0,0.0,0.0,0.0,0.0,0.0
2006-04-10,0.0,0.0,0.0,0.0,0.0,0.0,0.0,0.0,0.0,0.0
2006-04-11,0.0,0.0,0.0,0.0,0.0,0.0,0.0,0.0,0.0,0.0
2006-04-12,0.0,0.0,0.0,0.0,0.0,0.0,0.0,0.0,0.0,0.0
2006-04-13,0.0,0.0,0.0,0.0,0.0,0.0,0.0,0.0,0.0,0.0
2006-04-17,0.0,0.0,0.0,0.0,0.0,0.0,0.0,0.0,0.0,0.0
2006-04-18,0.0,7.268544950151551e-06,2.4423485583931068e-06,0.0,1.1626049491965e-05,8.403912062252179e-07,0.1305928613229183,0.1305928613229183,-0.010592861322918307,-2.2177334206734876e-05
2006-04-19,-0.0005778254896115126,7.268544950151551e-06,2.0877456518937333e-06,0.0,1.1489242002293865e-05,0.0,0.12947746878795086,0.0,0.0,-0.0005986710222158517
2006-04-20,0.0,2.4455687726300593e-05,5.406989586788621e-06,0.0,3.1450259054694626e-05,2.0238095238095237e-06,0.29,0.29,-0.049999999999999996,-6.333674589159337e-05
2006-04-21,-0.0012774014727152704,2.9887511209182736e-05,8.380254779055088e-06,0.0,5.712023203321532e-05,1.1820930126723702e-06,0.43412067451049896,0.1792958130644791,-0.019295813064479115,-0.001373971563749396
2006-04-24,0.0007095481056004974,5.944045044155788e-06,2.753891317949035e-06,0.0,2.3477453669221343e-05,0.0,0.17887513945293884,0.0,0.0,0.0006773727155691712
2006-04-25,0.0,0.0,0.0,0.0,0.0,0.0,0.0,0.0,0.0,0.0
2006-04-26,0.0,7.95085143322834e-06,3.815804019882816e-06,0.0,3.3689260594959615e-05,1.4285714285714286e-06,0.29,0.29,0.05,-4.6884487476642196e-05
2006-04-27,0.00027954382717901413,1.790464369383015e-05,1.0333751525100578e-05,0.0,9.97667191402349e-05,2.1459985051367334e-06,0.61009862275064,0.32026387443148563,-0.040263874431485644,0.00014939271431471177
2006-04-28,0.0031878040108034005,9.953792260601813e-06,4.533683209763326e-06,0.0,6.720224908740414e-05,0.0,0.3199029642081276,0.0,0.0,0.0031061142862456315
2006-05-01,0.0,0.0,0.0,0.0,0.0,0.0,0.0,0.0,0.0,0.0
2006-05-02,0.0,0.0,0.0,0.0,0.0,0.0,0.0,0.0,0.0,0.0
2006-05-03,0.0,0.0,0.0,0.0,0.0,0.0,0.0,0.0,0.0,0.0
2006-05-04,0.0,0.0,0.0,0.0,0.0,0.0,0.0,0.0,0.0,0.0
2006-05-05,0.0,0.0,0.0,0.0,0.0,0.0,0.0,0.0,0.0,0.0
2006-05-08,0.0,1.05505379793662e-05,2.215844077310324e-06,0.0,2.7903194935615115e-05,7.142857142857143e-07,0.14430496712293317,0.14430496712293317,0.02430496712293316,-4.138386270657735e-05
2006-05-09,0.0007145879301779911,1.05505379793662e-05,3.2238649360884883e-06,0.0,2.8052158032142695e-05,0.0,0.1439032759833437,0.0,0.0,0.0006727613692303937
2006-05-10,0.0,0.0,0.0,0.0,0.0,0.0,0.0,0.0,0.0,0.0
2006-05-11,0.0,0.0,0.0,0.0,0.0,0.0,0.0,0.0,0.0,0.0
2006-05-12,0.0,0.0,0.0,0.0,0.0,0.0,0.0,0.0,0.0,0.0
2006-05-15,0.0,0.0,0.0,0.0,0.0,0.0,0.0,0.0,0.0,0.0
2006-05-16,0.0,0.0,0.0,0.0,0.0,0.0,0.0,0.0,0.0,0.0
2006-05-17,0.0,0.0,0.0,0.0,0.0,0.0,0.0,0.0,0.0,0.0
2006-05-18,0.0,0.0,0.0,0.0,0.0,0.0,0.0,0.0,0.0,0.0
2006-05-19,0.0,0.0,0.0,0.0,0.0,0.0,0.0,0.0,0.0,0.0
2006-05-22,0.0,0.0,0.0,0.0,0.0,0.0,0.0,0.0,0.0,0.0
2006-05-23,0.0,0.0,0.0,0.0,0.0,0.0,0.0,0.0,0.0,0.0
2006-05-24,0.0,0.0,0.0,0.0,0.0,0.0,0.0,0.0,0.0,0.0
2006-05-25,0.0,0.0,0.0,0.0,0.0,0.0,0.0,0.0,0.0,0.0
2006-05-26,0.0,0.0,0.0,0.0,0.0,0.0,0.0,0.0,0.0,0.0
2006-05-30,0.0,0.0,0.0,0.0,0.0,0.0,0.0,0.0,0.0,0.0
2006-05-31,0.0,0.0,0.0,0.0,0.0,0.0,0.0,0.0,0.0,0.0
2006-06-01,0.0,0.0,0.0,0.0,0.0,0.0,0.0,0.0,0.0,0.0
2006-06-02,0.0,0.0,0.0,0.0,0.0,0.0,0.0,0.0,0.0,0.0
2006-06-05,0.0,0.0,0.0,0.0,0.0,0.0,0.0,0.0,0.0,0.0
2006-06-06,0.0,0.0,0.0,0.0,0.0,0.0,0.0,0.0,0.0,0.0
2006-06-07,0.0,0.0,0.0,0.0,0.0,0.0,0.0,0.0,0.0,0.0
2006-06-08,0.0,0.0,0.0,0.0,0.0,0.0,0.0,0.0,0.0,0.0
2006-06-09,0.0,0.0,0.0,0.0,0.0,0.0,0.0,0.0,0.0,0.0
2006-06-12,0.0,0.0,0.0,0.0,0.0,0.0,0.0,0.0,0.0,0.0
2006-06-13,0.0,0.0,0.0,0.0,0.0,0.0,0.0,0.0,0.0,0.0
2006-06-14,0.0,0.0,0.0,0.0,0.0,0.0,0.0,0.0,0.0,0.0
2006-06-15,0.0,0.0,0.0,0.0,0.0,0.0,0.0,0.0,0.0,0.0
2006-06-16,0.0,0.0,0.0,0.0,0.0,0.0,0.0,0.0,0.0,0.0
2006-06-19,0.0,0.0,0.0,0.0,0.0,0.0,0.0,0.0,0.0,0.0
2006-06-20,0.0,0.0,0.0,0.0,0.0,0.0,0.0,0.0,0.0,0.0
2006-06-21,0.0,0.0,0.0,0.0,0.0,0.0,0.0,0.0,0.0,0.0
2006-06-22,0.0,0.0,0.0,0.0,0.0,0.0,0.0,0.0,0.0,0.0
2006-06-23,0.0,0.0,0.0,0.0,0.0,0.0,0.0,0.0,0.0,0.0
2006-06-26,0.0,0.0,0.0,0.0,0.0,0.0,0.0,0.0,0.0,0.0
2006-06-27,0.0,0.0,0.0,0.0,0.0,0.0,0.0,0.0,0.0,0.0
2006-06-28,0.0,0.0,0.0,0.0,0.0,0.0,0.0,0.0,0.0,0.0
2006-06-29,0.0,0.0,0.0,0.0,0.0,0.0,0.0,0.0,0.0,0.0
2006-06-30,0.0,0.0,0.0,0.0,0.0,0.0,0.0,0.0,0.0,0.0
2006-07-05,0.0,0.0,0.0,0.0,0.0,0.0,0.0,0.0,0.0,0.0
2006-07-06,0.0,0.0,0.0,0.0,0.0,0.0,0.0,0.0,0.0,0.0
2006-07-07,0.0,0.0,0.0,0.0,0.0,0.0,0.0,0.0,0.0,0.0
2006-07-10,0.0,0.0,0.0,0.0,0.0,0.0,0.0,0.0,0.0,0.0
2006-07-11,0.0,0.0,0.0,0.0,0.0,0.0,0.0,0.0,0.0,0.0
2006-07-12,0.0,0.0,0.0,0.0,0.0,0.0,0.0,0.0,0.0,0.0
2006-07-13,0.0,0.0,0.0,0.0,0.0,0.0,0.0,0.0,0.0,0.0
2006-07-14,0.0,0.0,0.0,0.0,0.0,0.0,0.0,0.0,0.0,0.0
2006-07-17,0.0,0.0,0.0,0.0,0.0,0.0,0.0,0.0,0.0,0.0
2006-07-18,0.0,0.0,0.0,0.0,0.0,0.0,0.0,0.0,0.0,0.0
2006-07-19,0.0,0.0,0.0,0.0,0.0,0.0,0.0,0.0,0.0,0.0
2006-07-20,0.0,9.260650834121705e-06,3.2045317568004127e-06,0.0,2.344474403094349e-05,9.523809523809522e-07,0.21,0.21,0.049999999999999996,-3.686230757424656e-05
2006-07-21,-0.0011699750825424112,9.260650834121705e-06,3.6674187118585543e-06,0.0,2.3322723118895605e-05,0.0,0.2069880194933626,0.0,0.0,-0.001206225875207287
2006-07-24,0.0,0.0,0.0,0.0,0.0,0.0,0.0,0.0,0.0,0.0
2006-07-25,0.0,5.789802544306414e-06,2.2683128153380423e-06,0.0,1.3221372358766126e-05,7.142857142857143e-07,0.16999999999999998,0.16999999999999998,0.05,-2.1993773432696297e-05
2006-07-26,0.00030612954649336075,1.7490412473173557e-05,8.456632505051852e-06,0.0,6.864685071228331e-05,2.046178023068142e-06,0.48109527520974704,0.3118789539377239,-0.031878953937723956,0.0002094894727797839
2006-07-27,-0.00025226904494511193,1.1700609928867142e-05,4.488264065594724e-06,0.0,5.499695937424188e-05,0.0,0.3078553136218784,0.0,0.0,-0.0003234548783138157
2006-07-28,0.0,0.0,0.0,0.0,0.0,0.0,0.0,0.0,0.0,0.0
2006-07-31,0.0,0.0,0.0,0.0,0.0,0.0,0.0,0.0,0.0,0.0
2006-08-01,0.0,5.254969877623906e-06,2.0065246549792735e-06,0.0,2.0100706488905244e-05,7.361608363146443e-07,0.12183751025043012,0.12183751025043012,-0.0018375102504301238,-2.8098361857823068e-05
2006-08-02,-0.0009726819134746942,1.059370075872626e-05,4.756653993726927e-06,0.0,4.096811012338475e-05,1.1022189667729298e-06,0.2706632126606496,0.15258639320892609,-0.032586393208926104,-0.001030102597317305
2006-08-03,0.0009427978768523362,4.239119138914807e-05,9.907060911809171e-06,0.0,7.499893943867488e-05,1.9047619047619045e-06,0.4951826573258182,0.343899314170268,0.023899314170268027,0.0008135959232079421
2006-08-04,-0.00025342570501213726,3.70023977926293e-05,7.001779847930705e-06,0.0,5.556149168829139e-05,0.0,0.34770451810124586,0.0,0.0,-0.00035299137434098864
2006-08-07,0.0,0.0,0.0,0.0,0.0,0.0,0.0,0.0,0.0,0.0
2006-08-08,0.0,0.0,0.0,0.0,0.0,0.0,0.0,0.0,0.0,0.0
2006-08-09,0.0,0.0,0.0,0.0,0.0,0.0,0.0,0.0,0.0,0.0
2006-08-10,0.0,0.0,0.0,0.0,0.0,0.0,0.0,0.0,0.0,0.0
2006-08-11,0.0,0.0,0.0,0.0,0.0,0.0,0.0,0.0,0.0,0.0
2006-08-14,0.0,0.0,0.0,0.0,0.0,0.0,0.0,0.0,0.0,0.0
2006-08-15,0.0,0.0,0.0,0.0,0.0,0.0,0.0,0.0,0.0,0.0
2006-08-16,0.0,0.0,0.0,0.0,0.0,0.0,0.0,0.0,0.0,0.0
2006-08-17,0.0,0.0,0.0,0.0,0.0,0.0,0.0,0.0,0.0,0.0
2006-08-18,0.0,0.0,0.0,0.0,0.0,0.0,0.0,0.0,0.0,0.0
2006-08-21,0.0,0.0,0.0,0.0,0.0,0.0,0.0,0.0,0.0,0.0
2006-08-22,0.0,0.0,0.0,0.0,0.0,0.0,0.0,0.0,0.0,0.0
2006-08-23,0.0,0.0,0.0,0.0,0.0,0.0,0.0,0.0,0.0,0.0
2006-08-24,0.0,0.0,0.0,0.0,0.0,0.0,0.0,0.0,0.0,0.0
2006-08-25,0.0,0.0,0.0,0.0,0.0,0.0,0.0,0.0,0.0,0.0
2006-08-28,0.0,0.0,0.0,0.0,0.0,0.0,0.0,0.0,0.0,0.0
2006-08-29,0.0,0.0,0.0,0.0,0.0,0.0,0.0,0.0,0.0,0.0
2006-08-30,0.0,0.0,0.0,0.0,0.0,0.0,0.0,0.0,0.0,0.0
2006-08-31,0.0,0.0,0.0,0.0,0.0,0.0,0.0,0.0,0.0,0.0
2006-09-01,0.0,0.0,0.0,0.0,0.0,0.0,0.0,0.0,0.0,0.0
2006-09-05,0.0,0.0,0.0,0.0,0.0,0.0,0.0,0.0,0.0,0.0
2006-09-06,0.0,0.0,0.0,0.0,0.0,0.0,0.0,0.0,0.0,0.0
2006-09-07,0.0,0.0,0.0,0.0,0.0,0.0,0.0,0.0,0.0,0.0
2006-09-08,0.0,0.0,0.0,0.0,0.0,0.0,0.0,0.0,0.0,0.0
2006-09-11,0.0,0.0,0.0,0.0,0.0,0.0,0.0,0.0,0.0,0.0
2006-09-12,0.0,0.0,0.0,0.0,0.0,0.0,0.0,0.0,0.0,0.0
2006-09-13,0.0,0.0,0.0,0.0,0.0,0.0,0.0,0.0,0.0,0.0
2006-09-14,0.0,0.0,0.0,0.0,0.0,0.0,0.0,0.0,0.0,0.0
2006-09-15,0.0,0.0,0.0,0.0,0.0,0.0,0.0,0.0,0.0,0.0
2006-09-18,0.0,0.0,0.0,0.0,0.0,0.0,0.0,0.0,0.0,0.0
2006-09-19,0.0,0.0,0.0,0.0,0.0,0.0,0.0,0.0,0.0,0.0
2006-09-20,0.0,0.0,0.0,0.0,0.0,0.0,0.0,0.0,0.0,0.0
2006-09-21,0.0,0.0,0.0,0.0,0.0,0.0,0.0,0.0,0.0,0.0
2006-09-22,0.0,0.0,0.0,0.0,0.0,0.0,0.0,0.0,0.0,0.0
2006-09-25,0.0,0.0,0.0,0.0,0.0,0.0,0.0,0.0,0.0,0.0
2006-09-26,0.0,0.0,0.0,0.0,0.0,0.0,0.0,0.0,0.0,0.0
2006-09-27,0.0,0.0,0.0,0.0,0.0,0.0,0.0,0.0,0.0,0.0
2006-09-28,0.0,0.0,0.0,0.0,0.0,0.0,0.0,0.0,0.0,0.0
2006-09-29,0.0,0.0,0.0,0.0,0.0,0.0,0.0,0.0,0.0,0.0
2006-10-02,0.0,0.0,0.0,0.0,0.0,0.0,0.0,0.0,0.0,0.0
2006-10-03,0.0,0.0,0.0,0.0,0.0,0.0,0.0,0.0,0.0,0.0
2006-10-04,0.0,0.0,0.0,0.0,0.0,0.0,0.0,0.0,0.0,0.0
2006-10-05,0.0,0.0,0.0,0.0,0.0,0.0,0.0,0.0,0.0,0.0
2006-10-06,0.0,0.0,0.0,0.0,0.0,0.0,0.0,0.0,0.0,0.0
2006-10-09,0.0,0.0,0.0,0.0,0.0,0.0,0.0,0.0,0.0,0.0
2006-10-10,0.0,0.0,0.0,0.0,0.0,0.0,0.0,0.0,0.0,0.0
2006-10-11,0.0,0.0,0.0,0.0,0.0,0.0,0.0,0.0,0.0,0.0
2006-10-12,0.0,0.0,0.0,0.0,0.0,0.0,0.0,0.0,0.0,0.0
2006-10-13,0.0,0.0,0.0,0.0,0.0,0.0,0.0,0.0,0.0,0.0
2006-10-16,0.0,0.0,0.0,0.0,0.0,0.0,0.0,0.0,0.0,0.0
2006-10-17,0.0,8.882643190465832e-06,2.797313819389119e-06,0.0,9.571460936436003e-06,9.523809523809522e-07,0.20028050951541776,0.20028050951541776,0.04028050951541781,-2.2203798898671908e-05
2006-10-18,0.0004953354709579199,8.882643190465832e-06,3.831891662915068e-06,0.0,9.50339472422189e-06,0.0,0.20132212680261496,0.0,0.0,0.0004731175413803171
2006-10-19,0.0,2.4441877756671477e-05,6.720719638524831e-06,0.0,3.645936954316545e-05,2.1428571428571427e-06,0.41000000000000003,0.41000000000000003,0.05000000000000002,-6.97648240812189e-05
2006-10-20,0.00017357189667647948,2.4441877756671477e-05,7.852463431934696e-06,0.0,3.731062985612327e-05,0.0,0.41167365460966243,0.0,0.0,0.00010396692563175003
2006-10-23,0.0,0.0,0.0,0.0,0.0,0.0,0.0,0.0,0.0,0.0
2006-10-24,0.0,0.0,0.0,0.0,0.0,0.0,0.0,0.0,0.0,0.0
2006-10-25,0.0,1.6017981271582442e-05,7.5685381544150865e-06,0.0,6.571913942759436e-05,2.885409478362298e-06,0.442374396182433,0.442374396182433,-0.04237439618243305,-9.219106833195418e-05
2006-10-26,-0.0028603337937198052,1.6017981271582442e-05,6.449966795881784e-06,0.0,6.58850160082738e-05,0.0,0.4448383504640816,0.0,0.0,-0.002948686757795543
2006-10-27,0.0,5.746650768793676e-06,3.268028832996065e-06,0.0,1.2043212320341702e-05,1.3095238095238094e-06,0.16999999999999998,0.16999999999999998,-0.05,-2.2367415731655252e-05
2006-10-30,-0.0010380180571218198,5.746650768793676e-06,2.0248266424756733e-06,0.0,1.1998857706793399e-05,0.0,0.16873769856830392,0.0,0.0,-0.0010577883922398825
2006-10-31,0.0,0.0,0.0,0.0,0.0,0.0,0.0,0.0,0.0,0.0
2006-11-01,0.0,0.0,0.0,0.0,0.0,0.0,0.0,0.0,0.0,0.0
2006-11-02,0.0,0.0,0.0,0.0,0.0,0.0,0.0,0.0,0.0,0.0
2006-11-03,0.0,0.0,0.0,0.0,0.0,0.0,0.0,0.0,0.0,0.0
2006-11-06,0.0,0.0,0.0,0.0,0.0,0.0,0.0,0.0,0.0,0.0
2006-11-07,0.0,0.0,0.0,0.0,0.0,0.0,0.0,0.0,0.0,0.0
2006-11-08,0.0,0.0,0.0,0.0,0.0,0.0,0.0,0.0,0.0,0.0
2006-11-09,0.0,0.0,0.0,0.0,0.0,0.0,0.0,0.0,0.0,0.0
2006-11-10,0.0,0.0,0.0,0.0,0.0,0.0,0.0,0.0,0.0,0.0
2006-11-13,0.0,0.0,0.0,0.0,0.0,0.0,0.0,0.0,0.0,0.0
2006-11-14,0.0,0.0,0.0,0.0,0.0,0.0,0.0,0.0,0.0,0.0
2006-11-15,0.0,0.0,0.0,0.0,0.0,0.0,0.0,0.0,0.0,0.0
2006-11-16,0.0,0.0,0.0,0.0,0.0,0.0,0.0,0.0,0.0,0.0
2006-11-17,0.0,0.0,0.0,0.0,0.0,0.0,0.0,0.0,0.0,0.0
2006-11-20,0.0,0.0,0.0,0.0,0.0,0.0,0.0,0.0,0.0,0.0
2006-11-21,0.0,0.0,0.0,0.0,0.0,0.0,0.0,0.0,0.0,0.0
2006-11-22,0.0,0.0,0.0,0.0,0.0,0.0,0.0,0.0,0.0,0.0
2006-11-27,0.0,0.0,0.0,0.0,0.0,0.0,0.0,0.0,0.0,0.0
2006-11-28,0.0,0.0,0.0,0.0,0.0,0.0,0.0,0.0,0.0,0.0
2006-11-29,0.0,0.0,0.0,0.0,0.0,0.0,0.0,0.0,0.0,0.0
2006-11-30,0.0,0.0,0.0,0.0,0.0,0.0,0.0,0.0,0.0,0.0
2006-12-01,0.0,0.0,0.0,0.0,0.0,0.0,0.0,0.0,0.0,0.0
2006-12-04,0.0,0.0,0.0,0.0,0.0,0.0,0.0,0.0,0.0,0.0
2006-12-05,0.0,0.0,0.0,0.0,0.0,0.0,0.0,0.0,0.0,0.0
2006-12-06,0.0,0.0,0.0,0.0,0.0,0.0,0.0,0.0,0.0,0.0
2006-12-07,0.0,0.0,0.0,0.0,0.0,0.0,0.0,0.0,0.0,0.0
2006-12-08,0.0,0.0,0.0,0.0,0.0,0.0,0.0,0.0,0.0,0.0
2006-12-11,0.0,0.0,0.0,0.0,0.0,0.0,0.0,0.0,0.0,0.0
2006-12-12,0.0,0.0,0.0,0.0,0.0,0.0,0.0,0.0,0.0,0.0
2006-12-13,0.0,0.0,0.0,0.0,0.0,0.0,0.0,0.0,0.0,0.0
2006-12-14,0.0,0.0,0.0,0.0,0.0,0.0,0.0,0.0,0.0,0.0
2006-12-15,0.0,0.0,0.0,0.0,0.0,0.0,0.0,0.0,0.0,0.0
2006-12-18,0.0,0.0,0.0,0.0,0.0,0.0,0.0,0.0,0.0,0.0
2006-12-19,0.0,0.0,0.0,0.0,0.0,0.0,0.0,0.0,0.0,0.0
2006-12-20,0.0,0.0,0.0,0.0,0.0,0.0,0.0,0.0,0.0,0.0
2006-12-21,0.0,0.0,0.0,0.0,0.0,0.0,0.0,0.0,0.0,0.0
2006-12-22,0.0,0.0,0.0,0.0,0.0,0.0,0.0,0.0,0.0,0.0
2006-12-26,0.0,0.0,0.0,0.0,0.0,0.0,0.0,0.0,0.0,0.0
2006-12-27,0.0,0.0,0.0,0.0,0.0,0.0,0.0,0.0,0.0,0.0
2006-12-28,0.0,0.0,0.0,0.0,0.0,0.0,0.0,0.0,0.0,0.0
2006-12-29,0.0,0.0,0.0,0.0,0.0,0.0,0.0,0.0,0.0,0.0
2007-01-03,0.0,0.0,0.0,0.0,0.0,0.0,0.0,0.0,0.0,0.0
2007-01-04,0.0,0.0,0.0,0.0,0.0,0.0,0.0,0.0,0.0,0.0
2007-01-05,0.0,0.0,0.0,0.0,0.0,0.0,0.0,0.0,0.0,0.0
2007-01-08,0.0,0.0,0.0,0.0,0.0,0.0,0.0,0.0,0.0,0.0
2007-01-09,0.0,0.0,0.0,0.0,0.0,0.0,0.0,0.0,0.0,0.0
2007-01-10,0.0,0.0,0.0,0.0,0.0,0.0,0.0,0.0,0.0,0.0
2007-01-11,0.0,0.0,0.0,0.0,0.0,0.0,0.0,0.0,0.0,0.0
2007-01-12,0.0,0.0,0.0,0.0,0.0,0.0,0.0,0.0,0.0,0.0
2007-01-16,0.0,0.0,0.0,0.0,0.0,0.0,0.0,0.0,0.0,0.0
2007-01-17,0.0,3.9929325477385136e-06,3.291999783605178e-06,0.0,2.7948231497864505e-05,1.4049715399020802e-06,0.1980176093517747,0.1980176093517747,-0.038017609351774756,-3.663813536911027e-05
2007-01-18,-0.001093452746356099,1.2506892462198688e-05,4.874309494512345e-06,0.0,4.141190683304058e-05,7.142857142857143e-07,0.33636958982461246,0.13782805249182575,0.017828052491825765,-0.0011529601408601365
2007-01-19,-8.103850452152476e-06,8.513959914460175e-06,2.5153541707168055e-06,0.0,1.2812825116611863e-05,0.0,0.1369802005657963,0.0,0.0,-3.1945989653941316e-05
2007-01-22,0.0,0.0,0.0,0.0,0.0,0.0,0.0,0.0,0.0,0.0
2007-01-23,0.0,0.0,0.0,0.0,0.0,0.0,0.0,0.0,0.0,0.0
2007-01-24,0.0,9.776136234116925e-06,4.589184287706657e-06,0.0,3.078133671875657e-05,1.6666666666666665e-06,0.32999999999999996,0.32999999999999996,0.04999999999999999,-4.681332390724682e-05
2007-01-25,0.0008740418117097559,9.776136234116925e-06,5.4293456781921805e-06,0.0,2.9329670216061208e-05,0.0,0.3227833486197075,0.0,0.0,0.0008295066595813856
2007-01-26,0.0,0.0,0.0,0.0,0.0,0.0,0.0,0.0,0.0,0.0
2007-01-29,0.0,0.0,0.0,0.0,0.0,0.0,0.0,0.0,0.0,0.0
2007-01-30,0.0,9.363298331572914e-06,3.015048402259269e-06,0.0,1.1506571668164032e-05,9.523809523809522e-07,0.21,0.21,0.05,-2.4837299354377166e-05
2007-01-31,0.002066923201321039,9.363298331572914e-06,3.951903164446432e-06,0.0,1.1467514785314659e-05,0.0,0.21047490533732538,0.0,0.0,0.002042140485039705
2007-02-01,0.0,1.8968517748481707e-05,6.062961065649793e-06,0.0,3.975682783640027e-05,1.9047619047619045e-06,0.36999999999999994,0.36999999999999994,0.04999999999999999,-6.669306855529368e-05
2007-02-02,0.0018913241263773504,1.8968517748481707e-05,6.590620684189408e-06,0.0,4.0484951927226566e-05,0.0,0.37044317652784786,0.0,0.0,0.0018252800360174528
2007-02-05,0.0,0.0,0.0,0.0,0.0,0.0,0.0,0.0,0.0,0.0
2007-02-06,0.0,7.011077192731099e-06,2.0575530287770577e-06,0.0,1.7029081198750332e-05,7.142857142857143e-07,0.14572086717566932,0.14572086717566932,0.025720867175669314,-2.6811997134544203e-05
2007-02-07,0.0004766868645256908,7.011077192731099e-06,2.8406905620235183e-06,0.0,1.6052490402338392e-05,0.0,0.14528949501635846,0.0,0.0,0.0004507826063685978
2007-02-08,0.0,0.0,0.0,0.0,0.0,0.0,0.0,0.0,0.0,0.0
2007-02-09,0.0,0.0,0.0,0.0,0.0,0.0,0.0,0.0,0.0,0.0
2007-02-12,0.0,0.0,0.0,0.0,0.0,0.0,0.0,0.0,0.0,0.0
2007-02-13,0.0,0.0,0.0,0.0,0.0,0.0,0.0,0.0,0.0,0.0
2007-02-14,0.0,0.0,0.0,0.0,0.0,0.0,0.0,0.0,0.0,0.0
2007-02-15,0.0,0.0,0.0,0.0,0.0,0.0,0.0,0.0,0.0,0.0
2007-02-16,0.0,0.0,0.0,0.0,0.0,0.0,0.0,0.0,0.0,0.0
2007-02-20,0.0,0.0,0.0,0.0,0.0,0.0,0.0,0.0,0.0,0.0
2007-02-21,0.0,0.0,0.0,0.0,0.0,0.0,0.0,0.0,0.0,0.0
2007-02-22,0.0,0.0,0.0,0.0,0.0,0.0,0.0,0.0,0.0,0.0
2007-02-23,0.0,0.0,0.0,0.0,0.0,0.0,0.0,0.0,0.0,0.0
2007-02-26,0.0,0.0,0.0,0.0,0.0,0.0,0.0,0.0,0.0,0.0
2007-02-27,0.0,0.0,0.0,0.0,0.0,0.0,0.0,0.0,0.0,0.0
2007-02-28,0.0,0.0,0.0,0.0,0.0,0.0,0.0,0.0,0.0,0.0
2007-03-01,0.0,0.0,0.0,0.0,0.0,0.0,0.0,0.0,0.0,0.0
2007-03-02,0.0,0.0,0.0,0.0,0.0,0.0,0.0,0.0,0.0,0.0
2007-03-05,0.0,0.0,0.0,0.0,0.0,0.0,0.0,0.0,0.0,0.0
2007-03-06,0.0,0.0,0.0,0.0,0.0,0.0,0.0,0.0,0.0,0.0
2007-03-07,0.0,0.0,0.0,0.0,0.0,0.0,0.0,0.0,0.0,0.0
2007-03-08,0.0,0.0,0.0,0.0,0.0,0.0,0.0,0.0,0.0,0.0
2007-03-09,0.0,0.0,0.0,0.0,0.0,0.0,0.0,0.0,0.0,0.0
2007-03-12,0.0,0.0,0.0,0.0,0.0,0.0,0.0,0.0,0.0,0.0
2007-03-13,0.0,0.0,0.0,0.0,0.0,0.0,0.0,0.0,0.0,0.0
2007-03-14,0.0,0.0,0.0,0.0,0.0,0.0,0.0,0.0,0.0,0.0
2007-03-15,0.0,0.0,0.0,0.0,0.0,0.0,0.0,0.0,0.0,0.0
2007-03-16,0.0,0.0,0.0,0.0,0.0,0.0,0.0,0.0,0.0,0.0
2007-03-19,0.0,0.0,0.0,0.0,0.0,0.0,0.0,0.0,0.0,0.0
2007-03-20,0.0,0.0,0.0,0.0,0.0,0.0,0.0,0.0,0.0,0.0
2007-03-21,0.0,0.0,0.0,0.0,0.0,0.0,0.0,0.0,0.0,0.0
2007-03-22,0.0,0.0,0.0,0.0,0.0,0.0,0.0,0.0,0.0,0.0
2007-03-23,0.0,0.0,0.0,0.0,0.0,0.0,0.0,0.0,0.0,0.0
2007-03-26,0.0,0.0,0.0,0.0,0.0,0.0,0.0,0.0,0.0,0.0
2007-03-27,0.0,0.0,0.0,0.0,0.0,0.0,0.0,0.0,0.0,0.0
2007-03-28,0.0,0.0,0.0,0.0,0.0,0.0,0.0,0.0,0.0,0.0
2007-03-29,0.0,0.0,0.0,0.0,0.0,0.0,0.0,0.0,0.0,0.0
2007-03-30,0.0,0.0,0.0,0.0,0.0,0.0,0.0,0.0,0.0,0.0
2007-04-02,0.0,0.0,0.0,0.0,0.0,0.0,0.0,0.0,0.0,0.0
2007-04-03,0.0,0.0,0.0,0.0,0.0,0.0,0.0,0.0,0.0,0.0
2007-04-04,0.0,0.0,0.0,0.0,0.0,0.0,0.0,0.0,0.0,0.0
2007-04-05,0.0,0.0,0.0,0.0,0.0,0.0,0.0,0.0,0.0,0.0
2007-04-09,0.0,0.0,0.0,0.0,0.0,0.0,0.0,0.0,0.0,0.0
2007-04-10,0.0,0.0,0.0,0.0,0.0,0.0,0.0,0.0,0.0,0.0
2007-04-11,0.0,0.0,0.0,0.0,0.0,0.0,0.0,0.0,0.0,0.0
2007-04-12,0.0,0.0,0.0,0.0,0.0,0.0,0.0,0.0,0.0,0.0
2007-04-13,0.0,0.0,0.0,0.0,0.0,0.0,0.0,0.0,0.0,0.0
2007-04-16,0.0,0.0,0.0,0.0,0.0,0.0,0.0,0.0,0.0,0.0
2007-04-17,0.0,1.2584471996775269e-05,6.3787132342513155e-06,0.0,3.696130875822529e-05,2.3095238095238098e-06,0.3380000000000001,0.3380000000000001,-0.05000000000000001,-5.823401779877569e-05
2007-04-18,0.0003229857517318838,1.2584471996775269e-05,4.442346800421295e-06,0.0,3.7104241977425547e-05,0.0,0.34205864976385975,0.0,0.0,0.0002688546909572617
2007-04-19,0.0,1.898950570576496e-05,5.378887560282963e-06,0.0,2.7261337910173308e-05,1.5940217909064537e-06,0.2538978304361421,0.2538978304361421,-0.013897830436142105,-5.322375296712768e-05
2007-04-20,0.0019138009193964858,2.478510831297684e-05,6.358519813831696e-06,0.0,3.528086569532216e-05,7.142857142857143e-07,0.42304748727312697,0.16999999999999998,0.05,0.0018466621398600695
2007-04-23,-0.0018963414883607006,5.795602607211887e-06,3.200803049017318e-06,0.0,7.90793697819822e-06,0.0,0.16882603811503874,0.0,0.0,-0.001913245830995128
2007-04-24,0.0,5.171002726093325e-06,2.4521849249168322e-06,0.0,2.6084153556727554e-05,9.523809523809522e-07,0.1851054812931312,0.1851054812931312,0.025105481293131254,-3.4659722160118666e-05
2007-04-25,0.0003856921525579316,1.1908602664582882e-05,6.26539799780128e-06,0.0,3.7565059589274335e-05,1.3095238095238094e-06,0.3559068203213862,0.16999999999999998,-0.049999999999999996,0.0003286435684967493
2007-04-26,-0.00017777640678920414,6.737599938489557e-06,2.390271392969578e-06,0.0,1.1331280009653973e-05,0.0,0.1698841984251378,0.0,0.0,-0.00019823555813031725
2007-04-27,0.0,0.0,0.0,0.0,0.0,0.0,0.0,0.0,0.0,0.0
2007-04-30,0.0,0.0,0.0,0.0,0.0,0.0,0.0,0.0,0.0,0.0
2007-05-01,0.0,0.0,0.0,0.0,0.0,0.0,0.0,0.0,0.0,0.0
2007-05-02,0.0,0.0,0.0,0.0,0.0,0.0,0.0,0.0,0.0,0.0
2007-05-03,0.0,0.0,0.0,0.0,0.0,0.0,0.0,0.0,0.0,0.0
2007-05-04,0.0,0.0,0.0,0.0,0.0,0.0,0.0,0.0,0.0,0.0
2007-05-07,0.0,0.0,0.0,0.0,0.0,0.0,0.0,0.0,0.0,0.0
2007-05-08,0.0,0.0,0.0,0.0,0.0,0.0,0.0,0.0,0.0,0.0
2007-05-09,0.0,0.0,0.0,0.0,0.0,0.0,0.0,0.0,0.0,0.0
2007-05-10,0.0,0.0,0.0,0.0,0.0,0.0,0.0,0.0,0.0,0.0
2007-05-11,0.0,0.0,0.0,0.0,0.0,0.0,0.0,0.0,0.0,0.0
2007-05-14,0.0,0.0,0.0,0.0,0.0,0.0,0.0,0.0,0.0,0.0
2007-05-15,0.0,0.0,0.0,0.0,0.0,0.0,0.0,0.0,0.0,0.0
2007-05-16,0.0,0.0,0.0,0.0,0.0,0.0,0.0,0.0,0.0,0.0
2007-05-17,0.0,0.0,0.0,0.0,0.0,0.0,0.0,0.0,0.0,0.0
2007-05-18,0.0,0.0,0.0,0.0,0.0,0.0,0.0,0.0,0.0,0.0
2007-05-21,0.0,0.0,0.0,0.0,0.0,0.0,0.0,0.0,0.0,0.0
2007-05-22,0.0,0.0,0.0,0.0,0.0,0.0,0.0,0.0,0.0,0.0
2007-05-23,0.0,0.0,0.0,0.0,0.0,0.0,0.0,0.0,0.0,0.0
2007-05-24,0.0,0.0,0.0,0.0,0.0,0.0,0.0,0.0,0.0,0.0
2007-05-25,0.0,0.0,0.0,0.0,0.0,0.0,0.0,0.0,0.0,0.0
2007-05-29,0.0,0.0,0.0,0.0,0.0,0.0,0.0,0.0,0.0,0.0
2007-05-30,0.0,0.0,0.0,0.0,0.0,0.0,0.0,0.0,0.0,0.0
2007-05-31,0.0,0.0,0.0,0.0,0.0,0.0,0.0,0.0,0.0,0.0
2007-06-01,0.0,0.0,0.0,0.0,0.0,0.0,0.0,0.0,0.0,0.0
2007-06-04,0.0,0.0,0.0,0.0,0.0,0.0,0.0,0.0,0.0,0.0
2007-06-05,0.0,0.0,0.0,0.0,0.0,0.0,0.0,0.0,0.0,0.0
2007-06-06,0.0,0.0,0.0,0.0,0.0,0.0,0.0,0.0,0.0,0.0
2007-06-07,0.0,0.0,0.0,0.0,0.0,0.0,0.0,0.0,0.0,0.0
2007-06-08,0.0,0.0,0.0,0.0,0.0,0.0,0.0,0.0,0.0,0.0
2007-06-11,0.0,0.0,0.0,0.0,0.0,0.0,0.0,0.0,0.0,0.0
2007-06-12,0.0,0.0,0.0,0.0,0.0,0.0,0.0,0.0,0.0,0.0
2007-06-13,0.0,0.0,0.0,0.0,0.0,0.0,0.0,0.0,0.0,0.0
2007-06-14,0.0,0.0,0.0,0.0,0.0,0.0,0.0,0.0,0.0,0.0
2007-06-15,0.0,0.0,0.0,0.0,0.0,0.0,0.0,0.0,0.0,0.0
2007-06-18,0.0,0.0,0.0,0.0,0.0,0.0,0.0,0.0,0.0,0.0
2007-06-19,0.0,0.0,0.0,0.0,0.0,0.0,0.0,0.0,0.0,0.0
2007-06-20,0.0,0.0,0.0,0.0,0.0,0.0,0.0,0.0,0.0,0.0
2007-06-21,0.0,0.0,0.0,0.0,0.0,0.0,0.0,0.0,0.0,0.0
2007-06-22,0.0,0.0,0.0,0.0,0.0,0.0,0.0,0.0,0.0,0.0
2007-06-25,0.0,0.0,0.0,0.0,0.0,0.0,0.0,0.0,0.0,0.0
2007-06-26,0.0,0.0,0.0,0.0,0.0,0.0,0.0,0.0,0.0,0.0
2007-06-27,0.0,0.0,0.0,0.0,0.0,0.0,0.0,0.0,0.0,0.0
2007-06-28,0.0,0.0,0.0,0.0,0.0,0.0,0.0,0.0,0.0,0.0
2007-06-29,0.0,0.0,0.0,0.0,0.0,0.0,0.0,0.0,0.0,0.0
2007-07-02,0.0,0.0,0.0,0.0,0.0,0.0,0.0,0.0,0.0,0.0
2007-07-03,0.0,0.0,0.0,0.0,0.0,0.0,0.0,0.0,0.0,0.0
2007-07-05,0.0,0.0,0.0,0.0,0.0,0.0,0.0,0.0,0.0,0.0
2007-07-06,0.0,0.0,0.0,0.0,0.0,0.0,0.0,0.0,0.0,0.0
2007-07-09,0.0,0.0,0.0,0.0,0.0,0.0,0.0,0.0,0.0,0.0
2007-07-10,0.0,0.0,0.0,0.0,0.0,0.0,0.0,0.0,0.0,0.0
2007-07-11,0.0,0.0,0.0,0.0,0.0,0.0,0.0,0.0,0.0,0.0
2007-07-12,0.0,0.0,0.0,0.0,0.0,0.0,0.0,0.0,0.0,0.0
2007-07-13,0.0,0.0,0.0,0.0,0.0,0.0,0.0,0.0,0.0,0.0
2007-07-16,0.0,0.0,0.0,0.0,0.0,0.0,0.0,0.0,0.0,0.0
2007-07-17,0.0,0.0,0.0,0.0,0.0,0.0,0.0,0.0,0.0,0.0
2007-07-18,0.0,0.0,0.0,0.0,0.0,0.0,0.0,0.0,0.0,0.0
2007-07-19,0.0,1.512826405000131e-05,5.2547368669107006e-06,0.0,3.970043495263836e-05,1.7098565282477688e-06,0.2836279483728125,0.2836279483728125,-0.003627948372812561,-6.179329239779814e-05
2007-07-20,-0.0011706012906127258,1.512826405000131e-05,4.459479978342247e-06,0.0,3.922631398701968e-05,0.0,0.27977756561331507,0.0,0.0,-0.001229415348628089
2007-07-23,0.0,0.0,0.0,0.0,0.0,0.0,0.0,0.0,0.0,0.0
2007-07-24,0.0,3.3584029704343783e-06,3.0373943288494323e-06,0.0,7.770195512830413e-06,1.3095238095238096e-06,0.16999999999999998,0.16999999999999998,-0.05,-1.5475516621638034e-05
2007-07-25,-0.0007579777072881259,7.790102655782192e-06,4.384296743904361e-06,0.0,2.6303176207943207e-05,9.523809523809522e-07,0.37592455818749226,0.20547723136777812,0.04547723136777815,-0.0007974076638481366
2007-07-26,-7.281821157039577e-05,2.1569289321110665e-05,9.799134064971437e-06,0.0,8.247739742636051e-05,2.316760948740903e-06,0.5759232695143632,0.37460791969423585,-0.014607919694235867,-0.0001889807933315793
2007-07-27,-0.005284935533768682,1.7137589635762852e-05,6.06911790050289e-06,0.0,6.557660352656267e-05,0.0,0.37444558895040103,0.0,0.0,-0.005373718844831511
2007-07-30,0.0,0.0,0.0,0.0,0.0,0.0,0.0,0.0,0.0,0.0
2007-07-31,0.0,0.0,0.0,0.0,0.0,0.0,0.0,0.0,0.0,0.0
2007-08-01,0.0,0.0,0.0,0.0,0.0,0.0,0.0,0.0,0.0,0.0
2007-08-02,0.0,2.6893093226627113e-05,4.871520118925391e-06,0.0,5.230951215833918e-05,1.237735427931846e-06,0.19396977594627507,0.19396977594627507,-0.013969775946275069,-8.531186093182354e-05
2007-08-03,1.3724792098948382e-05,2.6893093226627113e-05,4.386403897981776e-06,0.0,4.937670090058636e-05,0.0,0.18491820872206927,0.0,0.0,-6.693140592624687e-05
2007-08-06,0.0,0.0,0.0,0.0,0.0,0.0,0.0,0.0,0.0,0.0
2007-08-07,0.0,0.0,0.0,0.0,0.0,0.0,0.0,0.0,0.0,0.0
2007-08-08,0.0,0.0,0.0,0.0,0.0,0.0,0.0,0.0,0.0,0.0
2007-08-09,0.0,0.0,0.0,0.0,0.0,0.0,0.0,0.0,0.0,0.0
2007-08-10,0.0,0.0,0.0,0.0,0.0,0.0,0.0,0.0,0.0,0.0
2007-08-13,0.0,0.0,0.0,0.0,0.0,0.0,0.0,0.0,0.0,0.0
2007-08-14,0.0,0.0,0.0,0.0,0.0,0.0,0.0,0.0,0.0,0.0
2007-08-15,0.0,0.0,0.0,0.0,0.0,0.0,0.0,0.0,0.0,0.0
2007-08-16,0.0,0.0,0.0,0.0,0.0,0.0,0.0,0.0,0.0,0.0
2007-08-17,0.0,0.0,0.0,0.0,0.0,0.0,0.0,0.0,0.0,0.0
2007-08-20,0.0,0.0,0.0,0.0,0.0,0.0,0.0,0.0,0.0,0.0
2007-08-21,0.0,0.0,0.0,0.0,0.0,0.0,0.0,0.0,0.0,0.0
2007-08-22,0.0,0.0,0.0,0.0,0.0,0.0,0.0,0.0,0.0,0.0
2007-08-23,0.0,0.0,0.0,0.0,0.0,0.0,0.0,0.0,0.0,0.0
2007-08-24,0.0,0.0,0.0,0.0,0.0,0.0,0.0,0.0,0.0,0.0
2007-08-27,0.0,0.0,0.0,0.0,0.0,0.0,0.0,0.0,0.0,0.0
2007-08-28,0.0,0.0,0.0,0.0,0.0,0.0,0.0,0.0,0.0,0.0
2007-08-29,0.0,0.0,0.0,0.0,0.0,0.0,0.0,0.0,0.0,0.0
2007-08-30,0.0,0.0,0.0,0.0,0.0,0.0,0.0,0.0,0.0,0.0
2007-08-31,0.0,0.0,0.0,0.0,0.0,0.0,0.0,0.0,0.0,0.0
2007-09-04,0.0,0.0,0.0,0.0,0.0,0.0,0.0,0.0,0.0,0.0
2007-09-05,0.0,0.0,0.0,0.0,0.0,0.0,0.0,0.0,0.0,0.0
2007-09-06,0.0,0.0,0.0,0.0,0.0,0.0,0.0,0.0,0.0,0.0
2007-09-07,0.0,0.0,0.0,0.0,0.0,0.0,0.0,0.0,0.0,0.0
2007-09-10,0.0,0.0,0.0,0.0,0.0,0.0,0.0,0.0,0.0,0.0
2007-09-11,0.0,0.0,0.0,0.0,0.0,0.0,0.0,0.0,0.0,0.0
2007-09-12,0.0,0.0,0.0,0.0,0.0,0.0,0.0,0.0,0.0,0.0
2007-09-13,0.0,0.0,0.0,0.0,0.0,0.0,0.0,0.0,0.0,0.0
2007-09-14,0.0,0.0,0.0,0.0,0.0,0.0,0.0,0.0,0.0,0.0
2007-09-17,0.0,0.0,0.0,0.0,0.0,0.0,0.0,0.0,0.0,0.0
2007-09-18,0.0,0.0,0.0,0.0,0.0,0.0,0.0,0.0,0.0,0.0
2007-09-19,0.0,0.0,0.0,0.0,0.0,0.0,0.0,0.0,0.0,0.0
2007-09-20,0.0,0.0,0.0,0.0,0.0,0.0,0.0,0.0,0.0,0.0
2007-09-21,0.0,0.0,0.0,0.0,0.0,0.0,0.0,0.0,0.0,0.0
2007-09-24,0.0,0.0,0.0,0.0,0.0,0.0,0.0,0.0,0.0,0.0
2007-09-25,0.0,0.0,0.0,0.0,0.0,0.0,0.0,0.0,0.0,0.0
2007-09-26,0.0,0.0,0.0,0.0,0.0,0.0,0.0,0.0,0.0,0.0
2007-09-27,0.0,0.0,0.0,0.0,0.0,0.0,0.0,0.0,0.0,0.0
2007-09-28,0.0,0.0,0.0,0.0,0.0,0.0,0.0,0.0,0.0,0.0
2007-10-01,0.0,0.0,0.0,0.0,0.0,0.0,0.0,0.0,0.0,0.0
2007-10-02,0.0,0.0,0.0,0.0,0.0,0.0,0.0,0.0,0.0,0.0
2007-10-03,0.0,0.0,0.0,0.0,0.0,0.0,0.0,0.0,0.0,0.0
2007-10-04,0.0,0.0,0.0,0.0,0.0,0.0,0.0,0.0,0.0,0.0
2007-10-05,0.0,0.0,0.0,0.0,0.0,0.0,0.0,0.0,0.0,0.0
2007-10-08,0.0,0.0,0.0,0.0,0.0,0.0,0.0,0.0,0.0,0.0
2007-10-09,0.0,0.0,0.0,0.0,0.0,0.0,0.0,0.0,0.0,0.0
2007-10-10,0.0,0.0,0.0,0.0,0.0,0.0,0.0,0.0,0.0,0.0
2007-10-11,0.0,0.0,0.0,0.0,0.0,0.0,0.0,0.0,0.0,0.0
2007-10-12,0.0,0.0,0.0,0.0,0.0,0.0,0.0,0.0,0.0,0.0
2007-10-15,0.0,0.0,0.0,0.0,0.0,0.0,0.0,0.0,0.0,0.0
2007-10-16,0.0,1.0506457151658919e-05,4.007819966156717e-06,0.0,1.2585141021457048e-05,1.5221260932705081e-06,0.20785859183472266,0.20785859183472266,-0.04785859183472269,-2.8621544232543193e-05
2007-10-17,0.0007903973408225829,1.0506457151658919e-05,3.0676007856701355e-06,0.0,1.2718124143136274e-05,0.0,0.2076437625894483,0.0,0.0,0.0007641051587421176
2007-10-18,0.0,3.4205522974169384e-05,1.0818322281580697e-05,0.0,9.701436090584184e-05,3.792903111075262e-06,0.598603861330322,0.598603861330322,-0.038603861330322,-0.00014583110927266716
2007-10-19,0.00025550725482624266,3.4205522974169384e-05,1.006814541454442e-05,0.0,9.717874785793015e-05,0.0,0.5894146261191263,0.0,0.0,0.00011405483857959871
2007-10-22,0.0,0.0,0.0,0.0,0.0,0.0,0.0,0.0,0.0,0.0
2007-10-23,0.0,3.7425817232073205e-06,2.2535238521866706e-06,0.0,1.923995696437516e-05,9.594203773595293e-07,0.14059131169820047,0.14059131169820047,-0.020591311698200464,-2.6195482917128682e-05
2007-10-24,0.00010378603856577975,1.455783017779105e-05,9.498208795473452e-06,0.0,6.934012087279993e-05,3.2619047619047623e-06,0.5987040745357096,0.498,-0.05,7.127973957810548e-06
2007-10-25,0.005862063418792025,1.4637098947872342e-05,8.414421103538515e-06,0.0,6.855641898122596e-05,8.699455368643938e-07,0.6061807898522809,0.13307542509660908,-0.013075425096609082,0.005769585534222524
2007-10-26,-0.00025440623568972456,3.653922388683527e-06,1.9380427443720617e-06,0.0,1.875674936078836e-05,0.0,0.1329978301026646,0.0,0.0,-0.0002787549501835685
2007-10-29,0.0,0.0,0.0,0.0,0.0,0.0,0.0,0.0,0.0,0.0
2007-10-30,0.0,5.836750854761266e-06,1.7020810228737354e-06,0.0,2.2940840345016626e-05,7.142857142857143e-07,0.12938938394145374,0.12938938394145374,0.009389383941453742,-3.1193957936937345e-05
2007-10-31,-0.002318628063582458,5.836750854761266e-06,2.579396848503156e-06,0.0,2.368939647630157e-05,0.0,0.13083447082855287,0.0,0.0,-0.002350733607762024
2007-11-01,0.0,0.0,0.0,0.0,0.0,0.0,0.0,0.0,0.0,0.0
2007-11-02,0.0,0.0,0.0,0.0,0.0,0.0,0.0,0.0,0.0,0.0
2007-11-05,0.0,0.0,0.0,0.0,0.0,0.0,0.0,0.0,0.0,0.0
2007-11-06,0.0,0.0,0.0,0.0,0.0,0.0,0.0,0.0,0.0,0.0
2007-11-07,0.0,0.0,0.0,0.0,0.0,0.0,0.0,0.0,0.0,0.0
2007-11-08,0.0,2.0193873747988845e-05,2.0790571884821615e-06,0.0,1.8868185276888713e-05,7.142857142857143e-07,0.15023884368714238,0.15023884368714238,0.03023884368714238,-4.1855401927645434e-05
2007-11-09,-0.0004795144993060584,2.0193873747988845e-05,5.0178002715540174e-06,0.0,1.845763308049809e-05,0.0,0.14590782106718667,0.0,0.0,-0.0005231838064060993
2007-11-12,0.0,0.0,0.0,0.0,0.0,0.0,0.0,0.0,0.0,0.0
2007-11-13,0.0,0.0,0.0,0.0,0.0,0.0,0.0,0.0,0.0,0.0
2007-11-14,0.0,0.0,0.0,0.0,0.0,0.0,0.0,0.0,0.0,0.0
2007-11-15,0.0,0.0,0.0,0.0,0.0,0.0,0.0,0.0,0.0,0.0
2007-11-16,0.0,4.780403823824488e-06,3.0428057989309807e-06,0.0,1.5107605501669637e-05,1.3095238095238098e-06,0.16999999999999998,0.16999999999999998,-0.05000000000000001,-2.4240338933948915e-05
2007-11-19,9.936123260387853e-05,4.780403823824488e-06,2.092265272431044e-06,0.0,1.4889024702241867e-05,0.0,0.16776992475152913,0.0,0.0,7.759953880538113e-05
2007-11-20,0.0,0.0,0.0,0.0,0.0,0.0,0.0,0.0,0.0,0.0
2007-11-21,0.0,0.0,0.0,0.0,0.0,0.0,0.0,0.0,0.0,0.0
2007-11-26,0.0,0.0,0.0,0.0,0.0,0.0,0.0,0.0,0.0,0.0
2007-11-27,0.0,0.0,0.0,0.0,0.0,0.0,0.0,0.0,0.0,0.0
2007-11-28,0.0,0.0,0.0,0.0,0.0,0.0,0.0,0.0,0.0,0.0
2007-11-29,0.0,0.0,0.0,0.0,0.0,0.0,0.0,0.0,0.0,0.0
2007-11-30,0.0,0.0,0.0,0.0,0.0,0.0,0.0,0.0,0.0,0.0
2007-12-03,0.0,0.0,0.0,0.0,0.0,0.0,0.0,0.0,0.0,0.0
2007-12-04,0.0,0.0,0.0,0.0,0.0,0.0,0.0,0.0,0.0,0.0
2007-12-05,0.0,0.0,0.0,0.0,0.0,0.0,0.0,0.0,0.0,0.0
2007-12-06,0.0,0.0,0.0,0.0,0.0,0.0,0.0,0.0,0.0,0.0
2007-12-07,0.0,0.0,0.0,0.0,0.0,0.0,0.0,0.0,0.0,0.0
2007-12-10,0.0,0.0,0.0,0.0,0.0,0.0,0.0,0.0,0.0,0.0
2007-12-11,0.0,0.0,0.0,0.0,0.0,0.0,0.0,0.0,0.0,0.0
2007-12-12,0.0,0.0,0.0,0.0,0.0,0.0,0.0,0.0,0.0,0.0
2007-12-13,0.0,0.0,0.0,0.0,0.0,0.0,0.0,0.0,0.0,0.0
2007-12-14,0.0,0.0,0.0,0.0,0.0,0.0,0.0,0.0,0.0,0.0
2007-12-17,0.0,0.0,0.0,0.0,0.0,0.0,0.0,0.0,0.0,0.0
2007-12-18,0.0,0.0,0.0,0.0,0.0,0.0,0.0,0.0,0.0,0.0
2007-12-19,0.0,0.0,0.0,0.0,0.0,0.0,0.0,0.0,0.0,0.0
2007-12-20,0.0,0.0,0.0,0.0,0.0,0.0,0.0,0.0,0.0,0.0
2007-12-21,0.0,0.0,0.0,0.0,0.0,0.0,0.0,0.0,0.0,0.0
2007-12-26,0.0,0.0,0.0,0.0,0.0,0.0,0.0,0.0,0.0,0.0
2007-12-27,0.0,0.0,0.0,0.0,0.0,0.0,0.0,0.0,0.0,0.0
2007-12-28,0.0,0.0,0.0,0.0,0.0,0.0,0.0,0.0,0.0,0.0
2007-12-31,0.0,0.0,0.0,0.0,0.0,0.0,0.0,0.0,0.0,0.0
2008-01-02,0.0,0.0,0.0,0.0,0.0,0.0,0.0,0.0,0.0,0.0
2008-01-03,0.0,0.0,0.0,0.0,0.0,0.0,0.0,0.0,0.0,0.0
2008-01-04,0.0,0.0,0.0,0.0,0.0,0.0,0.0,0.0,0.0,0.0
2008-01-07,0.0,0.0,0.0,0.0,0.0,0.0,0.0,0.0,0.0,0.0
2008-01-08,0.0,0.0,0.0,0.0,0.0,0.0,0.0,0.0,0.0,0.0
2008-01-09,0.0,0.0,0.0,0.0,0.0,0.0,0.0,0.0,0.0,0.0
2008-01-10,0.0,0.0,0.0,0.0,0.0,0.0,0.0,0.0,0.0,0.0
2008-01-11,0.0,0.0,0.0,0.0,0.0,0.0,0.0,0.0,0.0,0.0
2008-01-14,0.0,0.0,0.0,0.0,0.0,0.0,0.0,0.0,0.0,0.0
2008-01-15,0.0,0.0,0.0,0.0,0.0,0.0,0.0,0.0,0.0,0.0
2008-01-16,0.0,0.0,0.0,0.0,0.0,0.0,0.0,0.0,0.0,0.0
2008-01-17,0.0,0.0,0.0,0.0,0.0,0.0,0.0,0.0,0.0,0.0
2008-01-18,0.0,0.0,0.0,0.0,0.0,0.0,0.0,0.0,0.0,0.0
2008-01-22,0.0,0.0,0.0,0.0,0.0,0.0,0.0,0.0,0.0,0.0
2008-01-23,0.0,1.0527290765965581e-05,2.483723809240413e-06,0.0,2.8264116717111063e-05,9.523809523809522e-07,0.20999999999999996,0.20999999999999996,0.049999999999999996,-4.2227512244698015e-05
2008-01-24,-0.005958414338540712,2.4833690872449413e-05,7.987334732298533e-06,0.0,5.9033251179512935e-05,1.6666666666666665e-06,0.4227029350144153,0.33,0.05,-0.00605193528199164
2008-01-25,-0.004976491763073009,1.5741817218957304e-05,5.934539955247333e-06,0.0,3.1062735496582246e-05,0.0,0.3259114543244529,0.0,0.0,-0.005029230855743796
2008-01-28,0.0,0.0,0.0,0.0,0.0,0.0,0.0,0.0,0.0,0.0
2008-01-29,0.0,0.0,0.0,0.0,0.0,0.0,0.0,0.0,0.0,0.0
2008-01-30,0.0,0.0,0.0,0.0,0.0,0.0,0.0,0.0,0.0,0.0
2008-01-31,0.0,1.2345406325664709e-05,3.3135350391312294e-06,0.0,1.6113843342490073e-05,7.142857142857143e-07,0.14970128877674635,0.14970128877674635,0.02970128877674635,-3.248707042157173e-05
2008-02-01,0.0014768617692594496,1.848027371865895e-05,5.927332964383068e-06,0.0,3.151584251953207e-05,1.3095238095238098e-06,0.3230829124507677,0.16999999999999998,-0.05,0.0014196287962473517
2008-02-04,-0.00018284459189675466,6.134867392994248e-06,2.039751650119534e-06,0.0,1.497515710619532e-05,0.0,0.16785508539457236,0.0,0.0,-0.00020599436804606377
2008-02-05,0.0,0.0,0.0,0.0,0.0,0.0,0.0,0.0,0.0,0.0
2008-02-06,0.0,3.340786540503728e-06,1.8838845721697814e-06,0.0,1.5770195293711832e-05,7.142857142857143e-07,0.14067419643375983,0.14067419643375983,0.020674196433759826,-2.1709152120671055e-05
2008-02-07,0.0004410086776712157,3.340786540503728e-06,2.3213891052969694e-06,0.0,1.628628695594766e-05,0.0,0.14288033653173488,0.0,0.0,0.00041906021506946735
2008-02-08,0.0,0.0,0.0,0.0,0.0,0.0,0.0,0.0,0.0,0.0
2008-02-11,0.0,0.0,0.0,0.0,0.0,0.0,0.0,0.0,0.0,0.0
2008-02-12,0.0,0.0,0.0,0.0,0.0,0.0,0.0,0.0,0.0,0.0
2008-02-13,0.0,0.0,0.0,0.0,0.0,0.0,0.0,0.0,0.0,0.0
2008-02-14,0.0,0.0,0.0,0.0,0.0,0.0,0.0,0.0,0.0,0.0
2008-02-15,0.0,0.0,0.0,0.0,0.0,0.0,0.0,0.0,0.0,0.0
2008-02-19,0.0,0.0,0.0,0.0,0.0,0.0,0.0,0.0,0.0,0.0
2008-02-20,0.0,0.0,0.0,0.0,0.0,0.0,0.0,0.0,0.0,0.0
2008-02-21,0.0,0.0,0.0,0.0,0.0,0.0,0.0,0.0,0.0,0.0
2008-02-22,0.0,0.0,0.0,0.0,0.0,0.0,0.0,0.0,0.0,0.0
2008-02-25,0.0,0.0,0.0,0.0,0.0,0.0,0.0,0.0,0.0,0.0
2008-02-26,0.0,0.0,0.0,0.0,0.0,0.0,0.0,0.0,0.0,0.0
2008-02-27,0.0,0.0,0.0,0.0,0.0,0.0,0.0,0.0,0.0,0.0
2008-02-28,0.0,0.0,0.0,0.0,0.0,0.0,0.0,0.0,0.0,0.0
2008-02-29,0.0,0.0,0.0,0.0,0.0,0.0,0.0,0.0,0.0,0.0
2008-03-03,0.0,0.0,0.0,0.0,0.0,0.0,0.0,0.0,0.0,0.0
2008-03-04,0.0,0.0,0.0,0.0,0.0,0.0,0.0,0.0,0.0,0.0
2008-03-05,0.0,0.0,0.0,0.0,0.0,0.0,0.0,0.0,0.0,0.0
2008-03-06,0.0,0.0,0.0,0.0,0.0,0.0,0.0,0.0,0.0,0.0
2008-03-07,0.0,0.0,0.0,0.0,0.0,0.0,0.0,0.0,0.0,0.0
2008-03-10,0.0,0.0,0.0,0.0,0.0,0.0,0.0,0.0,0.0,0.0
2008-03-11,0.0,0.0,0.0,0.0,0.0,0.0,0.0,0.0,0.0,0.0
2008-03-12,0.0,0.0,0.0,0.0,0.0,0.0,0.0,0.0,0.0,0.0
2008-03-13,0.0,0.0,0.0,0.0,0.0,0.0,0.0,0.0,0.0,0.0
2008-03-14,0.0,0.0,0.0,0.0,0.0,0.0,0.0,0.0,0.0,0.0
2008-03-17,0.0,0.0,0.0,0.0,0.0,0.0,0.0,0.0,0.0,0.0
2008-03-18,0.0,0.0,0.0,0.0,0.0,0.0,0.0,0.0,0.0,0.0
2008-03-19,0.0,0.0,0.0,0.0,0.0,0.0,0.0,0.0,0.0,0.0
2008-03-20,0.0,0.0,0.0,0.0,0.0,0.0,0.0,0.0,0.0,0.0
2008-03-24,0.0,0.0,0.0,0.0,0.0,0.0,0.0,0.0,0.0,0.0
2008-03-25,0.0,0.0,0.0,0.0,0.0,0.0,0.0,0.0,0.0,0.0
2008-03-26,0.0,0.0,0.0,0.0,0.0,0.0,0.0,0.0,0.0,0.0
2008-03-27,0.0,0.0,0.0,0.0,0.0,0.0,0.0,0.0,0.0,0.0
2008-03-28,0.0,0.0,0.0,0.0,0.0,0.0,0.0,0.0,0.0,0.0
2008-03-31,0.0,0.0,0.0,0.0,0.0,0.0,0.0,0.0,0.0,0.0
2008-04-01,0.0,0.0,0.0,0.0,0.0,0.0,0.0,0.0,0.0,0.0
2008-04-02,0.0,0.0,0.0,0.0,0.0,0.0,0.0,0.0,0.0,0.0
2008-04-03,0.0,0.0,0.0,0.0,0.0,0.0,0.0,0.0,0.0,0.0
2008-04-04,0.0,0.0,0.0,0.0,0.0,0.0,0.0,0.0,0.0,0.0
2008-04-07,0.0,0.0,0.0,0.0,0.0,0.0,0.0,0.0,0.0,0.0
2008-04-08,0.0,1.4697115809366727e-05,3.5388941250831146e-06,0.0,2.523525288394745e-05,7.142857142857143e-07,0.13945985293093394,0.13945985293093394,0.019459852930933944,-4.4185548532683005e-05
2008-04-09,-0.0032481106338213303,1.4697115809366727e-05,2.431140008971822e-06,0.0,2.5652953385065363e-05,0.0,0.1407888567249733,0.0,0.0,-0.003290891843024734
2008-04-10,0.0,0.0,0.0,0.0,0.0,0.0,0.0,0.0,0.0,0.0
2008-04-11,0.0,0.0,0.0,0.0,0.0,0.0,0.0,0.0,0.0,0.0
2008-04-14,0.0,0.0,0.0,0.0,0.0,0.0,0.0,0.0,0.0,0.0
2008-04-15,0.0,0.0,0.0,0.0,0.0,0.0,0.0,0.0,0.0,0.0
2008-04-16,0.0,0.0,0.0,0.0,0.0,0.0,0.0,0.0,0.0,0.0
2008-04-17,0.0,2.774341218810417e-05,7.222439637414389e-06,0.0,5.912381412308644e-05,2.1428571428571427e-06,0.41,0.41,0.04999999999999999,-9.623252309146214e-05
2008-04-18,-0.004018713948035225,3.949017253749469e-05,1.2637710150241812e-05,0.0,0.00010074966316545313,1.505349832890685e-06,0.6631823035350937,0.2464493859628175,-0.006449385962817527,-0.004173096843721306
2008-04-21,-0.004174592867811412,1.174676034939052e-05,3.460598474432879e-06,0.0,3.9947321065302954e-05,0.0,0.2437158580888919,0.0,0.0,-0.004229747547700538
2008-04-22,0.0,1.589952910852003e-05,5.0138370132503606e-06,0.0,7.335327014434793e-05,1.928259652428248e-06,0.3119738108039728,0.3119738108039728,-0.011973810803972805,-9.619489591854657e-05
2008-04-23,-0.0002778565014774388,2.0978874487338027e-05,8.507706227706774e-06,0.0,0.00010259716832482765,1.0714285714285714e-06,0.5122154931389985,0.1945528237996933,0.0145528237996933,-0.0004110116790887398
2008-04-24,-0.0020561427872978675,2.588819058584717e-05,1.1522836251236104e-05,0.0,8.57798793285487e-05,3.4523809523809523e-06,0.7261183167584107,0.53,-0.04999999999999999,-0.0021827860744158805
2008-04-25,0.0012936426008099276,2.0808845207029177e-05,8.660111643177654e-06,0.0,6.083362966265682e-05,0.0,0.5368786086724371,0.0,0.0,0.001203340014297064
2008-04-28,0.0,0.0,0.0,0.0,0.0,0.0,0.0,0.0,0.0,0.0
2008-04-29,0.0,7.44796324255311e-06,2.6989424083769633e-06,0.0,2.2156590515200993e-05,7.142857142857143e-07,0.16999999999999998,0.16999999999999998,0.05,-3.301778188041678e-05
2008-04-30,0.0020921510902118003,2.1598129521952763e-05,6.354143093085663e-06,0.0,4.1333977108927134e-05,8.722108207471744e-07,0.30242592286019954,0.13326570894276266,-0.013265708942762649,0.0020219926296670874
2008-05-01,-0.0013764092834574661,1.4150166279399656e-05,2.2998513255699906e-06,0.0,1.969654245997125e-05,0.0,0.1350057545898565,0.0,0.0,-0.001412555843522407
2008-05-02,0.0,0.0,0.0,0.0,0.0,0.0,0.0,0.0,0.0,0.0
2008-05-05,0.0,0.0,0.0,0.0,0.0,0.0,0.0,0.0,0.0,0.0
2008-05-06,0.0,0.0,0.0,0.0,0.0,0.0,0.0,0.0,0.0,0.0
2008-05-07,0.0,0.0,0.0,0.0,0.0,0.0,0.0,0.0,0.0,0.0
2008-05-08,0.0,0.0,0.0,0.0,0.0,0.0,0.0,0.0,0.0,0.0
2008-05-09,0.0,0.0,0.0,0.0,0.0,0.0,0.0,0.0,0.0,0.0
2008-05-12,0.0,0.0,0.0,0.0,0.0,0.0,0.0,0.0,0.0,0.0
2008-05-13,0.0,0.0,0.0,0.0,0.0,0.0,0.0,0.0,0.0,0.0
2008-05-14,0.0,0.0,0.0,0.0,0.0,0.0,0.0,0.0,0.0,0.0
2008-05-15,0.0,0.0,0.0,0.0,0.0,0.0,0.0,0.0,0.0,0.0
2008-05-16,0.0,0.0,0.0,0.0,0.0,0.0,0.0,0.0,0.0,0.0
2008-05-19,0.0,0.0,0.0,0.0,0.0,0.0,0.0,0.0,0.0,0.0
2008-05-20,0.0,0.0,0.0,0.0,0.0,0.0,0.0,0.0,0.0,0.0
2008-05-21,0.0,1.0165582653233627e-05,3.0934076852097848e-06,0.0,1.9263554104326192e-05,9.523809523809522e-07,0.1776064420550861,0.1776064420550861,0.01760644205508615,-3.347492539515056e-05
2008-05-22,0.00032362159874850424,1.0165582653233627e-05,3.1642716026197364e-06,0.0,1.9800219865051624e-05,0.0,0.17917175982180897,0.0,0.0,0.00029049152462759926
2008-05-23,0.0,0.0,0.0,0.0,0.0,0.0,0.0,0.0,0.0,0.0
2008-05-27,0.0,0.0,0.0,0.0,0.0,0.0,0.0,0.0,0.0,0.0
2008-05-28,0.0,0.0,0.0,0.0,0.0,0.0,0.0,0.0,0.0,0.0
2008-05-29,0.0,0.0,0.0,0.0,0.0,0.0,0.0,0.0,0.0,0.0
2008-05-30,0.0,0.0,0.0,0.0,0.0,0.0,0.0,0.0,0.0,0.0
2008-06-02,0.0,0.0,0.0,0.0,0.0,0.0,0.0,0.0,0.0,0.0
2008-06-03,0.0,0.0,0.0,0.0,0.0,0.0,0.0,0.0,0.0,0.0
2008-06-04,0.0,0.0,0.0,0.0,0.0,0.0,0.0,0.0,0.0,0.0
2008-06-05,0.0,0.0,0.0,0.0,0.0,0.0,0.0,0.0,0.0,0.0
2008-06-06,0.0,0.0,0.0,0.0,0.0,0.0,0.0,0.0,0.0,0.0
2008-06-09,0.0,0.0,0.0,0.0,0.0,0.0,0.0,0.0,0.0,0.0
2008-06-10,0.0,0.0,0.0,0.0,0.0,0.0,0.0,0.0,0.0,0.0
2008-06-11,0.0,0.0,0.0,0.0,0.0,0.0,0.0,0.0,0.0,0.0
2008-06-12,0.0,0.0,0.0,0.0,0.0,0.0,0.0,0.0,0.0,0.0
2008-06-13,0.0,0.0,0.0,0.0,0.0,0.0,0.0,0.0,0.0,0.0
2008-06-16,0.0,0.0,0.0,0.0,0.0,0.0,0.0,0.0,0.0,0.0
2008-06-17,0.0,0.0,0.0,0.0,0.0,0.0,0.0,0.0,0.0,0.0
2008-06-18,0.0,0.0,0.0,0.0,0.0,0.0,0.0,0.0,0.0,0.0
2008-06-19,0.0,0.0,0.0,0.0,0.0,0.0,0.0,0.0,0.0,0.0
2008-06-20,0.0,0.0,0.0,0.0,0.0,0.0,0.0,0.0,0.0,0.0
2008-06-23,0.0,0.0,0.0,0.0,0.0,0.0,0.0,0.0,0.0,0.0
2008-06-24,0.0,0.0,0.0,0.0,0.0,0.0,0.0,0.0,0.0,0.0
2008-06-25,0.0,0.0,0.0,0.0,0.0,0.0,0.0,0.0,0.0,0.0
2008-06-26,0.0,0.0,0.0,0.0,0.0,0.0,0.0,0.0,0.0,0.0
2008-06-27,0.0,0.0,0.0,0.0,0.0,0.0,0.0,0.0,0.0,0.0
2008-06-30,0.0,0.0,0.0,0.0,0.0,0.0,0.0,0.0,0.0,0.0
2008-07-01,0.0,0.0,0.0,0.0,0.0,0.0,0.0,0.0,0.0,0.0
2008-07-02,0.0,0.0,0.0,0.0,0.0,0.0,0.0,0.0,0.0,0.0
2008-07-07,0.0,0.0,0.0,0.0,0.0,0.0,0.0,0.0,0.0,0.0
2008-07-08,0.0,0.0,0.0,0.0,0.0,0.0,0.0,0.0,0.0,0.0
2008-07-09,0.0,0.0,0.0,0.0,0.0,0.0,0.0,0.0,0.0,0.0
2008-07-10,0.0,0.0,0.0,0.0,0.0,0.0,0.0,0.0,0.0,0.0
2008-07-11,0.0,0.0,0.0,0.0,0.0,0.0,0.0,0.0,0.0,0.0
2008-07-14,0.0,0.0,0.0,0.0,0.0,0.0,0.0,0.0,0.0,0.0
2008-07-15,0.0,0.0,0.0,0.0,0.0,0.0,0.0,0.0,0.0,0.0
2008-07-16,0.0,0.0,0.0,0.0,0.0,0.0,0.0,0.0,0.0,0.0
2008-07-17,0.0,0.0,0.0,0.0,0.0,0.0,0.0,0.0,0.0,0.0
2008-07-18,0.0,0.0,0.0,0.0,0.0,0.0,0.0,0.0,0.0,0.0
2008-07-21,0.0,0.0,0.0,0.0,0.0,0.0,0.0,0.0,0.0,0.0
2008-07-22,0.0,0.0,0.0,0.0,0.0,0.0,0.0,0.0,0.0,0.0
2008-07-23,0.0,0.0,0.0,0.0,0.0,0.0,0.0,0.0,0.0,0.0
2008-07-24,0.0,2.7880884876519827e-05,6.226193548387096e-06,0.0,6.618101247896542e-05,1.0714285714285714e-06,0.22999999999999998,0.22999999999999998,0.05,-0.00010135951947530091
2008-07-25,-0.0030317444744891128,2.7880884876519833e-05,4.2430169980456795e-06,0.0,7.263720659755854e-05,0.0,0.23277470713841408,0.0,0.0,-0.003136505582961237
2008-07-28,0.0,0.0,0.0,0.0,0.0,0.0,0.0,0.0,0.0,0.0
2008-07-29,0.0,0.0,0.0,0.0,0.0,0.0,0.0,0.0,0.0,0.0
2008-07-30,0.0,9.491102807164684e-06,2.3316568733501158e-06,0.0,2.213422405264649e-05,7.142857142857143e-07,0.14155574348138786,0.14155574348138786,0.021555743481387855,-3.467126944744701e-05
2008-07-31,0.001758122021902557,9.491102807164684e-06,2.9006858858405984e-06,0.0,2.2779250167323773e-05,0.0,0.1430899849062755,0.0,0.0,0.001722950983042228
2008-08-01,0.0,0.0,0.0,0.0,0.0,0.0,0.0,0.0,0.0,0.0
2008-08-04,0.0,0.0,0.0,0.0,0.0,0.0,0.0,0.0,0.0,0.0
2008-08-05,0.0,0.0,0.0,0.0,0.0,0.0,0.0,0.0,0.0,0.0
2008-08-06,0.0,0.0,0.0,0.0,0.0,0.0,0.0,0.0,0.0,0.0
2008-08-07,0.0,0.0,0.0,0.0,0.0,0.0,0.0,0.0,0.0,0.0
2008-08-08,0.0,0.0,0.0,0.0,0.0,0.0,0.0,0.0,0.0,0.0
2008-08-11,0.0,0.0,0.0,0.0,0.0,0.0,0.0,0.0,0.0,0.0
2008-08-12,0.0,0.0,0.0,0.0,0.0,0.0,0.0,0.0,0.0,0.0
2008-08-13,0.0,0.0,0.0,0.0,0.0,0.0,0.0,0.0,0.0,0.0
2008-08-14,0.0,0.0,0.0,0.0,0.0,0.0,0.0,0.0,0.0,0.0
2008-08-15,0.0,0.0,0.0,0.0,0.0,0.0,0.0,0.0,0.0,0.0
2008-08-18,0.0,0.0,0.0,0.0,0.0,0.0,0.0,0.0,0.0,0.0
2008-08-19,0.0,0.0,0.0,0.0,0.0,0.0,0.0,0.0,0.0,0.0
2008-08-20,0.0,0.0,0.0,0.0,0.0,0.0,0.0,0.0,0.0,0.0
2008-08-21,0.0,0.0,0.0,0.0,0.0,0.0,0.0,0.0,0.0,0.0
2008-08-22,0.0,0.0,0.0,0.0,0.0,0.0,0.0,0.0,0.0,0.0
2008-08-25,0.0,0.0,0.0,0.0,0.0,0.0,0.0,0.0,0.0,0.0
2008-08-26,0.0,0.0,0.0,0.0,0.0,0.0,0.0,0.0,0.0,0.0
2008-08-27,0.0,0.0,0.0,0.0,0.0,0.0,0.0,0.0,0.0,0.0
2008-08-28,0.0,0.0,0.0,0.0,0.0,0.0,0.0,0.0,0.0,0.0
2008-08-29,0.0,0.0,0.0,0.0,0.0,0.0,0.0,0.0,0.0,0.0
2008-09-02,0.0,0.0,0.0,0.0,0.0,0.0,0.0,0.0,0.0,0.0
2008-09-03,0.0,0.0,0.0,0.0,0.0,0.0,0.0,0.0,0.0,0.0
2008-09-04,0.0,0.0,0.0,0.0,0.0,0.0,0.0,0.0,0.0,0.0
2008-09-05,0.0,0.0,0.0,0.0,0.0,0.0,0.0,0.0,0.0,0.0
2008-09-08,0.0,0.0,0.0,0.0,0.0,0.0,0.0,0.0,0.0,0.0
2008-09-09,0.0,0.0,0.0,0.0,0.0,0.0,0.0,0.0,0.0,0.0
2008-09-10,0.0,0.0,0.0,0.0,0.0,0.0,0.0,0.0,0.0,0.0
2008-09-11,0.0,0.0,0.0,0.0,0.0,0.0,0.0,0.0,0.0,0.0
2008-09-12,0.0,0.0,0.0,0.0,0.0,0.0,0.0,0.0,0.0,0.0
2008-09-15,0.0,0.0,0.0,0.0,0.0,0.0,0.0,0.0,0.0,0.0
2008-09-16,0.0,0.0,0.0,0.0,0.0,0.0,0.0,0.0,0.0,0.0
2008-09-17,0.0,0.0,0.0,0.0,0.0,0.0,0.0,0.0,0.0,0.0
2008-09-18,0.0,0.0,0.0,0.0,0.0,0.0,0.0,0.0,0.0,0.0
2008-09-19,0.0,0.0,0.0,0.0,0.0,0.0,0.0,0.0,0.0,0.0
2008-09-22,0.0,0.0,0.0,0.0,0.0,0.0,0.0,0.0,0.0,0.0
2008-09-23,0.0,0.0,0.0,0.0,0.0,0.0,0.0,0.0,0.0,0.0
2008-09-24,0.0,0.0,0.0,0.0,0.0,0.0,0.0,0.0,0.0,0.0
2008-09-25,0.0,0.0,0.0,0.0,0.0,0.0,0.0,0.0,0.0,0.0
2008-09-26,0.0,0.0,0.0,0.0,0.0,0.0,0.0,0.0,0.0,0.0
2008-09-29,0.0,0.0,0.0,0.0,0.0,0.0,0.0,0.0,0.0,0.0
2008-09-30,0.0,0.0,0.0,0.0,0.0,0.0,0.0,0.0,0.0,0.0
2008-10-01,0.0,0.0,0.0,0.0,0.0,0.0,0.0,0.0,0.0,0.0
2008-10-02,0.0,0.0,0.0,0.0,0.0,0.0,0.0,0.0,0.0,0.0
2008-10-03,0.0,0.0,0.0,0.0,0.0,0.0,0.0,0.0,0.0,0.0
2008-10-06,0.0,0.0,0.0,0.0,0.0,0.0,0.0,0.0,0.0,0.0
2008-10-07,0.0,0.0,0.0,0.0,0.0,0.0,0.0,0.0,0.0,0.0
2008-10-08,0.0,0.0,0.0,0.0,0.0,0.0,0.0,0.0,0.0,0.0
2008-10-09,0.0,0.0,0.0,0.0,0.0,0.0,0.0,0.0,0.0,0.0
2008-10-10,0.0,0.0,0.0,0.0,0.0,0.0,0.0,0.0,0.0,0.0
2008-10-13,0.0,0.0,0.0,0.0,0.0,0.0,0.0,0.0,0.0,0.0
2008-10-14,0.0,0.0,0.0,0.0,0.0,0.0,0.0,0.0,0.0,0.0
2008-10-15,0.0,0.0,0.0,0.0,0.0,0.0,0.0,0.0,0.0,0.0
2008-10-16,0.0,0.0,0.0,0.0,0.0,0.0,0.0,0.0,0.0,0.0
2008-10-17,0.0,0.0,0.0,0.0,0.0,0.0,0.0,0.0,0.0,0.0
2008-10-20,0.0,0.0,0.0,0.0,0.0,0.0,0.0,0.0,0.0,0.0
2008-10-21,0.0,0.0,0.0,0.0,0.0,0.0,0.0,0.0,0.0,0.0
2008-10-22,0.0,0.0,0.0,0.0,0.0,0.0,0.0,0.0,0.0,0.0
2008-10-23,0.0,0.0,0.0,0.0,0.0,0.0,0.0,0.0,0.0,0.0
2008-10-24,0.0,0.0,0.0,0.0,0.0,0.0,0.0,0.0,0.0,0.0
2008-10-27,0.0,0.0,0.0,0.0,0.0,0.0,0.0,0.0,0.0,0.0
2008-10-28,0.0,0.0,0.0,0.0,0.0,0.0,0.0,0.0,0.0,0.0
2008-10-29,0.0,0.0,0.0,0.0,0.0,0.0,0.0,0.0,0.0,0.0
2008-10-30,0.0,2.9881343386634827e-06,8.379691049273332e-07,0.0,9.090516794084558e-06,2.801668793314432e-07,0.04353401786384123,0.04353401786384123,-0.003534017863841229,-1.3196787117006817e-05
2008-10-31,-0.0007242774139572829,2.9881343386634827e-06,7.54791970744946e-07,0.0,9.035711956881264e-06,0.0,0.04287290484958692,0.0,0.0,-0.0007370560522235726
2008-11-03,0.0,0.0,0.0,0.0,0.0,0.0,0.0,0.0,0.0,0.0
2008-11-04,0.0,1.0616585367250497e-05,3.0502153405596446e-06,0.0,5.2129158016623734e-05,8.745096326389761e-07,0.133458809141674,0.133458809141674,-0.013458809141673992,-6.667046835707286e-05
2008-11-05,-0.0019960659377851056,1.0616585367250497e-05,2.0511762708150113e-06,0.0,5.189285887151635e-05,0.0,0.1298556070099257,0.0,0.0,-0.0020606265582946877
2008-11-06,0.0,0.0,0.0,0.0,0.0,0.0,0.0,0.0,0.0,0.0
2008-11-07,0.0,0.0,0.0,0.0,0.0,0.0,0.0,0.0,0.0,0.0
2008-11-10,0.0,0.0,0.0,0.0,0.0,0.0,0.0,0.0,0.0,0.0
2008-11-11,0.0,0.0,0.0,0.0,0.0,0.0,0.0,0.0,0.0,0.0
2008-11-12,0.0,0.0,0.0,0.0,0.0,0.0,0.0,0.0,0.0,0.0
2008-11-13,0.0,0.0,0.0,0.0,0.0,0.0,0.0,0.0,0.0,0.0
2008-11-14,0.0,0.0,0.0,0.0,0.0,0.0,0.0,0.0,0.0,0.0
2008-11-17,0.0,0.0,0.0,0.0,0.0,0.0,0.0,0.0,0.0,0.0
2008-11-18,0.0,0.0,0.0,0.0,0.0,0.0,0.0,0.0,0.0,0.0
2008-11-19,0.0,0.0,0.0,0.0,0.0,0.0,0.0,0.0,0.0,0.0
2008-11-20,0.0,0.0,0.0,0.0,0.0,0.0,0.0,0.0,0.0,0.0
2008-11-21,0.0,0.0,0.0,0.0,0.0,0.0,0.0,0.0,0.0,0.0
2008-11-24,0.0,0.0,0.0,0.0,0.0,0.0,0.0,0.0,0.0,0.0
2008-11-25,0.0,0.0,0.0,0.0,0.0,0.0,0.0,0.0,0.0,0.0
2008-11-26,0.0,0.0,0.0,0.0,0.0,0.0,0.0,0.0,0.0,0.0
2008-12-01,0.0,0.0,0.0,0.0,0.0,0.0,0.0,0.0,0.0,0.0
2008-12-02,0.0,0.0,0.0,0.0,0.0,0.0,0.0,0.0,0.0,0.0
2008-12-03,0.0,0.0,0.0,0.0,0.0,0.0,0.0,0.0,0.0,0.0
2008-12-04,0.0,0.0,0.0,0.0,0.0,0.0,0.0,0.0,0.0,0.0
2008-12-05,0.0,0.0,0.0,0.0,0.0,0.0,0.0,0.0,0.0,0.0
2008-12-08,0.0,0.0,0.0,0.0,0.0,0.0,0.0,0.0,0.0,0.0
2008-12-09,0.0,0.0,0.0,0.0,0.0,0.0,0.0,0.0,0.0,0.0
2008-12-10,0.0,0.0,0.0,0.0,0.0,0.0,0.0,0.0,0.0,0.0
2008-12-11,0.0,0.0,0.0,0.0,0.0,0.0,0.0,0.0,0.0,0.0
2008-12-12,0.0,0.0,0.0,0.0,0.0,0.0,0.0,0.0,0.0,0.0
2008-12-15,0.0,0.0,0.0,0.0,0.0,0.0,0.0,0.0,0.0,0.0
2008-12-16,0.0,0.0,0.0,0.0,0.0,0.0,0.0,0.0,0.0,0.0
2008-12-17,0.0,0.0,0.0,0.0,0.0,0.0,0.0,0.0,0.0,0.0
2008-12-18,0.0,0.0,0.0,0.0,0.0,0.0,0.0,0.0,0.0,0.0
2008-12-19,0.0,0.0,0.0,0.0,0.0,0.0,0.0,0.0,0.0,0.0
2008-12-22,0.0,0.0,0.0,0.0,0.0,0.0,0.0,0.0,0.0,0.0
2008-12-23,0.0,0.0,0.0,0.0,0.0,0.0,0.0,0.0,0.0,0.0
2008-12-26,0.0,0.0,0.0,0.0,0.0,0.0,0.0,0.0,0.0,0.0
2008-12-29,0.0,0.0,0.0,0.0,0.0,0.0,0.0,0.0,0.0,0.0
2008-12-30,0.0,0.0,0.0,0.0,0.0,0.0,0.0,0.0,0.0,0.0
2008-12-31,0.0,0.0,0.0,0.0,0.0,0.0,0.0,0.0,0.0,0.0
2009-01-02,0.0,0.0,0.0,0.0,0.0,0.0,0.0,0.0,0.0,0.0
2009-01-05,0.0,0.0,0.0,0.0,0.0,0.0,0.0,0.0,0.0,0.0
2009-01-06,0.0,0.0,0.0,0.0,0.0,0.0,0.0,0.0,0.0,0.0
2009-01-07,0.0,0.0,0.0,0.0,0.0,0.0,0.0,0.0,0.0,0.0
2009-01-08,0.0,0.0,0.0,0.0,0.0,0.0,0.0,0.0,0.0,0.0
2009-01-09,0.0,0.0,0.0,0.0,0.0,0.0,0.0,0.0,0.0,0.0
2009-01-12,0.0,0.0,0.0,0.0,0.0,0.0,0.0,0.0,0.0,0.0
2009-01-13,0.0,0.0,0.0,0.0,0.0,0.0,0.0,0.0,0.0,0.0
2009-01-14,0.0,0.0,0.0,0.0,0.0,0.0,0.0,0.0,0.0,0.0
2009-01-15,0.0,0.0,0.0,0.0,0.0,0.0,0.0,0.0,0.0,0.0
2009-01-16,0.0,0.0,0.0,0.0,0.0,0.0,0.0,0.0,0.0,0.0
2009-01-20,0.0,0.0,0.0,0.0,0.0,0.0,0.0,0.0,0.0,0.0
2009-01-21,0.0,0.0,0.0,0.0,0.0,0.0,0.0,0.0,0.0,0.0
2009-01-22,0.0,0.0,0.0,0.0,0.0,0.0,0.0,0.0,0.0,0.0
2009-01-23,0.0,0.0,0.0,0.0,0.0,0.0,0.0,0.0,0.0,0.0
2009-01-26,0.0,0.0,0.0,0.0,0.0,0.0,0.0,0.0,0.0,0.0
2009-01-27,0.0,7.883086610929761e-06,1.9066086706441245e-06,0.0,1.2091150488215415e-05,7.271015586107706e-07,0.12107653092330473,0.12107653092330473,-0.0010765309233047322,-2.260794732840007e-05
2009-01-28,-0.003907980769831068,1.641933610664902e-05,5.450102645756432e-06,0.0,4.168389369292364e-05,1.0714285714285714e-06,0.35100070602511957,0.22999999999999998,0.05,-0.0039726055308478255
2009-01-29,-9.318028369682573e-05,2.4829766001436227e-05,7.467367156563927e-06,0.0,0.00026130319647852215,7.142857142857143e-07,0.31780412642017786,0.14161240652461748,0.021612406524617482,-0.00038749489904763376
2009-01-30,0.0007550988524580266,1.713460253878138e-05,2.4462302750211477e-06,0.0,0.00021541423345914186,0.0,0.13411603189966884,0.0,0.0,0.0005201037861850823
2009-02-02,0.0,0.0,0.0,0.0,0.0,0.0,0.0,0.0,0.0,0.0
2009-02-03,0.0,0.0,0.0,0.0,0.0,0.0,0.0,0.0,0.0,0.0
2009-02-04,0.0,8.392315309823748e-06,2.8756835124455276e-06,0.0,7.871226579071472e-05,1.050396754946838e-06,0.14823332741553438,0.14823332741553438,-0.028233327415534387,-9.103066136793083e-05
2009-02-05,0.002382766224277012,3.247918347973728e-05,8.59422888591424e-06,0.0,0.00016505842340748037,1.6666666666666665e-06,0.48038688723969203,0.32999999999999996,0.05,0.0021749677218372136
2009-02-06,0.005311500396024943,2.4086868169913532e-05,6.3924988642118754e-06,0.0,9.151661165812223e-05,0.0,0.3407823435560311,0.0,0.0,0.0051895044173326955
2009-02-09,0.0,0.0,0.0,0.0,0.0,0.0,0.0,0.0,0.0,0.0
2009-02-10,0.0,0.0,0.0,0.0,0.0,0.0,0.0,0.0,0.0,0.0
2009-02-11,0.0,0.0,0.0,0.0,0.0,0.0,0.0,0.0,0.0,0.0
2009-02-12,0.0,0.0,0.0,0.0,0.0,0.0,0.0,0.0,0.0,0.0
2009-02-13,0.0,0.0,0.0,0.0,0.0,0.0,0.0,0.0,0.0,0.0
2009-02-17,0.0,0.0,0.0,0.0,0.0,0.0,0.0,0.0,0.0,0.0
2009-02-18,0.0,0.0,0.0,0.0,0.0,0.0,0.0,0.0,0.0,0.0
2009-02-19,0.0,0.0,0.0,0.0,0.0,0.0,0.0,0.0,0.0,0.0
2009-02-20,0.0,0.0,0.0,0.0,0.0,0.0,0.0,0.0,0.0,0.0
2009-02-23,0.0,0.0,0.0,0.0,0.0,0.0,0.0,0.0,0.0,0.0
2009-02-24,0.0,2.1861325830612897e-05,4.1910024960138845e-06,0.0,3.471991661819982e-05,7.142857142857143e-07,0.1604005929103961,0.1604005929103961,0.040400592910396105,-6.148653065911232e-05
2009-02-25,-0.0034291594673633136,4.14914861847285e-05,6.494287617876482e-06,0.0,7.454175832445046e-05,8.285697032847381e-07,0.29073614752112,0.129599855075918,-0.009599855075918,-0.003552515569193654
2009-02-26,0.002110168278570656,1.9630160354115606e-05,3.5437119916432517e-06,0.0,3.86965587293169e-05,0.0,0.13027575644908862,0.0,0.0,0.0020482978474955804
2009-02-27,0.0,1.4877375943758656e-05,3.841352497365567e-06,0.0,3.460691449263025e-05,9.752429080422437e-07,0.14192040427554845,0.14192040427554845,-0.021920404275548453,-5.430088584179672e-05
2009-03-02,0.0028328058969008295,1.4877375943758656e-05,2.2103092052166097e-06,0.0,3.2313963277075016e-05,0.0,0.13752999967664653,0.0,0.0,0.002783404248474779
2009-03-03,0.0,0.0,0.0,0.0,0.0,0.0,0.0,0.0,0.0,0.0
2009-03-04,0.0,0.0,0.0,0.0,0.0,0.0,0.0,0.0,0.0,0.0
2009-03-05,0.0,0.0,0.0,0.0,0.0,0.0,0.0,0.0,0.0,0.0
2009-03-06,0.0,0.0,0.0,0.0,0.0,0.0,0.0,0.0,0.0,0.0
2009-03-09,0.0,0.0,0.0,0.0,0.0,0.0,0.0,0.0,0.0,0.0
2009-03-10,0.0,0.0,0.0,0.0,0.0,0.0,0.0,0.0,0.0,0.0
2009-03-11,0.0,0.0,0.0,0.0,0.0,0.0,0.0,0.0,0.0,0.0
2009-03-12,0.0,0.0,0.0,0.0,0.0,0.0,0.0,0.0,0.0,0.0
2009-03-13,0.0,0.0,0.0,0.0,0.0,0.0,0.0,0.0,0.0,0.0
2009-03-16,0.0,0.0,0.0,0.0,0.0,0.0,0.0,0.0,0.0,0.0
2009-03-17,0.0,0.0,0.0,0.0,0.0,0.0,0.0,0.0,0.0,0.0
2009-03-18,0.0,0.0,0.0,0.0,0.0,0.0,0.0,0.0,0.0,0.0
2009-03-19,0.0,0.0,0.0,0.0,0.0,0.0,0.0,0.0,0.0,0.0
2009-03-20,0.0,0.0,0.0,0.0,0.0,0.0,0.0,0.0,0.0,0.0
2009-03-23,0.0,0.0,0.0,0.0,0.0,0.0,0.0,0.0,0.0,0.0
2009-03-24,0.0,0.0,0.0,0.0,0.0,0.0,0.0,0.0,0.0,0.0
2009-03-25,0.0,0.0,0.0,0.0,0.0,0.0,0.0,0.0,0.0,0.0
2009-03-26,0.0,0.0,0.0,0.0,0.0,0.0,0.0,0.0,0.0,0.0
2009-03-27,0.0,0.0,0.0,0.0,0.0,0.0,0.0,0.0,0.0,0.0
2009-03-30,0.0,0.0,0.0,0.0,0.0,0.0,0.0,0.0,0.0,0.0
2009-03-31,0.0,0.0,0.0,0.0,0.0,0.0,0.0,0.0,0.0,0.0
2009-04-01,0.0,0.0,0.0,0.0,0.0,0.0,0.0,0.0,0.0,0.0
2009-04-02,0.0,0.0,0.0,0.0,0.0,0.0,0.0,0.0,0.0,0.0
2009-04-03,0.0,0.0,0.0,0.0,0.0,0.0,0.0,0.0,0.0,0.0
2009-04-06,0.0,0.0,0.0,0.0,0.0,0.0,0.0,0.0,0.0,0.0
2009-04-07,0.0,0.0,0.0,0.0,0.0,0.0,0.0,0.0,0.0,0.0
2009-04-08,0.0,0.0,0.0,0.0,0.0,0.0,0.0,0.0,0.0,0.0
2009-04-09,0.0,0.0,0.0,0.0,0.0,0.0,0.0,0.0,0.0,0.0
2009-04-13,0.0,0.0,0.0,0.0,0.0,0.0,0.0,0.0,0.0,0.0
2009-04-14,0.0,0.0,0.0,0.0,0.0,0.0,0.0,0.0,0.0,0.0
2009-04-15,0.0,0.0,0.0,0.0,0.0,0.0,0.0,0.0,0.0,0.0
2009-04-16,0.0,3.19710298355757e-05,7.617599136511654e-06,0.0,7.87945897143262e-05,1.6666666666666665e-06,0.33,0.33,0.05,-0.00012004988535308021
2009-04-17,0.0005906188806622607,3.19710298355757e-05,6.127601826432426e-06,0.0,8.003026271159295e-05,0.0,0.33231203412342686,0.0,0.0,0.0004724899862886596
2009-04-20,0.0,0.0,0.0,0.0,0.0,0.0,0.0,0.0,0.0,0.0
2009-04-21,0.0,0.0,0.0,0.0,0.0,0.0,0.0,0.0,0.0,0.0
2009-04-22,0.0,7.590528280658873e-06,2.428962772785623e-06,0.0,1.3728705616242371e-05,7.142857142857143e-07,0.16999999999999998,0.16999999999999998,0.05,-2.446248238397258e-05
2009-04-23,0.0027409396381304863,1.4664104743299812e-05,5.946495181145924e-06,0.0,2.8127133986019125e-05,1.0884534957146586e-06,0.32162931312411813,0.15143009364003132,-0.03143009364003132,0.002691113450724307
2009-04-24,0.001574168788110103,1.484382698908097e-05,5.104160445268407e-06,0.0,5.846205355946319e-05,1.2537442178017653e-06,0.2552430205811516,0.16531451429534827,-0.04531451429534829,0.0014945050028984887
2009-04-27,0.0019109115290035213,8.972932681033068e-06,2.0795809037693255e-06,0.0,4.239221825859245e-05,0.0,0.16411763846812985,0.0,0.0,0.0018574667971601264
2009-04-28,0.0,1.5515736131754253e-05,3.6945185971805946e-06,0.0,5.1044432489814186e-05,7.142857142857143e-07,0.1229149716339371,0.1229149716339371,0.002914971633937098,-7.096897293303476e-05
2009-04-29,-0.003009613914986388,1.5515736131754253e-05,2.038541036577474e-06,0.0,5.557547475145596e-05,0.0,0.12846111640268015,0.0,0.0,-0.0030827436669061755
2009-04-30,0.0,3.2040146927009254e-05,5.473389456874818e-06,0.0,0.00010524197209041332,1.6666666666666665e-06,0.30431796712724746,0.30431796712724746,0.02431796712724748,-0.00014442217514096405
2009-05-01,0.007880039618857046,3.2040146927009254e-05,7.67916653467503e-06,0.0,0.00010868511393353759,0.0,0.3053617001469089,0.0,0.0,0.0077316351914618235
2009-05-04,0.0,1.3880998899310492e-05,3.5641407900374764e-06,0.0,3.4613950431764136e-05,1.3095238095238096e-06,0.17,0.17,-0.05,-5.336861393063592e-05
2009-05-05,0.002784361487995151,2.3479939183202922e-05,5.411986093178649e-06,0.0,7.353943755442486e-05,1.1944185936794955e-06,0.25147777807833394,0.16033116186907764,-0.040331161869077634,0.0026807357065706653
2009-05-06,0.0010248433424805841,1.1053626014066557e-05,2.481138363653023e-06,0.0,3.585772259867123e-05,0.0,0.15870416798896264,0.0,0.0,0.0009754508555041933
2009-05-07,0.0,0.0,0.0,0.0,0.0,0.0,0.0,0.0,0.0,0.0
2009-05-08,0.0,1.329954697276631e-05,2.2963932346723044e-06,0.0,5.4695909196372416e-05,7.142857142857143e-07,0.16999999999999998,0.16999999999999998,0.05,-7.100613511809676e-05
2009-05-11,-0.0006260160289308823,1.329954697276631e-05,4.171623212894661e-06,0.0,5.2628635192511685e-05,0.0,0.1643634131465448,0.0,0.0,-0.000696115834309055
2009-05-12,0.0,0.0,0.0,0.0,0.0,0.0,0.0,0.0,0.0,0.0
2009-05-13,0.0,0.0,0.0,0.0,0.0,0.0,0.0,0.0,0.0,0.0
2009-05-14,0.0,0.0,0.0,0.0,0.0,0.0,0.0,0.0,0.0,0.0
2009-05-15,0.0,0.0,0.0,0.0,0.0,0.0,0.0,0.0,0.0,0.0
2009-05-18,0.0,0.0,0.0,0.0,0.0,0.0,0.0,0.0,0.0,0.0
2009-05-19,0.0,0.0,0.0,0.0,0.0,0.0,0.0,0.0,0.0,0.0
2009-05-20,0.0,0.0,0.0,0.0,0.0,0.0,0.0,0.0,0.0,0.0
2009-05-21,0.0,0.0,0.0,0.0,0.0,0.0,0.0,0.0,0.0,0.0
2009-05-22,0.0,0.0,0.0,0.0,0.0,0.0,0.0,0.0,0.0,0.0
2009-05-26,0.0,0.0,0.0,0.0,0.0,0.0,0.0,0.0,0.0,0.0
2009-05-27,0.0,2.242400581284557e-06,1.6817051704738997e-06,0.0,2.558993808108871e-05,7.407897082055966e-07,0.12222633548927012,0.12222633548927012,-0.0022263354892701186,-3.0254833541052765e-05
2009-05-28,0.000732578614718034,2.242400581284557e-06,1.8091916829317503e-06,0.0,2.4730783953499616e-05,0.0,0.11955360243439767,0.0,0.0,0.000703796238500318
2009-05-29,0.0,0.0,0.0,0.0,0.0,0.0,0.0,0.0,0.0,0.0
2009-06-01,0.0,0.0,0.0,0.0,0.0,0.0,0.0,0.0,0.0,0.0
2009-06-02,0.0,0.0,0.0,0.0,0.0,0.0,0.0,0.0,0.0,0.0
2009-06-03,0.0,0.0,0.0,0.0,0.0,0.0,0.0,0.0,0.0,0.0
2009-06-04,0.0,0.0,0.0,0.0,0.0,0.0,0.0,0.0,0.0,0.0
2009-06-05,0.0,0.0,0.0,0.0,0.0,0.0,0.0,0.0,0.0,0.0
2009-06-08,0.0,0.0,0.0,0.0,0.0,0.0,0.0,0.0,0.0,0.0
2009-06-09,0.0,0.0,0.0,0.0,0.0,0.0,0.0,0.0,0.0,0.0
2009-06-10,0.0,0.0,0.0,0.0,0.0,0.0,0.0,0.0,0.0,0.0
2009-06-11,0.0,0.0,0.0,0.0,0.0,0.0,0.0,0.0,0.0,0.0
2009-06-12,0.0,0.0,0.0,0.0,0.0,0.0,0.0,0.0,0.0,0.0
2009-06-15,0.0,0.0,0.0,0.0,0.0,0.0,0.0,0.0,0.0,0.0
2009-06-16,0.0,0.0,0.0,0.0,0.0,0.0,0.0,0.0,0.0,0.0
2009-06-17,0.0,0.0,0.0,0.0,0.0,0.0,0.0,0.0,0.0,0.0
2009-06-18,0.0,0.0,0.0,0.0,0.0,0.0,0.0,0.0,0.0,0.0
2009-06-19,0.0,0.0,0.0,0.0,0.0,0.0,0.0,0.0,0.0,0.0
2009-06-22,0.0,0.0,0.0,0.0,0.0,0.0,0.0,0.0,0.0,0.0
2009-06-23,0.0,0.0,0.0,0.0,0.0,0.0,0.0,0.0,0.0,0.0
2009-06-24,0.0,0.0,0.0,0.0,0.0,0.0,0.0,0.0,0.0,0.0
2009-06-25,0.0,1.6725485057057566e-05,3.433613770551396e-06,0.0,4.21363307101008e-05,1.0443002282661713e-06,0.14772121917435838,0.14772121917435838,-0.02772121917435839,-6.333972976597593e-05
2009-06-26,0.0005344646198749785,1.6725485057057566e-05,3.0921433172010512e-06,0.0,4.280580739349104e-05,0.0,0.1470354304687331,0.0,0.0,0.00047184118410722884
2009-06-29,0.0,0.0,0.0,0.0,0.0,0.0,0.0,0.0,0.0,0.0
2009-06-30,0.0,0.0,0.0,0.0,0.0,0.0,0.0,0.0,0.0,0.0
2009-07-01,0.0,0.0,0.0,0.0,0.0,0.0,0.0,0.0,0.0,0.0
2009-07-02,0.0,0.0,0.0,0.0,0.0,0.0,0.0,0.0,0.0,0.0
2009-07-06,0.0,0.0,0.0,0.0,0.0,0.0,0.0,0.0,0.0,0.0
2009-07-07,0.0,0.0,0.0,0.0,0.0,0.0,0.0,0.0,0.0,0.0
2009-07-08,0.0,0.0,0.0,0.0,0.0,0.0,0.0,0.0,0.0,0.0
2009-07-09,0.0,0.0,0.0,0.0,0.0,0.0,0.0,0.0,0.0,0.0
2009-07-10,0.0,0.0,0.0,0.0,0.0,0.0,0.0,0.0,0.0,0.0
2009-07-13,0.0,0.0,0.0,0.0,0.0,0.0,0.0,0.0,0.0,0.0
2009-07-14,0.0,0.0,0.0,0.0,0.0,0.0,0.0,0.0,0.0,0.0
2009-07-15,0.0,0.0,0.0,0.0,0.0,0.0,0.0,0.0,0.0,0.0
2009-07-16,0.0,0.0,0.0,0.0,0.0,0.0,0.0,0.0,0.0,0.0
2009-07-17,0.0,0.0,0.0,0.0,0.0,0.0,0.0,0.0,0.0,0.0
2009-07-20,0.0,0.0,0.0,0.0,0.0,0.0,0.0,0.0,0.0,0.0
2009-07-21,0.0,0.0,0.0,0.0,0.0,0.0,0.0,0.0,0.0,0.0
2009-07-22,0.0,1.976039228837878e-05,4.718676118208477e-06,0.0,2.2985044846405887e-05,1.6666666666666665e-06,0.32999999999999996,0.32999999999999996,0.05,-4.913077991965981e-05
2009-07-23,0.0027957016486414485,2.2463738432579323e-05,8.357545494336233e-06,0.0,3.37955594995213e-05,7.142857142857143e-07,0.43581033707942735,0.13943309739368717,0.019433097393687187,0.002730370519500726
2009-07-24,0.0005081098715534111,3.3497693423273537e-06,2.349885360045038e-06,0.0,1.0813008758273544e-05,0.0,0.14032906864071196,0.0,0.0,0.0004915972080927652
2009-07-27,0.0,0.0,0.0,0.0,0.0,0.0,0.0,0.0,0.0,0.0
2009-07-28,0.0,3.1990832168410217e-06,1.786682584484097e-06,0.0,1.4555873068038105e-05,7.142857142857143e-07,0.12335759780592992,0.12335759780592992,0.003357597805929931,-2.0255924583648936e-05
2009-07-29,0.0009108770169258523,3.1990832168410217e-06,1.933275865042014e-06,0.0,1.4787716932832324e-05,0.0,0.12398545595493123,0.0,0.0,0.0008909569409111369
2009-07-30,0.0,3.819158787277468e-05,1.0636181373550874e-05,0.0,9.209810934499086e-05,3.5714285714285714e-06,0.65,0.65,0.050000000000000044,-0.000144497307162745
2009-07-31,9.785507485080255e-05,5.604285280531115e-05,1.6546808800101858e-05,0.0,0.00013677904860892498,1.4285714285714286e-06,0.8769910807288732,0.25362711341763516,0.013627113417635173,-0.00011294220679210687
2009-08-03,0.000498943232182736,1.8299279620239552e-05,4.938782772839133e-06,0.0,4.4239052606350965e-05,0.0,0.25380435723162953,0.0,0.0,0.00043146611718330633
2009-08-04,0.0,2.8376571716638933e-05,2.206099820026733e-06,0.0,3.6039127384559984e-05,7.142857142857143e-07,0.13861818147097832,0.13861818147097832,0.018618181470978337,-6.733608463551136e-05
2009-08-05,-0.0011915198272283328,2.8376571716638933e-05,5.936052162791275e-06,0.0,3.5626689459892445e-05,0.0,0.13605094512472968,0.0,0.0,-0.0012614591405676553
2009-08-06,0.0,1.636817665174278e-05,2.4453731979615526e-06,0.0,2.2693679252569008e-05,8.361784134099709e-07,0.13023898672643755,0.13023898672643755,-0.010238986726437551,-4.234340751568331e-05
2009-08-07,0.0010886478376182943,1.6368176651742774e-05,3.632652419572468e-06,0.0,2.3558802414661816e-05,0.0,0.133868287606768,0.0,0.0,0.0010450882061323172
2009-08-10,0.0,0.0,0.0,0.0,0.0,0.0,0.0,0.0,0.0,0.0
2009-08-11,0.0,0.0,0.0,0.0,0.0,0.0,0.0,0.0,0.0,0.0
2009-08-12,0.0,0.0,0.0,0.0,0.0,0.0,0.0,0.0,0.0,0.0
2009-08-13,0.0,0.0,0.0,0.0,0.0,0.0,0.0,0.0,0.0,0.0
2009-08-14,0.0,0.0,0.0,0.0,0.0,0.0,0.0,0.0,0.0,0.0
2009-08-17,0.0,0.0,0.0,0.0,0.0,0.0,0.0,0.0,0.0,0.0
2009-08-18,0.0,1.4726957691393629e-05,4.443457774935783e-06,0.0,9.337781179636976e-06,1.3095238095238096e-06,0.16999999999999998,0.16999999999999998,-0.05,-2.9817720455490198e-05
2009-08-19,-0.002019549655817234,1.4726957691393629e-05,2.330481857772916e-06,0.0,9.57339934806252e-06,0.0,0.1712101061482287,0.0,0.0,-0.0020461804947144633
2009-08-20,0.0,0.0,0.0,0.0,0.0,0.0,0.0,0.0,0.0,0.0
2009-08-21,0.0,0.0,0.0,0.0,0.0,0.0,0.0,0.0,0.0,0.0
2009-08-24,0.0,0.0,0.0,0.0,0.0,0.0,0.0,0.0,0.0,0.0
2009-08-25,0.0,0.0,0.0,0.0,0.0,0.0,0.0,0.0,0.0,0.0
2009-08-26,0.0,0.0,0.0,0.0,0.0,0.0,0.0,0.0,0.0,0.0
2009-08-27,0.0,0.0,0.0,0.0,0.0,0.0,0.0,0.0,0.0,0.0
2009-08-28,0.0,0.0,0.0,0.0,0.0,0.0,0.0,0.0,0.0,0.0
2009-08-31,0.0,0.0,0.0,0.0,0.0,0.0,0.0,0.0,0.0,0.0
2009-09-01,0.0,0.0,0.0,0.0,0.0,0.0,0.0,0.0,0.0,0.0
2009-09-02,0.0,0.0,0.0,0.0,0.0,0.0,0.0,0.0,0.0,0.0
2009-09-03,0.0,0.0,0.0,0.0,0.0,0.0,0.0,0.0,0.0,0.0
2009-09-04,0.0,0.0,0.0,0.0,0.0,0.0,0.0,0.0,0.0,0.0
2009-09-08,0.0,0.0,0.0,0.0,0.0,0.0,0.0,0.0,0.0,0.0
2009-09-09,0.0,0.0,0.0,0.0,0.0,0.0,0.0,0.0,0.0,0.0
2009-09-10,0.0,0.0,0.0,0.0,0.0,0.0,0.0,0.0,0.0,0.0
2009-09-11,0.0,0.0,0.0,0.0,0.0,0.0,0.0,0.0,0.0,0.0
2009-09-14,0.0,0.0,0.0,0.0,0.0,0.0,0.0,0.0,0.0,0.0
2009-09-15,0.0,0.0,0.0,0.0,0.0,0.0,0.0,0.0,0.0,0.0
2009-09-16,0.0,0.0,0.0,0.0,0.0,0.0,0.0,0.0,0.0,0.0
2009-09-17,0.0,0.0,0.0,0.0,0.0,0.0,0.0,0.0,0.0,0.0
2009-09-18,0.0,0.0,0.0,0.0,0.0,0.0,0.0,0.0,0.0,0.0
2009-09-21,0.0,0.0,0.0,0.0,0.0,0.0,0.0,0.0,0.0,0.0
2009-09-22,0.0,0.0,0.0,0.0,0.0,0.0,0.0,0.0,0.0,0.0
2009-09-23,0.0,0.0,0.0,0.0,0.0,0.0,0.0,0.0,0.0,0.0
2009-09-24,0.0,0.0,0.0,0.0,0.0,0.0,0.0,0.0,0.0,0.0
2009-09-25,0.0,0.0,0.0,0.0,0.0,0.0,0.0,0.0,0.0,0.0
2009-09-28,0.0,0.0,0.0,0.0,0.0,0.0,0.0,0.0,0.0,0.0
2009-09-29,0.0,0.0,0.0,0.0,0.0,0.0,0.0,0.0,0.0,0.0
2009-09-30,0.0,0.0,0.0,0.0,0.0,0.0,0.0,0.0,0.0,0.0
2009-10-01,0.0,0.0,0.0,0.0,0.0,0.0,0.0,0.0,0.0,0.0
2009-10-02,0.0,0.0,0.0,0.0,0.0,0.0,0.0,0.0,0.0,0.0
2009-10-05,0.0,0.0,0.0,0.0,0.0,0.0,0.0,0.0,0.0,0.0
2009-10-06,0.0,0.0,0.0,0.0,0.0,0.0,0.0,0.0,0.0,0.0
2009-10-07,0.0,0.0,0.0,0.0,0.0,0.0,0.0,0.0,0.0,0.0
2009-10-08,0.0,0.0,0.0,0.0,0.0,0.0,0.0,0.0,0.0,0.0
2009-10-09,0.0,0.0,0.0,0.0,0.0,0.0,0.0,0.0,0.0,0.0
2009-10-12,0.0,0.0,0.0,0.0,0.0,0.0,0.0,0.0,0.0,0.0
2009-10-13,0.0,0.0,0.0,0.0,0.0,0.0,0.0,0.0,0.0,0.0
2009-10-14,0.0,9.007731827772404e-06,2.054084860173578e-06,0.0,7.406890911098736e-06,7.142857142857143e-07,0.17,0.17,0.05000000000000001,-1.9182993313330433e-05
2009-10-15,0.0010016096373432054,9.007731827772404e-06,3.8189089054258005e-06,0.0,7.629939777138063e-06,0.0,0.1710016096373432,0.0,0.0,0.0009811530568328692
2009-10-16,0.0,0.0,0.0,0.0,0.0,0.0,0.0,0.0,0.0,0.0
2009-10-19,0.0,0.0,0.0,0.0,0.0,0.0,0.0,0.0,0.0,0.0
2009-10-20,0.0,7.5165261463667065e-06,3.6473718536544065e-06,0.0,2.9318076879030105e-05,1.3095238095238096e-06,0.16999999999999998,0.16999999999999998,-0.05,-4.179149868857503e-05
2009-10-21,0.0011035564125120754,7.5165261463667065e-06,1.932936924976456e-06,0.0,2.773770138563075e-05,0.0,0.16701601928662002,0.0,0.0,0.0010663692480551014
2009-10-22,0.0,4.3809614110979305e-06,1.9537010359901435e-06,0.0,1.2472677814993615e-05,7.142857142857143e-07,0.14222976097747592,0.14222976097747592,0.022229760977475914,-1.9521625976367402e-05
2009-10-23,0.0007896300380354753,4.3809614110979305e-06,2.4170533354752316e-06,0.0,1.232538677582203e-05,0.0,0.14077139815199666,0.0,0.0,0.0007705066365130801
2009-10-26,0.0,0.0,0.0,0.0,0.0,0.0,0.0,0.0,0.0,0.0
2009-10-27,0.0,2.106142071819144e-05,5.650227789614484e-06,0.0,4.3280439427247837e-05,1.6666666666666665e-06,0.32999999999999996,0.32999999999999996,0.05,-7.165875460172042e-05
2009-10-28,0.0008216158660253427,2.106142071819144e-05,6.185553834634087e-06,0.0,4.1640895532410083e-05,0.0,0.321537838304062,0.0,0.0,0.0007527279959401071
2009-10-29,0.0,3.2163369834087885e-05,1.0328353090974927e-05,0.0,7.038132214007227e-05,3.333333333333333e-06,0.6099999999999999,0.6099999999999999,0.050000000000000044,-0.00011620637839846842
2009-10-30,-0.0029581106282179984,3.2163369834087885e-05,1.0355330442628689e-05,0.0,6.810543661442193e-05,0.0,0.5905894941887581,0.0,0.0,-0.0030687347651091367
2009-11-02,0.0,0.0,0.0,0.0,0.0,0.0,0.0,0.0,0.0,0.0
2009-11-03,0.0,0.0,0.0,0.0,0.0,0.0,0.0,0.0,0.0,0.0
2009-11-04,0.0,0.0,0.0,0.0,0.0,0.0,0.0,0.0,0.0,0.0
2009-11-05,0.0,1.103814707305333e-05,2.6266230722540347e-06,0.0,2.5849680934396687e-05,9.523809523809523e-07,0.16667660711945687,0.16667660711945687,0.006676607119456887,-4.046683203208501e-05
2009-11-06,0.0003905845493111252,1.672375747342283e-05,5.582752328886468e-06,0.0,4.045515242103694e-05,7.142857142857143e-07,0.32373454924657524,0.16999999999999998,0.04999999999999999,0.0003271086013734932
2009-11-09,0.0011072362456098636,5.8876257443772765e-06,3.1046727153873947e-06,0.0,1.4742791750599848e-05,0.0,0.17351103171213594,0.0,0.0,0.001083501155399499
2009-11-10,0.0,0.0,0.0,0.0,0.0,0.0,0.0,0.0,0.0,0.0
2009-11-11,0.0,0.0,0.0,0.0,0.0,0.0,0.0,0.0,0.0,0.0
2009-11-12,0.0,0.0,0.0,0.0,0.0,0.0,0.0,0.0,0.0,0.0
2009-11-13,0.0,0.0,0.0,0.0,0.0,0.0,0.0,0.0,0.0,0.0
2009-11-16,0.0,0.0,0.0,0.0,0.0,0.0,0.0,0.0,0.0,0.0
2009-11-17,0.0,0.0,0.0,0.0,0.0,0.0,0.0,0.0,0.0,0.0
2009-11-18,0.0,0.0,0.0,0.0,0.0,0.0,0.0,0.0,0.0,0.0
2009-11-19,0.0,0.0,0.0,0.0,0.0,0.0,0.0,0.0,0.0,0.0
2009-11-20,0.0,0.0,0.0,0.0,0.0,0.0,0.0,0.0,0.0,0.0
2009-11-23,0.0,0.0,0.0,0.0,0.0,0.0,0.0,0.0,0.0,0.0
2009-11-24,0.0,0.0,0.0,0.0,0.0,0.0,0.0,0.0,0.0,0.0
2009-11-25,0.0,0.0,0.0,0.0,0.0,0.0,0.0,0.0,0.0,0.0
2009-11-30,0.0,0.0,0.0,0.0,0.0,0.0,0.0,0.0,0.0,0.0
2009-12-01,0.0,0.0,0.0,0.0,0.0,0.0,0.0,0.0,0.0,0.0
2009-12-02,0.0,0.0,0.0,0.0,0.0,0.0,0.0,0.0,0.0,0.0
2009-12-03,0.0,0.0,0.0,0.0,0.0,0.0,0.0,0.0,0.0,0.0
2009-12-04,0.0,0.0,0.0,0.0,0.0,0.0,0.0,0.0,0.0,0.0
2009-12-07,0.0,0.0,0.0,0.0,0.0,0.0,0.0,0.0,0.0,0.0
2009-12-08,0.0,0.0,0.0,0.0,0.0,0.0,0.0,0.0,0.0,0.0
2009-12-09,0.0,0.0,0.0,0.0,0.0,0.0,0.0,0.0,0.0,0.0
2009-12-10,0.0,0.0,0.0,0.0,0.0,0.0,0.0,0.0,0.0,0.0
2009-12-11,0.0,0.0,0.0,0.0,0.0,0.0,0.0,0.0,0.0,0.0
2009-12-14,0.0,0.0,0.0,0.0,0.0,0.0,0.0,0.0,0.0,0.0
2009-12-15,0.0,0.0,0.0,0.0,0.0,0.0,0.0,0.0,0.0,0.0
2009-12-16,0.0,0.0,0.0,0.0,0.0,0.0,0.0,0.0,0.0,0.0
2009-12-17,0.0,0.0,0.0,0.0,0.0,0.0,0.0,0.0,0.0,0.0
2009-12-18,0.0,0.0,0.0,0.0,0.0,0.0,0.0,0.0,0.0,0.0
2009-12-21,0.0,0.0,0.0,0.0,0.0,0.0,0.0,0.0,0.0,0.0
2009-12-22,0.0,0.0,0.0,0.0,0.0,0.0,0.0,0.0,0.0,0.0
2009-12-23,0.0,0.0,0.0,0.0,0.0,0.0,0.0,0.0,0.0,0.0
2009-12-24,0.0,0.0,0.0,0.0,0.0,0.0,0.0,0.0,0.0,0.0
2009-12-28,0.0,0.0,0.0,0.0,0.0,0.0,0.0,0.0,0.0,0.0
2009-12-29,0.0,0.0,0.0,0.0,0.0,0.0,0.0,0.0,0.0,0.0
2009-12-30,0.0,0.0,0.0,0.0,0.0,0.0,0.0,0.0,0.0,0.0
2009-12-31,0.0,0.0,0.0,0.0,0.0,0.0,0.0,0.0,0.0,0.0
2010-01-04,0.0,0.0,0.0,0.0,0.0,0.0,0.0,0.0,0.0,0.0
2010-01-05,0.0,0.0,0.0,0.0,0.0,0.0,0.0,0.0,0.0,0.0
2010-01-06,0.0,0.0,0.0,0.0,0.0,0.0,0.0,0.0,0.0,0.0
2010-01-07,0.0,0.0,0.0,0.0,0.0,0.0,0.0,0.0,0.0,0.0
2010-01-08,0.0,0.0,0.0,0.0,0.0,0.0,0.0,0.0,0.0,0.0
2010-01-11,0.0,0.0,0.0,0.0,0.0,0.0,0.0,0.0,0.0,0.0
2010-01-12,0.0,0.0,0.0,0.0,0.0,0.0,0.0,0.0,0.0,0.0
2010-01-13,0.0,0.0,0.0,0.0,0.0,0.0,0.0,0.0,0.0,0.0
2010-01-14,0.0,0.0,0.0,0.0,0.0,0.0,0.0,0.0,0.0,0.0
2010-01-15,0.0,0.0,0.0,0.0,0.0,0.0,0.0,0.0,0.0,0.0
2010-01-19,0.0,0.0,0.0,0.0,0.0,0.0,0.0,0.0,0.0,0.0
2010-01-20,0.0,1.3686289140728833e-05,3.856138794517901e-06,0.0,1.3631954231991487e-05,1.26019234446608e-06,0.18585615693515073,0.18585615693515073,-0.025856156935150736,-3.24345745117043e-05
2010-01-21,0.003132360106647355,1.3686289140728833e-05,3.165748538420775e-06,0.0,1.3342765596603453e-05,0.0,0.18357035767506424,0.0,0.0,0.0031021653033716018
2010-01-22,0.0,0.0,0.0,0.0,0.0,0.0,0.0,0.0,0.0,0.0
2010-01-25,0.0,0.0,0.0,0.0,0.0,0.0,0.0,0.0,0.0,0.0
2010-01-26,0.0,2.7304362615741336e-05,6.458673196616234e-06,0.0,3.4870828613626644e-05,1.4285714285714286e-06,0.29000000000000004,0.29000000000000004,0.05000000000000001,-7.006243585455563e-05
2010-01-27,0.0002902814002863382,2.7304362615741336e-05,5.486014893466337e-06,0.0,3.555203433112858e-05,0.0,0.29176273384508944,0.0,0.0,0.00022193898844600194
2010-01-28,0.0,1.2866204900433272e-05,6.063354006769073e-06,0.0,2.0095406350832882e-05,2.1618349373326974e-06,0.32159413473594656,0.32159413473594656,-0.041594134735946586,-4.118680019536793e-05
2010-01-29,0.0022547820267217926,1.9766853777637574e-05,6.4216182771638625e-06,0.0,3.6132910566941556e-05,7.518070134517755e-07,0.4351633555660583,0.12315178912994913,-0.003151789129949142,0.002191708837086598
2010-02-01,-0.0003216542118226412,6.995025594757366e-06,2.1316365266139725e-06,0.0,1.6598623596672187e-05,0.0,0.12517396294498387,0.0,0.0,-0.0003473794975406847
2010-02-02,0.0,0.0,0.0,0.0,0.0,0.0,0.0,0.0,0.0,0.0
2010-02-03,0.0,1.0549636444150513e-05,4.0711313024430805e-06,0.0,5.868819137899772e-06,1.2605178563477217e-06,0.1658834999332086,0.1658834999332086,-0.04588349993320862,-2.1750104740841085e-05
2010-02-04,0.0018555082649426727,3.652637229835788e-05,8.919403484810025e-06,0.0,5.320338734894686e-05,2.3809523809523808e-06,0.6111696000598743,0.44999999999999996,0.05,0.0017544781494296055
2010-02-05,-0.0032407605612644022,2.5976735854207374e-05,8.769906877578743e-06,0.0,5.039881186573449e-05,0.0,0.4507898662860492,0.0,0.0,-0.003325906015861923
2010-02-08,0.0,0.0,0.0,0.0,0.0,0.0,0.0,0.0,0.0,0.0
2010-02-09,0.0,1.0674028121894417e-05,2.5191722845369484e-06,0.0,3.0180250547659926e-05,7.142857142857143e-07,0.12826806148523975,0.12826806148523975,0.008268061485239748,-4.408773666837701e-05
2010-02-10,-0.0014004128150302859,1.0674028121894416e-05,2.524852525450209e-06,0.0,3.072880747628983e-05,0.0,0.12940011620267697,0.0,0.0,-0.0014443405031539203
2010-02-11,0.0,0.0,0.0,0.0,0.0,0.0,0.0,0.0,0.0,0.0
2010-02-12,0.0,0.0,0.0,0.0,0.0,0.0,0.0,0.0,0.0,0.0
2010-02-16,0.0,0.0,0.0,0.0,0.0,0.0,0.0,0.0,0.0,0.0
2010-02-17,0.0,1.9574548331887946e-06,1.6054157513366219e-06,0.0,1.582611804010637e-05,7.142857142857143e-07,0.13751917933203725,0.13751917933203725,0.017519179332037248,-2.01032743389175e-05
2010-02-18,-0.0003745689460861702,1.2369378907835812e-05,6.419384207472221e-06,0.0,3.064137926150606e-05,1.5476190476190479e-06,0.348808268323924,0.21,-0.05,-0.00042554670751060333
2010-02-19,0.0010000710863172092,1.0411924074647016e-05,2.973615017544775e-06,0.0,1.4854098086215782e-05,0.0,0.20994760907162946,0.0,0.0,0.0009718314491388016
2010-02-22,0.0,0.0,0.0,0.0,0.0,0.0,0.0,0.0,0.0,0.0
2010-02-23,0.0,0.0,0.0,0.0,0.0,0.0,0.0,0.0,0.0,0.0
2010-02-24,0.0,0.0,0.0,0.0,0.0,0.0,0.0,0.0,0.0,0.0
2010-02-25,0.0,0.0,0.0,0.0,0.0,0.0,0.0,0.0,0.0,0.0
2010-02-26,0.0,0.0,0.0,0.0,0.0,0.0,0.0,0.0,0.0,0.0
2010-03-01,0.0,0.0,0.0,0.0,0.0,0.0,0.0,0.0,0.0,0.0
2010-03-02,0.0,1.2488664518946466e-05,3.2126039468565677e-06,0.0,1.8118499056634032e-05,1.1853913687242775e-06,0.15957287497283928,0.15957287497283928,-0.039572874972839296,-3.5005158891161344e-05
2010-03-03,-0.0005942772423524115,1.2488664518946466e-05,2.9234477536542357e-06,0.0,1.757691420836097e-05,0.0,0.15924609958361274,0.0,0.0,-0.0006272662688333732
2010-03-04,0.0,0.0,0.0,0.0,0.0,0.0,0.0,0.0,0.0,0.0
2010-03-05,0.0,0.0,0.0,0.0,0.0,0.0,0.0,0.0,0.0,0.0
2010-03-08,0.0,0.0,0.0,0.0,0.0,0.0,0.0,0.0,0.0,0.0
2010-03-09,0.0,0.0,0.0,0.0,0.0,0.0,0.0,0.0,0.0,0.0
2010-03-10,0.0,0.0,0.0,0.0,0.0,0.0,0.0,0.0,0.0,0.0
2010-03-11,0.0,0.0,0.0,0.0,0.0,0.0,0.0,0.0,0.0,0.0
2010-03-12,0.0,0.0,0.0,0.0,0.0,0.0,0.0,0.0,0.0,0.0
2010-03-15,0.0,0.0,0.0,0.0,0.0,0.0,0.0,0.0,0.0,0.0
2010-03-16,0.0,0.0,0.0,0.0,0.0,0.0,0.0,0.0,0.0,0.0
2010-03-17,0.0,0.0,0.0,0.0,0.0,0.0,0.0,0.0,0.0,0.0
2010-03-18,0.0,0.0,0.0,0.0,0.0,0.0,0.0,0.0,0.0,0.0
2010-03-19,0.0,0.0,0.0,0.0,0.0,0.0,0.0,0.0,0.0,0.0
2010-03-22,0.0,0.0,0.0,0.0,0.0,0.0,0.0,0.0,0.0,0.0
2010-03-23,0.0,0.0,0.0,0.0,0.0,0.0,0.0,0.0,0.0,0.0
2010-03-24,0.0,0.0,0.0,0.0,0.0,0.0,0.0,0.0,0.0,0.0
2010-03-25,0.0,0.0,0.0,0.0,0.0,0.0,0.0,0.0,0.0,0.0
2010-03-26,0.0,0.0,0.0,0.0,0.0,0.0,0.0,0.0,0.0,0.0
2010-03-29,0.0,0.0,0.0,0.0,0.0,0.0,0.0,0.0,0.0,0.0
2010-03-30,0.0,0.0,0.0,0.0,0.0,0.0,0.0,0.0,0.0,0.0
2010-03-31,0.0,0.0,0.0,0.0,0.0,0.0,0.0,0.0,0.0,0.0
2010-04-01,0.0,0.0,0.0,0.0,0.0,0.0,0.0,0.0,0.0,0.0
2010-04-05,0.0,0.0,0.0,0.0,0.0,0.0,0.0,0.0,0.0,0.0
2010-04-06,0.0,0.0,0.0,0.0,0.0,0.0,0.0,0.0,0.0,0.0
2010-04-07,0.0,0.0,0.0,0.0,0.0,0.0,0.0,0.0,0.0,0.0
2010-04-08,0.0,0.0,0.0,0.0,0.0,0.0,0.0,0.0,0.0,0.0
2010-04-09,0.0,0.0,0.0,0.0,0.0,0.0,0.0,0.0,0.0,0.0
2010-04-12,0.0,0.0,0.0,0.0,0.0,0.0,0.0,0.0,0.0,0.0
2010-04-13,0.0,0.0,0.0,0.0,0.0,0.0,0.0,0.0,0.0,0.0
2010-04-14,0.0,0.0,0.0,0.0,0.0,0.0,0.0,0.0,0.0,0.0
2010-04-15,0.0,0.0,0.0,0.0,0.0,0.0,0.0,0.0,0.0,0.0
2010-04-16,0.0,0.0,0.0,0.0,0.0,0.0,0.0,0.0,0.0,0.0
2010-04-19,0.0,3.8660682032899174e-06,2.691614412620701e-06,0.0,1.1075214468127919e-05,1.1470100204189079e-06,0.15634884171518826,0.15634884171518826,-0.036348841715188276,-1.8779907104457443e-05
2010-04-20,0.0001502474010810848,1.9002866143659177e-05,6.282535316268947e-06,0.0,2.4317997671558358e-05,1.4285714285714286e-06,0.44841832525581116,0.29000000000000004,0.05000000000000002,9.921543052102689e-05
2010-04-21,0.0008718226580093376,2.085960591160013e-05,8.844270627381152e-06,0.0,2.022791196663606e-05,1.154855887028272e-06,0.4484222144215626,0.15700789451037483,-0.03700789451037483,0.000820736013616692
2010-04-22,0.00043437256861858547,5.7228079712308706e-06,1.814812848726602e-06,0.0,7.626544669413713e-06,0.0,0.1561369598680864,0.0,0.0,0.00041920840312921427
2010-04-23,0.0,5.344585617614371e-06,2.786652190033185e-06,0.0,7.614507051606603e-06,1.0920991929638766e-06,0.17173633220896561,0.17173633220896561,-0.011736332208965649,-1.6837844052218033e-05
2010-04-26,0.00020795090336603648,5.344585617614369e-06,2.46003345198491e-06,0.0,7.388752750245481e-06,0.0,0.16749224026011117,0.0,0.0,0.00019275753154619172
2010-04-27,0.0,0.0,0.0,0.0,0.0,0.0,0.0,0.0,0.0,0.0
2010-04-28,0.0,6.483234624680719e-06,3.7656464035542254e-06,0.0,2.1575118889717765e-05,1.4285714285714286e-06,0.29000000000000004,0.29000000000000004,0.04999999999999999,-3.3252571346524135e-05
2010-04-29,-3.9775620118802185e-05,2.617733326949383e-05,1.0655295393566855e-05,0.0,5.8142426551942476e-05,2.3809523809523808e-06,0.6488740797468072,0.4456606167296846,0.045660616729684564,-0.00013713162771475772
2010-04-30,0.0006525442351091143,2.090405205268816e-05,7.738070454760601e-06,0.0,3.6326405179538525e-05,0.0,0.44101548338998997,0.0,0.0,0.000587575707422127
2010-05-03,0.0,0.0,0.0,0.0,0.0,0.0,0.0,0.0,0.0,0.0
2010-05-04,0.0,1.8313050605053055e-05,6.980644189659553e-06,0.0,3.2911440691635694e-05,2.7380952380952382e-06,0.41000000000000003,0.41000000000000003,-0.05000000000000001,-6.0943230724443534e-05
2010-05-05,0.0020032990241046584,1.8313050605053055e-05,6.530568554750127e-06,0.0,3.215787367602113e-05,0.0,0.40509364660002195,0.0,0.0,0.001946297531268834
2010-05-06,0.0,0.0,0.0,0.0,0.0,0.0,0.0,0.0,0.0,0.0
2010-05-07,0.0,0.0,0.0,0.0,0.0,0.0,0.0,0.0,0.0,0.0
2010-05-10,0.0,0.0,0.0,0.0,0.0,0.0,0.0,0.0,0.0,0.0
2010-05-11,0.0,0.0,0.0,0.0,0.0,0.0,0.0,0.0,0.0,0.0
2010-05-12,0.0,0.0,0.0,0.0,0.0,0.0,0.0,0.0,0.0,0.0
2010-05-13,0.0,0.0,0.0,0.0,0.0,0.0,0.0,0.0,0.0,0.0
2010-05-14,0.0,0.0,0.0,0.0,0.0,0.0,0.0,0.0,0.0,0.0
2010-05-17,0.0,0.0,0.0,0.0,0.0,0.0,0.0,0.0,0.0,0.0
2010-05-18,0.0,0.0,0.0,0.0,0.0,0.0,0.0,0.0,0.0,0.0
2010-05-19,0.0,0.0,0.0,0.0,0.0,0.0,0.0,0.0,0.0,0.0
2010-05-20,0.0,0.0,0.0,0.0,0.0,0.0,0.0,0.0,0.0,0.0
2010-05-21,0.0,0.0,0.0,0.0,0.0,0.0,0.0,0.0,0.0,0.0
2010-05-24,0.0,0.0,0.0,0.0,0.0,0.0,0.0,0.0,0.0,0.0
2010-05-25,0.0,0.0,0.0,0.0,0.0,0.0,0.0,0.0,0.0,0.0
2010-05-26,0.0,0.0,0.0,0.0,0.0,0.0,0.0,0.0,0.0,0.0
2010-05-27,0.0,0.0,0.0,0.0,0.0,0.0,0.0,0.0,0.0,0.0
2010-05-28,0.0,0.0,0.0,0.0,0.0,0.0,0.0,0.0,0.0,0.0
2010-06-01,0.0,0.0,0.0,0.0,0.0,0.0,0.0,0.0,0.0,0.0
2010-06-02,0.0,0.0,0.0,0.0,0.0,0.0,0.0,0.0,0.0,0.0
2010-06-03,0.0,0.0,0.0,0.0,0.0,0.0,0.0,0.0,0.0,0.0
2010-06-04,0.0,0.0,0.0,0.0,0.0,0.0,0.0,0.0,0.0,0.0
2010-06-07,0.0,0.0,0.0,0.0,0.0,0.0,0.0,0.0,0.0,0.0
2010-06-08,0.0,0.0,0.0,0.0,0.0,0.0,0.0,0.0,0.0,0.0
2010-06-09,0.0,0.0,0.0,0.0,0.0,0.0,0.0,0.0,0.0,0.0
2010-06-10,0.0,0.0,0.0,0.0,0.0,0.0,0.0,0.0,0.0,0.0
2010-06-11,0.0,0.0,0.0,0.0,0.0,0.0,0.0,0.0,0.0,0.0
2010-06-14,0.0,0.0,0.0,0.0,0.0,0.0,0.0,0.0,0.0,0.0
2010-06-15,0.0,0.0,0.0,0.0,0.0,0.0,0.0,0.0,0.0,0.0
2010-06-16,0.0,0.0,0.0,0.0,0.0,0.0,0.0,0.0,0.0,0.0
2010-06-17,0.0,0.0,0.0,0.0,0.0,0.0,0.0,0.0,0.0,0.0
2010-06-18,0.0,0.0,0.0,0.0,0.0,0.0,0.0,0.0,0.0,0.0
2010-06-21,0.0,0.0,0.0,0.0,0.0,0.0,0.0,0.0,0.0,0.0
2010-06-22,0.0,0.0,0.0,0.0,0.0,0.0,0.0,0.0,0.0,0.0
2010-06-23,0.0,0.0,0.0,0.0,0.0,0.0,0.0,0.0,0.0,0.0
2010-06-24,0.0,0.0,0.0,0.0,0.0,0.0,0.0,0.0,0.0,0.0
2010-06-25,0.0,0.0,0.0,0.0,0.0,0.0,0.0,0.0,0.0,0.0
2010-06-28,0.0,0.0,0.0,0.0,0.0,0.0,0.0,0.0,0.0,0.0
2010-06-29,0.0,0.0,0.0,0.0,0.0,0.0,0.0,0.0,0.0,0.0
2010-06-30,0.0,0.0,0.0,0.0,0.0,0.0,0.0,0.0,0.0,0.0
2010-07-01,0.0,0.0,0.0,0.0,0.0,0.0,0.0,0.0,0.0,0.0
2010-07-02,0.0,0.0,0.0,0.0,0.0,0.0,0.0,0.0,0.0,0.0
2010-07-06,0.0,0.0,0.0,0.0,0.0,0.0,0.0,0.0,0.0,0.0
2010-07-07,0.0,0.0,0.0,0.0,0.0,0.0,0.0,0.0,0.0,0.0
2010-07-08,0.0,0.0,0.0,0.0,0.0,0.0,0.0,0.0,0.0,0.0
2010-07-09,0.0,0.0,0.0,0.0,0.0,0.0,0.0,0.0,0.0,0.0
2010-07-12,0.0,0.0,0.0,0.0,0.0,0.0,0.0,0.0,0.0,0.0
2010-07-13,0.0,0.0,0.0,0.0,0.0,0.0,0.0,0.0,0.0,0.0
2010-07-14,0.0,0.0,0.0,0.0,0.0,0.0,0.0,0.0,0.0,0.0
2010-07-15,0.0,0.0,0.0,0.0,0.0,0.0,0.0,0.0,0.0,0.0
2010-07-16,0.0,3.5473092123586675e-06,3.0553404296008037e-06,0.0,9.893001182709832e-06,1.3095238095238098e-06,0.16999999999999998,0.16999999999999998,-0.05,-1.7805174634193113e-05
2010-07-19,-0.0001622590702745058,3.5473092123586666e-06,1.9147939119614094e-06,0.0,9.988806261126622e-06,0.0,0.17072619092850827,0.0,0.0,-0.0001777099796599525
2010-07-20,0.0,0.0,0.0,0.0,0.0,0.0,0.0,0.0,0.0,0.0
2010-07-21,0.0,7.100348908943699e-06,2.052519846350832e-06,0.0,1.1114328673893251e-05,7.142857142857143e-07,0.16999999999999998,0.16999999999999998,0.05,-2.0981483143473496e-05
2010-07-22,0.002856511726054113,3.5073261853136486e-05,7.212563811153348e-06,0.0,3.676906511631067e-05,9.523809523809523e-07,0.24862038320009217,0.21000000000000002,0.05,0.0027765044543211314
2010-07-23,0.0005073960789375145,5.538950734567425e-05,1.124965190672062e-05,0.0,5.729896855358139e-05,2.2619047619047617e-06,0.541883740164959,0.32999999999999996,-0.05000000000000002,0.0003811960463696335
2010-07-26,-0.00028553342463030935,2.5469680383805942e-05,6.206010227972326e-06,0.0,3.112056380753995e-05,0.0,0.33349771063805944,0.0,0.0,-0.0003483296790496276
2010-07-27,0.0,2.3391046500623725e-05,5.524535759145877e-06,0.0,3.148294226159047e-05,2.023809523809524e-06,0.29000000000000004,0.29000000000000004,-0.05000000000000003,-6.24223340451696e-05
2010-07-28,-0.00019204060273533832,3.653684614664689e-05,9.931756818392324e-06,0.0,5.671931289470674e-05,2.976190476190476e-06,0.5393133575789995,0.4499999999999999,-0.04999999999999996,-0.0002982047090712747
2010-07-29,-0.004623848518461901,3.8322585623770645e-05,1.4081016926971599e-05,0.0,6.157289454618113e-05,1.9047619047619045e-06,0.8273115154184644,0.37,0.04999999999999999,-0.004739729777463586
2010-07-30,-0.0014752722994331613,2.491419904056362e-05,6.922665852400879e-06,0.0,4.429046103613924e-05,7.142857142857143e-07,0.4451328701526766,0.1670315105857507,0.04703151058575069,-0.0015521139110765507
2010-08-02,0.0007627680299613349,3.954031066387336e-06,3.1057001281609378e-06,0.0,8.452674335898525e-06,0.0,0.1691122476470408,0.0,0.0,0.0007472556244308881
2010-08-03,0.0,0.0,0.0,0.0,0.0,0.0,0.0,0.0,0.0,0.0
2010-08-04,0.0,0.0,0.0,0.0,0.0,0.0,0.0,0.0,0.0,0.0
2010-08-05,0.0,0.0,0.0,0.0,0.0,0.0,0.0,0.0,0.0,0.0
2010-08-06,0.0,0.0,0.0,0.0,0.0,0.0,0.0,0.0,0.0,0.0
2010-08-09,0.0,0.0,0.0,0.0,0.0,0.0,0.0,0.0,0.0,0.0
2010-08-10,0.0,0.0,0.0,0.0,0.0,0.0,0.0,0.0,0.0,0.0
2010-08-11,0.0,0.0,0.0,0.0,0.0,0.0,0.0,0.0,0.0,0.0
2010-08-12,0.0,0.0,0.0,0.0,0.0,0.0,0.0,0.0,0.0,0.0
2010-08-13,0.0,0.0,0.0,0.0,0.0,0.0,0.0,0.0,0.0,0.0
2010-08-16,0.0,0.0,0.0,0.0,0.0,0.0,0.0,0.0,0.0,0.0
2010-08-17,0.0,0.0,0.0,0.0,0.0,0.0,0.0,0.0,0.0,0.0
2010-08-18,0.0,0.0,0.0,0.0,0.0,0.0,0.0,0.0,0.0,0.0
2010-08-19,0.0,0.0,0.0,0.0,0.0,0.0,0.0,0.0,0.0,0.0
2010-08-20,0.0,0.0,0.0,0.0,0.0,0.0,0.0,0.0,0.0,0.0
2010-08-23,0.0,0.0,0.0,0.0,0.0,0.0,0.0,0.0,0.0,0.0
2010-08-24,0.0,0.0,0.0,0.0,0.0,0.0,0.0,0.0,0.0,0.0
2010-08-25,0.0,0.0,0.0,0.0,0.0,0.0,0.0,0.0,0.0,0.0
2010-08-26,0.0,0.0,0.0,0.0,0.0,0.0,0.0,0.0,0.0,0.0
2010-08-27,0.0,0.0,0.0,0.0,0.0,0.0,0.0,0.0,0.0,0.0
2010-08-30,0.0,0.0,0.0,0.0,0.0,0.0,0.0,0.0,0.0,0.0
2010-08-31,0.0,0.0,0.0,0.0,0.0,0.0,0.0,0.0,0.0,0.0
2010-09-01,0.0,0.0,0.0,0.0,0.0,0.0,0.0,0.0,0.0,0.0
2010-09-02,0.0,0.0,0.0,0.0,0.0,0.0,0.0,0.0,0.0,0.0
2010-09-03,0.0,0.0,0.0,0.0,0.0,0.0,0.0,0.0,0.0,0.0
2010-09-07,0.0,0.0,0.0,0.0,0.0,0.0,0.0,0.0,0.0,0.0
2010-09-08,0.0,0.0,0.0,0.0,0.0,0.0,0.0,0.0,0.0,0.0
2010-09-09,0.0,0.0,0.0,0.0,0.0,0.0,0.0,0.0,0.0,0.0
2010-09-10,0.0,0.0,0.0,0.0,0.0,0.0,0.0,0.0,0.0,0.0
2010-09-13,0.0,0.0,0.0,0.0,0.0,0.0,0.0,0.0,0.0,0.0
2010-09-14,0.0,0.0,0.0,0.0,0.0,0.0,0.0,0.0,0.0,0.0
2010-09-15,0.0,0.0,0.0,0.0,0.0,0.0,0.0,0.0,0.0,0.0
2010-09-16,0.0,0.0,0.0,0.0,0.0,0.0,0.0,0.0,0.0,0.0
2010-09-17,0.0,0.0,0.0,0.0,0.0,0.0,0.0,0.0,0.0,0.0
2010-09-20,0.0,0.0,0.0,0.0,0.0,0.0,0.0,0.0,0.0,0.0
2010-09-21,0.0,3.739409324953618e-06,2.8946392617965064e-06,0.0,9.740210334887004e-06,1.3095238095238096e-06,0.16999999999999998,0.16999999999999998,-0.05,-1.768378273116094e-05
2010-09-22,-0.0015932043597053044,3.739409324953618e-06,2.081432723562654e-06,0.0,9.866393793944112e-06,0.0,0.16990914534567148,0.0,0.0,-0.0016088915955477648
2010-09-23,0.0,0.0,0.0,0.0,0.0,0.0,0.0,0.0,0.0,0.0
2010-09-24,0.0,0.0,0.0,0.0,0.0,0.0,0.0,0.0,0.0,0.0
2010-09-27,0.0,0.0,0.0,0.0,0.0,0.0,0.0,0.0,0.0,0.0
2010-09-28,0.0,0.0,0.0,0.0,0.0,0.0,0.0,0.0,0.0,0.0
2010-09-29,0.0,0.0,0.0,0.0,0.0,0.0,0.0,0.0,0.0,0.0
2010-09-30,0.0,0.0,0.0,0.0,0.0,0.0,0.0,0.0,0.0,0.0
2010-10-01,0.0,0.0,0.0,0.0,0.0,0.0,0.0,0.0,0.0,0.0
2010-10-04,0.0,0.0,0.0,0.0,0.0,0.0,0.0,0.0,0.0,0.0
2010-10-05,0.0,0.0,0.0,0.0,0.0,0.0,0.0,0.0,0.0,0.0
2010-10-06,0.0,0.0,0.0,0.0,0.0,0.0,0.0,0.0,0.0,0.0
2010-10-07,0.0,0.0,0.0,0.0,0.0,0.0,0.0,0.0,0.0,0.0
2010-10-08,0.0,0.0,0.0,0.0,0.0,0.0,0.0,0.0,0.0,0.0
2010-10-11,0.0,0.0,0.0,0.0,0.0,0.0,0.0,0.0,0.0,0.0
2010-10-12,0.0,0.0,0.0,0.0,0.0,0.0,0.0,0.0,0.0,0.0
2010-10-13,0.0,0.0,0.0,0.0,0.0,0.0,0.0,0.0,0.0,0.0
2010-10-14,0.0,0.0,0.0,0.0,0.0,0.0,0.0,0.0,0.0,0.0
2010-10-15,0.0,0.0,0.0,0.0,0.0,0.0,0.0,0.0,0.0,0.0
2010-10-18,0.0,0.0,0.0,0.0,0.0,0.0,0.0,0.0,0.0,0.0
2010-10-19,0.0,0.0,0.0,0.0,0.0,0.0,0.0,0.0,0.0,0.0
2010-10-20,0.0,5.4428707045870595e-06,3.2680542993525013e-06,0.0,1.276224411648914e-05,1.2490348638146701e-06,0.16491892856043228,0.16491892856043228,-0.044918928560432295,-2.272220398424337e-05
2010-10-21,-0.0004896160301435162,3.3593946460026544e-05,9.553166706165817e-06,0.0,5.3543112262017044e-05,2.8095238095238096e-06,0.6876415542993137,0.522,0.050000000000000044,-0.0005891157793812494
2010-10-22,-0.0010921638568927457,2.8151075755439487e-05,1.0371610377047233e-05,0.0,4.12498419254744e-05,0.0,0.5234168361827125,0.0,0.0,-0.0011719363849507069
2010-10-25,0.0,0.0,0.0,0.0,0.0,0.0,0.0,0.0,0.0,0.0
2010-10-26,0.0,3.594174788529902e-06,1.999163875926434e-06,0.0,6.572222217032436e-06,7.142857142857143e-07,0.16999999999999998,0.16999999999999998,0.05,-1.2879846595774487e-05
2010-10-27,0.0006514740746830765,1.43294762545988e-05,8.679303920096085e-06,0.0,2.73946468024011e-05,2.2619047619047617e-06,0.4989056601850317,0.33,-0.05000000000000003,0.0005988087429440758
2010-10-28,0.002183640936086167,2.2237937282578266e-05,9.487638812554994e-06,0.0,4.1016682166903296e-05,1.6666666666666665e-06,0.6599852681702499,0.33,0.05000000000000002,0.002109232011157464
2010-10-29,-0.0022922907446914285,2.873483658366509e-05,8.295757349830462e-06,0.0,4.017429713128517e-05,1.0714285714285714e-06,0.4504726173816484,0.22999999999999998,0.05,-0.002370567064327638
2010-11-01,0.0012040178846537666,1.8732555785639184e-05,4.5713470974184044e-06,0.0,1.9441586885810626e-05,0.0,0.22802900466649495,0.0,0.0,0.0011612723948848983
2010-11-02,0.0,0.0,0.0,0.0,0.0,0.0,0.0,0.0,0.0,0.0
2010-11-03,0.0,0.0,0.0,0.0,0.0,0.0,0.0,0.0,0.0,0.0
2010-11-04,0.0,0.0,0.0,0.0,0.0,0.0,0.0,0.0,0.0,0.0
2010-11-05,0.0,0.0,0.0,0.0,0.0,0.0,0.0,0.0,0.0,0.0
2010-11-08,0.0,0.0,0.0,0.0,0.0,0.0,0.0,0.0,0.0,0.0
2010-11-09,0.0,0.0,0.0,0.0,0.0,0.0,0.0,0.0,0.0,0.0
2010-11-10,0.0,0.0,0.0,0.0,0.0,0.0,0.0,0.0,0.0,0.0
2010-11-11,0.0,0.0,0.0,0.0,0.0,0.0,0.0,0.0,0.0,0.0
2010-11-12,0.0,0.0,0.0,0.0,0.0,0.0,0.0,0.0,0.0,0.0
2010-11-15,0.0,0.0,0.0,0.0,0.0,0.0,0.0,0.0,0.0,0.0
2010-11-16,0.0,0.0,0.0,0.0,0.0,0.0,0.0,0.0,0.0,0.0
2010-11-17,0.0,0.0,0.0,0.0,0.0,0.0,0.0,0.0,0.0,0.0
2010-11-18,0.0,0.0,0.0,0.0,0.0,0.0,0.0,0.0,0.0,0.0
2010-11-19,0.0,0.0,0.0,0.0,0.0,0.0,0.0,0.0,0.0,0.0
2010-11-22,0.0,0.0,0.0,0.0,0.0,0.0,0.0,0.0,0.0,0.0
2010-11-23,0.0,0.0,0.0,0.0,0.0,0.0,0.0,0.0,0.0,0.0
2010-11-24,0.0,0.0,0.0,0.0,0.0,0.0,0.0,0.0,0.0,0.0
2010-11-26,0.0,0.0,0.0,0.0,0.0,0.0,0.0,0.0,0.0,0.0
2010-11-29,0.0,0.0,0.0,0.0,0.0,0.0,0.0,0.0,0.0,0.0
2010-11-30,0.0,0.0,0.0,0.0,0.0,0.0,0.0,0.0,0.0,0.0
2010-12-01,0.0,0.0,0.0,0.0,0.0,0.0,0.0,0.0,0.0,0.0
2010-12-02,0.0,0.0,0.0,0.0,0.0,0.0,0.0,0.0,0.0,0.0
2010-12-03,0.0,0.0,0.0,0.0,0.0,0.0,0.0,0.0,0.0,0.0
2010-12-06,0.0,0.0,0.0,0.0,0.0,0.0,0.0,0.0,0.0,0.0
2010-12-07,0.0,0.0,0.0,0.0,0.0,0.0,0.0,0.0,0.0,0.0
2010-12-08,0.0,0.0,0.0,0.0,0.0,0.0,0.0,0.0,0.0,0.0
2010-12-09,0.0,6.576407859139567e-06,2.005642759274916e-06,0.0,1.4814538170634209e-05,7.142857142857143e-07,0.15080831421959515,0.15080831421959515,0.03080831421959514,-2.4110874503334403e-05
2010-12-10,-0.0008136933505481935,6.576407859139567e-06,2.941494046615728e-06,0.0,1.464963411422637e-05,0.0,0.15049800905878558,0.0,0.0,-0.0008378608865681752
2010-12-13,0.0,0.0,0.0,0.0,0.0,0.0,0.0,0.0,0.0,0.0
2010-12-14,0.0,0.0,0.0,0.0,0.0,0.0,0.0,0.0,0.0,0.0
2010-12-15,0.0,0.0,0.0,0.0,0.0,0.0,0.0,0.0,0.0,0.0
2010-12-16,0.0,0.0,0.0,0.0,0.0,0.0,0.0,0.0,0.0,0.0
2010-12-17,0.0,0.0,0.0,0.0,0.0,0.0,0.0,0.0,0.0,0.0
2010-12-20,0.0,0.0,0.0,0.0,0.0,0.0,0.0,0.0,0.0,0.0
2010-12-21,0.0,0.0,0.0,0.0,0.0,0.0,0.0,0.0,0.0,0.0
2010-12-22,0.0,0.0,0.0,0.0,0.0,0.0,0.0,0.0,0.0,0.0
2010-12-23,0.0,0.0,0.0,0.0,0.0,0.0,0.0,0.0,0.0,0.0
2010-12-27,0.0,0.0,0.0,0.0,0.0,0.0,0.0,0.0,0.0,0.0
2010-12-28,0.0,0.0,0.0,0.0,0.0,0.0,0.0,0.0,0.0,0.0
2010-12-29,0.0,0.0,0.0,0.0,0.0,0.0,0.0,0.0,0.0,0.0
2010-12-30,0.0,0.0,0.0,0.0,0.0,0.0,0.0,0.0,0.0,0.0
2010-12-31,0.0,0.0,0.0,0.0,0.0,0.0,0.0,0.0,0.0,0.0
2011-01-03,0.0,0.0,0.0,0.0,0.0,0.0,0.0,0.0,0.0,0.0
2011-01-04,0.0,0.0,0.0,0.0,0.0,0.0,0.0,0.0,0.0,0.0
2011-01-05,0.0,0.0,0.0,0.0,0.0,0.0,0.0,0.0,0.0,0.0
2011-01-06,0.0,0.0,0.0,0.0,0.0,0.0,0.0,0.0,0.0,0.0
2011-01-07,0.0,0.0,0.0,0.0,0.0,0.0,0.0,0.0,0.0,0.0
2011-01-10,0.0,0.0,0.0,0.0,0.0,0.0,0.0,0.0,0.0,0.0
2011-01-11,0.0,0.0,0.0,0.0,0.0,0.0,0.0,0.0,0.0,0.0
2011-01-12,0.0,0.0,0.0,0.0,0.0,0.0,0.0,0.0,0.0,0.0
2011-01-13,0.0,0.0,0.0,0.0,0.0,0.0,0.0,0.0,0.0,0.0
2011-01-14,0.0,0.0,0.0,0.0,0.0,0.0,0.0,0.0,0.0,0.0
2011-01-18,0.0,0.0,0.0,0.0,0.0,0.0,0.0,0.0,0.0,0.0
2011-01-19,0.0,8.21322640467644e-06,3.123353679494321e-06,0.0,5.931989610962359e-06,1.1955993060546479e-06,0.18043034170859043,0.18043034170859043,-0.020430341708590434,-1.8464169001187768e-05
2011-01-20,0.00017486925888155838,5.4779976618032035e-05,1.0250871589910978e-05,0.0,5.286351597894442e-05,2.121289261582319e-06,0.4825282695776585,0.33818829797291483,-0.018188297972914796,5.485360543308863e-05
2011-01-21,-0.0016138935116578343,4.7014554020649345e-05,8.48423320922385e-06,0.0,4.6565971565601793e-05,0.0,0.3397662079897138,0.0,0.0,-0.0017159582704533093
2011-01-24,0.0,0.0,0.0,0.0,0.0,0.0,0.0,0.0,0.0,0.0
2011-01-25,0.0,3.3924461476836314e-05,7.226691024441499e-06,0.0,2.3112861196135785e-05,2.0238095238095237e-06,0.29,0.29,-0.049999999999999996,-6.628782322122312e-05
2011-01-26,0.0004876686560002816,3.9724365792967234e-05,7.336003609153972e-06,0.0,3.2326730896766214e-05,1.3095238095238096e-06,0.35640759596928706,0.16999999999999998,-0.05,0.0004069720318918704
2011-01-27,3.02937367810956e-05,1.3921146305036446e-05,4.382771224764988e-06,0.0,1.4059114404794525e-05,1.3095238095238094e-06,0.23725591363243037,0.16999999999999998,-0.04999999999999999,-3.37881896302417e-06
2011-01-28,0.0004604613700176587,8.12124198890552e-06,2.3931382677875056e-06,0.0,4.976998105651454e-06,0.0,0.1670043273623767,0.0,0.0,0.00044496999165531426
2011-01-31,0.0,0.0,0.0,0.0,0.0,0.0,0.0,0.0,0.0,0.0
2011-02-01,0.0,0.0,0.0,0.0,0.0,0.0,0.0,0.0,0.0,0.0
2011-02-02,0.0,8.0564474486132e-06,2.2776924654023575e-06,0.0,5.903105490285601e-06,7.142857142857143e-07,0.16999999999999998,0.16999999999999998,0.05,-1.6951531118586873e-05
2011-02-03,0.00031578769177563004,1.4859384871126144e-05,5.174797964083858e-06,0.0,1.955620409395526e-05,9.523809523809523e-07,0.30731750491498805,0.18250622742055994,0.022506227420559948,0.0002752449238940838
2011-02-04,-0.0011560448728325573,7.345637571305708e-06,3.5416248506383865e-06,0.0,1.3884638909109105e-05,0.0,0.1850100532588164,0.0,0.0,-0.0011808167741636105
2011-02-07,0.0,0.0,0.0,0.0,0.0,0.0,0.0,0.0,0.0,0.0
2011-02-08,0.0,0.0,0.0,0.0,0.0,0.0,0.0,0.0,0.0,0.0
2011-02-09,0.0,0.0,0.0,0.0,0.0,0.0,0.0,0.0,0.0,0.0
2011-02-10,0.0,0.0,0.0,0.0,0.0,0.0,0.0,0.0,0.0,0.0
2011-02-11,0.0,0.0,0.0,0.0,0.0,0.0,0.0,0.0,0.0,0.0
2011-02-14,0.0,0.0,0.0,0.0,0.0,0.0,0.0,0.0,0.0,0.0
2011-02-15,0.0,0.0,0.0,0.0,0.0,0.0,0.0,0.0,0.0,0.0
2011-02-16,0.0,1.7193924066744417e-06,2.9771594901431416e-06,0.0,8.622949887937445e-06,1.3095238095238098e-06,0.17,0.17,-0.05000000000000002,-1.462902559427884e-05
2011-02-17,0.0015184321909604845,1.7193924066744417e-06,1.7387132923612065e-06,0.0,9.049998688746987e-06,0.0,0.17270012905836113,0.0,0.0,0.001505924086572702
2011-02-18,0.0,0.0,0.0,0.0,0.0,0.0,0.0,0.0,0.0,0.0
2011-02-22,0.0,0.0,0.0,0.0,0.0,0.0,0.0,0.0,0.0,0.0
2011-02-23,0.0,0.0,0.0,0.0,0.0,0.0,0.0,0.0,0.0,0.0
2011-02-24,0.0,1.0864454932636668e-05,2.615488620593926e-06,0.0,7.229283649287743e-06,7.142857142857143e-07,0.14197151011284914,0.14197151011284914,0.021971510112849136,-2.142351291680405e-05
2011-02-25,0.000539950563052466,1.0864454932636668e-05,2.8307242701929253e-06,0.0,7.337055023395411e-06,0.0,0.14292596844792232,0.0,0.0,0.0005189183288262409
2011-02-28,0.0,0.0,0.0,0.0,0.0,0.0,0.0,0.0,0.0,0.0
2011-03-01,0.0,0.0,0.0,0.0,0.0,0.0,0.0,0.0,0.0,0.0
2011-03-02,0.0,0.0,0.0,0.0,0.0,0.0,0.0,0.0,0.0,0.0
2011-03-03,0.0,0.0,0.0,0.0,0.0,0.0,0.0,0.0,0.0,0.0
2011-03-04,0.0,0.0,0.0,0.0,0.0,0.0,0.0,0.0,0.0,0.0
2011-03-07,0.0,0.0,0.0,0.0,0.0,0.0,0.0,0.0,0.0,0.0
2011-03-08,0.0,0.0,0.0,0.0,0.0,0.0,0.0,0.0,0.0,0.0
2011-03-09,0.0,0.0,0.0,0.0,0.0,0.0,0.0,0.0,0.0,0.0
2011-03-10,0.0,0.0,0.0,0.0,0.0,0.0,0.0,0.0,0.0,0.0
2011-03-11,0.0,0.0,0.0,0.0,0.0,0.0,0.0,0.0,0.0,0.0
2011-03-14,0.0,0.0,0.0,0.0,0.0,0.0,0.0,0.0,0.0,0.0
2011-03-15,0.0,0.0,0.0,0.0,0.0,0.0,0.0,0.0,0.0,0.0
2011-03-16,0.0,0.0,0.0,0.0,0.0,0.0,0.0,0.0,0.0,0.0
2011-03-17,0.0,0.0,0.0,0.0,0.0,0.0,0.0,0.0,0.0,0.0
2011-03-18,0.0,0.0,0.0,0.0,0.0,0.0,0.0,0.0,0.0,0.0
2011-03-21,0.0,0.0,0.0,0.0,0.0,0.0,0.0,0.0,0.0,0.0
2011-03-22,0.0,0.0,0.0,0.0,0.0,0.0,0.0,0.0,0.0,0.0
2011-03-23,0.0,0.0,0.0,0.0,0.0,0.0,0.0,0.0,0.0,0.0
2011-03-24,0.0,0.0,0.0,0.0,0.0,0.0,0.0,0.0,0.0,0.0
2011-03-25,0.0,0.0,0.0,0.0,0.0,0.0,0.0,0.0,0.0,0.0
2011-03-28,0.0,0.0,0.0,0.0,0.0,0.0,0.0,0.0,0.0,0.0
2011-03-29,0.0,0.0,0.0,0.0,0.0,0.0,0.0,0.0,0.0,0.0
2011-03-30,0.0,0.0,0.0,0.0,0.0,0.0,0.0,0.0,0.0,0.0
2011-03-31,0.0,0.0,0.0,0.0,0.0,0.0,0.0,0.0,0.0,0.0
2011-04-01,0.0,0.0,0.0,0.0,0.0,0.0,0.0,0.0,0.0,0.0
2011-04-04,0.0,0.0,0.0,0.0,0.0,0.0,0.0,0.0,0.0,0.0
2011-04-05,0.0,0.0,0.0,0.0,0.0,0.0,0.0,0.0,0.0,0.0
2011-04-06,0.0,0.0,0.0,0.0,0.0,0.0,0.0,0.0,0.0,0.0
2011-04-07,0.0,0.0,0.0,0.0,0.0,0.0,0.0,0.0,0.0,0.0
2011-04-08,0.0,0.0,0.0,0.0,0.0,0.0,0.0,0.0,0.0,0.0
2011-04-11,0.0,0.0,0.0,0.0,0.0,0.0,0.0,0.0,0.0,0.0
2011-04-12,0.0,0.0,0.0,0.0,0.0,0.0,0.0,0.0,0.0,0.0
2011-04-13,0.0,0.0,0.0,0.0,0.0,0.0,0.0,0.0,0.0,0.0
2011-04-14,0.0,0.0,0.0,0.0,0.0,0.0,0.0,0.0,0.0,0.0
2011-04-15,0.0,0.0,0.0,0.0,0.0,0.0,0.0,0.0,0.0,0.0
2011-04-18,0.0,0.0,0.0,0.0,0.0,0.0,0.0,0.0,0.0,0.0
2011-04-19,0.0,2.3703969692187976e-05,4.692758261710736e-06,0.0,1.9158460381685552e-05,1.778204553887455e-06,0.2693691825265462,0.2693691825265462,-0.02936918252654621,-4.933339288947172e-05
2011-04-20,-0.0002331360077901795,2.3703969692187976e-05,6.097208630136186e-06,0.0,1.9159529513903117e-05,0.0,0.26865198939179613,0.0,0.0,-0.0002820967156264068
2011-04-21,0.0,1.7840433235771868e-05,5.5306108238805035e-06,0.0,2.1362729698895583e-05,1.6666666666666665e-06,0.32999999999999996,0.32999999999999996,0.05000000000000002,-4.640044042521462e-05
2011-04-25,-3.479929439788955e-05,1.7840433235771868e-05,5.8915261078401425e-06,0.0,2.1470309701951604e-05,0.0,0.3307306173364354,0.0,0.0,-8.000156344345316e-05
2011-04-26,0.0,3.256265450537544e-06,2.166449596354404e-06,0.0,6.028620274559456e-06,8.784581395328064e-07,0.13379048372075572,0.13379048372075572,-0.013790483720755732,-1.2329793460984211e-05
2011-04-27,0.0002812528085420682,3.256265450537544e-06,1.82260596370706e-06,0.0,5.879969534638e-06,0.0,0.13419521553669622,0.0,0.0,0.0002702939675931856
2011-04-28,0.0,3.6182741041726937e-06,2.334236966883306e-06,0.0,2.7739865889997196e-06,9.5391309770067e-07,0.14012870020685625,0.14012870020685625,-0.020128700206856268,-9.680410757756388e-06
2011-04-29,-0.0011403157218953094,2.3418073540943848e-05,8.787792450004963e-06,0.0,4.2354425979408934e-05,2.5e-06,0.46948170591917915,0.37,-0.049999999999999996,-0.0012173760138656671
2011-05-02,0.0017337742680823092,2.0264173948897032e-05,5.364043396979172e-06,0.0,3.989580652081823e-05,0.0,0.3699859358373843,0.0,0.0,0.0016682502442156148
2011-05-03,0.0,1.2556402661545027e-05,4.22556979026574e-06,0.0,2.046641159408255e-05,1.5090350590263157e-06,0.2467589449582105,0.2467589449582105,-0.006758944958210514,-3.8757419104919635e-05
2011-05-04,0.0011031548740055264,1.2556402661545028e-05,4.183251791665986e-06,0.0,2.036341836438055e-05,0.0,0.24603513676492153,0.0,0.0,0.001066051801187935
2011-05-05,0.0,5.5570090876117864e-06,2.152837662337662e-06,0.0,8.100206754295705e-06,7.142857142857143e-07,0.17,0.17,0.05,-1.652433921853087e-05
2011-05-06,0.0007495265838122968,5.5570090876117864e-06,3.1567065649099322e-06,0.0,8.252294354431115e-06,0.0,0.17099303307731878,0.0,0.0,0.000732560573805344
2011-05-09,0.0,0.0,0.0,0.0,0.0,0.0,0.0,0.0,0.0,0.0
2011-05-10,0.0,0.0,0.0,0.0,0.0,0.0,0.0,0.0,0.0,0.0
2011-05-11,0.0,0.0,0.0,0.0,0.0,0.0,0.0,0.0,0.0,0.0
2011-05-12,0.0,0.0,0.0,0.0,0.0,0.0,0.0,0.0,0.0,0.0
2011-05-13,0.0,0.0,0.0,0.0,0.0,0.0,0.0,0.0,0.0,0.0
2011-05-16,0.0,0.0,0.0,0.0,0.0,0.0,0.0,0.0,0.0,0.0
2011-05-17,0.0,0.0,0.0,0.0,0.0,0.0,0.0,0.0,0.0,0.0
2011-05-18,0.0,0.0,0.0,0.0,0.0,0.0,0.0,0.0,0.0,0.0
2011-05-19,0.0,1.9995249007110705e-05,2.6572863444930388e-06,0.0,1.1857834280627924e-05,9.21355009086163e-07,0.1373938207632377,0.1373938207632377,-0.017393820763237686,-3.543172464131783e-05
2011-05-20,0.0013124688335098922,1.9995249007110705e-05,4.163576732408598e-06,0.0,1.1931191833988903e-05,0.0,0.13842917801668433,0.0,0.0,0.0012763788159363839
2011-05-23,0.0,0.0,0.0,0.0,0.0,0.0,0.0,0.0,0.0,0.0
2011-05-24,0.0,0.0,0.0,0.0,0.0,0.0,0.0,0.0,0.0,0.0
2011-05-25,0.0,0.0,0.0,0.0,0.0,0.0,0.0,0.0,0.0,0.0
2011-05-26,0.0,0.0,0.0,0.0,0.0,0.0,0.0,0.0,0.0,0.0
2011-05-27,0.0,0.0,0.0,0.0,0.0,0.0,0.0,0.0,0.0,0.0
2011-05-31,0.0,0.0,0.0,0.0,0.0,0.0,0.0,0.0,0.0,0.0
2011-06-01,0.0,0.0,0.0,0.0,0.0,0.0,0.0,0.0,0.0,0.0
2011-06-02,0.0,0.0,0.0,0.0,0.0,0.0,0.0,0.0,0.0,0.0
2011-06-03,0.0,0.0,0.0,0.0,0.0,0.0,0.0,0.0,0.0,0.0
2011-06-06,0.0,0.0,0.0,0.0,0.0,0.0,0.0,0.0,0.0,0.0
2011-06-07,0.0,0.0,0.0,0.0,0.0,0.0,0.0,0.0,0.0,0.0
2011-06-08,0.0,0.0,0.0,0.0,0.0,0.0,0.0,0.0,0.0,0.0
2011-06-09,0.0,0.0,0.0,0.0,0.0,0.0,0.0,0.0,0.0,0.0
2011-06-10,0.0,0.0,0.0,0.0,0.0,0.0,0.0,0.0,0.0,0.0
2011-06-13,0.0,0.0,0.0,0.0,0.0,0.0,0.0,0.0,0.0,0.0
2011-06-14,0.0,0.0,0.0,0.0,0.0,0.0,0.0,0.0,0.0,0.0
2011-06-15,0.0,0.0,0.0,0.0,0.0,0.0,0.0,0.0,0.0,0.0
2011-06-16,0.0,0.0,0.0,0.0,0.0,0.0,0.0,0.0,0.0,0.0
2011-06-17,0.0,0.0,0.0,0.0,0.0,0.0,0.0,0.0,0.0,0.0
2011-06-20,0.0,0.0,0.0,0.0,0.0,0.0,0.0,0.0,0.0,0.0
2011-06-21,0.0,0.0,0.0,0.0,0.0,0.0,0.0,0.0,0.0,0.0
2011-06-22,0.0,0.0,0.0,0.0,0.0,0.0,0.0,0.0,0.0,0.0
2011-06-23,0.0,0.0,0.0,0.0,0.0,0.0,0.0,0.0,0.0,0.0
2011-06-24,0.0,0.0,0.0,0.0,0.0,0.0,0.0,0.0,0.0,0.0
2011-06-27,0.0,0.0,0.0,0.0,0.0,0.0,0.0,0.0,0.0,0.0
2011-06-28,0.0,0.0,0.0,0.0,0.0,0.0,0.0,0.0,0.0,0.0
2011-06-29,0.0,0.0,0.0,0.0,0.0,0.0,0.0,0.0,0.0,0.0
2011-06-30,0.0,0.0,0.0,0.0,0.0,0.0,0.0,0.0,0.0,0.0
2011-07-01,0.0,0.0,0.0,0.0,0.0,0.0,0.0,0.0,0.0,0.0
2011-07-05,0.0,0.0,0.0,0.0,0.0,0.0,0.0,0.0,0.0,0.0
2011-07-06,0.0,0.0,0.0,0.0,0.0,0.0,0.0,0.0,0.0,0.0
2011-07-07,0.0,0.0,0.0,0.0,0.0,0.0,0.0,0.0,0.0,0.0
2011-07-08,0.0,0.0,0.0,0.0,0.0,0.0,0.0,0.0,0.0,0.0
2011-07-11,0.0,0.0,0.0,0.0,0.0,0.0,0.0,0.0,0.0,0.0
2011-07-12,0.0,0.0,0.0,0.0,0.0,0.0,0.0,0.0,0.0,0.0
2011-07-13,0.0,0.0,0.0,0.0,0.0,0.0,0.0,0.0,0.0,0.0
2011-07-14,0.0,0.0,0.0,0.0,0.0,0.0,0.0,0.0,0.0,0.0
2011-07-15,0.0,0.0,0.0,0.0,0.0,0.0,0.0,0.0,0.0,0.0
2011-07-18,0.0,0.0,0.0,0.0,0.0,0.0,0.0,0.0,0.0,0.0
2011-07-19,0.0,1.7333893840822465e-05,3.0615998543968097e-06,0.0,9.233856238862354e-06,1.3095238095238098e-06,0.17,0.17,-0.05000000000000002,-3.0938873743605436e-05
2011-07-20,0.0011645161563985996,1.7333893840822465e-05,4.1772375211512585e-06,0.0,1.000648507457011e-05,0.0,0.17186706279096983,0.0,0.0,0.0011329985399620558
2011-07-21,0.0,0.0,0.0,0.0,0.0,0.0,0.0,0.0,0.0,0.0
2011-07-22,0.0,0.0,0.0,0.0,0.0,0.0,0.0,0.0,0.0,0.0
2011-07-25,0.0,0.0,0.0,0.0,0.0,0.0,0.0,0.0,0.0,0.0
2011-07-26,0.0,0.0,0.0,0.0,0.0,0.0,0.0,0.0,0.0,0.0
2011-07-27,0.0,9.023052591657808e-06,4.277615467308918e-06,0.0,3.1216379993453554e-05,1.8480142844268547e-06,0.2752331998918558,0.2752331998918558,-0.035233199891855804,-4.636506233684713e-05
2011-07-28,0.001122260434505149,3.439999421581598e-05,1.0306908266703754e-05,0.0,5.815421237667523e-05,1.4285714285714286e-06,0.5624908452658278,0.29,0.04999999999999999,0.0010179707482173826
2011-07-29,-0.0015414471636129158,2.537694162415818e-05,5.529384429412911e-06,0.0,2.716328480712688e-05,0.0,0.2884950809404012,0.0,0.0,-0.0015995167744736138
2011-08-01,0.0,0.0,0.0,0.0,0.0,0.0,0.0,0.0,0.0,0.0
2011-08-02,0.0,6.684594490891699e-06,2.262163786852422e-06,0.0,1.0462492841219924e-05,7.142857142857143e-07,0.15467837955862376,0.15467837955862376,0.03467837955862377,-2.012353683324976e-05
2011-08-03,-0.0022018839422400646,6.684594490891699e-06,2.8206677030700032e-06,0.0,1.1055892280931172e-05,0.0,0.15689249561638374,0.0,0.0,-0.0022224450967149576
2011-08-04,0.0,0.0,0.0,0.0,0.0,0.0,0.0,0.0,0.0,0.0
2011-08-05,0.0,0.0,0.0,0.0,0.0,0.0,0.0,0.0,0.0,0.0
2011-08-08,0.0,0.0,0.0,0.0,0.0,0.0,0.0,0.0,0.0,0.0
2011-08-09,0.0,0.0,0.0,0.0,0.0,0.0,0.0,0.0,0.0,0.0
2011-08-10,0.0,0.0,0.0,0.0,0.0,0.0,0.0,0.0,0.0,0.0
2011-08-11,0.0,0.0,0.0,0.0,0.0,0.0,0.0,0.0,0.0,0.0
2011-08-12,0.0,0.0,0.0,0.0,0.0,0.0,0.0,0.0,0.0,0.0
2011-08-15,0.0,0.0,0.0,0.0,0.0,0.0,0.0,0.0,0.0,0.0
2011-08-16,0.0,0.0,0.0,0.0,0.0,0.0,0.0,0.0,0.0,0.0
2011-08-17,0.0,0.0,0.0,0.0,0.0,0.0,0.0,0.0,0.0,0.0
2011-08-18,0.0,0.0,0.0,0.0,0.0,0.0,0.0,0.0,0.0,0.0
2011-08-19,0.0,0.0,0.0,0.0,0.0,0.0,0.0,0.0,0.0,0.0
2011-08-22,0.0,0.0,0.0,0.0,0.0,0.0,0.0,0.0,0.0,0.0
2011-08-23,0.0,0.0,0.0,0.0,0.0,0.0,0.0,0.0,0.0,0.0
2011-08-24,0.0,0.0,0.0,0.0,0.0,0.0,0.0,0.0,0.0,0.0
2011-08-25,0.0,0.0,0.0,0.0,0.0,0.0,0.0,0.0,0.0,0.0
2011-08-26,0.0,0.0,0.0,0.0,0.0,0.0,0.0,0.0,0.0,0.0
2011-08-29,0.0,0.0,0.0,0.0,0.0,0.0,0.0,0.0,0.0,0.0
2011-08-30,0.0,0.0,0.0,0.0,0.0,0.0,0.0,0.0,0.0,0.0
2011-08-31,0.0,0.0,0.0,0.0,0.0,0.0,0.0,0.0,0.0,0.0
2011-09-01,0.0,0.0,0.0,0.0,0.0,0.0,0.0,0.0,0.0,0.0
2011-09-02,0.0,0.0,0.0,0.0,0.0,0.0,0.0,0.0,0.0,0.0
2011-09-06,0.0,0.0,0.0,0.0,0.0,0.0,0.0,0.0,0.0,0.0
2011-09-07,0.0,0.0,0.0,0.0,0.0,0.0,0.0,0.0,0.0,0.0
2011-09-08,0.0,0.0,0.0,0.0,0.0,0.0,0.0,0.0,0.0,0.0
2011-09-09,0.0,0.0,0.0,0.0,0.0,0.0,0.0,0.0,0.0,0.0
2011-09-12,0.0,0.0,0.0,0.0,0.0,0.0,0.0,0.0,0.0,0.0
2011-09-13,0.0,0.0,0.0,0.0,0.0,0.0,0.0,0.0,0.0,0.0
2011-09-14,0.0,0.0,0.0,0.0,0.0,0.0,0.0,0.0,0.0,0.0
2011-09-15,0.0,0.0,0.0,0.0,0.0,0.0,0.0,0.0,0.0,0.0
2011-09-16,0.0,0.0,0.0,0.0,0.0,0.0,0.0,0.0,0.0,0.0
2011-09-19,0.0,0.0,0.0,0.0,0.0,0.0,0.0,0.0,0.0,0.0
2011-09-20,0.0,0.0,0.0,0.0,0.0,0.0,0.0,0.0,0.0,0.0
2011-09-21,0.0,0.0,0.0,0.0,0.0,0.0,0.0,0.0,0.0,0.0
2011-09-22,0.0,0.0,0.0,0.0,0.0,0.0,0.0,0.0,0.0,0.0
2011-09-23,0.0,0.0,0.0,0.0,0.0,0.0,0.0,0.0,0.0,0.0
2011-09-26,0.0,0.0,0.0,0.0,0.0,0.0,0.0,0.0,0.0,0.0
2011-09-27,0.0,0.0,0.0,0.0,0.0,0.0,0.0,0.0,0.0,0.0
2011-09-28,0.0,0.0,0.0,0.0,0.0,0.0,0.0,0.0,0.0,0.0
2011-09-29,0.0,0.0,0.0,0.0,0.0,0.0,0.0,0.0,0.0,0.0
2011-09-30,0.0,0.0,0.0,0.0,0.0,0.0,0.0,0.0,0.0,0.0
2011-10-03,0.0,0.0,0.0,0.0,0.0,0.0,0.0,0.0,0.0,0.0
2011-10-04,0.0,0.0,0.0,0.0,0.0,0.0,0.0,0.0,0.0,0.0
2011-10-05,0.0,0.0,0.0,0.0,0.0,0.0,0.0,0.0,0.0,0.0
2011-10-06,0.0,0.0,0.0,0.0,0.0,0.0,0.0,0.0,0.0,0.0
2011-10-07,0.0,0.0,0.0,0.0,0.0,0.0,0.0,0.0,0.0,0.0
2011-10-10,0.0,0.0,0.0,0.0,0.0,0.0,0.0,0.0,0.0,0.0
2011-10-11,0.0,0.0,0.0,0.0,0.0,0.0,0.0,0.0,0.0,0.0
2011-10-12,0.0,0.0,0.0,0.0,0.0,0.0,0.0,0.0,0.0,0.0
2011-10-13,0.0,0.0,0.0,0.0,0.0,0.0,0.0,0.0,0.0,0.0
2011-10-14,0.0,0.0,0.0,0.0,0.0,0.0,0.0,0.0,0.0,0.0
2011-10-17,0.0,0.0,0.0,0.0,0.0,0.0,0.0,0.0,0.0,0.0
2011-10-18,0.0,0.0,0.0,0.0,0.0,0.0,0.0,0.0,0.0,0.0
2011-10-19,0.0,8.079529522633537e-06,2.816561695056086e-06,0.0,2.7576620025081863e-05,1.0714285714285714e-06,0.22999999999999998,0.22999999999999998,0.05,-3.954413981420006e-05
2011-10-20,0.0006622246261912229,1.9940670895059483e-05,4.408744286088016e-06,0.0,4.108490708233807e-05,7.142857142857143e-07,0.2555748316124922,0.16999999999999998,0.049999999999999996,0.0005960760182134517
2011-10-21,-0.0007393940995119545,2.19652099399978e-05,8.790217196986139e-06,0.0,2.9450124155400856e-05,1.5476190476190476e-06,0.3851560100209318,0.21000000000000002,-0.05,-0.0008011472698519584
2011-10-24,0.001590819332175574,8.228535173825425e-06,2.753324862644145e-06,0.0,1.683674663203762e-05,0.0,0.21635244307917195,0.0,0.0,0.0015630007255070667
2011-10-25,0.0,1.1777091690750306e-05,3.108595021450203e-06,0.0,2.623822516329097e-05,1.2803429010403382e-06,0.18754880368738838,0.18754880368738838,-0.02754880368738843,-4.240425477653182e-05
2011-10-26,-0.0016534583153104978,1.8157945056897227e-05,5.838394556342959e-06,0.0,3.370646121320927e-05,7.142857142857143e-07,0.3591418842612831,0.17,0.05000000000000001,-0.001711875401851233
2011-10-27,0.002601045516574648,2.0623047654519547e-05,7.720823615153648e-06,0.0,4.495234144882189e-05,2.1428571428571427e-06,0.4502460409379295,0.41,0.05,0.0025256064467132954
2011-10-28,0.0016865478625435828,3.317548843717938e-05,8.716041319297348e-06,0.0,8.015192961384598e-05,1.4285714285714286e-06,0.5283003339649117,0.29000000000000004,0.05,0.0015630758317446887
2011-10-31,-0.0015598765236274528,1.9404416065011853e-05,6.382931971070404e-06,0.0,4.03143248809549e-05,0.0,0.2868373574486109,0.0,0.0,-0.00162597819654449
2011-11-01,0.0,0.0,0.0,0.0,0.0,0.0,0.0,0.0,0.0,0.0
2011-11-02,0.0,6.8707115543605475e-06,2.188694020078568e-06,0.0,1.0055171978324181e-05,7.142857142857143e-07,0.16999999999999998,0.16999999999999998,0.04999999999999999,-1.9828863267049012e-05
2011-11-03,0.00015695616322768384,6.870711554360547e-06,3.3600063012732214e-06,0.0,9.738156022182396e-06,0.0,0.17345682521604305,0.0,0.0,0.00013698728934986767
2011-11-04,0.0,0.0,0.0,0.0,0.0,0.0,0.0,0.0,0.0,0.0
2011-11-07,0.0,0.0,0.0,0.0,0.0,0.0,0.0,0.0,0.0,0.0
2011-11-08,0.0,0.0,0.0,0.0,0.0,0.0,0.0,0.0,0.0,0.0
2011-11-09,0.0,0.0,0.0,0.0,0.0,0.0,0.0,0.0,0.0,0.0
2011-11-10,0.0,0.0,0.0,0.0,0.0,0.0,0.0,0.0,0.0,0.0
2011-11-11,0.0,0.0,0.0,0.0,0.0,0.0,0.0,0.0,0.0,0.0
2011-11-14,0.0,0.0,0.0,0.0,0.0,0.0,0.0,0.0,0.0,0.0
2011-11-15,0.0,6.421957124734017e-06,2.1119762611275962e-06,0.0,4.601836593850276e-06,7.142857142857143e-07,0.16999999999999998,0.16999999999999998,0.05,-1.3850055693997604e-05
2011-11-16,-0.001136512582698916,6.421957124734017e-06,3.2814635521266265e-06,0.0,4.578053195027561e-06,0.0,0.16810681085943757,0.0,0.0,-0.0011507940565708042
2011-11-17,0.0,0.0,0.0,0.0,0.0,0.0,0.0,0.0,0.0,0.0
2011-11-18,0.0,0.0,0.0,0.0,0.0,0.0,0.0,0.0,0.0,0.0
2011-11-21,0.0,0.0,0.0,0.0,0.0,0.0,0.0,0.0,0.0,0.0
2011-11-22,0.0,0.0,0.0,0.0,0.0,0.0,0.0,0.0,0.0,0.0
2011-11-23,0.0,0.0,0.0,0.0,0.0,0.0,0.0,0.0,0.0,0.0
2011-11-28,0.0,0.0,0.0,0.0,0.0,0.0,0.0,0.0,0.0,0.0
2011-11-29,0.0,0.0,0.0,0.0,0.0,0.0,0.0,0.0,0.0,0.0
2011-11-30,0.0,0.0,0.0,0.0,0.0,0.0,0.0,0.0,0.0,0.0
2011-12-01,0.0,0.0,0.0,0.0,0.0,0.0,0.0,0.0,0.0,0.0
2011-12-02,0.0,0.0,0.0,0.0,0.0,0.0,0.0,0.0,0.0,0.0
2011-12-05,0.0,0.0,0.0,0.0,0.0,0.0,0.0,0.0,0.0,0.0
2011-12-06,0.0,0.0,0.0,0.0,0.0,0.0,0.0,0.0,0.0,0.0
2011-12-07,0.0,0.0,0.0,0.0,0.0,0.0,0.0,0.0,0.0,0.0
2011-12-08,0.0,0.0,0.0,0.0,0.0,0.0,0.0,0.0,0.0,0.0
2011-12-09,0.0,0.0,0.0,0.0,0.0,0.0,0.0,0.0,0.0,0.0
2011-12-12,0.0,0.0,0.0,0.0,0.0,0.0,0.0,0.0,0.0,0.0
2011-12-13,0.0,0.0,0.0,0.0,0.0,0.0,0.0,0.0,0.0,0.0
2011-12-14,0.0,0.0,0.0,0.0,0.0,0.0,0.0,0.0,0.0,0.0
2011-12-15,0.0,0.0,0.0,0.0,0.0,0.0,0.0,0.0,0.0,0.0
2011-12-16,0.0,0.0,0.0,0.0,0.0,0.0,0.0,0.0,0.0,0.0
2011-12-19,0.0,0.0,0.0,0.0,0.0,0.0,0.0,0.0,0.0,0.0
2011-12-20,0.0,0.0,0.0,0.0,0.0,0.0,0.0,0.0,0.0,0.0
2011-12-21,0.0,0.0,0.0,0.0,0.0,0.0,0.0,0.0,0.0,0.0
2011-12-22,0.0,0.0,0.0,0.0,0.0,0.0,0.0,0.0,0.0,0.0
2011-12-23,0.0,0.0,0.0,0.0,0.0,0.0,0.0,0.0,0.0,0.0
2011-12-27,0.0,0.0,0.0,0.0,0.0,0.0,0.0,0.0,0.0,0.0
2011-12-28,0.0,0.0,0.0,0.0,0.0,0.0,0.0,0.0,0.0,0.0
2011-12-29,0.0,0.0,0.0,0.0,0.0,0.0,0.0,0.0,0.0,0.0
2011-12-30,0.0,0.0,0.0,0.0,0.0,0.0,0.0,0.0,0.0,0.0
2012-01-03,0.0,0.0,0.0,0.0,0.0,0.0,0.0,0.0,0.0,0.0
2012-01-04,0.0,0.0,0.0,0.0,0.0,0.0,0.0,0.0,0.0,0.0
2012-01-05,0.0,0.0,0.0,0.0,0.0,0.0,0.0,0.0,0.0,0.0
2012-01-06,0.0,0.0,0.0,0.0,0.0,0.0,0.0,0.0,0.0,0.0
2012-01-09,0.0,0.0,0.0,0.0,0.0,0.0,0.0,0.0,0.0,0.0
2012-01-10,0.0,0.0,0.0,0.0,0.0,0.0,0.0,0.0,0.0,0.0
2012-01-11,0.0,0.0,0.0,0.0,0.0,0.0,0.0,0.0,0.0,0.0
2012-01-12,0.0,0.0,0.0,0.0,0.0,0.0,0.0,0.0,0.0,0.0
2012-01-13,0.0,0.0,0.0,0.0,0.0,0.0,0.0,0.0,0.0,0.0
2012-01-17,0.0,5.025809420283966e-06,1.9087828712284847e-06,0.0,1.2371032715080225e-05,7.827942812726699e-07,0.12575471962690427,0.12575471962690427,-0.0057547196269042734,-2.0088419287865347e-05
2012-01-18,0.0002729922573784743,1.2797634493737737e-05,6.325283971207885e-06,0.0,2.388151450572513e-05,1.5476190476190479e-06,0.3255378515000716,0.21000000000000002,-0.05000000000000002,0.00022844020536018448
2012-01-19,0.0016291006623572423,7.90926488940133e-06,2.4524211110108607e-06,0.0,1.240628103787876e-05,0.0,0.21352245260138314,0.0,0.0,0.0016063326953189513
2012-01-20,0.0,1.2508169131738143e-05,2.4620439919024424e-06,0.0,2.2992197249228327e-05,9.614084981207352e-07,0.16075831384214173,0.16075831384214173,-0.0007583138421417834,-3.8923818870989645e-05
2012-01-23,0.0018035991666454163,1.2508169131738143e-05,3.7353185355322726e-06,0.0,2.4093899456114256e-05,0.0,0.16065315686412326,0.0,0.0,0.0017632617795220317
2012-01-24,0.0,0.0,0.0,0.0,0.0,0.0,0.0,0.0,0.0,0.0
2012-01-25,0.0,1.3662487869477734e-05,2.4723196150106812e-06,0.0,2.1114292892257944e-05,9.414253563410758e-07,0.13907972993265036,0.13907972993265036,-0.01907972993265037,-3.8190525733087434e-05
2012-01-26,0.000637586477577026,1.3662487869477734e-05,3.34363456555377e-06,0.0,2.0079700297386177e-05,0.0,0.1391553678235726,0.0,0.0,0.0006005006548446083
2012-01-27,0.0,0.0,0.0,0.0,0.0,0.0,0.0,0.0,0.0,0.0
2012-01-30,0.0,0.0,0.0,0.0,0.0,0.0,0.0,0.0,0.0,0.0
2012-01-31,0.0,0.0,0.0,0.0,0.0,0.0,0.0,0.0,0.0,0.0
2012-02-01,0.0,0.0,0.0,0.0,0.0,0.0,0.0,0.0,0.0,0.0
2012-02-02,0.0,1.9390376316981905e-05,7.4769530617599915e-06,0.0,2.3529720847791574e-05,2.3809523809523808e-06,0.44999999999999996,0.44999999999999996,0.05000000000000002,-5.277800260748586e-05
2012-02-03,0.0014237460950501661,1.9390376316981905e-05,7.406087929811847e-06,0.0,2.4226095068711717e-05,0.0,0.4583287019599429,0.0,0.0,0.0013727235357346606
2012-02-06,0.0,0.0,0.0,0.0,0.0,0.0,0.0,0.0,0.0,0.0
2012-02-07,0.0,0.0,0.0,0.0,0.0,0.0,0.0,0.0,0.0,0.0
2012-02-08,0.0,0.0,0.0,0.0,0.0,0.0,0.0,0.0,0.0,0.0
2012-02-09,0.0,0.0,0.0,0.0,0.0,0.0,0.0,0.0,0.0,0.0
2012-02-10,0.0,0.0,0.0,0.0,0.0,0.0,0.0,0.0,0.0,0.0
2012-02-13,0.0,0.0,0.0,0.0,0.0,0.0,0.0,0.0,0.0,0.0
2012-02-14,0.0,0.0,0.0,0.0,0.0,0.0,0.0,0.0,0.0,0.0
2012-02-15,0.0,0.0,0.0,0.0,0.0,0.0,0.0,0.0,0.0,0.0
2012-02-16,0.0,4.944247772285438e-06,2.0973548387096776e-06,0.0,1.1276594761922607e-05,7.142857142857143e-07,0.17,0.17,0.05000000000000001,-1.9032483087203436e-05
2012-02-17,-0.0001114574397415563,4.944247772285438e-06,3.0978221923298633e-06,0.0,1.1452649056051064e-05,0.0,0.17053370385058103,0.0,0.0,-0.00013095215876222268
2012-02-21,0.0,0.0,0.0,0.0,0.0,0.0,0.0,0.0,0.0,0.0
2012-02-22,0.0,0.0,0.0,0.0,0.0,0.0,0.0,0.0,0.0,0.0
2012-02-23,0.0,0.0,0.0,0.0,0.0,0.0,0.0,0.0,0.0,0.0
2012-02-24,0.0,0.0,0.0,0.0,0.0,0.0,0.0,0.0,0.0,0.0
2012-02-27,0.0,0.0,0.0,0.0,0.0,0.0,0.0,0.0,0.0,0.0
2012-02-28,0.0,0.0,0.0,0.0,0.0,0.0,0.0,0.0,0.0,0.0
2012-02-29,0.0,0.0,0.0,0.0,0.0,0.0,0.0,0.0,0.0,0.0
2012-03-01,0.0,0.0,0.0,0.0,0.0,0.0,0.0,0.0,0.0,0.0
2012-03-02,0.0,0.0,0.0,0.0,0.0,0.0,0.0,0.0,0.0,0.0
2012-03-05,0.0,0.0,0.0,0.0,0.0,0.0,0.0,0.0,0.0,0.0
2012-03-06,0.0,0.0,0.0,0.0,0.0,0.0,0.0,0.0,0.0,0.0
2012-03-07,0.0,0.0,0.0,0.0,0.0,0.0,0.0,0.0,0.0,0.0
2012-03-08,0.0,0.0,0.0,0.0,0.0,0.0,0.0,0.0,0.0,0.0
2012-03-09,0.0,0.0,0.0,0.0,0.0,0.0,0.0,0.0,0.0,0.0
2012-03-12,0.0,0.0,0.0,0.0,0.0,0.0,0.0,0.0,0.0,0.0
2012-03-13,0.0,0.0,0.0,0.0,0.0,0.0,0.0,0.0,0.0,0.0
2012-03-14,0.0,0.0,0.0,0.0,0.0,0.0,0.0,0.0,0.0,0.0
2012-03-15,0.0,0.0,0.0,0.0,0.0,0.0,0.0,0.0,0.0,0.0
2012-03-16,0.0,0.0,0.0,0.0,0.0,0.0,0.0,0.0,0.0,0.0
2012-03-19,0.0,0.0,0.0,0.0,0.0,0.0,0.0,0.0,0.0,0.0
2012-03-20,0.0,0.0,0.0,0.0,0.0,0.0,0.0,0.0,0.0,0.0
2012-03-21,0.0,0.0,0.0,0.0,0.0,0.0,0.0,0.0,0.0,0.0
2012-03-22,0.0,0.0,0.0,0.0,0.0,0.0,0.0,0.0,0.0,0.0
2012-03-23,0.0,1.0667606702056136e-05,3.106571428571429e-06,0.0,8.56188274713713e-06,7.142857142857143e-07,0.17,0.17,0.05,-2.3050346592050407e-05
2012-03-26,0.0027144911162296013,1.0667606702056134e-05,3.0475392060575713e-06,0.0,8.506000844693633e-06,0.0,0.1705166889184274,0.0,0.0,0.002692269969476794
2012-03-27,0.0,0.0,0.0,0.0,0.0,0.0,0.0,0.0,0.0,0.0
2012-03-28,0.0,0.0,0.0,0.0,0.0,0.0,0.0,0.0,0.0,0.0
2012-03-29,0.0,0.0,0.0,0.0,0.0,0.0,0.0,0.0,0.0,0.0
2012-03-30,0.0,0.0,0.0,0.0,0.0,0.0,0.0,0.0,0.0,0.0
2012-04-02,0.0,0.0,0.0,0.0,0.0,0.0,0.0,0.0,0.0,0.0
2012-04-03,0.0,0.0,0.0,0.0,0.0,0.0,0.0,0.0,0.0,0.0
2012-04-04,0.0,0.0,0.0,0.0,0.0,0.0,0.0,0.0,0.0,0.0
2012-04-05,0.0,0.0,0.0,0.0,0.0,0.0,0.0,0.0,0.0,0.0
2012-04-09,0.0,0.0,0.0,0.0,0.0,0.0,0.0,0.0,0.0,0.0
2012-04-10,0.0,0.0,0.0,0.0,0.0,0.0,0.0,0.0,0.0,0.0
2012-04-11,0.0,0.0,0.0,0.0,0.0,0.0,0.0,0.0,0.0,0.0
2012-04-12,0.0,0.0,0.0,0.0,0.0,0.0,0.0,0.0,0.0,0.0
2012-04-13,0.0,0.0,0.0,0.0,0.0,0.0,0.0,0.0,0.0,0.0
2012-04-16,0.0,0.0,0.0,0.0,0.0,0.0,0.0,0.0,0.0,0.0
2012-04-17,0.0,0.0,0.0,0.0,0.0,0.0,0.0,0.0,0.0,0.0
2012-04-18,0.0,2.924322329852668e-05,6.9680865868674664e-06,0.0,2.6155533452952153e-05,2.738095238095238e-06,0.41,0.41,-0.04999999999999999,-6.510493857644155e-05
2012-04-19,0.002004160270354879,2.924322329852668e-05,8.358034924820503e-06,0.0,2.6139487215540412e-05,0.0,0.40809727712346744,0.0,0.0,0.0019404195249159916
2012-04-20,0.0,0.0,0.0,0.0,0.0,0.0,0.0,0.0,0.0,0.0
2012-04-23,0.0,0.0,0.0,0.0,0.0,0.0,0.0,0.0,0.0,0.0
2012-04-24,0.0,1.5311432667364e-05,2.9076074766355143e-06,0.0,2.068957448806415e-05,1.0714285714285714e-06,0.22999999999999998,0.22999999999999998,0.05,-3.9980043203492236e-05
2012-04-25,0.0006174324022103555,1.5311432667364e-05,5.580063081299425e-06,0.0,2.127769418300033e-05,0.0,0.23458939501903278,0.0,0.0,0.0005752632122786918
2012-04-26,0.0,2.9600773422681796e-05,1.2337552550423738e-05,0.0,7.207972096403973e-05,4.642857142857142e-06,0.73,0.73,-0.049999999999999996,-0.00011866090408000241
2012-04-27,0.006499853617643847,2.9600773422681796e-05,1.1401594572832737e-05,0.0,7.395057952506958e-05,0.0,0.7321761976596092,0.0,0.0,0.006384900670123263
2012-04-30,0.0,0.0,0.0,0.0,0.0,0.0,0.0,0.0,0.0,0.0
2012-05-01,0.0,2.281700086278211e-05,4.690269894035305e-06,0.0,3.682705312373966e-05,1.6666666666666665e-06,0.33,0.33,0.05,-6.600099054722373e-05
2012-05-02,0.0016961123554275512,2.281700086278211e-05,7.545121955954341e-06,0.0,3.725360957682938e-05,0.0,0.3297022676377248,0.0,0.0,0.0016284966230319853
2012-05-03,0.0,1.1998253415841923e-05,5.698678111402885e-06,0.0,1.423332741410679e-05,2.261904761904762e-06,0.33,0.33,-0.05,-3.419216370325636e-05
2012-05-04,0.0023744868090939068,2.219274497115683e-05,6.266511895426857e-06,0.0,2.159302846429443e-05,1.6666666666666675e-06,0.35775086993575034,0.23000000000000007,-0.050000000000000024,0.002322767857096362
2012-05-07,-0.00042580835660438384,1.2402742239481363e-05,3.6765769888136718e-06,0.0,7.568139345487034e-06,0.0,0.22976495810155675,0.0,0.0,-0.00044945581517816593
2012-05-08,0.0,0.0,0.0,0.0,0.0,0.0,0.0,0.0,0.0,0.0
2012-05-09,0.0,0.0,0.0,0.0,0.0,0.0,0.0,0.0,0.0,0.0
2012-05-10,0.0,0.0,0.0,0.0,0.0,0.0,0.0,0.0,0.0,0.0
2012-05-11,0.0,0.0,0.0,0.0,0.0,0.0,0.0,0.0,0.0,0.0
2012-05-14,0.0,0.0,0.0,0.0,0.0,0.0,0.0,0.0,0.0,0.0
2012-05-15,0.0,0.0,0.0,0.0,0.0,0.0,0.0,0.0,0.0,0.0
2012-05-16,0.0,0.0,0.0,0.0,0.0,0.0,0.0,0.0,0.0,0.0
2012-05-17,0.0,0.0,0.0,0.0,0.0,0.0,0.0,0.0,0.0,0.0
2012-05-18,0.0,0.0,0.0,0.0,0.0,0.0,0.0,0.0,0.0,0.0
2012-05-21,0.0,0.0,0.0,0.0,0.0,0.0,0.0,0.0,0.0,0.0
2012-05-22,0.0,0.0,0.0,0.0,0.0,0.0,0.0,0.0,0.0,0.0
2012-05-23,0.0,0.0,0.0,0.0,0.0,0.0,0.0,0.0,0.0,0.0
2012-05-24,0.0,0.0,0.0,0.0,0.0,0.0,0.0,0.0,0.0,0.0
2012-05-25,0.0,0.0,0.0,0.0,0.0,0.0,0.0,0.0,0.0,0.0
2012-05-29,0.0,0.0,0.0,0.0,0.0,0.0,0.0,0.0,0.0,0.0
2012-05-30,0.0,0.0,0.0,0.0,0.0,0.0,0.0,0.0,0.0,0.0
2012-05-31,0.0,0.0,0.0,0.0,0.0,0.0,0.0,0.0,0.0,0.0
2012-06-01,0.0,0.0,0.0,0.0,0.0,0.0,0.0,0.0,0.0,0.0
2012-06-04,0.0,0.0,0.0,0.0,0.0,0.0,0.0,0.0,0.0,0.0
2012-06-05,0.0,0.0,0.0,0.0,0.0,0.0,0.0,0.0,0.0,0.0
2012-06-06,0.0,0.0,0.0,0.0,0.0,0.0,0.0,0.0,0.0,0.0
2012-06-07,0.0,0.0,0.0,0.0,0.0,0.0,0.0,0.0,0.0,0.0
2012-06-08,0.0,0.0,0.0,0.0,0.0,0.0,0.0,0.0,0.0,0.0
2012-06-11,0.0,0.0,0.0,0.0,0.0,0.0,0.0,0.0,0.0,0.0
2012-06-12,0.0,0.0,0.0,0.0,0.0,0.0,0.0,0.0,0.0,0.0
2012-06-13,0.0,0.0,0.0,0.0,0.0,0.0,0.0,0.0,0.0,0.0
2012-06-14,0.0,0.0,0.0,0.0,0.0,0.0,0.0,0.0,0.0,0.0
2012-06-15,0.0,0.0,0.0,0.0,0.0,0.0,0.0,0.0,0.0,0.0
2012-06-18,0.0,0.0,0.0,0.0,0.0,0.0,0.0,0.0,0.0,0.0
2012-06-19,0.0,0.0,0.0,0.0,0.0,0.0,0.0,0.0,0.0,0.0
2012-06-20,0.0,0.0,0.0,0.0,0.0,0.0,0.0,0.0,0.0,0.0
2012-06-21,0.0,0.0,0.0,0.0,0.0,0.0,0.0,0.0,0.0,0.0
2012-06-22,0.0,0.0,0.0,0.0,0.0,0.0,0.0,0.0,0.0,0.0
2012-06-25,0.0,0.0,0.0,0.0,0.0,0.0,0.0,0.0,0.0,0.0
2012-06-26,0.0,0.0,0.0,0.0,0.0,0.0,0.0,0.0,0.0,0.0
2012-06-27,0.0,0.0,0.0,0.0,0.0,0.0,0.0,0.0,0.0,0.0
2012-06-28,0.0,0.0,0.0,0.0,0.0,0.0,0.0,0.0,0.0,0.0
2012-06-29,0.0,0.0,0.0,0.0,0.0,0.0,0.0,0.0,0.0,0.0
2012-07-02,0.0,0.0,0.0,0.0,0.0,0.0,0.0,0.0,0.0,0.0
2012-07-03,0.0,0.0,0.0,0.0,0.0,0.0,0.0,0.0,0.0,0.0
2012-07-05,0.0,0.0,0.0,0.0,0.0,0.0,0.0,0.0,0.0,0.0
2012-07-06,0.0,0.0,0.0,0.0,0.0,0.0,0.0,0.0,0.0,0.0
2012-07-09,0.0,0.0,0.0,0.0,0.0,0.0,0.0,0.0,0.0,0.0
2012-07-10,0.0,0.0,0.0,0.0,0.0,0.0,0.0,0.0,0.0,0.0
2012-07-11,0.0,0.0,0.0,0.0,0.0,0.0,0.0,0.0,0.0,0.0
2012-07-12,0.0,0.0,0.0,0.0,0.0,0.0,0.0,0.0,0.0,0.0
2012-07-13,0.0,0.0,0.0,0.0,0.0,0.0,0.0,0.0,0.0,0.0
2012-07-16,0.0,6.750244764088768e-06,3.208584498935067e-06,0.0,9.6815172755788e-06,1.3095238095238096e-06,0.16999999999999998,0.16999999999999998,-0.05,-2.0949870348126444e-05
2012-07-17,0.0008580501412968456,6.750244764088768e-06,2.3052369595408846e-06,0.0,9.798702067038645e-06,0.0,0.17171075719815265,0.0,0.0,0.0008391959575061773
2012-07-18,0.0,0.0,0.0,0.0,0.0,0.0,0.0,0.0,0.0,0.0
2012-07-19,0.0,5.8443375990811256e-05,1.3419535575191667e-05,0.0,4.511266393617463e-05,3.0952380952380953e-06,0.5700000000000001,0.5700000000000001,0.05000000000000003,-0.00012007081359741566
2012-07-20,-0.002297185118031344,5.8443375990811256e-05,1.0728876475436562e-05,0.0,4.596953765759798e-05,0.0,0.5675987952586917,0.0,0.0,-0.0024123269081551897
2012-07-23,0.0,0.0,0.0,0.0,0.0,0.0,0.0,0.0,0.0,0.0
2012-07-24,0.0,2.378834803976512e-05,8.631313567629755e-06,0.0,2.681525002573471e-05,3.4523809523809523e-06,0.53,0.53,-0.050000000000000044,-6.268729258551054e-05
2012-07-25,-0.0014115574813749327,2.3788348039765116e-05,8.923703464027187e-06,0.0,2.6816554909051345e-05,0.0,0.5323216680041294,0.0,0.0,-0.0014710860877877763
2012-07-26,0.0,1.2116166254617536e-05,6.627664377377079e-06,0.0,2.537361214948463e-05,2.7380952380952382e-06,0.4099999999999999,0.4099999999999999,-0.04999999999999999,-4.685553801957448e-05
2012-07-27,-0.001339847369942832,1.2116166254617536e-05,6.025067353045277e-06,0.0,2.6778567701697446e-05,0.0,0.41927559239979983,0.0,0.0,-0.0013847671712521922
2012-07-30,0.0,0.0,0.0,0.0,0.0,0.0,0.0,0.0,0.0,0.0
2012-07-31,0.0,0.0,0.0,0.0,0.0,0.0,0.0,0.0,0.0,0.0
2012-08-01,0.0,7.54404524387344e-06,2.006467153284671e-06,0.0,1.170009495787026e-05,7.142857142857143e-07,0.17,0.17,0.05000000000000001,-2.1964893069314086e-05
2012-08-02,-0.0015491558157779762,1.6206219876384854e-05,7.627485388936917e-06,0.0,3.232300953792594e-05,1.5476190476190479e-06,0.3782487105514315,0.21000000000000002,-0.05000000000000001,-0.0016068601496288428
2012-08-03,0.0018284780037492654,8.662174632511415e-06,2.8063411255650694e-06,0.0,2.0714984626721084e-05,0.0,0.211743996373996,0.0,0.0,0.0017962945033644679
2012-08-06,0.0,0.0,0.0,0.0,0.0,0.0,0.0,0.0,0.0,0.0
2012-08-07,0.0,4.509438664752082e-06,2.0683903903903903e-06,0.0,1.0735027316739895e-05,7.142857142857143e-07,0.16999999999999998,0.16999999999999998,0.05,-1.8027142086168083e-05
2012-08-08,-0.001032998999506719,4.509438664752083e-06,3.0589683563838083e-06,0.0,1.0931344656214974e-05,0.0,0.17148952352301583,0.0,0.0,-0.00105149875118407
2012-08-09,0.0,0.0,0.0,0.0,0.0,0.0,0.0,0.0,0.0,0.0
2012-08-10,0.0,0.0,0.0,0.0,0.0,0.0,0.0,0.0,0.0,0.0
2012-08-13,0.0,0.0,0.0,0.0,0.0,0.0,0.0,0.0,0.0,0.0
2012-08-14,0.0,0.0,0.0,0.0,0.0,0.0,0.0,0.0,0.0,0.0
2012-08-15,0.0,0.0,0.0,0.0,0.0,0.0,0.0,0.0,0.0,0.0
2012-08-16,0.0,0.0,0.0,0.0,0.0,0.0,0.0,0.0,0.0,0.0
2012-08-17,0.0,0.0,0.0,0.0,0.0,0.0,0.0,0.0,0.0,0.0
2012-08-20,0.0,0.0,0.0,0.0,0.0,0.0,0.0,0.0,0.0,0.0
2012-08-21,0.0,0.0,0.0,0.0,0.0,0.0,0.0,0.0,0.0,0.0
2012-08-22,0.0,4.1912605004918605e-06,2.078684931506849e-06,0.0,1.0203356378966531e-05,7.142857142857143e-07,0.16999999999999998,0.16999999999999998,0.05,-1.7187587525250954e-05
2012-08-23,-0.00142752088820231,4.19126050049186e-06,2.9499750453537706e-06,0.0,1.010572066224806e-05,0.0,0.1681615202076881,0.0,0.0,-0.0014447678444104036
2012-08-24,0.0,0.0,0.0,0.0,0.0,0.0,0.0,0.0,0.0,0.0
2012-08-27,0.0,0.0,0.0,0.0,0.0,0.0,0.0,0.0,0.0,0.0
2012-08-28,0.0,0.0,0.0,0.0,0.0,0.0,0.0,0.0,0.0,0.0
2012-08-29,0.0,0.0,0.0,0.0,0.0,0.0,0.0,0.0,0.0,0.0
2012-08-30,0.0,0.0,0.0,0.0,0.0,0.0,0.0,0.0,0.0,0.0
2012-08-31,0.0,0.0,0.0,0.0,0.0,0.0,0.0,0.0,0.0,0.0
2012-09-04,0.0,0.0,0.0,0.0,0.0,0.0,0.0,0.0,0.0,0.0
2012-09-05,0.0,0.0,0.0,0.0,0.0,0.0,0.0,0.0,0.0,0.0
2012-09-06,0.0,0.0,0.0,0.0,0.0,0.0,0.0,0.0,0.0,0.0
2012-09-07,0.0,0.0,0.0,0.0,0.0,0.0,0.0,0.0,0.0,0.0
2012-09-10,0.0,0.0,0.0,0.0,0.0,0.0,0.0,0.0,0.0,0.0
2012-09-11,0.0,0.0,0.0,0.0,0.0,0.0,0.0,0.0,0.0,0.0
2012-09-12,0.0,0.0,0.0,0.0,0.0,0.0,0.0,0.0,0.0,0.0
2012-09-13,0.0,0.0,0.0,0.0,0.0,0.0,0.0,0.0,0.0,0.0
2012-09-14,0.0,0.0,0.0,0.0,0.0,0.0,0.0,0.0,0.0,0.0
2012-09-17,0.0,0.0,0.0,0.0,0.0,0.0,0.0,0.0,0.0,0.0
2012-09-18,0.0,0.0,0.0,0.0,0.0,0.0,0.0,0.0,0.0,0.0
2012-09-19,0.0,0.0,0.0,0.0,0.0,0.0,0.0,0.0,0.0,0.0
2012-09-20,0.0,0.0,0.0,0.0,0.0,0.0,0.0,0.0,0.0,0.0
2012-09-21,0.0,0.0,0.0,0.0,0.0,0.0,0.0,0.0,0.0,0.0
2012-09-24,0.0,0.0,0.0,0.0,0.0,0.0,0.0,0.0,0.0,0.0
2012-09-25,0.0,0.0,0.0,0.0,0.0,0.0,0.0,0.0,0.0,0.0
2012-09-26,0.0,0.0,0.0,0.0,0.0,0.0,0.0,0.0,0.0,0.0
2012-09-27,0.0,0.0,0.0,0.0,0.0,0.0,0.0,0.0,0.0,0.0
2012-09-28,0.0,0.0,0.0,0.0,0.0,0.0,0.0,0.0,0.0,0.0
2012-10-01,0.0,0.0,0.0,0.0,0.0,0.0,0.0,0.0,0.0,0.0
2012-10-02,0.0,0.0,0.0,0.0,0.0,0.0,0.0,0.0,0.0,0.0
2012-10-03,0.0,0.0,0.0,0.0,0.0,0.0,0.0,0.0,0.0,0.0
2012-10-04,0.0,0.0,0.0,0.0,0.0,0.0,0.0,0.0,0.0,0.0
2012-10-05,0.0,0.0,0.0,0.0,0.0,0.0,0.0,0.0,0.0,0.0
2012-10-08,0.0,0.0,0.0,0.0,0.0,0.0,0.0,0.0,0.0,0.0
2012-10-09,0.0,0.0,0.0,0.0,0.0,0.0,0.0,0.0,0.0,0.0
2012-10-10,0.0,0.0,0.0,0.0,0.0,0.0,0.0,0.0,0.0,0.0
2012-10-11,0.0,0.0,0.0,0.0,0.0,0.0,0.0,0.0,0.0,0.0
2012-10-12,0.0,5.47343565197553e-06,2.1814423407917385e-06,0.0,2.3491558605311594e-06,7.142857142857143e-07,0.16999999999999998,0.16999999999999998,0.05,-1.0718319567584143e-05
2012-10-15,0.001926192209161197,5.47343565197553e-06,3.1226923812699917e-06,0.0,2.3982512566033896e-06,0.0,0.17068694952413538,0.0,0.0,0.001915197829871348
2012-10-16,0.0,0.0,0.0,0.0,0.0,0.0,0.0,0.0,0.0,0.0
2012-10-17,0.0,0.0,0.0,0.0,0.0,0.0,0.0,0.0,0.0,0.0
2012-10-18,0.0,1.660628039311532e-05,5.457288233794102e-06,0.0,1.163330740084248e-05,1.5476190476190474e-06,0.20999999999999996,0.20999999999999996,-0.049999999999999996,-3.524449507537095e-05
2012-10-19,0.0018876386929358095,1.6606280393115315e-05,2.6220780743158918e-06,0.0,1.1345485300360328e-05,0.0,0.2056126407512803,0.0,0.0,0.0018570648491680179
2012-10-22,0.0,0.0,0.0,0.0,0.0,0.0,0.0,0.0,0.0,0.0
2012-10-23,0.0,0.0,0.0,0.0,0.0,0.0,0.0,0.0,0.0,0.0
2012-10-24,0.0,4.553133231330275e-06,1.9852478991596635e-06,0.0,4.218763712074063e-06,7.142857142857143e-07,0.16999999999999998,0.16999999999999998,0.05,-1.1471430556849716e-05
2012-10-25,-0.0009961188489870454,2.2921055313445155e-05,1.1062805863409732e-05,0.0,3.580362290839945e-05,3.2142857142857135e-06,0.6603904357728616,0.48999999999999994,-0.04999999999999996,-0.0010691206187865856
2012-10-26,-0.002335743089153591,1.836792208211489e-05,7.652276419079275e-06,0.0,3.110073540338345e-05,0.0,0.48821242245788876,0.0,0.0,-0.002392864023058169
2012-10-31,0.0,2.3514130447702752e-05,7.436415938242251e-06,0.0,3.7129718548218325e-05,2.976190476190476e-06,0.44999999999999996,0.44999999999999996,-0.04999999999999996,-7.10564554103538e-05
2012-11-01,0.005141227507281583,2.351413044770275e-05,8.232416654185481e-06,0.0,3.795696592193839e-05,0.0,0.4643280427403905,0.0,0.0,0.0050715239942577565
2012-11-02,0.0,5.562339550288213e-06,3.186889257924377e-06,0.0,5.812520930208911e-06,1.3095238095238096e-06,0.16999999999999998,0.16999999999999998,-0.05,-1.587127354794531e-05
2012-11-05,-0.0007462030152879233,5.562339550288213e-06,2.083001515416937e-06,0.0,5.596222920098643e-06,0.0,0.16904623933929808,0.0,0.0,-0.0007594445792737271
2012-11-06,0.0,0.0,0.0,0.0,0.0,0.0,0.0,0.0,0.0,0.0
2012-11-07,0.0,0.0,0.0,0.0,0.0,0.0,0.0,0.0,0.0,0.0
2012-11-08,0.0,0.0,0.0,0.0,0.0,0.0,0.0,0.0,0.0,0.0
2012-11-09,0.0,0.0,0.0,0.0,0.0,0.0,0.0,0.0,0.0,0.0
2012-11-12,0.0,0.0,0.0,0.0,0.0,0.0,0.0,0.0,0.0,0.0
2012-11-13,0.0,0.0,0.0,0.0,0.0,0.0,0.0,0.0,0.0,0.0
2012-11-14,0.0,0.0,0.0,0.0,0.0,0.0,0.0,0.0,0.0,0.0
2012-11-15,0.0,0.0,0.0,0.0,0.0,0.0,0.0,0.0,0.0,0.0
2012-11-16,0.0,0.0,0.0,0.0,0.0,0.0,0.0,0.0,0.0,0.0
2012-11-19,0.0,0.0,0.0,0.0,0.0,0.0,0.0,0.0,0.0,0.0
2012-11-20,0.0,0.0,0.0,0.0,0.0,0.0,0.0,0.0,0.0,0.0
2012-11-21,0.0,0.0,0.0,0.0,0.0,0.0,0.0,0.0,0.0,0.0
2012-11-26,0.0,0.0,0.0,0.0,0.0,0.0,0.0,0.0,0.0,0.0
2012-11-27,0.0,0.0,0.0,0.0,0.0,0.0,0.0,0.0,0.0,0.0
2012-11-28,0.0,0.0,0.0,0.0,0.0,0.0,0.0,0.0,0.0,0.0
2012-11-29,0.0,0.0,0.0,0.0,0.0,0.0,0.0,0.0,0.0,0.0
2012-11-30,0.0,0.0,0.0,0.0,0.0,0.0,0.0,0.0,0.0,0.0
2012-12-03,0.0,0.0,0.0,0.0,0.0,0.0,0.0,0.0,0.0,0.0
2012-12-04,0.0,0.0,0.0,0.0,0.0,0.0,0.0,0.0,0.0,0.0
2012-12-05,0.0,0.0,0.0,0.0,0.0,0.0,0.0,0.0,0.0,0.0
2012-12-06,0.0,0.0,0.0,0.0,0.0,0.0,0.0,0.0,0.0,0.0
2012-12-07,0.0,0.0,0.0,0.0,0.0,0.0,0.0,0.0,0.0,0.0
2012-12-10,0.0,0.0,0.0,0.0,0.0,0.0,0.0,0.0,0.0,0.0
2012-12-11,0.0,0.0,0.0,0.0,0.0,0.0,0.0,0.0,0.0,0.0
2012-12-12,0.0,2.7424371283905184e-06,1.904832105467235e-06,0.0,4.159557816711015e-06,7.142857142857143e-07,0.16999999999999998,0.16999999999999998,0.04999999999999998,-9.521112764854484e-06
2012-12-13,-7.233764752291171e-05,2.7424371283905184e-06,2.914631623128209e-06,0.0,4.062008644758601e-06,0.0,0.169113393255928,0.0,0.0,-8.205672491918904e-05
2012-12-14,0.0,0.0,0.0,0.0,0.0,0.0,0.0,0.0,0.0,0.0
2012-12-17,0.0,0.0,0.0,0.0,0.0,0.0,0.0,0.0,0.0,0.0
2012-12-18,0.0,0.0,0.0,0.0,0.0,0.0,0.0,0.0,0.0,0.0
2012-12-19,0.0,0.0,0.0,0.0,0.0,0.0,0.0,0.0,0.0,0.0
2012-12-20,0.0,0.0,0.0,0.0,0.0,0.0,0.0,0.0,0.0,0.0
2012-12-21,0.0,0.0,0.0,0.0,0.0,0.0,0.0,0.0,0.0,0.0
2012-12-26,0.0,0.0,0.0,0.0,0.0,0.0,0.0,0.0,0.0,0.0
2012-12-27,0.0,0.0,0.0,0.0,0.0,0.0,0.0,0.0,0.0,0.0
2012-12-28,0.0,0.0,0.0,0.0,0.0,0.0,0.0,0.0,0.0,0.0
2012-12-31,0.0,0.0,0.0,0.0,0.0,0.0,0.0,0.0,0.0,0.0
2013-01-02,0.0,0.0,0.0,0.0,0.0,0.0,0.0,0.0,0.0,0.0
2013-01-03,0.0,0.0,0.0,0.0,0.0,0.0,0.0,0.0,0.0,0.0
2013-01-04,0.0,0.0,0.0,0.0,0.0,0.0,0.0,0.0,0.0,0.0
2013-01-07,0.0,0.0,0.0,0.0,0.0,0.0,0.0,0.0,0.0,0.0
2013-01-08,0.0,0.0,0.0,0.0,0.0,0.0,0.0,0.0,0.0,0.0
2013-01-09,0.0,0.0,0.0,0.0,0.0,0.0,0.0,0.0,0.0,0.0
2013-01-10,0.0,0.0,0.0,0.0,0.0,0.0,0.0,0.0,0.0,0.0
2013-01-11,0.0,4.613846653389956e-06,2.16611013767209e-06,0.0,2.6459775530977247e-06,7.142857142857143e-07,0.16999999999999998,0.16999999999999998,0.049999999999999996,-1.0140220058445485e-05
2013-01-14,0.00048599281671313216,4.613846653389956e-06,2.9667072171518977e-06,0.0,2.5584205307210394e-06,0.0,0.169384616095812,0.0,0.0,0.0004758538423118693
2013-01-15,0.0,0.0,0.0,0.0,0.0,0.0,0.0,0.0,0.0,0.0
2013-01-16,0.0,0.0,0.0,0.0,0.0,0.0,0.0,0.0,0.0,0.0
2013-01-17,0.0,2.005867845775606e-05,3.2274884109778653e-06,0.0,8.201199209419961e-06,1.3095238095238096e-06,0.16999999999999998,0.16999999999999998,-0.049999999999999996,-3.2796889887677695e-05
2013-01-18,-1.9449086122374823e-06,2.005867845775606e-05,4.418051895169886e-06,0.0,7.58809925242661e-06,0.0,0.17000194490861223,0.0,0.0,-3.400973821759004e-05
2013-01-22,0.0,0.0,0.0,0.0,0.0,0.0,0.0,0.0,0.0,0.0
2013-01-23,0.0,0.0,0.0,0.0,0.0,0.0,0.0,0.0,0.0,0.0
2013-01-24,0.0,9.4308769991107e-06,4.246116969876851e-06,0.0,1.640457333034896e-05,1.4285714285714286e-06,0.2899999999999999,0.2899999999999999,0.049999999999999975,-3.151013872790794e-05
2013-01-25,0.00043741031900543475,9.4308769991107e-06,4.823712657614348e-06,0.0,1.6841946263706793e-05,0.0,0.29393851076356226,0.0,0.0,0.0004063137830850029
2013-01-28,0.0,0.0,0.0,0.0,0.0,0.0,0.0,0.0,0.0,0.0
2013-01-29,0.0,5.856008966264106e-06,3.3661477324129508e-06,0.0,7.71443810399637e-06,1.3095238095238098e-06,0.17,0.17,-0.05000000000000002,-1.8246118612197234e-05
2013-01-30,-0.0010207009292737507,5.856008966264105e-06,1.9310104815583235e-06,0.0,7.464622870122418e-06,0.0,0.1676798431414634,0.0,0.0,-0.0010359525715916956
2013-01-31,0.0,6.287513437243224e-06,3.082597039746714e-06,0.0,6.456998258358622e-06,1.3095238095238098e-06,0.17,0.17,-0.05000000000000001,-1.713663254487237e-05
2013-02-01,-0.00025114379254829924,6.287513437243224e-06,2.3386197880199177e-06,0.0,6.5069800381949865e-06,0.0,0.17124671901378724,0.0,0.0,-0.0002662769058117574
2013-02-04,0.0,0.0,0.0,0.0,0.0,0.0,0.0,0.0,0.0,0.0
2013-02-05,0.0,4.2958857672221144e-06,2.5797566765578638e-06,0.0,1.393285930766957e-05,9.523809523809523e-07,0.21,0.21,0.04999999999999998,-2.17608827038305e-05
2013-02-06,-0.001964733379407713,1.1052855637393762e-05,6.612348189565568e-06,0.0,2.1350235213625396e-05,1.3095238095238088e-06,0.38159609748112633,0.16999999999999993,-0.04999999999999994,-0.0020050583422578216
2013-02-07,-0.0004066623694364053,1.564309174542505e-05,5.586179050583122e-06,0.0,2.6862854655166223e-05,2.2619047619047617e-06,0.3297233608016395,0.33000000000000007,-0.05000000000000002,-0.0004570163996494845
2013-02-08,0.00011269338665552682,1.0583416230230167e-05,4.751212617488245e-06,0.0,2.0277465190933174e-05,0.0,0.3325388484132275,0.0,0.0,7.708129261687523e-05
2013-02-11,0.0,0.0,0.0,0.0,0.0,0.0,0.0,0.0,0.0,0.0
2013-02-12,0.0,0.0,0.0,0.0,0.0,0.0,0.0,0.0,0.0,0.0
2013-02-13,0.0,0.0,0.0,0.0,0.0,0.0,0.0,0.0,0.0,0.0
2013-02-14,0.0,0.0,0.0,0.0,0.0,0.0,0.0,0.0,0.0,0.0
2013-02-15,0.0,0.0,0.0,0.0,0.0,0.0,0.0,0.0,0.0,0.0
2013-02-19,0.0,0.0,0.0,0.0,0.0,0.0,0.0,0.0,0.0,0.0
2013-02-20,0.0,0.0,0.0,0.0,0.0,0.0,0.0,0.0,0.0,0.0
2013-02-21,0.0,0.0,0.0,0.0,0.0,0.0,0.0,0.0,0.0,0.0
2013-02-22,0.0,0.0,0.0,0.0,0.0,0.0,0.0,0.0,0.0,0.0
2013-02-25,0.0,0.0,0.0,0.0,0.0,0.0,0.0,0.0,0.0,0.0
2013-02-26,0.0,0.0,0.0,0.0,0.0,0.0,0.0,0.0,0.0,0.0
2013-02-27,0.0,0.0,0.0,0.0,0.0,0.0,0.0,0.0,0.0,0.0
2013-02-28,0.0,0.0,0.0,0.0,0.0,0.0,0.0,0.0,0.0,0.0
2013-03-01,0.0,0.0,0.0,0.0,0.0,0.0,0.0,0.0,0.0,0.0
2013-03-04,0.0,0.0,0.0,0.0,0.0,0.0,0.0,0.0,0.0,0.0
2013-03-05,0.0,0.0,0.0,0.0,0.0,0.0,0.0,0.0,0.0,0.0
2013-03-06,0.0,0.0,0.0,0.0,0.0,0.0,0.0,0.0,0.0,0.0
2013-03-07,0.0,0.0,0.0,0.0,0.0,0.0,0.0,0.0,0.0,0.0
2013-03-08,0.0,0.0,0.0,0.0,0.0,0.0,0.0,0.0,0.0,0.0
2013-03-11,0.0,0.0,0.0,0.0,0.0,0.0,0.0,0.0,0.0,0.0
2013-03-12,0.0,0.0,0.0,0.0,0.0,0.0,0.0,0.0,0.0,0.0
2013-03-13,0.0,0.0,0.0,0.0,0.0,0.0,0.0,0.0,0.0,0.0
2013-03-14,0.0,0.0,0.0,0.0,0.0,0.0,0.0,0.0,0.0,0.0
2013-03-15,0.0,0.0,0.0,0.0,0.0,0.0,0.0,0.0,0.0,0.0
2013-03-18,0.0,0.0,0.0,0.0,0.0,0.0,0.0,0.0,0.0,0.0
2013-03-19,0.0,0.0,0.0,0.0,0.0,0.0,0.0,0.0,0.0,0.0
2013-03-20,0.0,0.0,0.0,0.0,0.0,0.0,0.0,0.0,0.0,0.0
2013-03-21,0.0,0.0,0.0,0.0,0.0,0.0,0.0,0.0,0.0,0.0
2013-03-22,0.0,0.0,0.0,0.0,0.0,0.0,0.0,0.0,0.0,0.0
2013-03-25,0.0,0.0,0.0,0.0,0.0,0.0,0.0,0.0,0.0,0.0
2013-03-26,0.0,0.0,0.0,0.0,0.0,0.0,0.0,0.0,0.0,0.0
2013-03-27,0.0,0.0,0.0,0.0,0.0,0.0,0.0,0.0,0.0,0.0
2013-03-28,0.0,0.0,0.0,0.0,0.0,0.0,0.0,0.0,0.0,0.0
2013-04-01,0.0,0.0,0.0,0.0,0.0,0.0,0.0,0.0,0.0,0.0
2013-04-02,0.0,0.0,0.0,0.0,0.0,0.0,0.0,0.0,0.0,0.0
2013-04-03,0.0,0.0,0.0,0.0,0.0,0.0,0.0,0.0,0.0,0.0
2013-04-04,0.0,0.0,0.0,0.0,0.0,0.0,0.0,0.0,0.0,0.0
2013-04-05,0.0,0.0,0.0,0.0,0.0,0.0,0.0,0.0,0.0,0.0
2013-04-08,0.0,0.0,0.0,0.0,0.0,0.0,0.0,0.0,0.0,0.0
2013-04-09,0.0,0.0,0.0,0.0,0.0,0.0,0.0,0.0,0.0,0.0
2013-04-10,0.0,0.0,0.0,0.0,0.0,0.0,0.0,0.0,0.0,0.0
2013-04-11,0.0,0.0,0.0,0.0,0.0,0.0,0.0,0.0,0.0,0.0
2013-04-12,0.0,0.0,0.0,0.0,0.0,0.0,0.0,0.0,0.0,0.0
2013-04-15,0.0,0.0,0.0,0.0,0.0,0.0,0.0,0.0,0.0,0.0
2013-04-16,0.0,0.0,0.0,0.0,0.0,0.0,0.0,0.0,0.0,0.0
2013-04-17,0.0,2.6121416064644332e-05,3.8408231337605175e-06,0.0,1.2269627832647594e-05,1.5476190476190472e-06,0.21,0.21,-0.04999999999999998,-4.377948607867149e-05
2013-04-18,-0.00044304241195871637,2.6121416064644336e-05,5.779858887015279e-06,0.0,1.2612407745012115e-05,0.0,0.20709420520265637,0.0,0.0,-0.0004875560946553881
2013-04-19,0.0,0.0,0.0,0.0,0.0,0.0,0.0,0.0,0.0,0.0
2013-04-22,0.0,0.0,0.0,0.0,0.0,0.0,0.0,0.0,0.0,0.0
2013-04-23,0.0,0.0,0.0,0.0,0.0,0.0,0.0,0.0,0.0,0.0
2013-04-24,0.0,1.1987350313522941e-05,8.635830916592585e-06,0.0,2.875712622539684e-05,3.690476190476191e-06,0.5700000000000001,0.5700000000000001,-0.050000000000000044,-5.307078364598855e-05
2013-04-25,-0.002227041992851538,2.2189111928912208e-05,1.3582286375209206e-05,0.0,5.299794800193866e-05,2.1428571428571427e-06,0.9804745044913548,0.41000000000000014,0.0500000000000001,-0.002317954196300455
2013-04-26,-0.003390507785748343,1.291325783825233e-05,8.996625774164476e-06,0.0,2.9463736410982055e-05,9.883818974156653e-07,0.554927494574762,0.1430240793829159,-0.023024079382915886,-0.0034428697876691576
2013-04-29,0.0008460721704083371,2.7114962228630654e-06,1.7927169082699417e-06,0.0,5.654680896265725e-06,0.0,0.14345516131660432,0.0,0.0,0.0008359132763809384
2013-04-30,0.0,6.34417185273507e-06,2.5173113342898134e-06,0.0,1.3474576395196089e-05,7.142857142857143e-07,0.16999999999999998,0.16999999999999998,0.04999999999999999,-2.3050345296506683e-05
2013-05-01,-0.002935628206129013,6.34417185273507e-06,2.884812743365878e-06,0.0,1.4076318536076824e-05,0.0,0.17119636605499006,0.0,0.0,-0.002958933509261191
2013-05-02,0.0,9.930234445539921e-06,3.67757362752895e-06,0.0,1.1704285399399563e-05,1.2738119604598368e-06,0.2030002046786263,0.2030002046786263,-0.011000204678626311,-2.658590543292827e-05
2013-05-03,0.0007242174258600035,1.3548012937399454e-05,5.20747438617959e-06,0.0,1.9746250734636623e-05,9.542806848130997e-07,0.321719917935975,0.14015957752430036,-0.020159577524300372,0.0006847614071169748
2013-05-06,0.00043034782229849907,3.824971171413003e-06,1.8964741908785817e-06,0.0,7.856024892101449e-06,0.0,0.13816698397376753,0.0,0.0,0.00041677035204410606
2013-05-07,0.0,0.0,0.0,0.0,0.0,0.0,0.0,0.0,0.0,0.0
2013-05-08,0.0,0.0,0.0,0.0,0.0,0.0,0.0,0.0,0.0,0.0
2013-05-09,0.0,0.0,0.0,0.0,0.0,0.0,0.0,0.0,0.0,0.0
2013-05-10,0.0,0.0,0.0,0.0,0.0,0.0,0.0,0.0,0.0,0.0
2013-05-13,0.0,0.0,0.0,0.0,0.0,0.0,0.0,0.0,0.0,0.0
2013-05-14,0.0,0.0,0.0,0.0,0.0,0.0,0.0,0.0,0.0,0.0
2013-05-15,0.0,0.0,0.0,0.0,0.0,0.0,0.0,0.0,0.0,0.0
2013-05-16,0.0,0.0,0.0,0.0,0.0,0.0,0.0,0.0,0.0,0.0
2013-05-17,0.0,0.0,0.0,0.0,0.0,0.0,0.0,0.0,0.0,0.0
2013-05-20,0.0,0.0,0.0,0.0,0.0,0.0,0.0,0.0,0.0,0.0
2013-05-21,0.0,6.187785861929591e-06,5.264808131630216e-06,0.0,7.325321085861847e-06,2.2619047619047634e-06,0.3300000000000001,0.3300000000000001,-0.05000000000000014,-2.103981984132642e-05
2013-05-22,0.0016433893697331277,6.187785861929591e-06,4.2556518179976386e-06,0.0,7.074059067838302e-06,0.0,0.32876107260124365,0.0,0.0,0.001625871872985362
2013-05-23,0.0,0.0,0.0,0.0,0.0,0.0,0.0,0.0,0.0,0.0
2013-05-24,0.0,4.291357092957543e-06,3.000921054740063e-06,0.0,6.263718803877948e-06,1.3095238095238096e-06,0.16999999999999998,0.16999999999999998,-0.049999999999999996,-1.4865520761099364e-05
2013-05-28,-9.598690645932408e-05,4.291357092957542e-06,2.091770478504323e-06,0.0,6.3841067076948595e-06,0.0,0.17080113726940435,0.0,0.0,-0.0001087541407384808
2013-05-29,0.0,0.0,0.0,0.0,0.0,0.0,0.0,0.0,0.0,0.0
2013-05-30,0.0,0.0,0.0,0.0,0.0,0.0,0.0,0.0,0.0,0.0
2013-05-31,0.0,0.0,0.0,0.0,0.0,0.0,0.0,0.0,0.0,0.0
2013-06-03,0.0,0.0,0.0,0.0,0.0,0.0,0.0,0.0,0.0,0.0
2013-06-04,0.0,0.0,0.0,0.0,0.0,0.0,0.0,0.0,0.0,0.0
2013-06-05,0.0,0.0,0.0,0.0,0.0,0.0,0.0,0.0,0.0,0.0
2013-06-06,0.0,0.0,0.0,0.0,0.0,0.0,0.0,0.0,0.0,0.0
2013-06-07,0.0,0.0,0.0,0.0,0.0,0.0,0.0,0.0,0.0,0.0
2013-06-10,0.0,0.0,0.0,0.0,0.0,0.0,0.0,0.0,0.0,0.0
2013-06-11,0.0,0.0,0.0,0.0,0.0,0.0,0.0,0.0,0.0,0.0
2013-06-12,0.0,0.0,0.0,0.0,0.0,0.0,0.0,0.0,0.0,0.0
2013-06-13,0.0,0.0,0.0,0.0,0.0,0.0,0.0,0.0,0.0,0.0
2013-06-14,0.0,0.0,0.0,0.0,0.0,0.0,0.0,0.0,0.0,0.0
2013-06-17,0.0,0.0,0.0,0.0,0.0,0.0,0.0,0.0,0.0,0.0
2013-06-18,0.0,0.0,0.0,0.0,0.0,0.0,0.0,0.0,0.0,0.0
2013-06-19,0.0,0.0,0.0,0.0,0.0,0.0,0.0,0.0,0.0,0.0
2013-06-20,0.0,0.0,0.0,0.0,0.0,0.0,0.0,0.0,0.0,0.0
2013-06-21,0.0,0.0,0.0,0.0,0.0,0.0,0.0,0.0,0.0,0.0
2013-06-24,0.0,0.0,0.0,0.0,0.0,0.0,0.0,0.0,0.0,0.0
2013-06-25,0.0,0.0,0.0,0.0,0.0,0.0,0.0,0.0,0.0,0.0
2013-06-26,0.0,0.0,0.0,0.0,0.0,0.0,0.0,0.0,0.0,0.0
2013-06-27,0.0,0.0,0.0,0.0,0.0,0.0,0.0,0.0,0.0,0.0
2013-06-28,0.0,0.0,0.0,0.0,0.0,0.0,0.0,0.0,0.0,0.0
2013-07-01,0.0,0.0,0.0,0.0,0.0,0.0,0.0,0.0,0.0,0.0
2013-07-02,0.0,0.0,0.0,0.0,0.0,0.0,0.0,0.0,0.0,0.0
2013-07-05,0.0,0.0,0.0,0.0,0.0,0.0,0.0,0.0,0.0,0.0
2013-07-08,0.0,0.0,0.0,0.0,0.0,0.0,0.0,0.0,0.0,0.0
2013-07-09,0.0,0.0,0.0,0.0,0.0,0.0,0.0,0.0,0.0,0.0
2013-07-10,0.0,0.0,0.0,0.0,0.0,0.0,0.0,0.0,0.0,0.0
2013-07-11,0.0,2.1132497881288025e-06,1.8421183896759713e-06,0.0,2.19647644007346e-06,7.142857142857143e-07,0.16999999999999998,0.16999999999999998,0.049999999999999975,-6.866130332163948e-06
2013-07-12,-0.00019449709876550298,6.1134407096136414e-06,5.848689652179545e-06,0.0,4.0793697265221415e-06,1.3095238095238096e-06,0.3400916580422079,0.16999999999999998,-0.049999999999999996,-0.00021184812266334213
2013-07-15,0.0007330658570560796,4.000190921484839e-06,2.098083203331871e-06,0.0,1.85226247189413e-06,0.0,0.1712967041023485,0.0,0.0,0.0007251153204593688
2013-07-16,0.0,0.0,0.0,0.0,0.0,0.0,0.0,0.0,0.0,0.0
2013-07-17,0.0,6.821568693060842e-06,2.8069039433771484e-06,0.0,7.261380947326934e-06,1.0714285714285714e-06,0.22999999999999998,0.22999999999999998,0.05,-1.7961282155193493e-05
2013-07-18,-0.0012129597768739432,6.821568693060841e-06,4.28212117198698e-06,0.0,7.590657781934166e-06,0.0,0.23457470453050722,0.0,0.0,-0.0012316541245209253
2013-07-19,0.0,6.316778693249574e-06,3.579650546932022e-06,0.0,8.553170233907331e-06,1.5476190476190476e-06,0.20999999999999996,0.20999999999999996,-0.05,-1.9997218521707973e-05
2013-07-22,-8.906197372309028e-05,6.316778693249575e-06,2.8845837483826245e-06,0.0,8.691904769190597e-06,0.0,0.21160272061945257,0.0,0.0,-0.00010695524093391309
2013-07-23,0.0,4.573494568062833e-06,4.0135175567324755e-06,0.0,1.113663842578984e-05,1.6666666666666669e-06,0.23,0.23,-0.05000000000000002,-2.1390317217251815e-05
2013-07-24,0.0018805851913156406,5.711538237461752e-06,4.179811829118176e-06,0.0,1.612766185658336e-05,1.5476190476190474e-06,0.2989397619947691,0.20999999999999996,-0.04999999999999999,0.0018530185603448583
2013-07-25,-0.00016848335137921067,8.560140325075793e-06,5.0141268633832965e-06,0.0,2.446948589289121e-05,2.0238095238095237e-06,0.31966370086026324,0.29000000000000004,-0.05000000000000002,-0.0002085509139843705
2013-07-26,0.0028581948601484122,7.768246504681145e-06,3.7334078065023065e-06,0.0,2.0026762892757936e-05,0.0,0.29336937856812717,0.0,0.0,0.002826666442944471
2013-07-29,0.0,4.112619919673821e-06,3.106342269018985e-06,0.0,8.198580760487122e-06,1.3095238095238098e-06,0.16999999999999998,0.16999999999999998,-0.05,-1.6727066758703736e-05
2013-07-30,-0.0009900874051627674,6.150597690986115e-06,3.2095978860996393e-06,0.0,1.3154597038969553e-05,1.3095238095238094e-06,0.2066819287650266,0.16999999999999998,-0.04999999999999998,-0.0010139117215883465
2013-07-31,-0.0006669481393002745,1.5203717266129303e-05,5.440292801163848e-06,0.0,2.043839983683692e-05,2.2619047619047617e-06,0.3199581189870291,0.32999999999999996,-0.05,-0.0007102924539663094
2013-08-01,0.001992841674800265,2.6740614613425012e-05,8.864768790858286e-06,0.0,3.1956037049511615e-05,1.4285714285714286e-06,0.5973120015454007,0.2611796121690697,0.021179612169069745,0.0019238516829178987
2013-08-02,-0.000159658630694175,1.3175233616162809e-05,4.777095950106074e-06,0.0,1.6876305043024974e-05,0.0,0.26294192361784374,0.0,0.0,-0.00019448726530346883
2013-08-05,0.0,0.0,0.0,0.0,0.0,0.0,0.0,0.0,0.0,0.0
2013-08-06,0.0,0.0,0.0,0.0,0.0,0.0,0.0,0.0,0.0,0.0
2013-08-07,0.0,0.0,0.0,0.0,0.0,0.0,0.0,0.0,0.0,0.0
2013-08-08,0.0,0.0,0.0,0.0,0.0,0.0,0.0,0.0,0.0,0.0
2013-08-09,0.0,0.0,0.0,0.0,0.0,0.0,0.0,0.0,0.0,0.0
2013-08-12,0.0,0.0,0.0,0.0,0.0,0.0,0.0,0.0,0.0,0.0
2013-08-13,0.0,0.0,0.0,0.0,0.0,0.0,0.0,0.0,0.0,0.0
2013-08-14,0.0,0.0,0.0,0.0,0.0,0.0,0.0,0.0,0.0,0.0
2013-08-15,0.0,0.0,0.0,0.0,0.0,0.0,0.0,0.0,0.0,0.0
2013-08-16,0.0,0.0,0.0,0.0,0.0,0.0,0.0,0.0,0.0,0.0
2013-08-19,0.0,0.0,0.0,0.0,0.0,0.0,0.0,0.0,0.0,0.0
2013-08-20,0.0,0.0,0.0,0.0,0.0,0.0,0.0,0.0,0.0,0.0
2013-08-21,0.0,3.1099743118152645e-06,3.005666227764779e-06,0.0,5.312277333027309e-06,1.3095238095238098e-06,0.17,0.17,-0.05000000000000002,-1.2737441682131163e-05
2013-08-22,-0.0003374942093063886,3.1099743118152645e-06,1.9011469683455814e-06,0.0,5.2929355831609225e-06,0.0,0.17146655510048342,0.0,0.0,-0.00034779826616971037
2013-08-23,0.0,0.0,0.0,0.0,0.0,0.0,0.0,0.0,0.0,0.0
2013-08-26,0.0,0.0,0.0,0.0,0.0,0.0,0.0,0.0,0.0,0.0
2013-08-27,0.0,0.0,0.0,0.0,0.0,0.0,0.0,0.0,0.0,0.0
2013-08-28,0.0,0.0,0.0,0.0,0.0,0.0,0.0,0.0,0.0,0.0
2013-08-29,0.0,0.0,0.0,0.0,0.0,0.0,0.0,0.0,0.0,0.0
2013-08-30,0.0,0.0,0.0,0.0,0.0,0.0,0.0,0.0,0.0,0.0
2013-09-03,0.0,0.0,0.0,0.0,0.0,0.0,0.0,0.0,0.0,0.0
2013-09-04,0.0,0.0,0.0,0.0,0.0,0.0,0.0,0.0,0.0,0.0
2013-09-05,0.0,0.0,0.0,0.0,0.0,0.0,0.0,0.0,0.0,0.0
2013-09-06,0.0,0.0,0.0,0.0,0.0,0.0,0.0,0.0,0.0,0.0
2013-09-09,0.0,0.0,0.0,0.0,0.0,0.0,0.0,0.0,0.0,0.0
2013-09-10,0.0,0.0,0.0,0.0,0.0,0.0,0.0,0.0,0.0,0.0
2013-09-11,0.0,0.0,0.0,0.0,0.0,0.0,0.0,0.0,0.0,0.0
2013-09-12,0.0,0.0,0.0,0.0,0.0,0.0,0.0,0.0,0.0,0.0
2013-09-13,0.0,0.0,0.0,0.0,0.0,0.0,0.0,0.0,0.0,0.0
2013-09-16,0.0,0.0,0.0,0.0,0.0,0.0,0.0,0.0,0.0,0.0
2013-09-17,0.0,0.0,0.0,0.0,0.0,0.0,0.0,0.0,0.0,0.0
2013-09-18,0.0,0.0,0.0,0.0,0.0,0.0,0.0,0.0,0.0,0.0
2013-09-19,0.0,0.0,0.0,0.0,0.0,0.0,0.0,0.0,0.0,0.0
2013-09-20,0.0,0.0,0.0,0.0,0.0,0.0,0.0,0.0,0.0,0.0
2013-09-23,0.0,0.0,0.0,0.0,0.0,0.0,0.0,0.0,0.0,0.0
2013-09-24,0.0,0.0,0.0,0.0,0.0,0.0,0.0,0.0,0.0,0.0
2013-09-25,0.0,0.0,0.0,0.0,0.0,0.0,0.0,0.0,0.0,0.0
2013-09-26,0.0,0.0,0.0,0.0,0.0,0.0,0.0,0.0,0.0,0.0
2013-09-27,0.0,0.0,0.0,0.0,0.0,0.0,0.0,0.0,0.0,0.0
2013-09-30,0.0,0.0,0.0,0.0,0.0,0.0,0.0,0.0,0.0,0.0
2013-10-01,0.0,0.0,0.0,0.0,0.0,0.0,0.0,0.0,0.0,0.0
2013-10-02,0.0,0.0,0.0,0.0,0.0,0.0,0.0,0.0,0.0,0.0
2013-10-03,0.0,0.0,0.0,0.0,0.0,0.0,0.0,0.0,0.0,0.0
2013-10-04,0.0,0.0,0.0,0.0,0.0,0.0,0.0,0.0,0.0,0.0
2013-10-07,0.0,0.0,0.0,0.0,0.0,0.0,0.0,0.0,0.0,0.0
2013-10-08,0.0,0.0,0.0,0.0,0.0,0.0,0.0,0.0,0.0,0.0
2013-10-09,0.0,0.0,0.0,0.0,0.0,0.0,0.0,0.0,0.0,0.0
2013-10-10,0.0,0.0,0.0,0.0,0.0,0.0,0.0,0.0,0.0,0.0
2013-10-11,0.0,0.0,0.0,0.0,0.0,0.0,0.0,0.0,0.0,0.0
2013-10-14,0.0,0.0,0.0,0.0,0.0,0.0,0.0,0.0,0.0,0.0
2013-10-15,0.0,0.0,0.0,0.0,0.0,0.0,0.0,0.0,0.0,0.0
2013-10-16,0.0,0.0,0.0,0.0,0.0,0.0,0.0,0.0,0.0,0.0
2013-10-17,0.0,2.2074130755239663e-05,4.175481030335142e-06,0.0,1.4653611107647149e-05,1.3095238095238096e-06,0.16999999999999998,0.16999999999999998,-0.05,-4.2212746702745766e-05
2013-10-18,-0.0004703664901635953,2.2074130755239663e-05,3.801592518091817e-06,0.0,1.4818490749465602e-05,0.0,0.17068775779451145,0.0,0.0,-0.0005110607041863924
2013-10-21,0.0,0.0,0.0,0.0,0.0,0.0,0.0,0.0,0.0,0.0
2013-10-22,0.0,5.970260035558177e-06,2.6404796794504865e-06,0.0,1.890173989401652e-05,9.523809523809523e-07,0.21000000000000002,0.21000000000000002,0.05,-2.8464860561406132e-05
2013-10-23,-0.0005816957419188381,5.970260035558176e-06,3.756049132653838e-06,0.0,1.910707981741621e-05,0.0,0.21111263740061123,0.0,0.0,-0.0006105291309044664
2013-10-24,0.0,1.707271773443811e-05,1.8154045801526717e-06,0.0,1.355551972919939e-05,7.142857142857143e-07,0.17,0.17,0.05,-3.315792775807589e-05
2013-10-25,0.00392613906433393,2.5232893286292028e-05,8.314031368323612e-06,0.0,3.383492867396542e-05,1.6666666666666665e-06,0.39930549853197256,0.32999999999999996,0.049999999999999996,0.0038570905443386823
2013-10-28,0.0006889395652069113,9.016621932618659e-06,5.7096823349345656e-06,0.0,2.0223267374511057e-05,0.0,0.3315977220933753,0.0,0.0,0.000653989993564847
2013-10-29,0.0,1.0515239702206692e-05,4.14258015911601e-06,0.0,2.1792902121773337e-05,1.7308101536561938e-06,0.28538805290712027,0.28538805290712027,-0.0053880529071203,-3.818153213675224e-05
2013-10-30,0.0010778316383014675,1.0515239702206692e-05,4.941797050809905e-06,0.0,2.212568805077448e-05,0.0,0.2855072255768193,0.0,0.0,0.0010402489134976765
2013-10-31,0.0,8.738846474948529e-06,6.29292656801194e-06,0.0,1.2803408115127978e-05,2.738095238095239e-06,0.41000000000000014,0.41000000000000014,-0.050000000000000155,-3.0573276396183685e-05
2013-11-01,-0.0006937700702330264,8.738846474948529e-06,5.714649166487571e-06,0.0,1.2760974654413688e-05,0.0,0.4112913964375019,0.0,0.0,-0.0007209845405288763
2013-11-04,0.0,0.0,0.0,0.0,0.0,0.0,0.0,0.0,0.0,0.0
2013-11-05,0.0,7.121200035404347e-06,3.999255120979413e-06,0.0,1.2781087576043463e-05,1.4285714285714286e-06,0.2899999999999999,0.2899999999999999,0.049999999999999975,-2.5330114160998654e-05
2013-11-06,0.0003902612632919061,7.121200035404347e-06,4.690725478269774e-06,0.0,1.3375522409202131e-05,0.0,0.29362526375845543,0.0,0.0,0.00036507381536902983
2013-11-07,0.0,1.0322302413292245e-05,3.0374478748788845e-06,0.0,8.761417157745101e-06,1.3095238095238098e-06,0.17,0.17,-0.050000000000000024,-2.343069125544004e-05
2013-11-08,0.0009734866425662221,1.0322302413292245e-05,3.080464326434397e-06,0.0,9.250432389239528e-06,0.0,0.17345047649107437,0.0,0.0,0.0009508334434372559
2013-11-11,0.0,0.0,0.0,0.0,0.0,0.0,0.0,0.0,0.0,0.0
2013-11-12,0.0,0.0,0.0,0.0,0.0,0.0,0.0,0.0,0.0,0.0
2013-11-13,0.0,0.0,0.0,0.0,0.0,0.0,0.0,0.0,0.0,0.0
2013-11-14,0.0,0.0,0.0,0.0,0.0,0.0,0.0,0.0,0.0,0.0
2013-11-15,0.0,0.0,0.0,0.0,0.0,0.0,0.0,0.0,0.0,0.0
2013-11-18,0.0,0.0,0.0,0.0,0.0,0.0,0.0,0.0,0.0,0.0
2013-11-19,0.0,0.0,0.0,0.0,0.0,0.0,0.0,0.0,0.0,0.0
2013-11-20,0.0,0.0,0.0,0.0,0.0,0.0,0.0,0.0,0.0,0.0
2013-11-21,0.0,0.0,0.0,0.0,0.0,0.0,0.0,0.0,0.0,0.0
2013-11-22,0.0,0.0,0.0,0.0,0.0,0.0,0.0,0.0,0.0,0.0
2013-11-25,0.0,0.0,0.0,0.0,0.0,0.0,0.0,0.0,0.0,0.0
2013-11-26,0.0,0.0,0.0,0.0,0.0,0.0,0.0,0.0,0.0,0.0
2013-11-27,0.0,0.0,0.0,0.0,0.0,0.0,0.0,0.0,0.0,0.0
2013-12-02,0.0,0.0,0.0,0.0,0.0,0.0,0.0,0.0,0.0,0.0
2013-12-03,0.0,0.0,0.0,0.0,0.0,0.0,0.0,0.0,0.0,0.0
2013-12-04,0.0,0.0,0.0,0.0,0.0,0.0,0.0,0.0,0.0,0.0
2013-12-05,0.0,0.0,0.0,0.0,0.0,0.0,0.0,0.0,0.0,0.0
2013-12-06,0.0,0.0,0.0,0.0,0.0,0.0,0.0,0.0,0.0,0.0
2013-12-09,0.0,0.0,0.0,0.0,0.0,0.0,0.0,0.0,0.0,0.0
2013-12-10,0.0,0.0,0.0,0.0,0.0,0.0,0.0,0.0,0.0,0.0
2013-12-11,0.0,0.0,0.0,0.0,0.0,0.0,0.0,0.0,0.0,0.0
2013-12-12,0.0,0.0,0.0,0.0,0.0,0.0,0.0,0.0,0.0,0.0
2013-12-13,0.0,0.0,0.0,0.0,0.0,0.0,0.0,0.0,0.0,0.0
2013-12-16,0.0,0.0,0.0,0.0,0.0,0.0,0.0,0.0,0.0,0.0
2013-12-17,0.0,0.0,0.0,0.0,0.0,0.0,0.0,0.0,0.0,0.0
2013-12-18,0.0,0.0,0.0,0.0,0.0,0.0,0.0,0.0,0.0,0.0
2013-12-19,0.0,0.0,0.0,0.0,0.0,0.0,0.0,0.0,0.0,0.0
2013-12-20,0.0,0.0,0.0,0.0,0.0,0.0,0.0,0.0,0.0,0.0
2013-12-23,0.0,0.0,0.0,0.0,0.0,0.0,0.0,0.0,0.0,0.0
2013-12-26,0.0,0.0,0.0,0.0,0.0,0.0,0.0,0.0,0.0,0.0
2013-12-27,0.0,0.0,0.0,0.0,0.0,0.0,0.0,0.0,0.0,0.0
2013-12-30,0.0,0.0,0.0,0.0,0.0,0.0,0.0,0.0,0.0,0.0
2013-12-31,0.0,0.0,0.0,0.0,0.0,0.0,0.0,0.0,0.0,0.0
2014-01-02,0.0,0.0,0.0,0.0,0.0,0.0,0.0,0.0,0.0,0.0
2014-01-03,0.0,0.0,0.0,0.0,0.0,0.0,0.0,0.0,0.0,0.0
2014-01-06,0.0,0.0,0.0,0.0,0.0,0.0,0.0,0.0,0.0,0.0
2014-01-07,0.0,0.0,0.0,0.0,0.0,0.0,0.0,0.0,0.0,0.0
2014-01-08,0.0,0.0,0.0,0.0,0.0,0.0,0.0,0.0,0.0,0.0
2014-01-09,0.0,0.0,0.0,0.0,0.0,0.0,0.0,0.0,0.0,0.0
2014-01-10,0.0,0.0,0.0,0.0,0.0,0.0,0.0,0.0,0.0,0.0
2014-01-13,0.0,0.0,0.0,0.0,0.0,0.0,0.0,0.0,0.0,0.0
2014-01-14,0.0,0.0,0.0,0.0,0.0,0.0,0.0,0.0,0.0,0.0
2014-01-15,0.0,0.0,0.0,0.0,0.0,0.0,0.0,0.0,0.0,0.0
2014-01-16,0.0,0.0,0.0,0.0,0.0,0.0,0.0,0.0,0.0,0.0
2014-01-17,0.0,2.149429644055823e-06,2.6060266990229682e-06,0.0,2.676047644460913e-06,1.1738891633228882e-06,0.15860668971912262,0.15860668971912262,-0.03860668971912261,-8.605393150862592e-06
2014-01-21,-0.0002661279118633971,1.3124665007388022e-05,3.456556793913232e-06,0.0,9.81922473974027e-06,1.181646827515611e-06,0.23907892562244565,0.1592583335113113,-0.03925833351131132,-0.0002937100052319542
2014-01-22,0.0011364482256394127,1.1598049474550148e-05,3.3215236814037642e-06,0.0,7.2932542830276e-06,0.0,0.15981680053990918,0.0,0.0,0.0011142353982004313
2014-01-23,0.0,0.0,0.0,0.0,0.0,0.0,0.0,0.0,0.0,0.0
2014-01-24,0.0,0.0,0.0,0.0,0.0,0.0,0.0,0.0,0.0,0.0
2014-01-27,0.0,0.0,0.0,0.0,0.0,0.0,0.0,0.0,0.0,0.0
2014-01-28,0.0,4.210509547269106e-06,2.1836179775280895e-06,0.0,6.6437839708748215e-06,7.142857142857143e-07,0.16999999999999998,0.16999999999999998,0.05,-1.3752197209957733e-05
2014-01-29,-0.0019474985536152385,4.210509547269107e-06,2.8601390588421536e-06,0.0,6.5730689543570486e-06,0.0,0.16950453256133724,0.0,0.0,-0.001961142271175707
2014-01-30,0.0,0.0,0.0,0.0,0.0,0.0,0.0,0.0,0.0,0.0
2014-01-31,0.0,0.0,0.0,0.0,0.0,0.0,0.0,0.0,0.0,0.0
2014-02-03,0.0,0.0,0.0,0.0,0.0,0.0,0.0,0.0,0.0,0.0
2014-02-04,0.0,0.0,0.0,0.0,0.0,0.0,0.0,0.0,0.0,0.0
2014-02-05,0.0,0.0,0.0,0.0,0.0,0.0,0.0,0.0,0.0,0.0
2014-02-06,0.0,0.0,0.0,0.0,0.0,0.0,0.0,0.0,0.0,0.0
2014-02-07,0.0,0.0,0.0,0.0,0.0,0.0,0.0,0.0,0.0,0.0
2014-02-10,0.0,0.0,0.0,0.0,0.0,0.0,0.0,0.0,0.0,0.0
2014-02-11,0.0,0.0,0.0,0.0,0.0,0.0,0.0,0.0,0.0,0.0
2014-02-12,0.0,9.79856082685786e-06,2.900744603263924e-06,0.0,8.074163638532157e-06,1.3095238095238096e-06,0.16999999999999998,0.16999999999999998,-0.05000000000000001,-2.208299287817775e-05
2014-02-13,-0.0012007493547613515,1.221058020816396e-05,4.67957261535093e-06,0.0,1.957707736264335e-05,1.0987052201893771e-06,0.25733056349043265,0.15229123849590767,-0.032291238495907676,-0.0012383152901676991
2014-02-14,-0.0017004091453036467,2.93474278876717e-06,1.9432501521563404e-06,0.0,1.1876694436669946e-05,0.0,0.15613910648158355,0.0,0.0,-0.0017171638326812402
2014-02-18,0.0,0.0,0.0,0.0,0.0,0.0,0.0,0.0,0.0,0.0
2014-02-19,0.0,0.0,0.0,0.0,0.0,0.0,0.0,0.0,0.0,0.0
2014-02-20,0.0,0.0,0.0,0.0,0.0,0.0,0.0,0.0,0.0,0.0
2014-02-21,0.0,1.4409743253731756e-06,1.7595842688794366e-06,0.0,5.925932500162059e-06,7.142857142857143e-07,0.16999999999999998,0.16999999999999998,0.049999999999999996,-9.840776808700385e-06
2014-02-24,0.0026369018917160583,1.4409743253731758e-06,2.8767382590268343e-06,0.0,5.795001539621064e-06,0.0,0.16914760546887248,0.0,0.0,0.002626789177592037
2014-02-25,0.0,0.0,0.0,0.0,0.0,0.0,0.0,0.0,0.0,0.0
2014-02-26,0.0,0.0,0.0,0.0,0.0,0.0,0.0,0.0,0.0,0.0
2014-02-27,0.0,3.0907757988247947e-06,1.9887569721115535e-06,0.0,4.016012161156411e-06,7.142857142857143e-07,0.16999999999999998,0.16999999999999998,0.05,-9.809830646378475e-06
2014-02-28,-0.00017166581352109125,3.0907757988247947e-06,2.8897552730249812e-06,0.0,3.974690079731362e-06,0.0,0.16938211904703668,0.0,0.0,-0.0001816210346726724
2014-03-03,0.0,0.0,0.0,0.0,0.0,0.0,0.0,0.0,0.0,0.0
2014-03-04,0.0,0.0,0.0,0.0,0.0,0.0,0.0,0.0,0.0,0.0
2014-03-05,0.0,0.0,0.0,0.0,0.0,0.0,0.0,0.0,0.0,0.0
2014-03-06,0.0,0.0,0.0,0.0,0.0,0.0,0.0,0.0,0.0,0.0
2014-03-07,0.0,0.0,0.0,0.0,0.0,0.0,0.0,0.0,0.0,0.0
2014-03-10,0.0,0.0,0.0,0.0,0.0,0.0,0.0,0.0,0.0,0.0
2014-03-11,0.0,0.0,0.0,0.0,0.0,0.0,0.0,0.0,0.0,0.0
2014-03-12,0.0,0.0,0.0,0.0,0.0,0.0,0.0,0.0,0.0,0.0
2014-03-13,0.0,0.0,0.0,0.0,0.0,0.0,0.0,0.0,0.0,0.0
2014-03-14,0.0,0.0,0.0,0.0,0.0,0.0,0.0,0.0,0.0,0.0
2014-03-17,0.0,0.0,0.0,0.0,0.0,0.0,0.0,0.0,0.0,0.0
2014-03-18,0.0,0.0,0.0,0.0,0.0,0.0,0.0,0.0,0.0,0.0
2014-03-19,0.0,0.0,0.0,0.0,0.0,0.0,0.0,0.0,0.0,0.0
2014-03-20,0.0,0.0,0.0,0.0,0.0,0.0,0.0,0.0,0.0,0.0
2014-03-21,0.0,0.0,0.0,0.0,0.0,0.0,0.0,0.0,0.0,0.0
2014-03-24,0.0,0.0,0.0,0.0,0.0,0.0,0.0,0.0,0.0,0.0
2014-03-25,0.0,0.0,0.0,0.0,0.0,0.0,0.0,0.0,0.0,0.0
2014-03-26,0.0,0.0,0.0,0.0,0.0,0.0,0.0,0.0,0.0,0.0
2014-03-27,0.0,0.0,0.0,0.0,0.0,0.0,0.0,0.0,0.0,0.0
2014-03-28,0.0,0.0,0.0,0.0,0.0,0.0,0.0,0.0,0.0,0.0
2014-03-31,0.0,0.0,0.0,0.0,0.0,0.0,0.0,0.0,0.0,0.0
2014-04-01,0.0,0.0,0.0,0.0,0.0,0.0,0.0,0.0,0.0,0.0
2014-04-02,0.0,0.0,0.0,0.0,0.0,0.0,0.0,0.0,0.0,0.0
2014-04-03,0.0,0.0,0.0,0.0,0.0,0.0,0.0,0.0,0.0,0.0
2014-04-04,0.0,0.0,0.0,0.0,0.0,0.0,0.0,0.0,0.0,0.0
2014-04-07,0.0,0.0,0.0,0.0,0.0,0.0,0.0,0.0,0.0,0.0
2014-04-08,0.0,0.0,0.0,0.0,0.0,0.0,0.0,0.0,0.0,0.0
2014-04-09,0.0,0.0,0.0,0.0,0.0,0.0,0.0,0.0,0.0,0.0
2014-04-10,0.0,0.0,0.0,0.0,0.0,0.0,0.0,0.0,0.0,0.0
2014-04-11,0.0,0.0,0.0,0.0,0.0,0.0,0.0,0.0,0.0,0.0
2014-04-14,0.0,0.0,0.0,0.0,0.0,0.0,0.0,0.0,0.0,0.0
2014-04-15,0.0,0.0,0.0,0.0,0.0,0.0,0.0,0.0,0.0,0.0
2014-04-16,0.0,9.080040550053107e-06,2.5530779503679956e-06,0.0,5.798469705488442e-06,7.142857142857143e-07,0.1471435223214333,0.1471435223214333,0.0271435223214333,-1.8145873920195257e-05
2014-04-17,0.00038296444616034826,2.1968005110022096e-05,8.162340037049717e-06,0.0,2.1628136573163355e-05,2.380952380952381e-06,0.4977181800583285,0.35,-0.05,0.00032882501205916073
2014-04-21,-0.0005010724726681684,1.2887964559968991e-05,5.696758481245842e-06,0.0,1.5783771138410832e-05,0.0,0.3507655961441137,0.0,0.0,-0.000535440966847794
2014-04-22,0.0,3.317869292653206e-06,1.9893358169238953e-06,0.0,1.0929186436202432e-05,7.142857142857143e-07,0.17,0.17,0.05,-1.6950677260065248e-05
2014-04-23,-0.0011543707430057375,4.127690581835143e-06,3.08213506128522e-06,0.0,1.3520018488490718e-05,7.142857142857143e-07,0.22028038253957316,0.16999999999999998,0.049999999999999996,-0.0011758148728516344
2014-04-24,0.0022562065183570363,1.633127313970318e-05,1.173341775442833e-05,0.0,2.929206875846887e-05,4.4523809523809525e-06,0.7798747946983857,0.7980000000000002,0.050000000000000155,0.002194397377752055
2014-04-25,-0.0004137419462122278,2.6198068344627967e-05,1.5652588206482387e-05,0.0,3.0819157187723975e-05,1.3095238095238098e-06,0.9592469909671802,0.17,-0.05000000000000001,-0.0004877212837605859
2014-04-28,-0.0012156088597590122,1.0164915546079692e-05,2.090298514069856e-06,0.0,4.5688322265351995e-06,0.0,0.1703535398942418,0.0,0.0,-0.001232432906045697
2014-04-29,0.0,0.0,0.0,0.0,0.0,0.0,0.0,0.0,0.0,0.0
2014-04-30,0.0,1.0626071671995957e-05,5.971560649415016e-06,0.0,1.6931535773739357e-05,2.1428571428571427e-06,0.41000000000000003,0.41000000000000003,0.050000000000000044,-3.567202523800747e-05
2014-05-01,0.0018617016433573566,2.4583104261087727e-05,1.3571124194143169e-05,0.0,4.011005217500451e-05,3.023809523809524e-06,0.8659097119231348,0.458,-0.05000000000000002,0.0017804135532033117
2014-05-02,5.9943122363468335e-05,3.088232579417836e-05,1.1105633760979783e-05,0.0,4.327851714689043e-05,2.976190476190476e-06,0.7137096413228313,0.45,-0.04999999999999996,-2.8299544814770712e-05
2014-05-05,-0.0004423873872665239,1.8456579125928163e-05,7.739382196223708e-06,0.0,1.978819575162694e-05,0.0,0.4524684669433279,0.0,0.0,-0.0004883715443403027
2014-05-06,0.0,3.545243694753767e-06,2.0628684210526315e-06,0.0,3.5964858042278624e-06,7.142857142857143e-07,0.16999999999999998,0.16999999999999998,0.049999999999999996,-9.918883634319975e-06
2014-05-07,0.0019676871841040017,3.545243694753767e-06,2.9158590220160683e-06,0.0,3.5737082099346172e-06,0.0,0.16971768718410402,0.0,0.0,0.001957652373177297
2014-05-08,0.0,0.0,0.0,0.0,0.0,0.0,0.0,0.0,0.0,0.0
2014-05-09,0.0,0.0,0.0,0.0,0.0,0.0,0.0,0.0,0.0,0.0
2014-05-12,0.0,0.0,0.0,0.0,0.0,0.0,0.0,0.0,0.0,0.0
2014-05-13,0.0,0.0,0.0,0.0,0.0,0.0,0.0,0.0,0.0,0.0
2014-05-14,0.0,0.0,0.0,0.0,0.0,0.0,0.0,0.0,0.0,0.0
2014-05-15,0.0,0.0,0.0,0.0,0.0,0.0,0.0,0.0,0.0,0.0
2014-05-16,0.0,0.0,0.0,0.0,0.0,0.0,0.0,0.0,0.0,0.0
2014-05-19,0.0,0.0,0.0,0.0,0.0,0.0,0.0,0.0,0.0,0.0
2014-05-20,0.0,0.0,0.0,0.0,0.0,0.0,0.0,0.0,0.0,0.0
2014-05-21,0.0,0.0,0.0,0.0,0.0,0.0,0.0,0.0,0.0,0.0
2014-05-22,0.0,0.0,0.0,0.0,0.0,0.0,0.0,0.0,0.0,0.0
2014-05-23,0.0,0.0,0.0,0.0,0.0,0.0,0.0,0.0,0.0,0.0
2014-05-27,0.0,0.0,0.0,0.0,0.0,0.0,0.0,0.0,0.0,0.0
2014-05-28,0.0,0.0,0.0,0.0,0.0,0.0,0.0,0.0,0.0,0.0
2014-05-29,0.0,0.0,0.0,0.0,0.0,0.0,0.0,0.0,0.0,0.0
2014-05-30,0.0,0.0,0.0,0.0,0.0,0.0,0.0,0.0,0.0,0.0
2014-06-02,0.0,0.0,0.0,0.0,0.0,0.0,0.0,0.0,0.0,0.0
2014-06-03,0.0,0.0,0.0,0.0,0.0,0.0,0.0,0.0,0.0,0.0
2014-06-04,0.0,0.0,0.0,0.0,0.0,0.0,0.0,0.0,0.0,0.0
2014-06-05,0.0,0.0,0.0,0.0,0.0,0.0,0.0,0.0,0.0,0.0
2014-06-06,0.0,0.0,0.0,0.0,0.0,0.0,0.0,0.0,0.0,0.0
2014-06-09,0.0,0.0,0.0,0.0,0.0,0.0,0.0,0.0,0.0,0.0
2014-06-10,0.0,0.0,0.0,0.0,0.0,0.0,0.0,0.0,0.0,0.0
2014-06-11,0.0,0.0,0.0,0.0,0.0,0.0,0.0,0.0,0.0,0.0
2014-06-12,0.0,0.0,0.0,0.0,0.0,0.0,0.0,0.0,0.0,0.0
2014-06-13,0.0,0.0,0.0,0.0,0.0,0.0,0.0,0.0,0.0,0.0
2014-06-16,0.0,0.0,0.0,0.0,0.0,0.0,0.0,0.0,0.0,0.0
2014-06-17,0.0,0.0,0.0,0.0,0.0,0.0,0.0,0.0,0.0,0.0
2014-06-18,0.0,0.0,0.0,0.0,0.0,0.0,0.0,0.0,0.0,0.0
2014-06-19,0.0,0.0,0.0,0.0,0.0,0.0,0.0,0.0,0.0,0.0
2014-06-20,0.0,0.0,0.0,0.0,0.0,0.0,0.0,0.0,0.0,0.0
2014-06-23,0.0,0.0,0.0,0.0,0.0,0.0,0.0,0.0,0.0,0.0
2014-06-24,0.0,0.0,0.0,0.0,0.0,0.0,0.0,0.0,0.0,0.0
2014-06-25,0.0,0.0,0.0,0.0,0.0,0.0,0.0,0.0,0.0,0.0
2014-06-26,0.0,0.0,0.0,0.0,0.0,0.0,0.0,0.0,0.0,0.0
2014-06-27,0.0,0.0,0.0,0.0,0.0,0.0,0.0,0.0,0.0,0.0
2014-06-30,0.0,0.0,0.0,0.0,0.0,0.0,0.0,0.0,0.0,0.0
2014-07-01,0.0,0.0,0.0,0.0,0.0,0.0,0.0,0.0,0.0,0.0
2014-07-02,0.0,0.0,0.0,0.0,0.0,0.0,0.0,0.0,0.0,0.0
2014-07-07,0.0,0.0,0.0,0.0,0.0,0.0,0.0,0.0,0.0,0.0
2014-07-08,0.0,0.0,0.0,0.0,0.0,0.0,0.0,0.0,0.0,0.0
2014-07-09,0.0,0.0,0.0,0.0,0.0,0.0,0.0,0.0,0.0,0.0
2014-07-10,0.0,0.0,0.0,0.0,0.0,0.0,0.0,0.0,0.0,0.0
2014-07-11,0.0,0.0,0.0,0.0,0.0,0.0,0.0,0.0,0.0,0.0
2014-07-14,0.0,0.0,0.0,0.0,0.0,0.0,0.0,0.0,0.0,0.0
2014-07-15,0.0,0.0,0.0,0.0,0.0,0.0,0.0,0.0,0.0,0.0
2014-07-16,0.0,0.0,0.0,0.0,0.0,0.0,0.0,0.0,0.0,0.0
2014-07-17,0.0,1.1685614062880747e-05,2.9792022200759803e-06,0.0,7.452867873962466e-06,7.142857142857143e-07,0.14291256818685683,0.14291256818685683,0.02291256818685683,-2.2831969871204905e-05
2014-07-18,0.0005233441292589005,3.204175725664216e-05,6.564284497538097e-06,0.0,2.04921485692629e-05,1.6666666666666665e-06,0.37413931208164913,0.23,-0.05,0.00046257927226879065
2014-07-21,7.530355725808268e-05,2.2344408591311472e-05,6.397922514084136e-06,0.0,2.2192788073177534e-05,1.3095238095238098e-06,0.2578073107429269,0.17,-0.05000000000000001,2.305891426998573e-05
2014-07-22,-0.0012161142714822392,1.2973786918808542e-05,5.368817054299837e-06,0.0,1.3869715685806006e-05,9.523809523809522e-07,0.37919815508780874,0.20999999999999996,0.049999999999999996,-0.0012492789720935345
2014-07-23,-0.0008185348840513067,1.4292218168034861e-05,3.877295355599409e-06,0.0,1.204476123901859e-05,9.523809523809522e-07,0.25982362661589997,0.21,0.05000000000000002,-0.0008497015397663405
2014-07-24,-0.0026789494230802396,5.540680823268395e-06,3.7842859756570316e-06,0.0,6.530642370247753e-06,0.0,0.21250013298185166,0.0,0.0,-0.002694805032249413
2014-07-25,0.0,0.0,0.0,0.0,0.0,0.0,0.0,0.0,0.0,0.0
2014-07-28,0.0,0.0,0.0,0.0,0.0,0.0,0.0,0.0,0.0,0.0
2014-07-29,0.0,0.0,0.0,0.0,0.0,0.0,0.0,0.0,0.0,0.0
2014-07-30,0.0,0.0,0.0,0.0,0.0,0.0,0.0,0.0,0.0,0.0
2014-07-31,0.0,2.7245651387010694e-05,8.038376924327875e-06,0.0,2.4604719948591947e-05,3.2142857142857143e-06,0.4899999999999999,0.4899999999999999,-0.05,-6.310303397421623e-05
2014-08-01,-0.0014360640321650648,2.7245651387010697e-05,9.012046360398306e-06,0.0,2.4791567211793082e-05,0.0,0.4896741390595538,0.0,0.0,-0.0014971132971242668
2014-08-04,0.0,0.0,0.0,0.0,0.0,0.0,0.0,0.0,0.0,0.0
2014-08-05,0.0,0.0,0.0,0.0,0.0,0.0,0.0,0.0,0.0,0.0
2014-08-06,0.0,6.885650758843665e-06,4.4832783617632365e-06,0.0,1.7846584897946494e-05,1.8404461435948062e-06,0.2745974760619637,0.2745974760619637,-0.03459747606196374,-3.10559601621482e-05
2014-08-07,0.00200211432216675,6.885650758843664e-06,3.7422578266602866e-06,0.0,1.8246215108357644e-05,0.0,0.2747045520460292,0.0,0.0,0.0019732401984728885
2014-08-08,0.0,0.0,0.0,0.0,0.0,0.0,0.0,0.0,0.0,0.0
2014-08-11,0.0,0.0,0.0,0.0,0.0,0.0,0.0,0.0,0.0,0.0
2014-08-12,0.0,0.0,0.0,0.0,0.0,0.0,0.0,0.0,0.0,0.0
2014-08-13,0.0,0.0,0.0,0.0,0.0,0.0,0.0,0.0,0.0,0.0
2014-08-14,0.0,0.0,0.0,0.0,0.0,0.0,0.0,0.0,0.0,0.0
2014-08-15,0.0,0.0,0.0,0.0,0.0,0.0,0.0,0.0,0.0,0.0
2014-08-18,0.0,0.0,0.0,0.0,0.0,0.0,0.0,0.0,0.0,0.0
2014-08-19,0.0,0.0,0.0,0.0,0.0,0.0,0.0,0.0,0.0,0.0
2014-08-20,0.0,0.0,0.0,0.0,0.0,0.0,0.0,0.0,0.0,0.0
2014-08-21,0.0,0.0,0.0,0.0,0.0,0.0,0.0,0.0,0.0,0.0
2014-08-22,0.0,0.0,0.0,0.0,0.0,0.0,0.0,0.0,0.0,0.0
2014-08-25,0.0,0.0,0.0,0.0,0.0,0.0,0.0,0.0,0.0,0.0
2014-08-26,0.0,0.0,0.0,0.0,0.0,0.0,0.0,0.0,0.0,0.0
2014-08-27,0.0,0.0,0.0,0.0,0.0,0.0,0.0,0.0,0.0,0.0
2014-08-28,0.0,0.0,0.0,0.0,0.0,0.0,0.0,0.0,0.0,0.0
2014-08-29,0.0,0.0,0.0,0.0,0.0,0.0,0.0,0.0,0.0,0.0
2014-09-02,0.0,0.0,0.0,0.0,0.0,0.0,0.0,0.0,0.0,0.0
2014-09-03,0.0,0.0,0.0,0.0,0.0,0.0,0.0,0.0,0.0,0.0
2014-09-04,0.0,0.0,0.0,0.0,0.0,0.0,0.0,0.0,0.0,0.0
2014-09-05,0.0,0.0,0.0,0.0,0.0,0.0,0.0,0.0,0.0,0.0
2014-09-08,0.0,0.0,0.0,0.0,0.0,0.0,0.0,0.0,0.0,0.0
2014-09-09,0.0,0.0,0.0,0.0,0.0,0.0,0.0,0.0,0.0,0.0
2014-09-10,0.0,0.0,0.0,0.0,0.0,0.0,0.0,0.0,0.0,0.0
2014-09-11,0.0,0.0,0.0,0.0,0.0,0.0,0.0,0.0,0.0,0.0
2014-09-12,0.0,0.0,0.0,0.0,0.0,0.0,0.0,0.0,0.0,0.0
2014-09-15,0.0,0.0,0.0,0.0,0.0,0.0,0.0,0.0,0.0,0.0
2014-09-16,0.0,0.0,0.0,0.0,0.0,0.0,0.0,0.0,0.0,0.0
2014-09-17,0.0,0.0,0.0,0.0,0.0,0.0,0.0,0.0,0.0,0.0
2014-09-18,0.0,0.0,0.0,0.0,0.0,0.0,0.0,0.0,0.0,0.0
2014-09-19,0.0,0.0,0.0,0.0,0.0,0.0,0.0,0.0,0.0,0.0
2014-09-22,0.0,0.0,0.0,0.0,0.0,0.0,0.0,0.0,0.0,0.0
2014-09-23,0.0,0.0,0.0,0.0,0.0,0.0,0.0,0.0,0.0,0.0
2014-09-24,0.0,0.0,0.0,0.0,0.0,0.0,0.0,0.0,0.0,0.0
2014-09-25,0.0,0.0,0.0,0.0,0.0,0.0,0.0,0.0,0.0,0.0
2014-09-26,0.0,0.0,0.0,0.0,0.0,0.0,0.0,0.0,0.0,0.0
2014-09-29,0.0,0.0,0.0,0.0,0.0,0.0,0.0,0.0,0.0,0.0
2014-09-30,0.0,0.0,0.0,0.0,0.0,0.0,0.0,0.0,0.0,0.0
2014-10-01,0.0,0.0,0.0,0.0,0.0,0.0,0.0,0.0,0.0,0.0
2014-10-02,0.0,0.0,0.0,0.0,0.0,0.0,0.0,0.0,0.0,0.0
2014-10-03,0.0,0.0,0.0,0.0,0.0,0.0,0.0,0.0,0.0,0.0
2014-10-06,0.0,0.0,0.0,0.0,0.0,0.0,0.0,0.0,0.0,0.0
2014-10-07,0.0,0.0,0.0,0.0,0.0,0.0,0.0,0.0,0.0,0.0
2014-10-08,0.0,0.0,0.0,0.0,0.0,0.0,0.0,0.0,0.0,0.0
2014-10-09,0.0,0.0,0.0,0.0,0.0,0.0,0.0,0.0,0.0,0.0
2014-10-10,0.0,0.0,0.0,0.0,0.0,0.0,0.0,0.0,0.0,0.0
2014-10-13,0.0,0.0,0.0,0.0,0.0,0.0,0.0,0.0,0.0,0.0
2014-10-14,0.0,0.0,0.0,0.0,0.0,0.0,0.0,0.0,0.0,0.0
2014-10-15,0.0,0.0,0.0,0.0,0.0,0.0,0.0,0.0,0.0,0.0
2014-10-16,0.0,0.0,0.0,0.0,0.0,0.0,0.0,0.0,0.0,0.0
2014-10-17,0.0,0.0,0.0,0.0,0.0,0.0,0.0,0.0,0.0,0.0
2014-10-20,0.0,0.0,0.0,0.0,0.0,0.0,0.0,0.0,0.0,0.0
2014-10-21,0.0,5.542513281206523e-06,2.7811342207925005e-06,0.0,3.578035852450245e-06,1.0625677860423305e-06,0.14925569402755576,0.14925569402755576,-0.029255694027555765,-1.29642511404916e-05
2014-10-22,-0.0002805071963413825,7.486758688447474e-06,3.7865722794871767e-06,0.0,1.1718740786364576e-05,7.142857142857143e-07,0.31914555310315135,0.16999999999999998,0.05,-0.0003042135538099674
2014-10-23,0.001710055244123432,1.944245407240951e-06,2.940856976594736e-06,0.0,8.022273348037819e-06,0.0,0.17324533000956757,0.0,0.0,0.0016971478683915585
2014-10-24,0.0,5.004276939192092e-06,3.855461545023189e-06,0.0,1.0282036224712463e-05,1.5476190476190479e-06,0.21000000000000002,0.21000000000000002,-0.05000000000000002,-2.0689393756546792e-05
2014-10-27,-9.299315741010422e-05,5.004276939192092e-06,2.3716471876146715e-06,0.0,1.0000847811001185e-05,0.0,0.2097574852356953,0.0,0.0,-0.00011036992934791217
2014-10-28,0.0,2.2740992285245977e-06,2.6859732983888674e-06,0.0,1.336413924289516e-05,1.1814082481338847e-06,0.17923829284324627,0.17923829284324627,-0.019238292843246324,-1.950562001794251e-05
2014-10-29,0.0015576089974467752,4.727480101823779e-06,4.387770648674552e-06,0.0,2.241745046866683e-05,1.1204029240265766e-06,0.2923631099184069,0.15411384561823244,-0.03411384561823244,0.0015249558933035834
2014-10-30,-0.0008327766141388712,1.3040622944342964e-05,8.931978482618731e-06,0.0,2.904217628593261e-05,2.7380952380952382e-06,0.6653096823101701,0.51,0.05000000000000007,-0.0008865294870898607
2014-10-31,-0.0026938715803801728,1.1949732982663083e-05,8.194327929630409e-06,0.0,3.032154727187246e-05,7.142857142857143e-07,0.5791468713761494,0.16999999999999998,0.05,-0.0027450514742786243
2014-11-03,0.000542398445462259,2.4413908283267004e-06,2.907061886809345e-06,0.0,9.65619985576479e-06,0.0,0.16953110567620555,0.0,0.0,0.0005273937928913582
2014-11-04,0.0,4.832587454606241e-06,2.071693251852765e-06,0.0,8.813716203305863e-06,7.142857142857143e-07,0.1475410378960522,0.1475410378960522,0.027541037896052188,-1.643228262405058e-05
2014-11-05,0.0006648219884955385,4.832587454606241e-06,2.558314378237525e-06,0.0,9.037961420457508e-06,0.0,0.14996783824621698,0.0,0.0,0.0006483931252422372
2014-11-06,0.0,0.0,0.0,0.0,0.0,0.0,0.0,0.0,0.0,0.0
2014-11-07,0.0,0.0,0.0,0.0,0.0,0.0,0.0,0.0,0.0,0.0
2014-11-10,0.0,0.0,0.0,0.0,0.0,0.0,0.0,0.0,0.0,0.0
2014-11-11,0.0,0.0,0.0,0.0,0.0,0.0,0.0,0.0,0.0,0.0
2014-11-12,0.0,0.0,0.0,0.0,0.0,0.0,0.0,0.0,0.0,0.0
2014-11-13,0.0,0.0,0.0,0.0,0.0,0.0,0.0,0.0,0.0,0.0
2014-11-14,0.0,0.0,0.0,0.0,0.0,0.0,0.0,0.0,0.0,0.0
2014-11-17,0.0,0.0,0.0,0.0,0.0,0.0,0.0,0.0,0.0,0.0
2014-11-18,0.0,0.0,0.0,0.0,0.0,0.0,0.0,0.0,0.0,0.0
2014-11-19,0.0,0.0,0.0,0.0,0.0,0.0,0.0,0.0,0.0,0.0
2014-11-20,0.0,0.0,0.0,0.0,0.0,0.0,0.0,0.0,0.0,0.0
2014-11-21,0.0,0.0,0.0,0.0,0.0,0.0,0.0,0.0,0.0,0.0
2014-11-24,0.0,0.0,0.0,0.0,0.0,0.0,0.0,0.0,0.0,0.0
2014-11-25,0.0,0.0,0.0,0.0,0.0,0.0,0.0,0.0,0.0,0.0
2014-11-26,0.0,0.0,0.0,0.0,0.0,0.0,0.0,0.0,0.0,0.0
2014-12-01,0.0,0.0,0.0,0.0,0.0,0.0,0.0,0.0,0.0,0.0
2014-12-02,0.0,0.0,0.0,0.0,0.0,0.0,0.0,0.0,0.0,0.0
2014-12-03,0.0,0.0,0.0,0.0,0.0,0.0,0.0,0.0,0.0,0.0
2014-12-04,0.0,0.0,0.0,0.0,0.0,0.0,0.0,0.0,0.0,0.0
2014-12-05,0.0,0.0,0.0,0.0,0.0,0.0,0.0,0.0,0.0,0.0
2014-12-08,0.0,0.0,0.0,0.0,0.0,0.0,0.0,0.0,0.0,0.0
2014-12-09,0.0,0.0,0.0,0.0,0.0,0.0,0.0,0.0,0.0,0.0
2014-12-10,0.0,0.0,0.0,0.0,0.0,0.0,0.0,0.0,0.0,0.0
2014-12-11,0.0,0.0,0.0,0.0,0.0,0.0,0.0,0.0,0.0,0.0
2014-12-12,0.0,0.0,0.0,0.0,0.0,0.0,0.0,0.0,0.0,0.0
2014-12-15,0.0,0.0,0.0,0.0,0.0,0.0,0.0,0.0,0.0,0.0
2014-12-16,0.0,0.0,0.0,0.0,0.0,0.0,0.0,0.0,0.0,0.0
2014-12-17,0.0,0.0,0.0,0.0,0.0,0.0,0.0,0.0,0.0,0.0
2014-12-18,0.0,0.0,0.0,0.0,0.0,0.0,0.0,0.0,0.0,0.0
2014-12-19,0.0,0.0,0.0,0.0,0.0,0.0,0.0,0.0,0.0,0.0
2014-12-22,0.0,0.0,0.0,0.0,0.0,0.0,0.0,0.0,0.0,0.0
2014-12-23,0.0,0.0,0.0,0.0,0.0,0.0,0.0,0.0,0.0,0.0
2014-12-26,0.0,0.0,0.0,0.0,0.0,0.0,0.0,0.0,0.0,0.0
2014-12-29,0.0,0.0,0.0,0.0,0.0,0.0,0.0,0.0,0.0,0.0
2014-12-30,0.0,0.0,0.0,0.0,0.0,0.0,0.0,0.0,0.0,0.0
2014-12-31,0.0,0.0,0.0,0.0,0.0,0.0,0.0,0.0,0.0,0.0
2015-01-02,0.0,0.0,0.0,0.0,0.0,0.0,0.0,0.0,0.0,0.0
2015-01-05,0.0,0.0,0.0,0.0,0.0,0.0,0.0,0.0,0.0,0.0
2015-01-06,0.0,0.0,0.0,0.0,0.0,0.0,0.0,0.0,0.0,0.0
2015-01-07,0.0,0.0,0.0,0.0,0.0,0.0,0.0,0.0,0.0,0.0
2015-01-08,0.0,0.0,0.0,0.0,0.0,0.0,0.0,0.0,0.0,0.0
2015-01-09,0.0,0.0,0.0,0.0,0.0,0.0,0.0,0.0,0.0,0.0
2015-01-12,0.0,0.0,0.0,0.0,0.0,0.0,0.0,0.0,0.0,0.0
2015-01-13,0.0,0.0,0.0,0.0,0.0,0.0,0.0,0.0,0.0,0.0
2015-01-14,0.0,0.0,0.0,0.0,0.0,0.0,0.0,0.0,0.0,0.0
2015-01-15,0.0,0.0,0.0,0.0,0.0,0.0,0.0,0.0,0.0,0.0
2015-01-16,0.0,0.0,0.0,0.0,0.0,0.0,0.0,0.0,0.0,0.0
2015-01-20,0.0,0.0,0.0,0.0,0.0,0.0,0.0,0.0,0.0,0.0
2015-01-21,0.0,0.0,0.0,0.0,0.0,0.0,0.0,0.0,0.0,0.0
2015-01-22,0.0,0.0,0.0,0.0,0.0,0.0,0.0,0.0,0.0,0.0
2015-01-23,0.0,0.0,0.0,0.0,0.0,0.0,0.0,0.0,0.0,0.0
2015-01-26,0.0,0.0,0.0,0.0,0.0,0.0,0.0,0.0,0.0,0.0
2015-01-27,0.0,2.0655683749610398e-06,2.9276754794878703e-06,0.0,6.1572474255096916e-06,1.3095238095238096e-06,0.16999999999999998,0.16999999999999998,-0.05,-1.246001508948241e-05
2015-01-28,-0.00021568330479044477,2.0655683749610398e-06,1.7399120850777843e-06,0.0,5.95822290313137e-06,0.0,0.16598094896696333,0.0,0.0,-0.00022544700815361497
2015-01-29,0.0,1.6751184994095332e-05,5.954556088481119e-06,0.0,2.9275238654383592e-05,2.3809523809523808e-06,0.4317724245736418,0.4317724245736418,0.03177242457364181,-5.436193211791243e-05
2015-01-30,-0.0004788278606655517,1.6751184994095332e-05,7.853349884883789e-06,0.0,2.9686361302080613e-05,0.0,0.4279772140921932,0.0,0.0,-0.0005331187568466115
2015-02-02,0.0,0.0,0.0,0.0,0.0,0.0,0.0,0.0,0.0,0.0
2015-02-03,0.0,2.4822747694250045e-06,1.8588066759388037e-06,0.0,5.435201666843651e-06,7.142857142857143e-07,0.16999999999999998,0.16999999999999998,0.05,-1.0490568826493174e-05
2015-02-04,-0.0010623032007207988,4.051053076528392e-06,2.8055451894658795e-06,0.0,9.0348418597662e-06,7.142857142857143e-07,0.1849621770190169,0.16999999999999998,0.05,-0.001078908926560845
2015-02-05,0.0006134530834732796,5.2386195835630996e-06,5.687773529711006e-06,0.0,7.634735815505292e-06,1.3095238095238096e-06,0.34085710790580825,0.16999999999999998,-0.04999999999999999,0.0005935824307349764
2015-02-06,0.0013499078923527956,2.5739340773755756e-06,1.9942544025150016e-06,0.0,4.300421389490254e-06,0.0,0.17018815926991326,0.0,0.0,0.0013410392824834147
2015-02-09,0.0,0.0,0.0,0.0,0.0,0.0,0.0,0.0,0.0,0.0
2015-02-10,0.0,0.0,0.0,0.0,0.0,0.0,0.0,0.0,0.0,0.0
2015-02-11,0.0,0.0,0.0,0.0,0.0,0.0,0.0,0.0,0.0,0.0
2015-02-12,0.0,0.0,0.0,0.0,0.0,0.0,0.0,0.0,0.0,0.0
2015-02-13,0.0,3.3536297026040894e-06,1.9922811920763362e-06,0.0,1.1874475724288679e-05,7.142857142857143e-07,0.1506030673533579,0.1506030673533579,0.030603067353357907,-1.793467233325482e-05
2015-02-17,-0.0003486448792345849,3.3536297026040886e-06,2.4311192983970147e-06,0.0,1.178597466369651e-05,0.0,0.15032923544170437,0.0,0.0,-0.0003662156028992825
2015-02-18,0.0,0.0,0.0,0.0,0.0,0.0,0.0,0.0,0.0,0.0
2015-02-19,0.0,2.4353886644160757e-06,2.946026203936876e-06,0.0,7.5714887693771165e-06,1.3095238095238098e-06,0.16999999999999998,0.16999999999999998,-0.05,-1.4262427447253879e-05
2015-02-20,-0.003176308343890315,2.4353886644160757e-06,1.8421047214568538e-06,0.0,7.69891371191396e-06,0.0,0.17303071654016963,0.0,0.0,-0.003188284750988102
2015-02-23,0.0,0.0,0.0,0.0,0.0,0.0,0.0,0.0,0.0,0.0
2015-02-24,0.0,0.0,0.0,0.0,0.0,0.0,0.0,0.0,0.0,0.0
2015-02-25,0.0,0.0,0.0,0.0,0.0,0.0,0.0,0.0,0.0,0.0
2015-02-26,0.0,0.0,0.0,0.0,0.0,0.0,0.0,0.0,0.0,0.0
2015-02-27,0.0,0.0,0.0,0.0,0.0,0.0,0.0,0.0,0.0,0.0
2015-03-02,0.0,0.0,0.0,0.0,0.0,0.0,0.0,0.0,0.0,0.0
2015-03-03,0.0,0.0,0.0,0.0,0.0,0.0,0.0,0.0,0.0,0.0
2015-03-04,0.0,0.0,0.0,0.0,0.0,0.0,0.0,0.0,0.0,0.0
2015-03-05,0.0,0.0,0.0,0.0,0.0,0.0,0.0,0.0,0.0,0.0
2015-03-06,0.0,0.0,0.0,0.0,0.0,0.0,0.0,0.0,0.0,0.0
2015-03-09,0.0,0.0,0.0,0.0,0.0,0.0,0.0,0.0,0.0,0.0
2015-03-10,0.0,0.0,0.0,0.0,0.0,0.0,0.0,0.0,0.0,0.0
2015-03-11,0.0,0.0,0.0,0.0,0.0,0.0,0.0,0.0,0.0,0.0
2015-03-12,0.0,0.0,0.0,0.0,0.0,0.0,0.0,0.0,0.0,0.0
2015-03-13,0.0,0.0,0.0,0.0,0.0,0.0,0.0,0.0,0.0,0.0
2015-03-16,0.0,0.0,0.0,0.0,0.0,0.0,0.0,0.0,0.0,0.0
2015-03-17,0.0,0.0,0.0,0.0,0.0,0.0,0.0,0.0,0.0,0.0
2015-03-18,0.0,2.753827178893776e-06,1.9903331553657233e-06,0.0,2.6460472308008465e-06,7.142857142857143e-07,0.17000000000000007,0.17000000000000007,0.05000000000000008,-8.104493279346061e-06
2015-03-19,-0.00048303714879257816,2.7538271788937755e-06,2.8331970217230577e-06,0.0,1.8775446123512452e-06,0.0,0.1696130653605508,0.0,0.0,-0.0004905017176055462
2015-03-20,0.0,0.0,0.0,0.0,0.0,0.0,0.0,0.0,0.0,0.0
2015-03-23,0.0,0.0,0.0,0.0,0.0,0.0,0.0,0.0,0.0,0.0
2015-03-24,0.0,0.0,0.0,0.0,0.0,0.0,0.0,0.0,0.0,0.0
2015-03-25,0.0,0.0,0.0,0.0,0.0,0.0,0.0,0.0,0.0,0.0
2015-03-26,0.0,0.0,0.0,0.0,0.0,0.0,0.0,0.0,0.0,0.0
2015-03-27,0.0,0.0,0.0,0.0,0.0,0.0,0.0,0.0,0.0,0.0
2015-03-30,0.0,0.0,0.0,0.0,0.0,0.0,0.0,0.0,0.0,0.0
2015-03-31,0.0,0.0,0.0,0.0,0.0,0.0,0.0,0.0,0.0,0.0
2015-04-01,0.0,0.0,0.0,0.0,0.0,0.0,0.0,0.0,0.0,0.0
2015-04-02,0.0,0.0,0.0,0.0,0.0,0.0,0.0,0.0,0.0,0.0
2015-04-06,0.0,0.0,0.0,0.0,0.0,0.0,0.0,0.0,0.0,0.0
2015-04-07,0.0,0.0,0.0,0.0,0.0,0.0,0.0,0.0,0.0,0.0
2015-04-08,0.0,0.0,0.0,0.0,0.0,0.0,0.0,0.0,0.0,0.0
2015-04-09,0.0,0.0,0.0,0.0,0.0,0.0,0.0,0.0,0.0,0.0
2015-04-10,0.0,0.0,0.0,0.0,0.0,0.0,0.0,0.0,0.0,0.0
2015-04-13,0.0,0.0,0.0,0.0,0.0,0.0,0.0,0.0,0.0,0.0
2015-04-14,0.0,3.639359428245192e-06,2.8387565232660287e-06,0.0,3.011695291100122e-06,1.2007554608508042e-06,0.16086345871146754,0.16086345871146754,-0.04086345871146754,-1.0690566703462146e-05
2015-04-15,0.00024097145443597375,1.1841062861470627e-05,4.696084648946768e-06,0.0,1.0549728045466587e-05,1.5476190476190474e-06,0.2907477233494135,0.21,-0.04999999999999999,0.00021233695983247073
2015-04-16,2.071317985024294e-05,8.765953481597349e-06,2.9713593193850844e-06,0.0,7.660067119694178e-06,0.0,0.2098994465007885,0.0,0.0,1.3157999295663324e-06
2015-04-17,0.0,0.0,0.0,0.0,0.0,0.0,0.0,0.0,0.0,0.0
2015-04-20,0.0,0.0,0.0,0.0,0.0,0.0,0.0,0.0,0.0,0.0
2015-04-21,0.0,0.0,0.0,0.0,0.0,0.0,0.0,0.0,0.0,0.0
2015-04-22,0.0,1.8927571413924064e-06,1.975790563142109e-06,0.0,1.2145902383714542e-05,8.616061903943072e-07,0.1323749199931218,0.1323749199931218,-0.012374919993121805,-1.6876056278643362e-05
2015-04-23,-0.0007562491212435384,8.700618478745844e-06,6.332269108241503e-06,0.0,2.548929564151632e-05,1.6666666666666665e-06,0.4651166205478271,0.33000000000000007,0.05000000000000002,-0.0007984379711387088
2015-04-24,-0.004459376498305499,6.8078613373534375e-06,5.085488924687661e-06,0.0,1.3434149718287915e-05,0.0,0.33533164063396803,0.0,0.0,-0.004484703998285829
2015-04-27,0.0,0.0,0.0,0.0,0.0,0.0,0.0,0.0,0.0,0.0
2015-04-28,0.0,8.698255428078018e-06,6.340755744827547e-06,0.0,1.1803986169609407e-05,2.3809523809523808e-06,0.45000000000000007,0.45000000000000007,0.0500000000000001,-2.9223949723467355e-05
2015-04-29,-0.0015385582021323928,2.0368148534931474e-05,1.261372058804557e-05,0.0,2.9561008092223804e-05,2.3809523809523808e-06,0.7983736133722805,0.35,-0.05000000000000002,-0.001603482031728546
2015-04-30,0.0011984752586413094,1.1669893106853456e-05,4.922356408488248e-06,0.0,1.7663653237187274e-05,0.0,0.34623967800391764,0.0,0.0,0.0011642193558887804
2015-05-01,0.0,6.250784115606004e-06,2.8152169976759483e-06,0.0,6.797675121486616e-06,1.171234047214417e-06,0.188383659966011,0.188383659966011,-0.00838365996601102,-1.7034910281982983e-05
2015-05-04,0.0004913326494372931,6.250784115606004e-06,3.0659600183526037e-06,0.0,7.0294017466897e-06,0.0,0.1883887331311497,0.0,0.0,0.00047498650355664484
2015-05-05,0.0,0.0,0.0,0.0,0.0,0.0,0.0,0.0,0.0,0.0
2015-05-06,0.0,4.195409377053084e-06,3.5637237672484337e-06,0.0,1.0198418700984638e-05,1.5476190476190474e-06,0.21000000000000002,0.21000000000000002,-0.05,-1.95051708929052e-05
2015-05-07,-0.0006274071492304574,4.195409377053084e-06,2.506889316031542e-06,0.0,1.0038772155865832e-05,0.0,0.2082419653601491,0.0,0.0,-0.0006441482200794078
2015-05-08,0.0,0.0,0.0,0.0,0.0,0.0,0.0,0.0,0.0,0.0
2015-05-11,0.0,4.219795303578115e-06,3.1106293910777546e-06,0.0,5.541447469056949e-06,1.3095238095238098e-06,0.17,0.17,-0.05000000000000002,-1.4181395973236629e-05
2015-05-12,0.0003687356192845713,4.219795303578114e-06,1.950390428449623e-06,0.0,5.443336757966276e-06,0.0,0.16887636479203894,0.0,0.0,0.00035712209679457726
2015-05-13,0.0,0.0,0.0,0.0,0.0,0.0,0.0,0.0,0.0,0.0
2015-05-14,0.0,0.0,0.0,0.0,0.0,0.0,0.0,0.0,0.0,0.0
2015-05-15,0.0,0.0,0.0,0.0,0.0,0.0,0.0,0.0,0.0,0.0
2015-05-18,0.0,0.0,0.0,0.0,0.0,0.0,0.0,0.0,0.0,0.0
2015-05-19,0.0,3.2353749082345206e-06,3.03517408450257e-06,0.0,5.209259451344784e-06,1.3095238095238094e-06,0.16999999999999998,0.16999999999999998,-0.05,-1.2789332253605683e-05
2015-05-20,2.362225330537621e-05,3.2353749082345206e-06,1.883343877457088e-06,0.0,5.225984597499409e-06,0.0,0.17050590931492274,0.0,0.0,1.3277549922185194e-05
2015-05-21,0.0,0.0,0.0,0.0,0.0,0.0,0.0,0.0,0.0,0.0
2015-05-22,0.0,0.0,0.0,0.0,0.0,0.0,0.0,0.0,0.0,0.0
2015-05-26,0.0,0.0,0.0,0.0,0.0,0.0,0.0,0.0,0.0,0.0
2015-05-27,0.0,0.0,0.0,0.0,0.0,0.0,0.0,0.0,0.0,0.0
2015-05-28,0.0,0.0,0.0,0.0,0.0,0.0,0.0,0.0,0.0,0.0
2015-05-29,0.0,0.0,0.0,0.0,0.0,0.0,0.0,0.0,0.0,0.0
2015-06-01,0.0,0.0,0.0,0.0,0.0,0.0,0.0,0.0,0.0,0.0
2015-06-02,0.0,0.0,0.0,0.0,0.0,0.0,0.0,0.0,0.0,0.0
2015-06-03,0.0,0.0,0.0,0.0,0.0,0.0,0.0,0.0,0.0,0.0
2015-06-04,0.0,0.0,0.0,0.0,0.0,0.0,0.0,0.0,0.0,0.0
2015-06-05,0.0,0.0,0.0,0.0,0.0,0.0,0.0,0.0,0.0,0.0
2015-06-08,0.0,0.0,0.0,0.0,0.0,0.0,0.0,0.0,0.0,0.0
2015-06-09,0.0,0.0,0.0,0.0,0.0,0.0,0.0,0.0,0.0,0.0
2015-06-10,0.0,0.0,0.0,0.0,0.0,0.0,0.0,0.0,0.0,0.0
2015-06-11,0.0,0.0,0.0,0.0,0.0,0.0,0.0,0.0,0.0,0.0
2015-06-12,0.0,0.0,0.0,0.0,0.0,0.0,0.0,0.0,0.0,0.0
2015-06-15,0.0,0.0,0.0,0.0,0.0,0.0,0.0,0.0,0.0,0.0
2015-06-16,0.0,0.0,0.0,0.0,0.0,0.0,0.0,0.0,0.0,0.0
2015-06-17,0.0,0.0,0.0,0.0,0.0,0.0,0.0,0.0,0.0,0.0
2015-06-18,0.0,0.0,0.0,0.0,0.0,0.0,0.0,0.0,0.0,0.0
2015-06-19,0.0,0.0,0.0,0.0,0.0,0.0,0.0,0.0,0.0,0.0
2015-06-22,0.0,0.0,0.0,0.0,0.0,0.0,0.0,0.0,0.0,0.0
2015-06-23,0.0,0.0,0.0,0.0,0.0,0.0,0.0,0.0,0.0,0.0
2015-06-24,0.0,0.0,0.0,0.0,0.0,0.0,0.0,0.0,0.0,0.0
2015-06-25,0.0,0.0,0.0,0.0,0.0,0.0,0.0,0.0,0.0,0.0
2015-06-26,0.0,0.0,0.0,0.0,0.0,0.0,0.0,0.0,0.0,0.0
2015-06-29,0.0,0.0,0.0,0.0,0.0,0.0,0.0,0.0,0.0,0.0
2015-06-30,0.0,0.0,0.0,0.0,0.0,0.0,0.0,0.0,0.0,0.0
2015-07-01,0.0,0.0,0.0,0.0,0.0,0.0,0.0,0.0,0.0,0.0
2015-07-02,0.0,0.0,0.0,0.0,0.0,0.0,0.0,0.0,0.0,0.0
2015-07-06,0.0,0.0,0.0,0.0,0.0,0.0,0.0,0.0,0.0,0.0
2015-07-07,0.0,0.0,0.0,0.0,0.0,0.0,0.0,0.0,0.0,0.0
2015-07-08,0.0,0.0,0.0,0.0,0.0,0.0,0.0,0.0,0.0,0.0
2015-07-09,0.0,0.0,0.0,0.0,0.0,0.0,0.0,0.0,0.0,0.0
2015-07-10,0.0,0.0,0.0,0.0,0.0,0.0,0.0,0.0,0.0,0.0
2015-07-13,0.0,0.0,0.0,0.0,0.0,0.0,0.0,0.0,0.0,0.0
2015-07-14,0.0,0.0,0.0,0.0,0.0,0.0,0.0,0.0,0.0,0.0
2015-07-15,0.0,0.0,0.0,0.0,0.0,0.0,0.0,0.0,0.0,0.0
2015-07-16,0.0,2.7068468053663705e-06,1.778357195772392e-06,0.0,5.174493498611287e-06,7.142857142857143e-07,0.16164566602521063,0.16164566602521063,0.04164566602521063,-1.0373983214035764e-05
2015-07-17,1.4805037614565826e-05,2.7068468053663705e-06,2.8371526463826684e-06,0.0,5.426333092772997e-06,0.0,0.16203609710623088,0.0,0.0,3.83470507004379e-06
2015-07-20,0.0,0.0,0.0,0.0,0.0,0.0,0.0,0.0,0.0,0.0
2015-07-21,0.0,0.0,0.0,0.0,0.0,0.0,0.0,0.0,0.0,0.0
2015-07-22,0.0,8.709520876277209e-06,2.8701425878981923e-06,0.0,1.7238437745980953e-05,7.142857142857143e-07,0.1487722435002888,0.1487722435002888,0.02877224350028882,-2.9532386924442066e-05
2015-07-23,-0.0008797129775211066,1.4507821585700616e-05,7.894266477523662e-06,0.0,2.7774263007057754e-05,2.3809523809523808e-06,0.49917184821999583,0.35,-0.05,-0.0009322702809723411
2015-07-24,0.0010584640684904874,8.629069506835068e-06,5.4419445006957296e-06,0.0,1.5809330501432226e-05,1.3095238095238096e-06,0.3702179124691769,0.16999999999999998,-0.05,0.0010272742001720006
2015-07-27,0.0004665401800868085,3.824117156157301e-06,2.03386351268217e-06,0.0,5.617208961505158e-06,0.0,0.17062404908992201,0.0,0.0,0.0004550649904564639
2015-07-28,0.0,1.6083574940001524e-06,1.7676002450604993e-06,0.0,5.758613668756001e-06,7.142857142857143e-07,0.16999999999999998,0.16999999999999998,0.05000000000000001,-9.848857122102368e-06
2015-07-29,-0.0014449590863338908,4.774780005112416e-06,5.8848226791089875e-06,0.0,1.4664075342098078e-05,1.3095238095238096e-06,0.34112817615642915,0.17,-0.05,-0.001471592288169734
2015-07-30,0.00015821135237388081,1.5896373371781282e-05,8.76106291768219e-06,0.0,3.2129055212946584e-05,2.6190476190476192e-06,0.6598640603625481,0.48999999999999994,0.04999999999999999,9.880581325242314e-05
2015-07-31,-0.003944269504496857,1.2729950860669019e-05,7.766148021372033e-06,0.0,2.263994465451605e-05,0.0,0.48706935844926547,0.0,0.0,-0.003987405548033414
2015-08-03,0.0,0.0,0.0,0.0,0.0,0.0,0.0,0.0,0.0,0.0
2015-08-04,0.0,0.0,0.0,0.0,0.0,0.0,0.0,0.0,0.0,0.0
2015-08-05,0.0,6.572269096714492e-06,2.3598181818181813e-06,0.0,1.2551103045914546e-05,7.142857142857143e-07,0.16999999999999998,0.16999999999999998,0.05,-2.2197476038732933e-05
2015-08-06,0.004244760395108327,6.572269096714492e-06,3.1664931484035974e-06,0.0,1.2677261827688578e-05,0.0,0.1722167883671363,0.0,0.0,0.00422234437103552
2015-08-07,0.0,0.0,0.0,0.0,0.0,0.0,0.0,0.0,0.0,0.0
2015-08-10,0.0,6.1656487236013025e-06,1.9424665461121154e-06,0.0,5.0434293389117846e-06,7.142857142857143e-07,0.16999999999999998,0.16999999999999998,0.04999999999999999,-1.3865830322910917e-05
2015-08-11,-0.002112233820618061,6.1656487236013025e-06,3.412893297286836e-06,0.0,4.968798035331233e-06,0.0,0.16916263055551212,0.0,0.0,-0.0021267811606742806
2015-08-12,0.0,0.0,0.0,0.0,0.0,0.0,0.0,0.0,0.0,0.0
2015-08-13,0.0,0.0,0.0,0.0,0.0,0.0,0.0,0.0,0.0,0.0
2015-08-14,0.0,0.0,0.0,0.0,0.0,0.0,0.0,0.0,0.0,0.0
2015-08-17,0.0,0.0,0.0,0.0,0.0,0.0,0.0,0.0,0.0,0.0
2015-08-18,0.0,0.0,0.0,0.0,0.0,0.0,0.0,0.0,0.0,0.0
2015-08-19,0.0,0.0,0.0,0.0,0.0,0.0,0.0,0.0,0.0,0.0
2015-08-20,0.0,0.0,0.0,0.0,0.0,0.0,0.0,0.0,0.0,0.0
2015-08-21,0.0,0.0,0.0,0.0,0.0,0.0,0.0,0.0,0.0,0.0
2015-08-24,0.0,0.0,0.0,0.0,0.0,0.0,0.0,0.0,0.0,0.0
2015-08-25,0.0,0.0,0.0,0.0,0.0,0.0,0.0,0.0,0.0,0.0
2015-08-26,0.0,0.0,0.0,0.0,0.0,0.0,0.0,0.0,0.0,0.0
2015-08-27,0.0,0.0,0.0,0.0,0.0,0.0,0.0,0.0,0.0,0.0
2015-08-28,0.0,0.0,0.0,0.0,0.0,0.0,0.0,0.0,0.0,0.0
2015-08-31,0.0,0.0,0.0,0.0,0.0,0.0,0.0,0.0,0.0,0.0
2015-09-01,0.0,0.0,0.0,0.0,0.0,0.0,0.0,0.0,0.0,0.0
2015-09-02,0.0,0.0,0.0,0.0,0.0,0.0,0.0,0.0,0.0,0.0
2015-09-03,0.0,0.0,0.0,0.0,0.0,0.0,0.0,0.0,0.0,0.0
2015-09-04,0.0,0.0,0.0,0.0,0.0,0.0,0.0,0.0,0.0,0.0
2015-09-08,0.0,0.0,0.0,0.0,0.0,0.0,0.0,0.0,0.0,0.0
2015-09-09,0.0,0.0,0.0,0.0,0.0,0.0,0.0,0.0,0.0,0.0
2015-09-10,0.0,0.0,0.0,0.0,0.0,0.0,0.0,0.0,0.0,0.0
2015-09-11,0.0,0.0,0.0,0.0,0.0,0.0,0.0,0.0,0.0,0.0
2015-09-14,0.0,0.0,0.0,0.0,0.0,0.0,0.0,0.0,0.0,0.0
2015-09-15,0.0,0.0,0.0,0.0,0.0,0.0,0.0,0.0,0.0,0.0
2015-09-16,0.0,0.0,0.0,0.0,0.0,0.0,0.0,0.0,0.0,0.0
2015-09-17,0.0,0.0,0.0,0.0,0.0,0.0,0.0,0.0,0.0,0.0
2015-09-18,0.0,0.0,0.0,0.0,0.0,0.0,0.0,0.0,0.0,0.0
2015-09-21,0.0,0.0,0.0,0.0,0.0,0.0,0.0,0.0,0.0,0.0
2015-09-22,0.0,0.0,0.0,0.0,0.0,0.0,0.0,0.0,0.0,0.0
2015-09-23,0.0,0.0,0.0,0.0,0.0,0.0,0.0,0.0,0.0,0.0
2015-09-24,0.0,0.0,0.0,0.0,0.0,0.0,0.0,0.0,0.0,0.0
2015-09-25,0.0,0.0,0.0,0.0,0.0,0.0,0.0,0.0,0.0,0.0
2015-09-28,0.0,0.0,0.0,0.0,0.0,0.0,0.0,0.0,0.0,0.0
2015-09-29,0.0,0.0,0.0,0.0,0.0,0.0,0.0,0.0,0.0,0.0
2015-09-30,0.0,0.0,0.0,0.0,0.0,0.0,0.0,0.0,0.0,0.0
2015-10-01,0.0,0.0,0.0,0.0,0.0,0.0,0.0,0.0,0.0,0.0
2015-10-02,0.0,0.0,0.0,0.0,0.0,0.0,0.0,0.0,0.0,0.0
2015-10-05,0.0,0.0,0.0,0.0,0.0,0.0,0.0,0.0,0.0,0.0
2015-10-06,0.0,0.0,0.0,0.0,0.0,0.0,0.0,0.0,0.0,0.0
2015-10-07,0.0,0.0,0.0,0.0,0.0,0.0,0.0,0.0,0.0,0.0
2015-10-08,0.0,0.0,0.0,0.0,0.0,0.0,0.0,0.0,0.0,0.0
2015-10-09,0.0,0.0,0.0,0.0,0.0,0.0,0.0,0.0,0.0,0.0
2015-10-12,0.0,0.0,0.0,0.0,0.0,0.0,0.0,0.0,0.0,0.0
2015-10-13,0.0,0.0,0.0,0.0,0.0,0.0,0.0,0.0,0.0,0.0
2015-10-14,0.0,1.5636241105294866e-05,6.090551430616793e-06,0.0,1.5265256312133522e-05,1.986842571059335e-06,0.3068947759689841,0.3068947759689841,-0.026894775968984135,-3.897889141910452e-05
2015-10-15,-0.0015172508376482387,1.5636241105294866e-05,4.430953179092198e-06,0.0,1.5577523360961946e-05,0.0,0.31296903129662446,0.0,0.0,-0.0015528955552935877
2015-10-16,0.0,6.017256559374832e-06,2.48119209998411e-06,0.0,9.054430536581982e-06,9.418606561770268e-07,0.13911629511887025,0.13911629511887025,-0.019116295118870245,-1.8494739852117948e-05
2015-10-19,0.0006502137479478923,6.017256559374832e-06,2.0912258290863008e-06,0.0,9.130457455208758e-06,0.0,0.13901676973137292,0.0,0.0,0.0006329748081042223
2015-10-20,0.0,1.3285000804867209e-05,4.8299760022585326e-06,0.0,3.114245112284584e-05,1.6666666666666665e-06,0.2844144923359183,0.2844144923359183,0.004414492335918334,-5.092409459663825e-05
2015-10-21,-0.00027824090849545055,4.864408116348907e-05,1.246345186457705e-05,0.0,8.493060627310472e-05,3.2142857142857147e-06,0.7715835944198276,0.49,-0.049999999999999996,-0.0004274933335109071
2015-10-22,-0.0038046794847877343,5.5602314915069655e-05,2.0865772285394683e-05,0.0,0.00010374991429166606,3.5714285714285718e-06,1.1515777861804721,0.65,0.04999999999999999,-0.003988468914851293
2015-10-23,0.015005627512357152,2.024323455644779e-05,9.937625946328583e-06,0.0,4.855236822087828e-05,0.0,0.6443724534779407,0.0,0.0,0.014926894283633498
2015-10-26,0.0,0.0,0.0,0.0,0.0,0.0,0.0,0.0,0.0,0.0
2015-10-27,0.0,0.0,0.0,0.0,0.0,0.0,0.0,0.0,0.0,0.0
2015-10-28,0.0,1.131019832278056e-05,6.735677441737673e-06,0.0,3.46525733213691e-05,2.7380952380952382e-06,0.41,0.41,-0.04999999999999999,-5.5436544323982564e-05
2015-10-29,0.009891352228922318,1.2329166358161349e-05,7.80694943499067e-06,0.0,5.036118741300525e-05,1.5476190476190476e-06,0.5189985603868577,0.21,-0.05,0.00981930730666854
2015-10-30,-0.0001221914452412001,1.779801153739261e-06,2.294567202394228e-06,0.0,1.3855804635215077e-05,0.0,0.20830876511568583,0.0,0.0,-0.00014012161823254865
2015-11-02,0.0,0.0,0.0,0.0,0.0,0.0,0.0,0.0,0.0,0.0
2015-11-03,0.0,0.0,0.0,0.0,0.0,0.0,0.0,0.0,0.0,0.0
2015-11-04,0.0,0.0,0.0,0.0,0.0,0.0,0.0,0.0,0.0,0.0
2015-11-05,0.0,0.0,0.0,0.0,0.0,0.0,0.0,0.0,0.0,0.0
2015-11-06,0.0,0.0,0.0,0.0,0.0,0.0,0.0,0.0,0.0,0.0
2015-11-09,0.0,0.0,0.0,0.0,0.0,0.0,0.0,0.0,0.0,0.0
2015-11-10,0.0,0.0,0.0,0.0,0.0,0.0,0.0,0.0,0.0,0.0
2015-11-11,0.0,0.0,0.0,0.0,0.0,0.0,0.0,0.0,0.0,0.0
2015-11-12,0.0,0.0,0.0,0.0,0.0,0.0,0.0,0.0,0.0,0.0
2015-11-13,0.0,0.0,0.0,0.0,0.0,0.0,0.0,0.0,0.0,0.0
2015-11-16,0.0,0.0,0.0,0.0,0.0,0.0,0.0,0.0,0.0,0.0
2015-11-17,0.0,0.0,0.0,0.0,0.0,0.0,0.0,0.0,0.0,0.0
2015-11-18,0.0,0.0,0.0,0.0,0.0,0.0,0.0,0.0,0.0,0.0
2015-11-19,0.0,0.0,0.0,0.0,0.0,0.0,0.0,0.0,0.0,0.0
2015-11-20,0.0,0.0,0.0,0.0,0.0,0.0,0.0,0.0,0.0,0.0
2015-11-23,0.0,0.0,0.0,0.0,0.0,0.0,0.0,0.0,0.0,0.0
2015-11-24,0.0,0.0,0.0,0.0,0.0,0.0,0.0,0.0,0.0,0.0
2015-11-25,0.0,0.0,0.0,0.0,0.0,0.0,0.0,0.0,0.0,0.0
2015-11-30,0.0,0.0,0.0,0.0,0.0,0.0,0.0,0.0,0.0,0.0
2015-12-01,0.0,0.0,0.0,0.0,0.0,0.0,0.0,0.0,0.0,0.0
2015-12-02,0.0,0.0,0.0,0.0,0.0,0.0,0.0,0.0,0.0,0.0
2015-12-03,0.0,0.0,0.0,0.0,0.0,0.0,0.0,0.0,0.0,0.0
2015-12-04,0.0,0.0,0.0,0.0,0.0,0.0,0.0,0.0,0.0,0.0
2015-12-07,0.0,0.0,0.0,0.0,0.0,0.0,0.0,0.0,0.0,0.0
2015-12-08,0.0,0.0,0.0,0.0,0.0,0.0,0.0,0.0,0.0,0.0
2015-12-09,0.0,0.0,0.0,0.0,0.0,0.0,0.0,0.0,0.0,0.0
2015-12-10,0.0,0.0,0.0,0.0,0.0,0.0,0.0,0.0,0.0,0.0
2015-12-11,0.0,0.0,0.0,0.0,0.0,0.0,0.0,0.0,0.0,0.0
2015-12-14,0.0,0.0,0.0,0.0,0.0,0.0,0.0,0.0,0.0,0.0
2015-12-15,0.0,0.0,0.0,0.0,0.0,0.0,0.0,0.0,0.0,0.0
2015-12-16,0.0,0.0,0.0,0.0,0.0,0.0,0.0,0.0,0.0,0.0
2015-12-17,0.0,0.0,0.0,0.0,0.0,0.0,0.0,0.0,0.0,0.0
2015-12-18,0.0,0.0,0.0,0.0,0.0,0.0,0.0,0.0,0.0,0.0
2015-12-21,0.0,0.0,0.0,0.0,0.0,0.0,0.0,0.0,0.0,0.0
2015-12-22,0.0,0.0,0.0,0.0,0.0,0.0,0.0,0.0,0.0,0.0
2015-12-23,0.0,0.0,0.0,0.0,0.0,0.0,0.0,0.0,0.0,0.0
2015-12-28,0.0,0.0,0.0,0.0,0.0,0.0,0.0,0.0,0.0,0.0
2015-12-29,0.0,0.0,0.0,0.0,0.0,0.0,0.0,0.0,0.0,0.0
2015-12-30,0.0,0.0,0.0,0.0,0.0,0.0,0.0,0.0,0.0,0.0
2015-12-31,0.0,0.0,0.0,0.0,0.0,0.0,0.0,0.0,0.0,0.0
2016-01-04,0.0,0.0,0.0,0.0,0.0,0.0,0.0,0.0,0.0,0.0
2016-01-05,0.0,0.0,0.0,0.0,0.0,0.0,0.0,0.0,0.0,0.0
2016-01-06,0.0,0.0,0.0,0.0,0.0,0.0,0.0,0.0,0.0,0.0
2016-01-07,0.0,0.0,0.0,0.0,0.0,0.0,0.0,0.0,0.0,0.0
2016-01-08,0.0,0.0,0.0,0.0,0.0,0.0,0.0,0.0,0.0,0.0
2016-01-11,0.0,0.0,0.0,0.0,0.0,0.0,0.0,0.0,0.0,0.0
2016-01-12,0.0,0.0,0.0,0.0,0.0,0.0,0.0,0.0,0.0,0.0
2016-01-13,0.0,0.0,0.0,0.0,0.0,0.0,0.0,0.0,0.0,0.0
2016-01-14,0.0,0.0,0.0,0.0,0.0,0.0,0.0,0.0,0.0,0.0
2016-01-15,0.0,0.0,0.0,0.0,0.0,0.0,0.0,0.0,0.0,0.0
2016-01-19,0.0,7.668264403343865e-06,2.717076376554174e-06,0.0,6.645951836537211e-06,7.142857142857143e-07,0.16999999999999998,0.16999999999999998,0.05,-1.7745578330720963e-05
2016-01-20,0.000743324160042824,1.1744588535765998e-05,6.527617463261971e-06,0.0,1.4015902717985016e-05,1.5476190476190474e-06,0.3761607309095988,0.21,-0.05000000000000001,0.000709488432278192
2016-01-21,-0.0013981225654593702,4.0763241324221325e-06,2.374800295484391e-06,0.0,7.247047837427606e-06,0.0,0.20715267388221142,0.0,0.0,-0.0014118207377247043
2016-01-22,0.0,0.0,0.0,0.0,0.0,0.0,0.0,0.0,0.0,0.0
2016-01-25,0.0,0.0,0.0,0.0,0.0,0.0,0.0,0.0,0.0,0.0
2016-01-26,0.0,0.0,0.0,0.0,0.0,0.0,0.0,0.0,0.0,0.0
2016-01-27,0.0,0.0,0.0,0.0,0.0,0.0,0.0,0.0,0.0,0.0
2016-01-28,0.0,7.933068710702765e-06,4.218312831604863e-06,0.0,3.4056861121606287e-05,1.6666666666666665e-06,0.29297793183640164,0.29297793183640164,0.012977931836401627,-4.7874909330580584e-05
2016-01-29,-0.0011844473455107315,2.3908045130676857e-05,9.395461817843667e-06,0.0,4.814806786772844e-05,2.0238095238095237e-06,0.5917502036073347,0.29,-0.05,-0.00126792272985079
2016-02-01,0.0009588447965123239,1.5974976419974093e-05,5.421739842128254e-06,0.0,1.2461296734521875e-05,0.0,0.28990604006761844,0.0,0.0,0.0009249867835156997
2016-02-02,0.0,5.386578616138047e-06,3.830723548501717e-06,0.0,1.5159482470995927e-05,1.537463234364984e-06,0.20914691168665864,0.20914691168665864,-0.049146911686658655,-2.5914247870000674e-05
2016-02-03,-0.0020140947012455943,5.386578616138047e-06,2.4596482816803214e-06,0.0,1.5842236464558555e-05,0.0,0.21223277672283247,0.0,0.0,-0.0020377831646079714
2016-02-04,0.0,0.0,0.0,0.0,0.0,0.0,0.0,0.0,0.0,0.0
2016-02-05,0.0,0.0,0.0,0.0,0.0,0.0,0.0,0.0,0.0,0.0
2016-02-08,0.0,0.0,0.0,0.0,0.0,0.0,0.0,0.0,0.0,0.0
2016-02-09,0.0,0.0,0.0,0.0,0.0,0.0,0.0,0.0,0.0,0.0
2016-02-10,0.0,0.0,0.0,0.0,0.0,0.0,0.0,0.0,0.0,0.0
2016-02-11,0.0,0.0,0.0,0.0,0.0,0.0,0.0,0.0,0.0,0.0
2016-02-12,0.0,0.0,0.0,0.0,0.0,0.0,0.0,0.0,0.0,0.0
2016-02-16,0.0,5.200526305349526e-06,2.3469536878216126e-06,0.0,2.2958200456046086e-06,7.142857142857143e-07,0.16999999999999998,0.16999999999999998,0.049999999999999996,-1.0557585753061461e-05
2016-02-17,0.0019938930492254935,5.200526305349526e-06,2.9215393836700773e-06,0.0,2.3223784783861382e-06,0.0,0.1713077867027418,0.0,0.0,0.001983448605058088
2016-02-18,0.0,1.3639185214094632e-05,6.257638363507383e-06,0.0,2.8870517500612176e-05,2.608567520549446e-06,0.3991196717261535,0.3991196717261535,-0.03911967172615348,-5.137590859876364e-05
2016-02-19,-0.0036859281397285844,1.3639185214094632e-05,6.151331026685559e-06,0.0,2.8673293367980677e-05,0.0,0.3939475261608055,0.0,0.0,-0.0037343919493373454
2016-02-22,0.0,0.0,0.0,0.0,0.0,0.0,0.0,0.0,0.0,0.0
2016-02-23,0.0,0.0,0.0,0.0,0.0,0.0,0.0,0.0,0.0,0.0
2016-02-24,0.0,0.0,0.0,0.0,0.0,0.0,0.0,0.0,0.0,0.0
2016-02-25,0.0,0.0,0.0,0.0,0.0,0.0,0.0,0.0,0.0,0.0
2016-02-26,0.0,0.0,0.0,0.0,0.0,0.0,0.0,0.0,0.0,0.0
2016-02-29,0.0,0.0,0.0,0.0,0.0,0.0,0.0,0.0,0.0,0.0
2016-03-01,0.0,0.0,0.0,0.0,0.0,0.0,0.0,0.0,0.0,0.0
2016-03-02,0.0,0.0,0.0,0.0,0.0,0.0,0.0,0.0,0.0,0.0
2016-03-03,0.0,0.0,0.0,0.0,0.0,0.0,0.0,0.0,0.0,0.0
2016-03-04,0.0,0.0,0.0,0.0,0.0,0.0,0.0,0.0,0.0,0.0
2016-03-07,0.0,0.0,0.0,0.0,0.0,0.0,0.0,0.0,0.0,0.0
2016-03-08,0.0,0.0,0.0,0.0,0.0,0.0,0.0,0.0,0.0,0.0
2016-03-09,0.0,0.0,0.0,0.0,0.0,0.0,0.0,0.0,0.0,0.0
2016-03-10,0.0,0.0,0.0,0.0,0.0,0.0,0.0,0.0,0.0,0.0
2016-03-11,0.0,0.0,0.0,0.0,0.0,0.0,0.0,0.0,0.0,0.0
2016-03-14,0.0,0.0,0.0,0.0,0.0,0.0,0.0,0.0,0.0,0.0
2016-03-15,0.0,0.0,0.0,0.0,0.0,0.0,0.0,0.0,0.0,0.0
2016-03-16,0.0,0.0,0.0,0.0,0.0,0.0,0.0,0.0,0.0,0.0
2016-03-17,0.0,0.0,0.0,0.0,0.0,0.0,0.0,0.0,0.0,0.0
2016-03-18,0.0,0.0,0.0,0.0,0.0,0.0,0.0,0.0,0.0,0.0
2016-03-21,0.0,0.0,0.0,0.0,0.0,0.0,0.0,0.0,0.0,0.0
2016-03-22,0.0,0.0,0.0,0.0,0.0,0.0,0.0,0.0,0.0,0.0
2016-03-23,0.0,0.0,0.0,0.0,0.0,0.0,0.0,0.0,0.0,0.0
2016-03-24,0.0,0.0,0.0,0.0,0.0,0.0,0.0,0.0,0.0,0.0
2016-03-28,0.0,0.0,0.0,0.0,0.0,0.0,0.0,0.0,0.0,0.0
2016-03-29,0.0,0.0,0.0,0.0,0.0,0.0,0.0,0.0,0.0,0.0
2016-03-30,0.0,0.0,0.0,0.0,0.0,0.0,0.0,0.0,0.0,0.0
2016-03-31,0.0,0.0,0.0,0.0,0.0,0.0,0.0,0.0,0.0,0.0
2016-04-01,0.0,0.0,0.0,0.0,0.0,0.0,0.0,0.0,0.0,0.0
2016-04-04,0.0,0.0,0.0,0.0,0.0,0.0,0.0,0.0,0.0,0.0
2016-04-05,0.0,0.0,0.0,0.0,0.0,0.0,0.0,0.0,0.0,0.0
2016-04-06,0.0,0.0,0.0,0.0,0.0,0.0,0.0,0.0,0.0,0.0
2016-04-07,0.0,0.0,0.0,0.0,0.0,0.0,0.0,0.0,0.0,0.0
2016-04-08,0.0,0.0,0.0,0.0,0.0,0.0,0.0,0.0,0.0,0.0
2016-04-11,0.0,0.0,0.0,0.0,0.0,0.0,0.0,0.0,0.0,0.0
2016-04-12,0.0,0.0,0.0,0.0,0.0,0.0,0.0,0.0,0.0,0.0
2016-04-13,0.0,0.0,0.0,0.0,0.0,0.0,0.0,0.0,0.0,0.0
2016-04-14,0.0,1.0621416392967443e-05,3.559605832306407e-06,0.0,6.1199644510144205e-06,1.5476190476190476e-06,0.21000000000000002,0.21000000000000002,-0.05,-2.1848605723907316e-05
2016-04-15,-0.00018543684402656186,1.0621416392967444e-05,3.5646211732276246e-06,0.0,6.07516829394914e-06,0.0,0.20861680939304617,0.0,0.0,-0.00020569804988670608
2016-04-18,0.0,0.0,0.0,0.0,0.0,0.0,0.0,0.0,0.0,0.0
2016-04-19,0.0,0.0,0.0,0.0,0.0,0.0,0.0,0.0,0.0,0.0
2016-04-20,0.0,1.470350397126345e-05,5.889419628619982e-06,0.0,1.3743097405196991e-05,2.0238095238095237e-06,0.29000000000000004,0.29000000000000004,-0.05,-3.6359830528889946e-05
2016-04-21,0.0005970595839895293,2.63944725220235e-05,8.170864001484327e-06,0.0,4.415998933605354e-05,1.690335071452656e-06,0.5662536404906096,0.2819881460020231,-0.0019881460020231487,0.0005166439230585153
2016-04-22,-0.004450256088436637,1.1717912762205394e-05,4.901817225240442e-06,0.0,3.1279075021623926e-05,0.0,0.2840950244188324,0.0,0.0,-0.004498154893445707
2016-04-25,0.0,0.0,0.0,0.0,0.0,0.0,0.0,0.0,0.0,0.0
2016-04-26,0.0,0.0,0.0,0.0,0.0,0.0,0.0,0.0,0.0,0.0
2016-04-27,0.0,8.706823170695185e-06,5.885537470385565e-06,0.0,2.7209502424055552e-05,2.3668901626660176e-06,0.35881877366394543,0.35881877366394543,-0.03881877366394553,-4.4168753227802316e-05
2016-04-28,0.0025386038475717597,3.315804048781382e-05,1.6706973838355427e-05,0.0,8.207066236174684e-05,5.595238095238095e-06,1.165715647055739,0.8899999999999998,-0.04999999999999993,0.0024010729327886057
2016-04-29,0.004884304105843399,3.1572911868823575e-05,1.8098757654411098e-05,0.0,7.653632188888085e-05,1.7662054590347111e-06,1.1542826200297147,0.2883612585589157,-0.008361258558915757,0.004756329908972249
2016-05-02,0.0012998186632022723,6.71132178479776e-06,4.213407127146746e-06,0.0,2.2805143094642942e-05,0.0,0.29038589332324316,0.0,0.0,0.0012660887911956848
2016-05-03,0.0,9.577610347831182e-06,6.920177406399828e-06,0.0,3.0344244426999528e-05,2.9761904761904767e-06,0.45000000000000007,0.45000000000000007,-0.050000000000000024,-4.9818222657421014e-05
2016-05-04,-0.0005929356978702689,9.969680349664692e-06,6.673879094528518e-06,0.0,3.5098357561180075e-05,1.3095238095238096e-06,0.4365856591315097,0.16999999999999998,-0.05,-0.000645987138685166
2016-05-05,-0.0010414630882540255,6.134781440376645e-06,4.158492215767715e-06,0.0,2.2219988151101518e-05,2.0238095238095237e-06,0.2804922458755512,0.29,-0.04999999999999999,-0.001076000159585081
2016-05-06,0.0015086840733139221,9.620539082844278e-06,5.5334765170399426e-06,0.0,2.1979193027701605e-05,7.142857142857143e-07,0.4626535677005801,0.16999999999999998,0.05,0.0014708365789720505
2016-05-09,-0.00041779953584924383,3.877827644301147e-06,3.1068125626279886e-06,0.0,5.173876428425631e-06,0.0,0.16988289437317156,0.0,0.0,-0.0004299580524845986
2016-05-10,0.0,0.0,0.0,0.0,0.0,0.0,0.0,0.0,0.0,0.0
2016-05-11,0.0,0.0,0.0,0.0,0.0,0.0,0.0,0.0,0.0,0.0
2016-05-12,0.0,0.0,0.0,0.0,0.0,0.0,0.0,0.0,0.0,0.0
2016-05-13,0.0,0.0,0.0,0.0,0.0,0.0,0.0,0.0,0.0,0.0
2016-05-16,0.0,0.0,0.0,0.0,0.0,0.0,0.0,0.0,0.0,0.0
2016-05-17,0.0,0.0,0.0,0.0,0.0,0.0,0.0,0.0,0.0,0.0
2016-05-18,0.0,0.0,0.0,0.0,0.0,0.0,0.0,0.0,0.0,0.0
2016-05-19,0.0,0.0,0.0,0.0,0.0,0.0,0.0,0.0,0.0,0.0
2016-05-20,0.0,0.0,0.0,0.0,0.0,0.0,0.0,0.0,0.0,0.0
2016-05-23,0.0,0.0,0.0,0.0,0.0,0.0,0.0,0.0,0.0,0.0
2016-05-24,0.0,0.0,0.0,0.0,0.0,0.0,0.0,0.0,0.0,0.0
2016-05-25,0.0,0.0,0.0,0.0,0.0,0.0,0.0,0.0,0.0,0.0
2016-05-26,0.0,0.0,0.0,0.0,0.0,0.0,0.0,0.0,0.0,0.0
2016-05-27,0.0,0.0,0.0,0.0,0.0,0.0,0.0,0.0,0.0,0.0
2016-05-31,0.0,0.0,0.0,0.0,0.0,0.0,0.0,0.0,0.0,0.0
2016-06-01,0.0,0.0,0.0,0.0,0.0,0.0,0.0,0.0,0.0,0.0
2016-06-02,0.0,0.0,0.0,0.0,0.0,0.0,0.0,0.0,0.0,0.0
2016-06-03,0.0,0.0,0.0,0.0,0.0,0.0,0.0,0.0,0.0,0.0
2016-06-06,0.0,0.0,0.0,0.0,0.0,0.0,0.0,0.0,0.0,0.0
2016-06-07,0.0,0.0,0.0,0.0,0.0,0.0,0.0,0.0,0.0,0.0
2016-06-08,0.0,0.0,0.0,0.0,0.0,0.0,0.0,0.0,0.0,0.0
2016-06-09,0.0,0.0,0.0,0.0,0.0,0.0,0.0,0.0,0.0,0.0
2016-06-10,0.0,0.0,0.0,0.0,0.0,0.0,0.0,0.0,0.0,0.0
2016-06-13,0.0,0.0,0.0,0.0,0.0,0.0,0.0,0.0,0.0,0.0
2016-06-14,0.0,0.0,0.0,0.0,0.0,0.0,0.0,0.0,0.0,0.0
2016-06-15,0.0,0.0,0.0,0.0,0.0,0.0,0.0,0.0,0.0,0.0
2016-06-16,0.0,0.0,0.0,0.0,0.0,0.0,0.0,0.0,0.0,0.0
2016-06-17,0.0,0.0,0.0,0.0,0.0,0.0,0.0,0.0,0.0,0.0
2016-06-20,0.0,0.0,0.0,0.0,0.0,0.0,0.0,0.0,0.0,0.0
2016-06-21,0.0,0.0,0.0,0.0,0.0,0.0,0.0,0.0,0.0,0.0
2016-06-22,0.0,0.0,0.0,0.0,0.0,0.0,0.0,0.0,0.0,0.0
2016-06-23,0.0,0.0,0.0,0.0,0.0,0.0,0.0,0.0,0.0,0.0
2016-06-24,0.0,0.0,0.0,0.0,0.0,0.0,0.0,0.0,0.0,0.0
2016-06-27,0.0,0.0,0.0,0.0,0.0,0.0,0.0,0.0,0.0,0.0
2016-06-28,0.0,0.0,0.0,0.0,0.0,0.0,0.0,0.0,0.0,0.0
2016-06-29,0.0,0.0,0.0,0.0,0.0,0.0,0.0,0.0,0.0,0.0
2016-06-30,0.0,0.0,0.0,0.0,0.0,0.0,0.0,0.0,0.0,0.0
2016-07-01,0.0,0.0,0.0,0.0,0.0,0.0,0.0,0.0,0.0,0.0
2016-07-05,0.0,0.0,0.0,0.0,0.0,0.0,0.0,0.0,0.0,0.0
2016-07-06,0.0,0.0,0.0,0.0,0.0,0.0,0.0,0.0,0.0,0.0
2016-07-07,0.0,0.0,0.0,0.0,0.0,0.0,0.0,0.0,0.0,0.0
2016-07-08,0.0,0.0,0.0,0.0,0.0,0.0,0.0,0.0,0.0,0.0
2016-07-11,0.0,0.0,0.0,0.0,0.0,0.0,0.0,0.0,0.0,0.0
2016-07-12,0.0,0.0,0.0,0.0,0.0,0.0,0.0,0.0,0.0,0.0
2016-07-13,0.0,0.0,0.0,0.0,0.0,0.0,0.0,0.0,0.0,0.0
2016-07-14,0.0,0.0,0.0,0.0,0.0,0.0,0.0,0.0,0.0,0.0
2016-07-15,0.0,0.0,0.0,0.0,0.0,0.0,0.0,0.0,0.0,0.0
2016-07-18,0.0,0.0,0.0,0.0,0.0,0.0,0.0,0.0,0.0,0.0
2016-07-19,0.0,0.0,0.0,0.0,0.0,0.0,0.0,0.0,0.0,0.0
2016-07-20,0.0,0.0,0.0,0.0,0.0,0.0,0.0,0.0,0.0,0.0
2016-07-21,0.0,6.338286596913425e-06,2.4269465410957293e-06,0.0,1.2063862150951699e-05,1.0421704234871516e-06,0.14754231557292072,0.14754231557292072,-0.027542315572920723,-2.1871265712448004e-05
2016-07-22,-0.0005999860886603441,8.512971536817119e-06,4.144461846841607e-06,0.0,1.886496379010067e-05,8.611722652485279e-07,0.25645204204917194,0.13233847028087634,-0.012338470280876347,-0.0006323696580993521
2016-07-25,-0.0009717249990788869,2.33470833181995e-06,1.7212505755244933e-06,0.0,6.681733597012756e-06,0.0,0.13185741077632324,0.0,0.0,-0.0009824626915832441
2016-07-26,0.0,0.0,0.0,0.0,0.0,0.0,0.0,0.0,0.0,0.0
2016-07-27,0.0,1.9000779263912572e-06,3.404111001975539e-06,0.0,3.7174429455142045e-06,1.5476190476190476e-06,0.21,0.21,-0.05000000000000002,-1.056925092150005e-05
2016-07-28,-0.0008237914304356961,1.9254352425686737e-05,1.3485169779123872e-05,0.0,6.167602031869324e-05,4.166666666666667e-06,0.9593392273736251,0.75,0.05000000000000002,-0.0009223736396258667
2016-07-29,-0.003942456031318284,1.9652211329532288e-05,1.1721495109367885e-05,0.0,6.36614392763657e-05,7.142857142857143e-07,0.835588690835334,0.15859876256453065,0.03859876256453067,-0.004038205462747836
2016-08-01,0.0003041393124524444,2.7988129056889456e-06,2.8092774281305466e-06,0.0,4.687157742265734e-06,0.0,0.15965113972263645,0.0,0.0,0.00029384406437635914
2016-08-02,0.0,2.8567058659959325e-06,2.995183382298329e-06,0.0,3.4177363747305066e-06,1.3095238095238096e-06,0.16999999999999998,0.16999999999999998,-0.05,-1.0579149432548578e-05
2016-08-03,-0.0011493787882072067,2.8567058659959325e-06,1.8439661424526066e-06,0.0,3.4355887784759706e-06,0.0,0.17005995527481638,0.0,0.0,-0.0011575150489941313
2016-08-04,0.0,0.0,0.0,0.0,0.0,0.0,0.0,0.0,0.0,0.0
2016-08-05,0.0,0.0,0.0,0.0,0.0,0.0,0.0,0.0,0.0,0.0
2016-08-08,0.0,0.0,0.0,0.0,0.0,0.0,0.0,0.0,0.0,0.0
2016-08-09,0.0,0.0,0.0,0.0,0.0,0.0,0.0,0.0,0.0,0.0
2016-08-10,0.0,0.0,0.0,0.0,0.0,0.0,0.0,0.0,0.0,0.0
2016-08-11,0.0,0.0,0.0,0.0,0.0,0.0,0.0,0.0,0.0,0.0
2016-08-12,0.0,0.0,0.0,0.0,0.0,0.0,0.0,0.0,0.0,0.0
2016-08-15,0.0,0.0,0.0,0.0,0.0,0.0,0.0,0.0,0.0,0.0
2016-08-16,0.0,0.0,0.0,0.0,0.0,0.0,0.0,0.0,0.0,0.0
2016-08-17,0.0,0.0,0.0,0.0,0.0,0.0,0.0,0.0,0.0,0.0
2016-08-18,0.0,0.0,0.0,0.0,0.0,0.0,0.0,0.0,0.0,0.0
2016-08-19,0.0,0.0,0.0,0.0,0.0,0.0,0.0,0.0,0.0,0.0
2016-08-22,0.0,0.0,0.0,0.0,0.0,0.0,0.0,0.0,0.0,0.0
2016-08-23,0.0,0.0,0.0,0.0,0.0,0.0,0.0,0.0,0.0,0.0
2016-08-24,0.0,0.0,0.0,0.0,0.0,0.0,0.0,0.0,0.0,0.0
2016-08-25,0.0,0.0,0.0,0.0,0.0,0.0,0.0,0.0,0.0,0.0
2016-08-26,0.0,0.0,0.0,0.0,0.0,0.0,0.0,0.0,0.0,0.0
2016-08-29,0.0,0.0,0.0,0.0,0.0,0.0,0.0,0.0,0.0,0.0
2016-08-30,0.0,0.0,0.0,0.0,0.0,0.0,0.0,0.0,0.0,0.0
2016-08-31,0.0,0.0,0.0,0.0,0.0,0.0,0.0,0.0,0.0,0.0
2016-09-01,0.0,0.0,0.0,0.0,0.0,0.0,0.0,0.0,0.0,0.0
2016-09-02,0.0,0.0,0.0,0.0,0.0,0.0,0.0,0.0,0.0,0.0
2016-09-06,0.0,0.0,0.0,0.0,0.0,0.0,0.0,0.0,0.0,0.0
2016-09-07,0.0,0.0,0.0,0.0,0.0,0.0,0.0,0.0,0.0,0.0
2016-09-08,0.0,0.0,0.0,0.0,0.0,0.0,0.0,0.0,0.0,0.0
2016-09-09,0.0,0.0,0.0,0.0,0.0,0.0,0.0,0.0,0.0,0.0
2016-09-12,0.0,0.0,0.0,0.0,0.0,0.0,0.0,0.0,0.0,0.0
2016-09-13,0.0,0.0,0.0,0.0,0.0,0.0,0.0,0.0,0.0,0.0
2016-09-14,0.0,0.0,0.0,0.0,0.0,0.0,0.0,0.0,0.0,0.0
2016-09-15,0.0,0.0,0.0,0.0,0.0,0.0,0.0,0.0,0.0,0.0
2016-09-16,0.0,0.0,0.0,0.0,0.0,0.0,0.0,0.0,0.0,0.0
2016-09-19,0.0,0.0,0.0,0.0,0.0,0.0,0.0,0.0,0.0,0.0
2016-09-20,0.0,0.0,0.0,0.0,0.0,0.0,0.0,0.0,0.0,0.0
2016-09-21,0.0,0.0,0.0,0.0,0.0,0.0,0.0,0.0,0.0,0.0
2016-09-22,0.0,0.0,0.0,0.0,0.0,0.0,0.0,0.0,0.0,0.0
2016-09-23,0.0,0.0,0.0,0.0,0.0,0.0,0.0,0.0,0.0,0.0
2016-09-26,0.0,0.0,0.0,0.0,0.0,0.0,0.0,0.0,0.0,0.0
2016-09-27,0.0,0.0,0.0,0.0,0.0,0.0,0.0,0.0,0.0,0.0
2016-09-28,0.0,0.0,0.0,0.0,0.0,0.0,0.0,0.0,0.0,0.0
2016-09-29,0.0,0.0,0.0,0.0,0.0,0.0,0.0,0.0,0.0,0.0
2016-09-30,0.0,0.0,0.0,0.0,0.0,0.0,0.0,0.0,0.0,0.0
2016-10-03,0.0,0.0,0.0,0.0,0.0,0.0,0.0,0.0,0.0,0.0
2016-10-04,0.0,0.0,0.0,0.0,0.0,0.0,0.0,0.0,0.0,0.0
2016-10-05,0.0,0.0,0.0,0.0,0.0,0.0,0.0,0.0,0.0,0.0
2016-10-06,0.0,0.0,0.0,0.0,0.0,0.0,0.0,0.0,0.0,0.0
2016-10-07,0.0,0.0,0.0,0.0,0.0,0.0,0.0,0.0,0.0,0.0
2016-10-10,0.0,0.0,0.0,0.0,0.0,0.0,0.0,0.0,0.0,0.0
2016-10-11,0.0,0.0,0.0,0.0,0.0,0.0,0.0,0.0,0.0,0.0
2016-10-12,0.0,0.0,0.0,0.0,0.0,0.0,0.0,0.0,0.0,0.0
2016-10-13,0.0,0.0,0.0,0.0,0.0,0.0,0.0,0.0,0.0,0.0
2016-10-14,0.0,0.0,0.0,0.0,0.0,0.0,0.0,0.0,0.0,0.0
2016-10-17,0.0,0.0,0.0,0.0,0.0,0.0,0.0,0.0,0.0,0.0
2016-10-18,0.0,0.0,0.0,0.0,0.0,0.0,0.0,0.0,0.0,0.0
2016-10-19,0.0,1.931557355877007e-05,8.603971171841311e-06,0.0,4.405515005383903e-05,2.8571428571428573e-06,0.53,0.53,0.05000000000000002,-7.483183764159327e-05
2016-10-20,0.00017273129224984043,1.931557355877007e-05,8.208444888182299e-06,0.0,4.395872305945854e-05,0.0,0.5298338158459921,0.0,0.0,0.00010124855074342952
2016-10-21,0.0,0.0,0.0,0.0,0.0,0.0,0.0,0.0,0.0,0.0
2016-10-24,0.0,0.0,0.0,0.0,0.0,0.0,0.0,0.0,0.0,0.0
2016-10-25,0.0,3.8323457211518144e-06,3.827960696088294e-06,0.0,3.6344559923772885e-06,1.7380952380952383e-06,0.242,0.242,-0.05,-1.3032857647712635e-05
2016-10-26,-0.001914144288430574,7.752102473159212e-06,5.197584049465508e-06,0.0,7.224171720848574e-06,7.142857142857143e-07,0.4097715369033224,0.16999999999999998,0.04999999999999999,-0.001935032432388333
2016-10-27,0.0009436875282419204,1.3182082262758707e-05,9.823396547396486e-06,0.0,2.565420469684583e-05,2.9761904761904763e-06,0.6176842941375673,0.45,-0.04999999999999999,0.0008920516542587288
2016-10-28,-0.0003306935367374684,9.262325510751312e-06,6.074933320033706e-06,0.0,2.2382032663150864e-05,0.0,0.4493373405604181,0.0,0.0,-0.0003684128282314043
2016-10-31,0.0,0.0,0.0,0.0,0.0,0.0,0.0,0.0,0.0,0.0
2016-11-01,0.0,1.8749066468661679e-06,2.896738917511709e-06,0.0,3.72584329708541e-06,1.3095238095238094e-06,0.16999999999999998,0.16999999999999998,-0.049999999999999975,-9.807012670987096e-06
2016-11-02,0.0006777833723719192,1.8749066468661676e-06,1.790177121139086e-06,0.0,3.792398710147328e-06,0.0,0.16916763874415597,0.0,0.0,0.0006703258898937666
2016-11-03,0.0,0.0,0.0,0.0,0.0,0.0,0.0,0.0,0.0,0.0
2016-11-04,0.0,1.0286940832584458e-05,4.7099390562570624e-06,0.0,1.4254674164663955e-05,2.0238095238095237e-06,0.29,0.29,-0.04999999999999999,-3.1275363577315e-05
2016-11-07,-0.0007677840559413231,1.0286940832584458e-05,4.530384445356043e-06,0.0,1.4761308261977584e-05,0.0,0.2973336272941338,0.0,0.0,-0.0007973626894812411
2016-11-08,0.0,0.0,0.0,0.0,0.0,0.0,0.0,0.0,0.0,0.0
2016-11-09,0.0,0.0,0.0,0.0,0.0,0.0,0.0,0.0,0.0,0.0
2016-11-10,0.0,0.0,0.0,0.0,0.0,0.0,0.0,0.0,0.0,0.0
2016-11-11,0.0,0.0,0.0,0.0,0.0,0.0,0.0,0.0,0.0,0.0
2016-11-14,0.0,0.0,0.0,0.0,0.0,0.0,0.0,0.0,0.0,0.0
2016-11-15,0.0,0.0,0.0,0.0,0.0,0.0,0.0,0.0,0.0,0.0
2016-11-16,0.0,0.0,0.0,0.0,0.0,0.0,0.0,0.0,0.0,0.0
2016-11-17,0.0,0.0,0.0,0.0,0.0,0.0,0.0,0.0,0.0,0.0
2016-11-18,0.0,0.0,0.0,0.0,0.0,0.0,0.0,0.0,0.0,0.0
2016-11-21,0.0,0.0,0.0,0.0,0.0,0.0,0.0,0.0,0.0,0.0
2016-11-22,0.0,0.0,0.0,0.0,0.0,0.0,0.0,0.0,0.0,0.0
2016-11-23,0.0,0.0,0.0,0.0,0.0,0.0,0.0,0.0,0.0,0.0
2016-11-28,0.0,0.0,0.0,0.0,0.0,0.0,0.0,0.0,0.0,0.0
2016-11-29,0.0,0.0,0.0,0.0,0.0,0.0,0.0,0.0,0.0,0.0
2016-11-30,0.0,0.0,0.0,0.0,0.0,0.0,0.0,0.0,0.0,0.0
2016-12-01,0.0,0.0,0.0,0.0,0.0,0.0,0.0,0.0,0.0,0.0
2016-12-02,0.0,0.0,0.0,0.0,0.0,0.0,0.0,0.0,0.0,0.0
2016-12-05,0.0,0.0,0.0,0.0,0.0,0.0,0.0,0.0,0.0,0.0
2016-12-06,0.0,0.0,0.0,0.0,0.0,0.0,0.0,0.0,0.0,0.0
2016-12-07,0.0,0.0,0.0,0.0,0.0,0.0,0.0,0.0,0.0,0.0
2016-12-08,0.0,0.0,0.0,0.0,0.0,0.0,0.0,0.0,0.0,0.0
2016-12-09,0.0,0.0,0.0,0.0,0.0,0.0,0.0,0.0,0.0,0.0
2016-12-12,0.0,0.0,0.0,0.0,0.0,0.0,0.0,0.0,0.0,0.0
2016-12-13,0.0,0.0,0.0,0.0,0.0,0.0,0.0,0.0,0.0,0.0
2016-12-14,0.0,0.0,0.0,0.0,0.0,0.0,0.0,0.0,0.0,0.0
2016-12-15,0.0,0.0,0.0,0.0,0.0,0.0,0.0,0.0,0.0,0.0
2016-12-16,0.0,0.0,0.0,0.0,0.0,0.0,0.0,0.0,0.0,0.0
2016-12-19,0.0,0.0,0.0,0.0,0.0,0.0,0.0,0.0,0.0,0.0
2016-12-20,0.0,0.0,0.0,0.0,0.0,0.0,0.0,0.0,0.0,0.0
2016-12-21,0.0,0.0,0.0,0.0,0.0,0.0,0.0,0.0,0.0,0.0
2016-12-22,0.0,0.0,0.0,0.0,0.0,0.0,0.0,0.0,0.0,0.0
2016-12-23,0.0,0.0,0.0,0.0,0.0,0.0,0.0,0.0,0.0,0.0
2016-12-27,0.0,0.0,0.0,0.0,0.0,0.0,0.0,0.0,0.0,0.0
2016-12-28,0.0,0.0,0.0,0.0,0.0,0.0,0.0,0.0,0.0,0.0
2016-12-29,0.0,0.0,0.0,0.0,0.0,0.0,0.0,0.0,0.0,0.0
2016-12-30,0.0,0.0,0.0,0.0,0.0,0.0,0.0,0.0,0.0,0.0
2017-01-03,0.0,0.0,0.0,0.0,0.0,0.0,0.0,0.0,0.0,0.0
2017-01-04,0.0,0.0,0.0,0.0,0.0,0.0,0.0,0.0,0.0,0.0
2017-01-05,0.0,0.0,0.0,0.0,0.0,0.0,0.0,0.0,0.0,0.0
2017-01-06,0.0,0.0,0.0,0.0,0.0,0.0,0.0,0.0,0.0,0.0
2017-01-09,0.0,0.0,0.0,0.0,0.0,0.0,0.0,0.0,0.0,0.0
2017-01-10,0.0,2.0070261857394767e-06,2.282496307307883e-06,0.0,1.3089295293228364e-05,9.826870045557055e-07,0.14254570838267927,0.14254570838267927,-0.022545708382679264,-1.836150479083143e-05
2017-01-11,0.004652951988496953,2.0070261857394767e-06,1.7239482254484034e-06,0.0,1.304559916697561e-05,0.0,0.13903393286477053,0.0,0.0,0.00463617541491879
2017-01-12,0.0,0.0,0.0,0.0,0.0,0.0,0.0,0.0,0.0,0.0
2017-01-13,0.0,4.778266525891691e-06,2.7309527379836655e-06,0.0,1.815057781617741e-06,9.523809523809522e-07,0.20999999999999996,0.20999999999999996,0.05,-1.027665799787405e-05
2017-01-17,0.0019289940323138908,4.778266525891691e-06,3.427727144185419e-06,0.0,1.7431294687849872e-06,0.0,0.20568549869603503,0.0,0.0,0.0019190449091750286
2017-01-18,0.0,0.0,0.0,0.0,0.0,0.0,0.0,0.0,0.0,0.0
2017-01-19,0.0,6.3570048234357795e-06,4.869562761360002e-06,0.0,1.0078214406290088e-05,2.0238095238095233e-06,0.29,0.29,-0.04999999999999999,-2.3328591514895392e-05
2017-01-20,0.0007933468652187936,1.04383308324314e-05,5.135532781342825e-06,0.0,1.6386430552828398e-05,1.5476190476190479e-06,0.35332017012986244,0.21000000000000002,-0.05000000000000003,0.000759838952004572
2017-01-23,-7.526509197570115e-05,4.983479533662184e-06,2.7694704843516178e-06,0.0,6.164768258782591e-06,0.0,0.20921014387329884,0.0,0.0,-8.918281025249754e-05
2017-01-24,0.0,0.0,0.0,0.0,0.0,0.0,0.0,0.0,0.0,0.0
2017-01-25,0.0,8.624147108391548e-06,5.564481243639931e-06,0.0,1.321529937917815e-05,2.2619047619047617e-06,0.32999999999999996,0.32999999999999996,-0.05,-2.966583249311439e-05
2017-01-26,-0.00037838584948330885,1.0027378237880199e-05,5.4804851891496926e-06,0.0,2.246176849737406e-05,2.023809523809524e-06,0.3655701979444226,0.29000000000000004,-0.05000000000000002,-0.00041837929093152234
2017-01-27,-0.00020032189956641354,2.93960659977225e-06,3.4132147656103964e-06,0.0,8.42914540492138e-06,0.0,0.2896904545826438,0.0,0.0,-0.00021510386633671758
2017-01-30,0.0,0.0,0.0,0.0,0.0,0.0,0.0,0.0,0.0,0.0
2017-01-31,0.0,4.0205022140861005e-06,2.9007570123268803e-06,0.0,1.160670069600417e-05,1.2528300334281153e-06,0.16523772280796167,0.16523772280796167,-0.04523772280796169,-1.9780789955845265e-05
2017-02-01,0.001517491886497767,8.037961677471778e-06,3.7699669274383322e-06,0.0,1.7747049718521138e-05,1.3095238095238096e-06,0.2453263371650512,0.16999999999999998,-0.05,0.001486627384364812
2017-02-02,0.0004647076123053355,1.0636963174692038e-05,4.531660858654869e-06,0.0,1.2076010301798923e-05,7.142857142857143e-07,0.3406801319366972,0.16999999999999998,0.049999999999999975,0.000436748692255904
2017-02-03,0.01043846664968886,6.0654027888856805e-06,3.0263924331880247e-06,0.0,4.950794149727991e-06,0.0,0.1606958813111326,0.0,0.0,0.010424424060317058
2017-02-06,0.0,0.0,0.0,0.0,0.0,0.0,0.0,0.0,0.0,0.0
2017-02-07,0.0,0.0,0.0,0.0,0.0,0.0,0.0,0.0,0.0,0.0
2017-02-08,0.0,2.261926966966257e-06,2.837564759471317e-06,0.0,4.278167566264381e-06,1.3095238095238096e-06,0.16999999999999998,0.16999999999999998,-0.049999999999999996,-1.0687183102225765e-05
2017-02-09,0.001248045484424603,4.725177041437819e-06,3.844645739092961e-06,0.0,1.3607971314927126e-05,7.142857142857143e-07,0.3420473165985697,0.16999999999999998,0.05,0.0012251534046148593
2017-02-10,-0.0002847468761461071,2.4632500744715616e-06,2.908189082745771e-06,0.0,9.20599168813851e-06,0.0,0.17110278699919268,0.0,0.0,-0.00029932430699146297
2017-02-13,0.0,0.0,0.0,0.0,0.0,0.0,0.0,0.0,0.0,0.0
2017-02-14,0.0,0.0,0.0,0.0,0.0,0.0,0.0,0.0,0.0,0.0
2017-02-15,0.0,5.932798794732392e-06,2.0571315618924176e-06,0.0,1.236998989647865e-05,7.142857142857143e-07,0.16999999999999998,0.16999999999999998,0.05,-2.1074205967389173e-05
2017-02-16,-0.00022202023016473248,5.932798794732393e-06,3.283784411148975e-06,0.0,1.2364450769616035e-05,0.0,0.1694668974626415,0.0,0.0,-0.00024360126414022987
2017-02-17,0.0,0.0,0.0,0.0,0.0,0.0,0.0,0.0,0.0,0.0
2017-02-21,0.0,0.0,0.0,0.0,0.0,0.0,0.0,0.0,0.0,0.0
2017-02-22,0.0,5.290447090657234e-06,3.706156509927832e-06,0.0,1.0869422702319064e-05,1.5476190476190476e-06,0.21,0.21,-0.05,-2.1413645350523176e-05
2017-02-23,-0.00021169582142904403,9.314908963186148e-06,4.0681021791163675e-06,0.0,2.2146673425496486e-05,1.3095238095238098e-06,0.2544152292424309,0.17,-0.05000000000000001,-0.0002485350298063668
2017-02-24,0.0002938716305929384,9.263148405092664e-06,3.871699595416792e-06,0.0,2.2932953638127172e-05,1.0089487020650236e-06,0.26557830014614003,0.14475169097346197,-0.024751690973461977,0.00025679488025223674
2017-02-27,0.0006766516154952348,4.7799998679983245e-06,1.965033151406751e-06,0.0,1.1249125488598032e-05,0.0,0.14407503935796676,0.0,0.0,0.0006586574569872317
2017-02-28,0.0,6.267254187846167e-06,3.6720170221289115e-06,0.0,5.700156446408757e-06,1.5476190476190479e-06,0.21,0.21,-0.05000000000000002,-1.718704670400288e-05
2017-03-01,-0.001595316504505175,6.267254187846168e-06,2.7766627640384973e-06,0.0,5.7859024141799975e-06,0.0,0.21222346826657434,0.0,0.0,-0.0016101463238712397
2017-03-02,0.0,0.0,0.0,0.0,0.0,0.0,0.0,0.0,0.0,0.0
2017-03-03,0.0,0.0,0.0,0.0,0.0,0.0,0.0,0.0,0.0,0.0
2017-03-06,0.0,0.0,0.0,0.0,0.0,0.0,0.0,0.0,0.0,0.0
2017-03-07,0.0,0.0,0.0,0.0,0.0,0.0,0.0,0.0,0.0,0.0
2017-03-08,0.0,0.0,0.0,0.0,0.0,0.0,0.0,0.0,0.0,0.0
2017-03-09,0.0,0.0,0.0,0.0,0.0,0.0,0.0,0.0,0.0,0.0
2017-03-10,0.0,0.0,0.0,0.0,0.0,0.0,0.0,0.0,0.0,0.0
2017-03-13,0.0,0.0,0.0,0.0,0.0,0.0,0.0,0.0,0.0,0.0
2017-03-14,0.0,0.0,0.0,0.0,0.0,0.0,0.0,0.0,0.0,0.0
2017-03-15,0.0,0.0,0.0,0.0,0.0,0.0,0.0,0.0,0.0,0.0
2017-03-16,0.0,0.0,0.0,0.0,0.0,0.0,0.0,0.0,0.0,0.0
2017-03-17,0.0,0.0,0.0,0.0,0.0,0.0,0.0,0.0,0.0,0.0
2017-03-20,0.0,0.0,0.0,0.0,0.0,0.0,0.0,0.0,0.0,0.0
2017-03-21,0.0,0.0,0.0,0.0,0.0,0.0,0.0,0.0,0.0,0.0
2017-03-22,0.0,0.0,0.0,0.0,0.0,0.0,0.0,0.0,0.0,0.0
2017-03-23,0.0,0.0,0.0,0.0,0.0,0.0,0.0,0.0,0.0,0.0
2017-03-24,0.0,0.0,0.0,0.0,0.0,0.0,0.0,0.0,0.0,0.0
2017-03-27,0.0,0.0,0.0,0.0,0.0,0.0,0.0,0.0,0.0,0.0
2017-03-28,0.0,0.0,0.0,0.0,0.0,0.0,0.0,0.0,0.0,0.0
2017-03-29,0.0,0.0,0.0,0.0,0.0,0.0,0.0,0.0,0.0,0.0
2017-03-30,0.0,0.0,0.0,0.0,0.0,0.0,0.0,0.0,0.0,0.0
2017-03-31,0.0,0.0,0.0,0.0,0.0,0.0,0.0,0.0,0.0,0.0
2017-04-03,0.0,0.0,0.0,0.0,0.0,0.0,0.0,0.0,0.0,0.0
2017-04-04,0.0,0.0,0.0,0.0,0.0,0.0,0.0,0.0,0.0,0.0
2017-04-05,0.0,0.0,0.0,0.0,0.0,0.0,0.0,0.0,0.0,0.0
2017-04-06,0.0,0.0,0.0,0.0,0.0,0.0,0.0,0.0,0.0,0.0
2017-04-07,0.0,0.0,0.0,0.0,0.0,0.0,0.0,0.0,0.0,0.0
2017-04-10,0.0,0.0,0.0,0.0,0.0,0.0,0.0,0.0,0.0,0.0
2017-04-11,0.0,0.0,0.0,0.0,0.0,0.0,0.0,0.0,0.0,0.0
2017-04-12,0.0,0.0,0.0,0.0,0.0,0.0,0.0,0.0,0.0,0.0
2017-04-13,0.0,0.0,0.0,0.0,0.0,0.0,0.0,0.0,0.0,0.0
2017-04-17,0.0,0.0,0.0,0.0,0.0,0.0,0.0,0.0,0.0,0.0
2017-04-18,0.0,6.372258678961786e-06,2.126935704877998e-06,0.0,4.085560624120993e-06,8.08260206951577e-07,0.12789385738393244,0.12789385738393244,-0.00789385738393246,-1.3393015214912353e-05
2017-04-19,0.00033222181159794304,1.7217790549438627e-05,5.241987756433051e-06,0.0,1.4007439313645366e-05,7.142857142857143e-07,0.2891523111901621,0.16139384674959362,0.04139384674959361,0.0002950403082641403
2017-04-20,0.0003945139992285046,2.1552517049800625e-05,4.4769830994189496e-06,0.0,2.206783152718054e-05,9.523809523809522e-07,0.28818156041716536,0.20872805244925177,0.04872805244925182,0.0003454642865997235
2017-04-21,0.00035461275985727234,1.119903684945268e-05,4.517609565200802e-06,0.0,1.2680587462934175e-05,0.0,0.20753374244524345,0.0,0.0,0.0003262155259796847
2017-04-24,0.0,0.0,0.0,0.0,0.0,0.0,0.0,0.0,0.0,0.0
2017-04-25,0.0,3.6468689043544965e-06,3.6519669005216767e-06,0.0,9.80023580128926e-06,1.4285714285714286e-06,0.29,0.29,0.04999999999999999,-1.8527643034736865e-05
2017-04-26,0.0007243316760683806,1.0525325045009573e-05,8.059970387209218e-06,0.0,2.375604319388419e-05,2.8571428571428573e-06,0.5454259878348996,0.53,0.04999999999999993,0.0006791331945851347
2017-04-27,0.0031838788869820033,4.2320520321097475e-05,2.254939304329253e-05,0.0,6.29889013068098e-05,5.119047619047619e-06,1.3377103525842742,0.8100000000000003,-0.05000000000000001,0.003050901024691756
2017-04-28,-0.0033232830596043677,4.397867033624339e-05,1.7038386925653147e-05,0.0,6.378297421512663e-05,2.9761904761904763e-06,1.1474909326604672,0.44999999999999996,-0.05,-0.0034510592815575813
2017-05-01,4.125939060174186e-05,1.0739225740714063e-05,6.3946813731927085e-06,0.0,1.8586846744435406e-05,0.0,0.450852324915149,0.0,0.0,5.538636743399679e-06
2017-05-02,0.0,2.3364894906812895e-06,2.9386349562484478e-06,0.0,3.296928141264735e-06,1.3095238095238094e-06,0.16999999999999998,0.16999999999999998,-0.04999999999999999,-9.88157639771828e-06
2017-05-03,-0.0011573575897538355,6.382435197223116e-06,3.912239324685105e-06,0.0,1.1260445710003097e-05,7.142857142857143e-07,0.33848219835408505,0.16999999999999998,0.049999999999999996,-0.0011796269957000326
2017-05-04,0.0006331300051000205,1.0065200593037668e-05,5.932646902162859e-06,0.0,1.8849180800863175e-05,1.3095238095238098e-06,0.33689859682174794,0.17,-0.05000000000000002,0.000596973452994433
2017-05-05,0.0011863955693162136,6.019254886495842e-06,2.3755919884352008e-06,0.0,1.116488599985717e-05,0.0,0.17299270890829574,0.0,0.0,0.0011668358364414254
2017-05-08,0.0,0.0,0.0,0.0,0.0,0.0,0.0,0.0,0.0,0.0
2017-05-09,0.0,0.0,0.0,0.0,0.0,0.0,0.0,0.0,0.0,0.0
2017-05-10,0.0,0.0,0.0,0.0,0.0,0.0,0.0,0.0,0.0,0.0
2017-05-11,0.0,0.0,0.0,0.0,0.0,0.0,0.0,0.0,0.0,0.0
2017-05-12,0.0,0.0,0.0,0.0,0.0,0.0,0.0,0.0,0.0,0.0
2017-05-15,0.0,0.0,0.0,0.0,0.0,0.0,0.0,0.0,0.0,0.0
2017-05-16,0.0,0.0,0.0,0.0,0.0,0.0,0.0,0.0,0.0,0.0
2017-05-17,0.0,0.0,0.0,0.0,0.0,0.0,0.0,0.0,0.0,0.0
2017-05-18,0.0,0.0,0.0,0.0,0.0,0.0,0.0,0.0,0.0,0.0
2017-05-19,0.0,0.0,0.0,0.0,0.0,0.0,0.0,0.0,0.0,0.0
2017-05-22,0.0,0.0,0.0,0.0,0.0,0.0,0.0,0.0,0.0,0.0
2017-05-23,0.0,0.0,0.0,0.0,0.0,0.0,0.0,0.0,0.0,0.0
2017-05-24,0.0,0.0,0.0,0.0,0.0,0.0,0.0,0.0,0.0,0.0
2017-05-25,0.0,0.0,0.0,0.0,0.0,0.0,0.0,0.0,0.0,0.0
2017-05-26,0.0,0.0,0.0,0.0,0.0,0.0,0.0,0.0,0.0,0.0
2017-05-30,0.0,0.0,0.0,0.0,0.0,0.0,0.0,0.0,0.0,0.0
2017-05-31,0.0,0.0,0.0,0.0,0.0,0.0,0.0,0.0,0.0,0.0
2017-06-01,0.0,0.0,0.0,0.0,0.0,0.0,0.0,0.0,0.0,0.0
2017-06-02,0.0,0.0,0.0,0.0,0.0,0.0,0.0,0.0,0.0,0.0
2017-06-05,0.0,0.0,0.0,0.0,0.0,0.0,0.0,0.0,0.0,0.0
2017-06-06,0.0,0.0,0.0,0.0,0.0,0.0,0.0,0.0,0.0,0.0
2017-06-07,0.0,0.0,0.0,0.0,0.0,0.0,0.0,0.0,0.0,0.0
2017-06-08,0.0,0.0,0.0,0.0,0.0,0.0,0.0,0.0,0.0,0.0
2017-06-09,0.0,0.0,0.0,0.0,0.0,0.0,0.0,0.0,0.0,0.0
2017-06-12,0.0,0.0,0.0,0.0,0.0,0.0,0.0,0.0,0.0,0.0
2017-06-13,0.0,0.0,0.0,0.0,0.0,0.0,0.0,0.0,0.0,0.0
2017-06-14,0.0,0.0,0.0,0.0,0.0,0.0,0.0,0.0,0.0,0.0
2017-06-15,0.0,0.0,0.0,0.0,0.0,0.0,0.0,0.0,0.0,0.0
2017-06-16,0.0,0.0,0.0,0.0,0.0,0.0,0.0,0.0,0.0,0.0
2017-06-19,0.0,0.0,0.0,0.0,0.0,0.0,0.0,0.0,0.0,0.0
2017-06-20,0.0,0.0,0.0,0.0,0.0,0.0,0.0,0.0,0.0,0.0
2017-06-21,0.0,0.0,0.0,0.0,0.0,0.0,0.0,0.0,0.0,0.0
2017-06-22,0.0,0.0,0.0,0.0,0.0,0.0,0.0,0.0,0.0,0.0
2017-06-23,0.0,0.0,0.0,0.0,0.0,0.0,0.0,0.0,0.0,0.0
2017-06-26,0.0,0.0,0.0,0.0,0.0,0.0,0.0,0.0,0.0,0.0
2017-06-27,0.0,0.0,0.0,0.0,0.0,0.0,0.0,0.0,0.0,0.0
2017-06-28,0.0,0.0,0.0,0.0,0.0,0.0,0.0,0.0,0.0,0.0
2017-06-29,0.0,0.0,0.0,0.0,0.0,0.0,0.0,0.0,0.0,0.0
2017-06-30,0.0,0.0,0.0,0.0,0.0,0.0,0.0,0.0,0.0,0.0
2017-07-05,0.0,0.0,0.0,0.0,0.0,0.0,0.0,0.0,0.0,0.0
2017-07-06,0.0,0.0,0.0,0.0,0.0,0.0,0.0,0.0,0.0,0.0
2017-07-07,0.0,0.0,0.0,0.0,0.0,0.0,0.0,0.0,0.0,0.0
2017-07-10,0.0,0.0,0.0,0.0,0.0,0.0,0.0,0.0,0.0,0.0
2017-07-11,0.0,0.0,0.0,0.0,0.0,0.0,0.0,0.0,0.0,0.0
2017-07-12,0.0,0.0,0.0,0.0,0.0,0.0,0.0,0.0,0.0,0.0
2017-07-13,0.0,0.0,0.0,0.0,0.0,0.0,0.0,0.0,0.0,0.0
2017-07-14,0.0,0.0,0.0,0.0,0.0,0.0,0.0,0.0,0.0,0.0
2017-07-17,0.0,0.0,0.0,0.0,0.0,0.0,0.0,0.0,0.0,0.0
2017-07-18,0.0,0.0,0.0,0.0,0.0,0.0,0.0,0.0,0.0,0.0
2017-07-19,0.0,0.0,0.0,0.0,0.0,0.0,0.0,0.0,0.0,0.0
2017-07-20,0.0,2.0065156529618925e-06,1.8790309278350514e-06,0.0,5.9901222007793395e-06,7.142857142857143e-07,0.17,0.17,0.05000000000000002,-1.0589954495862e-05
2017-07-21,-0.0007408259381805439,3.4104529498955553e-06,5.635231052259943e-06,0.0,1.0132851279087382e-05,1.3095238095238096e-06,0.3388261843710978,0.16999999999999998,-0.049999999999999996,-0.0007613139972713106
2017-07-24,0.00027875454186753666,1.4039372969336626e-06,1.784909252442926e-06,0.0,3.661026833262489e-06,0.0,0.16944761125385693,0.0,0.0,0.0002719046684848976
2017-07-25,0.0,0.0,0.0,0.0,0.0,0.0,0.0,0.0,0.0,0.0
2017-07-26,0.0,3.053420070222727e-06,2.8661281754533776e-06,0.0,2.4321891298713115e-06,1.3095238095238096e-06,0.16999999999999998,0.16999999999999998,-0.05,-9.661261185071226e-06
2017-07-27,0.0003710405998101582,3.026526473280799e-05,1.622645650722674e-05,0.0,5.327250552074094e-05,5.778911564625852e-06,1.160086922633974,0.9894871455510335,0.01863000269389073,0.00026549746148475667
2017-07-28,-0.0026280291566852716,2.7211844662585268e-05,1.572121477765801e-05,0.0,5.1454768974688476e-05,0.0,0.9892108233654556,0.0,0.0,-0.0027224169851002033
2017-07-31,0.0,0.0,0.0,0.0,0.0,0.0,0.0,0.0,0.0,0.0
2017-08-01,0.0,0.0,0.0,0.0,0.0,0.0,0.0,0.0,0.0,0.0
2017-08-02,0.0,1.6795053110497914e-05,6.515374055580033e-06,0.0,1.9857031582542086e-05,2.3809523809523808e-06,0.44999999999999996,0.44999999999999996,0.04999999999999999,-4.5548411129572415e-05
2017-08-03,0.002546767370119753,1.9260326168893833e-05,8.834375588002562e-06,0.0,3.0948248232839804e-05,7.142857142857143e-07,0.5415990060127777,0.14518160909447111,0.025181609094471126,0.002487010134415731
2017-08-04,0.002580414081392802,2.746841553675133e-06,2.5539475872046696e-06,0.0,1.1575588733076062e-05,0.0,0.14779687144071074,0.0,0.0,0.002563537703518846
2017-08-07,0.0,0.0,0.0,0.0,0.0,0.0,0.0,0.0,0.0,0.0
2017-08-08,0.0,0.0,0.0,0.0,0.0,0.0,0.0,0.0,0.0,0.0
2017-08-09,0.0,0.0,0.0,0.0,0.0,0.0,0.0,0.0,0.0,0.0
2017-08-10,0.0,0.0,0.0,0.0,0.0,0.0,0.0,0.0,0.0,0.0
2017-08-11,0.0,0.0,0.0,0.0,0.0,0.0,0.0,0.0,0.0,0.0
2017-08-14,0.0,0.0,0.0,0.0,0.0,0.0,0.0,0.0,0.0,0.0
2017-08-15,0.0,3.1338903179548184e-06,2.8395941682751463e-06,0.0,3.2207286528244177e-06,1.3095238095238094e-06,0.16999999999999998,0.16999999999999998,-0.05,-1.0503736948578192e-05
2017-08-16,0.0005179066258676086,3.1338903179548184e-06,2.0862957926759075e-06,0.0,3.331690785178699e-06,0.0,0.17196111209588838,0.0,0.0,0.0005093547489717991
2017-08-17,0.0,0.0,0.0,0.0,0.0,0.0,0.0,0.0,0.0,0.0
2017-08-18,0.0,0.0,0.0,0.0,0.0,0.0,0.0,0.0,0.0,0.0
2017-08-21,0.0,0.0,0.0,0.0,0.0,0.0,0.0,0.0,0.0,0.0
2017-08-22,0.0,0.0,0.0,0.0,0.0,0.0,0.0,0.0,0.0,0.0
2017-08-23,0.0,1.5776082696733844e-06,2.8364785150974735e-06,0.0,3.141036304102472e-06,1.3095238095238094e-06,0.16999999999999998,0.16999999999999998,-0.049999999999999996,-8.86464689839714e-06
2017-08-24,0.0009095732803081681,1.577608269673384e-06,1.8214530130672199e-06,0.0,3.1629013680216414e-06,0.0,0.17048074260120893,0.0,0.0,0.0009030113176574058
2017-08-25,0.0,0.0,0.0,0.0,0.0,0.0,0.0,0.0,0.0,0.0
2017-08-28,0.0,0.0,0.0,0.0,0.0,0.0,0.0,0.0,0.0,0.0
2017-08-29,0.0,0.0,0.0,0.0,0.0,0.0,0.0,0.0,0.0,0.0
2017-08-30,0.0,0.0,0.0,0.0,0.0,0.0,0.0,0.0,0.0,0.0
2017-08-31,0.0,0.0,0.0,0.0,0.0,0.0,0.0,0.0,0.0,0.0
2017-09-01,0.0,0.0,0.0,0.0,0.0,0.0,0.0,0.0,0.0,0.0
2017-09-05,0.0,0.0,0.0,0.0,0.0,0.0,0.0,0.0,0.0,0.0
2017-09-06,0.0,0.0,0.0,0.0,0.0,0.0,0.0,0.0,0.0,0.0
2017-09-07,0.0,0.0,0.0,0.0,0.0,0.0,0.0,0.0,0.0,0.0
2017-09-08,0.0,0.0,0.0,0.0,0.0,0.0,0.0,0.0,0.0,0.0
2017-09-11,0.0,0.0,0.0,0.0,0.0,0.0,0.0,0.0,0.0,0.0
2017-09-12,0.0,0.0,0.0,0.0,0.0,0.0,0.0,0.0,0.0,0.0
2017-09-13,0.0,0.0,0.0,0.0,0.0,0.0,0.0,0.0,0.0,0.0
2017-09-14,0.0,0.0,0.0,0.0,0.0,0.0,0.0,0.0,0.0,0.0
2017-09-15,0.0,0.0,0.0,0.0,0.0,0.0,0.0,0.0,0.0,0.0
2017-09-18,0.0,0.0,0.0,0.0,0.0,0.0,0.0,0.0,0.0,0.0
2017-09-19,0.0,0.0,0.0,0.0,0.0,0.0,0.0,0.0,0.0,0.0
2017-09-20,0.0,0.0,0.0,0.0,0.0,0.0,0.0,0.0,0.0,0.0
2017-09-21,0.0,0.0,0.0,0.0,0.0,0.0,0.0,0.0,0.0,0.0
2017-09-22,0.0,0.0,0.0,0.0,0.0,0.0,0.0,0.0,0.0,0.0
2017-09-25,0.0,0.0,0.0,0.0,0.0,0.0,0.0,0.0,0.0,0.0
2017-09-26,0.0,0.0,0.0,0.0,0.0,0.0,0.0,0.0,0.0,0.0
2017-09-27,0.0,0.0,0.0,0.0,0.0,0.0,0.0,0.0,0.0,0.0
2017-09-28,0.0,0.0,0.0,0.0,0.0,0.0,0.0,0.0,0.0,0.0
2017-09-29,0.0,0.0,0.0,0.0,0.0,0.0,0.0,0.0,0.0,0.0
2017-10-02,0.0,0.0,0.0,0.0,0.0,0.0,0.0,0.0,0.0,0.0
2017-10-03,0.0,0.0,0.0,0.0,0.0,0.0,0.0,0.0,0.0,0.0
2017-10-04,0.0,0.0,0.0,0.0,0.0,0.0,0.0,0.0,0.0,0.0
2017-10-05,0.0,0.0,0.0,0.0,0.0,0.0,0.0,0.0,0.0,0.0
2017-10-06,0.0,0.0,0.0,0.0,0.0,0.0,0.0,0.0,0.0,0.0
2017-10-09,0.0,0.0,0.0,0.0,0.0,0.0,0.0,0.0,0.0,0.0
2017-10-10,0.0,0.0,0.0,0.0,0.0,0.0,0.0,0.0,0.0,0.0
2017-10-11,0.0,0.0,0.0,0.0,0.0,0.0,0.0,0.0,0.0,0.0
2017-10-12,0.0,0.0,0.0,0.0,0.0,0.0,0.0,0.0,0.0,0.0
2017-10-13,0.0,4.2144329563832785e-06,1.9050745672816007e-06,0.0,3.3584467184522285e-06,8.321210496362182e-07,0.12989816816944233,0.12989816816944233,-0.009898168169442324,-1.0310075291753326e-05
2017-10-16,1.6803529104477965e-05,4.214432956383278e-06,2.1554371412044688e-06,0.0,3.4374954330701034e-06,0.0,0.13176797731303913,0.0,0.0,6.996163573820117e-06
2017-10-17,0.0,4.617486385819586e-06,2.6046472508232035e-06,0.0,4.966169819940796e-06,9.523809523809522e-07,0.20999999999999996,0.20999999999999996,0.05,-1.3140684408964536e-05
2017-10-18,0.0014691492523720832,4.617486385819586e-06,3.590294647521615e-06,0.0,5.001008738883223e-06,0.0,0.21088900181005454,0.0,0.0,0.0014559404625998588
2017-10-19,0.0,1.047800245726973e-05,5.1344676212731375e-06,0.0,1.8159474380420677e-05,1.6666666666666665e-06,0.29045377291316643,0.29045377291316643,0.010453772913166428,-3.543861112563021e-05
2017-10-20,0.0009081696489125734,1.047800245726973e-05,4.130180557168378e-06,0.0,1.8322288218973917e-05,0.0,0.2950205396257005,0.0,0.0,0.0008752391776791614
2017-10-23,0.0,0.0,0.0,0.0,0.0,0.0,0.0,0.0,0.0,0.0
2017-10-24,0.0,8.749733062388228e-06,2.38991995761045e-06,0.0,9.27901359218166e-06,9.654957771133736e-07,0.14110164527752336,0.14110164527752336,-0.021101645277523375,-2.1384162389293714e-05
2017-10-25,0.0010777145786272035,1.4969737725663156e-05,5.965626518255621e-06,0.0,1.8732444956352586e-05,1.0714285714285714e-06,0.3710111336239418,0.23,0.05,0.0010369753408555034
2017-10-26,0.0013025213749232223,2.5054824486788973e-05,8.414813644885922e-06,0.0,2.5403322395991397e-05,2.1428571428571427e-06,0.4658238662095112,0.41,0.04999999999999999,0.0012415055572526988
2017-10-27,-0.0013448082880590558,2.2320879868559145e-05,9.690726710081126e-06,0.0,2.2851998795609423e-05,1.307801936956833e-06,0.582055500491729,0.16985536270437396,-0.04985536270437396,-0.0014009796953702624
2017-10-30,-0.0048115204752204824,2.54475533998262e-06,1.840770299584274e-06,0.0,7.1482339052461834e-06,0.0,0.17314789583782228,0.0,0.0,-0.004823054234765295
2017-10-31,0.0,0.0,0.0,0.0,0.0,0.0,0.0,0.0,0.0,0.0
2017-11-01,0.0,1.0123354153759375e-05,4.329752515900596e-06,0.0,1.7624274490245413e-05,1.6666666666666665e-06,0.32999999999999996,0.32999999999999996,0.04999999999999999,-3.374404782657205e-05
2017-11-02,-0.0008845816966302053,1.2420778753991865e-05,7.263831695312929e-06,0.0,3.077824210665412e-05,9.523809523809523e-07,0.46337184851866886,0.1919313962636295,0.03193139626362952,-0.0009359969301385452
2017-11-03,-0.00023701711922865374,9.462634346768263e-06,8.002906992899148e-06,0.0,2.3327393974856484e-05,2.0238095238095237e-06,0.483877535317745,0.29000000000000004,-0.05,-0.0002798338640669872
2017-11-06,-0.00047272789292195577,6.824593047870452e-06,3.753203458568976e-06,0.0,1.0602561973547304e-05,0.0,0.2895000892808656,0.0,0.0,-0.0004939082514019425
2017-11-07,0.0,0.0,0.0,0.0,0.0,0.0,0.0,0.0,0.0,0.0
2017-11-08,0.0,0.0,0.0,0.0,0.0,0.0,0.0,0.0,0.0,0.0
2017-11-09,0.0,0.0,0.0,0.0,0.0,0.0,0.0,0.0,0.0,0.0
2017-11-10,0.0,0.0,0.0,0.0,0.0,0.0,0.0,0.0,0.0,0.0
2017-11-13,0.0,0.0,0.0,0.0,0.0,0.0,0.0,0.0,0.0,0.0
2017-11-14,0.0,0.0,0.0,0.0,0.0,0.0,0.0,0.0,0.0,0.0
2017-11-15,0.0,0.0,0.0,0.0,0.0,0.0,0.0,0.0,0.0,0.0
2017-11-16,0.0,0.0,0.0,0.0,0.0,0.0,0.0,0.0,0.0,0.0
2017-11-17,0.0,0.0,0.0,0.0,0.0,0.0,0.0,0.0,0.0,0.0
2017-11-20,0.0,0.0,0.0,0.0,0.0,0.0,0.0,0.0,0.0,0.0
2017-11-21,0.0,0.0,0.0,0.0,0.0,0.0,0.0,0.0,0.0,0.0
2017-11-22,0.0,0.0,0.0,0.0,0.0,0.0,0.0,0.0,0.0,0.0
2017-11-27,0.0,0.0,0.0,0.0,0.0,0.0,0.0,0.0,0.0,0.0
2017-11-28,0.0,0.0,0.0,0.0,0.0,0.0,0.0,0.0,0.0,0.0
2017-11-29,0.0,0.0,0.0,0.0,0.0,0.0,0.0,0.0,0.0,0.0
2017-11-30,0.0,0.0,0.0,0.0,0.0,0.0,0.0,0.0,0.0,0.0
2017-12-01,0.0,0.0,0.0,0.0,0.0,0.0,0.0,0.0,0.0,0.0
2017-12-04,0.0,0.0,0.0,0.0,0.0,0.0,0.0,0.0,0.0,0.0
2017-12-05,0.0,0.0,0.0,0.0,0.0,0.0,0.0,0.0,0.0,0.0
2017-12-06,0.0,0.0,0.0,0.0,0.0,0.0,0.0,0.0,0.0,0.0
2017-12-07,0.0,0.0,0.0,0.0,0.0,0.0,0.0,0.0,0.0,0.0
2017-12-08,0.0,0.0,0.0,0.0,0.0,0.0,0.0,0.0,0.0,0.0
2017-12-11,0.0,0.0,0.0,0.0,0.0,0.0,0.0,0.0,0.0,0.0
2017-12-12,0.0,0.0,0.0,0.0,0.0,0.0,0.0,0.0,0.0,0.0
2017-12-13,0.0,0.0,0.0,0.0,0.0,0.0,0.0,0.0,0.0,0.0
2017-12-14,0.0,0.0,0.0,0.0,0.0,0.0,0.0,0.0,0.0,0.0
2017-12-15,0.0,0.0,0.0,0.0,0.0,0.0,0.0,0.0,0.0,0.0
2017-12-18,0.0,0.0,0.0,0.0,0.0,0.0,0.0,0.0,0.0,0.0
2017-12-19,0.0,0.0,0.0,0.0,0.0,0.0,0.0,0.0,0.0,0.0
2017-12-20,0.0,0.0,0.0,0.0,0.0,0.0,0.0,0.0,0.0,0.0
2017-12-21,0.0,0.0,0.0,0.0,0.0,0.0,0.0,0.0,0.0,0.0
2017-12-22,0.0,0.0,0.0,0.0,0.0,0.0,0.0,0.0,0.0,0.0
2017-12-26,0.0,0.0,0.0,0.0,0.0,0.0,0.0,0.0,0.0,0.0
2017-12-27,0.0,0.0,0.0,0.0,0.0,0.0,0.0,0.0,0.0,0.0
2017-12-28,0.0,0.0,0.0,0.0,0.0,0.0,0.0,0.0,0.0,0.0
2017-12-29,0.0,0.0,0.0,0.0,0.0,0.0,0.0,0.0,0.0,0.0
2018-01-02,0.0,0.0,0.0,0.0,0.0,0.0,0.0,0.0,0.0,0.0
2018-01-03,0.0,0.0,0.0,0.0,0.0,0.0,0.0,0.0,0.0,0.0
2018-01-04,0.0,2.8826310186317936e-06,2.8263014960874835e-06,0.0,5.377224668765598e-06,1.2353745161851086e-06,0.16377145935954912,0.16377145935954912,-0.04377145935954912,-1.2321531699669984e-05
2018-01-05,0.0012478439996845535,2.882631018631793e-06,1.9327434737493563e-06,0.0,5.728266386258177e-06,0.0,0.16783820235459215,0.0,0.0,0.0012373003588059142
2018-01-08,0.0,2.1117444460235443e-06,2.787763605301879e-06,0.0,4.9547924256478755e-06,1.3095238095238096e-06,0.16999999999999998,0.16999999999999998,-0.05,-1.116382428649711e-05
2018-01-09,-9.785200826286042e-05,2.1117444460235447e-06,1.934679448990056e-06,0.0,4.947141390938232e-06,0.0,0.16955755484482296,0.0,0.0,-0.00010684557354881226
2018-01-10,0.0,2.901894630467526e-06,1.9453063742289236e-06,0.0,1.916208365008232e-05,7.142857142857143e-07,0.16999999999999998,0.16999999999999998,0.05,-2.4723570369064486e-05
2018-01-11,-0.001498109440638609,2.9018946304675257e-06,2.9517654121773002e-06,0.0,2.0225448914385303e-05,0.0,0.17425925861967667,0.0,0.0,-0.001524188549595639
2018-01-12,0.0,0.0,0.0,0.0,0.0,0.0,0.0,0.0,0.0,0.0
2018-01-16,0.0,0.0,0.0,0.0,0.0,0.0,0.0,0.0,0.0,0.0
2018-01-17,0.0,0.0,0.0,0.0,0.0,0.0,0.0,0.0,0.0,0.0
2018-01-18,0.0,3.0930293094030803e-06,2.9399092572250156e-06,0.0,3.275590726425763e-06,1.3095238095238096e-06,0.16999999999999998,0.16999999999999998,-0.05,-1.061805310257767e-05
2018-01-19,0.0013275280018571647,3.0930293094030803e-06,1.990385539643112e-06,0.0,3.2398904150774236e-06,0.0,0.17217085237759677,0.0,0.0,0.001319204696593041
2018-01-22,0.0,0.0,0.0,0.0,0.0,0.0,0.0,0.0,0.0,0.0
2018-01-23,0.0,0.0,0.0,0.0,0.0,0.0,0.0,0.0,0.0,0.0
2018-01-24,0.0,0.0,0.0,0.0,0.0,0.0,0.0,0.0,0.0,0.0
2018-01-25,0.0,9.263464383992961e-07,1.6467374569475368e-06,0.0,4.659864533473236e-06,7.142857142857143e-07,0.13227927983592055,0.13227927983592055,0.012279279835920559,-7.947234143105783e-06
2018-01-26,0.0004907093792691966,9.263464383992961e-07,1.9574197605137862e-06,0.0,4.778206749215083e-06,0.0,0.13505185307996817,0.0,0.0,0.0004830474063210685
2018-01-29,0.0,0.0,0.0,0.0,0.0,0.0,0.0,0.0,0.0,0.0
2018-01-30,0.0,0.0,0.0,0.0,0.0,0.0,0.0,0.0,0.0,0.0
2018-01-31,0.0,4.757128360573285e-06,5.290504494527174e-06,0.0,1.0248926650848752e-05,2.2619047619047626e-06,0.33000000000000007,0.33000000000000007,-0.05000000000000003,-2.2558464267853975e-05
2018-02-01,-0.001701339296088853,4.757128360573285e-06,3.935465373156908e-06,0.0,1.0452003633135504e-05,0.0,0.32662482975508816,0.0,0.0,-0.0017204838934557186
2018-02-02,0.0,1.2028643983225495e-06,1.7888290839670855e-06,0.0,3.7896451433408067e-06,7.826836392993517e-07,0.12574542570114555,0.12574542570114555,-0.005745425701145543,-7.564022264929793e-06
2018-02-05,0.0011794320390135123,1.2028643983225495e-06,1.6126676153868666e-06,0.0,3.7604922865939624e-06,0.0,0.12184241031627302,0.0,0.0,0.0011728560147132088
2018-02-06,0.0,0.0,0.0,0.0,0.0,0.0,0.0,0.0,0.0,0.0
2018-02-07,0.0,1.3950235958076153e-06,1.7255938656795344e-06,0.0,4.105013947771387e-06,7.142857142857143e-07,0.16999999999999998,0.16999999999999998,0.049999999999999996,-7.939917123544251e-06
2018-02-08,-0.004190406497159658,5.388598479454086e-06,2.8913494646724193e-06,0.0,9.032454221266085e-06,7.142857142857143e-07,0.19363105501753924,0.16999999999999998,0.05,-0.004208433185039336
2018-02-09,0.002211460242073249,6.139645259596585e-06,2.9744170006903692e-06,0.0,1.3389029678651406e-05,7.142857142857143e-07,0.186651980698643,0.16999999999999998,0.05,0.002188242864420025
2018-02-12,0.00111749063019984,2.1967604097342244e-06,2.9258427454288625e-06,0.0,8.59423671139649e-06,0.0,0.1704591204977229,0.0,0.0,0.0011037737903332805
2018-02-13,0.0,0.0,0.0,0.0,0.0,0.0,0.0,0.0,0.0,0.0
2018-02-14,0.0,1.677483405702856e-06,1.8345217391304348e-06,0.0,7.3564388800762296e-06,7.142857142857143e-07,0.16999999999999998,0.16999999999999998,0.049999999999999996,-1.1582729739195236e-05
2018-02-15,0.0010940475454375507,1.677483405702856e-06,2.8306059999591254e-06,0.0,7.280120633701512e-06,0.0,0.16963317798022015,0.0,0.0,0.0010822593353981872
2018-02-16,0.0,2.8044969571463633e-06,1.86952757760688e-06,0.0,8.183247929801917e-06,7.142857142857143e-07,0.14190054519166614,0.14190054519166614,0.02190054519166615,-1.3571558178840875e-05
2018-02-20,2.3581276053102076e-05,2.8044969571463633e-06,2.2138277487461223e-06,0.0,8.099128374371708e-06,0.0,0.139291833387665,0.0,0.0,1.0463822972837882e-05
2018-02-21,0.0,0.0,0.0,0.0,0.0,0.0,0.0,0.0,0.0,0.0
2018-02-22,0.0,0.0,0.0,0.0,0.0,0.0,0.0,0.0,0.0,0.0
2018-02-23,0.0,0.0,0.0,0.0,0.0,0.0,0.0,0.0,0.0,0.0
2018-02-26,0.0,0.0,0.0,0.0,0.0,0.0,0.0,0.0,0.0,0.0
2018-02-27,0.0,1.827962284053934e-06,2.9019964869769776e-06,0.0,4.5410123842908155e-06,1.3095238095238094e-06,0.16999999999999998,0.16999999999999998,-0.04999999999999998,-1.0580494964845535e-05
2018-02-28,0.00016903880039479232,1.827962284053934e-06,1.7656105255413797e-06,0.0,4.526172796646591e-06,0.0,0.16866837532678502,0.0,0.0,0.00016091905478855041
2018-03-01,0.0,0.0,0.0,0.0,0.0,0.0,0.0,0.0,0.0,0.0
2018-03-02,0.0,0.0,0.0,0.0,0.0,0.0,0.0,0.0,0.0,0.0
2018-03-05,0.0,0.0,0.0,0.0,0.0,0.0,0.0,0.0,0.0,0.0
2018-03-06,0.0,0.0,0.0,0.0,0.0,0.0,0.0,0.0,0.0,0.0
2018-03-07,0.0,0.0,0.0,0.0,0.0,0.0,0.0,0.0,0.0,0.0
2018-03-08,0.0,0.0,0.0,0.0,0.0,0.0,0.0,0.0,0.0,0.0
2018-03-09,0.0,0.0,0.0,0.0,0.0,0.0,0.0,0.0,0.0,0.0
2018-03-12,0.0,0.0,0.0,0.0,0.0,0.0,0.0,0.0,0.0,0.0
2018-03-13,0.0,0.0,0.0,0.0,0.0,0.0,0.0,0.0,0.0,0.0
2018-03-14,0.0,0.0,0.0,0.0,0.0,0.0,0.0,0.0,0.0,0.0
2018-03-15,0.0,0.0,0.0,0.0,0.0,0.0,0.0,0.0,0.0,0.0
2018-03-16,0.0,0.0,0.0,0.0,0.0,0.0,0.0,0.0,0.0,0.0
2018-03-19,0.0,0.0,0.0,0.0,0.0,0.0,0.0,0.0,0.0,0.0
2018-03-20,0.0,0.0,0.0,0.0,0.0,0.0,0.0,0.0,0.0,0.0
2018-03-21,0.0,0.0,0.0,0.0,0.0,0.0,0.0,0.0,0.0,0.0
2018-03-22,0.0,0.0,0.0,0.0,0.0,0.0,0.0,0.0,0.0,0.0
2018-03-23,0.0,0.0,0.0,0.0,0.0,0.0,0.0,0.0,0.0,0.0
2018-03-26,0.0,0.0,0.0,0.0,0.0,0.0,0.0,0.0,0.0,0.0
2018-03-27,0.0,0.0,0.0,0.0,0.0,0.0,0.0,0.0,0.0,0.0
2018-03-28,0.0,0.0,0.0,0.0,0.0,0.0,0.0,0.0,0.0,0.0
2018-03-29,0.0,0.0,0.0,0.0,0.0,0.0,0.0,0.0,0.0,0.0
2018-04-02,0.0,0.0,0.0,0.0,0.0,0.0,0.0,0.0,0.0,0.0
2018-04-03,0.0,0.0,0.0,0.0,0.0,0.0,0.0,0.0,0.0,0.0
2018-04-04,0.0,0.0,0.0,0.0,0.0,0.0,0.0,0.0,0.0,0.0
2018-04-05,0.0,0.0,0.0,0.0,0.0,0.0,0.0,0.0,0.0,0.0
2018-04-06,0.0,0.0,0.0,0.0,0.0,0.0,0.0,0.0,0.0,0.0
2018-04-09,0.0,0.0,0.0,0.0,0.0,0.0,0.0,0.0,0.0,0.0
2018-04-10,0.0,0.0,0.0,0.0,0.0,0.0,0.0,0.0,0.0,0.0
2018-04-11,0.0,0.0,0.0,0.0,0.0,0.0,0.0,0.0,0.0,0.0
2018-04-12,0.0,0.0,0.0,0.0,0.0,0.0,0.0,0.0,0.0,0.0
2018-04-13,0.0,0.0,0.0,0.0,0.0,0.0,0.0,0.0,0.0,0.0
2018-04-16,0.0,0.0,0.0,0.0,0.0,0.0,0.0,0.0,0.0,0.0
2018-04-17,0.0,0.0,0.0,0.0,0.0,0.0,0.0,0.0,0.0,0.0
2018-04-18,0.0,0.0,0.0,0.0,0.0,0.0,0.0,0.0,0.0,0.0
2018-04-19,0.0,0.0,0.0,0.0,0.0,0.0,0.0,0.0,0.0,0.0
2018-04-20,0.0,3.6980684749871085e-06,2.8998452180944955e-06,0.0,5.7127460763007545e-06,1.3095238095238094e-06,0.16999999999999998,0.16999999999999998,-0.04999999999999998,-1.3620183578906168e-05
2018-04-23,-0.0009997936896936235,3.6980684749871085e-06,2.0691225405162804e-06,0.0,5.6237797218445e-06,0.0,0.169405388095288,0.0,0.0,-0.0010111846604309715
2018-04-24,0.0,0.0,0.0,0.0,0.0,0.0,0.0,0.0,0.0,0.0
2018-04-25,0.0,8.240268907961591e-06,5.01386982498903e-06,0.0,1.7177270860737107e-05,2.0238095238095237e-06,0.29,0.29,-0.04999999999999999,-3.245521911749725e-05
2018-04-26,-0.0017581149210657047,2.8862172059682107e-05,1.3871731045205887e-05,0.0,6.509961246410722e-05,3.928571428571428e-06,1.0017440674699762,0.71,0.04999999999999995,-0.0018698770080632712
2018-04-27,-0.0029795360911441787,2.979471112022148e-05,1.6812993620583053e-05,0.0,6.907040198220016e-05,2.2619047619047617e-06,1.0399649487783957,0.32999999999999996,-0.05000000000000001,-0.003097476102629088
2018-04-30,0.000982806137276999,9.172807968500966e-06,4.726164996054009e-06,0.0,2.0629291353426677e-05,0.0,0.32586851355504176,0.0,0.0,0.0009482778729590173
2018-05-01,0.0,7.060022121393881e-06,2.487688581314879e-06,0.0,1.1853526173728376e-05,7.142857142857143e-07,0.16999999999999998,0.16999999999999998,0.04999999999999999,-2.2115522590722846e-05
2018-05-02,0.0012002018973918732,1.3591773847981111e-05,5.138263112642917e-06,0.0,2.5028174103544503e-05,1.6666666666666665e-06,0.3231217714161478,0.32999999999999996,0.05000000000000002,0.001154777019661038
2018-05-03,0.0013280193335613965,7.437383508160065e-06,5.303237943386989e-06,0.0,1.3152133889542067e-05,0.0,0.3302040523137935,0.0,0.0,0.0013021265782203074
2018-05-04,0.0,0.0,0.0,0.0,0.0,0.0,0.0,0.0,0.0,0.0
2018-05-07,0.0,0.0,0.0,0.0,0.0,0.0,0.0,0.0,0.0,0.0
2018-05-08,0.0,0.0,0.0,0.0,0.0,0.0,0.0,0.0,0.0,0.0
2018-05-09,0.0,0.0,0.0,0.0,0.0,0.0,0.0,0.0,0.0,0.0
2018-05-10,0.0,0.0,0.0,0.0,0.0,0.0,0.0,0.0,0.0,0.0
2018-05-11,0.0,0.0,0.0,0.0,0.0,0.0,0.0,0.0,0.0,0.0
2018-05-14,0.0,0.0,0.0,0.0,0.0,0.0,0.0,0.0,0.0,0.0
2018-05-15,0.0,0.0,0.0,0.0,0.0,0.0,0.0,0.0,0.0,0.0
2018-05-16,0.0,0.0,0.0,0.0,0.0,0.0,0.0,0.0,0.0,0.0
2018-05-17,0.0,0.0,0.0,0.0,0.0,0.0,0.0,0.0,0.0,0.0
2018-05-18,0.0,0.0,0.0,0.0,0.0,0.0,0.0,0.0,0.0,0.0
2018-05-21,0.0,0.0,0.0,0.0,0.0,0.0,0.0,0.0,0.0,0.0
2018-05-22,0.0,0.0,0.0,0.0,0.0,0.0,0.0,0.0,0.0,0.0
2018-05-23,0.0,0.0,0.0,0.0,0.0,0.0,0.0,0.0,0.0,0.0
2018-05-24,0.0,3.810190213997769e-06,4.493403903818809e-06,0.0,1.2360397028952999e-05,2.0238095238095237e-06,0.29000000000000004,0.29000000000000004,-0.05,-2.26878006705791e-05
2018-05-25,-0.0015914983357817713,3.810190213997769e-06,3.5786992655133836e-06,0.0,1.2355293918647466e-05,0.0,0.28901858080745024,0.0,0.0,-0.0016112425191799299
2018-05-29,0.0,0.0,0.0,0.0,0.0,0.0,0.0,0.0,0.0,0.0
2018-05-30,0.0,0.0,0.0,0.0,0.0,0.0,0.0,0.0,0.0,0.0
2018-05-31,0.0,0.0,0.0,0.0,0.0,0.0,0.0,0.0,0.0,0.0
2018-06-01,0.0,0.0,0.0,0.0,0.0,0.0,0.0,0.0,0.0,0.0
2018-06-04,0.0,0.0,0.0,0.0,0.0,0.0,0.0,0.0,0.0,0.0
2018-06-05,0.0,0.0,0.0,0.0,0.0,0.0,0.0,0.0,0.0,0.0
2018-06-06,0.0,0.0,0.0,0.0,0.0,0.0,0.0,0.0,0.0,0.0
2018-06-07,0.0,0.0,0.0,0.0,0.0,0.0,0.0,0.0,0.0,0.0
2018-06-08,0.0,0.0,0.0,0.0,0.0,0.0,0.0,0.0,0.0,0.0
2018-06-11,0.0,0.0,0.0,0.0,0.0,0.0,0.0,0.0,0.0,0.0
2018-06-12,0.0,0.0,0.0,0.0,0.0,0.0,0.0,0.0,0.0,0.0
2018-06-13,0.0,0.0,0.0,0.0,0.0,0.0,0.0,0.0,0.0,0.0
2018-06-14,0.0,0.0,0.0,0.0,0.0,0.0,0.0,0.0,0.0,0.0
2018-06-15,0.0,0.0,0.0,0.0,0.0,0.0,0.0,0.0,0.0,0.0
2018-06-18,0.0,0.0,0.0,0.0,0.0,0.0,0.0,0.0,0.0,0.0
2018-06-19,0.0,0.0,0.0,0.0,0.0,0.0,0.0,0.0,0.0,0.0
2018-06-20,0.0,0.0,0.0,0.0,0.0,0.0,0.0,0.0,0.0,0.0
2018-06-21,0.0,0.0,0.0,0.0,0.0,0.0,0.0,0.0,0.0,0.0
2018-06-22,0.0,0.0,0.0,0.0,0.0,0.0,0.0,0.0,0.0,0.0
2018-06-25,0.0,0.0,0.0,0.0,0.0,0.0,0.0,0.0,0.0,0.0
2018-06-26,0.0,0.0,0.0,0.0,0.0,0.0,0.0,0.0,0.0,0.0
2018-06-27,0.0,0.0,0.0,0.0,0.0,0.0,0.0,0.0,0.0,0.0
2018-06-28,0.0,0.0,0.0,0.0,0.0,0.0,0.0,0.0,0.0,0.0
2018-06-29,0.0,0.0,0.0,0.0,0.0,0.0,0.0,0.0,0.0,0.0
2018-07-02,0.0,0.0,0.0,0.0,0.0,0.0,0.0,0.0,0.0,0.0
2018-07-05,0.0,0.0,0.0,0.0,0.0,0.0,0.0,0.0,0.0,0.0
2018-07-06,0.0,0.0,0.0,0.0,0.0,0.0,0.0,0.0,0.0,0.0
2018-07-09,0.0,0.0,0.0,0.0,0.0,0.0,0.0,0.0,0.0,0.0
2018-07-10,0.0,0.0,0.0,0.0,0.0,0.0,0.0,0.0,0.0,0.0
2018-07-11,0.0,0.0,0.0,0.0,0.0,0.0,0.0,0.0,0.0,0.0
2018-07-12,0.0,0.0,0.0,0.0,0.0,0.0,0.0,0.0,0.0,0.0
2018-07-13,0.0,0.0,0.0,0.0,0.0,0.0,0.0,0.0,0.0,0.0
2018-07-16,0.0,0.0,0.0,0.0,0.0,0.0,0.0,0.0,0.0,0.0
2018-07-17,0.0,1.5205189511343616e-06,1.7389279800031243e-06,0.0,2.265805274919737e-06,7.142857142857143e-07,0.16999999999999998,0.16999999999999998,0.05,-6.239537920342937e-06
2018-07-18,0.0006104655179521404,1.5205189511343611e-06,2.9097701728503117e-06,0.0,2.2671814547001552e-06,0.0,0.17072294794257328,0.0,0.0,0.0006037680473734556
2018-07-19,0.0,0.0,0.0,0.0,0.0,0.0,0.0,0.0,0.0,0.0
2018-07-20,0.0,7.582156975425271e-06,4.484303442712078e-06,0.0,1.1413977116487796e-05,1.6666666666666665e-06,0.32999999999999996,0.32999999999999996,0.04999999999999999,-2.514710420129181e-05
2018-07-23,0.0010891233739152625,7.582156975425269e-06,5.288970938981513e-06,0.0,1.1464568778102686e-05,0.0,0.3312368916616789,0.0,0.0,0.001064787677222753
2018-07-24,0.0,0.0,0.0,0.0,0.0,0.0,0.0,0.0,0.0,0.0
2018-07-25,0.0,1.5509300688716188e-06,2.138516889207891e-06,0.0,3.856810036663746e-06,9.429363598429928e-07,0.1392066542268114,0.1392066542268114,-0.019206654226811386,-8.489193354586248e-06
2018-07-26,0.002069819555140161,1.5857737044520055e-05,7.874477621310913e-06,0.0,3.5854678922322346e-05,2.0238095238095237e-06,0.5312781748401076,0.3899999999999999,0.04999999999999996,0.002008208852028198
2018-07-27,0.0016082657990760599,2.1767204495800122e-05,1.2242646366271921e-05,0.0,4.9732502704434514e-05,2.6190476190476196e-06,0.7760279120507257,0.38999999999999996,-0.05000000000000001,0.0015219043978905056
2018-07-30,0.0019404095416165074,7.460397520151685e-06,5.322075272258903e-06,0.0,1.9300964294495102e-05,0.0,0.3930724360035484,0.0,0.0,0.0019083261045296017
2018-07-31,0.0,1.8778515567145808e-06,1.7685292479108634e-06,0.0,3.059399691336156e-06,7.142857142857143e-07,0.17000000000000004,0.17000000000000004,0.05000000000000003,-7.4200662102473145e-06
2018-08-01,-0.0020859708360500603,2.663153872291166e-06,5.714307278278329e-06,0.0,8.33640834760045e-06,1.3095238095238096e-06,0.34132164290582556,0.16999999999999998,-0.05,-0.0021039942293577542
2018-08-02,-0.0005646450435961377,1.5862537281528965e-05,1.1495861816613908e-05,0.0,4.025947044788888e-05,3.8095238095238094e-06,0.8619093190006637,0.69,0.04999999999999996,-0.0006360724369516933
2018-08-03,-0.003382881440598825,1.5077234965952377e-05,1.0567420788897377e-05,0.0,3.547731820908375e-05,0.0,0.6985094232008305,0.0,0.0,-0.0034440034145627584
2018-08-06,0.0,0.0,0.0,0.0,0.0,0.0,0.0,0.0,0.0,0.0
2018-08-07,0.0,0.0,0.0,0.0,0.0,0.0,0.0,0.0,0.0,0.0
2018-08-08,0.0,0.0,0.0,0.0,0.0,0.0,0.0,0.0,0.0,0.0
2018-08-09,0.0,0.0,0.0,0.0,0.0,0.0,0.0,0.0,0.0,0.0
2018-08-10,0.0,0.0,0.0,0.0,0.0,0.0,0.0,0.0,0.0,0.0
2018-08-13,0.0,0.0,0.0,0.0,0.0,0.0,0.0,0.0,0.0,0.0
2018-08-14,0.0,0.0,0.0,0.0,0.0,0.0,0.0,0.0,0.0,0.0
2018-08-15,0.0,0.0,0.0,0.0,0.0,0.0,0.0,0.0,0.0,0.0
2018-08-16,0.0,2.9672170003923427e-06,2.8640858060420164e-06,0.0,2.545139294096267e-06,1.3095238095238096e-06,0.16999999999999998,0.16999999999999998,-0.049999999999999996,-9.685965910054434e-06
2018-08-17,7.445467219957059e-06,2.9672170003923427e-06,2.0282281334240236e-06,0.0,2.701779306327538e-06,0.0,0.17186546423177668,0.0,0.0,-2.5175722018684626e-07
2018-08-20,0.0,0.0,0.0,0.0,0.0,0.0,0.0,0.0,0.0,0.0
2018-08-21,0.0,0.0,0.0,0.0,0.0,0.0,0.0,0.0,0.0,0.0
2018-08-22,0.0,0.0,0.0,0.0,0.0,0.0,0.0,0.0,0.0,0.0
2018-08-23,0.0,0.0,0.0,0.0,0.0,0.0,0.0,0.0,0.0,0.0
2018-08-24,0.0,0.0,0.0,0.0,0.0,0.0,0.0,0.0,0.0,0.0
2018-08-27,0.0,0.0,0.0,0.0,0.0,0.0,0.0,0.0,0.0,0.0
2018-08-28,0.0,0.0,0.0,0.0,0.0,0.0,0.0,0.0,0.0,0.0
2018-08-29,0.0,0.0,0.0,0.0,0.0,0.0,0.0,0.0,0.0,0.0
2018-08-30,0.0,0.0,0.0,0.0,0.0,0.0,0.0,0.0,0.0,0.0
2018-08-31,0.0,0.0,0.0,0.0,0.0,0.0,0.0,0.0,0.0,0.0
2018-09-04,0.0,0.0,0.0,0.0,0.0,0.0,0.0,0.0,0.0,0.0
2018-09-05,0.0,0.0,0.0,0.0,0.0,0.0,0.0,0.0,0.0,0.0
2018-09-06,0.0,0.0,0.0,0.0,0.0,0.0,0.0,0.0,0.0,0.0
2018-09-07,0.0,0.0,0.0,0.0,0.0,0.0,0.0,0.0,0.0,0.0
2018-09-10,0.0,0.0,0.0,0.0,0.0,0.0,0.0,0.0,0.0,0.0
2018-09-11,0.0,0.0,0.0,0.0,0.0,0.0,0.0,0.0,0.0,0.0
2018-09-12,0.0,0.0,0.0,0.0,0.0,0.0,0.0,0.0,0.0,0.0
2018-09-13,0.0,0.0,0.0,0.0,0.0,0.0,0.0,0.0,0.0,0.0
2018-09-14,0.0,0.0,0.0,0.0,0.0,0.0,0.0,0.0,0.0,0.0
2018-09-17,0.0,0.0,0.0,0.0,0.0,0.0,0.0,0.0,0.0,0.0
2018-09-18,0.0,0.0,0.0,0.0,0.0,0.0,0.0,0.0,0.0,0.0
2018-09-19,0.0,0.0,0.0,0.0,0.0,0.0,0.0,0.0,0.0,0.0
2018-09-20,0.0,0.0,0.0,0.0,0.0,0.0,0.0,0.0,0.0,0.0
2018-09-21,0.0,0.0,0.0,0.0,0.0,0.0,0.0,0.0,0.0,0.0
2018-09-24,0.0,0.0,0.0,0.0,0.0,0.0,0.0,0.0,0.0,0.0
2018-09-25,0.0,0.0,0.0,0.0,0.0,0.0,0.0,0.0,0.0,0.0
2018-09-26,0.0,0.0,0.0,0.0,0.0,0.0,0.0,0.0,0.0,0.0
2018-09-27,0.0,0.0,0.0,0.0,0.0,0.0,0.0,0.0,0.0,0.0
2018-09-28,0.0,0.0,0.0,0.0,0.0,0.0,0.0,0.0,0.0,0.0
2018-10-01,0.0,0.0,0.0,0.0,0.0,0.0,0.0,0.0,0.0,0.0
2018-10-02,0.0,0.0,0.0,0.0,0.0,0.0,0.0,0.0,0.0,0.0
2018-10-03,0.0,0.0,0.0,0.0,0.0,0.0,0.0,0.0,0.0,0.0
2018-10-04,0.0,0.0,0.0,0.0,0.0,0.0,0.0,0.0,0.0,0.0
2018-10-05,0.0,0.0,0.0,0.0,0.0,0.0,0.0,0.0,0.0,0.0
2018-10-08,0.0,0.0,0.0,0.0,0.0,0.0,0.0,0.0,0.0,0.0
2018-10-09,0.0,0.0,0.0,0.0,0.0,0.0,0.0,0.0,0.0,0.0
2018-10-10,0.0,0.0,0.0,0.0,0.0,0.0,0.0,0.0,0.0,0.0
2018-10-11,0.0,0.0,0.0,0.0,0.0,0.0,0.0,0.0,0.0,0.0
2018-10-12,0.0,0.0,0.0,0.0,0.0,0.0,0.0,0.0,0.0,0.0
2018-10-15,0.0,0.0,0.0,0.0,0.0,0.0,0.0,0.0,0.0,0.0
2018-10-16,0.0,0.0,0.0,0.0,0.0,0.0,0.0,0.0,0.0,0.0
2018-10-17,0.0,0.0,0.0,0.0,0.0,0.0,0.0,0.0,0.0,0.0
2018-10-18,0.0,0.0,0.0,0.0,0.0,0.0,0.0,0.0,0.0,0.0
2018-10-19,0.0,0.0,0.0,0.0,0.0,0.0,0.0,0.0,0.0,0.0
2018-10-22,0.0,0.0,0.0,0.0,0.0,0.0,0.0,0.0,0.0,0.0
2018-10-23,0.0,0.0,0.0,0.0,0.0,0.0,0.0,0.0,0.0,0.0
2018-10-24,0.0,5.968636628341238e-06,5.064939344294608e-06,0.0,1.7254396304555915e-05,2.1428571428571427e-06,0.41000000000000003,0.41000000000000003,0.05000000000000004,-3.0430829420048903e-05
2018-10-25,0.0023796842255125357,2.126295433661007e-05,1.2484358553910776e-05,0.0,5.1183001057777775e-05,3.095238095238095e-06,0.7739556329032953,0.5700000000000001,0.05000000000000002,0.002291658673468999
2018-10-26,0.003977770193160589,2.661566640406942e-05,1.3703040865763357e-05,0.0,4.995902677374065e-05,2.261904761904762e-06,0.8879168114520855,0.33,-0.05000000000000002,0.0038852305543551112
2018-10-29,0.001780585802614941,1.0269846980943613e-05,5.027380504583307e-06,0.0,2.0162705375259637e-05,0.0,0.33017272819021426,0.0,0.0,0.0017451258697541545
2018-10-30,0.0,0.0,0.0,0.0,0.0,0.0,0.0,0.0,0.0,0.0
2018-10-31,0.0,4.1005569946237125e-06,3.5676190457549294e-06,0.0,1.0437817717524185e-05,1.4285714285714286e-06,0.29000000000000004,0.29000000000000004,0.05,-1.9534565186474258e-05
2018-11-01,0.0007721710552627348,4.1005569946237125e-06,4.5912519823926464e-06,0.0,1.0414184879252035e-05,0.0,0.2901997794303888,0.0,0.0,0.0007530650614064664
2018-11-02,0.0,5.708271429829469e-06,2.529528384279476e-06,0.0,6.776640616539581e-06,7.142857142857143e-07,0.17,0.17,0.05,-1.572872614493424e-05
2018-11-05,-0.0009630800084778742,5.7082714298294685e-06,2.809041044163702e-06,0.0,7.22393554469983e-06,0.0,0.17270504226226446,0.0,0.0,-0.0009788212564965672
2018-11-06,0.0,1.6409673188262055e-06,1.7671836268008232e-06,0.0,6.090052041982133e-06,7.142857142857143e-07,0.16999999999999998,0.16999999999999998,0.05,-1.0212488701894878e-05
2018-11-07,0.0006311576266321982,1.6409673188262058e-06,2.928435651095056e-06,0.0,6.024918595344367e-06,0.0,0.1728264469017294,0.0,0.0,0.0006205633050669325
2018-11-08,0.0,2.8339504824631246e-06,1.8007315640407007e-06,0.0,6.888119741776211e-06,7.142857142857143e-07,0.16999999999999998,0.16999999999999998,0.05,-1.2237087502565752e-05
2018-11-09,0.001155112305717694,2.833950482463124e-06,3.021595638615975e-06,0.0,6.775753066871618e-06,0.0,0.167202526550971,0.0,0.0,0.0011424810065297432
2018-11-12,0.0,0.0,0.0,0.0,0.0,0.0,0.0,0.0,0.0,0.0
2018-11-13,0.0,0.0,0.0,0.0,0.0,0.0,0.0,0.0,0.0,0.0
2018-11-14,0.0,0.0,0.0,0.0,0.0,0.0,0.0,0.0,0.0,0.0
2018-11-15,0.0,0.0,0.0,0.0,0.0,0.0,0.0,0.0,0.0,0.0
2018-11-16,0.0,0.0,0.0,0.0,0.0,0.0,0.0,0.0,0.0,0.0
2018-11-19,0.0,0.0,0.0,0.0,0.0,0.0,0.0,0.0,0.0,0.0
2018-11-20,0.0,3.820559088706857e-06,2.0042688232013386e-06,0.0,6.762559381415476e-06,7.142857142857143e-07,0.16999999999999998,0.16999999999999998,0.04999999999999999,-1.3301673007609386e-05
2018-11-21,-0.0013199988146063845,3.820559088706857e-06,2.9883518487411486e-06,0.0,6.929586176289631e-06,0.0,0.16995161300915268,0.0,0.0,-0.0013337373117201221
2018-11-26,0.0,0.0,0.0,0.0,0.0,0.0,0.0,0.0,0.0,0.0
2018-11-27,0.0,0.0,0.0,0.0,0.0,0.0,0.0,0.0,0.0,0.0
2018-11-28,0.0,0.0,0.0,0.0,0.0,0.0,0.0,0.0,0.0,0.0
2018-11-29,0.0,0.0,0.0,0.0,0.0,0.0,0.0,0.0,0.0,0.0
2018-11-30,0.0,0.0,0.0,0.0,0.0,0.0,0.0,0.0,0.0,0.0
2018-12-03,0.0,0.0,0.0,0.0,0.0,0.0,0.0,0.0,0.0,0.0
2018-12-04,0.0,0.0,0.0,0.0,0.0,0.0,0.0,0.0,0.0,0.0
2018-12-06,0.0,0.0,0.0,0.0,0.0,0.0,0.0,0.0,0.0,0.0
2018-12-07,0.0,0.0,0.0,0.0,0.0,0.0,0.0,0.0,0.0,0.0
2018-12-10,0.0,0.0,0.0,0.0,0.0,0.0,0.0,0.0,0.0,0.0
2018-12-11,0.0,0.0,0.0,0.0,0.0,0.0,0.0,0.0,0.0,0.0
2018-12-12,0.0,0.0,0.0,0.0,0.0,0.0,0.0,0.0,0.0,0.0
2018-12-13,0.0,0.0,0.0,0.0,0.0,0.0,0.0,0.0,0.0,0.0
2018-12-14,0.0,0.0,0.0,0.0,0.0,0.0,0.0,0.0,0.0,0.0
2018-12-17,0.0,0.0,0.0,0.0,0.0,0.0,0.0,0.0,0.0,0.0
2018-12-18,0.0,0.0,0.0,0.0,0.0,0.0,0.0,0.0,0.0,0.0
2018-12-19,0.0,0.0,0.0,0.0,0.0,0.0,0.0,0.0,0.0,0.0
2018-12-20,0.0,0.0,0.0,0.0,0.0,0.0,0.0,0.0,0.0,0.0
2018-12-21,0.0,0.0,0.0,0.0,0.0,0.0,0.0,0.0,0.0,0.0
2018-12-26,0.0,0.0,0.0,0.0,0.0,0.0,0.0,0.0,0.0,0.0
2018-12-27,0.0,0.0,0.0,0.0,0.0,0.0,0.0,0.0,0.0,0.0
2018-12-28,0.0,0.0,0.0,0.0,0.0,0.0,0.0,0.0,0.0,0.0
2018-12-31,0.0,0.0,0.0,0.0,0.0,0.0,0.0,0.0,0.0,0.0
2019-01-02,0.0,0.0,0.0,0.0,0.0,0.0,0.0,0.0,0.0,0.0
2019-01-03,0.0,0.0,0.0,0.0,0.0,0.0,0.0,0.0,0.0,0.0
2019-01-04,0.0,0.0,0.0,0.0,0.0,0.0,0.0,0.0,0.0,0.0
2019-01-07,0.0,7.452911937948125e-07,1.707777811712606e-06,0.0,5.513267203984875e-06,7.142857142857143e-07,0.17,0.17,0.05000000000000002,-8.680621923778009e-06
2019-01-08,0.0009655426945362839,7.452911937948125e-07,2.8241752945930865e-06,0.0,5.5260995200953025e-06,0.0,0.1711548990356831,0.0,0.0,0.0009564471285278006
2019-01-09,0.0,0.0,0.0,0.0,0.0,0.0,0.0,0.0,0.0,0.0
2019-01-10,0.0,0.0,0.0,0.0,0.0,0.0,0.0,0.0,0.0,0.0
2019-01-11,0.0,0.0,0.0,0.0,0.0,0.0,0.0,0.0,0.0,0.0
2019-01-14,0.0,0.0,0.0,0.0,0.0,0.0,0.0,0.0,0.0,0.0
2019-01-15,0.0,0.0,0.0,0.0,0.0,0.0,0.0,0.0,0.0,0.0
2019-01-16,0.0,0.0,0.0,0.0,0.0,0.0,0.0,0.0,0.0,0.0
2019-01-17,0.0,0.0,0.0,0.0,0.0,0.0,0.0,0.0,0.0,0.0
2019-01-18,0.0,8.515960740943634e-06,3.004167256363359e-06,0.0,1.3220040051062172e-05,1.0388795843181458e-06,0.16726588508272422,0.16726588508272422,-0.007265885082724239,-2.577904763268731e-05
2019-01-22,7.104195865310975e-05,8.515960740943634e-06,2.680370642358064e-06,0.0,1.3407858569434683e-05,0.0,0.1660645448509157,0.0,0.0,4.6437768700373364e-05
2019-01-23,0.0,0.0,0.0,0.0,0.0,0.0,0.0,0.0,0.0,0.0
2019-01-24,0.0,2.430638263082097e-06,2.8985748951257316e-06,0.0,1.2216298773126353e-05,1.278573915910114e-06,0.16740020893644958,0.16740020893644958,-0.047400208936449584,-1.8824085847244293e-05
2019-01-25,-0.001436936988097938,4.891464082424343e-06,3.550973918402603e-06,0.0,1.740211375292661e-05,1.3095238095238094e-06,0.24515778803600974,0.16999999999999998,-0.049999999999999996,-0.0014640910636612155
2019-01-28,0.0012861556894846647,2.9433116173212046e-06,1.876993804394619e-06,0.0,4.767606484038801e-06,0.0,0.16837462169567433,0.0,0.0,0.00127656777757891
2019-01-29,0.0,2.4687304108735575e-06,1.7986169350943804e-06,0.0,1.1337333571277478e-05,7.142857142857143e-07,0.162787793563812,0.162787793563812,0.04278779356381201,-1.6318966631531127e-05
2019-01-30,-7.861257964782044e-05,2.468730410873557e-06,2.82554640769307e-06,0.0,1.1487823549761e-05,0.0,0.16463890105563528,0.0,0.0,-9.539468001614806e-05
2019-01-31,0.0,4.758653844303801e-06,4.141559015133799e-06,0.0,2.072332257559534e-05,1.6666666666666665e-06,0.33,0.33,0.05,-3.129020210169961e-05
2019-02-01,0.0018405573411593161,9.446071341032193e-06,8.85988818088773e-06,0.0,3.195225858138733e-05,1.5476190476190474e-06,0.5381857727667207,0.20999999999999996,-0.04999999999999999,0.0017887515040083898
2019-02-04,-0.0017721360067989704,4.687417496728391e-06,2.460583279914977e-06,0.0,1.183025787058144e-05,0.0,0.2113754011305552,0.0,0.0,-0.001791114265446195
2019-02-05,0.0,0.0,0.0,0.0,0.0,0.0,0.0,0.0,0.0,0.0
2019-02-06,0.0,2.074149879403387e-06,2.2561323553810603e-06,0.0,6.924912516071807e-06,9.523809523809522e-07,0.20999999999999996,0.20999999999999996,0.05,-1.2207575703237205e-05
2019-02-07,-0.0002773280223682934,7.393001393047164e-06,8.665331529540543e-06,0.0,2.2081885472346556e-05,2.2619047619047617e-06,0.5387334571488951,0.32999999999999996,-0.05000000000000003,-0.0003177301455251324
2019-02-08,0.0022821580814295986,7.4449067329533304e-06,5.490011931224892e-06,0.0,2.8740109388186754e-05,1.3095238095238096e-06,0.3775166510301311,0.17,-0.05,0.0022391735295677097
2019-02-11,0.00025569088483832624,2.7385689740382666e-06,1.934008834055421e-06,0.0,1.3439544668145058e-05,0.0,0.17030708890625101,0.0,0.0,0.0002375787623620875
2019-02-12,0.0,0.0,0.0,0.0,0.0,0.0,0.0,0.0,0.0,0.0
2019-02-13,0.0,0.0,0.0,0.0,0.0,0.0,0.0,0.0,0.0,0.0
2019-02-14,0.0,2.9625203633081627e-06,2.889409559037576e-06,0.0,4.580562933120789e-06,1.3095238095238094e-06,0.16999999999999998,0.16999999999999998,-0.04999999999999999,-1.1742016664990336e-05
2019-02-15,0.00024466414687981453,2.9625203633081623e-06,2.010308488602728e-06,0.0,4.201209228504573e-06,0.0,0.17230918200696632,0.0,0.0,0.00023549010879939908
2019-02-19,0.0,1.4976865692939672e-06,2.816643528588114e-06,0.0,6.744914658316223e-06,1.3095238095238094e-06,0.16999999999999998,0.16999999999999998,-0.049999999999999996,-1.2368768565722113e-05
2019-02-20,9.750704779746153e-05,9.791244618754387e-06,7.224226425365731e-06,0.0,2.7800214588566153e-05,2.1428571428571427e-06,0.5798195818513273,0.41000000000000003,0.049999999999999996,5.054850502191812e-05
2019-02-21,-0.00311942079137872,8.293558049460419e-06,6.507123159298324e-06,0.0,2.107876483597891e-05,0.0,0.41204410607607334,0.0,0.0,-0.0031553002374234574
2019-02-22,0.0,3.185375837274305e-06,1.9466294182721186e-06,0.0,9.761889969899798e-06,7.142857142857143e-07,0.14876877176618247,0.14876877176618247,0.028768771766182467,-1.5608180939731934e-05
2019-02-25,0.0007774902081979332,3.1853758372743048e-06,2.4156980138315622e-06,0.0,9.721325917539185e-06,0.0,0.14864950028049717,0.0,0.0,0.0007621678084292881
2019-02-26,0.0,0.0,0.0,0.0,0.0,0.0,0.0,0.0,0.0,0.0
2019-02-27,0.0,0.0,0.0,0.0,0.0,0.0,0.0,0.0,0.0,0.0
2019-02-28,0.0,0.0,0.0,0.0,0.0,0.0,0.0,0.0,0.0,0.0
2019-03-01,0.0,0.0,0.0,0.0,0.0,0.0,0.0,0.0,0.0,0.0
2019-03-04,0.0,0.0,0.0,0.0,0.0,0.0,0.0,0.0,0.0,0.0
2019-03-05,0.0,0.0,0.0,0.0,0.0,0.0,0.0,0.0,0.0,0.0
2019-03-06,0.0,0.0,0.0,0.0,0.0,0.0,0.0,0.0,0.0,0.0
2019-03-07,0.0,0.0,0.0,0.0,0.0,0.0,0.0,0.0,0.0,0.0
2019-03-08,0.0,0.0,0.0,0.0,0.0,0.0,0.0,0.0,0.0,0.0
2019-03-11,0.0,0.0,0.0,0.0,0.0,0.0,0.0,0.0,0.0,0.0
2019-03-12,0.0,0.0,0.0,0.0,0.0,0.0,0.0,0.0,0.0,0.0
2019-03-13,0.0,0.0,0.0,0.0,0.0,0.0,0.0,0.0,0.0,0.0
2019-03-14,0.0,0.0,0.0,0.0,0.0,0.0,0.0,0.0,0.0,0.0
2019-03-15,0.0,0.0,0.0,0.0,0.0,0.0,0.0,0.0,0.0,0.0
2019-03-18,0.0,0.0,0.0,0.0,0.0,0.0,0.0,0.0,0.0,0.0
2019-03-19,0.0,0.0,0.0,0.0,0.0,0.0,0.0,0.0,0.0,0.0
2019-03-20,0.0,0.0,0.0,0.0,0.0,0.0,0.0,0.0,0.0,0.0
2019-03-21,0.0,0.0,0.0,0.0,0.0,0.0,0.0,0.0,0.0,0.0
2019-03-22,0.0,0.0,0.0,0.0,0.0,0.0,0.0,0.0,0.0,0.0
2019-03-25,0.0,0.0,0.0,0.0,0.0,0.0,0.0,0.0,0.0,0.0
2019-03-26,0.0,0.0,0.0,0.0,0.0,0.0,0.0,0.0,0.0,0.0
2019-03-27,0.0,0.0,0.0,0.0,0.0,0.0,0.0,0.0,0.0,0.0
2019-03-28,0.0,0.0,0.0,0.0,0.0,0.0,0.0,0.0,0.0,0.0
2019-03-29,0.0,0.0,0.0,0.0,0.0,0.0,0.0,0.0,0.0,0.0
2019-04-01,0.0,0.0,0.0,0.0,0.0,0.0,0.0,0.0,0.0,0.0
2019-04-02,0.0,0.0,0.0,0.0,0.0,0.0,0.0,0.0,0.0,0.0
2019-04-03,0.0,0.0,0.0,0.0,0.0,0.0,0.0,0.0,0.0,0.0
2019-04-04,0.0,0.0,0.0,0.0,0.0,0.0,0.0,0.0,0.0,0.0
2019-04-05,0.0,0.0,0.0,0.0,0.0,0.0,0.0,0.0,0.0,0.0
2019-04-08,0.0,0.0,0.0,0.0,0.0,0.0,0.0,0.0,0.0,0.0
2019-04-09,0.0,0.0,0.0,0.0,0.0,0.0,0.0,0.0,0.0,0.0
2019-04-10,0.0,0.0,0.0,0.0,0.0,0.0,0.0,0.0,0.0,0.0
2019-04-11,0.0,0.0,0.0,0.0,0.0,0.0,0.0,0.0,0.0,0.0
2019-04-12,0.0,0.0,0.0,0.0,0.0,0.0,0.0,0.0,0.0,0.0
2019-04-15,0.0,2.123622110166655e-06,1.745232557817616e-06,0.0,6.037324365215165e-06,7.142857142857143e-07,0.16105858328345105,0.16105858328345105,0.04105858328345106,-1.062046474748515e-05
2019-04-16,7.854228305221339e-05,2.123622110166655e-06,2.80008609968814e-06,0.0,5.785422386018506e-06,0.0,0.16447793447532702,0.0,0.0,6.783315245634009e-05
2019-04-17,0.0,0.0,0.0,0.0,0.0,0.0,0.0,0.0,0.0,0.0
2019-04-18,0.0,8.958028400778006e-06,2.7813056075313354e-06,0.0,9.832215547337566e-06,8.340573457495528e-07,0.13006081704296243,0.13006081704296243,-0.010060817042962432,-2.240560690139646e-05
2019-04-22,-0.00013700795971162465,8.958028400778004e-06,2.0453752721592706e-06,0.0,9.997314617094795e-06,0.0,0.13136650439496078,0.0,0.0,-0.00015800867800165673
2019-04-23,0.0,4.890684471958423e-06,2.665726640459631e-06,0.0,1.5765801120725292e-05,9.523809523809523e-07,0.21,0.21,0.05,-2.42745931855243e-05
2019-04-24,0.00254988014377649,4.8906844719584226e-06,3.5456261342659308e-06,0.0,1.5410116311842116e-05,0.0,0.20785680484894734,0.0,0.0,0.0025260337168584233
2019-04-25,0.0,8.474649804931447e-06,8.97375981886405e-06,0.0,2.9906605266850947e-05,3.928571428571428e-06,0.6099999999999999,0.6099999999999999,-0.04999999999999995,-5.1283586319217864e-05
2019-04-26,-0.004159631755909866,1.1498540035519493e-05,9.148741703410423e-06,0.0,3.908331447300369e-05,1.3095238095238096e-06,0.6301366572955119,0.16999999999999998,-0.05,-0.004220671875931324
2019-04-29,0.0008714641140569994,3.705809018605473e-06,1.9485059929323946e-06,0.0,8.461327458423486e-06,0.0,0.1692398531401174,0.0,0.0,0.000857348471587038
2019-04-30,0.0,6.722693622221568e-06,3.5907411374989166e-06,0.0,1.4412334764075398e-05,1.4289380368635864e-06,0.24003079509654124,0.24003079509654124,-3.0795096541261224e-05,-2.6154707560659468e-05
2019-05-01,0.0008233269525942547,1.759201129286772e-05,1.3854039674555709e-05,0.0,4.054384267577064e-05,4.333333333333334e-06,0.9150961829043959,0.6780000000000002,-0.05000000000000002,0.0007470037256177272
2019-05-02,0.001826600529702778,2.696264951036969e-05,1.6822241175606073e-05,0.0,6.632503363356173e-05,4.166666666666666e-06,1.136695751531852,0.6499999999999999,-0.05000000000000002,0.0017123239387165738
2019-05-03,-0.0015889741840348177,1.6976469484089627e-05,9.291993915170938e-06,0.0,4.027198297583771e-05,0.0,0.6541047814136227,0.0,0.0,-0.001655514630409916
2019-05-06,0.0,0.0,0.0,0.0,0.0,0.0,0.0,0.0,0.0,0.0
2019-05-07,0.0,1.5397907336888574e-06,2.1204671508869196e-06,0.0,5.878315579217067e-06,8.968900305596359e-07,0.1353387625670094,0.1353387625670094,-0.015338762567009412,-1.0435463494352481e-05
2019-05-08,0.002714330758024726,1.5397907336888572e-06,1.655696242664294e-06,0.0,6.217709515818111e-06,0.0,0.1358232368530774,0.0,0.0,0.0027049175615325547
2019-05-09,0.0,2.3965754250586144e-06,2.814150528363792e-06,0.0,7.082774512208185e-06,1.3095238095238098e-06,0.16999999999999998,0.16999999999999998,-0.05,-1.3603024275154402e-05
2019-05-10,-0.0009799580341818773,2.3965754250586144e-06,1.9237353000898414e-06,0.0,6.7746100682974e-06,0.0,0.16787099919640946,0.0,0.0,-0.0009910529549753233
2019-05-13,0.0,0.0,0.0,0.0,0.0,0.0,0.0,0.0,0.0,0.0
2019-05-14,0.0,0.0,0.0,0.0,0.0,0.0,0.0,0.0,0.0,0.0
2019-05-15,0.0,0.0,0.0,0.0,0.0,0.0,0.0,0.0,0.0,0.0
2019-05-16,0.0,0.0,0.0,0.0,0.0,0.0,0.0,0.0,0.0,0.0
2019-05-17,0.0,0.0,0.0,0.0,0.0,0.0,0.0,0.0,0.0,0.0
2019-05-20,0.0,0.0,0.0,0.0,0.0,0.0,0.0,0.0,0.0,0.0
2019-05-21,0.0,0.0,0.0,0.0,0.0,0.0,0.0,0.0,0.0,0.0
2019-05-22,0.0,0.0,0.0,0.0,0.0,0.0,0.0,0.0,0.0,0.0
2019-05-23,0.0,0.0,0.0,0.0,0.0,0.0,0.0,0.0,0.0,0.0
2019-05-24,0.0,0.0,0.0,0.0,0.0,0.0,0.0,0.0,0.0,0.0
2019-05-28,0.0,0.0,0.0,0.0,0.0,0.0,0.0,0.0,0.0,0.0
2019-05-29,0.0,0.0,0.0,0.0,0.0,0.0,0.0,0.0,0.0,0.0
2019-05-30,0.0,0.0,0.0,0.0,0.0,0.0,0.0,0.0,0.0,0.0
2019-05-31,0.0,0.0,0.0,0.0,0.0,0.0,0.0,0.0,0.0,0.0
2019-06-03,0.0,0.0,0.0,0.0,0.0,0.0,0.0,0.0,0.0,0.0
2019-06-04,0.0,0.0,0.0,0.0,0.0,0.0,0.0,0.0,0.0,0.0
2019-06-05,0.0,0.0,0.0,0.0,0.0,0.0,0.0,0.0,0.0,0.0
2019-06-06,0.0,0.0,0.0,0.0,0.0,0.0,0.0,0.0,0.0,0.0
2019-06-07,0.0,0.0,0.0,0.0,0.0,0.0,0.0,0.0,0.0,0.0
2019-06-10,0.0,0.0,0.0,0.0,0.0,0.0,0.0,0.0,0.0,0.0
2019-06-11,0.0,0.0,0.0,0.0,0.0,0.0,0.0,0.0,0.0,0.0
2019-06-12,0.0,0.0,0.0,0.0,0.0,0.0,0.0,0.0,0.0,0.0
2019-06-13,0.0,0.0,0.0,0.0,0.0,0.0,0.0,0.0,0.0,0.0
2019-06-14,0.0,0.0,0.0,0.0,0.0,0.0,0.0,0.0,0.0,0.0
2019-06-17,0.0,0.0,0.0,0.0,0.0,0.0,0.0,0.0,0.0,0.0
2019-06-18,0.0,0.0,0.0,0.0,0.0,0.0,0.0,0.0,0.0,0.0
2019-06-19,0.0,0.0,0.0,0.0,0.0,0.0,0.0,0.0,0.0,0.0
2019-06-20,0.0,0.0,0.0,0.0,0.0,0.0,0.0,0.0,0.0,0.0
2019-06-21,0.0,0.0,0.0,0.0,0.0,0.0,0.0,0.0,0.0,0.0
2019-06-24,0.0,0.0,0.0,0.0,0.0,0.0,0.0,0.0,0.0,0.0
2019-06-25,0.0,0.0,0.0,0.0,0.0,0.0,0.0,0.0,0.0,0.0
2019-06-26,0.0,0.0,0.0,0.0,0.0,0.0,0.0,0.0,0.0,0.0
2019-06-27,0.0,0.0,0.0,0.0,0.0,0.0,0.0,0.0,0.0,0.0
2019-06-28,0.0,0.0,0.0,0.0,0.0,0.0,0.0,0.0,0.0,0.0
2019-07-01,0.0,0.0,0.0,0.0,0.0,0.0,0.0,0.0,0.0,0.0
2019-07-02,0.0,0.0,0.0,0.0,0.0,0.0,0.0,0.0,0.0,0.0
2019-07-05,0.0,0.0,0.0,0.0,0.0,0.0,0.0,0.0,0.0,0.0
2019-07-08,0.0,0.0,0.0,0.0,0.0,0.0,0.0,0.0,0.0,0.0
2019-07-09,0.0,0.0,0.0,0.0,0.0,0.0,0.0,0.0,0.0,0.0
2019-07-10,0.0,0.0,0.0,0.0,0.0,0.0,0.0,0.0,0.0,0.0
2019-07-11,0.0,0.0,0.0,0.0,0.0,0.0,0.0,0.0,0.0,0.0
2019-07-12,0.0,0.0,0.0,0.0,0.0,0.0,0.0,0.0,0.0,0.0
2019-07-15,0.0,0.0,0.0,0.0,0.0,0.0,0.0,0.0,0.0,0.0
2019-07-16,0.0,0.0,0.0,0.0,0.0,0.0,0.0,0.0,0.0,0.0
2019-07-17,0.0,0.0,0.0,0.0,0.0,0.0,0.0,0.0,0.0,0.0
2019-07-18,0.0,1.3997046305167716e-06,1.6729901470161695e-06,0.0,1.1164645754906613e-05,7.299326200799157e-07,0.12131434008671291,0.12131434008671291,-0.0013143400867129135,-1.4967273152519469e-05
2019-07-19,0.0010872837025139163,1.3997046305167716e-06,1.6957935284170995e-06,0.0,1.1207657063557751e-05,0.0,0.12133160183874447,0.0,0.0,0.0010729805472914247
2019-07-22,0.0,0.0,0.0,0.0,0.0,0.0,0.0,0.0,0.0,0.0
2019-07-23,0.0,0.0,0.0,0.0,0.0,0.0,0.0,0.0,0.0,0.0
2019-07-24,0.0,1.1956013279743063e-06,1.7747181945937007e-06,0.0,6.25494783236281e-06,7.142857142857143e-07,0.16999999999999998,0.16999999999999998,0.05,-9.939553069216533e-06
2019-07-25,0.0009908370421342545,1.9439329432649066e-05,9.53856903494643e-06,0.0,3.559788513673438e-05,3.333333333333333e-06,0.641723681459681,0.6099999999999999,0.04999999999999999,0.0009229279251965912
2019-07-26,0.00590143557344245,1.8847740345905062e-05,1.0272845676239218e-05,0.0,2.9699500375832285e-05,0.0,0.6074372077212083,0.0,0.0,0.005842615487044473
2019-07-29,0.0,0.0,0.0,0.0,0.0,0.0,0.0,0.0,0.0,0.0
2019-07-30,0.0,1.4678594392162862e-06,1.6155232857040564e-06,0.0,4.691098468489804e-06,7.205949896518098e-07,0.12052997913075202,0.12052997913075202,-0.0005299791307520202,-8.495076183061957e-06
2019-07-31,0.0005753154332578073,1.2235080367354241e-05,7.953935807169101e-06,0.0,2.51950666779074e-05,2.3809523809523808e-06,0.5695410650761563,0.45,0.05000000000000002,0.0005275503980244242
2019-08-01,0.001342905414142752,2.0635544430568947e-05,1.3482633690108089e-05,0.0,5.550208982980532e-05,2.469937842242374e-06,0.8521287150647636,0.40747477874835936,-0.007474778748359431,0.001250815208350027
2019-08-02,-0.003372620018834735,1.5105417856181373e-05,1.0065138773194199e-05,0.0,4.562513224600728e-05,2.0238095238095237e-06,0.6776204526056409,0.29,-0.05,-0.003445439517233928
2019-08-05,0.0029391006752232697,5.304477702719557e-06,3.6619479559466606e-06,0.0,1.075699452865063e-05,0.0,0.2852636042625938,0.0,0.0,0.0029193772550359528
2019-08-06,0.0,8.294374730887014e-07,1.7173356643356644e-06,0.0,4.352256557008982e-06,7.142857142857143e-07,0.16999999999999998,0.16999999999999998,0.05,-7.613315408719061e-06
2019-08-07,-3.0349962567263323e-05,1.8573100463184475e-06,2.482376489924028e-06,0.0,1.1829252142088158e-05,7.142857142857143e-07,0.18092337874503608,0.17,0.05000000000000001,-4.7233186959879666e-05
2019-08-08,0.0010087185905248677,1.7655065302135623e-06,2.9276628133408105e-06,0.0,7.459518749384916e-06,0.0,0.17276283282092178,0.0,0.0,0.0009965659024319285
2019-08-09,0.0,0.0,0.0,0.0,0.0,0.0,0.0,0.0,0.0,0.0
2019-08-12,0.0,0.0,0.0,0.0,0.0,0.0,0.0,0.0,0.0,0.0
2019-08-13,0.0,0.0,0.0,0.0,0.0,0.0,0.0,0.0,0.0,0.0
2019-08-14,0.0,0.0,0.0,0.0,0.0,0.0,0.0,0.0,0.0,0.0
2019-08-15,0.0,0.0,0.0,0.0,0.0,0.0,0.0,0.0,0.0,0.0
2019-08-16,0.0,0.0,0.0,0.0,0.0,0.0,0.0,0.0,0.0,0.0
2019-08-19,0.0,0.0,0.0,0.0,0.0,0.0,0.0,0.0,0.0,0.0
2019-08-20,0.0,0.0,0.0,0.0,0.0,0.0,0.0,0.0,0.0,0.0
2019-08-21,0.0,0.0,0.0,0.0,0.0,0.0,0.0,0.0,0.0,0.0
2019-08-22,0.0,0.0,0.0,0.0,0.0,0.0,0.0,0.0,0.0,0.0
2019-08-23,0.0,0.0,0.0,0.0,0.0,0.0,0.0,0.0,0.0,0.0
2019-08-26,0.0,0.0,0.0,0.0,0.0,0.0,0.0,0.0,0.0,0.0
2019-08-27,0.0,0.0,0.0,0.0,0.0,0.0,0.0,0.0,0.0,0.0
2019-08-28,0.0,0.0,0.0,0.0,0.0,0.0,0.0,0.0,0.0,0.0
2019-08-29,0.0,0.0,0.0,0.0,0.0,0.0,0.0,0.0,0.0,0.0
2019-08-30,0.0,0.0,0.0,0.0,0.0,0.0,0.0,0.0,0.0,0.0
2019-09-03,0.0,0.0,0.0,0.0,0.0,0.0,0.0,0.0,0.0,0.0
2019-09-04,0.0,0.0,0.0,0.0,0.0,0.0,0.0,0.0,0.0,0.0
2019-09-05,0.0,0.0,0.0,0.0,0.0,0.0,0.0,0.0,0.0,0.0
2019-09-06,0.0,0.0,0.0,0.0,0.0,0.0,0.0,0.0,0.0,0.0
2019-09-09,0.0,0.0,0.0,0.0,0.0,0.0,0.0,0.0,0.0,0.0
2019-09-10,0.0,0.0,0.0,0.0,0.0,0.0,0.0,0.0,0.0,0.0
2019-09-11,0.0,0.0,0.0,0.0,0.0,0.0,0.0,0.0,0.0,0.0
2019-09-12,0.0,0.0,0.0,0.0,0.0,0.0,0.0,0.0,0.0,0.0
2019-09-13,0.0,0.0,0.0,0.0,0.0,0.0,0.0,0.0,0.0,0.0
2019-09-16,0.0,0.0,0.0,0.0,0.0,0.0,0.0,0.0,0.0,0.0
2019-09-17,0.0,0.0,0.0,0.0,0.0,0.0,0.0,0.0,0.0,0.0
2019-09-18,0.0,0.0,0.0,0.0,0.0,0.0,0.0,0.0,0.0,0.0
2019-09-19,0.0,0.0,0.0,0.0,0.0,0.0,0.0,0.0,0.0,0.0
2019-09-20,0.0,0.0,0.0,0.0,0.0,0.0,0.0,0.0,0.0,0.0
2019-09-23,0.0,0.0,0.0,0.0,0.0,0.0,0.0,0.0,0.0,0.0
2019-09-24,0.0,0.0,0.0,0.0,0.0,0.0,0.0,0.0,0.0,0.0
2019-09-25,0.0,0.0,0.0,0.0,0.0,0.0,0.0,0.0,0.0,0.0
2019-09-26,0.0,0.0,0.0,0.0,0.0,0.0,0.0,0.0,0.0,0.0
2019-09-27,0.0,0.0,0.0,0.0,0.0,0.0,0.0,0.0,0.0,0.0
2019-09-30,0.0,0.0,0.0,0.0,0.0,0.0,0.0,0.0,0.0,0.0
2019-10-01,0.0,0.0,0.0,0.0,0.0,0.0,0.0,0.0,0.0,0.0
2019-10-02,0.0,0.0,0.0,0.0,0.0,0.0,0.0,0.0,0.0,0.0
2019-10-03,0.0,0.0,0.0,0.0,0.0,0.0,0.0,0.0,0.0,0.0
2019-10-04,0.0,0.0,0.0,0.0,0.0,0.0,0.0,0.0,0.0,0.0
2019-10-07,0.0,0.0,0.0,0.0,0.0,0.0,0.0,0.0,0.0,0.0
2019-10-08,0.0,0.0,0.0,0.0,0.0,0.0,0.0,0.0,0.0,0.0
2019-10-09,0.0,0.0,0.0,0.0,0.0,0.0,0.0,0.0,0.0,0.0
2019-10-10,0.0,0.0,0.0,0.0,0.0,0.0,0.0,0.0,0.0,0.0
2019-10-11,0.0,0.0,0.0,0.0,0.0,0.0,0.0,0.0,0.0,0.0
2019-10-14,0.0,0.0,0.0,0.0,0.0,0.0,0.0,0.0,0.0,0.0
2019-10-15,0.0,0.0,0.0,0.0,0.0,0.0,0.0,0.0,0.0,0.0
2019-10-16,0.0,2.044674517163108e-06,2.789546541155668e-06,0.0,6.927617605413343e-06,1.2350685878580295e-06,0.16374576138007446,0.16374576138007446,-0.04374576138007448,-1.299690725159015e-05
2019-10-17,0.0015405995705468506,1.0001066374505401e-05,5.798869412466981e-06,0.0,2.3003237779046296e-05,2.0238095238095237e-06,0.3654732904920067,0.29000000000000004,-0.05,0.0014997725874570224
2019-10-18,-0.001505547808038702,8.344266200892531e-06,3.6458624237017946e-06,0.0,1.621436664811155e-05,0.0,0.2907212014535022,0.0,0.0,-0.0015337523033114079
2019-10-21,0.0,0.0,0.0,0.0,0.0,0.0,0.0,0.0,0.0,0.0
2019-10-22,0.0,2.4348471219069945e-06,1.783334510957271e-06,0.0,1.2577006099004187e-05,7.142857142857143e-07,0.16798421191972868,0.16798421191972868,0.04798421191972867,-1.7509473446154166e-05
2019-10-23,-0.0012891772593317695,3.811436822539206e-06,5.641942803347074e-06,0.0,2.1435887453495094e-05,1.2280999416555252e-06,0.35232778586946956,0.1831603950990641,-0.02316039509906411,-0.0013212946263528064
2019-10-24,-0.0009083160014090382,1.239269575707544e-05,8.876654459988057e-06,0.0,3.1319477798733056e-05,2.738095238095238e-06,0.5459060915963965,0.4099999999999999,-0.05,-0.00096364292466293
2019-10-25,-0.0019231129851507234,1.2445694156024945e-05,6.737666113634539e-06,0.0,3.05156950092654e-05,8.460749248037634e-07,0.5210853755814895,0.1310702936835161,-0.011070293683516119,-0.001973658115354452
2019-10-28,0.0014418695422917863,1.3223616357144298e-06,1.746079060941537e-06,0.0,7.849529561710098e-06,0.0,0.13209159728780728,0.0,0.0,0.0014309515720334202
2019-10-29,0.0,6.605098168949726e-06,4.912879027111388e-06,0.0,2.6292422168527297e-05,2.1428571428571427e-06,0.3611990577896921,0.3611990577896921,0.001199057789692072,-3.9953256507445555e-05
2019-10-30,0.0011851538538517113,1.1273632338237555e-05,1.1084235459522159e-05,0.0,4.068783018684741e-05,2.3809523809523808e-06,0.8079806917579624,0.44999999999999996,0.04999999999999999,0.0011197272034861518
2019-10-31,0.0010264037297577256,1.421476398115106e-05,1.4666844166022165e-05,0.0,3.212917162370617e-05,3.3333333333333333e-06,0.9560418238540593,0.51,-0.05000000000000002,0.0009620596166535128
2019-11-01,0.000396038973256843,9.535766829405183e-06,6.822527802712342e-06,0.0,1.7333020588220414e-05,0.0,0.5164257699134541,0.0,0.0,0.00036234765803650507
2019-11-04,0.0,0.0,0.0,0.0,0.0,0.0,0.0,0.0,0.0,0.0
2019-11-05,0.0,4.047903572583414e-06,2.9064203729476317e-06,0.0,5.414440062366347e-06,1.3095238095238096e-06,0.16999999999999998,0.16999999999999998,-0.05,-1.3678287817421203e-05
2019-11-06,-0.0006491659388329036,4.047903572583415e-06,2.127504085857927e-06,0.0,5.459260932896799e-06,0.0,0.16975399514966918,0.0,0.0,-0.0006608006074242418
2019-11-07,0.0,0.0,0.0,0.0,0.0,0.0,0.0,0.0,0.0,0.0
2019-11-08,0.0,0.0,0.0,0.0,0.0,0.0,0.0,0.0,0.0,0.0
2019-11-11,0.0,0.0,0.0,0.0,0.0,0.0,0.0,0.0,0.0,0.0
2019-11-12,0.0,0.0,0.0,0.0,0.0,0.0,0.0,0.0,0.0,0.0
2019-11-13,0.0,0.0,0.0,0.0,0.0,0.0,0.0,0.0,0.0,0.0
2019-11-14,0.0,0.0,0.0,0.0,0.0,0.0,0.0,0.0,0.0,0.0
2019-11-15,0.0,0.0,0.0,0.0,0.0,0.0,0.0,0.0,0.0,0.0
2019-11-18,0.0,0.0,0.0,0.0,0.0,0.0,0.0,0.0,0.0,0.0
2019-11-19,0.0,0.0,0.0,0.0,0.0,0.0,0.0,0.0,0.0,0.0
2019-11-20,0.0,0.0,0.0,0.0,0.0,0.0,0.0,0.0,0.0,0.0
2019-11-21,0.0,0.0,0.0,0.0,0.0,0.0,0.0,0.0,0.0,0.0
2019-11-22,0.0,0.0,0.0,0.0,0.0,0.0,0.0,0.0,0.0,0.0
2019-11-25,0.0,0.0,0.0,0.0,0.0,0.0,0.0,0.0,0.0,0.0
2019-11-26,0.0,0.0,0.0,0.0,0.0,0.0,0.0,0.0,0.0,0.0
2019-11-27,0.0,0.0,0.0,0.0,0.0,0.0,0.0,0.0,0.0,0.0
2019-12-02,0.0,0.0,0.0,0.0,0.0,0.0,0.0,0.0,0.0,0.0
2019-12-03,0.0,0.0,0.0,0.0,0.0,0.0,0.0,0.0,0.0,0.0
2019-12-04,0.0,0.0,0.0,0.0,0.0,0.0,0.0,0.0,0.0,0.0
2019-12-05,0.0,0.0,0.0,0.0,0.0,0.0,0.0,0.0,0.0,0.0
2019-12-06,0.0,0.0,0.0,0.0,0.0,0.0,0.0,0.0,0.0,0.0
2019-12-09,0.0,0.0,0.0,0.0,0.0,0.0,0.0,0.0,0.0,0.0
2019-12-10,0.0,0.0,0.0,0.0,0.0,0.0,0.0,0.0,0.0,0.0
2019-12-11,0.0,0.0,0.0,0.0,0.0,0.0,0.0,0.0,0.0,0.0
2019-12-12,0.0,0.0,0.0,0.0,0.0,0.0,0.0,0.0,0.0,0.0
2019-12-13,0.0,0.0,0.0,0.0,0.0,0.0,0.0,0.0,0.0,0.0
2019-12-16,0.0,0.0,0.0,0.0,0.0,0.0,0.0,0.0,0.0,0.0
2019-12-17,0.0,0.0,0.0,0.0,0.0,0.0,0.0,0.0,0.0,0.0
2019-12-18,0.0,1.9463784350773586e-06,1.8479099622422305e-06,0.0,3.8089144604384387e-06,7.142857142857143e-07,0.16999999999999998,0.16999999999999998,0.04999999999999999,-8.317488572043743e-06
2019-12-19,0.00039665981918386907,1.9463784350773586e-06,2.8678503163137333e-06,0.0,3.8110199988408893e-06,0.0,0.17072776641227128,0.0,0.0,0.00038803457043363706
2019-12-20,0.0,0.0,0.0,0.0,0.0,0.0,0.0,0.0,0.0,0.0
2019-12-23,0.0,0.0,0.0,0.0,0.0,0.0,0.0,0.0,0.0,0.0
2019-12-26,0.0,0.0,0.0,0.0,0.0,0.0,0.0,0.0,0.0,0.0
2019-12-27,0.0,0.0,0.0,0.0,0.0,0.0,0.0,0.0,0.0,0.0
2019-12-30,0.0,0.0,0.0,0.0,0.0,0.0,0.0,0.0,0.0,0.0
2019-12-31,0.0,0.0,0.0,0.0,0.0,0.0,0.0,0.0,0.0,0.0
2020-01-02,0.0,0.0,0.0,0.0,0.0,0.0,0.0,0.0,0.0,0.0
2020-01-03,0.0,0.0,0.0,0.0,0.0,0.0,0.0,0.0,0.0,0.0
2020-01-06,0.0,0.0,0.0,0.0,0.0,0.0,0.0,0.0,0.0,0.0
2020-01-07,0.0,0.0,0.0,0.0,0.0,0.0,0.0,0.0,0.0,0.0
2020-01-08,0.0,0.0,0.0,0.0,0.0,0.0,0.0,0.0,0.0,0.0
2020-01-09,0.0,0.0,0.0,0.0,0.0,0.0,0.0,0.0,0.0,0.0
2020-01-10,0.0,0.0,0.0,0.0,0.0,0.0,0.0,0.0,0.0,0.0
2020-01-13,0.0,1.5141732278457855e-06,2.6741110735098475e-06,0.0,1.5804718272868656e-05,1.2415935526264095e-06,0.1642938584206184,0.1642938584206184,-0.04429385842061839,-2.12345961268507e-05
2020-01-14,-0.001697939328508926,1.5141732278457855e-06,1.8122097751692973e-06,0.0,1.6913841453520308e-05,0.0,0.16576478299316816,0.0,0.0,-0.0017181795529654614
2020-01-15,0.0,2.995726803251403e-06,3.631186016061137e-06,0.0,2.673848915634469e-06,1.5476190476190474e-06,0.20999999999999996,0.20999999999999996,-0.04999999999999999,-1.0848380782566057e-05
2020-01-16,0.0003323314049763285,2.995726803251403e-06,2.30001702275059e-06,0.0,2.7111601310261728e-06,0.0,0.21178096277613312,0.0,0.0,0.00032432450101930034
2020-01-17,0.0,6.299248709482006e-06,2.9981615881600743e-06,0.0,6.345227597147725e-06,9.523809523809522e-07,0.21,0.21,0.05,-1.6595018847170755e-05
2020-01-21,-0.0007858417834282392,6.299248709482006e-06,3.418453252287459e-06,0.0,6.28536739868359e-06,0.0,0.2086884570175208,0.0,0.0,-0.0008018448527886922
2020-01-22,0.0,0.0,0.0,0.0,0.0,0.0,0.0,0.0,0.0,0.0
2020-01-23,0.0,0.0,0.0,0.0,0.0,0.0,0.0,0.0,0.0,0.0
2020-01-24,0.0,0.0,0.0,0.0,0.0,0.0,0.0,0.0,0.0,0.0
2020-01-27,0.0,0.0,0.0,0.0,0.0,0.0,0.0,0.0,0.0,0.0
2020-01-28,0.0,0.0,0.0,0.0,0.0,0.0,0.0,0.0,0.0,0.0
2020-01-29,0.0,1.0762608208749094e-05,7.046541549429051e-06,0.0,3.184409214486081e-05,2.864423708297107e-06,0.480611591496957,0.480611591496957,-0.0006115914969570292,-5.251766561133606e-05
2020-01-30,-0.0016763646715834187,1.3092437960501655e-05,1.1051494718372925e-05,0.0,4.793342340579912e-05,1.6666666666666665e-06,0.8132895046868014,0.33000000000000007,0.05000000000000001,-0.0017501086943347592
2020-01-31,0.00041351820120279724,2.3298297517525627e-06,4.85150265128835e-06,0.0,1.5092176167527506e-05,0.0,0.321217126231259,0.0,0.0,0.0003912446926322288
2020-02-03,0.0,0.0,0.0,0.0,0.0,0.0,0.0,0.0,0.0,0.0
2020-02-04,0.0,3.378902294904683e-06,3.5995475983665024e-06,0.0,7.254279868723968e-06,1.4285714285714286e-06,0.29,0.29,0.04999999999999999,-1.5661301190566582e-05
2020-02-05,-0.0033415409203849276,1.158122000353363e-05,6.80322320579989e-06,0.0,1.6463663359693742e-05,1.4285714285714286e-06,0.45337578893379005,0.29,0.05,-0.0033778175983825262
2020-02-06,-0.001321284990656987,9.402591722805719e-06,4.760685145108169e-06,0.0,1.350697858826028e-05,7.142857142857143e-07,0.32248572277354404,0.1699999999999999,0.049999999999999906,-0.0013496695318274468
2020-02-07,0.0005880642667316333,5.508825143418999e-06,3.605007450565834e-06,0.0,1.1735889822407826e-05,7.142857142857143e-07,0.23508949843591642,0.16999999999999998,0.05,0.0005665002586009549
2020-02-10,-0.0002303616625159565,4.71963271036945e-06,2.991835036734862e-06,0.0,7.66753790878772e-06,0.0,0.17146050084815867,0.0,0.0,-0.0002457406681718485
2020-02-11,0.0,2.3055071151892545e-06,2.977447999187144e-06,0.0,6.050955225869133e-06,1.3095238095238098e-06,0.16999999999999998,0.16999999999999998,-0.049999999999999996,-1.2643434149769343e-05
2020-02-12,2.2187935394014e-05,2.3055071151892545e-06,1.7935779884044799e-06,0.0,6.1973688047445285e-06,0.0,0.17078701904176838,0.0,0.0,1.1891481485675738e-05
2020-02-13,0.0,6.765127251338716e-06,2.6538131776480397e-06,0.0,6.661137899652132e-06,7.142857142857143e-07,0.16999999999999998,0.16999999999999998,0.049999999999999996,-1.6794364042924602e-05
2020-02-14,0.001021128417441743,6.765127251338716e-06,2.8280975861509595e-06,0.0,6.522505541764808e-06,0.0,0.1689193769578921,0.0,0.0,0.0010050126870624885
2020-02-18,0.0,0.0,0.0,0.0,0.0,0.0,0.0,0.0,0.0,0.0
2020-02-19,0.0,0.0,0.0,0.0,0.0,0.0,0.0,0.0,0.0,0.0
2020-02-20,0.0,2.5771913497675935e-06,2.3859763721388134e-06,0.0,3.7423074949264127e-06,9.523809523809523e-07,0.21,0.21,0.05,-9.657856169213772e-06
2020-02-21,-0.00046146261527996087,2.577191349767593e-06,3.4266493156130217e-06,0.0,3.7747371598212826e-06,0.0,0.20849497351565777,0.0,0.0,-0.0004712411931051628
2020-02-24,0.0,0.0,0.0,0.0,0.0,0.0,0.0,0.0,0.0,0.0
2020-02-25,0.0,0.0,0.0,0.0,0.0,0.0,0.0,0.0,0.0,0.0
2020-02-26,0.0,0.0,0.0,0.0,0.0,0.0,0.0,0.0,0.0,0.0
2020-02-27,0.0,0.0,0.0,0.0,0.0,0.0,0.0,0.0,0.0,0.0
2020-02-28,0.0,0.0,0.0,0.0,0.0,0.0,0.0,0.0,0.0,0.0
2020-03-02,0.0,0.0,0.0,0.0,0.0,0.0,0.0,0.0,0.0,0.0
2020-03-03,0.0,0.0,0.0,0.0,0.0,0.0,0.0,0.0,0.0,0.0
2020-03-04,0.0,0.0,0.0,0.0,0.0,0.0,0.0,0.0,0.0,0.0
2020-03-05,0.0,0.0,0.0,0.0,0.0,0.0,0.0,0.0,0.0,0.0
2020-03-06,0.0,0.0,0.0,0.0,0.0,0.0,0.0,0.0,0.0,0.0
2020-03-09,0.0,0.0,0.0,0.0,0.0,0.0,0.0,0.0,0.0,0.0
2020-03-10,0.0,0.0,0.0,0.0,0.0,0.0,0.0,0.0,0.0,0.0
2020-03-11,0.0,0.0,0.0,0.0,0.0,0.0,0.0,0.0,0.0,0.0
2020-03-12,0.0,0.0,0.0,0.0,0.0,0.0,0.0,0.0,0.0,0.0
2020-03-13,0.0,0.0,0.0,0.0,0.0,0.0,0.0,0.0,0.0,0.0
2020-03-16,0.0,0.0,0.0,0.0,0.0,0.0,0.0,0.0,0.0,0.0
2020-03-17,0.0,0.0,0.0,0.0,0.0,0.0,0.0,0.0,0.0,0.0
2020-03-18,0.0,0.0,0.0,0.0,0.0,0.0,0.0,0.0,0.0,0.0
2020-03-19,0.0,0.0,0.0,0.0,0.0,0.0,0.0,0.0,0.0,0.0
2020-03-20,0.0,0.0,0.0,0.0,0.0,0.0,0.0,0.0,0.0,0.0
2020-03-23,0.0,0.0,0.0,0.0,0.0,0.0,0.0,0.0,0.0,0.0
2020-03-24,0.0,0.0,0.0,0.0,0.0,0.0,0.0,0.0,0.0,0.0
2020-03-25,0.0,0.0,0.0,0.0,0.0,0.0,0.0,0.0,0.0,0.0
2020-03-26,0.0,0.0,0.0,0.0,0.0,0.0,0.0,0.0,0.0,0.0
2020-03-27,0.0,0.0,0.0,0.0,0.0,0.0,0.0,0.0,0.0,0.0
2020-03-30,0.0,0.0,0.0,0.0,0.0,0.0,0.0,0.0,0.0,0.0
2020-03-31,0.0,0.0,0.0,0.0,0.0,0.0,0.0,0.0,0.0,0.0
2020-04-01,0.0,0.0,0.0,0.0,0.0,0.0,0.0,0.0,0.0,0.0
2020-04-02,0.0,0.0,0.0,0.0,0.0,0.0,0.0,0.0,0.0,0.0
2020-04-03,0.0,2.3666026585675727e-06,2.888846656551446e-06,0.0,1.53254269197827e-05,1.3095238095238096e-06,0.16999999999999998,0.16999999999999998,-0.05000000000000001,-2.189040004442553e-05
2020-04-06,-0.00250766601287869,2.366602658567573e-06,2.013045789199217e-06,0.0,1.6507350140502394e-05,0.0,0.18218205222217698,0.0,0.0,-0.002528553011466959
2020-04-07,0.0,6.002958768030408e-06,2.3580709879799475e-06,0.0,3.1962773981808694e-05,7.142857142857143e-07,0.14143036808929668,0.14143036808929668,0.021430368089296693,-4.103808945210476e-05
2020-04-08,0.0011855712078744872,6.002958768030408e-06,2.368673492853278e-06,0.0,3.3554548603336584e-05,0.0,0.1484186472275387,0.0,0.0,0.0011436450270102668
2020-04-09,0.0,0.0,0.0,0.0,0.0,0.0,0.0,0.0,0.0,0.0
2020-04-13,0.0,7.124331020915419e-07,1.5846540314472673e-06,0.0,1.5547003985759028e-05,7.142857142857143e-07,0.12758332934850872,0.12758332934850872,0.007583329348508718,-1.855837683358355e-05
2020-04-14,0.0008706583966958347,7.12433102091542e-07,1.890002955579455e-06,0.0,1.6199340900107976e-05,0.0,0.1321003006089238,0.0,0.0,0.0008518566197380557
2020-04-15,0.0,0.0,0.0,0.0,0.0,0.0,0.0,0.0,0.0,0.0
2020-04-16,0.0,0.0,0.0,0.0,0.0,0.0,0.0,0.0,0.0,0.0
2020-04-17,0.0,0.0,0.0,0.0,0.0,0.0,0.0,0.0,0.0,0.0
2020-04-20,0.0,0.0,0.0,0.0,0.0,0.0,0.0,0.0,0.0,0.0
2020-04-21,0.0,0.0,0.0,0.0,0.0,0.0,0.0,0.0,0.0,0.0
2020-04-22,0.0,5.0945890891713006e-06,2.6697787148815905e-06,0.0,2.5863050289659772e-05,9.523809523809522e-07,0.21000000000000002,0.21000000000000002,0.05000000000000003,-3.4579799046093616e-05
2020-04-23,0.0013509578632439091,5.094589089171301e-06,3.5636132731699104e-06,0.0,2.540648657609722e-05,0.0,0.2079539841139343,0.0,0.0,0.0013168931743054706
2020-04-24,0.0,0.0,0.0,0.0,0.0,0.0,0.0,0.0,0.0,0.0
2020-04-27,0.0,0.0,0.0,0.0,0.0,0.0,0.0,0.0,0.0,0.0
2020-04-28,0.0,5.257247736373135e-06,6.0650313570082294e-06,0.0,7.205307905800118e-05,2.738095238095238e-06,0.41,0.41,-0.04999999999999999,-8.611345338947778e-05
2020-04-29,-0.0005569218345366045,2.0932058102682376e-05,1.1642831424383317e-05,0.0,0.00010880772787420885,1.6666666666666665e-06,0.7574490693734479,0.32999999999999996,0.05000000000000002,-0.0006999711186045456
2020-04-30,0.0014983174465058584,3.924623976269468e-05,1.944006208304247e-05,0.0,0.000129664061048895,6.19047619047619e-06,1.3162497072635237,0.9900000000000002,-0.04999999999999993,0.0013037766074207502
2020-05-01,-0.0013424241170249668,2.9056314095268743e-05,1.7118799995905053e-05,0.0,0.0001339248856082182,3.333333333333334e-06,1.0985147385561986,0.51,-0.0500000000000001,-0.001525857450057692
2020-05-04,0.0014873400579880358,7.2206279225345e-06,6.828706590101338e-06,0.0,3.972938779828762e-05,0.0,0.5123680989429921,0.0,0.0,0.0014335613356771123
2020-05-05,0.0,4.938280047656115e-06,6.005033806665377e-06,0.0,5.239782562401278e-05,2.5e-06,0.47000000000000003,0.47000000000000003,0.050000000000000044,-6.584113947833429e-05
2020-05-06,0.00359297489324836,3.2752236791672595e-05,1.580848348959477e-05,0.0,0.00019814200744297045,4.642857142857143e-06,1.037638997955604,0.8300000000000001,0.04999999999999999,0.003341629308381265
2020-05-07,-0.003166581668504011,4.140768628560315e-05,2.329703014687366e-05,0.0,0.00026002546228127564,3.88095238095238e-06,1.448196581343396,0.602,-0.04999999999999999,-0.003495192799598716
2020-05-08,-0.0030468812179084864,1.7740477153521402e-05,1.3049714368982034e-05,0.0,0.00014022717626340961,2.0952380952380947e-06,0.9973323453103087,0.4020000000000001,0.050000000000000044,-0.0032199938237896376
2020-05-11,-0.002044734498792365,6.515022313441621e-06,5.7294065653539265e-06,0.0,4.6379229625553256e-05,7.142857142857143e-07,0.39415970525451605,0.17,0.05000000000000002,-0.0021040724430109996
2020-05-12,-0.0008159953580988084,1.636065061785809e-06,2.7896176127070026e-06,0.0,1.2511932215399444e-05,0.0,0.16471298348274757,0.0,0.0,-0.0008329329729887007
2020-05-13,0.0,0.0,0.0,0.0,0.0,0.0,0.0,0.0,0.0,0.0
2020-05-14,0.0,0.0,0.0,0.0,0.0,0.0,0.0,0.0,0.0,0.0
2020-05-15,0.0,0.0,0.0,0.0,0.0,0.0,0.0,0.0,0.0,0.0
2020-05-18,0.0,0.0,0.0,0.0,0.0,0.0,0.0,0.0,0.0,0.0
2020-05-19,0.0,3.425220529514976e-06,3.6495169143169166e-06,0.0,2.7483899751133222e-05,1.5476190476190474e-06,0.20999999999999996,0.20999999999999996,-0.049999999999999975,-3.610625624258416e-05
2020-05-20,-0.0006452417022042938,3.4252205295149766e-06,2.3251981729177906e-06,0.0,2.6940592430216158e-05,0.0,0.21052424346676188,0.0,0.0,-0.0006779327133369427
2020-05-21,0.0,3.1225754324721758e-06,3.505147422489541e-06,0.0,2.3226244551106658e-05,1.4285714285714286e-06,0.29,0.29,0.05,-3.12825388346398e-05
2020-05-22,-8.975592670443779e-08,3.1225754324721753e-06,4.489157835373593e-06,0.0,2.3329774302118326e-05,0.0,0.2903788895017404,0.0,0.0,-3.103126349666853e-05
2020-05-26,0.0,0.0,0.0,0.0,0.0,0.0,0.0,0.0,0.0,0.0
2020-05-27,0.0,0.0,0.0,0.0,0.0,0.0,0.0,0.0,0.0,0.0
2020-05-28,0.0,1.0856251989708446e-06,1.7477383322405672e-06,0.0,6.082760269154795e-06,7.142857142857143e-07,0.17000000000000004,0.17000000000000004,0.05000000000000003,-9.630409514651921e-06
2020-05-29,-0.0019673944507008247,1.0856251989708446e-06,2.831221637335817e-06,0.0,6.25522278367339e-06,0.0,0.17285349128572405,0.0,0.0,-0.0019775665203208047
2020-06-01,0.0,0.0,0.0,0.0,0.0,0.0,0.0,0.0,0.0,0.0
2020-06-02,0.0,0.0,0.0,0.0,0.0,0.0,0.0,0.0,0.0,0.0
2020-06-03,0.0,0.0,0.0,0.0,0.0,0.0,0.0,0.0,0.0,0.0
2020-06-04,0.0,0.0,0.0,0.0,0.0,0.0,0.0,0.0,0.0,0.0
2020-06-05,0.0,0.0,0.0,0.0,0.0,0.0,0.0,0.0,0.0,0.0
2020-06-08,0.0,0.0,0.0,0.0,0.0,0.0,0.0,0.0,0.0,0.0
2020-06-09,0.0,0.0,0.0,0.0,0.0,0.0,0.0,0.0,0.0,0.0
2020-06-10,0.0,0.0,0.0,0.0,0.0,0.0,0.0,0.0,0.0,0.0
2020-06-11,0.0,0.0,0.0,0.0,0.0,0.0,0.0,0.0,0.0,0.0
2020-06-12,0.0,0.0,0.0,0.0,0.0,0.0,0.0,0.0,0.0,0.0
2020-06-15,0.0,0.0,0.0,0.0,0.0,0.0,0.0,0.0,0.0,0.0
2020-06-16,0.0,0.0,0.0,0.0,0.0,0.0,0.0,0.0,0.0,0.0
2020-06-17,0.0,0.0,0.0,0.0,0.0,0.0,0.0,0.0,0.0,0.0
2020-06-18,0.0,0.0,0.0,0.0,0.0,0.0,0.0,0.0,0.0,0.0
2020-06-19,0.0,0.0,0.0,0.0,0.0,0.0,0.0,0.0,0.0,0.0
2020-06-22,0.0,0.0,0.0,0.0,0.0,0.0,0.0,0.0,0.0,0.0
2020-06-23,0.0,0.0,0.0,0.0,0.0,0.0,0.0,0.0,0.0,0.0
2020-06-24,0.0,0.0,0.0,0.0,0.0,0.0,0.0,0.0,0.0,0.0
2020-06-25,0.0,0.0,0.0,0.0,0.0,0.0,0.0,0.0,0.0,0.0
2020-06-26,0.0,0.0,0.0,0.0,0.0,0.0,0.0,0.0,0.0,0.0
2020-06-29,0.0,0.0,0.0,0.0,0.0,0.0,0.0,0.0,0.0,0.0
2020-06-30,0.0,0.0,0.0,0.0,0.0,0.0,0.0,0.0,0.0,0.0
2020-07-01,0.0,1.590624954112469e-06,2.896100615193652e-06,0.0,6.996998998141214e-06,1.3095238095238096e-06,0.16999999999999998,0.16999999999999998,-0.05,-1.2793248376971145e-05
2020-07-02,-0.001024616097406084,1.5906249541124692e-06,1.7503881522291957e-06,0.0,6.922043178527638e-06,0.0,0.1709740897816166,0.0,0.0,-0.0010348791536909532
2020-07-06,0.0,0.0,0.0,0.0,0.0,0.0,0.0,0.0,0.0,0.0
2020-07-07,0.0,0.0,0.0,0.0,0.0,0.0,0.0,0.0,0.0,0.0
2020-07-08,0.0,0.0,0.0,0.0,0.0,0.0,0.0,0.0,0.0,0.0
2020-07-09,0.0,0.0,0.0,0.0,0.0,0.0,0.0,0.0,0.0,0.0
2020-07-10,0.0,0.0,0.0,0.0,0.0,0.0,0.0,0.0,0.0,0.0
2020-07-13,0.0,0.0,0.0,0.0,0.0,0.0,0.0,0.0,0.0,0.0
2020-07-14,0.0,0.0,0.0,0.0,0.0,0.0,0.0,0.0,0.0,0.0
2020-07-15,0.0,0.0,0.0,0.0,0.0,0.0,0.0,0.0,0.0,0.0
2020-07-16,0.0,0.0,0.0,0.0,0.0,0.0,0.0,0.0,0.0,0.0
2020-07-17,0.0,0.0,0.0,0.0,0.0,0.0,0.0,0.0,0.0,0.0
2020-07-20,0.0,0.0,0.0,0.0,0.0,0.0,0.0,0.0,0.0,0.0
2020-07-21,0.0,0.0,0.0,0.0,0.0,0.0,0.0,0.0,0.0,0.0
2020-07-22,0.0,8.676651218057896e-06,7.890790538168829e-06,0.0,6.019271960688768e-05,3.2142857142857143e-06,0.5899999999999999,0.5899999999999999,0.04999999999999997,-7.997444707740012e-05
2020-07-23,-0.006505639187452081,2.0326279981007557e-05,1.7727923479175063e-05,0.0,0.00010680729158114276,3.928571428571429e-06,1.199660832635164,0.61,-0.050000000000000044,-0.006654429253921978
2020-07-24,0.0018759493007145583,1.2250080986069442e-05,9.738309781622028e-06,0.0,5.385461285003785e-05,1.3095238095238098e-06,0.6525736634422155,0.16999999999999998,-0.05000000000000001,0.0017987967732873051
2020-07-27,-0.001917494545789955,1.1101623773406984e-06,1.7494805546599874e-06,0.0,7.940797719986159e-06,0.0,0.1726439860993492,0.0,0.0,-0.001928294986441942
2020-07-28,0.0,1.0153316385931557e-05,7.4794737611393735e-06,0.0,2.2306652029077004e-05,3.0952380952380944e-06,0.47,0.47,-0.04999999999999995,-4.303468027138603e-05
2020-07-29,-0.00011431775971513215,1.259187072542311e-05,9.598224955672432e-06,0.0,4.284833191881935e-05,1.6625684417418998e-06,0.6979562413670453,0.25965574910631956,-0.01965574910631957,-0.00018101875575678893
2020-07-30,0.00048115534293062735,3.2966194664204457e-05,1.586742238781374e-05,0.0,0.00013715638978009303,4.880952380952381e-06,1.1265940596528468,0.8699999999999999,0.05,0.0002902843837175637
2020-07-31,0.0026136089489558704,5.6146299249731556e-05,3.0097893717061823e-05,0.0,0.00017249357499309585,5.666666666666668e-06,1.7655528663024262,0.9020000000000001,-0.050000000000000044,0.0023492045143293145
2020-08-03,0.002035317752681722,2.937453374049644e-05,1.5843307455683973e-05,0.0,7.714401906448639e-05,1.4285714285714286e-06,1.1933080911826317,0.29,0.04999999999999996,0.0019115273209924838
2020-08-04,-0.00027901056044360277,5.045875838633069e-05,1.6550592410651238e-05,0.0,0.00012806930617378855,3.8095238095238094e-06,0.7259644035952412,0.69,0.04999999999999996,-0.0004778987412238971
2020-08-05,-0.00384047518242574,4.8546148311978644e-05,1.04992482327733e-05,0.0,0.00012336565980978226,7.142857142857143e-07,0.7573721153684787,0.17,0.05,-0.00402360052449456
2020-08-06,0.0007674878203132726,5.100272661828354e-06,6.949991869345341e-06,0.0,3.955451349388191e-05,2.3809523809523808e-06,0.5072701188681725,0.44999999999999996,0.050000000000000044,0.0007135020899072645
2020-08-07,-0.001383472328488621,4.425096455416724e-06,6.688177531710482e-06,0.0,2.4101567572369086e-05,0.0,0.45196992797086843,0.0,0.0,-0.0014186871700481174
2020-08-10,0.0,0.0,0.0,0.0,0.0,0.0,0.0,0.0,0.0,0.0
2020-08-11,0.0,0.0,0.0,0.0,0.0,0.0,0.0,0.0,0.0,0.0
2020-08-12,0.0,0.0,0.0,0.0,0.0,0.0,0.0,0.0,0.0,0.0
2020-08-13,0.0,0.0,0.0,0.0,0.0,0.0,0.0,0.0,0.0,0.0
2020-08-14,0.0,0.0,0.0,0.0,0.0,0.0,0.0,0.0,0.0,0.0
2020-08-17,0.0,0.0,0.0,0.0,0.0,0.0,0.0,0.0,0.0,0.0
2020-08-18,0.0,0.0,0.0,0.0,0.0,0.0,0.0,0.0,0.0,0.0
2020-08-19,0.0,0.0,0.0,0.0,0.0,0.0,0.0,0.0,0.0,0.0
2020-08-20,0.0,0.0,0.0,0.0,0.0,0.0,0.0,0.0,0.0,0.0
2020-08-21,0.0,0.0,0.0,0.0,0.0,0.0,0.0,0.0,0.0,0.0
2020-08-24,0.0,0.0,0.0,0.0,0.0,0.0,0.0,0.0,0.0,0.0
2020-08-25,0.0,0.0,0.0,0.0,0.0,0.0,0.0,0.0,0.0,0.0
2020-08-26,0.0,0.0,0.0,0.0,0.0,0.0,0.0,0.0,0.0,0.0
2020-08-27,0.0,0.0,0.0,0.0,0.0,0.0,0.0,0.0,0.0,0.0
2020-08-28,0.0,0.0,0.0,0.0,0.0,0.0,0.0,0.0,0.0,0.0
2020-08-31,0.0,0.0,0.0,0.0,0.0,0.0,0.0,0.0,0.0,0.0
2020-09-01,0.0,0.0,0.0,0.0,0.0,0.0,0.0,0.0,0.0,0.0
2020-09-02,0.0,0.0,0.0,0.0,0.0,0.0,0.0,0.0,0.0,0.0
2020-09-03,0.0,0.0,0.0,0.0,0.0,0.0,0.0,0.0,0.0,0.0
2020-09-04,0.0,0.0,0.0,0.0,0.0,0.0,0.0,0.0,0.0,0.0
2020-09-08,0.0,0.0,0.0,0.0,0.0,0.0,0.0,0.0,0.0,0.0
2020-09-09,0.0,0.0,0.0,0.0,0.0,0.0,0.0,0.0,0.0,0.0
2020-09-10,0.0,0.0,0.0,0.0,0.0,0.0,0.0,0.0,0.0,0.0
2020-09-11,0.0,0.0,0.0,0.0,0.0,0.0,0.0,0.0,0.0,0.0
2020-09-14,0.0,0.0,0.0,0.0,0.0,0.0,0.0,0.0,0.0,0.0
2020-09-15,0.0,0.0,0.0,0.0,0.0,0.0,0.0,0.0,0.0,0.0
2020-09-16,0.0,0.0,0.0,0.0,0.0,0.0,0.0,0.0,0.0,0.0
2020-09-17,0.0,0.0,0.0,0.0,0.0,0.0,0.0,0.0,0.0,0.0
2020-09-18,0.0,0.0,0.0,0.0,0.0,0.0,0.0,0.0,0.0,0.0
2020-09-21,0.0,0.0,0.0,0.0,0.0,0.0,0.0,0.0,0.0,0.0
2020-09-22,0.0,0.0,0.0,0.0,0.0,0.0,0.0,0.0,0.0,0.0
2020-09-23,0.0,0.0,0.0,0.0,0.0,0.0,0.0,0.0,0.0,0.0
2020-09-24,0.0,0.0,0.0,0.0,0.0,0.0,0.0,0.0,0.0,0.0
2020-09-25,0.0,0.0,0.0,0.0,0.0,0.0,0.0,0.0,0.0,0.0
2020-09-28,0.0,0.0,0.0,0.0,0.0,0.0,0.0,0.0,0.0,0.0
2020-09-29,0.0,0.0,0.0,0.0,0.0,0.0,0.0,0.0,0.0,0.0
2020-09-30,0.0,0.0,0.0,0.0,0.0,0.0,0.0,0.0,0.0,0.0
2020-10-01,0.0,0.0,0.0,0.0,0.0,0.0,0.0,0.0,0.0,0.0
2020-10-02,0.0,0.0,0.0,0.0,0.0,0.0,0.0,0.0,0.0,0.0
2020-10-05,0.0,0.0,0.0,0.0,0.0,0.0,0.0,0.0,0.0,0.0
2020-10-06,0.0,0.0,0.0,0.0,0.0,0.0,0.0,0.0,0.0,0.0
2020-10-07,0.0,0.0,0.0,0.0,0.0,0.0,0.0,0.0,0.0,0.0
2020-10-08,0.0,0.0,0.0,0.0,0.0,0.0,0.0,0.0,0.0,0.0
2020-10-09,0.0,0.0,0.0,0.0,0.0,0.0,0.0,0.0,0.0,0.0
2020-10-12,0.0,0.0,0.0,0.0,0.0,0.0,0.0,0.0,0.0,0.0
2020-10-13,0.0,2.894486214941087e-06,1.9080790847164704e-06,0.0,3.7330778815012385e-06,7.142857142857143e-07,0.1319096771791683,0.1319096771791683,0.011909677179168299,-9.249928895444512e-06
2020-10-14,0.000472582056757781,6.1296843939308125e-06,4.797844993044071e-06,0.0,1.1207210332042407e-05,1.3095238095238098e-06,0.3006269849743227,0.16999999999999998,-0.05,0.00044913779322923995
2020-10-15,0.001131370613642192,3.235198178989726e-06,2.100894545665023e-06,0.0,7.403071316409375e-06,0.0,0.17166676396330652,0.0,0.0,0.001118631449601128
2020-10-16,0.0,0.0,0.0,0.0,0.0,0.0,0.0,0.0,0.0,0.0
2020-10-19,0.0,0.0,0.0,0.0,0.0,0.0,0.0,0.0,0.0,0.0
2020-10-20,0.0,1.2136840810557525e-05,3.665323972245529e-06,0.0,2.0458005201635316e-05,1.5476190476190474e-06,0.21,0.21,-0.04999999999999999,-3.7807789032057416e-05
2020-10-21,0.0002600290384159087,2.221495138908458e-05,8.5930719279223e-06,0.0,4.661833498179723e-05,2.7380952380952382e-06,0.5007941798525977,0.41,-0.05000000000000001,0.00017986458487900933
2020-10-22,-0.00595145715407781,1.632003972879305e-05,1.1019540057104577e-05,0.0,4.4895081522384685e-05,2.0238095238095237e-06,0.8101721409730235,0.39,0.04999999999999999,-0.006025715624909902
2020-10-23,0.0010912052688263616,5.7986679433136795e-06,5.935507401638851e-06,0.0,1.7727728543521296e-05,0.0,0.3916381396126789,0.0,0.0,0.0010617433649378878
2020-10-26,0.0,0.0,0.0,0.0,0.0,0.0,0.0,0.0,0.0,0.0
2020-10-27,0.0,1.5793543099962368e-06,3.7957211246539877e-06,0.0,9.392311060817575e-06,1.7380952380952383e-06,0.24200000000000002,0.24200000000000002,-0.05000000000000002,-1.650548173356304e-05
2020-10-28,0.0016301773635480656,1.5793543099962368e-06,2.630465485398939e-06,0.0,9.184831301316813e-06,0.0,0.2349574192119374,0.0,0.0,0.0016167827124513535
2020-10-29,0.0,9.108239621933686e-06,1.000422807559713e-05,0.0,3.830171544821167e-05,4.166666666666667e-06,0.75,0.75,0.04999999999999999,-6.158084981240915e-05
2020-10-30,-0.003922584277153239,1.2278479124083393e-05,1.632195572201125e-05,0.0,4.931989250773506e-05,2.5e-06,1.117061480803844,0.37,-0.04999999999999996,-0.0040030046045070695
2020-11-02,-0.0013449409279632644,3.1702395021497077e-06,4.5161503521027955e-06,0.0,1.1444596526677454e-05,0.0,0.3733522247512201,0.0,0.0,-0.0013640719143441942
2020-11-03,0.0,3.270390987624949e-06,3.4795227689863524e-06,0.0,1.0960566031897965e-05,1.4285714285714286e-06,0.29,0.29,0.04999999999999999,-1.9139051217080697e-05
2020-11-04,-0.0011473451570426713,3.270390987624949e-06,4.582500435387315e-06,0.0,1.1319139294181891e-05,0.0,0.2946823506978414,0.0,0.0,-0.0011665171877598655
2020-11-05,0.0,6.404626136278419e-06,2.280249792668768e-06,0.0,8.844060152452823e-06,9.523809523809523e-07,0.21000000000000002,0.21000000000000002,0.05000000000000001,-1.848131703378096e-05
2020-11-06,-0.001632571710760662,6.4046261362784185e-06,4.14667439163274e-06,0.0,8.837778238968815e-06,0.0,0.2088362733160542,0.0,0.0,-0.001651960789527542
2020-11-09,0.0,0.0,0.0,0.0,0.0,0.0,0.0,0.0,0.0,0.0
2020-11-10,0.0,0.0,0.0,0.0,0.0,0.0,0.0,0.0,0.0,0.0
2020-11-11,0.0,0.0,0.0,0.0,0.0,0.0,0.0,0.0,0.0,0.0
2020-11-12,0.0,0.0,0.0,0.0,0.0,0.0,0.0,0.0,0.0,0.0
2020-11-13,0.0,0.0,0.0,0.0,0.0,0.0,0.0,0.0,0.0,0.0
2020-11-16,0.0,0.0,0.0,0.0,0.0,0.0,0.0,0.0,0.0,0.0
2020-11-17,0.0,0.0,0.0,0.0,0.0,0.0,0.0,0.0,0.0,0.0
2020-11-18,0.0,0.0,0.0,0.0,0.0,0.0,0.0,0.0,0.0,0.0
2020-11-19,0.0,6.109185088711959e-06,2.552439461883408e-06,0.0,8.936428428517886e-06,7.142857142857143e-07,0.16999999999999998,0.16999999999999998,0.05,-1.8312338693398967e-05
2020-11-20,0.00039867781407237516,6.109185088711959e-06,2.7950591667761643e-06,0.0,8.746497646897742e-06,0.0,0.16725966436115758,0.0,0.0,0.0003810270721699893
2020-11-23,0.0,0.0,0.0,0.0,0.0,0.0,0.0,0.0,0.0,0.0
2020-11-24,0.0,0.0,0.0,0.0,0.0,0.0,0.0,0.0,0.0,0.0
2020-11-25,0.0,0.0,0.0,0.0,0.0,0.0,0.0,0.0,0.0,0.0
2020-11-30,0.0,0.0,0.0,0.0,0.0,0.0,0.0,0.0,0.0,0.0
2020-12-01,0.0,0.0,0.0,0.0,0.0,0.0,0.0,0.0,0.0,0.0
2020-12-02,0.0,0.0,0.0,0.0,0.0,0.0,0.0,0.0,0.0,0.0
2020-12-03,0.0,0.0,0.0,0.0,0.0,0.0,0.0,0.0,0.0,0.0
2020-12-04,0.0,0.0,0.0,0.0,0.0,0.0,0.0,0.0,0.0,0.0
2020-12-07,0.0,0.0,0.0,0.0,0.0,0.0,0.0,0.0,0.0,0.0
2020-12-08,0.0,0.0,0.0,0.0,0.0,0.0,0.0,0.0,0.0,0.0
2020-12-09,0.0,0.0,0.0,0.0,0.0,0.0,0.0,0.0,0.0,0.0
2020-12-10,0.0,0.0,0.0,0.0,0.0,0.0,0.0,0.0,0.0,0.0
2020-12-11,0.0,3.168456548555829e-06,2.0023692819517605e-06,0.0,2.998077296020344e-06,7.142857142857143e-07,0.16999999999999998,0.16999999999999998,0.05,-8.883188840813649e-06
2020-12-14,-0.001069511659458824,3.168456548555829e-06,2.896438008798904e-06,0.0,3.071903732707387e-06,0.0,0.17069372648858666,0.0,0.0,-0.001078648457748886
2020-12-15,0.0,0.0,0.0,0.0,0.0,0.0,0.0,0.0,0.0,0.0
2020-12-16,0.0,0.0,0.0,0.0,0.0,0.0,0.0,0.0,0.0,0.0
2020-12-17,0.0,0.0,0.0,0.0,0.0,0.0,0.0,0.0,0.0,0.0
2020-12-18,0.0,0.0,0.0,0.0,0.0,0.0,0.0,0.0,0.0,0.0
2020-12-21,0.0,0.0,0.0,0.0,0.0,0.0,0.0,0.0,0.0,0.0
2020-12-22,0.0,0.0,0.0,0.0,0.0,0.0,0.0,0.0,0.0,0.0
2020-12-23,0.0,0.0,0.0,0.0,0.0,0.0,0.0,0.0,0.0,0.0
2020-12-28,0.0,0.0,0.0,0.0,0.0,0.0,0.0,0.0,0.0,0.0
2020-12-29,0.0,0.0,0.0,0.0,0.0,0.0,0.0,0.0,0.0,0.0
2020-12-30,0.0,0.0,0.0,0.0,0.0,0.0,0.0,0.0,0.0,0.0
2020-12-31,0.0,0.0,0.0,0.0,0.0,0.0,0.0,0.0,0.0,0.0
2021-01-04,0.0,0.0,0.0,0.0,0.0,0.0,0.0,0.0,0.0,0.0
2021-01-05,0.0,0.0,0.0,0.0,0.0,0.0,0.0,0.0,0.0,0.0
2021-01-06,0.0,0.0,0.0,0.0,0.0,0.0,0.0,0.0,0.0,0.0
2021-01-07,0.0,9.647291279695573e-07,1.7346723177524824e-06,0.0,5.35500315629226e-06,7.142857142857143e-07,0.16999999999999998,0.16999999999999998,0.049999999999999996,-8.768690316300014e-06
2021-01-08,0.0004311782786529571,9.64729127969557e-07,2.8271723037385854e-06,0.0,5.405310194078686e-06,0.0,0.17113449627332478,0.0,0.0,0.00042198106702717026
2021-01-11,0.0,0.0,0.0,0.0,0.0,0.0,0.0,0.0,0.0,0.0
2021-01-12,0.0,0.0,0.0,0.0,0.0,0.0,0.0,0.0,0.0,0.0
2021-01-13,0.0,0.0,0.0,0.0,0.0,0.0,0.0,0.0,0.0,0.0
2021-01-14,0.0,0.0,0.0,0.0,0.0,0.0,0.0,0.0,0.0,0.0
2021-01-15,0.0,0.0,0.0,0.0,0.0,0.0,0.0,0.0,0.0,0.0
2021-01-19,0.0,0.0,0.0,0.0,0.0,0.0,0.0,0.0,0.0,0.0
2021-01-20,0.0,6.2405049846291635e-06,4.070707927928035e-06,0.0,2.1707621106531587e-05,1.4285714285714286e-06,0.29,0.29,0.049999999999999975,-3.3447405447660214e-05
2021-01-21,0.0014142460665719913,6.2405049846291635e-06,4.413008936591033e-06,0.0,2.1274119927691682e-05,0.0,0.2879122534907858,0.0,0.0,0.0013823184327230794
2021-01-22,0.0,0.0,0.0,0.0,0.0,0.0,0.0,0.0,0.0,0.0
2021-01-25,0.0,0.0,0.0,0.0,0.0,0.0,0.0,0.0,0.0,0.0
2021-01-26,0.0,2.7325965303970867e-06,2.5139900392073752e-06,0.0,6.959150862794771e-06,1.0714285714285714e-06,0.22999999999999998,0.22999999999999998,0.05,-1.3277166003827804e-05
2021-01-27,-0.003123944635579634,7.94498434541184e-06,8.590622729775546e-06,0.0,3.6539081454550784e-05,2.0238095238095237e-06,0.5178678959917384,0.29,-0.05,-0.0031790431336331817
2021-01-28,0.001770617990349522,2.0660182045271807e-05,1.9330666723126462e-05,0.0,8.048769363563956e-05,6.2499999999999995e-06,1.3928651869149649,1.1,0.050000000000000155,0.001643889447945484
2021-01-29,0.0068165606309080525,1.7577610620762563e-05,1.978333710657967e-05,0.0,5.732536201951898e-05,2.2619047619047613e-06,1.4022636231016468,0.32999999999999996,-0.04999999999999999,0.006719612416399286
2021-02-01,-0.0029104505502047726,2.1298163905055083e-06,3.962929732473289e-06,0.0,8.834550669896217e-06,0.0,0.33357933893534203,0.0,0.0,-0.0029253778469976476
2021-02-02,0.0,2.001099006382014e-06,2.3544751666598984e-06,0.0,8.466925207444439e-06,9.523809523809522e-07,0.20421207860766105,0.20421207860766105,0.04421207860766109,-1.3774880332867304e-05
2021-02-03,9.278326296996649e-05,8.653111123730353e-06,9.473961157391386e-06,0.0,2.8185095174192368e-05,3.0952380952380953e-06,0.6851167319597031,0.5700000000000001,0.050000000000000044,4.337585741941429e-05
2021-02-04,0.0023258142023217503,8.884349257422413e-06,1.027858128688675e-05,0.0,3.935417662380551e-05,1.7142857142857147e-06,0.7435797785850679,0.338,0.04999999999999999,0.00226558280943935
2021-02-05,0.0012959258028336239,2.5022538579094453e-06,5.170645915175952e-06,0.0,1.9486413644493318e-05,0.0,0.33985015970492893,0.0,0.0,0.0012687664894160452
2021-02-08,0.0,0.0,0.0,0.0,0.0,0.0,0.0,0.0,0.0,0.0
2021-02-09,0.0,3.6291420698202584e-06,4.120346413773068e-06,0.0,1.8042005685956403e-05,1.6666666666666665e-06,0.32999999999999996,0.32999999999999996,0.05,-2.7458160836216396e-05
2021-02-10,0.007448811036019887,5.486864648459252e-06,7.948728201809829e-06,0.0,2.3982984961642004e-05,1.3095238095238098e-06,0.49681571882335457,0.17,-0.05000000000000002,0.007410082934398452
2021-02-11,-0.0005538124001942226,2.7615752889775494e-06,3.5025356398756543e-06,0.0,1.2850824739862459e-05,7.142857142857143e-07,0.34022484248723417,0.16999999999999998,0.04999999999999998,-0.000573641621577224
2021-02-12,0.0011454473612719537,2.077818104407235e-06,2.8809653997772882e-06,0.0,1.3864146838878906e-05,9.523809523809523e-07,0.20954811718326904,0.20999999999999996,0.04999999999999995,0.0011256720499765093
2021-02-16,0.0013352557000296558,1.739276838018138e-06,3.361322737757932e-06,0.0,6.854182232557151e-06,0.0,0.20807303959541845,0.0,0.0,0.0013233009182213227
2021-02-17,0.0,4.329503401369331e-06,1.853913396481732e-06,0.0,9.428034524678567e-06,7.142857142857143e-07,0.17,0.17,0.05000000000000001,-1.6325737036815345e-05
2021-02-18,-3.833431195367313e-05,6.545223240640245e-06,6.066407611397336e-06,0.0,1.3945919296916522e-05,1.3095238095238096e-06,0.34026838648191193,0.16999999999999998,-0.049999999999999996,-6.620138591215104e-05
2021-02-19,-0.001142034800511606,5.32972500317166e-06,5.1729371916976544e-06,0.0,1.7968302634861688e-05,1.9595867673121768e-06,0.36508235029041364,0.28460528845422284,-0.044605288454222854,-0.001172465352108649
2021-02-22,0.0013121473672647547,3.4095920217027037e-06,3.4189419161058715e-06,0.0,1.3514411425984927e-05,0.0,0.2810214920434759,0.0,0.0,0.0012918044219009611
2021-02-23,0.0,4.250257479200608e-06,2.0263179517713603e-06,0.0,1.0271177014080054e-05,7.142857142857143e-07,0.16999999999999998,0.16999999999999998,0.049999999999999996,-1.7262038159337735e-05
2021-02-24,-0.00044862161314773133,5.46224939832399e-06,3.2397705808973402e-06,0.0,1.3549493673630843e-05,7.142857142857143e-07,0.22128125045576086,0.16999999999999998,0.05,-0.0004715874125148692
2021-02-25,-0.0015976666075285825,5.660240209495593e-06,6.1561355286549745e-06,0.0,1.458820213101109e-05,1.5476190476190476e-06,0.37559694683153083,0.21,-0.04999999999999999,-0.0016256188044453633
2021-02-26,0.00277807286643076,5.904872949400179e-06,4.507001416425008e-06,0.0,1.6014328834958994e-05,7.142857142857143e-07,0.3816725530028321,0.16999999999999998,0.05,0.00275093237751569
2021-03-01,0.0007877552379785122,1.8561786480266415e-06,3.0318975605210826e-06,0.0,4.272860335893316e-06,0.0,0.17438340741189154,0.0,0.0,0.0007785943014340711
2021-03-02,0.0,0.0,0.0,0.0,0.0,0.0,0.0,0.0,0.0,0.0
2021-03-03,0.0,0.0,0.0,0.0,0.0,0.0,0.0,0.0,0.0,0.0
2021-03-04,0.0,0.0,0.0,0.0,0.0,0.0,0.0,0.0,0.0,0.0
2021-03-05,0.0,0.0,0.0,0.0,0.0,0.0,0.0,0.0,0.0,0.0
2021-03-08,0.0,0.0,0.0,0.0,0.0,0.0,0.0,0.0,0.0,0.0
2021-03-09,0.0,0.0,0.0,0.0,0.0,0.0,0.0,0.0,0.0,0.0
2021-03-10,0.0,0.0,0.0,0.0,0.0,0.0,0.0,0.0,0.0,0.0
2021-03-11,0.0,0.0,0.0,0.0,0.0,0.0,0.0,0.0,0.0,0.0
2021-03-12,0.0,0.0,0.0,0.0,0.0,0.0,0.0,0.0,0.0,0.0
2021-03-15,0.0,0.0,0.0,0.0,0.0,0.0,0.0,0.0,0.0,0.0
2021-03-16,0.0,0.0,0.0,0.0,0.0,0.0,0.0,0.0,0.0,0.0
2021-03-17,0.0,0.0,0.0,0.0,0.0,0.0,0.0,0.0,0.0,0.0
2021-03-18,0.0,0.0,0.0,0.0,0.0,0.0,0.0,0.0,0.0,0.0
2021-03-19,0.0,0.0,0.0,0.0,0.0,0.0,0.0,0.0,0.0,0.0
2021-03-22,0.0,0.0,0.0,0.0,0.0,0.0,0.0,0.0,0.0,0.0
2021-03-23,0.0,0.0,0.0,0.0,0.0,0.0,0.0,0.0,0.0,0.0
2021-03-24,0.0,0.0,0.0,0.0,0.0,0.0,0.0,0.0,0.0,0.0
2021-03-25,0.0,0.0,0.0,0.0,0.0,0.0,0.0,0.0,0.0,0.0
2021-03-26,0.0,0.0,0.0,0.0,0.0,0.0,0.0,0.0,0.0,0.0
2021-03-29,0.0,0.0,0.0,0.0,0.0,0.0,0.0,0.0,0.0,0.0
2021-03-30,0.0,0.0,0.0,0.0,0.0,0.0,0.0,0.0,0.0,0.0
2021-03-31,0.0,0.0,0.0,0.0,0.0,0.0,0.0,0.0,0.0,0.0
2021-04-01,0.0,0.0,0.0,0.0,0.0,0.0,0.0,0.0,0.0,0.0
2021-04-05,0.0,0.0,0.0,0.0,0.0,0.0,0.0,0.0,0.0,0.0
2021-04-06,0.0,0.0,0.0,0.0,0.0,0.0,0.0,0.0,0.0,0.0
2021-04-07,0.0,0.0,0.0,0.0,0.0,0.0,0.0,0.0,0.0,0.0
2021-04-08,0.0,0.0,0.0,0.0,0.0,0.0,0.0,0.0,0.0,0.0
2021-04-09,0.0,0.0,0.0,0.0,0.0,0.0,0.0,0.0,0.0,0.0
2021-04-12,0.0,0.0,0.0,0.0,0.0,0.0,0.0,0.0,0.0,0.0
2021-04-13,0.0,0.0,0.0,0.0,0.0,0.0,0.0,0.0,0.0,0.0
2021-04-14,0.0,0.0,0.0,0.0,0.0,0.0,0.0,0.0,0.0,0.0
2021-04-15,0.0,0.0,0.0,0.0,0.0,0.0,0.0,0.0,0.0,0.0
2021-04-16,0.0,1.7584081588807808e-06,1.806626396892458e-06,0.0,6.401041842745164e-06,7.142857142857143e-07,0.14478289443198605,0.14478289443198605,0.024782894431986068,-1.0680362112804117e-05
2021-04-19,-0.0015587642759899974,1.7584081588807808e-06,2.205584796889518e-06,0.0,6.4622491643091795e-06,0.0,0.14533533347549815,0.0,0.0,-0.0015691905181100768
2021-04-20,0.0,0.0,0.0,0.0,0.0,0.0,0.0,0.0,0.0,0.0
2021-04-21,0.0,0.0,0.0,0.0,0.0,0.0,0.0,0.0,0.0,0.0
2021-04-22,0.0,2.1492608241388423e-06,3.929458112636811e-06,0.0,1.0202941634841538e-05,1.7857142857142848e-06,0.24999999999999994,0.24999999999999994,-0.04999999999999993,-1.8067374857331477e-05
2021-04-23,0.0007388086531179309,2.1492608241388423e-06,2.939759831747571e-06,0.0,1.0385814824849124e-05,0.0,0.25483359157633384,0.0,0.0,0.0007233338176371954
2021-04-26,0.0,0.0,0.0,0.0,0.0,0.0,0.0,0.0,0.0,0.0
2021-04-27,0.0,5.978321312359336e-06,9.095998870600567e-06,0.0,1.8727644265343906e-05,4.0476190476190474e-06,0.6299999999999999,0.6299999999999999,-0.04999999999999996,-3.7849583495922853e-05
2021-04-28,0.0004511824442897128,1.1841435248368224e-05,1.9317036942871076e-05,0.0,4.432971472988446e-05,4.809523809523809e-06,1.4888153841993503,0.8580000000000001,0.04999999999999996,0.00037088473355906525
2021-04-29,-0.0063697849024150375,1.9247082791026216e-05,2.219854773872646e-05,0.0,7.551506216681758e-05,7.3299319727891165e-06,1.5922684342830475,1.2814285714285716,0.04999999999999999,-0.006494075527084397
2021-04-30,-0.0021772824027478,1.9355531631230266e-05,2.391556323719402e-05,0.0,6.150762980377095e-05,2.6904761904761898e-06,1.6784416296150662,0.40199999999999997,-0.05,-0.0022847516036104713
2021-05-03,0.0032374770928209284,4.254238963759301e-06,5.077390155227697e-06,0.0,1.3190259050639446e-05,0.0,0.40307951209306825,0.0,0.0,0.003214955204651302
2021-05-04,0.0,8.776218729424776e-06,7.345741186763882e-06,0.0,2.9924250681966718e-05,3.0952380952380953e-06,0.47000000000000003,0.47000000000000003,-0.049999999999999975,-4.914144869339347e-05
2021-05-05,0.0034831259831494027,2.418870498487665e-05,1.766193010911686e-05,0.0,7.631210467198244e-05,4.642857142857143e-06,1.3100929197073272,0.8300000000000001,0.05000000000000003,0.0033603203862405694
2021-05-06,0.005147906825843266,2.4135365431223813e-05,1.7642536751218292e-05,0.0,7.752965819382977e-05,3.80952380952381e-06,1.1897005254060555,0.6900000000000001,0.04999999999999999,0.005024789741657471
2021-05-07,-0.0036522989609760574,1.0924852093251934e-05,1.0332535775102415e-05,0.0,3.74474023397275e-05,0.0,0.704967805887876,0.0,0.0,-0.0037110037511841392
2021-05-10,0.0,0.0,0.0,0.0,0.0,0.0,0.0,0.0,0.0,0.0
2021-05-11,0.0,0.0,0.0,0.0,0.0,0.0,0.0,0.0,0.0,0.0
2021-05-12,0.0,0.0,0.0,0.0,0.0,0.0,0.0,0.0,0.0,0.0
2021-05-13,0.0,0.0,0.0,0.0,0.0,0.0,0.0,0.0,0.0,0.0
2021-05-14,0.0,0.0,0.0,0.0,0.0,0.0,0.0,0.0,0.0,0.0
2021-05-17,0.0,0.0,0.0,0.0,0.0,0.0,0.0,0.0,0.0,0.0
2021-05-18,0.0,0.0,0.0,0.0,0.0,0.0,0.0,0.0,0.0,0.0
2021-05-19,0.0,0.0,0.0,0.0,0.0,0.0,0.0,0.0,0.0,0.0
2021-05-20,0.0,0.0,0.0,0.0,0.0,0.0,0.0,0.0,0.0,0.0
2021-05-21,0.0,0.0,0.0,0.0,0.0,0.0,0.0,0.0,0.0,0.0
2021-05-24,0.0,0.0,0.0,0.0,0.0,0.0,0.0,0.0,0.0,0.0
2021-05-25,0.0,0.0,0.0,0.0,0.0,0.0,0.0,0.0,0.0,0.0
2021-05-26,0.0,0.0,0.0,0.0,0.0,0.0,0.0,0.0,0.0,0.0
2021-05-27,0.0,0.0,0.0,0.0,0.0,0.0,0.0,0.0,0.0,0.0
2021-05-28,0.0,0.0,0.0,0.0,0.0,0.0,0.0,0.0,0.0,0.0
2021-06-01,0.0,0.0,0.0,0.0,0.0,0.0,0.0,0.0,0.0,0.0
2021-06-02,0.0,0.0,0.0,0.0,0.0,0.0,0.0,0.0,0.0,0.0
2021-06-03,0.0,0.0,0.0,0.0,0.0,0.0,0.0,0.0,0.0,0.0
2021-06-04,0.0,0.0,0.0,0.0,0.0,0.0,0.0,0.0,0.0,0.0
2021-06-07,0.0,0.0,0.0,0.0,0.0,0.0,0.0,0.0,0.0,0.0
2021-06-08,0.0,0.0,0.0,0.0,0.0,0.0,0.0,0.0,0.0,0.0
2021-06-09,0.0,0.0,0.0,0.0,0.0,0.0,0.0,0.0,0.0,0.0
2021-06-10,0.0,0.0,0.0,0.0,0.0,0.0,0.0,0.0,0.0,0.0
2021-06-11,0.0,0.0,0.0,0.0,0.0,0.0,0.0,0.0,0.0,0.0
2021-06-14,0.0,0.0,0.0,0.0,0.0,0.0,0.0,0.0,0.0,0.0
2021-06-15,0.0,0.0,0.0,0.0,0.0,0.0,0.0,0.0,0.0,0.0
2021-06-16,0.0,0.0,0.0,0.0,0.0,0.0,0.0,0.0,0.0,0.0
2021-06-17,0.0,0.0,0.0,0.0,0.0,0.0,0.0,0.0,0.0,0.0
2021-06-18,0.0,0.0,0.0,0.0,0.0,0.0,0.0,0.0,0.0,0.0
2021-06-21,0.0,0.0,0.0,0.0,0.0,0.0,0.0,0.0,0.0,0.0
2021-06-22,0.0,0.0,0.0,0.0,0.0,0.0,0.0,0.0,0.0,0.0
2021-06-23,0.0,0.0,0.0,0.0,0.0,0.0,0.0,0.0,0.0,0.0
2021-06-24,0.0,0.0,0.0,0.0,0.0,0.0,0.0,0.0,0.0,0.0
2021-06-25,0.0,0.0,0.0,0.0,0.0,0.0,0.0,0.0,0.0,0.0
2021-06-28,0.0,0.0,0.0,0.0,0.0,0.0,0.0,0.0,0.0,0.0
2021-06-29,0.0,0.0,0.0,0.0,0.0,0.0,0.0,0.0,0.0,0.0
2021-06-30,0.0,0.0,0.0,0.0,0.0,0.0,0.0,0.0,0.0,0.0
2021-07-01,0.0,0.0,0.0,0.0,0.0,0.0,0.0,0.0,0.0,0.0
2021-07-02,0.0,0.0,0.0,0.0,0.0,0.0,0.0,0.0,0.0,0.0
2021-07-06,0.0,0.0,0.0,0.0,0.0,0.0,0.0,0.0,0.0,0.0
2021-07-07,0.0,0.0,0.0,0.0,0.0,0.0,0.0,0.0,0.0,0.0
2021-07-08,0.0,0.0,0.0,0.0,0.0,0.0,0.0,0.0,0.0,0.0
2021-07-09,0.0,0.0,0.0,0.0,0.0,0.0,0.0,0.0,0.0,0.0
2021-07-12,0.0,0.0,0.0,0.0,0.0,0.0,0.0,0.0,0.0,0.0
2021-07-13,0.0,0.0,0.0,0.0,0.0,0.0,0.0,0.0,0.0,0.0
2021-07-14,0.0,0.0,0.0,0.0,0.0,0.0,0.0,0.0,0.0,0.0
2021-07-15,0.0,3.4713735566930975e-06,2.7973881539200906e-06,0.0,4.543387402573375e-06,1.0714285714285718e-06,0.23000000000000007,0.23000000000000007,0.050000000000000024,-1.1883577684615135e-05
2021-07-16,-0.0030480652980763847,3.4713735566930975e-06,3.6624212146041784e-06,0.0,4.559783613939312e-06,0.0,0.22946559985518034,0.0,0.0,-0.0030597588764616213
2021-07-19,0.0,0.0,0.0,0.0,0.0,0.0,0.0,0.0,0.0,0.0
2021-07-20,0.0,0.0,0.0,0.0,0.0,0.0,0.0,0.0,0.0,0.0
2021-07-21,0.0,8.140208222658123e-07,1.6679262435697634e-06,0.0,2.294222405770871e-06,7.142857142857143e-07,0.1518388569232774,0.1518388569232774,0.031838856923277405,-5.490455185892161e-06
2021-07-22,-0.0015996020688317522,3.7279977588812936e-06,6.09034668833705e-06,0.0,1.3842054929951249e-05,1.9047619047619053e-06,0.46010470201445497,0.37,0.04999999999999996,-0.0016251672301136838
2021-07-23,-0.00040167479138089395,3.1021127860734936e-06,5.557689443868439e-06,0.0,1.1619010292215393e-05,0.0,0.3737533289575212,0.0,0.0,-0.0004219536039030513
2021-07-26,0.0,0.0,0.0,0.0,0.0,0.0,0.0,0.0,0.0,0.0
2021-07-27,0.0,2.2761759380791765e-06,3.954204848654434e-06,0.0,9.044286902025857e-06,1.6666666666666665e-06,0.3299999999999999,0.3299999999999999,0.049999999999999975,-1.6941334355426134e-05
2021-07-28,0.0012125561596024535,1.3159228655024045e-05,1.2904651131673258e-05,0.0,3.45613988653419e-05,4.404761904761904e-06,0.8943602227433093,0.79,0.050000000000000155,0.0011475261190456523
2021-07-29,-0.0018097858306984232,1.4766700155022693e-05,1.2240911283403145e-05,0.0,3.443233296289782e-05,2.1428571428571427e-06,0.8885274238867719,0.41000000000000003,0.050000000000000044,-0.001873368632242604
2021-07-30,-0.0009699161239182988,7.2830547469410245e-06,1.2298901119467146e-05,0.0,1.9539684425044106e-05,2.7380952380952382e-06,0.82089629159387,0.41,-0.05,-0.0010117758594478464
2021-08-02,-0.0025227606404682277,3.1268257570458194e-06,4.959693897034816e-06,0.0,1.062868449596991e-05,0.0,0.40736059780582523,0.0,0.0,-0.002541475844618278
2021-08-03,0.0,2.8879187459420413e-06,4.088140884000517e-06,0.0,1.0268507752602525e-05,1.6666666666666665e-06,0.32999999999999996,0.32999999999999996,0.05000000000000002,-1.891123404921175e-05
2021-08-04,0.0014875563056383164,7.126876863740075e-06,1.1016496903111491e-05,0.0,2.4678770799924017e-05,2.7380952380952382e-06,0.7403429037543698,0.41,-0.05000000000000003,0.0014419960658334455
2021-08-05,-0.0014097159581916894,8.496558559810217e-06,1.0727010514316366e-05,0.0,2.6411696237763662e-05,2.3809523809523808e-06,0.8622560938695051,0.45000000000000007,0.05000000000000013,-0.001457732175884532
2021-08-06,-0.0018647206738334416,6.051796793299448e-06,6.495122097791983e-06,0.0,1.8420993121444077e-05,7.142857142857143e-07,0.45596760286927374,0.16999999999999998,0.05,-0.0018964028715602627
2021-08-09,0.0004487427550518359,2.2808144354285603e-06,2.8282767543166796e-06,0.0,5.960696217712184e-06,0.0,0.16862392523680364,0.0,0.0,0.0004376729676443785
2021-08-10,0.0,0.0,0.0,0.0,0.0,0.0,0.0,0.0,0.0,0.0
2021-08-11,0.0,0.0,0.0,0.0,0.0,0.0,0.0,0.0,0.0,0.0
2021-08-12,0.0,0.0,0.0,0.0,0.0,0.0,0.0,0.0,0.0,0.0
2021-08-13,0.0,0.0,0.0,0.0,0.0,0.0,0.0,0.0,0.0,0.0
2021-08-16,0.0,0.0,0.0,0.0,0.0,0.0,0.0,0.0,0.0,0.0
2021-08-17,0.0,0.0,0.0,0.0,0.0,0.0,0.0,0.0,0.0,0.0
2021-08-18,0.0,0.0,0.0,0.0,0.0,0.0,0.0,0.0,0.0,0.0
2021-08-19,0.0,0.0,0.0,0.0,0.0,0.0,0.0,0.0,0.0,0.0
2021-08-20,0.0,0.0,0.0,0.0,0.0,0.0,0.0,0.0,0.0,0.0
2021-08-23,0.0,0.0,0.0,0.0,0.0,0.0,0.0,0.0,0.0,0.0
2021-08-24,0.0,0.0,0.0,0.0,0.0,0.0,0.0,0.0,0.0,0.0
2021-08-25,0.0,0.0,0.0,0.0,0.0,0.0,0.0,0.0,0.0,0.0
2021-08-26,0.0,0.0,0.0,0.0,0.0,0.0,0.0,0.0,0.0,0.0
2021-08-27,0.0,0.0,0.0,0.0,0.0,0.0,0.0,0.0,0.0,0.0
2021-08-30,0.0,0.0,0.0,0.0,0.0,0.0,0.0,0.0,0.0,0.0
2021-08-31,0.0,0.0,0.0,0.0,0.0,0.0,0.0,0.0,0.0,0.0
2021-09-01,0.0,0.0,0.0,0.0,0.0,0.0,0.0,0.0,0.0,0.0
2021-09-02,0.0,0.0,0.0,0.0,0.0,0.0,0.0,0.0,0.0,0.0
2021-09-03,0.0,0.0,0.0,0.0,0.0,0.0,0.0,0.0,0.0,0.0
2021-09-07,0.0,0.0,0.0,0.0,0.0,0.0,0.0,0.0,0.0,0.0
2021-09-08,0.0,0.0,0.0,0.0,0.0,0.0,0.0,0.0,0.0,0.0
2021-09-09,0.0,0.0,0.0,0.0,0.0,0.0,0.0,0.0,0.0,0.0
2021-09-10,0.0,0.0,0.0,0.0,0.0,0.0,0.0,0.0,0.0,0.0
2021-09-13,0.0,0.0,0.0,0.0,0.0,0.0,0.0,0.0,0.0,0.0
2021-09-14,0.0,0.0,0.0,0.0,0.0,0.0,0.0,0.0,0.0,0.0
2021-09-15,0.0,0.0,0.0,0.0,0.0,0.0,0.0,0.0,0.0,0.0
2021-09-16,0.0,0.0,0.0,0.0,0.0,0.0,0.0,0.0,0.0,0.0
2021-09-17,0.0,0.0,0.0,0.0,0.0,0.0,0.0,0.0,0.0,0.0
2021-09-20,0.0,0.0,0.0,0.0,0.0,0.0,0.0,0.0,0.0,0.0
2021-09-21,0.0,0.0,0.0,0.0,0.0,0.0,0.0,0.0,0.0,0.0
2021-09-22,0.0,0.0,0.0,0.0,0.0,0.0,0.0,0.0,0.0,0.0
2021-09-23,0.0,0.0,0.0,0.0,0.0,0.0,0.0,0.0,0.0,0.0
2021-09-24,0.0,0.0,0.0,0.0,0.0,0.0,0.0,0.0,0.0,0.0
2021-09-27,0.0,0.0,0.0,0.0,0.0,0.0,0.0,0.0,0.0,0.0
2021-09-28,0.0,0.0,0.0,0.0,0.0,0.0,0.0,0.0,0.0,0.0
2021-09-29,0.0,0.0,0.0,0.0,0.0,0.0,0.0,0.0,0.0,0.0
2021-09-30,0.0,0.0,0.0,0.0,0.0,0.0,0.0,0.0,0.0,0.0
2021-10-01,0.0,0.0,0.0,0.0,0.0,0.0,0.0,0.0,0.0,0.0
2021-10-04,0.0,0.0,0.0,0.0,0.0,0.0,0.0,0.0,0.0,0.0
2021-10-05,0.0,0.0,0.0,0.0,0.0,0.0,0.0,0.0,0.0,0.0
2021-10-06,0.0,0.0,0.0,0.0,0.0,0.0,0.0,0.0,0.0,0.0
2021-10-07,0.0,0.0,0.0,0.0,0.0,0.0,0.0,0.0,0.0,0.0
2021-10-08,0.0,0.0,0.0,0.0,0.0,0.0,0.0,0.0,0.0,0.0
2021-10-11,0.0,0.0,0.0,0.0,0.0,0.0,0.0,0.0,0.0,0.0
2021-10-12,0.0,0.0,0.0,0.0,0.0,0.0,0.0,0.0,0.0,0.0
2021-10-13,0.0,0.0,0.0,0.0,0.0,0.0,0.0,0.0,0.0,0.0
2021-10-14,0.0,0.0,0.0,0.0,0.0,0.0,0.0,0.0,0.0,0.0
2021-10-15,0.0,0.0,0.0,0.0,0.0,0.0,0.0,0.0,0.0,0.0
2021-10-18,0.0,0.0,0.0,0.0,0.0,0.0,0.0,0.0,0.0,0.0
2021-10-19,0.0,0.0,0.0,0.0,0.0,0.0,0.0,0.0,0.0,0.0
2021-10-20,0.0,0.0,0.0,0.0,0.0,0.0,0.0,0.0,0.0,0.0
2021-10-21,0.0,8.574740220374328e-06,7.543170808836807e-06,0.0,1.855554497027357e-05,3.2142857142857143e-06,0.49,0.49,-0.05000000000000002,-3.788774171377042e-05
2021-10-22,0.0018304942209929585,8.574740220374328e-06,6.470574419828225e-06,0.0,1.862920037121735e-05,0.0,0.4868601435951919,0.0,0.0,0.0017968197059815387
2021-10-25,0.0,0.0,0.0,0.0,0.0,0.0,0.0,0.0,0.0,0.0
2021-10-26,0.0,4.601745276891636e-06,5.208818372199176e-06,0.0,1.0015978630446547e-05,2.1428571428571427e-06,0.4099999999999999,0.4099999999999999,0.049999999999999906,-2.19693994223945e-05
2021-10-27,-0.0008018884698007701,9.143050936610541e-06,1.4857272560716085e-05,0.0,2.0773236860651416e-05,3.962585034013607e-06,1.0237025185808901,0.6157142857142859,-0.050000000000000155,-0.0008506246151927617
2021-10-28,-0.0002534313906752675,1.161570305573066e-05,1.4856495671881303e-05,0.0,3.824474871936397e-05,3.928571428571428e-06,1.074207057855785,0.6099999999999999,-0.049999999999999975,-0.0003220769095508149
2021-10-29,0.005680271026525805,7.509810679022746e-06,8.001309741921192e-06,0.0,2.7609489122702196e-05,0.0,0.608799467471207,0.0,0.0,0.0056371504169821585
2021-11-01,0.0,0.0,0.0,0.0,0.0,0.0,0.0,0.0,0.0,0.0
2021-11-02,0.0,2.7250163746333537e-06,5.718581119898295e-06,0.0,1.7673451402751084e-05,2.619047619047619e-06,0.3899999999999999,0.3899999999999999,-0.049999999999999906,-2.873609651633035e-05
2021-11-03,-0.0019062332019137887,3.374929619174018e-06,6.956995895459176e-06,0.0,2.1058975186514457e-05,9.523809523809523e-07,0.5969584621197632,0.21000000000000002,0.05000000000000003,-0.0019385764835673173
2021-11-04,0.0016695128549155487,6.220846337878522e-06,8.236485390930927e-06,0.0,2.405624582826161e-05,3.333333333333333e-06,0.598558990236663,0.61,0.04999999999999999,0.0016276659440251442
2021-11-05,0.00011372522686284414,9.89918280016709e-06,1.3485402991980198e-05,0.0,3.0265839571974123e-05,2.0238095238095237e-06,0.9034625121492849,0.29,-0.04999999999999999,5.805099197491321e-05
2021-11-08,-8.890289089316605e-05,3.722324499844156e-06,3.5654778948523435e-06,0.0,9.026412949944916e-06,0.0,0.29065677949112184,0.0,0.0,-0.00010521710623780747
2021-11-09,0.0,0.0,0.0,0.0,0.0,0.0,0.0,0.0,0.0,0.0
2021-11-10,0.0,0.0,0.0,0.0,0.0,0.0,0.0,0.0,0.0,0.0
2021-11-11,0.0,0.0,0.0,0.0,0.0,0.0,0.0,0.0,0.0,0.0
2021-11-12,0.0,0.0,0.0,0.0,0.0,0.0,0.0,0.0,0.0,0.0
2021-11-15,0.0,0.0,0.0,0.0,0.0,0.0,0.0,0.0,0.0,0.0
2021-11-16,0.0,0.0,0.0,0.0,0.0,0.0,0.0,0.0,0.0,0.0
2021-11-17,0.0,0.0,0.0,0.0,0.0,0.0,0.0,0.0,0.0,0.0
2021-11-18,0.0,0.0,0.0,0.0,0.0,0.0,0.0,0.0,0.0,0.0
2021-11-19,0.0,0.0,0.0,0.0,0.0,0.0,0.0,0.0,0.0,0.0
2021-11-22,0.0,0.0,0.0,0.0,0.0,0.0,0.0,0.0,0.0,0.0
2021-11-23,0.0,0.0,0.0,0.0,0.0,0.0,0.0,0.0,0.0,0.0
2021-11-24,0.0,0.0,0.0,0.0,0.0,0.0,0.0,0.0,0.0,0.0
2021-11-29,0.0,0.0,0.0,0.0,0.0,0.0,0.0,0.0,0.0,0.0
2021-11-30,0.0,0.0,0.0,0.0,0.0,0.0,0.0,0.0,0.0,0.0
2021-12-01,0.0,0.0,0.0,0.0,0.0,0.0,0.0,0.0,0.0,0.0
2021-12-02,0.0,0.0,0.0,0.0,0.0,0.0,0.0,0.0,0.0,0.0
2021-12-03,0.0,0.0,0.0,0.0,0.0,0.0,0.0,0.0,0.0,0.0
2021-12-06,0.0,0.0,0.0,0.0,0.0,0.0,0.0,0.0,0.0,0.0
2021-12-07,0.0,0.0,0.0,0.0,0.0,0.0,0.0,0.0,0.0,0.0
2021-12-08,0.0,0.0,0.0,0.0,0.0,0.0,0.0,0.0,0.0,0.0
2021-12-09,0.0,0.0,0.0,0.0,0.0,0.0,0.0,0.0,0.0,0.0
2021-12-10,0.0,0.0,0.0,0.0,0.0,0.0,0.0,0.0,0.0,0.0
2021-12-13,0.0,0.0,0.0,0.0,0.0,0.0,0.0,0.0,0.0,0.0
2021-12-14,0.0,0.0,0.0,0.0,0.0,0.0,0.0,0.0,0.0,0.0
2021-12-15,0.0,0.0,0.0,0.0,0.0,0.0,0.0,0.0,0.0,0.0
2021-12-16,0.0,0.0,0.0,0.0,0.0,0.0,0.0,0.0,0.0,0.0
2021-12-17,0.0,0.0,0.0,0.0,0.0,0.0,0.0,0.0,0.0,0.0
2021-12-20,0.0,0.0,0.0,0.0,0.0,0.0,0.0,0.0,0.0,0.0
2021-12-21,0.0,0.0,0.0,0.0,0.0,0.0,0.0,0.0,0.0,0.0
2021-12-22,0.0,0.0,0.0,0.0,0.0,0.0,0.0,0.0,0.0,0.0
2021-12-23,0.0,0.0,0.0,0.0,0.0,0.0,0.0,0.0,0.0,0.0
2021-12-27,0.0,0.0,0.0,0.0,0.0,0.0,0.0,0.0,0.0,0.0
2021-12-28,0.0,0.0,0.0,0.0,0.0,0.0,0.0,0.0,0.0,0.0
2021-12-29,0.0,0.0,0.0,0.0,0.0,0.0,0.0,0.0,0.0,0.0
2021-12-30,0.0,0.0,0.0,0.0,0.0,0.0,0.0,0.0,0.0,0.0
2021-12-31,0.0,0.0,0.0,0.0,0.0,0.0,0.0,0.0,0.0,0.0
2022-01-03,0.0,0.0,0.0,0.0,0.0,0.0,0.0,0.0,0.0,0.0
2022-01-04,0.0,0.0,0.0,0.0,0.0,0.0,0.0,0.0,0.0,0.0
2022-01-05,0.0,0.0,0.0,0.0,0.0,0.0,0.0,0.0,0.0,0.0
2022-01-06,0.0,0.0,0.0,0.0,0.0,0.0,0.0,0.0,0.0,0.0
2022-01-07,0.0,0.0,0.0,0.0,0.0,0.0,0.0,0.0,0.0,0.0
2022-01-10,0.0,1.301033847325672e-06,3.316549450572276e-06,0.0,5.391053231977298e-06,1.5476190476190472e-06,0.20999999999999996,0.20999999999999996,-0.04999999999999998,-1.1556255577494294e-05
2022-01-11,-0.0023668966945107066,1.301033847325672e-06,2.311301400310517e-06,0.0,5.564368253358522e-06,0.0,0.21176836330587848,0.0,0.0,-0.002376073398011701
2022-01-12,0.0,0.0,0.0,0.0,0.0,0.0,0.0,0.0,0.0,0.0
2022-01-13,0.0,0.0,0.0,0.0,0.0,0.0,0.0,0.0,0.0,0.0
2022-01-14,0.0,0.0,0.0,0.0,0.0,0.0,0.0,0.0,0.0,0.0
2022-01-18,0.0,0.0,0.0,0.0,0.0,0.0,0.0,0.0,0.0,0.0
2022-01-19,0.0,0.0,0.0,0.0,0.0,0.0,0.0,0.0,0.0,0.0
2022-01-20,0.0,0.0,0.0,0.0,0.0,0.0,0.0,0.0,0.0,0.0
2022-01-21,0.0,0.0,0.0,0.0,0.0,0.0,0.0,0.0,0.0,0.0
2022-01-24,0.0,0.0,0.0,0.0,0.0,0.0,0.0,0.0,0.0,0.0
2022-01-25,0.0,0.0,0.0,0.0,0.0,0.0,0.0,0.0,0.0,0.0
2022-01-26,0.0,0.0,0.0,0.0,0.0,0.0,0.0,0.0,0.0,0.0
2022-01-27,0.0,5.7496152949691605e-06,7.0214254059136165e-06,0.0,2.388743321637954e-05,3.214285714285715e-06,0.4900000000000001,0.4900000000000001,-0.050000000000000044,-3.987275963154803e-05
2022-01-28,-0.0014973279389691246,5.7496152949691605e-06,6.677664004690722e-06,0.0,2.4296551322132616e-05,0.0,0.5007131320111032,0.0,0.0,-0.001534051769590917
2022-01-31,0.0,0.0,0.0,0.0,0.0,0.0,0.0,0.0,0.0,0.0
2022-02-01,0.0,0.0,0.0,0.0,0.0,0.0,0.0,0.0,0.0,0.0
2022-02-02,0.0,0.0,0.0,0.0,0.0,0.0,0.0,0.0,0.0,0.0
2022-02-03,0.0,4.29657850511717e-06,6.8891982332049005e-06,0.0,1.3492298118139697e-05,3.023809523809524e-06,0.45799999999999996,0.45799999999999996,-0.05000000000000002,-2.770188438027129e-05
2022-02-04,-0.0027133078665827104,4.29657850511717e-06,5.608714358719871e-06,0.0,1.3841261486605396e-05,0.0,0.45887330665651416,0.0,0.0,-0.002737054420933153
2022-02-07,0.0,0.0,0.0,0.0,0.0,0.0,0.0,0.0,0.0,0.0
2022-02-08,0.0,1.9672289560890253e-06,1.949272895896128e-06,0.0,4.953717100667625e-06,7.142857142857143e-07,0.16999999999999998,0.16999999999999998,0.049999999999999975,-9.584504666938493e-06
2022-02-09,-0.0010679347208613472,1.967228956089025e-06,2.7962304074593094e-06,0.0,5.121175441158818e-06,0.0,0.1739401802802979,0.0,0.0,-0.0010778193556660544
2022-02-10,0.0,0.0,0.0,0.0,0.0,0.0,0.0,0.0,0.0,0.0
2022-02-11,0.0,6.946663969818583e-07,2.204905964024301e-06,0.0,1.2156371798278414e-05,9.523809523809523e-07,0.21000000000000002,0.21000000000000002,0.05,-1.6008325111665525e-05
2022-02-14,0.0007657068051635308,6.946663969818583e-07,3.3231220688603924e-06,0.0,1.2254042954739583e-05,0.0,0.2091672839753455,0.0,0.0,0.000749434973742949
2022-02-15,0.0,8.046219369570665e-07,1.7367762483673263e-06,0.0,5.484047580646243e-06,7.142857142857143e-07,0.16999999999999998,0.16999999999999998,0.049999999999999996,-8.739731480256351e-06
2022-02-16,0.000506516837128486,8.046219369570666e-07,2.7902484625506204e-06,0.0,5.4907349725906564e-06,0.0,0.17039197850697677,0.0,0.0,0.0004974312317563877
2022-02-17,0.0,0.0,0.0,0.0,0.0,0.0,0.0,0.0,0.0,0.0
2022-02-18,0.0,0.0,0.0,0.0,0.0,0.0,0.0,0.0,0.0,0.0
2022-02-22,0.0,1.3561488134081333e-06,2.7979393995701262e-06,0.0,2.420560456251507e-06,1.3095238095238098e-06,0.17,0.17,-0.050000000000000024,-7.884172478753576e-06
2022-02-23,0.0008374600126658522,1.356148813408133e-06,1.7959028715255966e-06,0.0,2.4936683007273567e-06,0.0,0.16835986440204986,0.0,0.0,0.0008318142926801911
2022-02-24,0.0,1.1913357299399923e-06,2.212754679882119e-06,0.0,7.739010390585304e-06,9.857555609973795e-07,0.14280346712377986,0.14280346712377986,-0.022803467123779876,-1.2128856361404794e-05
2022-02-25,-0.003070588457941835,3.881941079087052e-06,3.5737851182641138e-06,0.0,1.445481144487002e-05,7.142857142857143e-07,0.310534946898272,0.16366954825446772,0.04366954825446772,-0.003093213281298342
2022-02-28,0.001207371826161635,2.690605349147059e-06,2.796469269072182e-06,0.0,6.763962207154803e-06,0.0,0.1645983900999717,0.0,0.0,0.0011951207893362609
2022-03-01,0.0,0.0,0.0,0.0,0.0,0.0,0.0,0.0,0.0,0.0
2022-03-02,0.0,0.0,0.0,0.0,0.0,0.0,0.0,0.0,0.0,0.0
2022-03-03,0.0,0.0,0.0,0.0,0.0,0.0,0.0,0.0,0.0,0.0
2022-03-04,0.0,0.0,0.0,0.0,0.0,0.0,0.0,0.0,0.0,0.0
2022-03-07,0.0,0.0,0.0,0.0,0.0,0.0,0.0,0.0,0.0,0.0
2022-03-08,0.0,0.0,0.0,0.0,0.0,0.0,0.0,0.0,0.0,0.0
2022-03-09,0.0,0.0,0.0,0.0,0.0,0.0,0.0,0.0,0.0,0.0
2022-03-10,0.0,0.0,0.0,0.0,0.0,0.0,0.0,0.0,0.0,0.0
2022-03-11,0.0,0.0,0.0,0.0,0.0,0.0,0.0,0.0,0.0,0.0
2022-03-14,0.0,0.0,0.0,0.0,0.0,0.0,0.0,0.0,0.0,0.0
2022-03-15,0.0,0.0,0.0,0.0,0.0,0.0,0.0,0.0,0.0,0.0
2022-03-16,0.0,0.0,0.0,0.0,0.0,0.0,0.0,0.0,0.0,0.0
2022-03-17,0.0,0.0,0.0,0.0,0.0,0.0,0.0,0.0,0.0,0.0
2022-03-18,0.0,0.0,0.0,0.0,0.0,0.0,0.0,0.0,0.0,0.0
2022-03-21,0.0,0.0,0.0,0.0,0.0,0.0,0.0,0.0,0.0,0.0
2022-03-22,0.0,0.0,0.0,0.0,0.0,0.0,0.0,0.0,0.0,0.0
2022-03-23,0.0,0.0,0.0,0.0,0.0,0.0,0.0,0.0,0.0,0.0
2022-03-24,0.0,0.0,0.0,0.0,0.0,0.0,0.0,0.0,0.0,0.0
2022-03-25,0.0,0.0,0.0,0.0,0.0,0.0,0.0,0.0,0.0,0.0
2022-03-28,0.0,0.0,0.0,0.0,0.0,0.0,0.0,0.0,0.0,0.0
2022-03-29,0.0,0.0,0.0,0.0,0.0,0.0,0.0,0.0,0.0,0.0
2022-03-30,0.0,0.0,0.0,0.0,0.0,0.0,0.0,0.0,0.0,0.0
2022-03-31,0.0,0.0,0.0,0.0,0.0,0.0,0.0,0.0,0.0,0.0
2022-04-01,0.0,0.0,0.0,0.0,0.0,0.0,0.0,0.0,0.0,0.0
2022-04-04,0.0,0.0,0.0,0.0,0.0,0.0,0.0,0.0,0.0,0.0
2022-04-05,0.0,0.0,0.0,0.0,0.0,0.0,0.0,0.0,0.0,0.0
2022-04-06,0.0,0.0,0.0,0.0,0.0,0.0,0.0,0.0,0.0,0.0
2022-04-07,0.0,0.0,0.0,0.0,0.0,0.0,0.0,0.0,0.0,0.0
2022-04-08,0.0,0.0,0.0,0.0,0.0,0.0,0.0,0.0,0.0,0.0
2022-04-11,0.0,0.0,0.0,0.0,0.0,0.0,0.0,0.0,0.0,0.0
2022-04-12,0.0,0.0,0.0,0.0,0.0,0.0,0.0,0.0,0.0,0.0
2022-04-13,0.0,0.0,0.0,0.0,0.0,0.0,0.0,0.0,0.0,0.0
2022-04-14,0.0,3.662702657960355e-06,2.570993716771387e-06,0.0,3.983248292020164e-06,9.523809523809523e-07,0.21,0.21,0.04999999999999999,-1.1169325619132858e-05
2022-04-18,-0.00018104613063624976,6.804076283973144e-06,3.965437187885761e-06,0.0,1.0097626515032216e-05,9.523809523809522e-07,0.26396572367405147,0.21000000000000002,0.05000000000000004,-0.00020286565157552183
2022-04-19,0.0015906418792285223,3.6019823001025886e-06,3.478475719310322e-06,0.0,6.1036167852997655e-06,0.0,0.2126467520500987,0.0,0.0,0.0015774578044238097
2022-04-20,0.0,0.0,0.0,0.0,0.0,0.0,0.0,0.0,0.0,0.0
2022-04-21,0.0,3.903605440818325e-06,6.1240805600703945e-06,0.0,1.7351701312603748e-05,2.738095238095239e-06,0.41000000000000003,0.41000000000000003,-0.05000000000000002,-3.0117482551587704e-05
2022-04-22,0.0006558196081923407,3.903605440818325e-06,4.960540035070128e-06,0.0,1.6705297870064267e-05,0.0,0.39957595108861743,0.0,0.0,0.0006302501648463879
2022-04-25,0.0,0.0,0.0,0.0,0.0,0.0,0.0,0.0,0.0,0.0
2022-04-26,0.0,0.0,0.0,0.0,0.0,0.0,0.0,0.0,0.0,0.0
2022-04-27,0.0,1.0530666382586118e-05,9.885891732642564e-06,0.0,3.511664707324515e-05,4.404761904761903e-06,0.69,0.69,-0.04999999999999995,-5.993796709323574e-05
2022-04-28,-0.003738830229018946,1.2758397241509867e-05,1.4719862076399777e-05,0.0,5.2507918896918406e-05,2.1428571428571427e-06,1.1174049077525665,0.41000000000000003,0.05000000000000003,-0.0038209592643766313
2022-04-29,-0.004069246624201535,4.3645082040144445e-06,8.814051308064989e-06,0.0,2.2186045326270766e-05,1.3095238095238094e-06,0.5687265204156154,0.16999999999999998,-0.05,-0.004105920752849409
2022-05-02,-0.001762634019523003,2.1367773450906943e-06,1.7054399060009575e-06,0.0,5.714117145074654e-06,0.0,0.166764500108946,0.0,0.0,-0.0017721903539191692
2022-05-03,0.0,7.798814970937034e-06,1.0065404057172101e-05,0.0,3.4090269124201745e-05,4.238095238095238e-06,0.7619999999999999,0.7619999999999999,0.04999999999999988,-5.619258339040612e-05
2022-05-04,0.00887684790406058,7.798814970937034e-06,1.1165167945092662e-05,0.0,3.407888826119898e-05,0.0,0.7784521733391996,0.0,0.0,0.008823805032883351
2022-05-05,0.0,1.8604601773122658e-06,2.9517603579502934e-06,0.0,1.0020599645221048e-05,1.3095238095238098e-06,0.16999999999999998,0.16999999999999998,-0.05,-1.6142343990007417e-05
2022-05-06,0.0012923365171949653,5.293690996087425e-06,6.264363011247139e-06,0.0,2.6647159751052004e-05,1.9047619047619045e-06,0.5368035689788506,0.37,0.05,0.0012522265415318167
2022-05-09,-0.0055996615245428455,3.4332308187751594e-06,5.356305985108924e-06,0.0,1.6632387744777935e-05,0.0,0.35959720737912093,0.0,0.0,-0.005625083449091507
2022-05-10,0.0,0.0,0.0,0.0,0.0,0.0,0.0,0.0,0.0,0.0
2022-05-11,0.0,0.0,0.0,0.0,0.0,0.0,0.0,0.0,0.0,0.0
2022-05-12,0.0,0.0,0.0,0.0,0.0,0.0,0.0,0.0,0.0,0.0
2022-05-13,0.0,0.0,0.0,0.0,0.0,0.0,0.0,0.0,0.0,0.0
2022-05-16,0.0,0.0,0.0,0.0,0.0,0.0,0.0,0.0,0.0,0.0
2022-05-17,0.0,0.0,0.0,0.0,0.0,0.0,0.0,0.0,0.0,0.0
2022-05-18,0.0,0.0,0.0,0.0,0.0,0.0,0.0,0.0,0.0,0.0
2022-05-19,0.0,0.0,0.0,0.0,0.0,0.0,0.0,0.0,0.0,0.0
2022-05-20,0.0,0.0,0.0,0.0,0.0,0.0,0.0,0.0,0.0,0.0
2022-05-23,0.0,0.0,0.0,0.0,0.0,0.0,0.0,0.0,0.0,0.0
2022-05-24,0.0,0.0,0.0,0.0,0.0,0.0,0.0,0.0,0.0,0.0
2022-05-25,0.0,0.0,0.0,0.0,0.0,0.0,0.0,0.0,0.0,0.0
2022-05-26,0.0,0.0,0.0,0.0,0.0,0.0,0.0,0.0,0.0,0.0
2022-05-27,0.0,0.0,0.0,0.0,0.0,0.0,0.0,0.0,0.0,0.0
2022-05-31,0.0,0.0,0.0,0.0,0.0,0.0,0.0,0.0,0.0,0.0
2022-06-01,0.0,0.0,0.0,0.0,0.0,0.0,0.0,0.0,0.0,0.0
2022-06-02,0.0,0.0,0.0,0.0,0.0,0.0,0.0,0.0,0.0,0.0
2022-06-03,0.0,0.0,0.0,0.0,0.0,0.0,0.0,0.0,0.0,0.0
2022-06-06,0.0,0.0,0.0,0.0,0.0,0.0,0.0,0.0,0.0,0.0
2022-06-07,0.0,0.0,0.0,0.0,0.0,0.0,0.0,0.0,0.0,0.0
2022-06-08,0.0,0.0,0.0,0.0,0.0,0.0,0.0,0.0,0.0,0.0
2022-06-09,0.0,0.0,0.0,0.0,0.0,0.0,0.0,0.0,0.0,0.0
2022-06-10,0.0,0.0,0.0,0.0,0.0,0.0,0.0,0.0,0.0,0.0
2022-06-13,0.0,0.0,0.0,0.0,0.0,0.0,0.0,0.0,0.0,0.0
2022-06-14,0.0,0.0,0.0,0.0,0.0,0.0,0.0,0.0,0.0,0.0
2022-06-15,0.0,0.0,0.0,0.0,0.0,0.0,0.0,0.0,0.0,0.0
2022-06-16,0.0,0.0,0.0,0.0,0.0,0.0,0.0,0.0,0.0,0.0
2022-06-17,0.0,0.0,0.0,0.0,0.0,0.0,0.0,0.0,0.0,0.0
2022-06-21,0.0,0.0,0.0,0.0,0.0,0.0,0.0,0.0,0.0,0.0
2022-06-22,0.0,0.0,0.0,0.0,0.0,0.0,0.0,0.0,0.0,0.0
2022-06-23,0.0,0.0,0.0,0.0,0.0,0.0,0.0,0.0,0.0,0.0
2022-06-24,0.0,0.0,0.0,0.0,0.0,0.0,0.0,0.0,0.0,0.0
2022-06-27,0.0,0.0,0.0,0.0,0.0,0.0,0.0,0.0,0.0,0.0
2022-06-28,0.0,0.0,0.0,0.0,0.0,0.0,0.0,0.0,0.0,0.0
2022-06-29,0.0,0.0,0.0,0.0,0.0,0.0,0.0,0.0,0.0,0.0
2022-06-30,0.0,0.0,0.0,0.0,0.0,0.0,0.0,0.0,0.0,0.0
2022-07-01,0.0,0.0,0.0,0.0,0.0,0.0,0.0,0.0,0.0,0.0
2022-07-05,0.0,0.0,0.0,0.0,0.0,0.0,0.0,0.0,0.0,0.0
2022-07-06,0.0,0.0,0.0,0.0,0.0,0.0,0.0,0.0,0.0,0.0
2022-07-07,0.0,0.0,0.0,0.0,0.0,0.0,0.0,0.0,0.0,0.0
2022-07-08,0.0,0.0,0.0,0.0,0.0,0.0,0.0,0.0,0.0,0.0
2022-07-11,0.0,0.0,0.0,0.0,0.0,0.0,0.0,0.0,0.0,0.0
2022-07-12,0.0,0.0,0.0,0.0,0.0,0.0,0.0,0.0,0.0,0.0
2022-07-13,0.0,0.0,0.0,0.0,0.0,0.0,0.0,0.0,0.0,0.0
2022-07-14,0.0,1.869316172973197e-06,1.7973512190145873e-06,0.0,3.827523379208636e-06,7.142857142857143e-07,0.16999999999999998,0.16999999999999998,0.05,-8.208476485482135e-06
2022-07-15,0.0006700510635843989,1.869316172973197e-06,2.978859812553781e-06,0.0,3.995683260765861e-06,0.0,0.1761663277135895,0.0,0.0,0.000661207204338106
2022-07-18,0.0,1.7853966260163201e-06,2.78986778476432e-06,0.0,6.349838892752346e-06,1.3095238095238096e-06,0.16999999999999998,0.16999999999999998,-0.05,-1.2234627113056795e-05
2022-07-19,-0.00046954273558830276,1.78539662601632e-06,1.9621521033873605e-06,0.0,6.626467561372396e-06,0.0,0.1762580795814409,0.0,0.0,-0.00047991675187907884
2022-07-20,0.0,1.1596268217170334e-06,2.7791696381721973e-06,0.0,4.190994910666094e-06,1.3095238095238096e-06,0.16999999999999998,0.16999999999999998,-0.05,-9.439315180079134e-06
2022-07-21,-0.0004654372115751706,1.9380021722926908e-05,1.0000254661313051e-05,0.0,4.75343887866066e-05,4.214285714285715e-06,0.6757905091973838,0.6580000000000001,-0.050000000000000044,-0.0005465661624603029
2022-07-22,0.005605307557787833,1.871369256597775e-05,9.814341884484554e-06,0.0,4.3453501313959236e-05,0.0,0.654325115156554,0.0,0.0,0.005533326022023412
2022-07-25,0.0,0.0,0.0,0.0,0.0,0.0,0.0,0.0,0.0,0.0
2022-07-26,0.0,2.021135976707396e-06,2.571958988380041e-06,0.0,6.183250185837317e-06,1.0714285714285714e-06,0.22999999999999998,0.22999999999999998,0.05000000000000002,-1.1847773722353326e-05
2022-07-27,0.0015310803902575877,3.898683791582769e-06,8.673098366084183e-06,0.0,1.5383521035494194e-05,2.2619047619047617e-06,0.5638810462139077,0.33,-0.05,0.0015008631823025219
2022-07-28,0.0003516488096400286,5.767934741462884e-06,9.582281043368007e-06,0.0,3.3675530319252195e-05,3.690476190476191e-06,0.7030136451386707,0.57,-0.04999999999999996,0.0002989325873454693
2022-07-29,0.002504421731871243,4.528395143808761e-06,7.291871885874612e-06,0.0,2.4755730792552973e-05,0.0,0.5772495311092608,0.0,0.0,0.0024678457340490067
2022-08-01,0.0,0.0,0.0,0.0,0.0,0.0,0.0,0.0,0.0,0.0
2022-08-02,0.0,3.1628548237537974e-06,4.994627579438822e-06,0.0,1.568094973514876e-05,2.2619047619047617e-06,0.33,0.33,-0.05000000000000002,-2.610033690024614e-05
2022-08-03,-0.0010970647414831483,4.438609048487904e-06,5.429368591517305e-06,0.0,2.256294447568632e-05,1.6666666666666669e-06,0.3908746218834286,0.23,-0.05000000000000002,-0.0011311623302655066
2022-08-04,-0.002532772912800613,7.834382818217818e-06,1.064831856401361e-05,0.0,3.5917718730799874e-05,3.4523809523809523e-06,0.8637432267101443,0.63,0.05000000000000003,-0.002590625713866025
2022-08-05,-7.409513260275071e-05,6.032352456618003e-06,9.207994464693518e-06,0.0,2.8789627756704073e-05,0.0,0.6304339751791512,0.0,0.0,-0.0001181251072807663
2022-08-08,0.0,0.0,0.0,0.0,0.0,0.0,0.0,0.0,0.0,0.0
2022-08-09,0.0,0.0,0.0,0.0,0.0,0.0,0.0,0.0,0.0,0.0
2022-08-10,0.0,0.0,0.0,0.0,0.0,0.0,0.0,0.0,0.0,0.0
2022-08-11,0.0,0.0,0.0,0.0,0.0,0.0,0.0,0.0,0.0,0.0
2022-08-12,0.0,0.0,0.0,0.0,0.0,0.0,0.0,0.0,0.0,0.0
2022-08-15,0.0,0.0,0.0,0.0,0.0,0.0,0.0,0.0,0.0,0.0
2022-08-16,0.0,0.0,0.0,0.0,0.0,0.0,0.0,0.0,0.0,0.0
2022-08-17,0.0,0.0,0.0,0.0,0.0,0.0,0.0,0.0,0.0,0.0
2022-08-18,0.0,2.178371787782612e-06,1.9073218345746764e-06,0.0,5.401845098977279e-06,7.142857142857143e-07,0.16999999999999998,0.16999999999999998,0.049999999999999996,-1.0201824435620281e-05
2022-08-19,-0.00043595530450862163,2.178371787782612e-06,2.79342201685619e-06,0.0,5.35176842010958e-06,0.0,0.16730610663198686,0.0,0.0,-0.00044627886673337
2022-08-22,0.0,0.0,0.0,0.0,0.0,0.0,0.0,0.0,0.0,0.0
2022-08-23,0.0,0.0,0.0,0.0,0.0,0.0,0.0,0.0,0.0,0.0
2022-08-24,0.0,0.0,0.0,0.0,0.0,0.0,0.0,0.0,0.0,0.0
2022-08-25,0.0,0.0,0.0,0.0,0.0,0.0,0.0,0.0,0.0,0.0
2022-08-26,0.0,0.0,0.0,0.0,0.0,0.0,0.0,0.0,0.0,0.0
2022-08-29,0.0,0.0,0.0,0.0,0.0,0.0,0.0,0.0,0.0,0.0
2022-08-30,0.0,0.0,0.0,0.0,0.0,0.0,0.0,0.0,0.0,0.0
2022-08-31,0.0,0.0,0.0,0.0,0.0,0.0,0.0,0.0,0.0,0.0
2022-09-01,0.0,0.0,0.0,0.0,0.0,0.0,0.0,0.0,0.0,0.0
2022-09-02,0.0,0.0,0.0,0.0,0.0,0.0,0.0,0.0,0.0,0.0
2022-09-06,0.0,0.0,0.0,0.0,0.0,0.0,0.0,0.0,0.0,0.0
2022-09-07,0.0,0.0,0.0,0.0,0.0,0.0,0.0,0.0,0.0,0.0
2022-09-08,0.0,0.0,0.0,0.0,0.0,0.0,0.0,0.0,0.0,0.0
2022-09-09,0.0,0.0,0.0,0.0,0.0,0.0,0.0,0.0,0.0,0.0
2022-09-12,0.0,0.0,0.0,0.0,0.0,0.0,0.0,0.0,0.0,0.0
2022-09-13,0.0,0.0,0.0,0.0,0.0,0.0,0.0,0.0,0.0,0.0
2022-09-14,0.0,0.0,0.0,0.0,0.0,0.0,0.0,0.0,0.0,0.0
2022-09-15,0.0,0.0,0.0,0.0,0.0,0.0,0.0,0.0,0.0,0.0
2022-09-16,0.0,0.0,0.0,0.0,0.0,0.0,0.0,0.0,0.0,0.0
2022-09-19,0.0,0.0,0.0,0.0,0.0,0.0,0.0,0.0,0.0,0.0
2022-09-20,0.0,0.0,0.0,0.0,0.0,0.0,0.0,0.0,0.0,0.0
2022-09-21,0.0,0.0,0.0,0.0,0.0,0.0,0.0,0.0,0.0,0.0
2022-09-22,0.0,1.5657332776822198e-06,2.8015405685144497e-06,0.0,6.339867410058061e-06,1.3095238095238098e-06,0.17000000000000004,0.17000000000000004,-0.050000000000000024,-1.2016665065778541e-05
2022-09-23,0.0017803990120439923,1.5657332776822198e-06,1.8272372992023491e-06,0.0,6.140728170091617e-06,0.0,0.1676750465325105,0.0,0.0,0.001770865313297016
2022-09-26,0.0,0.0,0.0,0.0,0.0,0.0,0.0,0.0,0.0,0.0
2022-09-27,0.0,0.0,0.0,0.0,0.0,0.0,0.0,0.0,0.0,0.0
2022-09-28,0.0,0.0,0.0,0.0,0.0,0.0,0.0,0.0,0.0,0.0
2022-09-29,0.0,0.0,0.0,0.0,0.0,0.0,0.0,0.0,0.0,0.0
2022-09-30,0.0,0.0,0.0,0.0,0.0,0.0,0.0,0.0,0.0,0.0
2022-10-03,0.0,0.0,0.0,0.0,0.0,0.0,0.0,0.0,0.0,0.0
2022-10-04,0.0,0.0,0.0,0.0,0.0,0.0,0.0,0.0,0.0,0.0
2022-10-05,0.0,0.0,0.0,0.0,0.0,0.0,0.0,0.0,0.0,0.0
2022-10-06,0.0,0.0,0.0,0.0,0.0,0.0,0.0,0.0,0.0,0.0
2022-10-07,0.0,0.0,0.0,0.0,0.0,0.0,0.0,0.0,0.0,0.0
2022-10-10,0.0,0.0,0.0,0.0,0.0,0.0,0.0,0.0,0.0,0.0
2022-10-11,0.0,0.0,0.0,0.0,0.0,0.0,0.0,0.0,0.0,0.0
2022-10-12,0.0,0.0,0.0,0.0,0.0,0.0,0.0,0.0,0.0,0.0
2022-10-13,0.0,0.0,0.0,0.0,0.0,0.0,0.0,0.0,0.0,0.0
2022-10-14,0.0,0.0,0.0,0.0,0.0,0.0,0.0,0.0,0.0,0.0
2022-10-17,0.0,0.0,0.0,0.0,0.0,0.0,0.0,0.0,0.0,0.0
2022-10-18,0.0,0.0,0.0,0.0,0.0,0.0,0.0,0.0,0.0,0.0
2022-10-19,0.0,0.0,0.0,0.0,0.0,0.0,0.0,0.0,0.0,0.0
2022-10-20,0.0,0.0,0.0,0.0,0.0,0.0,0.0,0.0,0.0,0.0
2022-10-21,0.0,0.0,0.0,0.0,0.0,0.0,0.0,0.0,0.0,0.0
2022-10-24,0.0,0.0,0.0,0.0,0.0,0.0,0.0,0.0,0.0,0.0
2022-10-25,0.0,0.0,0.0,0.0,0.0,0.0,0.0,0.0,0.0,0.0
2022-10-26,0.0,8.946345665709291e-06,5.159852986553584e-06,0.0,1.2756311648228413e-05,2.2619047619047626e-06,0.33000000000000007,0.33000000000000007,-0.05000000000000002,-2.9124415062396055e-05
2022-10-27,0.0018269635814389623,2.0106142959959104e-05,1.3473292096367785e-05,0.0,4.3217677728992674e-05,5.000000000000001e-06,0.9278679385661585,0.79,-0.0500000000000001,0.0017451664686536428
2022-10-28,0.002155050281368215,1.3933489621259467e-05,1.3042734265394407e-05,0.0,4.5609353908100434e-05,1.246971790182236e-06,0.8865183715272305,0.16474563037530782,-0.04474563037530781,0.0020812177317832787
2022-10-31,0.002001573207272128,2.4263893960882945e-06,1.850230890100307e-06,0.0,1.4589698731954925e-05,0.0,0.16373186204608445,0.0,0.0,0.001982706888253984
2022-11-01,0.0,1.3439366447812497e-06,2.5033638492156403e-06,0.0,4.863831060525488e-06,1.0714285714285714e-06,0.22999999999999998,0.22999999999999998,0.049999999999999996,-9.782560125950949e-06
2022-11-02,-0.0043861100967703594,2.4332117911255395e-06,6.3552490063136595e-06,0.0,9.056307799461121e-06,1.3095238095238098e-06,0.39683081802310793,0.17,-0.05000000000000001,-0.0044052643891767836
2022-11-03,-0.0014027319704497374,3.2182377415192227e-06,3.444509492934594e-06,0.0,1.3349333870151307e-05,8.70186832325767e-07,0.27640499335703494,0.1330956939153644,-0.013095693915364427,-0.0014236142383866684
2022-11-04,-9.086471625594632e-05,2.2179606566130606e-06,1.7771117033856085e-06,0.0,9.252697383756519e-06,0.0,0.1349200491976581,0.0,0.0,-0.00010411248599970151
2022-11-07,0.0,0.0,0.0,0.0,0.0,0.0,0.0,0.0,0.0,0.0
2022-11-08,0.0,0.0,0.0,0.0,0.0,0.0,0.0,0.0,0.0,0.0
2022-11-09,0.0,0.0,0.0,0.0,0.0,0.0,0.0,0.0,0.0,0.0
2022-11-10,0.0,0.0,0.0,0.0,0.0,0.0,0.0,0.0,0.0,0.0
2022-11-11,0.0,0.0,0.0,0.0,0.0,0.0,0.0,0.0,0.0,0.0
2022-11-14,0.0,0.0,0.0,0.0,0.0,0.0,0.0,0.0,0.0,0.0
2022-11-15,0.0,0.0,0.0,0.0,0.0,0.0,0.0,0.0,0.0,0.0
2022-11-16,0.0,0.0,0.0,0.0,0.0,0.0,0.0,0.0,0.0,0.0
2022-11-17,0.0,0.0,0.0,0.0,0.0,0.0,0.0,0.0,0.0,0.0
2022-11-18,0.0,0.0,0.0,0.0,0.0,0.0,0.0,0.0,0.0,0.0
2022-11-21,0.0,0.0,0.0,0.0,0.0,0.0,0.0,0.0,0.0,0.0
2022-11-22,0.0,0.0,0.0,0.0,0.0,0.0,0.0,0.0,0.0,0.0
2022-11-23,0.0,0.0,0.0,0.0,0.0,0.0,0.0,0.0,0.0,0.0
2022-11-28,0.0,0.0,0.0,0.0,0.0,0.0,0.0,0.0,0.0,0.0
2022-11-29,0.0,0.0,0.0,0.0,0.0,0.0,0.0,0.0,0.0,0.0
2022-11-30,0.0,0.0,0.0,0.0,0.0,0.0,0.0,0.0,0.0,0.0
2022-12-01,0.0,0.0,0.0,0.0,0.0,0.0,0.0,0.0,0.0,0.0
2022-12-02,0.0,0.0,0.0,0.0,0.0,0.0,0.0,0.0,0.0,0.0
2022-12-05,0.0,0.0,0.0,0.0,0.0,0.0,0.0,0.0,0.0,0.0
2022-12-06,0.0,0.0,0.0,0.0,0.0,0.0,0.0,0.0,0.0,0.0
2022-12-07,0.0,0.0,0.0,0.0,0.0,0.0,0.0,0.0,0.0,0.0
2022-12-08,0.0,0.0,0.0,0.0,0.0,0.0,0.0,0.0,0.0,0.0
2022-12-09,0.0,0.0,0.0,0.0,0.0,0.0,0.0,0.0,0.0,0.0
2022-12-12,0.0,0.0,0.0,0.0,0.0,0.0,0.0,0.0,0.0,0.0
2022-12-13,0.0,0.0,0.0,0.0,0.0,0.0,0.0,0.0,0.0,0.0
2022-12-14,0.0,0.0,0.0,0.0,0.0,0.0,0.0,0.0,0.0,0.0
2022-12-15,0.0,0.0,0.0,0.0,0.0,0.0,0.0,0.0,0.0,0.0
