date,gross_ret,commission,fees,spread,impact,borrow,turnover,gross_exposure,net_exposure,net_ret,dd_multiplier
2005-01-03,0.0,0.0,0.0,0.0,0.0,0.0,0.0,0.0,0.0,0.0,1.0
2005-01-04,0.0,0.0,0.0,0.0,0.0,0.0,0.0,0.0,0.0,0.0,1.0
2005-01-05,0.0,0.0,0.0,0.0,0.0,0.0,0.0,0.0,0.0,0.0,1.0
2005-01-06,0.0,0.0,0.0,0.0,0.0,0.0,0.0,0.0,0.0,0.0,1.0
2005-01-07,0.0,0.0,0.0,0.0,0.0,0.0,0.0,0.0,0.0,0.0,1.0
2005-01-10,0.0,0.0,0.0,0.0,0.0,0.0,0.0,0.0,0.0,0.0,1.0
2005-01-11,0.0,0.0,0.0,0.0,0.0,0.0,0.0,0.0,0.0,0.0,1.0
2005-01-12,0.0,0.0,0.0,0.0,0.0,0.0,0.0,0.0,0.0,0.0,1.0
2005-01-13,0.0,0.0,0.0,0.0,0.0,0.0,0.0,0.0,0.0,0.0,1.0
2005-01-14,0.0,0.0,0.0,0.0,0.0,0.0,0.0,0.0,0.0,0.0,1.0
2005-01-18,0.0,0.0,0.0,0.0,0.0,0.0,0.0,0.0,0.0,0.0,1.0
2005-01-19,0.0,0.0,0.0,0.0,0.0,0.0,0.0,0.0,0.0,0.0,1.0
2005-01-20,0.0,0.0,0.0,0.0,0.0,0.0,0.0,0.0,0.0,0.0,1.0
2005-01-21,0.0,0.0,0.0,0.0,0.0,0.0,0.0,0.0,0.0,0.0,1.0
2005-01-24,0.0,0.0,0.0,0.0,0.0,0.0,0.0,0.0,0.0,0.0,1.0
2005-01-25,0.0,0.0,0.0,0.0,0.0,0.0,0.0,0.0,0.0,0.0,1.0
2005-01-26,0.0,0.0,0.0,0.0,0.0,0.0,0.0,0.0,0.0,0.0,1.0
2005-01-27,0.0,0.0,0.0,0.0,0.0,0.0,0.0,0.0,0.0,0.0,1.0
2005-01-28,0.0,0.0,0.0,0.0,0.0,0.0,0.0,0.0,0.0,0.0,1.0
2005-01-31,0.0,0.0,0.0,0.0,0.0,0.0,0.0,0.0,0.0,0.0,1.0
2005-02-01,0.0,0.0,0.0,0.0,0.0,0.0,0.0,0.0,0.0,0.0,1.0
2005-02-02,0.0,0.0,0.0,0.0,0.0,0.0,0.0,0.0,0.0,0.0,1.0
2005-02-03,0.0,0.0,0.0,0.0,0.0,0.0,0.0,0.0,0.0,0.0,1.0
2005-02-04,0.0,0.0,0.0,0.0,0.0,0.0,0.0,0.0,0.0,0.0,1.0
2005-02-07,0.0,0.0,0.0,0.0,0.0,0.0,0.0,0.0,0.0,0.0,1.0
2005-02-08,0.0,0.0,0.0,0.0,0.0,0.0,0.0,0.0,0.0,0.0,1.0
2005-02-09,0.0,0.0,0.0,0.0,0.0,0.0,0.0,0.0,0.0,0.0,1.0
2005-02-10,0.0,0.0,0.0,0.0,0.0,0.0,0.0,0.0,0.0,0.0,1.0
2005-02-11,0.0,0.0,0.0,0.0,0.0,0.0,0.0,0.0,0.0,0.0,1.0
2005-02-14,0.0,0.0,0.0,0.0,0.0,0.0,0.0,0.0,0.0,0.0,1.0
2005-02-15,0.0,0.0,0.0,0.0,0.0,0.0,0.0,0.0,0.0,0.0,1.0
2005-02-16,0.0,0.0,0.0,0.0,0.0,0.0,0.0,0.0,0.0,0.0,1.0
2005-02-17,0.0,0.0,0.0,0.0,0.0,0.0,0.0,0.0,0.0,0.0,1.0
2005-02-18,0.0,0.0,0.0,0.0,0.0,0.0,0.0,0.0,0.0,0.0,1.0
2005-02-22,0.0,0.0,0.0,0.0,0.0,0.0,0.0,0.0,0.0,0.0,1.0
2005-02-23,0.0,0.0,0.0,0.0,0.0,0.0,0.0,0.0,0.0,0.0,1.0
2005-02-24,0.0,0.0,0.0,0.0,0.0,0.0,0.0,0.0,0.0,0.0,1.0
2005-02-25,0.0,0.0,0.0,0.0,0.0,0.0,0.0,0.0,0.0,0.0,1.0
2005-02-28,0.0,0.0,0.0,0.0,0.0,0.0,0.0,0.0,0.0,0.0,1.0
2005-03-01,0.0,0.0,0.0,0.0,0.0,0.0,0.0,0.0,0.0,0.0,1.0
2005-03-02,0.0,0.0,0.0,0.0,0.0,0.0,0.0,0.0,0.0,0.0,1.0
2005-03-03,0.0,0.0,0.0,0.0,0.0,0.0,0.0,0.0,0.0,0.0,1.0
2005-03-04,0.0,0.0,0.0,0.0,0.0,0.0,0.0,0.0,0.0,0.0,1.0
2005-03-07,0.0,0.0,0.0,0.0,0.0,0.0,0.0,0.0,0.0,0.0,1.0
2005-03-08,0.0,0.0,0.0,0.0,0.0,0.0,0.0,0.0,0.0,0.0,1.0
2005-03-09,0.0,0.0,0.0,0.0,0.0,0.0,0.0,0.0,0.0,0.0,1.0
2005-03-10,0.0,0.0,0.0,0.0,0.0,0.0,0.0,0.0,0.0,0.0,1.0
2005-03-11,0.0,0.0,0.0,0.0,0.0,0.0,0.0,0.0,0.0,0.0,1.0
2005-03-14,0.0,0.0,0.0,0.0,0.0,0.0,0.0,0.0,0.0,0.0,1.0
2005-03-15,0.0,0.0,0.0,0.0,0.0,0.0,0.0,0.0,0.0,0.0,1.0
2005-03-16,0.0,0.0,0.0,0.0,0.0,0.0,0.0,0.0,0.0,0.0,1.0
2005-03-17,0.0,0.0,0.0,0.0,0.0,0.0,0.0,0.0,0.0,0.0,1.0
2005-03-18,0.0,0.0,0.0,0.0,0.0,0.0,0.0,0.0,0.0,0.0,1.0
2005-03-21,0.0,0.0,0.0,0.0,0.0,0.0,0.0,0.0,0.0,0.0,1.0
2005-03-22,0.0,0.0,0.0,0.0,0.0,0.0,0.0,0.0,0.0,0.0,1.0
2005-03-23,0.0,0.0,0.0,0.0,0.0,0.0,0.0,0.0,0.0,0.0,1.0
2005-03-24,0.0,0.0,0.0,0.0,0.0,0.0,0.0,0.0,0.0,0.0,1.0
2005-03-28,0.0,0.0,0.0,0.0,0.0,0.0,0.0,0.0,0.0,0.0,1.0
2005-03-29,0.0,0.0,0.0,0.0,0.0,0.0,0.0,0.0,0.0,0.0,1.0
2005-03-30,0.0,0.0,0.0,0.0,0.0,0.0,0.0,0.0,0.0,0.0,1.0
2005-03-31,0.0,0.0,0.0,0.0,0.0,0.0,0.0,0.0,0.0,0.0,1.0
2005-04-01,0.0,0.0,0.0,0.0,0.0,0.0,0.0,0.0,0.0,0.0,1.0
2005-04-04,0.0,0.0,0.0,0.0,0.0,0.0,0.0,0.0,0.0,0.0,1.0
2005-04-05,0.0,0.0,0.0,0.0,0.0,0.0,0.0,0.0,0.0,0.0,1.0
2005-04-06,0.0,0.0,0.0,0.0,0.0,0.0,0.0,0.0,0.0,0.0,1.0
2005-04-07,0.0,0.0,0.0,0.0,0.0,0.0,0.0,0.0,0.0,0.0,1.0
2005-04-08,0.0,0.0,0.0,0.0,0.0,0.0,0.0,0.0,0.0,0.0,1.0
2005-04-11,0.0,0.0,0.0,0.0,0.0,0.0,0.0,0.0,0.0,0.0,1.0
2005-04-12,0.0,0.0,0.0,0.0,0.0,0.0,0.0,0.0,0.0,0.0,1.0
2005-04-13,0.0,0.0,0.0,0.0,0.0,0.0,0.0,0.0,0.0,0.0,1.0
2005-04-14,0.0,0.0,0.0,0.0,0.0,0.0,0.0,0.0,0.0,0.0,1.0
2005-04-15,0.0,0.0,0.0,0.0,0.0,0.0,0.0,0.0,0.0,0.0,1.0
2005-04-18,0.0,0.0,0.0,0.0,0.0,0.0,0.0,0.0,0.0,0.0,1.0
2005-04-19,0.0,0.0,0.0,0.0,0.0,0.0,0.0,0.0,0.0,0.0,1.0
2005-04-20,0.0,0.0,0.0,0.0,0.0,0.0,0.0,0.0,0.0,0.0,1.0
2005-04-21,0.0,0.0,0.0,0.0,0.0,0.0,0.0,0.0,0.0,0.0,1.0
2005-04-22,0.0,0.0,0.0,0.0,0.0,0.0,0.0,0.0,0.0,0.0,1.0
2005-04-25,0.0,0.0,0.0,0.0,0.0,0.0,0.0,0.0,0.0,0.0,1.0
2005-04-26,0.0,0.0,0.0,0.0,0.0,0.0,0.0,0.0,0.0,0.0,1.0
2005-04-27,0.0,0.0,0.0,0.0,0.0,0.0,0.0,0.0,0.0,0.0,1.0
2005-04-28,0.0,0.0,0.0,0.0,0.0,0.0,0.0,0.0,0.0,0.0,1.0
2005-04-29,0.0,0.0,0.0,0.0,0.0,0.0,0.0,0.0,0.0,0.0,1.0
2005-05-02,0.0,0.0,0.0,0.0,0.0,0.0,0.0,0.0,0.0,0.0,1.0
2005-05-03,0.0,0.0,0.0,0.0,0.0,0.0,0.0,0.0,0.0,0.0,1.0
2005-05-04,0.0,0.0,0.0,0.0,0.0,0.0,0.0,0.0,0.0,0.0,1.0
2005-05-05,0.0,0.0,0.0,0.0,0.0,0.0,0.0,0.0,0.0,0.0,1.0
2005-05-06,0.0,0.0,0.0,0.0,0.0,0.0,0.0,0.0,0.0,0.0,1.0
2005-05-09,0.0,0.0,0.0,0.0,0.0,0.0,0.0,0.0,0.0,0.0,1.0
2005-05-10,0.0,0.0,0.0,0.0,0.0,0.0,0.0,0.0,0.0,0.0,1.0
2005-05-11,0.0,0.0,0.0,0.0,0.0,0.0,0.0,0.0,0.0,0.0,1.0
2005-05-12,0.0,0.0,0.0,0.0,0.0,0.0,0.0,0.0,0.0,0.0,1.0
2005-05-13,0.0,0.0,0.0,0.0,0.0,0.0,0.0,0.0,0.0,0.0,1.0
2005-05-16,0.0,0.0,0.0,0.0,0.0,0.0,0.0,0.0,0.0,0.0,1.0
2005-05-17,0.0,0.0,0.0,0.0,0.0,0.0,0.0,0.0,0.0,0.0,1.0
2005-05-18,0.0,0.0,0.0,0.0,0.0,0.0,0.0,0.0,0.0,0.0,1.0
2005-05-19,0.0,0.0,0.0,0.0,0.0,0.0,0.0,0.0,0.0,0.0,1.0
2005-05-20,0.0,0.0,0.0,0.0,0.0,0.0,0.0,0.0,0.0,0.0,1.0
2005-05-23,0.0,0.0,0.0,0.0,0.0,0.0,0.0,0.0,0.0,0.0,1.0
2005-05-24,0.0,0.0,0.0,0.0,0.0,0.0,0.0,0.0,0.0,0.0,1.0
2005-05-25,0.0,0.0,0.0,0.0,0.0,0.0,0.0,0.0,0.0,0.0,1.0
2005-05-26,0.0,0.0,0.0,0.0,0.0,0.0,0.0,0.0,0.0,0.0,1.0
2005-05-27,0.0,0.0,0.0,0.0,0.0,0.0,0.0,0.0,0.0,0.0,1.0
2005-05-31,0.0,0.0,0.0,0.0,0.0,0.0,0.0,0.0,0.0,0.0,1.0
2005-06-01,0.0,0.0,0.0,0.0,0.0,0.0,0.0,0.0,0.0,0.0,1.0
2005-06-02,0.0,0.0,0.0,0.0,0.0,0.0,0.0,0.0,0.0,0.0,1.0
2005-06-03,0.0,0.0,0.0,0.0,0.0,0.0,0.0,0.0,0.0,0.0,1.0
2005-06-06,0.0,0.0,0.0,0.0,0.0,0.0,0.0,0.0,0.0,0.0,1.0
2005-06-07,0.0,0.0,0.0,0.0,0.0,0.0,0.0,0.0,0.0,0.0,1.0
2005-06-08,0.0,0.0,0.0,0.0,0.0,0.0,0.0,0.0,0.0,0.0,1.0
2005-06-09,0.0,0.0,0.0,0.0,0.0,0.0,0.0,0.0,0.0,0.0,1.0
2005-06-10,0.0,0.0,0.0,0.0,0.0,0.0,0.0,0.0,0.0,0.0,1.0
2005-06-13,0.0,0.0,0.0,0.0,0.0,0.0,0.0,0.0,0.0,0.0,1.0
2005-06-14,0.0,0.0,0.0,0.0,0.0,0.0,0.0,0.0,0.0,0.0,1.0
2005-06-15,0.0,0.0,0.0,0.0,0.0,0.0,0.0,0.0,0.0,0.0,1.0
2005-06-16,0.0,0.0,0.0,0.0,0.0,0.0,0.0,0.0,0.0,0.0,1.0
2005-06-17,0.0,0.0,0.0,0.0,0.0,0.0,0.0,0.0,0.0,0.0,1.0
2005-06-20,0.0,0.0,0.0,0.0,0.0,0.0,0.0,0.0,0.0,0.0,1.0
2005-06-21,0.0,0.0,0.0,0.0,0.0,0.0,0.0,0.0,0.0,0.0,1.0
2005-06-22,0.0,0.0,0.0,0.0,0.0,0.0,0.0,0.0,0.0,0.0,1.0
2005-06-23,0.0,0.0,0.0,0.0,0.0,0.0,0.0,0.0,0.0,0.0,1.0
2005-06-24,0.0,0.0,0.0,0.0,0.0,0.0,0.0,0.0,0.0,0.0,1.0
2005-06-27,0.0,0.0,0.0,0.0,0.0,0.0,0.0,0.0,0.0,0.0,1.0
2005-06-28,0.0,0.0,0.0,0.0,0.0,0.0,0.0,0.0,0.0,0.0,1.0
2005-06-29,0.0,0.0,0.0,0.0,0.0,0.0,0.0,0.0,0.0,0.0,1.0
2005-06-30,0.0,0.0,0.0,0.0,0.0,0.0,0.0,0.0,0.0,0.0,1.0
2005-07-01,0.0,0.0,0.0,0.0,0.0,0.0,0.0,0.0,0.0,0.0,1.0
2005-07-05,0.0,0.0,0.0,0.0,0.0,0.0,0.0,0.0,0.0,0.0,1.0
2005-07-06,0.0,0.0,0.0,0.0,0.0,0.0,0.0,0.0,0.0,0.0,1.0
2005-07-07,0.0,0.0,0.0,0.0,0.0,0.0,0.0,0.0,0.0,0.0,1.0
2005-07-08,0.0,0.0,0.0,0.0,0.0,0.0,0.0,0.0,0.0,0.0,1.0
2005-07-11,0.0,0.0,0.0,0.0,0.0,0.0,0.0,0.0,0.0,0.0,1.0
2005-07-12,0.0,0.0,0.0,0.0,0.0,0.0,0.0,0.0,0.0,0.0,1.0
2005-07-13,0.0,0.0,0.0,0.0,0.0,0.0,0.0,0.0,0.0,0.0,1.0
2005-07-14,0.0,0.0,0.0,0.0,0.0,0.0,0.0,0.0,0.0,0.0,1.0
2005-07-15,0.0,0.0,0.0,0.0,0.0,0.0,0.0,0.0,0.0,0.0,1.0
2005-07-18,0.0,0.0,0.0,0.0,0.0,0.0,0.0,0.0,0.0,0.0,1.0
2005-07-19,0.0,0.0,0.0,0.0,0.0,0.0,0.0,0.0,0.0,0.0,1.0
2005-07-20,0.0,0.0,0.0,0.0,0.0,0.0,0.0,0.0,0.0,0.0,1.0
2005-07-21,0.0,0.0,0.0,0.0,0.0,0.0,0.0,0.0,0.0,0.0,1.0
2005-07-22,0.0,0.0,0.0,0.0,0.0,0.0,0.0,0.0,0.0,0.0,1.0
2005-07-25,0.0,0.0,0.0,0.0,0.0,0.0,0.0,0.0,0.0,0.0,1.0
2005-07-26,0.0,0.0,0.0,0.0,0.0,0.0,0.0,0.0,0.0,0.0,1.0
2005-07-27,0.0,0.0,0.0,0.0,0.0,0.0,0.0,0.0,0.0,0.0,1.0
2005-07-28,0.0,0.0,0.0,0.0,0.0,0.0,0.0,0.0,0.0,0.0,1.0
2005-07-29,0.0,0.0,0.0,0.0,0.0,0.0,0.0,0.0,0.0,0.0,1.0
2005-08-01,0.0,0.0,0.0,0.0,0.0,0.0,0.0,0.0,0.0,0.0,1.0
2005-08-02,0.0,0.0,0.0,0.0,0.0,0.0,0.0,0.0,0.0,0.0,1.0
2005-08-03,0.0,0.0,0.0,0.0,0.0,0.0,0.0,0.0,0.0,0.0,1.0
2005-08-04,0.0,0.0,0.0,0.0,0.0,0.0,0.0,0.0,0.0,0.0,1.0
2005-08-05,0.0,0.0,0.0,0.0,0.0,0.0,0.0,0.0,0.0,0.0,1.0
2005-08-08,0.0,0.0,0.0,0.0,0.0,0.0,0.0,0.0,0.0,0.0,1.0
2005-08-09,0.0,0.0,0.0,0.0,0.0,0.0,0.0,0.0,0.0,0.0,1.0
2005-08-10,0.0,0.0,0.0,0.0,0.0,0.0,0.0,0.0,0.0,0.0,1.0
2005-08-11,0.0,0.0,0.0,0.0,0.0,0.0,0.0,0.0,0.0,0.0,1.0
2005-08-12,0.0,0.0,0.0,0.0,0.0,0.0,0.0,0.0,0.0,0.0,1.0
2005-08-15,0.0,0.0,0.0,0.0,0.0,0.0,0.0,0.0,0.0,0.0,1.0
2005-08-16,0.0,0.0,0.0,0.0,0.0,0.0,0.0,0.0,0.0,0.0,1.0
2005-08-17,0.0,0.0,0.0,0.0,0.0,0.0,0.0,0.0,0.0,0.0,1.0
2005-08-18,0.0,0.0,0.0,0.0,0.0,0.0,0.0,0.0,0.0,0.0,1.0
2005-08-19,0.0,0.0,0.0,0.0,0.0,0.0,0.0,0.0,0.0,0.0,1.0
2005-08-22,0.0,0.0,0.0,0.0,0.0,0.0,0.0,0.0,0.0,0.0,1.0
2005-08-23,0.0,0.0,0.0,0.0,0.0,0.0,0.0,0.0,0.0,0.0,1.0
2005-08-24,0.0,0.0,0.0,0.0,0.0,0.0,0.0,0.0,0.0,0.0,1.0
2005-08-25,0.0,0.0,0.0,0.0,0.0,0.0,0.0,0.0,0.0,0.0,1.0
2005-08-26,0.0,0.0,0.0,0.0,0.0,0.0,0.0,0.0,0.0,0.0,1.0
2005-08-29,0.0,0.0,0.0,0.0,0.0,0.0,0.0,0.0,0.0,0.0,1.0
2005-08-30,0.0,0.0,0.0,0.0,0.0,0.0,0.0,0.0,0.0,0.0,1.0
2005-08-31,0.0,0.0,0.0,0.0,0.0,0.0,0.0,0.0,0.0,0.0,1.0
2005-09-01,0.0,0.0,0.0,0.0,0.0,0.0,0.0,0.0,0.0,0.0,1.0
2005-09-02,0.0,0.0,0.0,0.0,0.0,0.0,0.0,0.0,0.0,0.0,1.0
2005-09-06,0.0,0.0,0.0,0.0,0.0,0.0,0.0,0.0,0.0,0.0,1.0
2005-09-07,0.0,0.0,0.0,0.0,0.0,0.0,0.0,0.0,0.0,0.0,1.0
2005-09-08,0.0,0.0,0.0,0.0,0.0,0.0,0.0,0.0,0.0,0.0,1.0
2005-09-09,0.0,0.0,0.0,0.0,0.0,0.0,0.0,0.0,0.0,0.0,1.0
2005-09-12,0.0,0.0,0.0,0.0,0.0,0.0,0.0,0.0,0.0,0.0,1.0
2005-09-13,0.0,0.0,0.0,0.0,0.0,0.0,0.0,0.0,0.0,0.0,1.0
2005-09-14,0.0,0.0,0.0,0.0,0.0,0.0,0.0,0.0,0.0,0.0,1.0
2005-09-15,0.0,0.0,0.0,0.0,0.0,0.0,0.0,0.0,0.0,0.0,1.0
2005-09-16,0.0,0.0,0.0,0.0,0.0,0.0,0.0,0.0,0.0,0.0,1.0
2005-09-19,0.0,0.0,0.0,0.0,0.0,0.0,0.0,0.0,0.0,0.0,1.0
2005-09-20,0.0,0.0,0.0,0.0,0.0,0.0,0.0,0.0,0.0,0.0,1.0
2005-09-21,0.0,0.0,0.0,0.0,0.0,0.0,0.0,0.0,0.0,0.0,1.0
2005-09-22,0.0,0.0,0.0,0.0,0.0,0.0,0.0,0.0,0.0,0.0,1.0
2005-09-23,0.0,0.0,0.0,0.0,0.0,0.0,0.0,0.0,0.0,0.0,1.0
2005-09-26,0.0,0.0,0.0,0.0,0.0,0.0,0.0,0.0,0.0,0.0,1.0
2005-09-27,0.0,0.0,0.0,0.0,0.0,0.0,0.0,0.0,0.0,0.0,1.0
2005-09-28,0.0,0.0,0.0,0.0,0.0,0.0,0.0,0.0,0.0,0.0,1.0
2005-09-29,0.0,0.0,0.0,0.0,0.0,0.0,0.0,0.0,0.0,0.0,1.0
2005-09-30,0.0,0.0,0.0,0.0,0.0,0.0,0.0,0.0,0.0,0.0,1.0
2005-10-03,0.0,0.0,0.0,0.0,0.0,0.0,0.0,0.0,0.0,0.0,1.0
2005-10-04,0.0,0.0,0.0,0.0,0.0,0.0,0.0,0.0,0.0,0.0,1.0
2005-10-05,0.0,0.0,0.0,0.0,0.0,0.0,0.0,0.0,0.0,0.0,1.0
2005-10-06,0.0,0.0,0.0,0.0,0.0,0.0,0.0,0.0,0.0,0.0,1.0
2005-10-07,0.0,0.0,0.0,0.0,0.0,0.0,0.0,0.0,0.0,0.0,1.0
2005-10-10,0.0,0.0,0.0,0.0,0.0,0.0,0.0,0.0,0.0,0.0,1.0
2005-10-11,0.0,0.0,0.0,0.0,0.0,0.0,0.0,0.0,0.0,0.0,1.0
2005-10-12,0.0,0.0,0.0,0.0,0.0,0.0,0.0,0.0,0.0,0.0,1.0
2005-10-13,0.0,0.0,0.0,0.0,0.0,0.0,0.0,0.0,0.0,0.0,1.0
2005-10-14,0.0,0.0,0.0,0.0,0.0,0.0,0.0,0.0,0.0,0.0,1.0
2005-10-17,0.0,0.0,0.0,0.0,0.0,0.0,0.0,0.0,0.0,0.0,1.0
2005-10-18,0.0,0.0,0.0,0.0,0.0,0.0,0.0,0.0,0.0,0.0,1.0
2005-10-19,0.0,0.0,0.0,0.0,0.0,0.0,0.0,0.0,0.0,0.0,1.0
2005-10-20,0.0,0.0,0.0,0.0,0.0,0.0,0.0,0.0,0.0,0.0,1.0
2005-10-21,0.0,0.0,0.0,0.0,0.0,0.0,0.0,0.0,0.0,0.0,1.0
2005-10-24,0.0,0.0,0.0,0.0,0.0,0.0,0.0,0.0,0.0,0.0,1.0
2005-10-25,0.0,0.0,0.0,0.0,0.0,0.0,0.0,0.0,0.0,0.0,1.0
2005-10-26,0.0,0.0,0.0,0.0,0.0,0.0,0.0,0.0,0.0,0.0,1.0
2005-10-27,0.0,0.0,0.0,0.0,0.0,0.0,0.0,0.0,0.0,0.0,1.0
2005-10-28,0.0,0.0,0.0,0.0,0.0,0.0,0.0,0.0,0.0,0.0,1.0
2005-10-31,0.0,0.0,0.0,0.0,0.0,0.0,0.0,0.0,0.0,0.0,1.0
2005-11-01,0.0,0.0,0.0,0.0,0.0,0.0,0.0,0.0,0.0,0.0,1.0
2005-11-02,0.0,0.0,0.0,0.0,0.0,0.0,0.0,0.0,0.0,0.0,1.0
2005-11-03,0.0,0.0,0.0,0.0,0.0,0.0,0.0,0.0,0.0,0.0,1.0
2005-11-04,0.0,0.0,0.0,0.0,0.0,0.0,0.0,0.0,0.0,0.0,1.0
2005-11-07,0.0,0.0,0.0,0.0,0.0,0.0,0.0,0.0,0.0,0.0,1.0
2005-11-08,0.0,0.0,0.0,0.0,0.0,0.0,0.0,0.0,0.0,0.0,1.0
2005-11-09,0.0,0.0,0.0,0.0,0.0,0.0,0.0,0.0,0.0,0.0,1.0
2005-11-10,0.0,0.0,0.0,0.0,0.0,0.0,0.0,0.0,0.0,0.0,1.0
2005-11-11,0.0,0.0,0.0,0.0,0.0,0.0,0.0,0.0,0.0,0.0,1.0
2005-11-14,0.0,0.0,0.0,0.0,0.0,0.0,0.0,0.0,0.0,0.0,1.0
2005-11-15,0.0,0.0,0.0,0.0,0.0,0.0,0.0,0.0,0.0,0.0,1.0
2005-11-16,0.0,0.0,0.0,0.0,0.0,0.0,0.0,0.0,0.0,0.0,1.0
2005-11-17,0.0,0.0,0.0,0.0,0.0,0.0,0.0,0.0,0.0,0.0,1.0
2005-11-18,0.0,0.0,0.0,0.0,0.0,0.0,0.0,0.0,0.0,0.0,1.0
2005-11-21,0.0,0.0,0.0,0.0,0.0,0.0,0.0,0.0,0.0,0.0,1.0
2005-11-22,0.0,0.0,0.0,0.0,0.0,0.0,0.0,0.0,0.0,0.0,1.0
2005-11-23,0.0,0.0,0.0,0.0,0.0,0.0,0.0,0.0,0.0,0.0,1.0
2005-11-28,0.0,0.0,0.0,0.0,0.0,0.0,0.0,0.0,0.0,0.0,1.0
2005-11-29,0.0,0.0,0.0,0.0,0.0,0.0,0.0,0.0,0.0,0.0,1.0
2005-11-30,0.0,0.0,0.0,0.0,0.0,0.0,0.0,0.0,0.0,0.0,1.0
2005-12-01,0.0,0.0,0.0,0.0,0.0,0.0,0.0,0.0,0.0,0.0,1.0
2005-12-02,0.0,0.0,0.0,0.0,0.0,0.0,0.0,0.0,0.0,0.0,1.0
2005-12-05,0.0,0.0,0.0,0.0,0.0,0.0,0.0,0.0,0.0,0.0,1.0
2005-12-06,0.0,0.0,0.0,0.0,0.0,0.0,0.0,0.0,0.0,0.0,1.0
2005-12-07,0.0,0.0,0.0,0.0,0.0,0.0,0.0,0.0,0.0,0.0,1.0
2005-12-08,0.0,0.0,0.0,0.0,0.0,0.0,0.0,0.0,0.0,0.0,1.0
2005-12-09,0.0,0.0,0.0,0.0,0.0,0.0,0.0,0.0,0.0,0.0,1.0
2005-12-12,0.0,0.0,0.0,0.0,0.0,0.0,0.0,0.0,0.0,0.0,1.0
2005-12-13,0.0,0.0,0.0,0.0,0.0,0.0,0.0,0.0,0.0,0.0,1.0
2005-12-14,0.0,0.0,0.0,0.0,0.0,0.0,0.0,0.0,0.0,0.0,1.0
2005-12-15,0.0,0.0,0.0,0.0,0.0,0.0,0.0,0.0,0.0,0.0,1.0
2005-12-16,0.0,0.0,0.0,0.0,0.0,0.0,0.0,0.0,0.0,0.0,1.0
2005-12-19,0.0,0.0,0.0,0.0,0.0,0.0,0.0,0.0,0.0,0.0,1.0
2005-12-20,0.0,0.0,0.0,0.0,0.0,0.0,0.0,0.0,0.0,0.0,1.0
2005-12-21,0.0,0.0,0.0,0.0,0.0,0.0,0.0,0.0,0.0,0.0,1.0
2005-12-22,0.0,0.0,0.0,0.0,0.0,0.0,0.0,0.0,0.0,0.0,1.0
2005-12-23,0.0,0.0,0.0,0.0,0.0,0.0,0.0,0.0,0.0,0.0,1.0
2005-12-27,0.0,0.0,0.0,0.0,0.0,0.0,0.0,0.0,0.0,0.0,1.0
2005-12-28,0.0,0.0,0.0,0.0,0.0,0.0,0.0,0.0,0.0,0.0,1.0
2005-12-29,0.0,0.0,0.0,0.0,0.0,0.0,0.0,0.0,0.0,0.0,1.0
2005-12-30,0.0,0.0,0.0,0.0,0.0,0.0,0.0,0.0,0.0,0.0,1.0
2006-01-03,0.0,4.5448019686207765e-06,9.002017546333845e-07,0.0,1.145150724555937e-05,2.833861279297129e-07,0.09047110141276256,0.09047110141276256,0.04286223192057079,-1.7179897096743244e-05,1.0
2006-01-04,0.00012286852294062566,8.719376925447327e-06,1.3281293343130957e-06,0.0,1.4646675835861325e-05,5.306625626882121e-07,0.17196183874920817,0.23965934081103382,0.15050803027941417,9.76436782823157e-05,1.0
2006-01-05,-0.0003994845046095424,8.221632509983123e-06,3.3058560485944945e-06,0.0,1.2616070924155193e-05,1.6554153585002527e-06,0.13595169681139252,0.37496810332926833,0.09685832310122595,-0.00042528347945077546,1.0
2006-01-06,-0.0006828322999887573,3.3397064005632695e-05,1.9250170254016184e-05,0.0,5.7873923656831236e-05,4.886643707194268e-06,0.861409254283899,0.6204780714043185,-0.2004780714043185,-0.0007982401016124318,1.0
2006-01-09,-0.0004178796869709872,2.342551373315401e-05,5.632472632290572e-06,0.0,4.847627323353428e-05,4.1669635223958605e-06,0.45622618494355827,0.6922567995735059,-0.0077930721889986065,-0.0004995809100923619,1.0
2006-01-10,-0.0019017434430022098,8.741610644981402e-06,6.384654353566866e-06,0.0,2.1089990100803835e-05,5.545198056047163e-06,0.4144515610782389,0.9116004204130639,-0.019992853002859606,-0.001943504896157609,1.0
2006-01-11,-0.004970007720651353,2.2377096484293678e-05,1.322735780195185e-05,0.0,8.622181239586049e-05,5.565145113321619e-06,0.7876396502846321,0.976698943189489,0.0417545641514572,-0.005097399132446781,1.0
2006-01-12,-0.0021466316468121025,1.924077777923184e-05,1.4335963012278532e-05,0.0,7.359329606506717e-05,4.6581913967930255e-06,0.639836990446677,0.5429879395770324,-0.2395882150841958,-0.002258459875065473,1.0
2006-01-13,0.002020544284739678,1.2284007360360175e-05,9.378333112655028e-06,0.0,5.6599467767027015e-05,5.7932811297379424e-06,0.41164841499033267,0.5289823253232765,-0.4442889044726977,0.0019364891953698978,1.0
2006-01-17,0.0011991098898035762,1.1000990151593645e-05,6.4498252879372974e-06,0.0,5.03821845997025e-05,5.903060313976727e-06,0.33283317364685033,0.49585706637404514,-0.49585706637404514,0.001125373829450366,1.0
2006-01-18,0.0025896394186673425,1.2317706500258418e-05,3.793873659822183e-06,0.0,5.336795046127658e-05,6.360709079656129e-06,0.30293126529081954,0.6742995626911148,-0.39429956269111477,0.0025137991789663293,1.0
2006-01-19,0.0004991121044376383,1.133526940758663e-05,4.298783356834402e-06,0.0,4.16748954499808e-05,4.74336448273249e-06,0.33810235874467803,0.5184426165495291,-0.2784426165495291,0.00043705979174050405,1.0
2006-01-20,0.005262347426217465,2.176500354977881e-05,1.4096064607269875e-05,0.0,0.00014410090295695514,8.284416965231357e-06,0.7250329478763211,0.9806286473952803,-0.4111534027635876,0.00507410103813823,1.0
2006-01-23,-0.004434564190891601,4.134997779638752e-05,1.634262663606341e-05,0.0,0.00012423300738376858,1.0233422488264224e-05,0.9349521571842285,1.4462340355790264,-0.2729809424493634,-0.004626723225196085,1.0
2006-01-24,-0.00050967542581294,4.747547948652412e-05,2.260878581889429e-05,0.0,0.00024100395774465832,5.708616780045352e-06,1.6921595311648077,1.1322804691904493,0.1732328501428304,-0.0008264722656430621,1.0
2006-01-25,0.0018334587812723802,4.847318403742432e-05,1.6704124741324385e-05,0.0,0.00014394331563951675,3.5975813483313074e-06,0.893985502437878,0.7443586593232489,0.13996499280358918,0.0016207405755057835,1.0
2006-01-26,0.001427777165215555,2.9353228193056175e-05,1.812014091661968e-05,0.0,8.904960607889059e-05,3.7514432958262186e-06,0.9225242827111833,0.524281935429626,-0.10596053826917873,0.0012875027467311624,1.0
2006-01-27,-0.0020358875545609615,2.1403347251869845e-05,6.98284683793013e-06,0.0,7.111495753857116e-05,2.192796535746283e-06,0.4764575231646434,0.3601949090026878,-0.008194909002687767,-0.002137581502725079,1.0
2006-01-30,-0.0006886026392762595,7.385724124888188e-06,9.2221717467452e-06,0.0,1.8160779478832922e-05,4.948644995399772e-06,0.3613197033354648,0.5237646751164428,-0.3076076841107191,-0.0007283199596221255,1.0
2006-01-31,0.0028596589574392327,3.234239177652422e-05,1.3451661596440112e-05,0.0,0.00012013136723497399,5.013964867519556e-06,0.9189121175475816,0.7811730488716427,-0.06117304887164275,0.002688719571963775,1.0
2006-02-01,0.001535177275349991,4.772927422203498e-05,1.8165984863962393e-05,0.0,0.00015719155044797167,4.745386260769437e-06,0.9713207740268969,0.8506124459046327,0.05338755409536729,0.0013073450795552525,1.0
2006-02-02,-0.0012998162259382372,2.8157436482960186e-05,1.7823741447715885e-05,0.0,0.0001263121998568636,5.533677754918215e-06,0.8570684387142709,0.7398506874731474,-0.18980717535311256,-0.001477643281480695,1.0
2006-02-03,0.0015491652368797369,2.8475295568585287e-05,1.0490583737582232e-05,0.0,8.22521833235449e-05,5.793074333608201e-06,0.6572532476466195,0.8086911599062359,-0.16454532813994166,0.0014221540999164162,1.0
2006-02-06,-0.00218902776240975,3.438526237022784e-05,1.1093298070535363e-05,0.0,9.837605416629628e-05,2.3809523809523803e-06,1.1113212163783466,0.7537849833798987,0.35378498337989883,-0.002335263329397762,1.0
2006-02-07,0.0016151666677099218,3.6762113042871076e-05,1.7549349406777177e-05,0.0,0.00010269296407485726,4.035663254891669e-06,0.7753179492490552,0.8860302000076516,0.20803877318585134,0.0014541265779305246,1.0
2006-02-08,-5.233940109912634e-05,3.996222876992942e-05,1.6333200224888116e-05,0.0,0.0001548160433546912,5.818349482465014e-06,0.8958847314784313,1.2071423893422715,0.22965967628814926,-0.00026926922293110005,1.0
2006-02-09,0.002859020345607384,4.811926611101142e-05,2.321251777884494e-05,0.0,0.00014726316083963888,6.140647875325401e-06,1.446360635117576,1.2178144215273337,0.18618557847266637,0.0026342847530025637,1.0
2006-02-10,-0.01091334795975948,3.5506138433157185e-05,1.8286395442993198e-05,0.0,0.0001473778778539621,4.630418095994948e-06,0.895779639474989,0.7554956226937891,-0.022414617433362094,-0.011119148789585588,1.0
2006-02-13,0.0024676290634775195,4.308954760026177e-05,1.6542206857151927e-05,0.0,0.00012600302453469504,3.49020569637666e-06,0.7435487218824933,0.6285384570297874,0.042183900038508554,0.002278504078789034,1.0
2006-02-14,-0.00031915950433170125,3.6030642728199424e-05,1.2293708795386364e-05,0.0,6.998426120650303e-05,5.738681908703015e-06,0.5543629955969092,0.7909810532271664,-0.1731175074349401,-0.0004432067989704931,1.0
2006-02-15,0.0023383555443944326,3.174012080770465e-05,1.397603151605343e-05,0.0,9.801143064924495e-05,4.9895134701855114e-06,0.642922926154731,0.639211407434824,-0.19902685555634198,0.002189638447951244,1.0
2006-02-16,-0.006779504510098655,3.8251527278903025e-05,1.4267512554245572e-05,0.0,6.892820034277296e-05,8.338346892248705e-06,0.8616338235914314,1.167169268624702,-0.23367300927308082,-0.006909290097166825,1.0
2006-02-17,2.93366220401925e-05,2.784019944213857e-05,1.0762704659584656e-05,0.0,9.128430650531252e-05,4.398300569885976e-06,0.7970187454569283,0.7536084055550356,0.014693909814191719,-0.00010494888913672922,1.0
2006-02-21,0.07720132121151108,3.3909372588938126e-05,1.4340593866088221e-05,0.0,0.0001251445246812655,4.791966828575497e-06,0.7445608197549699,0.8983998770415271,0.09334944984084394,0.0770231347535462,1.0
2006-02-22,0.002719256442851292,2.7310343939547728e-05,1.4838015917084483e-05,0.0,0.00018562061794857426,1.2592854299048261e-06,0.8354342612682293,0.24617100291754243,0.03461105069353164,0.0024902281796161806,1.0
2006-02-23,-0.0002092329065681688,6.379197298254542e-06,4.3625886497413175e-06,0.0,2.0938311487316234e-05,1.2434575515003255e-06,0.24757203645537895,0.18410738448911257,-0.02479348416294211,-0.0002421564615549812,1.0
2006-02-24,0.0005941839498933596,1.2353952430059363e-06,1.5707069081138407e-06,0.0,4.466693781461363e-06,1.3506059549310544e-06,0.054723246449618276,0.14797925376575016,-0.07892254666266701,0.0005855605480058473,1.0
2006-02-27,-0.0003282483847758728,4.123992604783084e-06,2.050801688481888e-06,0.0,9.656796129421125e-06,1.085528500832039e-06,0.1441406063820363,0.14277399008609049,-0.03959479805369211,-0.00034516550369939093,1.0
2006-02-28,-0.0001485596487716546,4.431863402918695e-06,2.0605744526214167e-06,0.0,9.565894173157844e-06,1.42188478821543e-06,0.14237736534754092,0.2168472727811271,-0.022029371639065112,-0.00016603986558856799,1.0
2006-03-01,-0.0008284121904829656,1.416573740908333e-05,5.3394282301907995e-06,0.0,2.7083325145439295e-05,2.704597008138853e-06,0.33183989082151216,0.45912935406581107,0.0047570566984837664,-0.0008777052782758179,1.0
2006-03-02,0.0011605752710854929,1.7338571399289374e-05,7.336965926927618e-06,0.0,3.425585723460439e-05,1.4995587996208592e-06,0.4347859090858959,0.3068028190575115,0.05487694072120715,0.0011001443177250506,1.0
2006-03-03,-0.0014081072680181854,1.1207264522351607e-05,6.37996624673272e-06,0.0,3.3301908438597084e-05,1.6010343509784333e-06,0.3405572285036915,0.29486754880997834,0.02589377784560154,-0.0014605974415768453,1.0
2006-03-06,-0.00034321870926649016,7.551783774818472e-06,4.0460706701954205e-06,0.0,1.2172179685112829e-05,5.438120363020156e-07,0.21379834382995883,0.07998859385912932,-0.011371828239609298,-0.0003675325554329189,1.0
2006-03-07,-6.5236139728792295e-06,5.099103259564376e-06,2.018289711041435e-06,0.0,1.2394379545809697e-05,9.51339157383647e-07,0.09766448440914635,0.10904283626272852,-0.05078214217772417,-2.698672564667838e-05,1.0
2006-03-08,0.0009457760279970121,7.2854787043456096e-06,3.044761358217098e-06,0.0,2.0030691642176982e-05,1.3599669290467303e-06,0.2452547880041356,0.2638675751429115,0.035393131063060815,0.0009140551293632256,1.0
2006-03-09,0.00027499122130753944,1.1689192124358473e-05,4.530772761378477e-06,0.0,2.7970399964742242e-05,7.479190721131959e-07,0.25858868084214154,0.21342970993892713,0.08777930582391019,0.00023005293738494705,1.0
2006-03-10,0.0005547735320974659,7.857219727617494e-06,5.028933556062682e-06,0.0,1.8489966912581528e-05,1.1170131028092696e-06,0.1983064964140402,0.15839946575950595,-0.029258735512451322,0.0005222803987983949,1.0
2006-03-13,0.001941480593699921,9.284939688064163e-06,3.4746526914825318e-06,0.0,1.5740160380976313e-05,5.62270511596074e-07,0.15573715271049152,0.047230722974070216,-0.047230722974070216,0.001912418570427802,1.0
2006-03-14,-0.00025633302524612716,6.8199161366274005e-06,7.918252620212491e-07,0.0,1.1982865977558784e-05,4.7059927975865795e-07,0.113143064945671,0.11493258771356098,0.035871908714106455,-0.00027639823190209325,1.0
2006-03-15,0.0001899263014713445,1.5624055120476693e-05,6.113605137278707e-06,0.0,3.864750980436314e-05,1.991272329823057e-06,0.3301587643263088,0.3465865237280497,0.012052772317776156,0.0001275498590794029,1.0
2006-03-16,-0.0006332461167103762,9.177397555387774e-06,3.6288048140833834e-06,0.0,2.2453041977039774e-05,2.4131630195502456e-06,0.1800970271569673,0.40947908861129845,0.004067701326857246,-0.0006709185240764374,1.0
2006-03-17,-0.001285998751806379,2.563372811526144e-05,8.568803790683145e-06,0.0,3.9084266978648174e-05,2.573671014003643e-06,0.4729393718474058,0.40431389816171,-0.028062832190902075,-0.0013618592217049755,1.0
2006-03-20,0.0008763122677160297,1.2407905313481753e-05,5.821785029975135e-06,0.0,3.205686078220961e-05,1.2938696355460943e-06,0.36024141808319793,0.26394043251473054,0.04657033374298669,0.000824731846954817,1.0
2006-03-21,0.0003865072470373722,1.3570652546030871e-05,6.0887268291115e-06,0.0,1.2556823819224286e-05,1.2779055934063007e-06,0.1693497013352946,0.16196996267235683,-0.0527181770199017,0.0003530131382495992,1.0
2006-03-22,0.0004632679693332037,4.767980027660753e-06,1.6734058461859256e-06,0.0,1.3666096398220663e-05,8.768284888371056e-07,0.1349072446871904,0.11918026016276448,-0.02812692596186924,0.00044228365857229925,1.0
2006-03-23,-0.00022237761146041122,3.2288251804397547e-06,1.8775846162174163e-06,0.0,2.2965776338630976e-06,4.0647542522133145e-07,0.14638545151310733,0.0960268374324057,0.02773896599522202,-0.0002301870743161528,1.0
2006-03-24,0.00018357066627387248,6.000461217272671e-06,2.661131069952264e-06,0.0,9.66187014113448e-06,4.063541277030808e-07,0.1390465676428376,0.09361325359034628,0.02534576013622872,0.00016484084971780998,1.0
2006-03-27,-7.694890691652064e-06,9.86678618405775e-07,1.598132386575835e-07,0.0,2.0237110777031484e-06,4.036360398923578e-07,0.0403081365355054,0.12932513113597754,0.06151427643406143,-1.1268729666310928e-05,1.0
2006-03-28,-0.00025342137996071506,6.06403226564616e-06,4.620201357429546e-06,0.0,1.5915836480076597e-05,1.3816782033932133e-06,0.1814822602364135,0.17959722800161282,-0.052524710168447064,-0.0002814031282672606,1.0
2006-03-29,-0.00022296434739396418,8.001205362437246e-06,2.8449353084574904e-06,0.0,9.971346322141253e-06,1.6283284283162698e-06,0.12976803852299518,0.24133325497819952,-0.03222592097893377,-0.00024541016281531646,1.0
2006-03-30,0.0007200391677635197,4.83955403077554e-06,2.0623324017707714e-06,0.0,1.046038866737108e-05,5.717948635685935e-07,0.16065551108758336,0.09355541183075122,-0.0025061252487725144,0.0007021050978000337,1.0
2006-03-31,-7.961585309856488e-05,6.588306060068965e-06,2.000377646511338e-06,0.0,8.982986723619016e-06,2.3309079874067747e-07,0.107591578930121,0.01957962709421691,-0.01957962709421691,-9.742061432750488e-05,1.0
2006-04-03,-0.0001464042613861035,2.369612611687682e-06,2.2870485347758717e-07,0.0,1.2925117741798349e-05,0.0,0.08796340518368738,0.06823737382808437,0.06823737382808437,-0.00016192769659306713,1.0
2006-04-04,0.00017492035558509182,4.60337117001039e-06,1.3898968431311951e-06,0.0,1.6631935355854602e-05,0.0,0.10848856321679563,0.09682949823705272,0.09682949823705272,0.00015229515221609562,1.0
2006-04-05,0.00031797405342248025,6.77685968695175e-06,3.900971452009128e-06,0.0,3.3716525379340666e-05,7.567049692277653e-07,0.19565653318548376,0.19011644652060866,0.06299001169034411,0.00027282299193495094,1.0
2006-04-06,0.0004356892700408461,8.759261664300162e-06,5.763892655872363e-06,0.0,1.8676520449190924e-05,2.117763210396775e-06,0.3323864241231027,0.3599546089911294,0.004170389644471313,0.00040037183206108584,1.0
2006-04-07,-0.0009500678940600558,6.875677294196604e-06,4.2125759053630945e-06,0.0,3.261719844476508e-05,2.2706116944493033e-06,0.2305997347465504,0.34908068616101573,-0.03238207850646717,-0.0009960439573988298,1.0
2006-04-10,0.000887166658453736,1.0517678770034145e-05,6.214542409060339e-06,0.0,3.8265919378819095e-05,1.7746318692011913e-06,0.3098557651031863,0.23408880152362135,-0.0640493525021788,0.0008303938860266212,1.0
2006-04-11,0.0007034761200729147,3.0561637367276015e-06,3.065693109983668e-06,0.0,5.201112133587655e-06,2.3570127945871964e-06,0.10003246548087566,0.23259980762766733,-0.16337834186298156,0.0006897961382980285,1.0
2006-04-12,0.00020972181946264952,8.34894862998225e-06,4.058677833833096e-06,0.0,2.3724155317038397e-05,2.6999845960480962e-06,0.20138822417357463,0.24980838702804636,-0.20378902510803387,0.0001708900530857477,1.0
2006-04-13,-3.9264324115809504e-05,7.345820021798596e-06,4.8156716115120856e-06,0.0,1.7013272964022934e-05,3.054192387561093e-06,0.40517958126164305,0.42708407354089273,-0.08602024756937084,-7.149328110070421e-05,1.0
2006-04-17,0.000965778235422383,1.2118316477292867e-05,5.570101352596819e-06,0.0,3.105318192605146e-05,1.3757470410940447e-06,0.37255947272896034,0.19184421636090823,-0.03928128654289128,0.0009156608886253478,1.0
2006-04-18,-0.0028812562905871234,1.180937425147534e-05,4.3536983370059865e-06,0.0,2.8455609189208184e-05,1.7940653075274709e-06,0.45414050693067953,0.478840723984888,0.17743775232027287,-0.0029276690376723404,1.0
2006-04-19,0.0005211400370339377,2.870892655825314e-05,1.0071636519577872e-05,0.0,6.878250241133489e-05,3.3765530454882474e-06,0.7389492254836487,0.9084604537762673,0.3411995421342418,0.0004102004184992835,1.0
2006-04-20,0.0073273548513997045,1.753378469601554e-05,7.071380129433616e-06,0.0,3.871458853903325e-05,4.178781310406598e-06,0.4820283216819125,1.1558537521787342,0.4538184920304258,0.007259856316724816,1.0
2006-04-21,0.00036057568985991997,4.1955870122819046e-05,2.543827986382261e-05,0.0,9.437860733133126e-05,1.6150699590536091e-06,1.1778003436441185,0.34213809756896585,0.07080634444795951,0.00019718786258289347,1.0
2006-04-24,-0.0003567204546672736,1.172508178362914e-05,7.677027471533489e-06,0.0,2.9093835208355385e-05,6.947316487613761e-07,0.3661807532781879,0.10423696334046453,-0.012477953651446667,-0.000405911130779553,1.0
2006-04-25,-0.0002843359820929417,6.1251199766832215e-06,3.296364689844314e-06,0.0,1.5323922023635696e-05,1.3889069067345347e-06,0.19766196442088957,0.20810226896718004,-0.025234091364221778,-0.00031047029568983945,1.0
2006-04-26,0.001568958085346413,1.5454046900539484e-05,4.630769951314388e-06,0.0,2.653856782562775e-05,1.0968911987811976e-06,0.3193526109604872,0.2492144096453252,0.06493668825008403,0.0015212378094701501,1.0
2006-04-27,-0.0012692358389160933,4.52656206698148e-06,2.581254994691939e-06,0.0,1.3192038546567522e-05,1.9283453263025633e-06,0.1280251784913006,0.36329670582699114,0.03933469100816054,-0.0012914640398506369,1.0
2006-04-28,-0.00017246212352866128,1.6410131944886912e-05,9.130413079778786e-06,0.0,3.0250747993038368e-05,1.615835803419543e-06,0.40001022324939856,0.18985822049657927,-0.08160219447790397,-0.00022986925234978487,1.0
2006-05-01,-0.0005219011052979215,1.7071832819221663e-05,7.868744397175758e-06,0.0,4.30862807171562e-05,3.4151608337770422e-06,0.3965569221838777,0.49109145384637465,-0.08265556622816844,-0.0005933431240652522,1.0
2006-05-02,-0.0021721517260924737,1.9216043419706714e-05,4.727398754163921e-06,0.0,3.707478486745599e-05,1.6753974795918037e-06,0.41080220365112646,0.35793554104896846,0.07646876447754548,-0.002234845350613392,1.0
2006-05-03,-0.0008922960125588642,1.8359139399286112e-05,9.59636626619931e-06,0.0,2.1183524693462296e-05,3.2488230789064305e-06,0.394659906703623,0.4026621342251818,-0.14314014303109845,-0.0009446838659967183,1.0
2006-05-04,0.0015051570207634236,1.7175583904228266e-05,6.145722523051471e-06,0.0,3.080501428784806e-05,2.481655958652843e-06,0.3410662120867003,0.3639855660062846,-0.05293263504739298,0.0014485490440896429,1.0
2006-05-05,-0.00012979480622247,1.1786555820271104e-05,6.015380970427804e-06,0.0,2.1607813177699674e-05,2.569866510010354e-06,0.271723983268383,0.29696226094426775,-0.13477531273747176,-0.00017177442270087894,1.0
2006-05-08,-0.0013495019718826376,1.1409635987581986e-05,5.933657654228098e-06,0.0,2.2749633046819618e-05,3.2657090650613198e-06,0.28975839434152295,0.35528503659371186,-0.19335408633658976,-0.0013928606076363287,1.0
2006-05-09,0.000359839603056917,2.2971982554816762e-05,5.6942559689809135e-06,0.0,3.6718337537052816e-05,3.873104075030761e-06,0.5097726696924378,0.6293932523015858,-0.021288232303582046,0.00029058192292103575,1.0
2006-05-10,0.0005819333882113383,2.365402198416229e-05,1.0219627156844073e-05,0.0,3.2283968068301034e-05,1.0138105473183186e-06,0.4978794004283401,0.1792272749663532,0.00890710301687569,0.0005147619604547126,1.0
2006-05-11,-0.0023079212204852417,1.1317929929363011e-05,6.975434852250284e-06,0.0,1.781563759505771e-05,2.035780637876896e-06,0.2658348043739365,0.18309220565346446,-0.15891894150985408,-0.00234606600349979,1.0
2006-05-12,0.0019201350691673072,1.3812666877595368e-05,5.573350563135817e-06,0.0,3.120569370280016e-05,2.4227561131043967e-06,0.5479203141954895,0.5622201053278999,0.15519707832636137,0.0018671206019106714,1.0
2006-05-15,-0.0011484294627475936,1.5053030433073333e-05,9.490410828594979e-06,0.0,4.0030738950854975e-05,4.048129581032875e-06,0.42932453258761527,0.672783732918525,-0.0073020366949980015,-0.0012170517725411498,1.0
2006-05-16,-0.0014479075116399975,2.642802808807734e-05,1.0137581518123907e-05,0.0,4.123292377824178e-05,3.855564352847282e-06,0.4530346065317957,0.6498151209275538,0.00208030964921041,-0.0015295616093772878,1.0
2006-05-17,-0.002945843474952544,2.3706345477283794e-05,4.309916057780061e-06,0.0,3.355247115877764e-05,1.6757235427532232e-06,0.4672851260835179,0.5259161315464473,0.2443945763639059,-0.0030090879311891385,1.0
2006-05-18,-0.0034701585213183887,1.7099990887421774e-05,5.933335125261296e-06,0.0,3.487188851949997e-05,1.3265306122448982e-06,0.6305467865402504,0.7905480615384815,0.5676909186813387,-0.0035293902664628165,1.0
2006-05-19,0.0030130396986523,2.2351055406880066e-05,2.0163705242971674e-05,0.0,9.158049745905752e-05,8.270407829209076e-06,0.685709407254129,1.3559268863666663,-0.03350162894045819,0.0028706740327141818,1.0
2006-05-22,-0.0044397360506885745,3.9110859575943576e-05,1.1487561128683983e-05,0.0,9.467570823716128e-05,2.7026193836255447e-06,1.1927461532961483,0.9358414250889382,0.4818013686398466,-0.0045877127990139885,1.0
2006-05-23,-6.0635289631824456e-05,3.975151339974295e-05,1.960159288608582e-05,0.0,0.00011442287414355138,3.452380952380952e-06,0.9523078795942248,0.9434367180758814,0.36343671807588135,-0.00023786365101358554,1.0
2006-05-24,0.0016064061615528686,2.953951994910773e-05,1.4338291337037471e-05,0.0,0.00014029564094987106,3.195237116142321e-06,0.8156882279890956,0.8801048115370358,0.343304976025126,0.0014190374722007101,1.0
2006-05-25,0.0024271790725889065,4.9363534957030986e-05,2.7039204074629625e-05,0.0,0.0001379148663152035,5.923469387755103e-06,1.0408814383606921,0.8731335797611484,-0.1220092773817088,0.0022069379978542874,1.0
2006-05-26,-0.0036458723073281678,4.35795446306834e-05,1.700940051483788e-05,0.0,0.00015995949481621862,4.583333333333333e-06,0.9448368681126946,0.6238453513691571,-0.14615464863084293,-0.003871004080623241,1.0
2006-05-30,0.003174675719600191,1.915998702720644e-05,7.871049729727267e-06,0.0,8.367265059598742e-05,3.01003063502919e-06,0.6099286127622316,0.467583483120683,-0.03810166356422078,0.0030609620016122407,1.0
2006-05-31,-0.002867753990264983,4.656077469700513e-05,2.2859941782682597e-05,0.0,0.00016748552885559743,6.895798293164256e-06,1.0487405705454098,0.9867865951418943,-0.1717075181097006,-0.0031115560338934325,1.0
2006-06-01,0.0005693890308817722,2.9842851469106275e-05,8.987315319540942e-06,0.0,8.220316928125569e-05,4.118118279001172e-06,0.6700732402844903,0.6960799205687713,0.0042360496965745675,0.0004442375765328681,1.0
2006-06-02,0.0010998993362202397,3.1448876272662925e-05,1.473909091031298e-05,0.0,0.00012406421637111808,2.8019231079445488e-06,0.7496499457438379,0.2953615410673421,-0.17536154106734206,0.0009268452295582011,1.0
2006-06-05,0.003024312448946383,2.1049718239367078e-05,3.7582288241456865e-06,0.0,5.088321371955092e-05,0.0,0.7642503999959787,0.47375071443154393,0.47375071443154393,0.0029486212881633194,1.0
2006-06-06,0.00038210779702878257,3.0471192294814763e-05,1.698434325440343e-05,0.0,6.986376531103729e-05,4.3095238095238105e-06,0.5960654322003476,0.8618971876344523,0.13789718763445233,0.0002604789723590033,1.0
2006-06-07,0.0016105454273433095,2.2797527815940486e-05,9.035347811865337e-06,0.0,5.6024242905414225e-05,4.462585034013606e-06,0.7712435847288104,1.1157419279506824,0.3660276422363967,0.0015182257237760757,1.0
2006-06-08,0.0036629025875343584,3.8337160419142165e-05,1.5445895183737645e-05,0.0,0.0001254491645522074,2.7104759548406463e-06,1.0605520217968443,1.044510368267984,0.5891504078547554,0.0034809598914244304,1.0
2006-06-09,0.0015279907125075815,6.895151757969823e-05,2.890126965202273e-05,0.0,0.00024261963158298469,8.276107920779696e-06,1.6336037061661215,2.015449863396624,0.6250637327056346,0.001179242185772096,1.0
2006-06-12,-0.006485112332026732,5.1744018185906385e-05,3.195115986034161e-05,0.0,0.00018292590240115685,3.572779130294526e-06,1.6067577903502868,0.8341735660356197,0.2339466721461393,-0.006755306191604431,1.0
2006-06-13,-0.0052597242456705,5.169897885637273e-05,2.2447001286573347e-05,0.0,0.0001543739667851585,3.142857142857143e-06,1.2864059613376289,0.808,0.2799999999999999,-0.005491387049741461,1.0
2006-06-14,0.002007425732470375,2.9849859921490933e-05,2.001766054952052e-05,0.0,6.009532523152123e-05,7.474246841593781e-06,0.6398769878606567,1.0474027077894088,-0.2082707615983462,0.0018899886399262485,1.0
2006-06-15,0.001867883284895882,5.2475947897450515e-05,1.1297466254809828e-05,0.0,0.0001434331856862109,2.5878445104781517e-06,1.2512602151290189,0.9524317275745366,0.5176738498142073,0.0016580888405469325,1.0
2006-06-16,-0.0013707024709982481,3.667438009653229e-05,1.9488081093352896e-05,0.0,0.00010965751789562416,6.288521334872947e-06,0.9556328513487,1.3586453794640938,0.30217379520543863,-0.0015428109714186304,1.0
2006-06-19,-0.00026772259706987355,3.1040433501145754e-05,2.9321179297744352e-05,0.0,4.654142156869888e-05,1.1518363489771752e-05,1.262522186182533,1.499719918542819,-0.43536514773883506,-0.0003861439949272343,1.0
2006-06-20,-0.0016217951945956622,4.6910844500418024e-05,1.8191558077988328e-05,0.0,0.00012803473766117174,6.1015588395195374e-06,1.1102227743768585,0.6314968953146147,-0.39356498972466747,-0.0018210338936747597,1.0
2006-06-21,-0.003542832082349086,2.2123528139129674e-05,6.797618765233672e-06,0.0,6.353287722411786e-05,8.103570089322314e-06,0.4930593079840113,1.1292596754618085,-0.23214009954434034,-0.0036433896765668897,1.0
2006-06-22,0.000686036213777849,2.6570389652595147e-05,9.157929566905794e-06,0.0,5.93766183480832e-05,8.599177258637034e-06,0.44092966641294284,1.1097790961804401,-0.33488268327058135,0.0005823320989516279,1.0
2006-06-23,0.00014307224048783462,3.899557464275864e-05,1.4474661128396196e-05,0.0,9.007563513777136e-05,9.503249776618783e-06,0.6661043208167787,1.3067322940750377,-0.289813668396918,-9.976880197710346e-06,1.0
2006-06-26,-0.0007084167752097893,3.2356917880088416e-05,1.6474637788581803e-05,0.0,8.686672193584615e-05,2.1687178959965024e-06,1.1373732214236187,0.318295852413244,-0.04604875411416833,-0.0008462837707103022,1.0
2006-06-27,0.0007195740876190806,1.694427155087498e-05,1.0036902175306878e-05,0.0,5.198338145494856e-05,3.680628176955996e-06,0.4218793916288027,0.42972851067995926,-0.18861702304864789,0.0006369289042609941,1.0
2006-06-28,-0.001794308976352236,2.2460837904061207e-05,8.954945013661983e-06,0.0,7.375028899310616e-05,3.046753582619437e-06,0.5533120785822726,0.42592730094003267,-0.08592730094003269,-0.0019025218018456848,1.0
2006-06-29,-0.0016358388757434304,3.726119805887196e-05,2.7590186696181855e-05,0.0,8.068052793640143e-05,1.097236839163535e-05,1.2498219008363103,1.1390650061940206,-0.7042928836007185,-0.001792343156826521,1.0
2006-06-30,0.002649684644560895,3.9757291663109163e-05,1.2958266749015948e-05,0.0,0.00010340552917818543,1.2676987089512214e-05,1.031593124041588,1.7558597935088074,-0.37387403752924514,0.0024808865698810723,1.0
2006-07-05,0.0019088970713220246,4.576210729296494e-05,1.6535613726243135e-05,0.0,9.616336441164751e-05,1.1499650486468148e-05,1.0457035805029662,1.6475041376564936,-0.2844371440701551,0.001738936335404701,1.0
2006-07-06,0.0010532887611636962,5.238889247163882e-05,1.9040562184358904e-05,0.0,0.00011598863166637047,6.201498756118499e-06,1.0990737385311928,0.8860738145694954,-0.15577797645841232,0.0008596691760852095,1.0
2006-07-07,0.0014258599235401665,3.0246526166357854e-05,1.6677680185451948e-05,0.0,7.242162476994122e-05,4.081834878799529e-06,1.1656907136693122,0.8099958817031312,0.12424762206481026,0.001302432257539616,1.0
2006-07-10,-0.0002435410656559772,3.4672486752020596e-05,2.0488987202854183e-05,0.0,0.00010601605020350736,3.686463884125218e-06,0.936815885347309,0.5249773819141711,-0.0943485506188656,-0.00040840505369848455,1.0
2006-07-11,-0.004217914655818823,1.8448518658027466e-05,8.331665481489917e-06,0.0,5.3289906764944236e-05,3.4112713524631094e-06,0.5394489827186004,0.5706882896201273,-0.0024052975936750473,-0.004301396018075748,1.0
2006-07-12,-0.0033625805453484023,2.8285356560188484e-05,1.2779154696776254e-05,0.0,7.703158762622978e-05,4e-06,0.7445754951267434,0.6478656036406976,-0.024134396359302444,-0.003484676644231597,1.0
2006-07-13,-0.0020369408775926623,3.4270641377785716e-05,1.4186644501879453e-05,0.0,8.935388459798442e-05,4.422989681054197e-06,0.7020279000240393,0.6993249001434861,-0.043737366273619016,-0.002179175037751366,1.0
2006-07-14,-0.000523201436248711,2.9205296351077368e-05,1.7309719153695568e-05,0.0,9.362953900894027e-05,7.006802721088436e-06,0.8527338766037383,0.9392931157886846,-0.23784974135417247,-0.0006703527934835127,1.0
2006-07-17,-0.005321216255722357,4.7634909116862755e-05,1.3800057788761713e-05,0.0,0.00010129929477144111,5.935012715216261e-06,1.1902516730234076,1.3518390874711856,0.3547569513148537,-0.005489885530114639,1.0
2006-07-18,-0.0010289084653889804,3.363665767705145e-05,2.5004293363538773e-05,0.0,9.392650122907593e-05,4.9464402964074655e-06,1.138875563362859,0.6911149205900139,-0.13988704920644052,-0.001186422357955054,1.0
2006-07-19,-0.0014957725705047882,3.151646658014906e-05,5.030786445604102e-06,0.0,7.511975455223785e-05,1.8061054771237494e-06,0.7332676594522125,0.6801117692955067,0.37668604913871667,-0.001609245683559903,1.0
2006-07-20,-0.003172768829471038,7.486894213695072e-05,3.7651733762059253e-05,0.0,0.00015602114435991319,1.1143063224906779e-05,2.023673761794795,1.8293783225060598,-0.04265629927827913,-0.003452453712954868,1.0
2006-07-21,-0.0051947386009832605,2.2676794341601377e-05,7.301266822485124e-06,0.0,6.10086164274434e-05,9.54669409287548e-06,0.5159713495197837,1.6938164066912462,0.08997179908816563,-0.005295271972667666,1.0
2006-07-24,0.00043526129449400486,5.7176887691223706e-05,3.030984220055918e-05,0.0,0.00016470062250159158,6.3493349526384164e-06,1.2822272366733003,0.8520163257326806,-0.21467194631057332,0.00017672460714799194,1.0
2006-07-25,-0.004097360364509046,3.77647734612515e-05,9.396443276821643e-06,0.0,0.00012165212828163216,7.31451325829175e-06,0.8957956793121903,1.421017422948122,0.19217919555510807,-0.004273488222787043,1.0
2006-07-26,0.00432608975599206,3.0424839672234933e-05,1.9750125006064804e-05,0.0,0.0001302374907959712,9.444741154522591e-06,0.9173998044420872,1.4883854032145916,-0.09833111074520373,0.004136232559363266,1.0
2006-07-27,0.0067598394927745505,4.970941813537433e-05,2.162956829023571e-05,0.0,0.00019105162762548766,6.680111735591499e-06,1.3101427879220462,1.1619271739297208,0.039668402350349075,0.006490768766987861,1.0
2006-07-28,0.005834820907880989,3.624419812177871e-05,2.0797861637666067e-05,0.0,0.00014967488602682597,4.105406986064202e-06,1.4864010640976444,1.0616634316664122,0.37195505800762635,0.005623998555108654,1.0
2006-07-31,0.0027109376302082012,3.311250543750039e-05,1.721587299117644e-05,0.0,0.00015243555489982913,3.0206283060975353e-06,0.838103175366615,0.7512834989286605,0.24381794350427458,0.0025051530685735977,1.0
2006-08-01,0.00014405904551654126,2.2347014412956876e-05,1.1197971117826372e-05,0.0,0.00011857540327272318,3.457538560910402e-06,0.7136271766654905,0.8782283752988042,0.2973618970658566,-1.151888184787556e-05,1.0
2006-08-02,0.002516285231654936,2.6634332094187e-05,9.336943295321955e-06,0.0,9.145445904900249e-05,1.5230205020499842e-06,0.6613597429192026,0.6850326158680513,0.4291651715236541,0.002387336476714375,1.0
2006-08-03,-0.002119807189493364,2.311793865994464e-05,9.139504829392856e-06,0.0,0.00010782588819976667,1.9345518331180596e-06,0.652260222838585,0.8801577862895873,0.5551530783257532,-0.0022618250730155865,1.0
2006-08-04,-0.0008750098731715675,3.1362540865907416e-05,3.1177000514955784e-05,0.0,0.00011025521915725684,7.3740184275995546e-06,1.3127262279016683,0.9689385613412194,-0.2698965344955057,-0.0010551786521372872,1.0
2006-08-07,-0.0014108066263780156,2.1229745333630673e-05,7.92793906859096e-06,0.0,7.617167482291493e-05,3.35894104582886e-06,0.6702087356319324,0.5601657524410579,-0.004136343258190456,-0.001519494926648981,1.0
2006-08-08,0.0023700819154392895,1.3316215496357317e-05,8.903548371812417e-06,0.0,7.488077859907366e-05,1.2546294896192958e-06,0.5308803556831625,0.18263304997233448,-0.02814470428370723,0.0022717267434824266,1.0
2006-08-09,0.00019038891134469366,4.875531045371656e-06,2.726886411851269e-06,0.0,2.401765506774617e-05,1.250363009831427e-06,0.16711818256926536,0.1950724979416279,-0.014988487710051852,0.00015751847580989313,1.0
2006-08-10,5.538168727773776e-05,1.5805303527757455e-05,6.940002241126979e-06,0.0,4.701753969787621e-05,2.073389495938165e-06,0.706878901375511,0.6919457953527369,0.3436163600351252,-1.6454547684961038e-05,1.0
2006-08-11,-0.0010592831998609167,1.056225941617177e-05,7.674915694239575e-06,0.0,4.592859103633242e-05,1.938737363574298e-06,0.4247307026368346,0.5866161873309896,0.2609083102505076,-0.0011253877033712348,1.0
2006-08-14,8.024364123065063e-06,3.2682442331124273e-05,1.6875928052260576e-05,0.0,8.214489096647713e-05,1.0670231955512578e-06,0.625248491214948,0.20272272595948104,0.02346282910686974,-0.0001247459204223482,1.0
2006-08-15,0.00112838303081597,7.813985061020347e-06,1.993809870501619e-07,0.0,9.47309142235855e-06,6.440120154688284e-07,0.07668499501929305,0.20947022575574192,0.10127620715697876,0.001110252561330072,1.0
2006-08-16,0.0004705610265744193,1.718942635770934e-05,5.10247140918649e-06,0.0,3.465422854515471e-05,1.8223439331090603e-06,0.3962879386483638,0.5363039294272072,0.23015014866488517,0.0004117925563292597,1.0
2006-08-17,0.0009686669020150962,2.946517462518084e-05,2.0059531793727644e-05,0.0,0.00013365585483637556,5.736300431907751e-06,1.076236884155822,0.8647063791373938,-0.09899209342310811,0.0007797500403279044,1.0
2006-08-18,0.00028810806882033173,1.6810079123700688e-05,8.398917644189329e-06,0.0,9.046364319878697e-05,3.6823772083556196e-06,0.5489001630468019,0.5892613764639711,-0.029377994539772898,0.0001687530516452991,1.0
2006-08-21,-0.0008776963035146005,2.5779647678462347e-05,6.0652315821909665e-06,0.0,4.195352108838922e-05,1.1581109476184386e-06,0.48655823796543557,0.3072813195999488,0.11271868040005113,-0.0009526528148112614,1.0
2006-08-22,-6.68958291899139e-05,2.1166669195290517e-05,9.102540037147783e-06,0.0,8.152802884002307e-05,1.3159879667500997e-06,0.3774643009687209,0.25054298920700835,0.029457010792991623,-0.00018000905522912538,1.0
2006-08-23,0.0027093383584015788,8.188133904962978e-06,3.843255771010806e-06,0.0,1.666046271122738e-05,2.070896602472587e-06,0.12669817718756934,0.33395531460769723,-0.013955314607697292,0.002678575609411905,1.0
2006-08-24,0.0015129775912434385,2.1294037104413143e-05,7.957457155614557e-06,0.0,7.366085503504416e-05,1.7910825566883357e-06,0.3293363878010478,0.2510894449048199,-0.04981242461882054,0.0014082741593916784,1.0
2006-08-25,-0.00015162394274321545,1.02888368215097e-05,1.4263012077240275e-06,0.0,4.511576930744707e-05,1.0283995341603181e-06,0.2466204038597617,0.3303855608694667,0.15761443913053327,-0.00020948324961405656,1.0
2006-08-28,0.003305147712011834,1.0781996099817773e-05,7.060656686047597e-06,0.0,4.276731920317118e-05,1.079201716109766e-06,0.260205701665597,0.18842155679723238,0.007115668490791642,0.0032434585383066877,1.0
2006-08-29,0.001391511869520328,1.1723697237539558e-05,5.1285586138257995e-06,0.0,3.507784767132904e-05,9.053231892723007e-07,0.2410702206762494,0.11604714789887324,-0.036047147898873255,0.0013386764428083612,1.0
2006-08-30,-0.00022049083373993568,1.4612767155970726e-05,7.191237546630133e-06,0.0,3.8729287012858834e-05,2.7380952380952382e-06,0.32203592766897543,0.35,-0.11000000000000001,-0.0002837622206934906,1.0
2006-08-31,-1.6740722394610716e-05,1.197043307725672e-05,4.65288844648898e-06,0.0,3.324104998366135e-05,1.2319885608703804e-06,0.338896274038867,0.19348703911311194,-0.013487039113111957,-6.783708246288814e-05,1.0
2006-09-01,0.000872804209278913,4.819691722956749e-06,2.8740814295463384e-06,0.0,1.71123534657847e-05,0.0,0.19548315493680912,0.0,0.0,0.0008479980826606253,1.0
2006-09-05,0.0,1.608040201005025e-06,1.0399999999999998e-07,0.0,2.61550862237368e-06,0.0,0.039999999999999994,0.039999999999999994,0.039999999999999994,-4.327548823378705e-06,1.0
2006-09-06,-0.0011055276381909483,8.171042133155109e-06,5.245948120833457e-07,0.0,2.923242262564736e-05,8.076976192187073e-10,0.2011733742382053,0.24006784660001435,0.2399321533999856,-0.0011434565054594533,1.0
2006-09-07,-0.002793320287224245,2.2665563934920812e-05,1.200744826186817e-05,0.0,8.458178606119005e-05,1.9055658485579512e-06,0.5666783677808045,0.4491668311780493,0.12903176862031346,-0.002914480651330782,1.0
2006-09-08,0.00434499055186187,2.5736287219671087e-05,1.4823115477874449e-05,0.0,8.925327186631656e-05,3.000806267591344e-06,0.5770339129381616,0.35903634350413893,-0.1450991094512068,0.004212177071030417,1.0
2006-09-11,0.0002499843573005949,3.233552319073594e-05,1.6147520507836705e-05,0.0,0.00011099182191620805,5.011484453403212e-06,0.8723753673962827,0.6659646940858698,-0.17596469408586973,8.5498007232411e-05,1.0
2006-09-12,-0.00204166840489458,1.6187918503025312e-05,4.942841731451413e-06,0.0,3.6371882716340006e-05,4.598239168618247e-06,0.46732555632238915,0.8066596883609707,0.034155508033105325,-0.002103769287014015,1.0
2006-09-13,0.002413651036082869,4.115375398994314e-05,2.3595907227373507e-05,0.0,0.00015174130924548257,1.0253686210070547e-05,1.4632186485569605,1.642309641645926,-0.08030964164592597,0.0021869063794099993,1.0
2006-09-14,-0.0014008845930032028,3.2342949149517394e-05,1.741849210445182e-05,0.0,0.00010645573329600355,8.533810411982284e-06,0.9804013890255306,1.273690137652325,-0.15999001156069842,-0.0015656355779651578,1.0
2006-09-15,-0.004390123089630375,3.704147969264751e-05,1.697818164506532e-05,0.0,0.0001291753818663952,3.4241365634403412e-06,1.2839309282604525,0.74311320488883,0.1678582622308527,-0.004576742269397924,1.0
2006-09-18,0.0025543345246969223,2.3041489125746892e-05,1.540880337531636e-05,0.0,6.731074357884424e-05,2.58531054662346e-06,0.6162886551351514,0.2891660859163708,-0.1451660859163705,0.0024459881780703914,1.0
2006-09-19,-0.002085954191769172,2.0942529654165887e-05,8.401775716053262e-06,0.0,9.260858480865992e-05,3.2955094947864777e-06,0.42529516884155766,0.4116641298654965,-0.14198146525863173,-0.002211202591442837,1.0
2006-09-20,-0.0005542245056886137,2.4416980794726236e-05,6.776320357905053e-06,0.0,9.804125115574425e-05,1.994024793895693e-06,0.39742269281778864,0.2574980826872382,-0.0774980826872382,-0.000685453082790885,1.0
2006-09-21,-0.0015824897639467965,9.717794549292925e-06,5.685373912572637e-06,0.0,3.067950669308956e-05,3.344016969823503e-06,0.19261406548315096,0.3821280883043948,-0.1796667626259536,-0.0016319164560715752,1.0
2006-09-22,0.0005804605130089483,1.2753642338651537e-05,6.698789132795635e-06,0.0,5.124717149310564e-05,5.283062594212135e-06,0.40238061514241363,0.6861619673942052,-0.20139254843343354,0.0005044778474501834,1.0
2006-09-25,-0.0012136934315750913,2.040795228124473e-05,8.006356552181019e-06,0.0,7.657653831977472e-05,7.142857142857143e-07,0.7522401171066349,0.2589274265922119,0.13892742659221194,-0.0013193985644425774,1.0
2006-09-26,0.0024489914964766243,5.8798036205268435e-06,7.908609675380713e-06,0.0,2.8400363893071677e-05,1e-06,0.34263777380607496,0.08593090343280294,-0.08206909656719706,0.002405802719287645,1.0
2006-09-27,0.0005290486988624014,4.949870560768968e-06,3.102096457881869e-06,0.0,2.2652334901561638e-05,1.6745566006718241e-06,0.18049888646719273,0.18259615205944002,-0.09872935685342647,0.0004966698403415171,1.0
2006-09-28,6.948634464059536e-05,1.4012829974298184e-05,3.294515737014538e-06,0.0,5.131456961994676e-05,1.4645690883386258e-06,0.4639720045029919,0.43302380342044455,0.18697619657955544,-6.001397790027452e-07,1.0
2006-09-29,-0.0031647715054615375,1.7293945813218413e-05,1.1806427770417862e-05,0.0,5.391324548680847e-05,1.5625531774699813e-06,0.5185472386837694,0.2712544669074784,0.008745533092521587,-0.003249347677709452,1.0
2006-10-02,0.0006295544077545832,1.9165641187053596e-05,5.994183590797254e-06,0.0,7.315372086447767e-05,1.690740655713236e-06,0.38169773461740963,0.3920222150799118,0.10797778492008818,0.0005295501214565414,1.0
2006-10-03,0.00333326633808037,2.302953865836455e-05,1.3552366534828383e-05,0.0,7.787106455435572e-05,4.199121501758373e-06,0.6214445488040548,0.5735826981750382,-0.13186971412036846,0.003214614246831063,1.0
2006-10-04,0.0021579222975171655,1.8673831363545012e-05,1.0963145481590646e-05,0.0,7.465134664547807e-05,6.175780021659089e-06,0.575790262561301,0.8404705096007736,-0.19706053403795304,0.0020474581940048927,1.0
2006-10-05,-0.00345391603374607,2.51633803202705e-05,1.4247399503718306e-05,0.0,9.596714021328861e-05,8.656343535832678e-06,0.8136522029682913,1.1218500078105023,-0.33241570620938743,-0.0035979502973191805,1.0
2006-10-06,-0.00017916120938094764,3.3834282280438073e-05,1.6329372659928082e-05,0.0,0.00011081829061979121,6.7422447439960665e-06,0.9527088546933065,0.8263485584956696,-0.30634855849566955,-0.0003468853996851011,1.0
2006-10-09,-0.000548308492965662,2.7393809768746327e-05,1.259753992168715e-05,0.0,7.22211146593184e-05,2.2513702436128515e-06,0.9193293139589842,0.32911510046347947,-0.049115100463479514,-0.0006627723275590267,1.0
2006-10-10,0.0021066373808809632,9.402966595148949e-06,4.733629819655391e-06,0.0,4.645939195999271e-05,3.780383434162817e-07,0.3581720443668115,0.09175522084696766,0.028244779153032338,0.00204566335416275,1.0
2006-10-11,0.002722526801522711,3.9113092150511475e-06,2.1473361673088547e-06,0.0,1.1432681178590855e-05,0.0,0.09486215140978602,0.0,0.0,0.00270503547496176,1.0
2006-10-12,0.0,9.783732195298979e-07,8.853788450135812e-07,0.0,4.83063557915843e-06,3.3194805662621537e-07,0.027883636756602093,0.027883636756602093,-0.027883636756602093,-7.026335700328125e-06,1.0
2006-10-13,-0.00012229665244123454,7.235837619297936e-06,4.379373237386083e-06,0.0,2.582449548196066e-05,1.929937104419567e-06,0.3661087833622003,0.39411471677124366,0.06988528322875635,-0.00016166629588429879,1.0
2006-10-16,-0.0021454677563911683,7.666886408430396e-06,6.599426555930851e-06,0.0,3.1239742517163745e-05,3.953741282054351e-06,0.29272669606067003,0.6113932250879575,-0.05283531029717334,-0.002194927553154748,1.0
2006-10-17,0.0015296433289580774,1.224633490639395e-05,5.897932487955745e-06,0.0,4.611927160856321e-05,1.998946696741604e-06,0.48611921129746755,0.380985632989595,0.04516258793700553,0.001463380843258423,1.0
2006-10-18,-0.009096633268848039,1.142022788915126e-05,5.846726939499915e-06,0.0,2.6568847564365497e-05,1.4285714285714284e-06,0.38283958888621894,0.35738331132000867,0.11738331132000873,-0.009141897642669627,1.0
2006-10-19,-0.00036180571724416845,8.25382838539298e-06,4.722085379018103e-06,0.0,2.370812414025252e-05,1.7857142857142857e-06,0.1846967231458792,0.3377834918667458,0.0377834918667458,-0.0004002754694345463,1.0
2006-10-20,0.0018738034572425776,1.0327261685934843e-05,3.2989614450572436e-06,0.0,3.400811368549624e-05,7.138165018015467e-07,0.23635075738512212,0.22343267918562548,0.10351150688296565,0.0018254553039242878,1.0
2006-10-23,0.002156752095484095,1.1386588152337267e-05,6.695780050381253e-06,0.0,4.210750666373363e-05,2.463618507022726e-06,0.3225513171855035,0.45089443073794927,0.037006521558131375,0.00209409860211062,1.0
2006-10-24,-0.0013041732676697271,1.0657769099175898e-05,6.547744483915721e-06,0.0,2.478446175143402e-05,3.5077649018661714e-06,0.30601578442896704,0.5189180258661306,-0.07038647764738627,-0.0013496710079061189,1.0
2006-10-25,0.0043408454867172284,1.3419654418130053e-05,9.959762145524985e-06,0.0,5.2530033578026874e-05,3.043583813014359e-06,0.6406791412998676,0.39851818315034904,-0.11280389743606328,0.004261892452762532,1.0
2006-10-26,0.0004853293556577809,8.754304565413032e-06,6.14472811104728e-07,0.0,2.8683514289518967e-05,2.0984521362412866e-06,0.17977528677306173,0.40679171857470287,0.05425175968616669,0.00044517861185550285,1.0
2006-10-27,-0.00035089642027316995,1.2272237492906928e-05,7.71305490668118e-06,0.0,4.1374745836358345e-05,2.00043133968887e-06,0.40755776706878427,0.3880362325338651,0.051963767466134896,-0.00041425688984880526,1.0
2006-10-30,0.0007561064740581656,1.0900726803197423e-05,8.880259785346314e-06,0.0,4.181012692253637e-05,2.9810239563456013e-06,0.3647459105832236,0.33043181081138373,-0.1703802138546773,0.0006915343365907399,1.0
2006-10-31,-0.00031599614147639367,1.9322668544159454e-05,2.159528330889373e-06,0.0,4.131715415045607e-05,7.68494647130043e-07,0.505824794911722,0.38455355035892363,0.2554464496410764,-0.0003795639871490286,1.0
2006-11-01,-0.0002617878874420984,2.0499905062161543e-05,1.3590287875581829e-05,0.0,6.303019305313222e-05,2.486924648381745e-06,0.5486615592554323,0.3889016704640665,-0.028901670464066567,-0.00036139519808135577,1.0
2006-11-02,-0.0005116271192994696,1.0795469442385173e-05,6.396585311814226e-06,0.0,4.519062231980028e-05,0.0,0.3873710540942146,0.0,0.0,-0.0005740097963734692,1.0
2006-11-03,0.0,6.670909730504829e-07,7.039652950254036e-08,0.0,1.2409397268454566e-06,0.0,0.027075588270207833,0.027075588270207833,0.027075588270207833,-1.97842722939848e-06,1.0
2006-11-06,0.0006094457598579304,8.023251814013454e-06,8.879884924007064e-07,0.0,5.8796026226972956e-05,0.0,0.2570913874805355,0.26659364654953027,0.26659364654953027,0.0005417384933245433,1.0
2006-11-07,-0.0004635923090697625,1.3155580206961701e-05,9.411245474486533e-06,0.0,3.5678295919914345e-05,2.9135149522689725e-06,0.35139550690105625,0.5407352559905937,0.0512647440094063,-0.0005247509456233941,1.0
2006-11-08,-0.002665520749607988,2.6554338831069037e-05,1.3622301639393363e-05,0.0,0.00011112758642146977,4.1166436572940144e-06,0.8951090842838854,0.7697980672126972,0.07820193278730278,-0.002820941620157214,1.0
2006-11-09,-0.004890490583899716,3.165790658531866e-05,1.883845048867019e-05,0.0,9.803587675718753e-05,2.7582484366361714e-06,0.8483697395449912,0.3216928686774384,-0.14169286867743838,-0.0050417810661675284,1.0
2006-11-10,0.0008919355500820324,1.7054313113999626e-05,8.603989124141826e-06,0.0,7.868909020842927e-05,4.771381128000156e-06,0.383569650217342,0.603651766175376,-0.19794026332865042,0.0007828167765074615,1.0
2006-11-13,-0.0009737371430188755,1.3427537901589083e-05,2.6728079868530202e-06,0.0,2.9058513325002112e-05,4.632711331026067e-06,0.2856372049057891,0.741258350678097,-0.0370371529342821,-0.001023528713563346,1.0
2006-11-14,-0.0020587148293490136,2.6144184755689815e-05,6.352055333813547e-06,0.0,9.754532270167337e-05,1.7625861551205446e-06,0.4834479946818384,0.3756689011973033,0.07955442713705183,-0.002190518978295311,1.0
2006-11-15,-0.0003807867503845023,1.598555596210269e-05,1.2334955864989986e-05,0.0,7.159290666152086e-05,2.6539126180234636e-06,0.5716880511818032,0.3129286599139709,-0.13292865991397093,-0.00048335408149113927,1.0
2006-11-16,-6.54810587203123e-05,9.108626819003459e-06,1.7347187976134056e-06,0.0,2.7583119637919946e-05,3.0540881486007318e-06,0.28106977931124577,0.5880553742430663,0.07496856527814325,-0.00010696161212344984,1.0
2006-11-17,0.0023434283453377643,1.8241622709004665e-05,1.3289154066271775e-05,0.0,9.512663524075186e-05,4.505460301628745e-06,0.694377900079841,0.7184586653368146,-0.0384586653368146,0.002212265473020107,1.0
2006-11-20,0.0018175950152362237,2.2486347425935546e-05,1.1516358710014935e-05,0.0,7.722110411828182e-05,5.783754381763928e-07,0.7306810250353457,0.10858353680681698,0.011416463193183006,0.001705792829543815,1.0
2006-11-21,0.0007356660606104425,5.034605346838162e-06,5.421405942301892e-06,0.0,2.490070981389795e-05,2.0075387368237287e-06,0.18078538314698664,0.16863325389319317,-0.16863325389319317,0.0006983018007705807,1.0
2006-11-22,-0.0009196368300913723,4.266824175856381e-06,1.9972234961269705e-06,0.0,8.156457278354427e-06,2.0238095238095237e-06,0.21847658474154732,0.2895218994021112,-0.050478100597888806,-0.0009360811445655196,1.0
2006-11-27,0.003478529472664316,8.474597315207504e-06,2.772310297972785e-06,0.0,7.777939262959634e-06,1.4073593073593073e-06,0.5191324010193717,0.6013947441131595,0.36495838047679596,0.0034580972664808164,1.0
2006-11-28,0.0012595207293623696,2.9227365864664726e-05,1.4210829915610829e-05,0.0,8.785705333518982e-05,3.4013605442176872e-06,0.7805161316655445,0.8835472332684412,0.3121186618398698,0.0011248241197026865,1.0
2006-11-29,0.004215135224325909,2.6197104383696846e-05,1.1406855562845953e-05,0.0,3.742151858008463e-05,2.936507936507936e-06,0.6163487302553183,0.781828718818906,0.2884953854855727,0.004137173237862773,1.0
2006-11-30,0.00035743228194762153,4.475452997321248e-05,1.4665516878642041e-05,0.0,0.00010388432008735801,7.632556202773066e-07,0.967970098276969,0.6412717955030968,0.5130448512965093,0.00019336465938813168,1.0
2006-12-01,-0.00206634183802713,1.4952775122139368e-05,1.6195159373621115e-05,0.0,1.3974877386557125e-05,3.8924953142135024e-06,0.5810103035224493,0.625443850258175,-0.028495362529693397,-0.0021153571452236612,1.0
2006-12-04,-0.0017086026590858732,1.6703778931139854e-05,6.695576777006467e-06,0.0,5.3812363350026125e-05,9.622873907130777e-07,0.43893885958128254,0.2109186204655429,0.04925433882574586,-0.0017867766655347587,1.0
2006-12-05,-0.000280538964965477,1.1905571762841749e-05,7.288171830471248e-06,0.0,4.078285533980489e-05,1.754223210377998e-06,0.3856793830926942,0.24911869161689656,-0.045590807726607126,-0.00034226978710897286,1.0
2006-12-06,-0.00033075783930915494,1.1522363546266248e-05,6.332546812799061e-06,0.0,3.4273713187318605e-05,1.0714285714285714e-06,0.46049959081039105,0.2711156764523097,0.09111567645230975,-0.00038395789142696744,1.0
2006-12-07,-5.4049575369438966e-05,8.639700505425454e-06,3.3674810873641336e-06,0.0,1.964849657872079e-05,1.41443345636562e-06,0.2535584423149625,0.41919406059493164,0.18156923992550744,-8.711968699731497e-05,1.0
2006-12-08,0.0016234189851634328,1.0802421962411195e-05,6.98939843036204e-06,0.0,2.7379738450311933e-05,2.1428571428571427e-06,0.26797078809773023,0.3930133683422093,0.0330133683422093,0.0015761045691774906,1.0
2006-12-11,0.0019185667042737357,6.88221882222966e-06,3.532439750118278e-06,0.0,2.7248096691028862e-05,1.9096731607063032e-06,0.28904775206644084,0.4420422102502914,0.12121711925163242,0.0018789942758496525,1.0
2006-12-12,-0.0015877288191707697,1.6372761200000322e-05,7.0173558762849524e-06,0.0,4.1115790151606744e-05,9.523809523809522e-07,0.4414479464280542,0.2718678914602495,0.1118678914602495,-0.0016531871073510427,1.0
2006-12-13,-8.34059868843706e-05,2.452760577913232e-06,3.3020601439063757e-06,0.0,5.769310164326879e-06,1.4285714285714286e-06,0.13734163745184705,0.2539405148088265,0.013940514808826548,-9.635868919908852e-05,1.0
2006-12-14,-0.0009492510224359966,7.939324052351569e-06,2.8557255388567083e-06,0.0,3.0727580417159504e-05,3.9081399324761364e-07,0.3393773053960488,0.2704188868354662,0.20476213596986717,-0.000991164466437612,1.0
2006-12-15,-0.001082179945113224,7.968627156032924e-06,4.361264723746944e-06,0.0,2.317839964215557e-05,6.82441478816733e-07,0.21727856876826956,0.254923390530988,0.14027322208977688,-0.001118370678113976,1.0
2006-12-18,9.596761033230601e-05,2.526576984987022e-05,1.3907163719437964e-05,0.0,8.836436851945816e-05,3.414936397627328e-06,0.7001997657939765,0.6335213240673623,0.059812009265971106,-3.498462815408767e-05,1.0
2006-12-19,-0.0004089141868453913,1.5625248905172742e-05,7.564510877194368e-06,0.0,3.3125143089790666e-05,3.229900043438923e-06,0.4579333187902779,0.5756207315011229,0.03299752420338379,-0.000468458989760988,1.0
2006-12-20,0.00038113839452437524,2.5646526355931068e-05,1.2623357177075122e-05,0.0,9.42988650218453e-05,1.7875056569618345e-06,0.8033484438917082,0.421300236624983,0.12099928625539488,0.0002467821403125619,1.0
2006-12-21,3.91524176611152e-05,8.404265107057195e-06,5.933410234959397e-06,0.0,2.531261343297881e-05,7.138650513208816e-07,0.2863493249346385,0.1344780130968366,0.014548684474928485,-1.2117361652010835e-06,1.0
2006-12-22,-0.0009829243645744232,4.584904884742175e-06,2.0958507437541175e-06,0.0,2.2728173983836235e-05,0.0,0.12533162093362282,0.008658167445282462,0.008658167445282462,-0.0010123332941867557,1.0
2006-12-26,5.189798631226794e-05,7.037015093189038e-08,2.1922624230264605e-07,0.0,0.0,0.0,0.00871006543159473,0.0,0.0,5.16083899190334e-05,1.0
2006-12-27,0.0,0.0,0.0,0.0,0.0,0.0,0.0,0.0,0.0,0.0,1.0
2006-12-28,0.0,9.476500922383687e-08,3.063231540655914e-08,0.0,0.0,0.0,0.011781659771753517,0.011781659771753517,0.011781659771753517,-1.2539732463039602e-07,1.0
2006-12-29,-4.9751629842512847e-05,5.4610406785395425e-06,1.4709331994105664e-06,0.0,1.6417397136037308e-05,4.761904761904761e-07,0.158268091858089,0.16999999999999998,0.09000000000000001,-7.357719133269074e-05,1.0
2007-01-03,-0.0003497864283088098,4.740334225661077e-06,3.3359184764427905e-06,0.0,1.89798352130034e-05,7.142857142857143e-07,0.1410230158572196,0.15171805192515672,0.031718051925156726,-0.0003775568019382028,1.0
2007-01-04,-0.0008013551131388915,1.7710495355774535e-05,9.313463775785664e-06,0.0,4.79413070673412e-05,3.253968253968254e-06,0.6790548094113038,0.7453919056852407,0.19872523901857403,-0.0008795743475917612,1.0
2007-01-05,-0.0014891496776793926,1.1288216290498815e-05,4.6241640120377455e-06,0.0,3.264789612498184e-05,3.888888888888889e-06,0.3338113520495863,0.9654218602645878,0.31208852693125444,-0.0015415988429957998,1.0
2007-01-08,2.7720893349230486e-05,3.667338886588841e-05,1.5882043678336533e-05,0.0,0.0001262298075215048,1.6666666666666669e-06,1.1011249832254384,0.7797692575741654,0.4997692575741654,-0.0001527310133831659,1.0
2007-01-09,-0.0016107103664716829,2.1170327305010483e-05,1.3089066912962665e-05,0.0,5.298279911823574e-05,3.155657962109575e-06,0.6669412905461561,0.8676179397602582,0.33746740212584975,-0.0017011082177700013,1.0
2007-01-10,0.003150791690893524,1.6894836977219267e-05,1.2213564529692192e-05,0.0,5.823165363776424e-05,3.096105641239695e-06,0.565635709875834,0.6759217525472094,0.15577600481894083,0.0030603555301076083,1.0
2007-01-11,-0.0011536102061852499,1.7214473128539346e-05,6.653326195091028e-06,0.0,4.961481316692465e-05,2.445020719102218e-06,0.6145846473313172,0.7961277604995618,0.3853642796903892,-0.001229537839394907,1.0
2007-01-12,0.0034797661095476076,2.1296574149670682e-05,7.174622349100293e-06,0.0,6.319223111511056e-05,2.693835335562767e-06,0.4988697860439456,0.953523057835026,0.5009587214604811,0.0033854088465981634,1.0
2007-01-16,0.001575767557763932,2.1601934688870826e-05,2.3191942699340714e-05,0.0,4.75117254258059e-05,4.190383483883228e-06,0.9222155487008852,0.5356915679797716,-0.1682928573126108,0.0014792715714660315,1.0
2007-01-17,0.0014056024970764758,1.2738270626760968e-05,6.143119493160492e-06,0.0,3.105398490114885e-05,2.5845441435440625e-06,0.4276451582124565,0.33710170805770123,-0.09710170805770126,0.0013530825779118614,1.0
2007-01-18,0.0017003600541380683,1.308826518441348e-05,4.670314503173117e-06,0.0,3.1528900170974694e-05,1.8246626736813667e-06,0.2945904316878297,0.24447615728764532,-0.06206717189082426,0.0016492479116058257,1.0
2007-01-19,-0.0022180082254167287,9.61607833072123e-06,4.8409703288454675e-06,0.0,2.5818292584829044e-05,2.1428571428571427e-06,0.48523279911530204,0.5241307439351666,0.16413074393516658,-0.0022604264238039818,1.0
2007-01-22,-0.0007490135662984144,1.5497809120507693e-05,1.152792240495208e-05,0.0,7.349957355923931e-05,2.9695830526916086e-06,0.5848086996337248,0.507612638917445,0.008722686065254795,-0.000852508454435805,1.0
2007-01-23,0.0001264801901171307,1.2245031536029764e-05,1.34599880281445e-05,0.0,3.7005947468512374e-05,5.129048883641118e-06,0.6857155414025187,0.590359700954033,-0.27132051149767483,5.864017420080293e-05,1.0
2007-01-24,-0.002901082560180149,1.3721634916898556e-05,8.298251504356547e-06,0.0,3.4458384201871876e-05,4.843717201984949e-06,0.44791220639392076,0.4668722449667358,-0.3468722449667358,-0.002962404548005261,1.0
2007-01-25,0.0038337833628111604,2.2344101976977713e-05,6.147258546988168e-06,0.0,6.269423600243899e-05,2.8385347387361513e-06,0.7936289545808024,0.6828654894824082,0.20599165337473474,0.0037397592315460194,1.0
2007-01-26,3.925755296226648e-05,4.89116988957699e-05,2.623183097011872e-05,0.0,0.00012190249085939129,7.2373052057297395e-06,1.3838465145838628,1.2409427249019693,0.02507545033937305,-0.00016502577296874317,1.0
2007-01-29,0.0018518370353146569,4.079139079691605e-05,1.620679397346933e-05,0.0,0.00010069148793270402,2.668286842706298e-06,0.9458399963962618,0.5948558331394896,0.1465836435648316,0.001691479075768861,1.0
2007-01-30,-0.0002579252831343038,3.4424372820865354e-05,1.701942776647159e-05,0.0,8.159984932598608e-05,3.10342749958617e-06,0.8186389511688078,0.42192154412783933,-0.09945427580263719,-0.00039407236054721305,1.0
2007-01-31,0.0013517555959803996,1.3352769346463298e-05,7.29780883649414e-06,0.0,4.513357569088605e-05,2.9976821987973834e-06,0.4595427684882281,0.4304912349743837,-0.07311937442357672,0.0012829737599077589,1.0
2007-02-01,0.0018844170365240488,2.9227013696991976e-05,7.057860691810639e-06,0.0,5.39438074181015e-05,2.8229033708148388e-06,0.6023968474873536,0.6307360443873442,0.15648827809045138,0.0017913654513463297,1.0
2007-02-02,-0.0026830713760149704,2.6704117754940683e-05,1.9276583742659682e-05,0.0,7.557923325434942e-05,6.609214432879974e-06,1.0900040968884963,1.1009921941800997,-0.009355830543736066,-0.0028112405251998003,1.0
2007-02-05,0.00023025386398414652,3.511981462167232e-05,1.9030571634723242e-05,0.0,8.913346891758453e-05,2.29173868336381e-06,1.0961929189628057,0.42650604940256,0.04149395059744,8.46782701268026e-05,1.0
2007-02-06,0.000589178159130073,2.2746880979865548e-05,9.532345932232378e-06,0.0,6.328163893363338e-05,2.244227393498104e-06,0.5308600177043348,0.431491262970084,0.054461060862402544,0.0004913730658908436,1.0
2007-02-07,0.0003914738358790811,7.924000993002588e-06,4.8166871813652075e-06,0.0,2.295496128172108e-05,1.5317125694944767e-06,0.19861012717706528,0.23182355448310313,-0.02550415719196894,0.00035424647385349774,1.0
2007-02-08,-0.00039435479516161095,1.0316105311638391e-05,7.089928514097175e-06,0.0,2.8213740439608954e-05,2.483047086708741e-06,0.30781014651500405,0.27321752616925604,-0.14393438439781248,-0.0004424576165136642,1.0
2007-02-09,0.001812152453573318,1.519858062197854e-05,8.570270965616238e-06,0.0,6.018677462185628e-05,4.411415323723872e-06,0.4860903379012047,0.550163854075781,-0.19095392030982977,0.0017237854120401431,1.0
2007-02-12,0.0002716406010858195,2.3539531966462e-05,9.34605040215306e-06,0.0,4.011170437971343e-05,2.5279932595368833e-06,0.5198131900866912,0.37287498791345913,-0.05182787968873728,0.00019611532107795412,1.0
2007-02-13,0.0010085646143708467,2.4711928796429342e-05,3.888549941812504e-06,0.0,4.63549171456439e-05,0.0,0.39087284601530403,0.16027905784736324,0.16027905784736324,0.000933609218486961,1.0
2007-02-14,0.001714579363772519,1.1377877552261511e-05,4.751941472335557e-06,0.0,6.068106126136061e-05,1.6964836709871602e-06,0.33156210542569536,0.49355574263683116,0.20854648591098823,0.001636071999815574,1.0
2007-02-15,0.0009404429766208982,3.4064091632403506e-05,1.894509847801163e-05,0.0,5.2454346296049185e-05,5.4481310906193805e-06,0.9123168538153468,0.7250715830405994,-0.1902144401834565,0.0008295313091238145,1.0
2007-02-16,-0.0020646973169235116,3.4266750125033676e-05,7.597312488753411e-06,0.0,3.2039569040447015e-05,3.4787272603584542e-06,0.4400214937879947,0.6336416612986816,0.0492154815584613,-0.002142079675838104,1.0
2007-02-20,0.0009663123954565556,9.606054192313127e-06,6.123588521439036e-06,0.0,4.4135991537129864e-05,1.440795497729662e-06,0.35562776221458436,0.2810268218092916,0.038973178190708405,0.0009050059657079439,1.0
2007-02-21,-0.0001129560288809751,1.3734644481553873e-05,7.086786999498085e-06,0.0,2.9068736697106357e-05,8.130499488718457e-07,0.30196816539871757,0.15829619570523504,0.021703804294764956,-0.00016365924700800528,1.0
2007-02-22,-0.0003297283916802629,5.706468604168999e-06,4.664560236226438e-06,0.0,1.3509032177898542e-05,2.521605685509627e-06,0.20394206750697288,0.3618148775828086,-0.06181487758280865,-0.0003561300583840665,1.0
2007-02-23,-0.0006312898187632606,6.937944739191249e-06,4.1107095519470785e-06,0.0,2.959130249690743e-05,1.8117898981767185e-06,0.31620090927002564,0.29619035144684436,-0.00819035144684433,-0.0006737415654494831,1.0
2007-02-26,-0.003654023437671606,1.4444445941607606e-05,1.1097902107120028e-05,0.0,4.142884881527751e-05,4.387027669280785e-06,0.39785412746589643,0.43540696243749594,-0.30161368600167576,-0.003725381662204892,1.0
2007-02-27,0.007452627133196218,1.9879570716515077e-05,6.249626578898099e-06,0.0,3.092128472149069e-05,3.49031447040237e-06,1.0436088825931384,1.0582496059668627,0.47187677493926433,0.007392086336708912,1.0
2007-02-28,0.00845216648347381,3.8700664297121026e-05,2.0924291278414906e-05,0.0,0.00010244701810431155,9.223912099678516e-06,1.1100588978675654,1.810236258840567,0.2606190260945758,0.008280870597694284,1.0
2007-03-01,0.0005791939409474678,1.7354083564674383e-05,9.786668894344797e-06,0.0,3.3132032493557514e-05,9.796431810088358e-06,0.5524065529547629,1.8900089720881597,0.24420842799331557,0.0005091247241848027,1.0
2007-03-02,-0.0050136416459719444,6.815591796664824e-05,3.3728303024346615e-05,0.0,0.00016457306889968595,2.5345953532853944e-06,2.140827605350684,0.753119009512942,0.32730699016099574,-0.005282633531215911,1.0
2007-03-05,-0.0009338505733121664,3.9451591907116486e-05,1.6771450224364117e-05,0.0,0.00011310473991152104,0.0,1.15555528513601,0.6171540920409692,0.6171540920409692,-0.001103178355355168,1.0
2007-03-06,0.010073514068273243,1.9416385600783097e-05,1.412055633189558e-05,0.0,7.988473238709355e-05,3.215254674060027e-06,0.5877072334493176,0.8701294218718082,0.32996663662972364,0.00995687713927941,1.0
2007-03-07,-0.0005674976157846959,3.0018443326769033e-05,1.348749236787931e-05,0.0,0.00011392625501187169,2.3597702970545404e-06,0.9705827761042072,0.9249217388760498,0.5284803289708871,-0.0007272895767882705,1.0
2007-03-08,0.002017345320460107,1.1445781452325155e-05,4.027476342245588e-06,0.0,3.617575492235679e-05,1.8289152108497592e-06,0.28345950096113115,0.9044308674414867,0.5971731120187271,0.0019638673925323298,1.0
2007-03-09,0.002837478349803215,1.7515976179578694e-05,2.253181505352534e-05,0.0,3.4399967296196795e-05,2.925878214519567e-06,0.9503080449558837,0.4258160235407704,-0.06573151649851686,0.0027601047130593947,1.0
2007-03-12,-0.00024142089660602716,1.8992744260082983e-05,1.1121395764275751e-05,0.0,5.0995163281824065e-05,4.884187171119813e-06,0.48634588741314955,0.6034383566342237,-0.21710508811390486,-0.00032741438708332974,1.0
2007-03-13,0.003574094699832709,4.133667832498216e-05,8.79554898512275e-06,0.0,8.873697072038514e-05,8.231632029455502e-07,1.4249170711439036,0.9940339587641723,0.85574254066932,0.003434402338599273,1.0
2007-03-14,0.0059952946844857215,3.989949959655233e-05,3.1823018845916435e-05,0.0,0.00010630255858010475,1.0669277983182436e-05,1.0175739536003297,1.731535728498403,-0.06090297267624592,0.005806600329479965,1.0
2007-03-15,-0.0006647962443319646,2.3569630432279474e-05,9.846324726106812e-06,0.0,6.40039365013124e-05,1.0384812398762175e-05,0.7240309831456497,1.822439415786888,0.07779093279484275,-0.0007726009483904255,1.0
2007-03-16,0.0027933120603877712,5.858155984536676e-05,2.1178907593775636e-05,0.0,0.00014554298219033386,2.0486017640946875e-06,1.4158714351595285,0.734215113807388,0.3900500174394805,0.0025659600089942003,1.0
2007-03-19,0.00405485279468988,1.41882830015923e-05,5.179003964792394e-06,0.0,3.9472096945804314e-05,2.3072449064238487e-06,0.35770031026929294,0.8426004987238616,0.454983354444655,0.003993706165871267,1.0
2007-03-20,0.004602033950642875,2.561619847731444e-05,2.3475143405380976e-05,0.0,5.766131552766454e-05,3.212231583352374e-06,1.1636689243417693,0.5300388269321481,-0.00961607907105072,0.004492069061649163,1.0
2007-03-21,-0.00035557553898577995,1.1455920587509887e-05,8.390975039942504e-06,0.0,3.3593686949662e-05,3.999281615760356e-06,0.37283300416980447,0.5166164017719682,-0.15526290967577164,-0.0004130154031786547,1.0
2007-03-22,-0.002880898491014566,2.281979320810945e-05,9.967378027802037e-06,0.0,8.628286305230829e-05,5.0397958751904935e-06,0.7756732830061162,0.9050571392302871,0.05837143219828428,-0.003005008321177976,1.0
2007-03-23,-0.0036398049036759344,2.714350109421049e-05,1.4519448162638698e-05,0.0,5.330569403413209e-05,7.028958691050038e-06,0.8757122301114993,1.0855164629019205,-0.09534859719448621,-0.003741802505657966,1.0
2007-03-26,-0.0001415643884521424,3.574206755907572e-05,1.7066747568118898e-05,0.0,7.281742899398017e-05,1.3057013821676996e-06,1.0943869217784115,0.3896789161020867,0.1703210838979132,-0.0002684963339554849,1.0
2007-03-27,-0.0018945964661738414,8.82809546823059e-06,8.070276227329422e-06,0.0,2.7673905654003568e-05,0.0,0.5084767679255122,0.16453903050308086,0.16453903050308086,-0.001939168743523405,1.0
2007-03-28,-0.0012305410021630008,2.0487386832531765e-05,1.118212817746846e-05,0.0,4.083217754748786e-05,3.4523809523809515e-06,0.5823739644604614,0.7024286532069063,0.12242865320690632,-0.0013064950756728698,1.0
2007-03-29,0.0004913733894877997,2.1255608184593645e-05,7.91227831065023e-06,0.0,3.8909470942575e-05,3.933224755700325e-06,0.29954166732559295,0.7574455799220294,0.09666382096437481,0.00041936280729428047,1.0
2007-03-30,0.0008415764697447784,3.4392843221101645e-05,1.6044528179952612e-05,0.0,7.128894562630464e-05,1.6666666666666665e-06,0.8648510787239124,0.17078037119208106,-0.10921962880791894,0.0007181834860507528,1.0
2007-04-02,-0.001644286112385369,2.793822598836997e-06,3.6836343178871124e-07,0.0,1.5882706381373413e-05,0.0,0.14167824299565815,0.03081432807535384,0.03081432807535384,-0.0016633310047973681,1.0
2007-04-03,0.0003303078645625017,7.534707563073813e-06,6.14972320048459e-06,0.0,3.5791784762964834e-05,2.2381978938620516e-06,0.2360086230844123,0.2671532590243286,-0.10886398714449597,0.0002785934511421164,1.0
2007-04-04,-0.00229790119190346,1.3340055373030343e-05,3.913870344579957e-06,0.0,5.34086673994114e-05,1.9078175754958756e-06,0.4066876171597934,0.39143526916484267,0.07092191648153554,-0.0023704716025959773,1.0
2007-04-05,0.0017293313832142012,1.9353488017773086e-05,1.3051158911870827e-05,0.0,5.145941437701976e-05,3.3956073666839325e-06,0.6876459566033375,0.46523101880145035,-0.10523101880145036,0.0016420717145408537,1.0
2007-04-09,-0.0019151972157119656,9.371235463892781e-06,3.6657707683202153e-06,0.0,2.6289411041888526e-05,2.4559395937662396e-06,0.2832650953178373,0.37829892587636416,-0.034298925876364156,-0.0019569795725798336,1.0
2007-04-10,0.0017451928880336527,1.714656575894514e-05,8.106865123016366e-06,0.0,3.0332731049063177e-05,1.2597746204996332e-06,0.414456406275984,0.20582106812196915,-0.00582106812196919,0.0016883469514821284,1.0
2007-04-11,-0.00022235720781637252,3.80371443376408e-06,2.14948829884922e-06,0.0,1.1354329022803221e-05,1.9718040284961035e-06,0.1595881130638871,0.329430459558311,-0.001832617229034314,-0.00024163654360028516,1.0
2007-04-12,0.0019189859258998277,1.4109350375671285e-05,8.695631145835236e-06,0.0,4.478355722522565e-05,2.1428571428571427e-06,0.4013252490406386,0.24465164628036282,-0.11534835371963718,0.0018492545300102384,1.0
2007-04-13,-0.00021801730213734548,1.1348155959495046e-05,9.088043497572708e-06,0.0,4.676347710688374e-05,4.2517006802721096e-06,0.4770691144722189,0.4951363037728481,-0.21914941051286613,-0.0002894686793815691,1.0
2007-04-16,-0.003972116913912284,1.8471442738705327e-05,5.949205321441083e-06,0.0,6.171168848437709e-05,2.948278039834836e-06,0.5682797736777064,0.5259996000777636,0.03068888938551105,-0.004061197528496642,1.0
2007-04-17,0.0010101311437287854,4.275414013346888e-05,9.035996585808048e-06,0.0,9.90432597365137e-05,4.48070844569872e-06,0.7759327430385375,1.048065388489779,0.295306369612394,0.0008548170388272961,1.0
2007-04-18,-0.002211966112856061,3.8135846387589484e-05,2.174102084403962e-05,0.0,0.00014037429327903465,8.685698014236312e-06,1.2612666469569673,1.5445751004230122,0.08537783403131163,-0.002420902971380961,1.0
2007-04-19,5.239475426044825e-05,5.230804720685299e-05,2.782822697778433e-05,0.0,0.00014009981628901845,7.937273595502052e-06,1.079588360027243,1.0436139532905677,-0.2898480107537772,-0.00017577860980870957,1.0
2007-04-20,-0.002072516494160878,3.018599556758758e-05,1.7962272708519973e-05,0.0,9.845160609229751e-05,8.537887997538499e-06,0.7569006278923508,0.894191743413318,-0.5401734401731497,-0.0022276542565268214,1.0
2007-04-23,0.0024914949115434053,2.5412866926769128e-05,5.797646416998978e-06,0.0,6.242475794381306e-05,2.3626035016316917e-06,1.032477246015333,0.6574212808800841,0.26050389260595985,0.0023954970367541925,1.0
2007-04-24,0.0038441499046990117,2.0981559161263876e-05,1.0620811187594864e-05,0.0,4.61089822025036e-05,3.567754662046303e-06,0.4886982892953942,0.7616390985903466,0.16225631536656776,0.003762870797485603,1.0
2007-04-25,0.0018486658481233252,3.7902734183182976e-05,1.9863925425603234e-05,0.0,8.065991487154864e-05,2.2974516979061004e-06,1.079915494280836,0.43298594262411244,0.04701405737588754,0.0017079418219450842,1.0
2007-04-26,-0.0012065043058901677,1.5021526073370493e-05,7.273480167450609e-06,0.0,4.334751184980827e-05,3.297867305014736e-06,0.41935935003044145,0.6010208536212378,0.04697914637876219,-0.001275444691285812,1.0
2007-04-27,-0.00027677279820484814,1.839897273747164e-05,1.1831964105981861e-05,0.0,4.2878279676950366e-05,4.81528225823539e-06,0.5919111817292368,0.6844837096917726,-0.12448370969177275,-0.0003546972969834874,1.0
2007-04-30,0.0008093474312334316,1.8416776230168282e-05,7.445600590604108e-06,0.0,6.132678015985947e-05,3.6928378944053684e-06,0.7609740927726598,0.8973412402729081,0.2769444740128062,0.0007184654363583945,1.0
2007-05-01,-0.0016717871111776076,2.1382722492805193e-05,1.558799831238012e-05,0.0,7.419464685948159e-05,3.779049277911619e-06,0.7397315942519456,0.6655677803793527,0.030687501690200902,-0.0017867315281201862,1.0
2007-05-02,-0.0008147307916109769,2.9402063865631646e-05,1.8486078351999316e-05,0.0,7.014970048440987e-05,5.170068027210885e-06,0.7401879037135812,0.6453455310757438,-0.2232258974956848,-0.0009379387023402286,1.0
2007-05-03,0.0014921833362650512,2.9016187377801373e-05,8.489751307690362e-06,0.0,8.089830275732074e-05,1.918367346938776e-06,0.5898153683131425,0.1735996160288804,-0.14868609825683388,0.0013718607274753,1.0
2007-05-04,-0.0017340570806134914,7.84486271243157e-06,2.793783516310128e-06,0.0,1.544059069905298e-05,1.1904761904761902e-06,0.22292411232477222,0.11250395698732486,-0.0874960430126751,-0.0017613267937317623,1.0
2007-05-07,-0.00038545932705476207,5.344286350308047e-07,2.9032019176980083e-07,0.0,4.156682641886723e-06,9.523809523809522e-07,0.11157058950684012,0.18366735328640507,0.023667353286405127,-0.0003913931394758303,1.0
2007-05-08,6.068069778860962e-05,5.620081188445887e-06,4.084198664501813e-06,0.0,9.980576670319494e-06,4.761904761904761e-07,0.25568591588376677,0.09763378548649965,0.017633785486499666,4.051965078915195e-05,1.0
2007-05-09,-0.0015015633492194468,9.08891914937351e-06,3.9754764116348634e-06,0.0,2.2580823856842573e-05,1.7036938762642835e-06,0.22957702796719517,0.2909019718748543,0.004681400662454642,-0.001538912262513562,1.0
2007-05-10,0.0014112012670989566,1.761391111967191e-05,6.0676126425277465e-06,0.0,5.960093548336003e-05,1.960739161018392e-06,0.44244725666254614,0.5372182311915766,0.20781405214048684,0.0013259580686923785,1.0
2007-05-11,0.0022313737482171463,4.237926867353309e-05,2.1940956382798392e-05,0.0,6.268842533545435e-05,7.1557197257252925e-06,0.879108399322343,1.1007684327171503,-0.10139248120469871,0.002097209378099635,1.0
2007-05-14,-0.002183899028180488,1.972470131569015e-05,7.116542246821266e-06,0.0,5.909295072933793e-05,5.011143862942183e-06,0.5509540416842624,0.8557487420737828,0.01387657309949597,-0.002274844366335279,1.0
2007-05-15,0.0028106787463490243,3.361854371722072e-05,1.127742216066348e-05,0.0,7.827104649018583e-05,8.441984871048158e-07,0.7686124026368146,0.26473808550846656,0.1229127396748575,0.0026866675354938496,1.0
2007-05-16,-0.00016723945907704007,1.310703624197096e-05,9.835005456356402e-06,0.0,3.687823018660949e-05,2.781100921093272e-06,0.43064088603053546,0.3879122086435402,-0.07931274610012959,-0.0002298408318830702,1.0
2007-05-17,0.0010288592565477293,2.0334262840666338e-05,2.6210321728410573e-06,0.0,2.8710070667517215e-05,2.3995173117980133e-07,0.3258489323643178,0.18024499495415375,0.13993310411594712,0.0009769539391355248,1.0
2007-05-18,0.0007598408986455541,1.5308397271820187e-05,1.0961362047194932e-05,0.0,4.101914408061973e-05,3.5376308339503525e-06,0.41174090431132515,0.4832740208069268,-0.11104795929673247,0.000689014364411969,1.0
2007-05-21,0.0014034113208333358,2.325727275571007e-05,5.207115825746503e-06,0.0,3.3864917688267316e-05,1.0091776171087362e-06,0.4697502189419854,0.2887709198371339,0.11922908016286615,0.0013400728369465033,1.0
2007-05-22,-1.2703447738969574e-05,2.9321997960756546e-05,1.3041614293712187e-05,0.0,5.485777301725483e-05,3.238095238095238e-06,0.6837536988905514,0.6367592946380942,0.09275929463809426,-0.00011316292824878838,1.0
2007-05-23,0.0005011696627849592,4.648801996051338e-05,1.3599058315024548e-05,0.0,0.0001145880068991241,2.4451407036843523e-06,0.868223566734484,0.7737631783939944,0.36297954017502326,0.00032404943690661275,1.0
2007-05-24,-0.003363314289420257,2.7195768006458152e-05,1.5877571236989623e-05,0.0,4.443838132462757e-05,3.527981006502816e-06,0.6869946263724227,0.6482652172479755,0.05556440815550236,-0.003454353990994835,1.0
2007-05-25,-0.003431307812875762,2.4183065814127882e-05,1.7916736345099084e-05,0.0,0.00010241199739289342,5.778466508527851e-06,0.8671077534675528,0.7935535158949791,-0.17722885753769985,-0.0035815980789364104,1.0
2007-05-29,3.59389292675794e-05,1.544913375823826e-05,9.50117746807394e-06,0.0,8.559067192411799e-05,2.9706597927286834e-06,0.7178493782830815,0.438090822422225,-0.06098002275619376,-7.757271367557947e-05,1.0
2007-05-30,-0.001442640352389672,2.1396315937978144e-05,1.934244598715611e-05,0.0,6.491510141184616e-05,6.316888436016702e-06,0.7933123183674871,0.5496968691933672,-0.511540388057439,-0.001554611104162669,1.0
2007-05-31,-0.000877275196566006,2.923947166418528e-05,5.364870723907316e-06,0.0,6.240884926441151e-05,7.27343490110216e-06,0.7392665095337242,1.1709685316925813,-0.05096853169258154,-0.0009815618231196123,1.0
2007-06-01,-0.0011935626904248254,2.2122423052608213e-05,1.2289386332822113e-05,0.0,5.104013530385943e-05,6.639696972924696e-06,0.7064872386462236,1.07250019960013,-0.042968891851218854,-0.00128565433208704,1.0
2007-06-04,0.0012450018972383857,3.481260450237746e-05,1.5949405034521042e-05,0.0,3.912093823385142e-05,3.6734579615006193e-06,0.7081634252847693,0.5105634663649224,-0.10657747116718154,0.0011514454915061351,1.0
2007-06-05,0.0008040680237479724,1.9116447481184497e-05,7.55853654912017e-06,0.0,5.7076851629081316e-05,1.9364073557492315e-06,0.5489499781428205,0.2706582178829354,-0.054658217882935414,0.0007183797807328371,1.0
2007-06-06,0.0011866129200360726,1.3506951028172579e-05,3.1900369961510703e-06,0.0,4.049965805959076e-05,8.498099715830104e-07,0.6809713805122988,0.6678751529131584,0.5251070776872127,0.0011285664639805752,1.0
2007-06-07,-0.009613348483446322,2.3708407326373427e-05,1.0035461322199667e-05,0.0,5.4147823931305204e-05,0.0,0.8076792932749015,0.7574285714285715,0.7574285714285715,-0.0097012401760262,1.0
2007-06-08,0.009369948033454357,1.7756241250933294e-05,1.9664515366709242e-05,0.0,4.297133905221515e-05,5.431972789115646e-06,0.7871636023009334,1.1071164612551265,0.1945450326836981,0.009284123964995384,1.0
2007-06-11,0.005814421720813231,3.1929351883127e-05,1.674778249156089e-05,0.0,9.687665536182122e-05,5.943626123998685e-06,1.023971800298713,1.217248131664461,0.21871894283268195,0.005662924304952723,1.0
2007-06-12,-0.002298754509519262,3.531288566042082e-05,2.143203150575564e-05,0.0,0.00011809970042408669,3.880952380952381e-06,1.1172806914883024,0.7166916042931246,0.06469160429312468,-0.0024774800794904774,1.0
2007-06-13,0.0025543083328209153,1.8468410994504302e-05,1.5161131759073747e-05,0.0,5.5617117932863006e-05,3.190100616544884e-06,0.848519827324301,0.38796845178977024,-0.14796845178977028,0.0024618715715179294,1.0
2007-06-14,-0.001180618746323176,6.325222813617367e-06,3.1416821765197225e-06,0.0,3.002628136449695e-05,3.6717252237745977e-06,0.3272804310076568,0.6177823485159417,0.0009325109218092653,-0.0012237836579015848,1.0
2007-06-15,-0.0018678878029147277,1.6647066038972605e-05,8.11994944119655e-06,0.0,5.506842687921643e-05,3.1573375553277787e-06,0.42358351303660685,0.5442986809315213,0.01386597163645456,-0.001950880582829441,1.0
2007-06-18,0.004011572973237985,1.566811125123123e-05,9.452904466651288e-06,0.0,5.549817363110752e-05,1.5800048717080017e-06,0.5499984410739368,0.1927204092234723,-0.07272040922347198,0.003929373779017286,1.0
2007-06-19,0.00030785690857719104,8.841335276057884e-08,2.9749960529831164e-08,0.0,8.891865565637962e-08,1.5327297302534452e-06,0.004966540338796956,0.18874929734128956,-0.06874929734128926,0.00030611709687799083,1.0
2007-06-20,0.0002224282809497308,3.390394406985477e-05,1.4859516048928082e-05,0.0,4.9061487565800176e-05,2.892857142857143e-06,0.9456188983475504,0.7603152363782663,0.27431523637826627,0.00012171047612229064,1.0
2007-06-21,-0.0010986061388859512,2.113238247617159e-05,1.5159246201979778e-05,0.0,6.197370074909098e-05,7.166666666666667e-06,0.6085125004973164,1.114642840476514,-0.08935715952348577,-0.0012040381349798601,1.0
2007-06-22,-0.003197516931741667,2.363942048441998e-05,1.2303764092006017e-05,0.0,7.132901290808978e-05,7.669829713219048e-06,0.7365454046417464,1.2452988228306856,-0.04323256899011449,-0.0033124589589394017,1.0
2007-06-25,-0.002844936822403001,2.486736490510291e-05,8.217177263377326e-06,0.0,5.482505295422698e-05,4.555968872657051e-06,0.5929090010829365,0.8488107194998178,0.08340794889343331,-0.002937402386398365,1.0
2007-06-26,-0.002159109684148431,2.1801511053593484e-05,9.359562448983761e-06,0.0,7.117685594457268e-05,2.559771228552677e-06,0.6763200002393698,0.6131301559829416,0.18308858958609192,-0.0022640073848241332,1.0
2007-06-27,0.001985641110219348,2.8001268930006728e-05,1.6661982920707793e-05,0.0,5.375893029843947e-05,3.928571428571429e-06,0.8400861848503025,0.5451858426603163,-0.11481415733968375,0.0018832903566416228,1.0
2007-06-28,-0.0005605132533499567,2.6381104332715987e-05,9.789148410635295e-06,0.0,8.001117074274525e-05,2.8754965841303822e-06,0.8481207723641531,0.6576748633151293,0.17459143718122502,-0.0006795701734201836,1.0
2007-06-29,0.0025752481909693953,1.6223507223338614e-05,1.1991363292183502e-05,0.0,5.497486524058549e-05,2.3799579656069562e-06,0.5398337273360941,0.34012995770875243,-0.05970298051321629,0.002489678497247681,1.0
2007-07-02,-0.0008619976974669903,1.3826442261185225e-05,1.3425714773843592e-05,0.0,3.747594503212234e-05,4.834444837215021e-06,0.6480355797605872,0.4860933663260617,-0.32609336632606173,-0.0009315602443713565,1.0
2007-07-03,-0.0028138447886330185,2.291704442429544e-05,6.120628798973533e-06,0.0,7.720755775486551e-05,4.662483694969724e-06,0.6780520639071419,0.8036486303774568,0.020351369622543213,-0.0029247525033061226,1.0
2007-07-05,4.791006050349682e-05,8.021256112779252e-06,5.858806966890923e-06,0.0,3.4446990999106956e-05,5.065034951238591e-06,0.22120429489831744,0.7374629359040417,-0.11346293590404158,-5.482028526518901e-06,1.0
2007-07-06,-0.0020723072295579558,1.784496733464737e-05,1.1108733135228034e-05,0.0,4.291891576246816e-05,0.0,0.7392911353007848,0.0,0.0,-0.0021441798457902993,1.0
2007-07-09,0.0,2.402949087229448e-06,2.7520683005057335e-07,0.0,9.28392610721255e-06,0.0,0.10584878078868205,0.10584878078868205,0.10584878078868205,-1.1962082024492572e-05,1.0
2007-07-10,-0.001004919057333114,1.1769658272975968e-05,8.644962064734551e-06,0.0,5.06895350543324e-05,3.0735930735930737e-06,0.43663025257320653,0.4923781857364888,-0.02398545062714757,-0.0010790968057987499,1.0
2007-07-11,-0.00034675260904335587,1.8727107000462654e-05,1.5198343605052349e-05,0.0,7.222588519327695e-05,6.180272108843537e-06,0.7334112298374813,0.7674543868891874,-0.2708313273965269,-0.00045908421695099136,1.0
2007-07-12,-0.006187215080938883,2.7676365778822125e-05,2.3954969736245787e-05,0.0,6.945059099008088e-05,9.912769719043992e-06,1.3326290117360529,1.042620945377212,-0.6227243674221785,-0.006318209777163075,1.0
2007-07-13,-0.0028518042201980103,4.306489866232141e-05,9.083766243597734e-06,0.0,8.505874465772905e-05,8.44693217804802e-06,1.0828045377552074,1.4318704796100148,0.012785873697947536,-0.0029974585619397067,1.0
2007-07-16,-0.0027411388561565738,1.6975019382921503e-05,1.4754263179870342e-05,0.0,3.073712447742205e-05,1.0708170844831763e-05,0.5859778085639088,1.4581855158521013,-0.34078718607963476,-0.002814313434041619,1.0
2007-07-17,-0.0004131249317394825,3.693435823903845e-05,1.9297423012532173e-05,0.0,8.221483024201099e-05,2.6501136542408238e-06,1.3336981571288147,0.4630395662642196,0.017820472351761103,-0.0005542216568873049,1.0
2007-07-18,-0.0012000656463201974,1.860898232284893e-05,1.5827270521274248e-05,0.0,7.803489729616317e-05,6.811253666165369e-06,0.7263593207836515,0.8412149688152402,-0.3030756471005418,-0.001319348050126649,1.0
2007-07-19,0.00012085534395088558,1.7884052410396996e-05,1.0775465909993819e-05,0.0,8.235745835536012e-05,3.4175351614684794e-06,0.8138698428148841,0.40707295356335227,-0.16707295356335228,6.420832113666162e-06,1.0
2007-07-20,0.0008598238056928915,1.9118661433913648e-05,1.0049853144578302e-05,0.0,6.797425390974453e-05,4.0197048364377144e-06,0.7154982979415427,0.6061982236989591,-0.06911218882257689,0.0007586613323682174,1.0
2007-07-23,-0.000556325761039288,1.5117507070435316e-05,7.801634990868342e-06,0.0,4.445755087943594e-05,3.1374800413261944e-06,0.8579352208243238,0.8864686412727643,0.35937199432996353,-0.0006268399340213538,1.0
2007-07-24,-0.007154335440689119,3.378044377198025e-05,2.8462034709728997e-05,0.0,0.00011924484223096799,8.7397952329702e-06,1.2295751805806168,1.1893994426875922,-0.27888615645140136,-0.007344562556634767,1.0
2007-07-25,-0.002295350247507151,3.350472981956712e-05,1.7323062806706714e-05,0.0,6.814900364331785e-05,1.0143984960611347e-05,1.0694086442845177,1.5696420746936157,-0.13454739868909027,-0.0024244710287373537,1.0
2007-07-26,-1.8082096092035798e-05,4.0304206746241735e-05,2.213330331813333e-05,0.0,7.750953203340089e-05,1.264025729555451e-05,1.1279128680214507,1.7529616632798495,-0.37060156237330855,-0.00017066939548536627,1.0
2007-07-27,0.006535396452114322,6.0545805266536074e-05,1.585696352597395e-05,0.0,0.0001293498135593087,1.2114956331149057e-05,1.4801141029248448,2.3314831300661787,0.29617046643313777,0.006317528913431354,1.0
2007-07-30,0.004672495132022822,3.421838089689693e-05,1.610586998905071e-05,0.0,6.970767648200007e-05,8.161120535481842e-06,1.0274320099557361,1.789574111791987,0.41850586183103744,0.004544302084119392,1.0
2007-07-31,-0.005532089482408116,6.907026097340628e-05,2.5835593832356487e-05,0.0,0.00015360903112444105,5.807062541826778e-06,1.8504672190579072,1.8448884916086876,0.8693019845817889,-0.005786411430880146,1.0
2007-08-01,0.005893045562933783,8.815363595660572e-05,6.406302286147485e-05,0.0,0.00031699357079059383,1.5698717948717947e-05,2.186711895904584,1.8514394671749108,-0.7859451482097045,0.005408136615376391,1.0
2007-08-02,-0.0018590209526706345,3.472480038282916e-05,9.5737504976406e-06,0.0,0.00011380337744687583,9.075672029592507e-06,1.0338186348483345,1.2712560617095283,-0.25345683926201296,-0.0020261985530275724,1.0
2007-08-03,0.00839741517532891,6.102411453790642e-05,2.0213898896367386e-05,0.0,0.00018814806139402378,7.429993331556163e-06,1.9873616299039794,1.875291860028411,0.6270529803269753,0.008120599107169056,1.0
2007-08-06,0.007770513162619422,6.623749668070683e-05,5.9775157410194664e-05,0.0,0.0001955587325477708,1.7054154873384397e-05,2.424536866177422,1.9720029518388025,-0.8930950668897761,0.007431887621107365,1.0
2007-08-07,-0.02025052519409831,6.756554512663268e-05,1.0373495798364079e-05,0.0,0.00016225891865277863,8.960069971214631e-06,1.723581312500073,1.9205706725690344,0.4152789174049764,-0.0204996832236473,1.0
2007-08-08,0.01070204409181756,5.4101520400488194e-05,4.163846588241565e-05,0.0,0.00011430446503957336,1.3436188234704362e-05,1.6673249819250389,1.7145131281101769,-0.542766495320156,0.010478563452260378,1.0
2007-08-09,0.015630369541431408,7.253706792949168e-05,1.5854477299260314e-05,0.0,0.00016320817655842985,5.355482312101479e-06,2.006854096118771,1.8096227563112244,0.9099017278781757,0.015373414337332124,1.0
2007-08-10,0.036579324012968095,3.321146323958555e-05,2.1113846078209114e-05,0.0,8.894121045914791e-05,5.356574353426943e-06,1.0490470495486033,1.6206515071327074,0.7207470157569809,0.036430700918837725,1.0
2007-08-13,0.010478645938895048,6.936720240454656e-05,3.930459154884979e-05,0.0,0.00013302827294095745,7.12456224439898e-06,2.145573210655167,1.756018309906128,0.5590918528470993,0.010229821309756295,1.0
2007-08-14,-0.010829443665871175,4.569589385635002e-05,2.5228914225822592e-05,0.0,9.91777843702584e-05,7.055873784914068e-06,1.2630099865947453,1.514304790613334,0.3289179947477704,-0.011006602132108521,1.0
2007-08-15,-0.002589454094507431,3.3920875205485715e-05,1.784491109632687e-05,0.0,6.202254683337841e-05,5.662654218310012e-06,0.8870267842012844,1.123813855503158,0.17248794682707608,-0.0027089050818609323,1.0
2007-08-16,0.00344025297751548,3.236229694902032e-05,2.2053606365203573e-05,0.0,6.883612800344385e-05,5.072932861693321e-06,0.9972365662745936,0.6402080412407665,-0.2120446795237113,0.003311928013336119,1.0
2007-08-17,-0.003551095506851461,2.5791175674916885e-05,6.704950118763272e-06,0.0,4.451233937405007e-05,3.404925653576885e-06,0.638605286456907,0.6457191427607833,0.07369163295986675,-0.0036315088976727685,1.0
2007-08-20,0.0030843113782563873,3.460202796478539e-05,2.243728128893142e-05,0.0,7.762072749871942e-05,7.570805383894584e-06,1.16270413498331,1.1011950522995453,-0.17070025219474483,0.0029420805361200565,1.0
2007-08-21,0.0023273076070083696,2.4760656145184115e-05,1.10320902839464e-05,0.0,5.5426941276950895e-05,5.970908263390605e-06,0.7440848729093843,0.9197666521860143,-0.08334593606360748,0.0022301170110388974,1.0
2007-08-22,-0.00039804604639700884,1.7541687924592034e-05,1.1786313032304524e-05,0.0,3.734545328223019e-05,2.0999093439538977e-06,0.7149161330026793,0.23918616487613628,-0.11359860490811854,-0.0004668194099800895,1.0
2007-08-23,-0.00023785181034147445,7.134892508022681e-06,3.739200579353286e-06,0.0,2.1632462546111383e-05,1.999174242728098e-06,0.35076679888444173,0.3551101533129022,0.019248880534581694,-0.0002723575402176899,1.0
2007-08-24,-0.0005071237485384676,5.681171720495683e-06,3.845579671300491e-06,0.0,1.8632786744291683e-05,1.827266709692198e-06,0.24456214786574096,0.32751069116851295,0.0205298839402237,-0.0005371105533842476,1.0
2007-08-27,-0.0005014993303382397,1.3055680500450036e-05,6.482480805173644e-06,0.0,3.634032032716644e-05,4.4377545618742944e-07,0.4468026966599916,0.14983300589163176,0.07527872925214364,-0.0005578215874272172,1.0
2007-08-28,-0.0019757717982584306,1.105031931272593e-05,5.3419711085268465e-06,0.0,1.6527648448976907e-05,1.1668529648724584e-06,0.228685037342547,0.20957073352047273,0.01353943542189976,-0.002009858590093533,1.0
2007-08-29,0.0013760939526042291,1.2162791799928547e-05,9.217084450387725e-06,0.0,2.5596373624945493e-05,3.097528825027184e-06,0.48444213757845667,0.4858070011004374,-0.034577841504129514,0.00132602017390394,1.0
2007-08-30,0.0007246798748145515,1.3895919591206643e-05,6.059856636862887e-06,0.0,2.2328769186961026e-05,3.2943327579478926e-06,0.3487207724585611,0.5188055325193248,-0.03464237081592128,0.0006791009966415731,1.0
2007-08-31,0.00018575368142605565,2.075983350925263e-05,5.411881384939884e-06,0.0,5.2757851742029543e-05,8.749919919867466e-07,0.5408343200075982,0.3676097314751984,0.22061107682142495,0.00010594912279784684,1.0
2007-09-04,0.0018398545624958606,5.503186268243577e-06,8.515083177905451e-06,0.0,1.0256811797062994e-05,1.671586648050768e-06,0.35970101228428636,0.22912852193470878,-0.05169803493782019,0.0018139078946045979,1.0
2007-09-05,0.0016126095399362278,7.1368526472908975e-06,3.1117748209030487e-06,0.0,1.6953624685810728e-05,1.3789507171614514e-06,0.1862027493012247,0.19978447389177492,-0.03187924659134892,0.0015840283370650615,1.0
2007-09-06,-0.0007933695602262718,3.158472829188781e-06,7.446434437484192e-07,0.0,3.141215235728787e-06,8.980998179910344e-07,0.06373717375486057,0.15897956645277253,0.00809879703027878,-0.0008013119915529288,1.0
2007-09-07,0.00047465286739178226,8.8724166739e-06,3.771123604942688e-06,0.0,1.168513529851964e-05,1.6560043402734252e-06,0.1655196024636959,0.23309263845300987,-0.04511609071292558,0.0004486681874741465,1.0
2007-09-10,-0.00030785710234997564,1.3244485100690338e-05,6.213699624816367e-06,0.0,3.5060709497527264e-05,2.0984444093945523e-06,0.5744322064218486,0.5592408119618387,0.206702151183554,-0.0003644744409824042,1.0
2007-09-11,0.0022029796865272225,1.1925653377912563e-05,8.12620793961803e-06,0.0,1.459607620192297e-05,3.633554282142117e-06,0.3271764600693762,0.6339912937040306,0.023554174304154962,0.0021646981947256267,1.0
2007-09-12,0.0007798343866817806,1.3288722201109273e-05,4.7526135268310005e-06,0.0,2.6223971648221554e-05,2.1803470660010966e-07,0.41945252778570896,0.24621880285035316,0.20958897214153474,0.0007353510445990187,1.0
2007-09-13,0.0012897543565865528,8.418474521231897e-06,3.7970722241230845e-06,0.0,1.8740605384174302e-05,8.943593217570984e-07,0.20836510736537184,0.37389440684527087,0.22364204079007832,0.0012579038451352663,1.0
2007-09-14,-0.0007406077458044152,1.0611746013015176e-05,1.0314662817547474e-05,0.0,1.78299569945057e-05,1.5785288824111176e-06,0.4529966398029883,0.19384072445003253,-0.07135212779503526,-0.0007809426405118947,1.0
2007-09-17,0.0007589374979034626,3.987005884200282e-06,2.080523693499698e-06,0.0,8.039060221028741e-06,9.490140689990152e-07,0.16731486682726524,0.1411114085162518,-0.018322955075582716,0.0007438818940357348,1.0
2007-09-18,-0.0011686285990321966,7.728916205881006e-06,4.151815146613645e-06,0.0,1.489828320351089e-05,1.1126165931643158e-06,0.23686506125905546,0.17300478464301874,-0.013914803008586302,-0.0011965202301813663,1.0
2007-09-19,0.0009344496815167082,1.163264467779584e-05,1.3813803182929226e-05,0.0,2.8820381083524487e-05,6.44680853221987e-06,0.5773264177616835,0.6428330780846224,-0.4402307553283158,0.0008737360440402388,1.0
2007-09-20,0.001966750622337589,8.085355055673278e-06,2.187612717546184e-06,0.0,2.1418945732784607e-05,6.2591957473187724e-06,0.20469965989136535,0.6959475300713012,-0.35559735547825244,0.0019287995130842664,1.0
2007-09-21,-0.0005709637989156108,1.856902636700231e-05,6.915954765861091e-06,0.0,4.627694934912764e-05,8.114762503956251e-07,0.7540109200200054,0.21552920593129937,0.07920119586483435,-0.0006435372056479975,1.0
2007-09-24,-0.0011707029707156693,5.137626252892276e-06,3.0757902984526904e-06,0.0,6.917188611717462e-06,1.3104993084197946e-06,0.11652314734794916,0.23727557145906836,0.017111687644542836,-0.0011871440751871516,1.0
2007-09-25,0.0007362820589240258,9.665360249006251e-06,5.953382725996827e-06,0.0,2.504268091072458e-05,9.29761695463118e-07,0.3482973166366841,0.18962983027612373,0.03342986543831993,0.000694690873342835,1.0
2007-09-26,0.0001672051946748373,4.553003854681164e-06,3.322848901532957e-06,0.0,8.042746783109696e-06,1.0541308159817958e-06,0.16617109771460614,0.14261548374708127,-0.0344784933378604,0.0001502324643195317,1.0
2007-09-27,0.000208479572677809,7.123676735860796e-06,3.141064446386482e-06,0.0,2.1741431281303504e-05,1.0011710980702364e-06,0.18475056535241913,0.1416027427571469,-0.02659400171865279,0.000175472229116188,1.0
2007-09-28,0.0015000906797077553,3.1562267443651165e-06,1.9668871839191938e-06,0.0,6.956920399554555e-06,8.853117600432008e-07,0.12130271301849962,0.09751138068376182,-0.0512209950034959,0.0014871253336198732,1.0
2007-10-01,-0.0007626406433717562,4.8761286104106424e-06,3.1607094597477257e-06,0.0,1.502239468910687e-05,1.325459901923379e-06,0.15323983742998676,0.13443457091522848,-0.08824269260789919,-0.0007870253360329449,1.0
2007-10-02,-0.0014731078640193016,4.740599725532284e-06,1.6034688859339018e-06,0.0,8.659885884790146e-06,1.3213324585939392e-06,0.10946943929518689,0.15732708455317662,-0.06465676849060516,-0.0014894331509741519,1.0
2007-10-03,-0.0007230521309721226,9.784494349679822e-06,4.103326836413235e-06,0.0,1.9478171384643475e-05,2.0739180994127014e-06,0.26010603763367746,0.3477261092336742,-0.000692131467659611,-0.0007584920416422719,1.0
2007-10-04,0.0004870271508318004,8.809681207738904e-06,4.708345201732602e-06,0.0,1.6239433326102795e-05,5.640500030424082e-07,0.27736079311281214,0.07041668040168231,-0.02434372010944228,0.0004567056410931837,1.0
2007-10-05,-0.0005936816616377951,3.0817172410551912e-06,9.06747950769052e-07,0.0,7.023177288220458e-06,1.866064351519867e-08,0.1302744215215806,0.06296973674739506,0.05983474863684169,-0.000604711964761355,1.0
2007-10-08,-0.00012627169285193886,2.5103742984018742e-06,2.402828994992923e-06,0.0,4.255143948895933e-06,6.662421790395387e-07,0.07719505429989079,0.09444210872274146,-0.01748657735590105,-0.00013610628227326915,1.0
2007-10-09,1.7299412274600118e-05,1.946450468568018e-06,2.1372548348777228e-06,0.0,7.743727744595846e-06,8.077381426550812e-07,0.09795613569735726,0.06785000398302682,-0.06785000398302682,4.664241083903451e-06,1.0
2007-10-10,-0.00025885398007638173,1.6382119230173884e-05,1.6197533054389196e-06,0.0,1.3200271358221218e-05,7.120047423341482e-07,0.13583909876351535,0.1405755784817461,0.020958781769609185,-0.0002907681287125499,1.0
2007-10-11,-0.00011490937657862555,8.752812406421787e-06,3.550296084410031e-06,0.0,9.732513887420257e-06,4.672283288301582e-07,0.18144922294160803,0.14275888449478813,0.06426452525132155,-0.00013741222728570778,1.0
2007-10-12,-0.00045589325393558905,1.2143214416394645e-05,5.220644803152762e-06,0.0,1.6035270987419626e-05,7.682870461082993e-07,0.18774802883035818,0.11670145071711456,-0.012370773029079702,-0.0004900606711886644,1.0
2007-10-15,-0.0006666425980310347,1.8494640811908154e-06,1.1670573328576787e-06,0.0,8.222434034871839e-06,3.882690788542085e-07,0.07970589859039805,0.058086588248866894,-0.007142616998640132,-0.0006782698225588093,1.0
2007-10-16,0.00018034703740026135,2.8076212930614527e-06,1.3182296277331256e-06,0.0,7.994121880184839e-06,5.724910104374644e-07,0.09911275381221031,0.09755743693243663,0.0013789471789426074,0.00016765457358884446,1.0
2007-10-17,0.00017458938390246413,4.258958796371047e-06,1.466880541596392e-06,0.0,7.215619939608802e-06,5.165172701264014e-07,0.10063216635262194,0.10985757904967616,0.023082677668440753,0.00016113140735476148,1.0
2007-10-18,-0.0006294211500554477,5.171521023807607e-06,1.987769862864279e-06,0.0,1.017859604341566e-05,1.5776664837729776e-07,0.18743199963011067,0.13575270522663746,0.10924790829925142,-0.0006469168036339125,1.0
2007-10-19,-0.0011142137508447416,7.269421021894057e-06,3.061316938401024e-06,0.0,9.044510106001813e-06,2.9596620784211357e-07,0.3146709512471763,0.33167000699314336,0.2819476840756683,-0.0011338849651188806,1.0
2007-10-22,0.0024734374297477966,6.3069532379535435e-06,5.581776789836592e-06,0.0,2.3138017534382398e-05,1.3352391875140835e-06,0.20907046155921533,0.3589809744553908,0.13466079095302483,0.00243707544299811,1.0
2007-10-23,0.0012472795038416145,7.2581880229958365e-06,5.837702852026618e-06,0.0,1.4767282114373716e-05,3.1359566957063643e-06,0.18834014872188898,0.4935004003228953,-0.03334032455577389,0.001216280374156512,1.0
2007-10-24,0.0009534002843640619,1.0382862313151214e-05,9.348714201097581e-06,0.0,2.3248163559651715e-05,2.7564926235484426e-06,0.46719227843499367,0.2315453803780692,-0.2315453803780692,0.0009076640516666129,1.0
2007-10-25,0.0010841364460784082,9.732804367670365e-06,1.9192240122402626e-06,0.0,1.758440397182202e-05,2.2132489625430847e-06,0.24898245727305054,0.3103713185809669,-0.06145450712627132,0.0010526867647641326,1.0
2007-10-26,0.0010054238409364148,7.0507806766832965e-06,3.7971665999814485e-06,0.0,2.2987004651177642e-05,1.0889082821396622e-06,0.324738644358993,0.23116833846171658,0.048231747062253374,0.0009704999807264327,1.0
2007-10-29,0.0010555016345263524,6.29352784107896e-06,5.270364032745759e-06,0.0,1.2595176495569333e-05,1.984834239106288e-06,0.26581510306751055,0.301234306123869,-0.03221784604598742,0.0010293577319178521,1.0
2007-10-30,-0.002477549515211694,8.35742130946575e-06,3.044986718248529e-06,0.0,1.9227962149800598e-05,9.010471516165856e-07,0.3149463715054965,0.26122035468031285,0.10984443320872647,-0.0025090809325408253,1.0
2007-10-31,-0.0009561215753701082,6.105893138921086e-06,7.062818146443921e-06,0.0,1.714930182203911e-05,1.6177708861585174e-06,0.37363770369554106,0.24605484951813905,-0.025730659356491863,-0.0009880573593636709,1.0
2007-11-01,-5.278898961321636e-05,9.103283242875097e-06,3.0438120641074446e-06,0.0,1.819148809659579e-05,2.5992705914428835e-07,0.449769243747552,0.33211454067634505,0.2884467947401046,-8.338750007593898e-05,1.0
2007-11-02,0.0017756495798009054,5.232108902144414e-06,4.460784334609563e-06,0.0,1.5541904868269112e-05,1.6451530035233423e-06,0.19487393069783923,0.4608633507476405,0.184477646155719,0.001748769628692359,1.0
2007-11-05,0.0025037030126979203,1.3726233231692554e-05,4.759941252298746e-06,0.0,2.9008200257951715e-05,1.4162490766489344e-06,0.2870389645123438,0.44655168780913707,0.2086218429321161,0.0024547923888793284,1.0
2007-11-06,0.0032989464031565312,1.482386754909158e-05,1.6269905871716736e-05,0.0,4.431796054553499e-05,3.470253416241695e-06,0.6882534623965887,0.3500948993379671,-0.23290767459063763,0.0032200644157739464,1.0
2007-11-07,0.005981998368879889,2.5922559132705254e-05,5.884765218543391e-06,0.0,7.526914320645355e-05,1.818895645799929e-06,0.9466337708028889,0.8675875162982736,0.5620130478038856,0.005873103005676387,1.0
2007-11-08,0.006067157495808804,1.7960254345543644e-05,1.2728237464739915e-05,0.0,7.142744534692568e-05,4.2019687828958926e-06,0.6827599812706764,1.1375341126573948,0.4316033571308848,0.005960839589868699,1.0
2007-11-09,-0.010891536301106796,3.9058583624800815e-05,1.558569049384728e-05,0.0,0.00012273145179292843,4.8823562708288345e-06,1.1671767680376635,1.5024121522898728,0.6821762987906284,-0.011073794383289202,1.0
2007-11-12,-0.003280205582669145,3.445835684266536e-05,1.4738762722162377e-05,0.0,8.869589087555676e-05,2.402144224580332e-06,0.9635886044431636,1.2414737183062787,0.8379134885767832,-0.00342050073733411,1.0
2007-11-13,0.029836872463814237,4.021399248126245e-05,2.7289946868269537e-05,0.0,0.00011003851113411482,6.46533876237603e-06,1.1350240456980614,1.4358137187317874,0.34963680665261426,0.029652864674568215,1.0
2007-11-14,-0.003498482716552436,5.77473725546124e-05,1.981321475866395e-05,0.0,0.0001883610176122289,5.726036772885458e-06,1.5598812329320109,1.7925440426861157,0.8305698648413586,-0.003770130358250827,1.0
2007-11-15,-0.0186815502398886,3.233086477247474e-05,3.8088045259550094e-05,0.0,8.1108901660423e-05,1.10095060475492e-05,1.6332594539197944,1.5771419820761898,-0.2724550339120758,-0.0188440875576286,1.0
2007-11-16,-0.0036387961829867947,4.7224605215333694e-05,2.8758066141260927e-05,0.0,0.00013122644085864608,1.1959611085920557e-05,1.276353509635652,1.2623546555617724,-0.7468600068728811,-0.003857964906287956,1.0
2007-11-19,0.007204786592291677,3.42188542609878e-05,1.2725050433563893e-05,0.0,0.00010390423796476924,1.0730095923109412e-05,0.8364776148275535,1.1912571271998904,-0.6113989878824911,0.007043208353709246,1.0
2007-11-20,-0.00015681579388860094,2.754148431859231e-05,1.196934320559358e-05,0.0,7.37635251425763e-05,5.9096181383913255e-06,1.5523800759862245,1.3492742428295832,0.3564583955798405,-0.00027599976469375447,1.0
2007-11-21,-0.007149175431068558,3.9412245299785755e-05,1.720409057808286e-05,0.0,0.00012588038149975885,6.427812911538685e-06,1.1582763660940625,1.629517967380616,0.549645398242117,-0.007338099961357724,1.0
2007-11-26,-0.004713156289393668,5.028468133041267e-05,2.6529692244797515e-05,0.0,0.00013640494725972326,4.790036905826097e-06,1.5755371489387582,1.2474193499476243,0.44269314976884,-0.004931165647134428,1.0
2007-11-27,0.003586060265474014,4.1195488130190376e-05,3.228925937391685e-05,0.0,9.7414518323013e-05,9.544923817447266e-06,1.1900167191912865,1.2564503903053206,-0.34709681102582013,0.0034056160758294467,1.0
2007-11-28,-0.01103537425286097,3.9906768962901465e-05,1.735974932451092e-05,0.0,0.00014296873048132874,7.46162133069396e-06,0.9525067144127384,0.871326119790687,-0.3822262637658981,-0.011243071122960406,1.0
2007-11-29,-0.00152094269178961,2.4443440222444686e-05,6.748388889284588e-06,0.0,9.65985154541882e-05,6.065283170975559e-06,0.6161326041941008,0.9289909403023757,-0.08997663242151828,-0.001654798319526503,1.0
2007-11-30,0.011392070673663442,2.0744462757199984e-05,1.1062352093933114e-05,0.0,8.530623125102544e-05,5.74106595314676e-06,0.576430887061431,0.830158493728037,-0.1343405864006187,0.011269216561608137,1.0
2007-12-03,0.0011285432856208365,1.4911228711763317e-05,9.532190148185859e-06,0.0,7.124891361178484e-05,3.430774868220003e-06,0.6318320524012824,0.4665110052915754,-0.10985917256938516,0.0010294201782808825,1.0
2007-12-04,0.009108036708163136,9.74557504039273e-06,6.58061312360957e-06,0.0,1.663095312802152e-05,1.179691607613432e-06,0.5095718884336935,0.26551595228231073,0.06732776220325419,0.009073899875263499,1.0
2007-12-05,-0.000678603090858468,5.554942552544411e-06,3.25712853023547e-06,0.0,1.949367277467013e-05,1.0410412743736469e-06,0.18591638781265563,0.20662252700574035,0.031727592910967724,-0.0007079498759902916,1.0
2007-12-06,3.8537229925509134e-05,1.2228315428200929e-05,4.6695903217761855e-06,0.0,3.488400636630857e-05,1.7289464974688404e-06,0.38014705535004895,0.4192141135160599,0.1287511019412948,-1.4973628688245391e-05,1.0
2007-12-07,-0.0009454423042894642,6.7678777279774856e-06,7.606506101502893e-06,0.0,1.6576236600785762e-05,2.7270196619626114e-06,0.38130516867057496,0.4274177626387161,-0.03072154057100271,-0.000979119944381693,1.0
2007-12-10,-0.0010198273409973543,1.100485274148101e-05,7.606985439928356e-06,0.0,2.3844611451587554e-05,2.975854807297847e-06,0.2537482213401713,0.2683616195327716,-0.23158198809326672,-0.0010652596454376491,1.0
2007-12-11,0.007185667245999526,1.2113557339260957e-05,2.27760944736248e-06,0.0,2.9968545957111715e-05,2.0447276509676884e-06,0.24870596498310427,0.25826458151047293,-0.08524966385209866,0.007139262805604823,1.0
2007-12-12,-0.0049656432528352905,1.3850675454417377e-05,9.865310291507149e-06,0.0,3.0364631180905626e-05,5.9039917960725924e-06,0.4181055170528283,0.6289903642444681,-0.36288025749572744,-0.005025627861558193,1.0
2007-12-13,-0.0020120335958638625,1.401736309274122e-05,4.734821101109167e-06,0.0,2.131775301073576e-05,3.177992237532969e-06,0.5886299358460615,0.5904387408638291,0.05653604495829036,-0.0020552815253059814,1.0
2007-12-14,-0.0005227883587667214,1.518032478126102e-05,6.320813112500364e-06,0.0,2.812842402215797e-05,2.0422308171273544e-06,0.3698506548883546,0.4447684380199322,0.10167366074253681,-0.0005744601514997681,1.0
2007-12-17,-0.00033295567346778605,1.544814721801856e-05,7.273469960893198e-06,0.0,4.730854628296888e-05,2.5861341870283203e-06,0.48354687463975565,0.5817384128069312,0.1472678693861734,-0.000405571971116695,1.0
2007-12-18,0.001036906759757846,8.644951136113892e-06,3.5937729479623154e-06,0.0,2.40747862250809e-05,2.520523071932369e-06,0.2782982594684049,0.6560369430949968,0.23258906701035878,0.0009980727263767565,1.0
2007-12-19,-0.002085927283173673,1.805793396262453e-05,7.362379053178865e-06,0.0,5.5007412921559335e-05,1.2003400537353623e-06,0.4571222998820106,0.5139852521532107,0.31232812312566977,-0.002167555349164771,1.0
2007-12-20,0.002866911336535857,1.547598431548914e-05,1.7775481621740453e-05,0.0,4.280486654101168e-05,4.0431400161886425e-06,0.7348611229573613,0.4647180694562498,-0.21452945326344205,0.002786811864041427,1.0
2007-12-21,-0.003371406650824503,7.550711423440738e-06,1.943141960957325e-06,0.0,2.6485468467950404e-05,2.600592054623061e-06,0.22158023074850194,0.349800147703224,-0.0870993174734502,-0.0034099865647314745,1.0
2007-12-26,-0.0052647299796380505,1.0442530879421643e-05,6.393299010541854e-06,0.0,3.39625271119007e-05,2.9291318010818248e-06,0.2486449395880213,0.29151955073641134,-0.20057459184533527,-0.0053184574684409965,1.0
2007-12-27,0.003054074669197969,4.7752250930343115e-06,8.850389913031098e-07,0.0,1.258571858464362e-05,2.7970626533650426e-06,0.1899509570525491,0.43216802844706004,-0.037738497318267006,0.003033031623875623,1.0
2007-12-28,0.001147913973661099,1.3483826726010368e-05,5.900776927506091e-06,0.0,3.965073234665077e-05,1.6842703403589316e-06,0.41679876945762484,0.30114223642648297,0.018184819246182503,0.001087194367320573,1.0
2007-12-31,0.0009426829878406997,7.688256639206346e-06,4.5332433038051465e-06,0.0,1.7548188928009978e-05,7.022038824955594e-07,0.2288399901188605,0.09578940163645785,-0.022180850622796115,0.0009122110950871826,1.0
2008-01-02,0.0011944716844849716,2.59035784230399e-06,1.2993288940323575e-07,0.0,4.096560032482673e-06,6.960678585559496e-07,0.04997418823201376,0.14592720953110216,0.028987809293702607,0.0011869587658622257,1.0
2008-01-03,-0.0006553702240623556,1.3044232599880756e-05,6.164825355066242e-06,0.0,4.473673386530761e-05,2.282209542807112e-06,0.3280868074605921,0.39415005519570184,0.010738852004106979,-0.0007215982254254174,1.0
2008-01-04,-0.004699433586499003,2.9536033445179257e-05,1.0846238480020172e-05,0.0,7.160948873389205e-05,4.174571784492112e-06,1.0071160850793268,1.1826220801537015,0.4812940203590268,-0.004815599918942587,1.0
2008-01-07,0.005446922634944419,3.304622789291592e-05,2.1112609530793325e-05,0.0,6.900060510333717e-05,7.361688463739909e-06,0.9071300325317002,1.3384413086503204,0.10167764674201557,0.005316401503953632,1.0
2008-01-08,-0.004307538374843061,3.242218418153541e-05,1.1315403448367153e-05,0.0,7.392383425349324e-05,7.437747201753572e-06,0.797521233299229,1.5050859468830224,0.2555444169884225,-0.00443263754392821,1.0
2008-01-09,-0.0006045819650173454,4.8595863421853394e-05,2.8962806627764374e-05,0.0,0.00010764195133936247,4.202436869431376e-06,1.4242004731407834,0.6179830294745365,-0.08802636458993468,-0.0007939850232757571,1.0
2008-01-10,0.00925968476999309,2.5041569089642113e-05,7.939464793716264e-06,0.0,5.569827651758261e-05,2.324295082650975e-06,0.5706728648648532,0.5169381192205904,0.12645654533522657,0.0091686811645095,1.0
2008-01-11,-0.0035281790671998314,1.7556643648022663e-05,9.77862661587799e-06,0.0,4.8932795394069786e-05,2.157144225109716e-06,0.5975677422682607,0.5089899648839051,0.14658973506547274,-0.0036066042770829115,1.0
2008-01-14,0.0005648737034019268,2.1504241678850187e-05,1.3022848964514167e-05,0.0,6.611941384666769e-05,4.299490139769929e-06,0.5555793070522088,0.6744322674632933,-0.04788207601805497,0.0004599277087721248,1.0
2008-01-15,0.004823524808247815,3.8947988559853786e-05,8.028634314479131e-06,0.0,0.00011053304955609732,2.5889317616836282e-06,1.009529922956788,1.0571008762719827,0.6221603403091329,0.004663426204055701,1.0
2008-01-16,-0.0018094709448357592,3.599125624979495e-05,2.0115049854543023e-05,0.0,0.0001138792472171934,4.88438955990634e-06,0.9203867620554071,1.2077984617018191,0.387221015637554,-0.001984340887717197,1.0
2008-01-17,-0.007704291020988163,3.96483516937844e-05,1.617918317160934e-05,0.0,0.00011625261155985436,2.796744898726913e-06,1.0030323200218447,0.9284783943641621,0.4586252513780408,-0.007879167912312138,1.0
2008-01-18,-0.002806523368363026,3.888602315143329e-05,2.2452124749494383e-05,0.0,9.515172657807944e-05,6.655400226992962e-06,0.9328430265774625,1.2851116393996276,0.16700440126481006,-0.002969668643069026,1.0
2008-01-22,-0.012824575956234189,3.22749757196262e-05,9.508004803768309e-06,0.0,0.00010254016313693807,4.225237929484738e-06,0.8720203368368586,1.18737656381685,0.4775365916634142,-0.012973124337824006,1.0
2008-01-23,0.013172519381001734,5.09812350360804e-05,4.4608548146923526e-05,0.0,0.0001461696487647697,1.1619790265322365e-05,1.603012637195003,1.153129201530704,-0.7989955630434532,0.012919140158788638,1.0
2008-01-24,-0.008999703994782598,3.86758617323568e-05,9.935682195634088e-06,0.0,0.0001058185932295428,7.460259701275562e-06,1.1171568338006599,1.0749188553449422,-0.1784047744693521,-0.009161594391641407,1.0
2008-01-25,-0.0013857886408960886,4.105418288835291e-05,1.805312819783736e-05,0.0,0.00012349240414899788,7.193779105146154e-06,1.2435494844554467,1.167024634600792,-0.04153025506376204,-0.0015755821352364228,1.0
2008-01-28,0.004787368479093642,4.0070258750139615e-05,1.9957458824301522e-05,0.0,0.00011552821488403523,3.586480788553061e-06,1.0928313953641304,0.5537056255637887,-0.048823146913125545,0.004608226065846612,1.0
2008-01-29,0.003901683151577041,1.7414938452502177e-05,7.84056816899883e-06,0.0,4.197160203816208e-05,2.617943525574443e-06,0.3727502159672428,0.3224405876870965,-0.11737392460940985,0.003831838099391803,1.0
2008-01-30,0.0006164332500394836,1.2395288450063162e-05,4.886654462756177e-06,0.0,3.19138635399581e-05,1.661949017769749e-06,0.3164172889138474,0.21211596614456946,-0.06709146884074833,0.0005655754945689364,1.0
2008-01-31,-0.002427414159560542,2.420434592047583e-05,4.26079504005293e-06,0.0,6.29694101112782e-05,2.2838410387979826e-06,0.5444405487830064,0.6533194988086002,0.2696342042905392,-0.002521132551671147,1.0
2008-02-01,0.004544914512482381,9.71098169261968e-06,7.117413805152873e-06,0.0,2.1060675152283417e-05,3.5219389695736208e-06,0.2591637725569538,0.6916747404849715,0.09998899359660308,0.004503503502862751,1.0
2008-02-04,0.0009182673122907067,5.759979028266578e-06,1.1152248332626225e-06,0.0,8.670795478117728e-06,2.9449208438712812e-06,0.15149605919114575,0.6994892528057065,0.20474255103533126,0.0008997763921071885,1.0
2008-02-05,-0.007261395488311797,2.279680632030799e-05,1.2906842493188225e-05,0.0,7.136432480581667e-05,2.7282242931361e-06,0.5957358373914075,0.4792831381722354,0.020941456925370545,-0.007371191686224246,1.0
2008-02-06,0.0016052778047973323,2.6514759368647936e-05,1.1381971977199203e-05,0.0,5.6651782979981175e-05,3.654174429749066e-06,0.4500431676355381,0.5444108511295198,-0.06949045306832317,0.0015070751160417548,1.0
2008-02-07,0.003068813732353885,3.307277752645905e-05,1.6219497358518765e-05,0.0,6.672550038996598e-05,6.851175545831363e-06,0.5632877491283842,0.7494381011240637,-0.4015593905756052,0.0029459447815331097,1.0
2008-02-08,0.0026814533953896024,2.555586714044054e-05,5.996761390275517e-06,0.0,5.661196609079632e-05,1.1085050426739163e-06,0.7410370782333094,0.26580061716957615,0.0795717700003582,0.0025921802957254163,1.0
2008-02-11,-0.00014989533437194846,5.162570710654182e-06,3.459620517491474e-06,0.0,1.4515180811971118e-05,3.480735963685318e-07,0.1842847506172248,0.11085886184470926,0.052382497654795905,-0.00017338078000843376,1.0
2008-02-12,0.0011085709030041338,3.7012847036367622e-06,3.0694465566440594e-06,0.0,1.0934813731798971e-05,1.3140614299819145e-06,0.14003210561731372,0.22248241437671004,0.0017200941397484265,0.001089551296582072,1.0
2008-02-13,0.0009680679210179903,5.472370202076393e-06,2.390026625160405e-06,0.0,2.1130906533859667e-05,1.3031568968171774e-06,0.2250250576908283,0.310612469615985,0.09168211095069916,0.0009377714607600766,1.0
2008-02-14,-0.001003778103334854,7.5064314479506235e-06,4.536888201301514e-06,0.0,2.3766772489548588e-05,5.716888092911474e-07,0.32729490530502525,0.19223402634325976,0.09619030638234696,-0.0010401598842829458,1.0
2008-02-15,0.0007898051757264256,1.5446751692698508e-05,6.63029368864623e-06,0.0,4.2031796315682913e-05,1.426590467168606e-06,0.2636819792071855,0.20455757690748994,-0.03510962157683589,0.0007242697435622293,1.0
2008-02-19,-0.002371774163025421,6.716025822661151e-06,2.187350187246664e-06,0.0,1.31979554955242e-05,7.181032829326619e-07,0.14028165136642382,0.11862688425163967,-0.0020144672810475314,-0.0023945935978137854,1.0
2008-02-20,0.00249919738423588,9.774883998243972e-06,4.325611248096339e-06,0.0,2.0716031295958893e-05,9.506027434496618e-07,0.12354408094487981,0.07985063044977159,-0.07985063044977159,0.0024634302549501313,1.0
2008-02-21,0.0010378935021525038,3.637840711201366e-06,2.501114449792653e-07,0.0,1.9328200237410452e-05,1.8164747962457687e-07,0.09619670960740972,0.04790074923671957,0.01738397265979065,0.0010144957022792881,1.0
2008-02-22,0.00046475184828632097,1.3533191699866209e-05,6.798828095774998e-06,0.0,2.5418852634555546e-05,1.5835499847830587e-06,0.1508669232298539,0.13301819872177692,-0.13301819872177692,0.0004174174258713411,1.0
2008-02-25,-0.0022773062250949824,1.1073087984585874e-05,9.554064868962509e-07,0.0,1.1161302385534076e-05,3.2959434327751124e-07,0.22284760329015235,0.1144877131601153,0.059115863489493437,-0.002300825616295276,1.0
2008-02-26,-0.0009896199166367651,2.8617998990927806e-06,7.890240294231023e-07,0.0,3.4250013373961064e-06,2.622986385317943e-07,0.0503982677795722,0.10852451135242888,0.06445834007908743,-0.0009969580405412089,1.0
2008-02-27,-0.0006629765202715677,1.6608422419445869e-06,1.0834532637951357e-06,0.0,4.877230557762713e-06,0.0,0.058876548065130915,0.05183201731010212,0.05183201731010212,-0.0006705980463350701,1.0
2008-02-28,-0.0005054213978435623,0.0,0.0,0.0,0.0,0.0,0.0,0.051326595912258556,0.051326595912258556,-0.0005054213978435623,1.0
2008-02-29,-0.0011477277576030717,8.794213487541868e-06,5.748999970845218e-06,0.0,3.824141311464663e-05,2.1929742835244375e-06,0.26570056021254296,0.3158794283671984,-0.05254025126490712,-0.00120270535845963,1.0
2008-03-03,-0.004576848352379436,8.948649135391178e-06,3.4239083657224917e-06,0.0,2.484360207246266e-05,2.3949705866119133e-06,0.3466049199958612,0.4973824356340263,0.0950273770832249,-0.004616459482539624,1.0
2008-03-04,0.0007250232929359268,1.0512175446948003e-05,6.796063582290327e-06,0.0,3.578264008494506e-05,1.6825825572997983e-06,0.43052313698659894,0.3876500670953783,0.10497619746901216,0.0006702498312644436,1.0
2008-03-05,-0.0005176292593225623,1.3428439793094076e-05,1.2864547774092272e-05,0.0,3.441301476022899e-05,2.6693246325102226e-06,0.5354077150305061,0.22422326913085866,-0.22422326913085866,-0.0005810045862824878,1.0
2008-03-06,0.004521466181877776,7.016170042651598e-06,1.0061973219993739e-06,0.0,1.9153204100098907e-05,3.1287202121253083e-07,0.38699896999975913,0.21985966661448336,0.1672971670507782,0.0044939777383918135,1.0
2008-03-07,-0.0027448507620059324,1.0064064053320074e-05,5.3298885447224365e-06,0.0,5.094303778803321e-05,1.4057265531287744e-06,0.18383778828493452,0.3101017256249621,0.073939664699328,-0.002812593478945137,1.0
2008-03-10,0.0006930144537833985,1.1061263420272838e-05,3.3059360567805137e-06,0.0,2.6044598663984166e-05,1.8626636632064378e-06,0.1907952751033515,0.38812153191239496,0.0751940364937134,0.0006507399919791545,1.0
2008-03-11,0.002682060411660712,3.291809197475988e-05,2.5923316455530846e-05,0.0,0.00010036766235994763,8.54045834533677e-06,1.034005472184955,0.8266059726035129,-0.6081910294130646,0.002514310882525137,1.0
2008-03-12,0.008719340516925833,2.755530465656098e-05,3.971874189705249e-06,0.0,7.075664692833376e-05,6.280519506863e-06,0.6110804691857118,0.9543871075467685,-0.10074016960621535,0.00861077617164437,1.0
2008-03-13,-0.000878502174790995,1.2688813056083322e-05,8.725407513120711e-06,0.0,3.052649933350815e-05,6.132364773701893e-06,0.40312957226599444,0.7867143862553366,-0.24352289572658134,-0.0009365752594674091,1.0
2008-03-14,0.002025497482359898,4.0785328686499855e-05,1.6364982939134154e-05,0.0,8.520303667731272e-05,6.135302805684692e-06,0.822863265005809,0.6894544804488236,-0.34127639090620454,0.0018770088312512665,1.0
2008-03-17,0.0044611253022257815,4.166449945565186e-05,1.0759301674288064e-05,0.0,0.00012464535403064863,2.9468849510593006e-06,1.1710293434171186,0.8505239687132045,0.355447296935242,0.004281109262114133,1.0
2008-03-18,0.026541414492156173,3.471625035977509e-05,2.1741603731982102e-05,0.0,0.00012439590963756828,4.221661766640805e-06,0.8572796651523074,0.7614254853102036,0.05218630851454828,0.026356339066660208,1.0
2008-03-19,-0.00450641295542251,3.517265676030402e-05,1.0278506657927093e-05,0.0,0.0001325961773951532,4.425483864525709e-06,1.0646527142280617,1.330499173243732,0.5870178840034128,-0.004688885780100419,1.0
2008-03-20,0.01032271303543748,2.6334654600095702e-05,3.012310856858694e-05,0.0,5.928622748492341e-05,1.1025671705591138e-05,1.1553645514563167,1.5212316696499362,-0.33108117688937505,0.010195943373078283,1.0
2008-03-24,-0.0063279816588728815,5.545441953338642e-05,1.922935406885078e-05,0.0,0.00012809590261329503,4.180948456890389e-06,1.3340901781306425,0.7086448101252283,0.006245469367643017,-0.006534942283545304,1.0
2008-03-25,0.007090248600940938,2.44078623283197e-05,9.062464184510837e-06,0.0,5.596918258107891e-05,3.879837393402283e-06,0.5502447386799916,0.6647079221988691,0.012895240107285433,0.006996929254453626,1.0
2008-03-26,0.0033819225883929523,2.0159876282760676e-05,1.2467449255759822e-05,0.0,3.5774691493946576e-05,2.9970879241250817e-06,0.4960451334339905,0.32481876964175255,-0.17869200161126117,0.00331052348343636,1.0
2008-03-27,0.001823878744962861,7.189748729913191e-06,3.1059097853253322e-06,0.0,1.3307949147180661e-05,4.6379070624510536e-07,0.2851641162512755,0.03895841932458885,-0.03895841932458885,0.0017998113465941968,1.0
2008-03-28,0.00019871833464646645,3.576476627013531e-06,2.765632978528989e-07,0.0,1.1089121781286966e-05,6.034222373904562e-09,0.10637049917419188,0.06862454754306546,0.06761079818424949,0.00018377013871793916,1.0
2008-03-31,0.0003771491072433383,4.284107774275969e-06,2.401824548541226e-06,0.0,1.0304268659702876e-05,3.6631767610827654e-07,0.13292528256988562,0.1441485024749972,0.08260713288880675,0.00035979258858470994,1.0
2008-04-01,0.004343289848766053,6.914000780511554e-06,3.234390686318207e-06,0.0,1.1943709264186752e-05,1.0262812900156453e-06,0.14683117027273476,0.23004729631717574,0.057632039594547324,0.004320171466745021,1.0
2008-04-02,-0.0004327756383395688,2.0489264740096303e-05,1.360741734694609e-05,0.0,3.9490844277220086e-05,4.76189513168411e-06,0.7288011559924987,0.6740105043295143,-0.1259878777934163,-0.0005111250598355154,1.0
2008-04-03,-0.003037858549740062,1.0382674337503319e-06,6.489524659950478e-07,0.0,9.707824784773127e-07,4.8523729579724594e-06,0.03239618256621893,0.6785881490194462,-0.1366105079199269,-0.0030453689250762575,1.0
2008-04-04,0.0005894000565832369,1.9164324192365995e-05,9.706894904596253e-06,0.0,3.718893094205643e-05,3.291159209457154e-06,0.47311501111641635,0.30713321002228416,-0.24578153716651768,0.0005200487473347611,1.0
2008-04-07,0.00011894589094179708,1.0483899318191134e-05,4.246066248328208e-06,0.0,1.2300913380058969e-05,3.7933476945853304e-06,0.11475120289302493,0.35240059753351427,-0.2848818151568213,8.812166430063344e-05,1.0
2008-04-08,-0.0005535411465350307,1.1316506505016112e-05,1.854719634303314e-06,0.0,1.201599253899659e-05,0.0,0.3748294081966079,0.021650768162022643,0.021650768162022643,-0.0005787283652133467,1.0
2008-04-09,-0.00015696972730558695,0.0,0.0,0.0,0.0,0.0,0.0,0.021493798434717055,0.021493798434717055,-0.00015696972730558695,1.0
2008-04-10,2.8740935985529082e-05,8.72222743601103e-07,1.207254456522503e-06,0.0,2.4915217058232928e-06,5.103910933752743e-07,0.04287285184352304,0.06439539121422562,-0.021350312472820456,2.3659545986206907e-05,1.0
2008-04-11,0.00039978147424816937,6.7366417574287975e-06,3.735097991919154e-06,0.0,8.115937906063701e-06,1.585477718551469e-06,0.12541539934822943,0.18857973278585616,-0.0777805239307906,0.00037960831887420626,1.0
2008-04-14,-0.00043275293806657505,5.570052093634943e-06,2.8892226471603754e-06,0.0,1.3487041371076488e-05,1.4783419478809404e-06,0.18901150888887663,0.17453071737838036,-0.07383072986561762,-0.0004561775961263278,1.0
2008-04-15,-0.00046411647151969475,2.727186869120637e-05,6.928078703871334e-06,0.0,8.383651994935679e-05,2.705644646640437e-06,0.39424954839321963,0.3882651175323355,-0.06628318310325787,-0.0005848585835107697,1.0
2008-04-16,0.000927551029660446,1.1273200459788758e-05,2.081179227258863e-06,0.0,2.4812545064502253e-05,1.0999702386508666e-06,0.24289232226543955,0.2739556338887065,0.0891606337953609,0.0008882841346702453,1.0
2008-04-17,-0.0011426699296709123,3.077565963946283e-05,1.3671753201795815e-05,0.0,0.00010073718736112331,2.6688290583867077e-06,0.49252013219881835,0.3221136311198263,-0.1262496506891405,-0.001290523358931681,1.0
2008-04-18,-0.002453940488947902,7.381418857626309e-06,3.518419805349728e-06,0.0,2.2934325597235884e-05,2.4681638190385947e-06,0.14621707639972992,0.24975325557011274,-0.16489826602837113,-0.0024902428170271527,1.0
2008-04-21,0.00025252887501059167,8.314325112652593e-06,2.4464981807848124e-06,0.0,2.2618477238686235e-05,1.1925686123405664e-06,0.2797599538627952,0.23010761780721584,0.029756090934000688,0.00021795700586612748,1.0
2008-04-22,6.92422141272685e-05,3.287949520266029e-06,4.796533736130132e-06,0.0,1.1164142641196548e-05,2.195333610784891e-06,0.1845300541343851,0.23344476188350333,-0.1353712847283583,4.7798254618890905e-05,1.0
2008-04-23,0.001611124846013035,4.116998671691795e-06,2.593319990140022e-06,0.0,1.271573267573222e-05,1.7662480969421792e-06,0.15223514247621,0.14836484014314305,-0.14836484014314305,0.0015899325465785288,1.0
2008-04-24,0.0010662576054840402,5.5697508540420825e-06,3.0459715469081473e-06,0.0,1.8253438948229418e-05,2.859669832255232e-06,0.1443365633586772,0.29085983088831346,-0.1895647009305655,0.0010365287743026054,1.0
2008-04-25,-0.0030328480314990155,1.1930145163778334e-05,3.0134792690050433e-06,0.0,4.217698127201839e-05,1.990458043771178e-06,0.30080473264531327,0.3071033978758775,-0.027293553477680373,-0.0030919590952475885,1.0
2008-04-28,0.004601372005714434,4.823317188583999e-06,3.3422603795073318e-06,0.0,1.9180014697256595e-05,2.106460490367905e-06,0.1154151897421685,0.2524441841797182,-0.10144117820208978,0.004571919952958719,1.0
2008-04-29,-9.38378776913721e-06,9.900098934615146e-06,3.0903210340929955e-06,0.0,3.952215696854637e-05,1.4866945524099299e-06,0.29017010091139106,0.28676767483333904,0.037002990028470836,-6.338305925880164e-05,1.0
2008-04-30,0.0003980789254463021,1.8022100435345693e-05,8.64145412058652e-06,0.0,4.668177183241838e-05,1.3419055171172084e-06,0.5453664961800222,0.395061190841799,0.16962106396610796,0.0003233916935408343,1.0
2008-05-01,0.0053660623306824775,1.0341584310766631e-05,9.02688221318598e-06,0.0,2.9065859732145417e-05,4.1496557138176985e-06,0.3650566137757347,0.6313386724254829,-0.06580348749589027,0.005313478348712561,1.0
2008-05-02,0.005094918690649127,1.8481966566255905e-05,7.107410735001401e-06,0.0,4.214484784461938e-05,1.8897347511563935e-06,0.49943850830762637,0.31949499515926155,0.002019556964987429,0.005025294730752094,1.0
2008-05-05,0.0009199570653775357,5.24189016458204e-06,3.7808449777879717e-06,0.0,2.4883983646419043e-05,1.872429778136226e-06,0.2446427453644408,0.32512700550091567,0.0105588027740297,0.0008841779168106105,1.0
2008-05-06,0.0018393285441816781,1.1189495921995685e-06,9.585553681584448e-07,0.0,7.3736729720677694e-06,1.3318434818273305e-06,0.07588388579260343,0.25321555149637853,0.029465846549386953,0.001828545522767425,1.0
2008-05-07,-0.0019167912162745184,1.624392003020904e-05,3.6097125410101657e-06,0.0,4.996178757344403e-05,4.884004361483331e-07,0.532110392470182,0.4815239275334826,0.39947265426056267,-0.00198709503685533,1.0
2008-05-08,0.0012853944691895197,1.0443922209375528e-05,1.0366777917608004e-05,0.0,2.9146443162633284e-05,3.216696548841422e-06,0.33711516720141027,0.6040479017337007,0.06364288152834187,0.0012322206293510615,1.0
2008-05-09,-0.0025854199994636345,1.73855637762791e-05,7.897396254418193e-06,0.0,5.50617257413411e-05,4.883333130651052e-07,0.5840519212856528,0.2617176337370992,0.17967763714216156,-0.002666253018548738,1.0
2008-05-12,0.0024199184377201484,1.13198633753504e-05,6.915582044956734e-06,0.0,2.8061130351277713e-05,1.2815323528071633e-06,0.24243127983109053,0.23825527125522455,0.022957835983621114,0.002372340329595756,1.0
2008-05-13,-0.0005305838980936242,1.0611195280847932e-05,5.9732908716971535e-06,0.0,3.533824031228144e-05,8.258878406792763e-07,0.3216375339028448,0.12357949929717416,-0.01516965793694427,-0.00058333251239913,1.0
2008-05-14,0.003560412454350786,7.548683271744534e-06,3.133973671757968e-06,0.0,2.005863646698232e-05,5.028503283732213e-07,0.20139199953812445,0.08285720824957796,-0.001621646917123227,0.0035291683106119277,1.0
2008-05-15,-0.0003799964785194935,1.7570820208571683e-08,5.626246914065488e-08,0.0,0.0,5.303240328776199e-07,0.002240499211845497,0.08485229491595192,-0.004242142607488217,-0.00038060063584172035,1.0
2008-05-16,-0.0003276029983279607,2.5854330889702314e-06,1.2040373964213622e-06,0.0,6.0533068553183354e-06,2.40840484971981e-09,0.08404792984421405,0.00020230600737646407,-0.00020230600737646407,-0.00033744818407352033,1.0
2008-05-19,-5.547515626815067e-07,8.694623455349569e-06,2.9261879867603093e-06,0.0,2.9901336008940412e-05,9.719478650766995e-07,0.16288151981500723,0.1630843805739464,-0.0002028607589391468,-4.30488468788085e-05,1.0
2008-05-20,0.0004374857010084903,1.1376423073548765e-05,5.667888021710322e-06,0.0,3.220875481493219e-05,1.6182246439101644e-06,0.32104377813311347,0.26114575817830843,-0.010715981998599217,0.00038661441045438887,1.0
2008-05-21,-0.0009800584950161498,2.0859469398880508e-05,8.516086392552847e-06,0.0,3.179279464317859e-05,2.2692481537270375e-06,0.30683922539054914,0.3039119646580629,-0.07732172516807945,-0.0010434960936044888,1.0
2008-05-22,0.0006387328623614732,8.605308730632435e-06,3.970395641639686e-06,0.0,1.7151409869081365e-05,1.5078280930463996e-06,0.24406020532226824,0.20955115584717932,-0.04376396378461586,0.0006074979200270733,1.0
2008-05-23,0.00013575347230134605,5.629998632791764e-06,4.774445136780405e-07,0.0,5.6645173225918445e-06,1.351760557013714e-06,0.09909040780476594,0.26664421899244595,0.03954844541414207,0.0001226297512752707,1.0
2008-05-27,-0.00042234861877381947,2.0267517545402823e-05,7.4857787775351435e-06,0.0,4.07929043627914e-05,1.2058773191538425e-06,0.4292811330139558,0.2450415424527714,0.04245415283492588,-0.0004921006967787026,1.0
2008-05-28,-0.00016045676432834813,1.756382758530811e-05,8.877808881508396e-06,0.0,5.454715994333339e-05,1.927850463057054e-06,0.3494308577780139,0.22137895005713942,-0.10249992773644556,-0.00024337341120155508,1.0
2008-05-29,-0.001419496957658672,7.932980204317375e-06,1.8590427821574949e-06,0.0,2.4357768659190115e-05,1.4681978635464965e-06,0.16608818827083155,0.20879933700345005,-0.03785790407236132,-0.0014551149471678836,1.0
2008-05-30,0.0020678316326572773,6.350273969629017e-06,2.49343622098385e-06,0.0,1.1894193356295833e-05,1.4093010246155542e-06,0.16828310697255522,0.240578424612712,0.003815852477298917,0.002045684428085753,1.0
2008-06-02,0.000425236981659767,7.654694124584162e-06,5.666476331248165e-06,0.0,2.7632317896116724e-05,1.6162273497470217e-06,0.292849362221693,0.18973334689657123,-0.08179284786092839,0.00038266726595807094,1.0
2008-06-03,0.00012645670227493427,9.984527923072755e-06,2.304037371087334e-06,0.0,3.337382695039905e-05,0.0,0.2958173901436163,0.10629747859479591,0.10629747859479591,8.079431003037514e-05,1.0
2008-06-04,0.0004757667086177086,1.1903307156226383e-05,5.512860418013175e-06,0.0,3.927288972434144e-05,1.854735829582944e-06,0.30232348443322965,0.4049120121687822,0.09331639279884764,0.00041722291548954466,1.0
2008-06-05,-0.0011338830182480155,1.1531470125698011e-05,7.529531100886926e-06,0.0,4.076659293965466e-05,3.7108422423300407e-06,0.2862308866231528,0.5733874589502128,-0.05003403776123412,-0.0011974214546565851,1.0
2008-06-06,0.004483313376508922,4.774403294653387e-05,9.595211203137018e-06,0.0,0.0001009241655292034,2.115653374914238e-06,1.0752020980609924,0.9218100663021331,0.5663802993165412,0.004322934313455134,1.0
2008-06-09,-0.0024251406572924567,2.644723904429535e-05,2.1293910743547232e-05,0.0,9.907133730788402e-05,5.9454828843640855e-06,0.8903974342147459,1.1046909191245557,0.1058497945513895,-0.0025778986272725476,1.0
2008-06-10,0.004862521863242545,3.70839865759347e-05,1.4726194144935232e-05,0.0,7.553385080593575e-05,2.8761719112393693e-06,0.7376965024533735,0.6332247055512494,0.15002782446303542,0.0047323016598045,1.0
2008-06-11,-0.004006062965672114,1.8753137730440488e-05,8.259947213665429e-06,0.0,4.9894088308538766e-05,1.525306081465961e-06,0.5238331200779478,0.46799237424952944,0.21174095256324793,-0.004084495445006224,1.0
2008-06-12,0.0008274101190810908,1.9358187878986562e-05,9.792678729912512e-06,0.0,3.287442867048545e-05,3.7198405472111485e-06,0.3645841699289671,0.6106082346916055,-0.01432497723986731,0.0007616649832544951,1.0
2008-06-13,-0.0046453154276177066,2.138173447893136e-05,1.4338983740487866e-05,0.0,8.416654898671138e-05,7.029195102206533e-06,0.6000734116816779,0.8389278931693489,-0.3419768840013485,-0.0047722318899260435,1.0
2008-06-16,0.0022523676169725363,1.6063675785083084e-05,4.561388167226522e-06,0.0,7.479122009031298e-05,1.778525112942068e-06,0.5695621794337333,0.3288788272783363,0.030086608304068896,0.0021551728078169716,1.0
2008-06-17,-0.001917868169147649,1.4380542658110604e-05,3.7475201765961236e-06,0.0,3.2728274702177234e-05,1.3277608845299421e-06,0.2971478193061875,0.4188903455463826,0.19582651694535227,-0.001970052267569063,1.0
2008-06-18,-0.003335926989867155,2.148929181109528e-05,1.0386855000925713e-05,0.0,9.387997946104345e-05,2.7245573479847123e-06,0.4720679776288717,0.5315028498409619,0.07377721537953011,-0.0034644076734882045,1.0
2008-06-19,-0.004961789327450606,1.6244937888574677e-05,9.915472267927967e-06,0.0,4.1946147338809e-05,4.775083799551657e-06,0.44115111582544086,0.7384092251448607,-0.06380485317981774,-0.005034670968745469,1.0
2008-06-20,0.0013464632654672246,3.625722418933045e-05,6.54651940127456e-06,0.0,0.00011297361239388478,4.599031415711121e-06,0.6632359568091496,1.0158919162150468,0.24325463837557865,0.0011860868780670236,1.0
2008-06-23,-0.005903018677905027,4.6908490619595615e-05,2.285939064031021e-05,0.0,0.00017058846591854723,6.593128134528847e-06,0.9366979006363021,1.078694731254141,-0.02895079534670525,-0.006149968153218008,1.0
2008-06-24,-0.0027967880399634507,3.7147171987227264e-05,1.0775127618024576e-05,0.0,0.00012260208322424412,1.1501308787705232e-06,0.969091011842173,0.6229982802242595,0.4297762925908116,-0.0029684625536717173,1.0
2008-06-25,0.004260990649473053,3.9334230168726e-05,2.925281113010017e-05,0.0,0.00015579835247514148,8.098698751204529e-06,1.0515707409284638,1.106004544213001,-0.25457684598935965,0.0040285065569478805,1.0
2008-06-26,0.016873068634604794,4.8453475641025276e-05,1.489354145739415e-05,0.0,0.00013507324455886278,3.1228924311331374e-06,1.5817576791103543,1.1280164564078008,0.6033705279774337,0.01667152548051638,1.0
2008-06-27,-0.004854163552671479,1.9902133912214844e-05,6.879278555816861e-06,0.0,5.54231480146661e-05,1.888254812908111e-06,0.5153831352547036,1.0289262343222525,0.7116994257536898,-0.004938256367967085,1.0
2008-06-30,-0.0010305106436049047,4.008273159262397e-05,1.946301118122104e-05,0.0,0.00012702275938416104,6.3357548915677055e-06,0.9879975263360964,1.5975086416230675,0.533101819839693,-0.0012234149006544784,1.0
2008-07-01,0.007219531308609258,5.516061209874138e-05,4.5893045649951256e-05,0.0,0.00015444484059846047,8.270792917899453e-06,1.978753069674089,0.871414402966514,-0.5180788072405942,0.006955762017344206,1.0
2008-07-02,0.007346280772991529,4.867499720014278e-05,1.0326199444883791e-05,0.0,0.00013387567769276238,4.786456146624095e-06,1.4265600271647385,1.3541913980295994,0.5500667653967515,0.0071486174425071155,1.0
2008-07-07,-0.0051042634999775415,6.444920464921148e-05,2.457053362009688e-05,0.0,0.0001468862414019556,6.6984248233907355e-06,1.3950656969034103,1.7057093032668256,0.5803739329371823,-0.005346867904472196,1.0
2008-07-08,0.010369721102645474,5.246498600327854e-05,3.21822712522627e-05,0.0,0.00012147985950924842,9.882912449869838e-06,1.284731232029032,1.6939924545429565,0.033663162964824064,0.010153711073430815,1.0
2008-07-09,-0.0017547175030908965,4.5303045779066664e-05,2.175006693436885e-05,0.0,0.00010850523589149623,8.673932456274905e-06,1.1791629117659308,1.4086996150809161,-0.048521037573268005,-0.0019389497841521032,1.0
2008-07-10,0.005929002318508287,7.790164522610757e-05,3.419614740733841e-05,0.0,0.0001941963281923621,1.1764142985236337e-05,1.6689570535753884,1.764770986367437,-0.2116050351522672,0.005610944054697242,1.0
2008-07-11,0.003978825393220696,6.25016355240663e-05,2.3687668805155204e-05,0.0,0.00018169616796171554,7.34239753949579e-06,1.5128650026513717,1.1414715184818065,-0.09205126815348608,0.003703597523390263,1.0
2008-07-14,0.013806657438337654,4.1438080534935124e-05,1.1326464808846854e-05,0.0,0.00010647964700512559,3.4347097469981312e-06,0.8907953882596742,0.8606008362938509,0.28356959879816485,0.013643978536241748,1.0
2008-07-15,-0.002923884632259052,2.6031425026934734e-05,1.263445056335966e-05,0.0,8.325422655945474e-05,2.444997486605035e-06,0.6739095475185768,0.6940549278711033,0.28329535012145746,-0.003048249731895406,1.0
2008-07-16,0.006086668651973236,4.0858953986303915e-05,3.08565069960581e-05,0.0,9.68970518304055e-05,8.687339593953386e-06,1.412918370689012,1.122940126664652,-0.33653292511951655,0.0059093687995665145,1.0
2008-07-17,0.012472355401447074,4.794660235207155e-05,2.3285706370056375e-05,0.0,0.00013847513242115585,1.3738269657959625e-05,1.2379141316774775,1.9596856697477445,-0.3483436327894727,0.012248909690645831,1.0
2008-07-18,-0.007868341120610063,3.233791943446326e-05,1.4120282044819129e-05,0.0,0.00010535821762180483,1.0803163535280366e-05,0.9794580312936569,1.6035752347834134,-0.21135623914368773,-0.00803096070324643,1.0
2008-07-21,0.002467151434806112,4.125083868654992e-05,1.828423449786503e-05,0.0,9.957929309936057e-05,5.612195102556083e-06,1.1529851527041584,0.8206230972022912,-0.12222568002713038,0.0023024248734197805,1.0
2008-07-22,0.0013380910853199109,2.5036191619397564e-05,1.666547350590946e-05,0.0,7.892978969655696e-05,3.898620868430824e-06,0.9468317101601451,0.44446599007054766,-0.21050231582583065,0.001213561009629616,1.0
2008-07-23,-0.005845224356624933,3.9943207830924305e-05,2.0920336953159147e-05,0.0,8.29472342402467e-05,1.083018802735543e-05,1.0053195141878837,1.327259098022774,-0.49221249057293837,-0.0059998653236766186,1.0
2008-07-24,0.01825078594500143,3.81269705992291e-05,1.4275581672866184e-05,0.0,0.00011310404564382573,7.92928722929184e-06,1.0144883443497277,1.1218753643011898,-0.21024489021983933,0.018077350059856216,1.0
2008-07-25,-0.0002527925652612486,3.795993104559137e-05,2.2430160475087754e-05,0.0,0.00011539210249547432,8.704223550034332e-06,1.0841373179695986,0.95367627869601,-0.5086332777097579,-0.0004372789828274364,1.0
2008-07-28,0.008141660263239611,2.746376550361685e-05,7.648602320817985e-06,0.0,5.884514350583782e-05,3.4618741993506072e-06,1.116487835598309,0.860532572591185,0.2789377071002832,0.008044240877709987,1.0
2008-07-29,0.0125987648847774,2.928996745137276e-05,2.6072607507604346e-05,0.0,7.836683551591623e-05,4.8461231094521216e-06,1.0665891754866597,0.4909570761856667,-0.32319160620228965,0.012460189351193056,1.0
2008-07-30,-0.0061921489643488635,2.1131841841079483e-05,8.48935540973762e-06,0.0,7.429480080066573e-05,5.163461692537837e-06,0.6365238873499064,0.7494305883379705,-0.11803097600838627,-0.006301228424092884,1.0
2008-07-31,-0.0009803837265587047,2.4010831107444017e-05,8.802873569522048e-06,0.0,6.1609835608846e-05,3.796059421948235e-06,0.7530074823665953,0.7788886065664746,0.1411506236791712,-0.001078603326266465,1.0
2008-08-01,-0.004066873669178897,2.5712183324344363e-05,1.107004404620205e-05,0.0,9.216282248501522e-05,2.9309075823935416e-06,0.8144913502903146,0.7224393473719137,0.23004687352979872,-0.004198749626616852,1.0
2008-08-04,-0.011477596103539881,1.8054795385501647e-05,1.4035507704669476e-05,0.0,4.7002430536981387e-05,4.024793524882254e-06,0.5775005316691126,0.5847396848510458,-0.09142562732917289,-0.011560713630691916,1.0
2008-08-05,-0.001019040751184485,1.8380726131225813e-05,8.574253299823212e-06,0.0,4.692065639354059e-05,2.396323497156778e-06,0.4577693983131609,0.30034567264372497,-0.10223667487861376,-0.0010953127105062313,1.0
2008-08-06,-0.005251706491064996,2.1631349301069975e-05,8.84589576130741e-06,0.0,7.491200505439004e-05,5.18273142188025e-06,0.6901187322156702,0.9888698727636233,0.11817099388774135,-0.0053622784726036436,1.0
2008-08-07,-0.0046701821867004825,2.3443412609683137e-05,1.6327442917679324e-05,0.0,8.078661656271264e-05,7.739839838091222e-06,0.7125656774744324,1.1269208700972455,-0.17337222270207986,-0.004798479498628648,1.0
2008-08-08,-0.007065160485368116,4.1745258194664726e-05,1.4679106542738747e-05,0.0,0.00013800732156492974,3.56457837037175e-06,1.1842827135140623,0.7212859180864999,0.12243675186404586,-0.007263156750040822,1.0
2008-08-11,0.0075092666688527585,2.5209114413253095e-05,1.7798775379329968e-05,0.0,9.641420809950288e-05,6.2749797466928425e-06,0.6499594264576937,0.7943268841997124,-0.25986971324468505,0.00736356959121398,1.0
2008-08-12,8.907729024827974e-05,3.20166317604285e-05,1.5742109586556642e-05,0.0,8.3428003320374e-05,6.7940214601349264e-06,0.7210372336883117,0.7204414284851186,-0.4209541768175491,-4.890347587921433e-05,1.0
2008-08-13,0.007987961958449034,3.036255710242883e-05,1.0318735305969963e-05,0.0,0.00010645654327885198,4.090167562315569e-06,0.8682262265507474,0.5485455644626996,-0.13860258600631614,0.007836733955199467,1.0
2008-08-14,0.0037027495888985454,1.4023532001960839e-05,4.259950895259807e-06,0.0,4.352862866194085e-05,2.0501747386715065e-06,0.34327067936097777,0.33591174060104256,-0.00851761549577043,0.0036388873026007122,1.0
2008-08-15,0.0002501006583648473,1.4453133491440795e-05,5.982206493400407e-06,0.0,4.537123721207668e-05,2.3679090183004028e-07,0.2794706981113365,0.05805181406098299,0.01827094255353622,0.00018405729026609935,1.0
2008-08-18,-0.0012854156933295193,7.011334090424928e-06,4.602178819409632e-06,0.0,1.619556729019066e-05,1.0583508362142475e-06,0.144494307570983,0.0889014702419968,-0.0889014702419968,-0.0013142831243657587,1.0
2008-08-19,0.0018215715318220616,2.820737837799216e-06,6.027895896307531e-07,0.0,3.958660297813342e-06,9.668795544553416e-07,0.05992290018745112,0.10945514195197555,-0.052980623196521845,0.0018132224645423629,1.0
2008-08-20,0.0005457876087288547,4.0455097424573635e-06,2.490201758339477e-06,0.0,3.953374275833325e-06,1.5670048430844107e-06,0.1799773177246892,0.2658301767749327,0.0025733631367516815,0.0005337315181091401,1.0
2008-08-21,-9.739769936574917e-05,1.0112314256245828e-05,1.030525708956735e-06,0.0,1.454670711114346e-05,0.0,0.15004557133972635,0.11650866666046163,0.11650866666046163,-0.0001230872464420952,1.0
2008-08-22,0.0016855925884739973,1.1860357551534368e-06,3.496777356561326e-06,0.0,0.0,2.389030822390035e-07,0.1382621181570119,0.02006785890807629,-0.02006785890807629,0.0016806708722800435,1.0
2008-08-25,0.00040669368792905966,1.0723298455191038e-06,9.657134506283668e-08,0.0,4.240943638506037e-06,2.3406149071603843e-07,0.03714282502416796,0.056803990244315185,0.01748165980402073,0.0004010497816092556,1.0
2008-08-26,0.00043785345527700445,8.422227564176748e-06,4.4304765501362715e-06,0.0,1.8002567215164105e-05,1.1376006454875736e-06,0.13336773002006974,0.11544821676077202,-0.07566869168114032,0.0004058605833020398,1.0
2008-08-27,-0.0012660050720465455,4.36582755639977e-06,2.1858645082784266e-06,0.0,2.2646425219818693e-05,1.6815164251812624e-06,0.06747637136764145,0.16973920828123643,-0.11275555114921565,-0.0012968847057562237,1.0
2008-08-28,-0.005544246723799444,1.1532604719101927e-05,3.3468016741385032e-06,0.0,3.328272500842582e-05,1.2036284771223127e-06,0.2802523804552022,0.18407910336217959,-0.018130480794368978,-0.005593612483678232,1.0
2008-08-29,-0.0007879221649556138,5.120557318147901e-06,1.7340254128696717e-06,0.0,2.7023451375471866e-05,4.5107211375866276e-07,0.15311595083109397,0.10528020891266712,0.029500093801211776,-0.0008222512711758619,1.0
2008-09-02,-0.0011770525538843148,3.0982855772858276e-06,4.101854947984046e-06,0.0,5.83659362842052e-06,1.2323404293178854e-06,0.15884401599901748,0.10351659606270237,-0.10351659606270237,-0.001191321628467323,1.0
2008-09-03,8.442592721413615e-07,9.55510484201466e-06,5.369263082642833e-06,0.0,4.642166696451807e-05,2.5492193019537313e-06,0.36453380873793195,0.3660125394603578,-0.06225630326786904,-6.305099491898794e-05,1.0
2008-09-04,0.0010957724274298355,1.5906755655918623e-05,3.822833655805913e-06,0.0,2.7462567725715176e-05,2.133911312640006e-06,0.6823685554081872,0.8394739691199027,0.4809768685963818,0.0010464463590797559,1.0
2008-09-05,0.0017085727831970432,2.7902323694763124e-05,1.7219669332411198e-05,0.0,8.234970131362929e-05,4.603431696387592e-06,0.7789587465538306,0.9638243649440827,0.19044783995096728,0.001576497657159852,1.0
2008-09-08,-0.0004472037525854191,2.83565286852999e-05,1.9442666362897696e-05,0.0,0.00010170058140796843,7.068157929541041e-06,0.910101034092127,1.0339406969670457,-0.15350983519584901,-0.0006037716869711262,1.0
2008-09-09,0.005063338814569622,4.6786110440434e-05,1.3923296350792181e-05,0.0,0.00014062488734336646,5.371527150173613e-06,1.357237762425911,1.4570555918635697,0.5546390306344031,0.004856632993284856,1.0
2008-09-10,0.014482661107134797,3.645509889335366e-05,1.9820107056170224e-05,0.0,7.985578828039037e-05,1.017957717523478e-05,0.9628006594797333,2.023797421139327,0.31362845569988396,0.014336350535729648,1.0
2008-09-11,0.004371321847504021,5.553300307828259e-05,3.0912642941023004e-05,0.0,0.00015147780512024693,8.434424371723235e-06,1.479764003546442,1.4452867185980716,0.028303424148568054,0.0041249639719927456,1.0
2008-09-12,0.00012288340745606917,3.9980546699534106e-05,2.521372740432016e-05,0.0,9.02828595663517e-05,4.3755890086452155e-06,1.3569740217123072,0.48612572609450067,-0.24897322735789557,-3.6969315222782045e-05,1.0
2008-09-15,0.013357165456751538,2.779440832255134e-05,5.318119864630189e-06,0.0,5.725005275129748e-05,1.2785256055183007e-06,0.9981959890235781,0.7864149637679707,0.5716226620408962,0.01326552435020754,1.0
2008-09-16,0.012378295457027864,3.806619084385119e-05,2.3397279643346073e-05,0.0,7.278216263512638e-05,6.846363084959652e-06,0.7773357155239425,1.1823443789883243,0.032155380715102544,0.012237203460820582,1.0
2008-09-17,-0.003275468779532687,3.916150891708263e-05,1.0482734157641919e-05,0.0,4.50885304308246e-05,7.0719765765269036e-06,0.8992665282672021,1.6387563789947976,0.45066431413827757,-0.0033772735296147627,1.0
2008-09-18,0.0026879803934021377,5.0982081480708005e-05,2.9582920783749814e-05,0.0,0.00010248277100572816,6.323741312229672e-06,1.6161480375080512,1.2282353789345186,0.16584683847993362,0.002498608878819722,1.0
2008-09-19,0.014046692518950271,5.5684260737518853e-05,2.3202564521131216e-05,0.0,0.00011833254706883745,8.69799029438709e-06,1.187338124304817,1.4894391294147593,0.028176759957727886,0.013840775156328396,1.0
2008-09-22,0.009794569311780183,5.9018064315009295e-05,2.2323320169894614e-05,0.0,0.00012600940252755776,3.93321338028496e-06,1.3200025453435211,0.875170319649391,0.21439047176151763,0.009583285311387435,1.0
2008-09-23,0.0017074344953788506,3.7312240204462086e-05,1.5024162520538852e-05,0.0,8.123861388079774e-05,2.0292765675421604e-06,0.9627922126762798,0.7226957039267418,0.38177724057965895,0.00157183020220551,1.0
2008-09-24,0.0026552926057462002,2.9661723835836832e-05,1.899189588870433e-05,0.0,6.856650554329496e-05,3.716408535923005e-06,0.6765954825509765,0.6110859298788043,-0.013270704156260478,0.002534356071942441,1.0
2008-09-25,0.002986556767546362,1.8562762454029613e-05,7.483788144536543e-06,0.0,3.732174710761551e-05,1.572961387968792e-06,0.45815683839386134,0.25413783292845527,-0.010119680250301813,0.0029216155084522116,1.0
2008-09-26,-0.0003800875450454414,1.1000802519786097e-05,7.425077161591396e-06,0.0,2.7556821655812916e-05,2.7446429818374076e-06,0.35396373534713343,0.30732355345844997,-0.15377646749023455,-0.0004288148893644692,1.0
2008-09-29,0.009976144609714669,2.3836312093822015e-05,6.056131736114732e-06,0.0,2.894943707186457e-05,1.6500386147874475e-06,0.6481280781733179,0.5528982830430501,0.2756917957587589,0.00991565269019808,1.0
2008-09-30,0.01933366872594582,2.9339176549072065e-05,1.8402590485804114e-05,0.0,6.230719092321547e-05,5.101902781117101e-06,0.6487812992519499,0.735399435982612,-0.12172023124506064,0.01921851786520661,1.0
2008-10-01,-0.004850174064306688,1.4547568919408374e-05,5.712271330273991e-06,0.0,3.6740345581664e-05,5.9144914838587165e-06,0.41388487595013357,0.9692554329984223,-0.024379136289842007,-0.004913088741621894,1.0
2008-10-02,-0.0019174878072078468,3.1750462783712284e-05,1.1527448691681857e-05,0.0,5.8306279214065165e-05,3.2445224360316812e-06,0.653272743463259,0.5734946212474472,0.028414851994124815,-0.0020223165203333377,1.0
2008-10-03,-0.002196432297511585,1.9528251766298968e-05,7.4159611616935115e-06,0.0,4.092431798750053e-05,3.0831173083023373e-06,0.4232498416172289,0.5837302890640848,0.06576658126929213,-0.0022673839457353806,1.0
2008-10-06,-0.008202220198919167,2.7445387076104068e-05,1.2208838349961828e-05,0.0,5.370867987446786e-05,4.939857732363313e-06,0.48632907590888536,0.7046268575278789,-0.12526924150915753,-0.008300522961952064,1.0
2008-10-07,0.006864445136223036,2.7808240723160344e-05,5.991972105002256e-06,0.0,2.4769331589098874e-05,3.885274820624102e-06,0.4750288571667478,0.780456486617601,0.12773031675275195,0.00680199031698515,1.0
2008-10-08,-0.005351219613490412,1.997081227656345e-05,5.320593883637903e-06,0.0,3.1774913576971185e-05,4.371789783221307e-06,0.3889417548868448,0.9614990308455554,0.22703834726437594,-0.005412657723010806,1.0
2008-10-09,-0.01555713411818339,2.172869762512944e-05,7.051731667542206e-06,0.0,2.1026849044667568e-05,3.4626694473802464e-06,0.2991613338595929,0.7578087986837749,0.17608033152389355,-0.015610404065968109,1.0
2008-10-10,-0.004388979777253166,3.50038182655764e-05,1.4162825447089076e-05,0.0,6.112466245490738e-05,3.0289998681278555e-06,0.6775900398903769,0.5728815579261644,0.06400958008068466,-0.004502300083288866,1.0
2008-10-13,0.013502557270122666,2.997770587519951e-05,2.0535410152074565e-05,0.0,4.9664623931266886e-05,6.383074549060941e-06,0.8491517151139262,0.6868220008895884,-0.3855345233526497,0.013395996455615063,1.0
2008-10-14,0.00815535386698954,2.3999966704015735e-05,4.299209170246712e-06,0.0,3.533361377688746e-05,4.654967781772663e-06,0.4358858785156669,0.658989666326226,-0.12304492101158129,0.008087066109556618,1.0
2008-10-15,0.015419268439105922,3.139568410364971e-05,5.4558024309910405e-06,0.0,5.515027072659005e-05,1.3430094914253794e-06,0.6631983536899724,0.5616853252165993,0.33605973065713557,0.015325923672353265,1.0
2008-10-16,0.01551127824007939,2.9087871134784067e-05,1.6105692224377576e-05,0.0,5.265144175000901e-05,1.340954440666032e-06,0.5322697270830659,0.26328463487468745,0.0380042888427941,0.015412092280529553,1.0
2008-10-17,0.0012055299821969799,1.532821571837786e-05,3.5955602756413737e-06,0.0,3.0072342839831024e-05,1.5613349196947128e-06,0.29349178657259056,0.4055478664961829,0.14324359998747116,0.0011549725284434348,1.0
2008-10-20,0.011153997737223722,2.2403913311974706e-05,1.4768973628392595e-05,0.0,3.67288412530407e-05,2.9800020139891416e-06,0.5159996498020735,0.32137357017687296,-0.17926676817330284,0.011077116007016325,1.0
2008-10-21,0.006949994024333264,1.139435040044097e-05,2.167837693965031e-06,0.0,2.1799921860446333e-05,1.6315612130578434e-06,0.2470901013065353,0.2529274749556279,-0.02117480883808981,0.006913000353165354,1.0
2008-10-22,1.4823325899096084e-05,1.7835038470629637e-05,1.0328475326930761e-05,0.0,2.952686044480024e-05,3.4991524685268124e-06,0.31007913632610545,0.33521124981245065,-0.25264636490005393,-4.636620081179137e-05,1.0
2008-10-23,0.0013134772261983408,1.9900640933636127e-05,4.7594023866877455e-06,0.0,2.6964285975766747e-05,3.2496657877791383e-06,0.3183925348312277,0.38198068783288397,-0.16396316451401127,0.0012586032311144712,1.0
2008-10-24,0.005851017713233453,8.330378720253634e-06,1.4013406408461782e-06,0.0,1.2223091502633488e-05,2.0152418945784332e-06,0.2927751692656938,0.43040654081262386,0.09184590252344724,0.005827047660475142,1.0
2008-10-27,-0.00411315140592463,2.2642625987829512e-05,8.203665524512576e-06,0.0,2.9755744043055258e-05,6.539027962420702e-07,0.40359159301344427,0.17215376131806936,0.062298091549401524,-0.004174407344276269,1.0
2008-10-28,0.008613489578455657,1.4488456952853117e-05,1.0295007929331534e-05,0.0,2.3122899061715365e-05,2.6817102658221653e-06,0.3693181957618695,0.2617584790200571,-0.18876884563806665,0.008562901504245934,1.0
2008-10-29,0.003139705237589471,1.5787617802406208e-05,1.269504768151247e-06,0.0,2.879799270440803e-05,2.1493870984786144e-06,0.2396581567250364,0.37948467157333066,0.018387639028923417,0.003091700735216027,1.0
2008-10-30,0.0014852854908846366,7.251696888301444e-06,4.881192492404625e-06,0.0,7.94528505306977e-06,3.323958563843958e-06,0.15139621450056012,0.4498510762626382,-0.10857396246314667,0.0014618833578870169,1.0
2008-10-31,0.00018941604257650708,1.815531313913659e-05,6.456307621473028e-06,0.0,3.237768768036167e-05,1.6287565585958726e-06,0.37308334354905937,0.2221961447803529,-0.051434957063753714,0.0001307979775769399,1.0
2008-11-03,0.0020901595025250505,9.59158314100207e-06,2.7911649911674857e-06,0.0,1.793145709678228e-05,5.229887136440753e-07,0.17018052643539655,0.0922562227910596,0.004394118898854958,0.0020593223085824544,1.0
2008-11-04,0.00011183212018235937,3.6615085450341257e-06,2.042506823582594e-06,0.0,6.460327424183124e-06,6.644242451726801e-07,0.0785706348242162,0.08079949429966916,-0.0308237788893411,9.900335314438685e-05,1.0
2008-11-05,0.0017529628381677369,5.52455874250892e-06,1.798880120536139e-06,0.0,9.982597744396617e-06,6.507121756562977e-07,0.10217064417877775,0.09187415003139489,-0.017445495478863125,0.0017350060893846389,1.0
2008-11-06,0.0006863664233804499,7.743963964183004e-06,1.4404713423470087e-06,0.0,9.53785833154533e-06,6.801613151850832e-07,0.08849056919506865,0.11754879279791135,0.003281691846817387,0.0006669639684271895,1.0
2008-11-07,0.001982536647202811,8.37481174781081e-06,3.1622805539691356e-06,0.0,1.3048524255174377e-05,7.636245086917945e-07,0.12068750336456893,0.10969060144293044,-0.018598316017291054,0.0019571874061371647,1.0
2008-11-10,-0.00014913977325802758,8.569525011776528e-06,2.0188887932523914e-06,0.0,1.1192268123681664e-05,8.382845728870363e-07,0.1063584899899693,0.12165516490104478,-0.019176643343977326,-0.00017175873975962518,1.0
2008-11-11,0.00026122710125956475,7.029787672981149e-06,2.66528138988096e-06,0.0,9.130708692668491e-06,3.925257776464085e-07,0.1333239202800099,0.07413138177640788,0.008187051131811257,0.00024200879772638773,1.0
2008-11-12,-0.0012405521285669824,4.472149134585588e-06,7.871099111164456e-07,0.0,6.0500234451598045e-06,4.5414583869090955e-07,0.06298428910710545,0.11176790363404332,0.03547140273397053,-0.0012523155568965351,1.0
2008-11-13,0.0018050356182655533,1.1611923315455233e-05,7.598124431352333e-06,0.0,1.6982865871214343e-05,2.0341590081038605e-06,0.24510804211277754,0.1970144478036132,-0.14472426555783538,0.0017668085456394274,1.0
2008-11-14,0.007039769848822094,1.4428933966594049e-05,1.976647554904226e-06,0.0,2.7208448501310707e-05,1.7914707011335456e-06,0.21445868868434242,0.2967347909873183,-0.004232286803117338,0.006994364348098151,1.0
2008-11-17,-0.002256591247498064,1.2271118443467174e-05,3.0064725713477173e-06,0.0,2.0309408414505867e-05,9.865827860567339e-07,0.1896685841953103,0.21355441299271805,0.04780850493518682,-0.0022931648297134415,1.0
2008-11-18,-0.00019979398733191152,1.1954515399406655e-05,5.633678392235126e-06,0.0,1.97199620307209e-05,5.987617974401058e-07,0.1940486736651736,0.06989980343760079,-0.030692178532336994,-0.0002377009049517143,1.0
2008-11-19,0.0012515421149833727,3.83807563422623e-06,4.5028284193046507e-07,0.0,4.135322794569638e-06,4.4083707027563334e-07,0.047435810022653305,0.07143528548417724,-0.0026253423221291664,0.0012426775966423707,1.0
2008-11-20,0.000601806656395803,6.6584229583925965e-06,1.5964786092569113e-06,0.0,7.6068097136395875e-06,7.152771558933028e-07,0.08366195086049333,0.13153877472698117,0.011372212536906304,0.0005852296679586206,1.0
2008-11-21,0.0012011594664783818,8.462879152062691e-06,5.352456693893105e-06,0.0,1.2258438564978636e-05,1.9854344278482884e-06,0.22485606544655018,0.2767483900058257,-0.05680459387268678,0.0011731002576395992,1.0
2008-11-24,0.00234987950221846,1.9480403477803265e-05,2.770632343949089e-06,0.0,3.3478762802176716e-05,5.998635599458393e-07,0.3400315382826354,0.2915807692243288,0.19080369115342782,0.002293549840034585,1.0
2008-11-25,0.004848781115307484,1.1095623364831933e-05,5.787707616596276e-06,0.0,2.042830109944399e-05,1.1246117026915862e-06,0.19284272673317646,0.2725365557528794,0.08360178970069287,0.00481034487152392,1.0
2008-11-26,0.003220536483491996,9.036648381030669e-06,5.8224526248633754e-06,0.0,1.1212181149863263e-05,1.4711903786425501e-06,0.2393084526247936,0.2130988979593162,-0.03406108565263224,0.003192994010957596,1.0
2008-12-01,0.0048346827532596585,8.801352096850745e-06,2.604220401368441e-06,0.0,1.4342359466329603e-05,9.638195844328759e-07,0.11692750988348771,0.13575837924401873,-0.0261633109407044,0.004807971001710677,1.0
2008-12-02,-0.0015923010845154515,1.1025099335632046e-05,5.228049043528973e-06,0.0,1.5857946006528756e-05,1.3713933348671636e-06,0.25906632631535664,0.20901030586623237,-0.02138377439145113,-0.0016257835722360084,1.0
2008-12-03,0.0004033193959130046,7.332562362603086e-06,1.4771848287085844e-06,0.0,1.0895981884646463e-05,8.587460780065961e-07,0.12734715357976875,0.17761180743349472,0.03334246632838661,0.0003827549207590399,1.0
2008-12-04,-0.0012517450161638514,7.733556364083505e-06,2.84533350457843e-06,0.0,1.2851671425047967e-05,2.847354169702577e-07,0.13916207543754955,0.07074038278415742,0.022904832733154124,-0.0012754603128745316,1.0
2008-12-05,0.00030429666002262934,2.663254451252486e-06,1.7991536099197103e-06,0.0,2.925168413592692e-06,1.9818496147027983e-07,0.08994260249118044,0.016647536763503504,-0.016647536763503504,0.00029671089858639415,1.0
2008-12-08,-0.000846278664199242,1.8787092127172938e-06,1.658777347796239e-07,0.0,1.1911538241522712e-06,2.539217848694147e-07,0.014191773654913926,0.03168558908261667,-0.010973270775444995,-0.0008497683267557607,1.0
2008-12-09,0.0001930374482304666,2.1707302689595604e-06,1.0416609996356853e-06,0.0,3.7375336161398885e-06,5.588619155556328e-07,0.050275498321351496,0.0783029136664351,-0.015585888146911206,0.00018552866143017584,1.0
2008-12-10,-0.0001820623757705699,2.4026295323857257e-06,5.756152298306165e-07,0.0,3.114894606869379e-06,4.434444111802029e-07,0.055470971870699826,0.0836688546225227,0.009170193544248625,-0.00018859895955083584,1.0
2008-12-11,0.0007069141254926587,3.7001689784764587e-06,1.8341661983791594e-06,0.0,6.205388093599355e-06,4.058933562531059e-07,0.061767524546372576,0.04439487214104665,-0.023795211709475118,0.0006947685088659506,1.0
2008-12-12,-0.00041978111269978785,1.3489816741686395e-06,4.930349828119981e-07,0.0,1.7864684227587983e-06,0.0,0.046403045474144096,0.0015614745154469748,0.0015614745154469748,-0.0004234095977795273,1.0
2008-12-15,-2.1586087585396024e-05,0.0,0.0,0.0,0.0,0.0,0.0,0.0015398884278615787,0.0015398884278615787,-2.1586087585396024e-05,1.0
2008-12-16,7.227701236458489e-05,9.352135394926493e-08,1.2710393693890649e-07,0.0,1.8796521487049352e-07,5.352427489417752e-08,0.004496039091110912,0.006108204531337076,-0.002883873650884748,7.181489758393204e-05,1.0
2008-12-17,3.942121560850349e-05,1.8997901779637164e-06,1.1935313004065279e-06,0.0,2.8242781012615048e-06,4.276944044475146e-07,0.03148523467792551,0.037522972833980706,-0.03432968711320176,3.307592162442423e-05,1.0
2008-12-18,0.0010078828272129345,1.6332979749410303e-06,5.10598808119567e-07,0.0,2.5892962185789495e-06,2.8380119501280066e-07,0.0474578793034293,0.033008476215479865,-0.014670124546670642,0.0010028658330162822,1.0
2008-12-19,-0.0009642378362849215,2.7010137070447766e-06,3.268001940928892e-07,0.0,3.218500206676082e-06,1.0869402610035627e-07,0.036782837520222766,0.02152328090789071,0.003262684523030853,-0.0009705928444188356,1.0
2008-12-22,-0.00022771024815042138,1.5121563727137617e-06,6.418863658479825e-07,0.0,1.013067403933225e-06,0.0,0.02522124659942656,0.0041612782247699605,0.0041612782247699605,-0.00023087735829291635,1.0
2008-12-23,-4.2595761355912724e-05,0.0,0.0,0.0,0.0,0.0,0.0,0.004118682463414048,0.004118682463414048,-4.2595761355912724e-05,1.0
2008-12-26,4.7838316599717646e-05,5.242555243804675e-08,1.0944201050309324e-07,0.0,0.0,0.0,0.004166520780013765,0.0,0.0,4.767644903677651e-05,1.0
2008-12-29,0.0,0.0,0.0,0.0,0.0,0.0,0.0,0.0,0.0,0.0,1.0
2008-12-30,0.0,0.0,0.0,0.0,0.0,0.0,0.0,0.0,0.0,0.0,1.0
2008-12-31,0.0,0.0,0.0,0.0,0.0,0.0,0.0,0.0,0.0,0.0,1.0
2009-01-02,0.0,3.1226688287156535e-07,3.8159233291016137e-07,0.0,6.975926642115573e-07,1.5675147794038247e-07,0.013167124146992127,0.013167124146992127,-0.013167124146992127,-1.5482033579336665e-06,1.0
2009-01-05,0.00013461307801274221,3.1226688287156535e-07,3.38845287793464e-08,0.0,6.827779021429553e-07,0.0,0.013032511068979385,0.0,0.0,0.00013358414869894835,1.0
2009-01-06,0.0,0.0,0.0,0.0,0.0,0.0,0.0,0.0,0.0,0.0,1.0
2009-01-07,0.0,1.4857453699934403e-07,1.6284660702350101e-07,0.0,3.797048887866323e-07,6.497925063111191e-08,0.005458257053013401,0.005458257053013401,-0.005458257053013401,-7.561052834405892e-07,1.0
2009-01-08,-0.00012628835644944215,1.0173107005116033e-06,8.960199753742532e-08,0.0,1.517767034923623e-06,0.0,0.03446230674516358,0.02887776133570074,0.02887776133570074,-0.00012891303618241482,1.0
2009-01-09,-0.0006542511743403822,8.687361635122591e-07,8.665398755996734e-07,0.0,1.1030942103402375e-06,0.0,0.028223510161360356,0.0,0.0,-0.0006570895445898344,1.0
2009-01-12,0.0,0.0,0.0,0.0,0.0,0.0,0.0,0.0,0.0,0.0,1.0
2009-01-13,0.0,0.0,0.0,0.0,0.0,0.0,0.0,0.0,0.0,0.0,1.0
2009-01-14,0.0,0.0,0.0,0.0,0.0,0.0,0.0,0.0,0.0,0.0,1.0
2009-01-15,0.0,4.192962918491532e-06,1.724251220382499e-06,0.0,9.071293973441955e-06,4.976420547186473e-07,0.07421510326358831,0.07421510326358831,-0.009388761929144441,-1.5486150167034634e-05,1.0
2009-01-16,-0.000277357953160884,5.992113654981338e-06,9.529839160109083e-07,0.0,8.6950158497166e-06,3.565431123304012e-07,0.07336763364364102,0.06686999014906521,0.006970747277557806,-0.00029335460969392323,1.0
2009-01-20,-4.3504836002249614e-05,6.729207933442708e-06,2.9595008945356105e-06,0.0,1.2652423422755036e-05,5.869917214893833e-07,0.09336790163876858,0.06320066602034573,-0.03541394318987068,-6.643295997447235e-05,1.0
2009-01-21,-0.005468748784813067,7.482658436174411e-06,4.112766758924353e-06,0.0,1.829550928851211e-05,1.4674420247241286e-06,0.20456672928541847,0.19722301810003331,-0.049307242053620276,-0.005500107161321402,1.0
2009-01-22,0.0004123186169814163,6.065438145139468e-06,4.793103501560143e-07,0.0,1.987378984752765e-05,9.987600671426359e-07,0.12013051857243026,0.2250141362940452,0.05722244501408236,0.00038490131857145057,1.0
2009-01-23,-0.00013012800425054466,1.3709888599822447e-05,5.7745411258749464e-06,0.0,3.5707085718337534e-05,9.74600643370185e-07,0.1937730598231702,0.14795524337218033,-0.015777664714010764,-0.00018629412033794977,1.0
2009-01-26,0.0005146021120112395,8.928234791938013e-06,9.067308098897882e-07,0.0,2.2775253094697562e-05,3.3608290368628465e-07,0.13394448121719799,0.13687396395810858,0.08041203613881277,0.0004816558104110279,1.0
2009-01-27,-0.00015926297157639515,3.4055096329558674e-06,1.7420483526965644e-06,0.0,9.74112229208767e-06,1.6762385103010168e-07,0.07830821439453763,0.08926996783663127,0.06110916086357418,-0.00017431927570516536,1.0
2009-01-28,0.00234888429160521,2.3516949238024275e-06,2.214306370846115e-06,0.0,3.986804981806583e-06,0.0,0.09204957095302467,0.0,0.0,0.002340331485328755,1.0
2009-01-29,0.0,3.4333731911629787e-06,6.014411487619749e-08,0.0,7.2540531779437595e-06,0.0,0.023132351875460568,0.023132351875460568,0.023132351875460568,-1.0747570483982935e-05,1.0
2009-01-30,-0.0014591836062442657,1.025993908938224e-05,1.8063308867268142e-06,0.0,4.0471943005414837e-05,4.014964717406109e-07,0.16500740868061436,0.17424946873542507,0.10679806148300247,-0.0015121233156975302,1.0
2009-02-02,-0.000561120925991383,1.1803747871074868e-05,5.399772087841759e-06,0.0,3.60883636064719e-05,4.875483756276436e-07,0.1833786045030467,0.1174901489006133,0.035582021795169144,-0.0006149003579323991,1.0
2009-02-03,0.002380202790373139,7.108262351320725e-06,2.558525144411267e-06,0.0,1.4716778102945224e-05,4.259114492782914e-07,0.16245012468407985,0.13575432245199137,0.06420119897323844,0.0023553933133251834,1.0
2009-02-04,-0.0016800355362078826,1.1303570428483518e-05,5.25563871909049e-06,0.0,2.292347349606203e-05,1.013846902801271e-06,0.1851314072620936,0.14706967849335278,-0.023256601177260715,-0.00172053206575432,1.0
2009-02-05,-0.0031409628536463218,6.0561435253007295e-06,2.3645067823849403e-06,0.0,1.823384302096387e-05,8.667224010876171e-07,0.10299442044885715,0.11401100216819969,-0.03159836121451998,-0.0031684840693760588,1.0
2009-02-06,0.0009327748084776461,1.5099630627239797e-05,3.7096602227408393e-06,0.0,5.623352068872804e-05,6.60545828720622e-07,0.20571947830151957,0.14845337544177634,0.037481676216711834,0.0008570714511102168,1.0
2009-02-09,0.00021918697935421766,4.817870190295389e-06,2.1775953026471385e-06,0.0,1.1392926509763906e-05,8.098154309329547e-07,0.07324327093520384,0.12948198548941078,-0.006567006907325602,0.00019998877192057828,1.0
2009-02-10,-3.571159784031882e-06,1.2045127854138154e-05,2.354162516284211e-06,0.0,3.061518168387836e-05,6.108146968945654e-07,0.1266672439068431,0.1310340085741945,0.02841713949590753,-4.919644653522717e-05,1.0
2009-02-11,0.00341684291960117,1.2462220783753952e-05,4.8785044717614375e-06,0.0,5.3166272900619304e-05,1.4523071591245963e-06,0.2097400008894733,0.2372841061086196,-0.006703496624312605,0.003344883614285911,1.0
2009-02-12,0.0013458013777158232,1.0204500985255817e-05,3.7785607764144068e-06,0.0,2.6616421686661908e-05,1.8056835127584723e-06,0.2690936778641676,0.3899263582582544,0.08657152811483104,0.0013033962107547325,1.0
2009-02-13,0.0004044929430217499,1.7520142053876476e-05,7.533589671387322e-06,0.0,4.271365684342413e-05,0.0,0.38454138079912925,0.0,0.0,0.000336725554453062,1.0
2009-02-17,0.0,5.9382483216017445e-06,2.9894935833766377e-07,0.0,1.1318694070420069e-05,0.0,0.11498052243756299,0.11498052243756299,0.11498052243756299,-1.755589175035948e-05,1.0
2009-02-18,-0.00042300521157530877,3.05262182975584e-06,1.6448501750646906e-06,0.0,1.0755699910107147e-05,3.0373265976466735e-07,0.03882644845093554,0.12675815561551626,0.07573106877505215,-0.0004387621161500011,1.0
2009-02-19,-0.0014483769705227233,9.362764119300106e-06,1.4729172503340795e-06,0.0,2.7453007801499684e-05,3.018676346608492e-07,0.14537747724573838,0.20886387253199457,0.1581501099089719,-0.001486967527328518,1.0
2009-02-20,-0.0016256222855293412,1.91954511146625e-05,9.488460261529008e-06,0.0,4.297172865417114e-05,1.743148454159042e-06,0.24833711933429498,0.25107866217351477,-0.041770278125204285,-0.001699021074013863,1.0
2009-02-23,0.0009961494647468924,1.570658846709629e-05,2.1566913533050105e-06,0.0,3.7842356309721455e-05,6.116807972137835e-07,0.18951797718529298,0.1520685762490665,0.04930620231715084,0.0009398321478195559,1.0
2009-02-24,0.0033960294714331027,2.148590331561435e-05,6.628327473038419e-06,0.0,6.507024653556387e-05,7.184159714901151e-07,0.20371966410538228,0.13038409244491717,0.00969020923457786,0.003302126578137396,1.0
2009-02-25,0.00024225528741917703,3.2111757004032665e-05,3.660914859985109e-06,0.0,0.00011199481209915154,1.2047440749496682e-06,0.4204656505216278,0.4986636463237698,0.2962666417322256,9.328305938105803e-05,1.0
2009-02-26,-0.009249167957116937,4.002533609548918e-05,1.405603523617729e-05,0.0,0.00010655199514342723,2.621043861469481e-06,0.5124896784214445,0.6279713603712291,0.18763599164435638,-0.0094124223674535,1.0
2009-02-27,-0.013046071193010558,4.1362809763267285e-05,1.3754825435999592e-05,0.0,0.00011305964117547007,1.219680439820522e-06,0.7606869961037682,0.4336809324950823,0.22877461860523468,-0.013215468149825115,1.0
2009-03-02,-0.013182669579837911,3.662004921294732e-05,1.3204387612641202e-05,0.0,0.00012503715412525812,3.2243136744163112e-06,0.3617700764462407,0.5696542132671379,0.027969515965197624,-0.013360755484463175,1.0
2009-03-03,0.006729062392056802,5.5054239386559544e-05,1.775941515374753e-05,0.0,0.0001421442083780286,5.824175231245867e-06,0.6206038194594593,0.796077288719603,-0.1823841501297026,0.00650828035390722,1.0
2009-03-04,0.0008701028212682272,0.0001321122840515951,1.3306820496494358e-05,0.0,0.0004825646261739154,4.731306951207081e-06,1.5300429965388855,1.6211214416895965,0.8262618738868066,0.0002373877835950153,1.0
2009-03-05,-0.03475414447270839,0.00014434561984546525,6.848570381124524e-05,0.0,0.00044023837545093225,8.68261779576278e-06,1.873202070977821,0.9061868966070084,-0.5524928930811389,-0.035415896789611795,1.0
2009-03-06,0.0020968967163863535,5.883159642185521e-05,1.6569220910104534e-05,0.0,0.0001703996657692341,1.1395297031034387e-05,0.7812238237715249,1.388452514186136,-0.5259573870276409,0.0018397009362541251,1.0
2009-03-09,0.018583748991382255,8.115155500660175e-05,2.1739732116322014e-05,0.0,0.00025682170408816696,5.4254809329209694e-06,1.1563675130816318,0.6733172149481523,-0.23816358178257052,0.018218610519238242,1.0
2009-03-10,-0.023547504639224885,5.309200738413995e-05,2.0353804951793883e-05,0.0,0.00014355597070687124,6.515059533327508e-06,0.7289803740824403,0.6515909962397026,-0.44293900535931857,-0.02377102148180102,1.0
2009-03-11,-0.006108130783515676,9.203952949569245e-05,1.4490927295378816e-05,0.0,0.0004310494124154593,6.918734886304196e-06,1.2752491531240966,1.3456443720963138,0.18329691119720898,-0.006652629387608511,1.0
2009-03-12,0.010114454272882822,5.192529349592877e-05,1.9038911314523396e-05,0.0,0.00018894125190339512,7.0324392781311946e-06,0.6739345496317567,1.1375537562173423,-0.04389604250869847,0.009847516376890844,1.0
2009-03-13,0.0034966854548271293,6.748102107789468e-05,2.0631374723426994e-05,0.0,0.0002007996525097848,7.0476773632096885e-06,1.0918472718443484,1.1026762647878132,-0.08133353223141435,0.0032007257291528134,1.0
2009-03-16,1.9539445169157454e-05,1.8687312454264802e-05,5.232951787159032e-06,0.0,3.7584781019996355e-05,5.4382668622833956e-06,0.33422901531607724,0.9341628805165401,0.020534047652929516,-4.740386695454612e-05,1.0
2009-03-17,0.0067980563730456085,5.391887935756547e-05,2.3588903612523326e-05,0.0,0.00013098628169003616,4.307845115718862e-06,0.901170579328447,0.5695715861385684,-0.15414639330220048,0.006585254463269765,1.0
2009-03-18,-0.004505871634375207,1.7525245914502106e-05,9.117146992317958e-06,0.0,3.914405150881509e-05,6.1325806278815306e-06,0.4370539713507777,0.7866243828712446,-0.24364916261285255,-0.004577790659418724,1.0
2009-03-19,0.005847788939487137,2.532078054222831e-05,4.70173556197504e-06,0.0,6.386396271520779e-05,4.247027357591691e-06,0.44437950707813173,0.6967945362347094,-0.016706059840694523,0.0057496554333101345,1.0
2009-03-20,0.0007775067840852779,2.671596845124751e-05,4.758045645710319e-06,0.0,4.927189543305549e-05,1.268123745883046e-06,0.5450868568080964,0.5756039279366367,0.3625591386282849,0.0006954927508093815,1.0
2009-03-23,0.02489926251432946,5.7734025539113955e-05,3.544652283871831e-05,0.0,0.0001250613140047795,8.373502276010281e-06,1.1456236061546998,0.8943671021583648,-0.5123812802113621,0.024672647149670837,1.0
2009-03-24,0.005469848578751234,3.908739915619912e-05,4.175749918700387e-06,0.0,7.925643055650832e-05,7.127797232074142e-06,0.6250131311008165,1.1584560866297968,-0.03901384835865912,0.0053402012018877515,1.0
2009-03-25,-0.005000090800627832,3.362749641858946e-05,1.3766121157025278e-05,0.0,6.403824670828542e-05,8.274229517601567e-06,0.5254459292427162,1.1439262174881493,-0.24614434146891392,-0.005119796894429334,1.0
2009-03-26,-0.007655230058215938,4.8800684946858583e-05,1.4923703764865682e-05,0.0,0.00012027446858288593,3.277380142833013e-06,0.9356639814712204,0.5332750542597545,-0.01732480973619176,-0.007842506295653381,1.0
2009-03-27,0.0012151466226635527,1.873854692877308e-05,7.094011816011451e-06,0.0,4.0980613957490815e-05,3.328605440371951e-06,0.24194776165789098,0.4908543915009481,-0.06835132248153955,0.0011450048445209055,1.0
2009-03-30,0.0018692903776913973,2.2623885214148324e-05,1.2872643283285413e-05,0.0,5.985804782985278e-05,5.056107673363922e-06,0.4355327135301126,0.5194410180755951,-0.32998507104954383,0.0017688796936907469,1.0
2009-03-31,-0.0013778005885747987,3.047327135601693e-05,6.020511942610832e-06,0.0,7.012776786161416e-05,2.08382523223715e-06,0.6614820103172487,0.490870182433879,0.14078754341803779,-0.0014865059649672777,1.0
2009-04-01,0.002957585156274977,1.2113168166187121e-05,5.092184580292873e-06,0.0,2.4844360876323373e-05,1.893835627196441e-06,0.25230341551290814,0.42649223654173263,0.10832785117273051,0.002913641607024977,1.0
2009-04-02,0.007118699487437049,2.3677517658568575e-05,6.604630034802426e-06,0.0,5.437462164727562e-05,5.882887006539823e-07,0.3929628189690053,0.31912928450961353,0.22029678279974446,0.007033454429395749,1.0
2009-04-03,0.0014547666980094893,2.215595532620877e-05,1.5428155500713684e-05,0.0,5.3444852691681713e-05,3.876046935231535e-06,0.6733018558741148,0.5607740589247756,-0.09040182619412226,0.0013598616875556537,1.0
2009-04-06,0.004406241013493184,7.359516496716994e-06,3.916895252966726e-06,0.0,1.6951386329681086e-05,4.441248008202491e-06,0.17059712083459008,0.6080632191179804,-0.13806644626003783,0.004373571967405616,1.0
2009-04-07,0.004003158456061445,3.1118367806072744e-05,8.318806887249923e-06,0.0,8.348285006234674e-05,7.156395469702024e-07,0.7561489124622327,0.3037578041979904,0.1835303603069964,0.0038795227917588055,1.0
2009-04-08,0.0034347346227183977,1.6457670781977518e-05,7.84457072342339e-06,0.0,2.176720369777918e-05,1.2838782866390592e-06,0.25203406003512213,0.27038626526564935,0.054694713110287424,0.0033873812992285786,1.0
2009-04-09,0.008545373023757135,2.033696026763118e-05,1.0473917074915508e-05,0.0,4.3234540172068404e-05,2.7596272194976733e-06,0.3328480400070982,0.29451191069687616,-0.16910546217873298,0.008468567979023022,1.0
2009-04-13,-0.0002505459900547139,4.030803405150979e-05,9.753247566331392e-06,0.0,8.881316501156815e-05,3.054946878185808e-06,0.5198154866527025,0.5235161101503225,0.01028503461510688,-0.00039247538356230907,1.0
2009-04-14,0.001999839071800007,6.873895101032271e-06,9.19530410694146e-07,0.0,1.032175052922408e-05,2.663346702058741e-06,0.042814584595800065,0.4713038976975704,0.023861651751701934,0.0019790605490569977,1.0
2009-04-15,-0.002585493886738988,3.148492964234299e-05,1.116374794192269e-05,0.0,7.974020451493024e-05,1.6659552377085614e-06,0.47209752071678684,0.15598093379701988,-0.12389954613801843,-0.0027095487240758926,1.0
2009-04-16,-0.0033633272559065886,4.13251336775372e-06,9.641595604047484e-07,0.0,1.744460462364896e-05,9.873210229820355e-07,0.1607590316764495,0.16363719966970433,-0.0022327321912776112,-0.0033868558544813783,1.0
2009-04-17,-0.0012332411877587438,7.112224805412218e-06,1.8979886261426782e-06,0.0,2.35805578088084e-05,2.353097952206837e-07,0.15489106554168267,0.09227668068832005,0.052744635091245204,-0.0012660672687943278,1.0
2009-04-20,0.0002896686826642427,3.609880986267198e-06,1.862709118776405e-06,0.0,5.214127251108378e-06,1.428548347071629e-07,0.09994307670238031,0.06845733310977084,0.04445772087896748,0.00027883911047338355,1.0
2009-04-21,0.0002525613131933297,1.773339671663341e-05,9.391003952011668e-06,0.0,5.3315713796418836e-05,2.826836557379795e-06,0.4936327898247823,0.5018976767904171,0.026989135150611535,0.000169294362170886,1.0
2009-04-22,0.0011972709719353736,1.5653216929290307e-05,3.371390219769566e-06,0.0,4.7261727840632315e-05,2.751794924377025e-06,0.3196145514198176,0.645412345908764,0.18311079861342366,0.0011282328420213043,1.0
2009-04-23,0.003533360102244929,3.183447246480795e-05,1.727233541741041e-05,0.0,7.068791506667068e-05,1.5712443253565346e-06,0.7007228253789073,0.17711081823530544,-0.0868582284245924,0.0034119941349706833,1.0
2009-04-24,-0.004201927313856664,1.1064592844690061e-05,1.2808204862528161e-06,0.0,3.0404529967208097e-05,1.2028454852431487e-06,0.23990032571408132,0.30280026522496556,0.10072222370411656,-0.004245880102640058,1.0
2009-04-27,0.0020362867026772176,2.0881528307902053e-05,5.7709838683376144e-06,0.0,5.5583489849433266e-05,1.0477250524664189e-06,0.26624290885493385,0.27695431915904617,0.10093651034468783,0.0019530029755990782,1.0
2009-04-28,0.0012830001868558165,1.7580390169890036e-05,7.4319173393582715e-06,0.0,4.948563624504072e-05,2.0768494674593016e-06,0.325183584023347,0.32887872040411376,-0.02003199012904891,0.0012064253936340682,1.0
2009-04-29,-3.356664888477627e-05,1.1756676591005822e-05,3.8048222344020475e-06,0.0,3.689277648817251e-05,1.1841098820700662e-06,0.2010944661256701,0.1725229182268141,-0.02640754196095703,-8.720503408042672e-05,1.0
2009-04-30,0.0020506847895673725,1.303808191536873e-05,5.570174334798953e-06,0.0,2.962338702248e-05,1.7407377185673015e-06,0.1747788515992798,0.20522139871059897,-0.08722253800870768,0.0020007124085761577,1.0
2009-05-01,0.002010973887244487,6.9453438984045895e-06,3.456082238718861e-06,0.0,1.3134263977447269e-05,2.3641547394893428e-06,0.13787416301338262,0.2694860783643183,-0.1276919178698913,0.001985074042390427,1.0
2009-05-04,-0.0048846655848079085,1.6036961483448075e-05,7.076685691456567e-06,0.0,3.136072742722926e-05,3.710516762849841e-06,0.3614239158965297,0.4172276922570243,-0.20613912390174904,-0.004942850476172892,1.0
2009-05-05,0.00031046184670795586,1.5955791249017518e-05,4.3290331052454326e-06,0.0,4.1716290094831523e-05,2.901446187586541e-06,0.3711445112003572,0.4362334554925097,-0.05120950402202906,0.00024555928607127486,1.0
2009-05-06,0.003833295399304994,1.4485116800144083e-05,5.137331153902144e-06,0.0,2.3882345302339117e-05,2.94497169687269e-06,0.24750627019699667,0.4253462065105962,-0.0694090385640157,0.003786845634351736,1.0
2009-05-07,0.0015156914552970264,1.2682091103210843e-05,6.568206212260991e-06,0.0,3.98048976683637e-05,2.3136918942648757e-06,0.2614868259095544,0.222427579585527,-0.16627265865097218,0.001454322568418926,1.0
2009-05-08,-0.005129983971339689,9.647669871372338e-06,3.462912916313008e-06,0.0,2.0662649750752323e-05,8.570719374022309e-07,0.30194907274147176,0.12005983627185134,-0.02392824921172347,-0.005164614275815529,1.0
2009-05-11,0.0021917372447059526,1.33678342047983e-05,4.8073258340150925e-06,0.0,3.944947774042373e-05,1.0299958064081207e-06,0.3323527493003401,0.232415242724532,0.05937594724796776,0.0021330826111203073,1.0
2009-05-12,-0.0013355007111282863,1.024783286699564e-05,5.4879563227142575e-06,0.0,2.2682072940542966e-05,1.55685073450252e-06,0.2715943751948851,0.2705041050580491,0.008953181661625814,-0.0013754754239930418,1.0
2009-05-13,0.00259268751105688,1.6370505340358196e-05,6.406291082548356e-06,0.0,3.2888583477861805e-05,7.565607653911441e-07,0.3118914992636641,0.1160597170666185,-0.011042491519093697,0.0025362655703907206,1.0
2009-05-14,0.0013853768602469065,7.491616168456888e-06,2.993950004733014e-06,0.0,9.363530304872884e-06,5.465495442898259e-07,0.18047045937879025,0.12434239127242455,0.0325220678317338,0.0013649812142245538,1.0
2009-05-15,0.00014740296836893342,7.480312865693609e-06,6.860305156594298e-07,0.0,5.428934280169277e-06,2.7227393464893885e-07,0.09337908660315225,0.14148404204204346,0.09574202102102174,0.00013353541677276216,1.0
2009-05-18,0.0032133419106483954,8.974395198563474e-06,6.936588142789209e-06,0.0,9.557218415528648e-06,1.0793092596013993e-06,0.23685188331179996,0.09066197780651755,-0.09066197780651755,0.003186794399631913,1.0
2009-05-19,0.0006981139576064406,3.6425196196390283e-06,4.4311721144733616e-07,0.0,4.059517655737602e-06,1.1726335562358332e-06,0.03319526482650663,0.11380530296038532,-0.08319713448723468,0.0006887961695633808,1.0
2009-05-20,0.0003114899997150721,3.298347018812553e-06,1.3642318726179012e-06,0.0,3.353524490249545e-06,1.2310742584347862e-06,0.029143954796085107,0.10341023770852203,-0.10341023770852203,0.0003022428220749573,1.0
2009-05-21,0.0016751284312493007,2.3951497093100182e-06,2.574410261984068e-07,0.0,2.6522385434777015e-06,3.2372975835633336e-08,0.09901577930707954,0.0027193299701932004,-0.0027193299701932004,0.0016697912289944789,1.0
2009-05-22,5.808760998276708e-06,2.903089204330696e-06,5.110121060085986e-07,0.0,6.879429653940773e-06,2.135602281039117e-07,0.04567661385460098,0.0483901350637959,0.012512016742338736,-4.698330194107271e-06,1.0
2009-05-26,0.00037432080403028276,5.135197584546318e-06,3.008721137492965e-06,0.0,1.1694740558434942e-05,5.834243914794907e-07,0.09287717009373539,0.04900764888427722,-0.04900764888427722,0.00035389872035832904,1.0
2009-05-27,0.00050703746236611,2.1887087981385994e-06,7.673026451047424e-07,0.0,1.350741970376452e-06,8.826037073077318e-07,0.06279649126157791,0.11129710268348902,-0.0369803201442099,0.0005018481052451825,1.0
2009-05-28,-0.00021976964955133582,4.372751845631453e-06,8.231991801555571e-07,0.0,1.1017229389688681e-05,6.140364973233559e-07,0.08202682508027617,0.11072797901668299,0.007569847466359187,-0.00023659686646413487,1.0
2009-05-29,0.0005080302566059533,1.4787837541759677e-05,6.042905505004078e-06,0.0,2.7325729892492404e-05,2.048099456545879e-06,0.28367100611108864,0.30435537832009296,-0.039725330379614704,0.00045782568421015124,1.0
2009-06-01,0.0016353967583034768,7.922978285010332e-06,1.6374636158962045e-06,0.0,1.4095742049190908e-05,1.0984602793774283e-06,0.14603962149965638,0.2197439473744347,0.03520262043902674,0.001610642114074002,1.0
2009-06-02,0.0010865303887961537,1.560982601648926e-05,5.241180465582655e-06,0.0,2.922405913004752e-05,1.1360153550010233e-06,0.2524606949278355,0.20556961264308776,0.014719033002915875,0.0010353193078290334,1.0
2009-06-03,0.001740152849604472,8.168709666265603e-06,6.565980949557684e-06,0.0,1.5110652124167245e-05,3.1300893270841305e-06,0.201989591998359,0.3477471549054844,-0.17810785204464952,0.0017071774175373975,1.0
2009-06-04,-0.0039697813506018465,1.1657600624151035e-05,3.130225551665074e-06,0.0,2.5016918299302294e-05,1.6879135281488645e-06,0.26579299624507857,0.24128335378424015,-0.042286118944769024,-0.004011274008605114,1.0
2009-06-05,0.0006948153065380173,5.199580964455761e-06,1.8111572948907468e-06,0.0,7.094580642792828e-06,2.295267751402144e-07,0.21604672999057117,0.1373294419037528,0.09876894368019676,0.0006804804608607377,1.0
2009-06-08,-0.0014070383481866097,4.540597889521914e-06,1.9983741407506414e-06,0.0,2.2207758555396437e-05,1.2553244344261e-07,0.09805881240259437,0.09384221416312236,0.07275276366476388,-0.0014359106112157214,1.0
2009-06-09,0.0009306334611916326,2.9680349430209514e-06,4.6431040697179724e-07,0.0,4.448839109396608e-06,0.0,0.03969435202684554,0.09459813814303886,0.09459813814303886,0.0009227522767322432,1.0
2009-06-10,-0.0006403691798248303,5.927790530858646e-06,1.8644023461289963e-06,0.0,1.5591447368344925e-05,0.0,0.10116835684621034,0.11776461497109814,0.11776461497109814,-0.0006637528200701628,1.0
2009-06-11,9.264894992982553e-05,7.896632973240302e-06,5.645037167717366e-06,0.0,2.5810755254377086e-05,9.528050923816248e-07,0.20012991822641923,0.13782532203476405,-0.022245933485348916,5.234371944210915e-05,1.0
2009-06-12,0.001373234424895712,3.364352157608259e-06,1.1727880846553583e-06,0.0,1.6271285934388428e-05,8.363993112941822e-07,0.10775950955881197,0.15856750253323926,0.018052418235816662,0.0013515895994077659,1.0
2009-06-15,0.0012355107603587352,4.628635794645744e-06,1.348722522241927e-06,0.0,1.7500709922364308e-05,1.8976987425651334e-07,0.08754354927098827,0.06831827199028123,0.036436933115187,0.0012118429222452267,1.0
2009-06-16,0.00017894357119661283,5.61270511522431e-06,1.2653223432381842e-06,0.0,1.4541837275498093e-05,0.0,0.18266057084172457,0.16872811993601064,0.16872811993601064,0.00015752370646265226,1.0
2009-06-17,0.0008123354598378892,3.2656924481865586e-06,2.7035876547399715e-06,0.0,4.579578958404778e-06,7.754666048648308e-07,0.08222306553855593,0.21759577947458414,0.0873173898572926,0.0008010111341716931,1.0
2009-06-18,0.002449148655259204,6.294976043846168e-06,1.4884550299917403e-06,0.0,1.0707872146961929e-05,0.0,0.13345611355496576,0.15050580974810482,0.15050580974810482,0.002430657352038404,1.0
2009-06-19,0.0010671922002189953,9.767880782558465e-06,4.406557538072482e-06,0.0,2.5564350326701094e-05,8.719402980336659e-07,0.14918186423849872,0.2411172617068619,0.09463129163720602,0.0010265814712736296,1.0
2009-06-22,-0.0029909469556499884,7.682990330534311e-06,2.1206881777761317e-06,0.0,9.254774734540401e-06,5.602941245146901e-07,0.17112537593941826,0.25818678116300386,0.16405736824453593,-0.0030105657030173537,1.0
2009-06-23,0.0011137955885139098,6.853121896477475e-06,2.619518411240895e-06,0.0,1.704576145486365e-05,4.629443315006544e-07,0.13883794955497752,0.23527549303968776,0.1575008453475778,0.0010868142424198272,1.0
2009-06-24,0.0008433163467793984,1.094869985336885e-05,7.020399280049662e-06,0.0,3.369367496509453e-05,2.4064478028714062e-06,0.18795855962414787,0.3752857114847439,-0.02899751939765237,0.0007892471248780139,1.0
2009-06-25,0.0004503329922389642,1.5911343349680868e-05,7.897759723734539e-06,0.0,3.809030909425587e-05,1.3313653419730215e-06,0.47100105718073826,0.11183468872573381,-0.11183468872573381,0.0003871022147293199,1.0
2009-06-26,0.0004825005626269501,5.1298475581580135e-06,1.2267768913546196e-06,0.0,1.2715864222699097e-05,1.6871378449475349e-06,0.12208696978807898,0.23343915795118586,-0.05000000000000003,0.00046174093610979085,1.0
2009-06-29,-0.0007431915803311663,2.6662240520659433e-07,2.5071976359781225e-08,0.0,9.033068394562216e-07,1.5981736794873283e-06,0.009643067830685087,0.227393054404225,-0.04110012374964611,-0.0007459847552316762,1.0
2009-06-30,9.268764350499272e-05,6.284248461494726e-06,3.4501623797671997e-06,0.0,1.0936459973581442e-05,0.0,0.22526520531223554,0.0,0.0,7.201677269014936e-05,1.0
2009-07-01,0.0,0.0,0.0,0.0,0.0,0.0,0.0,0.0,0.0,0.0,1.0
2009-07-02,0.0,1.3197388675015908e-06,6.888377018924553e-08,0.0,3.854878892670387e-06,0.0,0.026493757765094435,0.026493757765094435,0.026493757765094435,-5.243501530361223e-06,1.0
2009-07-06,-0.0006928629054383321,1.6870280042797724e-05,8.006576272482254e-06,0.0,5.6971893392139e-05,2.8822664153733947e-06,0.35952050524357054,0.38532140010322663,-0.09889935767950364,-0.0007775939215611244,1.0
2009-07-07,0.0023529540537037754,1.5020941145148204e-05,5.001874014141026e-06,0.0,3.6034717045453525e-05,1.8789527020431164e-06,0.2546432973341444,0.24798553959785363,-0.06767851434538996,0.0022950175687969894,1.0
2009-07-08,0.0032661673321857177,1.5394828442628973e-05,6.542225564364403e-06,0.0,2.3627202157753427e-05,2.3304319134907702e-06,0.4337889398348528,0.4419284239643505,0.05041586249790114,0.00321827264410748,1.0
2009-07-09,0.0006495066442172753,1.1823806540977805e-05,3.8483469215599315e-06,0.0,3.6006739736225454e-05,1.4995079121159348e-06,0.30895260318939605,0.39071364519040014,0.13879631595492306,0.0005963282431063963,1.0
2009-07-10,-0.0023007220441934686,1.1759758958645978e-05,4.986265405305151e-06,0.0,2.1212854210173376e-05,9.676098011754662e-07,0.24114214965768535,0.27768605456889583,0.11512760797141752,-0.0023396485325687688,1.0
2009-07-13,0.002370735379509322,4.1285291185444655e-06,2.2536249911123983e-06,0.0,1.2360980382350763e-05,3.446862436376576e-07,0.13202640199074167,0.18020553767356706,0.1222982487424406,0.0023516475587736767,1.0
2009-07-14,0.0007778214169943567,3.3481524870792676e-06,6.461309002853623e-06,0.0,6.193711224720764e-07,1.2914395513648624e-06,0.2604391968581313,0.10848092231464845,-0.10848092231464845,0.0007661011448305869,1.0
2009-07-15,-0.0031684533528895612,3.0009851178546718e-06,1.7855954691040058e-06,0.0,2.8568935009124093e-06,1.794833632902191e-06,0.069105232742706,0.150766025163784,-0.150766025163784,-0.0031778916606103346,1.0
2009-07-16,-0.0006703063372666766,2.3659013196755603e-05,3.2571448545630575e-06,0.0,4.661932161292638e-05,2.031687424439709e-06,0.41144535079463895,0.48761448491963244,0.14629099761376144,-0.0007458735043553613,1.0
2009-07-17,-0.002002021713152561,1.1186184642492635e-05,5.659602949899021e-06,0.0,1.0381379843620742e-05,3.0785147618004067e-06,0.17805515241876224,0.5623766226028117,0.04518614262034351,-0.002032327395350374,1.0
2009-07-20,-0.002946492743953806,3.925482015324218e-05,1.157879925756352e-05,0.0,0.00010127454544414224,2.021356436006766e-06,0.6122297218410664,0.32977981635869746,-0.009808064890439186,-0.0031006222652447605,1.0
2009-07-21,0.0013478699430564955,2.4630336435908232e-05,9.921092915178068e-06,0.0,5.402110799048214e-05,2.4181620869780146e-06,0.2031387481393927,0.254662224913193,-0.15158900569911346,0.001256879243627949,1.0
2009-07-22,0.0003811053899080095,1.418394669311552e-05,2.7786111029853405e-06,0.0,1.3363899690157858e-05,0.0,0.2547566391492936,0.0,0.0,0.00035077893242175075,1.0
2009-07-23,0.0,1.4829809497929837e-05,1.0488548253335651e-06,0.0,4.915741750595803e-05,9.474042531157904e-08,0.3013670223573967,0.3013670223573967,0.28545063090505146,-6.513082225453301e-05,1.0
2009-07-24,0.0042675101372835035,1.4658694783193944e-05,1.4311346737762269e-05,0.0,2.6188099576376537e-05,4.995529276949154e-06,0.5643439773498076,0.7189472130105659,-0.12030170551689195,0.004207356466909222,1.0
2009-07-27,-0.0015342007968549565,1.4162015685963112e-05,8.913444393622123e-06,0.0,2.71972871624008e-05,7.915402763050397e-06,0.34783943700335695,1.0097208985855177,-0.3200667656069489,-0.001592388946859993,1.0
2009-07-28,0.0035561337931048183,3.9285794871122435e-05,1.3789163083433664e-05,0.0,9.403914457580982e-05,1.7716410922473953e-06,1.0921362882722292,0.43288815120258645,0.13525244770502404,0.003407248049482205,1.0
2009-07-29,0.00015651042636229267,2.510517200428776e-05,1.0493859908305861e-05,0.0,7.480629134350451e-05,3.0108548069337115e-06,0.5080587387423441,0.5664270118424175,0.06060340427755407,4.3094248299260836e-05,1.0
2009-07-30,0.000822892145872822,2.834947682106454e-05,1.0935665410328706e-05,0.0,0.00010991088964709472,3.216814353538105e-06,0.6142427014504053,0.587170300942005,0.04674548954760328,0.000670479299640796,1.0
2009-07-31,-0.00026688502442295337,1.6245488991057902e-05,8.362747277350673e-06,0.0,4.262273016706711e-05,1.4736920684176611e-06,0.37759293021137286,0.21224979944208255,-0.035330468052084535,-0.0003355896829268467,1.0
2009-08-03,-0.00014879577119683682,1.2411976589197662e-05,9.174249016882725e-06,0.0,3.193866752311417e-05,3.161964812404591e-06,0.3438692682445147,0.2656050442419856,-0.2656050442419856,-0.00020548262913843595,1.0
2009-08-04,-0.0006591335402350697,2.3726299028321577e-05,1.3515178385823677e-05,0.0,5.100498229420654e-05,4.860243558718498e-06,0.5647367637789007,0.4082604589323538,-0.4082604589323538,-0.0007522402435021399,1.0
2009-08-05,0.004864931787455557,2.8928646333560315e-06,2.6919226047399353e-07,0.0,1.4671209430292426e-05,4.388045745886845e-06,0.10353548479768981,0.4373316429617815,-0.2998600423472084,0.004842710475385548,1.0
2009-08-06,-0.0007166272461918153,1.190091610088243e-05,9.926415923634772e-07,0.0,3.417032198056769e-05,2.156483214713435e-06,0.25263049167682305,0.2905517924417368,-0.07173738763012033,-0.0007658476090803423,1.0
2009-08-07,-0.003572409885760552,2.474367983966591e-05,4.0573208225754314e-06,0.0,4.217642574146264e-05,1.9685085616542177e-06,0.42532420229122647,0.5069371469418282,0.17622770858391973,-0.0036453558207259103,1.0
2009-08-10,0.0008628537249567912,8.356304466877602e-06,5.91478376953474e-06,0.0,2.1820294999141046e-05,2.456466550903259e-06,0.17993751128081764,0.42261693182321736,0.009930551271469829,0.0008243058751703345,1.0
2009-08-11,0.0006245410825573512,4.515427930490524e-05,2.183957702096371e-05,0.0,0.00011053686923096586,7.100160262071375e-06,1.2252588926266919,1.111773837930887,-0.08105308609710368,0.00043991019673844504,1.0
2009-08-12,-0.005403148703114007,3.700114957466647e-05,1.278975513740119e-05,0.0,6.459762298970214e-05,3.903974314924585e-06,0.87456964122869,0.767933842453665,0.1120661575463349,-0.005521441205130702,1.0
2009-08-13,-0.0009896893607418923,2.1044269800612577e-05,1.3552188479531998e-05,0.0,4.724242729293003e-05,4.705020635632304e-06,0.4990873883654149,0.6106132236600761,-0.17983024312615073,-0.0010762332669505992,1.0
2009-08-14,0.003422450843642547,1.4854167713715324e-05,7.764165476648748e-06,0.0,3.028956783681283e-05,5.6449513143599e-06,0.3837534763619645,0.7000230923092574,-0.24832872850320575,0.0033638979913010103,1.0
2009-08-17,0.0017767833715383484,2.4986957202773906e-05,8.592513492169809e-06,0.0,4.824867699984054e-05,4.349575476644353e-06,0.5040663454296102,0.5410567884067129,-0.18967189166953838,0.0016906056483669198,1.0
2009-08-18,-0.0016875249843629598,1.7133456455864866e-05,8.297416443584519e-06,0.0,3.717695507750678e-05,5.1260135647013985e-06,0.4185259577829159,0.6049558254528469,-0.2562144534169879,-0.0017552588259046173,1.0
2009-08-19,-0.0022983151606617933,1.72260580707392e-05,7.66157734418011e-06,0.0,6.000489958406975e-05,1.8849241188176595e-06,0.731596123511799,0.38184036429433443,0.06517311233296763,-0.0023850926197796,1.0
2009-08-20,0.0006759565670430567,1.4178338577605804e-05,5.411796781865302e-06,0.0,4.061798174463421e-05,3.163505675716023e-07,0.3437264859844411,0.1992084007999829,0.14606150544795374,0.0006154320993713798,1.0
2009-08-21,0.003306277588327343,5.659467075958156e-06,3.4741428138542125e-06,0.0,1.6777934966927405e-05,6.76487218359203e-07,0.12427732501096575,0.19297231799519854,0.07932246531085242,0.003279689556252244,1.0
2009-08-24,0.0005733375299993288,1.9760616401840452e-05,1.226674762984849e-05,0.0,2.8705333956678223e-05,3.476216138435629e-06,0.76006166879095,0.5948083356475778,0.010804024390392152,0.0005091286158725259,1.0
2009-08-25,0.0009061475446014299,1.337008786732979e-05,5.328672918590157e-06,0.0,2.5155335499799524e-05,5.0153207109602305e-06,0.2341298353071313,0.8033347201560692,-0.03923915928524937,0.0008572781276047502,1.0
2009-08-26,-0.0005081118881258362,3.297020227299026e-05,1.3822569803848562e-05,0.0,9.983737388392472e-05,1.0831964068168383e-06,0.7496358805966552,0.1298713126539997,-0.052105683691229136,-0.0006558252304934165,1.0
2009-08-27,0.0008096338462743327,6.080014384828514e-06,2.593043258427829e-06,0.0,2.2635477637051058e-05,1.8385060121469397e-06,0.12158517634234137,0.25267200173763893,-0.05619700830304697,0.0007764868049818783,1.0
2009-08-28,-0.001377196866939585,7.077907268659336e-06,4.045919041227052e-06,0.0,5.9268164726598656e-05,2.510180483753836e-06,0.11234257123500747,0.2688586769809077,-0.15285164428973672,-0.001450099038459824,1.0
2009-08-31,0.002633092455362365,1.0076090239097226e-05,4.882086011854616e-06,0.0,2.5884305003461508e-05,1.7107741652509316e-06,0.27780653800920546,0.14370502988107825,-0.14370502988107825,0.0025905391999427006,1.0
2009-09-01,0.0037210126291742406,8.864036185974619e-06,2.369355134635569e-06,0.0,2.061791557650315e-05,1.348729267789067e-06,0.21809753351920463,0.18627200027159602,-0.04031451671696719,0.003687812593009338,1.0
2009-09-02,0.0010842649638551473,2.4331149114492036e-05,4.52565089098966e-06,0.0,3.1148336558464793e-05,1.1752699933576574e-06,0.8469814687211515,0.8743071888558895,0.676861829971803,0.0010230845572978431,1.0
2009-09-03,0.00680769564841538,2.964263543393007e-05,1.8201950033603653e-05,0.0,4.706183467546125e-05,5.248567513535726e-06,0.7072565939512556,1.1842440460774333,0.3024847038034314,0.006707540660758849,1.0
2009-09-04,0.006849701111336063,2.789229176709631e-05,1.0382766280698633e-05,0.0,4.0270597899740106e-05,1.5157584826861989e-06,0.5903522554315358,0.624434275601954,0.36978685051067245,0.006769639696905842,1.0
2009-09-08,0.0024549976950308944,4.6794198656328895e-06,1.3531716420234089e-06,0.0,1.448844260999446e-05,4.925226955563927e-07,0.11580931570847372,0.5164091845211338,0.4336653716676598,0.0024339841382176874,1.0
2009-09-09,0.003390526441989386,1.0735867410715805e-05,1.7536171720351236e-05,0.0,1.1109594511083461e-05,2.1961832156465703e-06,0.7787669232063,0.2583775354999183,-0.11058124472870541,0.003348948625131589,1.0
2009-09-10,-0.0006320719673409968,9.928423629022404e-06,4.887830114126497e-06,0.0,1.8719495183947844e-05,3.5393292910372104e-06,0.22486788699037852,0.4644329551140429,-0.13017436578020836,-0.0006691470455591307,1.0
2009-09-11,-0.001023584607323575,4.4841135060553886e-05,7.755376128829743e-06,0.0,0.00010701147637018465,2.8798967667620337e-06,0.9754362731447193,0.9462910726369009,0.4624684158208791,-0.0011860724916499053,1.0
2009-09-14,0.0004207606892341696,2.3965615607071956e-05,1.2979563202572507e-05,0.0,5.0675641512988244e-05,5.782852844852307e-06,0.5347647372380957,1.230642539120871,0.25912326118568335,0.00032735701606668457,1.0
2009-09-15,-0.00022424495417638305,3.370378224459541e-05,2.3490109690977263e-05,0.0,0.0001091746153748742,6.40433297591188e-06,0.9424586800484194,0.8292416057869794,-0.24668633416621644,-0.0003970177944627418,1.0
2009-09-16,-0.0074333056494322956,3.558685739070833e-05,1.4283267400500815e-05,0.0,6.506567834411378e-05,7.5655508394197515e-06,0.6454090750127304,0.9505181585779789,-0.32049438244453937,-0.007555807003407038,1.0
2009-09-17,0.008189171242873177,3.544869589275294e-05,9.59165134482826e-06,0.0,8.15742194080464e-05,6.776484804907342e-06,0.9031201114146618,1.291914699598249,0.15346525237381542,0.008055780191422642,1.0
2009-09-18,-0.0010444122929200769,3.64055348376439e-05,1.1024296476169481e-05,0.0,6.27548777890991e-05,3.936992022624684e-06,0.7556330980864095,1.0010979081274094,0.3396832483264624,-0.001158533994045614,1.0
2009-09-21,-0.003997838811091801,3.423015314823223e-05,2.1964408074589184e-05,0.0,7.8941492328697e-05,3.1920947654645695e-06,0.8512687822422322,0.41883524500145347,-0.11743667559659415,-0.0041361669594087835,1.0
2009-09-22,-0.0010276363728626968,1.3092496406158781e-05,6.317524803205745e-06,0.0,2.6760913340729576e-05,4.319814451587045e-06,0.2626594366982279,0.5529475532234263,-0.17278127464319745,-0.001078127121864378,1.0
2009-09-23,-0.0007450923902993073,3.047783889659156e-05,6.3927608165685134e-06,0.0,4.2744339319973096e-05,1.6683369259636277e-06,0.625471820548353,0.40145061090931206,0.12117000734742263,-0.0008263756662584041,1.0
2009-09-24,-0.0018320671424008955,1.1148272028796831e-05,4.3495766943701045e-06,0.0,1.4878679748515495e-05,9.171054091016836e-07,0.2259637537079433,0.28306496342561566,0.12899125469653283,-0.0018633607762816797,1.0
2009-09-25,-0.000880066505651849,2.5929613490645385e-05,1.3668044839177068e-05,0.0,3.1302581853446486e-05,3.5138713814591327e-06,0.38964947734663974,0.4289452171832181,-0.16138517490191623,-0.0009544806172165771,1.0
2009-09-28,-0.0037807418609513287,2.462166528637279e-05,9.380395575933765e-06,0.0,3.6513629021358405e-05,4.354491490869882e-06,0.4330389574196468,0.49490172861525605,-0.2366528418508841,-0.0038556120423258633,1.0
2009-09-29,0.0027798068108693314,3.244600202599996e-05,6.723682202505193e-06,0.0,7.444416351779966e-05,3.260218831570045e-06,0.8293774686467568,0.8279143143096355,0.2801975506058679,0.0026629327442914564,1.0
2009-09-30,-0.004762346074394164,1.9155068341130124e-05,1.7038798982287912e-05,0.0,4.6177539366596046e-05,7.5660480291451346e-06,0.7071703367988603,1.1248602906060188,-0.14623577829036383,-0.004852283529113323,1.0
2009-10-01,-0.0023439937105527824,5.091079248286053e-05,1.7044180838816515e-05,0.0,0.00011416847244410078,6.222083332614838e-07,1.4682434198408942,0.5696180381073717,0.4650870381194424,-0.002526739364651822,1.0
2009-10-02,-0.0032662267835711946,1.8714537702456197e-05,1.1490196305016327e-05,0.0,3.4455543142249405e-05,1.1300173612496602e-06,0.44082975363824517,0.43383284964335356,0.24398993295341068,-0.0033320170780821662,1.0
2009-10-05,0.005009669651914092,2.8254286824713815e-05,1.3128683786212862e-05,0.0,5.532067407974694e-05,3.354912908197833e-06,0.5354181709732149,0.6941477289721003,0.13052236039486428,0.00490961109431522,1.0
2009-10-06,0.0012146160129436754,3.426187205396279e-05,1.2159982544695671e-05,0.0,6.467789089171006e-05,3.5730956748876278e-06,0.639873903997934,0.7520008704033712,0.1517207970222495,0.0010999431717784193,1.0
2009-10-07,0.0005892402061962061,2.908309977735247e-05,8.011119145455326e-06,0.0,3.449376422149774e-05,2.8805423351630777e-06,0.5022859646999679,0.7364404194252171,0.25250930711782005,0.0005147716807167376,1.0
2009-10-08,-0.000513400250277551,2.9230754249263435e-05,2.3726009816881855e-05,0.0,3.353472703417651e-05,6.0222512971864664e-06,0.9979193650110956,0.6486680521555952,-0.3630701657717311,-0.0006059139926750593,1.0
2009-10-09,0.0008788796126395753,1.4899300991962917e-05,6.162438558883474e-06,0.0,1.5473965739981934e-05,3.237469088542493e-06,0.4750225401787668,0.34562672922266413,-0.19826807765247462,0.0008391064382602044,1.0
2009-10-12,-0.0008978400944840293,7.255726645597774e-06,2.6457049409148647e-06,0.0,1.8817883257193536e-05,1.4802949613806404e-06,0.2620354680854723,0.17307764190189473,-0.07561191161005287,-0.0009280397042891161,1.0
2009-10-13,-0.0014237897569263607,1.8788410524217256e-06,1.5885382230102419e-06,0.0,7.0636974644798195e-06,1.3955441197314223e-06,0.0952956837789391,0.14072342233866833,-0.09372798977621066,-0.001435716377786004,1.0
2009-10-14,-0.002335111882173718,1.3265843463276446e-05,2.962119730283444e-06,0.0,3.74046106298705e-05,1.815596518095484e-06,0.29727167069947363,0.37458207432403867,0.06956185928399737,-0.0023905600525152442,1.0
2009-10-15,-0.004154352592428812,2.1388315191419828e-05,1.1497123595214363e-05,0.0,3.0353298014563855e-05,5.194767862037606e-06,0.43406216356854554,0.7773512661125396,-0.09536973470977819,-0.004222786097092047,1.0
2009-10-16,0.003184475167332198,3.870734453857421e-05,1.674819756657567e-05,0.0,8.071257764011838e-05,8.134933805076965e-06,1.0278897373189082,1.226639277613728,-0.14002960163920192,0.0030401721137818527,1.0
2009-10-19,0.0008871313188725904,3.311343622758454e-05,1.533718789363585e-05,0.0,6.988767750168528e-05,4.348027026261455e-06,0.8809494875812451,0.6062732535813673,-0.124195286830557,0.0007644449902234233,1.0
2009-10-20,0.0014245638570773694,1.904768781576215e-05,9.732142091475841e-06,0.0,3.9883941126783476e-05,3.972648482790037e-06,0.5442608087277692,0.5935000099747584,-0.07390493513396777,0.0013519274375605578,1.0
2009-10-21,-0.004243596267297107,2.922375198890932e-05,9.255164673137668e-06,0.0,6.085986429851303e-05,3.933279162752531e-06,0.5990720018689235,0.6928571825510531,0.032066283208627866,-0.004346868327420419,1.0
2009-10-22,-0.0019621707544717963,1.9175024692126963e-05,1.0796996801315517e-05,0.0,5.677073852728198e-05,5.6356222749174375e-06,0.5542086900175015,0.8836973705124729,-0.06308717167365646,-0.0020545491367674382,1.0
2009-10-23,0.0005448663244559035,2.9162398048730573e-05,1.3486131063485513e-05,0.0,5.570631645593805e-05,7.648242968924406e-06,0.7506991428119298,1.163501115725749,-0.12140370305355098,0.000438863235918825,1.0
2009-10-26,0.007286146470799953,9.161249902570774e-05,3.101796223564406e-05,0.0,0.00021869181055381756,8.49492221953696e-06,1.7268521787208315,1.4538315582535075,0.026684625371298176,0.006936329276765247,1.0
2009-10-27,0.002064160641364033,6.118928742462471e-05,2.5251961013789325e-05,0.0,0.0001236364538164557,3.238322199507341e-06,1.694986006686169,1.0159550300199442,0.471916900502711,0.0018508446169096557,1.0
2009-10-28,-0.009117622962112507,3.774667466726628e-05,1.2942667279513444e-05,0.0,0.00011884908526227559,2.13439557496459e-06,0.7093196302481373,0.9041180879587613,0.5455396313647102,-0.009289295784896526,1.0
2009-10-29,0.016617041133524177,4.143954358199893e-05,3.4542894369952164e-05,0.0,9.656740550243794e-05,8.328713748196667e-06,1.276527947831267,1.0273012295479984,-0.3719226801490413,0.016436162576321592,1.0
2009-10-30,0.008910389876774397,5.0068389222080614e-05,1.2199749822337607e-05,0.0,8.750551196157227e-05,5.82493276031229e-06,1.4629336002136943,1.5367837914493743,0.5581950877169095,0.008754791293008095,1.0
2009-11-02,0.008348765023665432,2.511495788498886e-05,1.2646527058463444e-05,0.0,5.029864700918206e-05,6.905714180852316e-06,0.610155059697651,1.5842637310513505,0.4241037486681614,0.008253799177531945,1.0
2009-11-03,-0.0012474906706231898,6.039575116372796e-05,2.3634197066872302e-05,0.0,0.0001016083354957463,5.741932021277629e-06,1.2803584848853204,1.4124245563167581,0.44777997674211645,-0.001438870886370814,1.0
2009-11-04,0.002355278991304869,4.427103866868269e-05,1.4484299438566875e-05,0.0,0.0001601710868044221,2.096098963115599e-06,1.01158377570036,1.0759138464752644,0.723769220671844,0.002134256467430082,1.0
2009-11-05,0.014879677470845159,3.606486915573383e-05,4.0039752387134326e-05,0.0,5.230556367443488e-05,8.354357716031485e-06,1.518816781927084,0.9098347383628835,-0.493697357930406,0.014742912927911824,1.0
2009-11-06,-0.00024320601614127575,1.5091370368694936e-05,4.5482599833716725e-06,0.0,3.524829338443592e-05,6.623320335173895e-06,0.4471650288694086,0.8157505530629919,-0.2969672632462227,-0.0003047172602129522,1.0
2009-11-09,-0.004943332935446714,2.2555315310281415e-05,1.2297098498519045e-05,0.0,3.4064619400152504e-05,9.339044908861176e-06,0.6863664007103811,1.1623016372402508,-0.4066579074484268,-0.005021589013564528,1.0
2009-11-10,0.00038410337085509273,2.951463135805237e-05,1.008562902408904e-05,0.0,5.019544681203213e-05,7.121959863078964e-06,0.7471115074020064,1.0340860574529525,-0.16240319954431331,0.00028718570379784023,1.0
2009-11-11,-0.0022006684672397,6.537216844091912e-06,4.1074927112757266e-06,0.0,9.413696299760019e-06,7.2068456598655846e-06,0.2272052495251582,1.02413129107606,-0.18661877978135805,-0.002227933718754693,1.0
2009-11-12,0.0013775446134072717,2.768415507146136e-05,1.7264127784321508e-05,0.0,4.6822300136202214e-05,6.879908978321938e-06,0.6305353736669228,0.6002825318715976,-0.5555421764864877,0.0012788941214369647,1.0
2009-11-13,-0.0033926083986602026,2.217442284668987e-05,7.094717467308756e-06,0.0,1.6560866456844092e-05,2.176934575446847e-06,0.768402946089627,0.35961984112809825,-0.006105167546972025,-0.0034406153400064923,1.0
2009-11-16,0.0005713103555394013,2.7610450957095096e-05,1.8965562978726506e-05,0.0,2.656928544435612e-05,6.029490615112216e-06,0.7184703948236021,0.506477211669426,-0.506477211669426,0.0004921355655441114,1.0
2009-11-17,-0.00020435480757749467,2.7470709952947125e-05,2.2887707764387714e-06,0.0,2.7446729475237734e-05,4.4385776839772064e-06,0.37129239088538757,0.5260321909805543,-0.2196488599276164,-0.0002659995954660955,1.0
2009-11-18,0.001633366613843194,2.248088478444711e-05,5.773132700189881e-06,0.0,2.479101080336202e-05,3.8735489739794224e-06,0.3385674670240583,0.54160424344973,-0.10915198417881292,0.0015764480365812155,1.0
2009-11-19,0.0017933256787649955,1.1182906222832075e-05,6.881998957484262e-06,0.0,1.737075527423698e-05,3.6306366848848586e-06,0.2672744176161679,0.3583515018831671,-0.25159546117748915,0.0017542593816255573,1.0
2009-11-20,0.0016990305122641792,3.7261505148366856e-05,1.4905634566232716e-05,0.0,5.4326205454235806e-05,3.360352596081407e-06,1.0028408538900229,0.6730746727889911,0.10853543664731474,0.0015891768144992624,1.0
2009-11-23,0.0007612320897054672,1.578639979101872e-05,1.1052401441067129e-05,0.0,2.1616326307231897e-05,5.037429687320476e-06,0.4039120189855623,0.6480116625148306,-0.19827652495500928,0.0007077395324788289,1.0
2009-11-24,0.0001627564427124303,2.9123510940412025e-05,4.8092724113649135e-06,0.0,5.0896799842360525e-05,5.699218983861212e-07,0.5154680751101116,0.2075183345400976,0.11177145561122927,7.735693761990673e-05,1.0
2009-11-25,-1.596162679469204e-05,6.904489354410299e-06,2.1365199048295586e-06,0.0,9.774526946591037e-06,8.53622856313343e-07,0.10023355494451616,0.26209228377633864,0.118683643915697,-3.563078585683628e-05,1.0
2009-11-30,-0.0016614221452321753,2.2126060699326073e-05,1.114820542741352e-05,0.0,2.943276077838735e-05,2.9393347374797168e-06,0.40094230728735436,0.4163001706103854,-0.0775080652862071,-0.001727068506874782,1.0
2009-12-01,0.0021120692774934014,3.672587651018697e-05,1.1507053291391992e-05,0.0,4.350428930843521e-05,4.016884275615799e-06,0.5493190405511229,0.6457320056728815,-0.02910455263057271,0.0020163151741077715,1.0
2009-12-02,-0.0022253111032447728,2.0444027829551773e-05,5.9596708437204906e-06,0.0,0.00014812800784480968,4.403197601265817e-06,0.35991753658600073,0.7391091957553974,-0.0006280012572599109,-0.0024042460073641207,1.0
2009-12-03,0.002000394875486493,4.8713777615995405e-05,8.823647717771915e-06,0.0,0.00014081520661499223,1.5317146173231683e-06,0.696870956299011,0.5624347099879252,0.30510665427763295,0.0018005105289204105,1.0
2009-12-04,-0.00015964946572961632,1.6989572480882445e-05,1.3921718988212223e-05,0.0,3.4976710392181466e-05,3.1596140640603557e-06,0.6007198019180082,0.5250147649510916,-0.005800397811048241,-0.0002286970816549528,1.0
2009-12-07,-0.00020137161741628454,1.8288193440097936e-05,4.5931119791896715e-06,0.0,2.6216835332032804e-05,4.0454737509925777e-07,0.5354001433499372,0.4004168131898382,0.33245285417316284,-0.0002508743055427042,1.0
2009-12-08,-0.0034266392618342496,1.904882521044232e-05,1.0631253749298763e-05,0.0,3.0277815994098824e-05,1.5031301920505868e-06,0.342794019514518,0.3519400487050913,0.09941417644059274,-0.0034881002869801402,1.0
2009-12-09,0.00179621227963596,2.2820359019102708e-05,9.193280267117118e-06,0.0,2.0794152070203636e-05,9.714315744668737e-07,0.4263437917273321,0.2679384571371454,0.10473795262671064,0.0017424330567050695,1.0
2009-12-10,0.0007351267206698712,5.641990651158757e-06,2.452079823281498e-06,0.0,1.400218129793913e-05,1.056363891233073e-06,0.15909295750849733,0.2955643819764492,0.11809524824929299,0.0007119741050062588,1.0
2009-12-11,0.0008011772124037228,1.1252161060161413e-05,1.3337070653283947e-05,0.0,2.127317068540536e-05,3.53145620856171e-06,0.5614709834233943,0.3299360554157445,-0.2633485876226227,0.0007517833537963104,1.0
2009-12-14,-0.0015063773487181693,4.491658751593912e-06,1.2118336913102903e-06,0.0,4.430571348329701e-06,3.0713129806462614e-06,0.0772472139093014,0.257990290374286,-0.257990290374286,-0.0015195827254900496,1.0
2009-12-15,0.0010283007923838287,1.1658402585660312e-05,4.823363717527815e-06,0.0,1.0778468877898551e-05,3.438688718106234e-06,0.2411252907896108,0.33514767179447474,-0.24255203284737256,0.0009976018684846359,1.0
2009-12-16,0.000776923334850939,9.943549263025897e-06,3.111263046739233e-06,0.0,1.8571483372306973e-05,2.855001864735777e-06,0.21539306451044432,0.2839453796718535,-0.19569493360375698,0.0007424420373041311,1.0
2009-12-17,0.002390710138925887,8.964105983542766e-06,2.2736864421765306e-06,0.0,1.1132512621805621e-05,5.94420652569595e-07,0.5247444876774072,0.36286919645092025,0.2630065268192283,0.0023677454132257927,1.0
2009-12-18,0.0012638159539357134,1.4898884437083995e-05,9.49392802377879e-06,0.0,2.3828138345209027e-05,3.349794440958234e-06,0.3093221086948922,0.5746869770390169,0.01192151095803369,0.0012122452086886833,1.0
2009-12-21,-0.001222075366575386,1.2383556069341662e-05,5.608530990056438e-06,0.0,2.5041064516915752e-05,3.088683590720576e-06,0.35250963130586166,0.5171890919081478,-0.001709751332908972,-0.0012681972017424203,1.0
2009-12-22,-0.0010627915188816783,1.2127315321481856e-05,5.73831868118747e-06,0.0,1.8904491096891852e-05,1.7535278882729153e-06,0.3512434051628572,0.3184512140859341,0.023858528856084263,-0.0011013151718695124,1.0
2009-12-23,-0.0018687943866511146,4.192645476090425e-06,4.604046855038702e-07,0.0,6.257082504903415e-06,2.891699656420774e-07,0.1770787251937962,0.24764901389109836,0.19906845966322936,-0.0018799936892832543,1.0
2009-12-24,0.0009574291418758946,3.400634559221355e-06,5.921565588466008e-06,0.0,1.7365639805698675e-06,0.0,0.24854267756066817,0.0,0.0,0.0009463703777476374,1.0
2009-12-28,0.0,0.0,0.0,0.0,0.0,0.0,0.0,0.0,0.0,0.0,1.0
2009-12-29,0.0,0.0,0.0,0.0,0.0,0.0,0.0,0.0,0.0,0.0,1.0
2009-12-30,0.0,0.0,0.0,0.0,0.0,0.0,0.0,0.0,0.0,0.0,1.0
2009-12-31,0.0,2.456445160171385e-06,3.121458450446334e-07,0.0,9.722220735698667e-06,0.0,0.12005609424793591,0.12005609424793591,0.12005609424793591,-1.2490811740914685e-05,1.0
2010-01-04,0.0018840333655639997,3.161537869757379e-06,2.4121683548339337e-06,0.0,6.760388275989929e-06,2.630346375340653e-07,0.07075618530519709,0.09537376141402579,0.051183942308302824,0.0018714362364258843,1.0
2010-01-05,0.0005509108390062322,2.7840012073792305e-05,6.29447156486742e-06,0.0,3.4716119797013934e-05,1.708509157466546e-06,0.473849894025031,0.5532530178129766,0.2662234793585969,0.00048035172641309196,1.0
2010-01-06,0.003977045429232963,2.534101684854573e-05,1.1052802669804441e-05,0.0,3.493124414434939e-05,4.296258159332931e-06,0.5676419772916759,0.9456167659791161,0.22384539521118382,0.00390142410741093,1.0
2010-01-07,0.0012031829390068477,3.840574570488294e-05,2.2312393239774957e-05,0.0,3.8065291306418605e-05,3.873866962751859e-06,0.8764025164522222,0.42378886299871643,-0.22702078674359594,0.0011005256417930193,1.0
2010-01-08,-0.00046940024197114107,2.5786926547106326e-05,9.834605051747619e-06,0.0,3.889182771238199e-05,5.092412635461215e-06,0.5300208005372857,0.6230188335642273,-0.23250648919325706,-0.0005490060139178382,1.0
2010-01-11,0.00047861023910228514,2.7704673390711842e-05,9.361097443708115e-06,0.0,3.8355424272553e-05,5.5592705954115085e-06,0.5215947733283672,0.7806815397178283,-0.15327592031130483,0.0003976297733999007,1.0
2010-01-12,0.004417042769559963,3.175181357884083e-05,1.6165011951080383e-05,0.0,4.416905740408002e-05,6.900633300817429e-06,0.7223200421299578,0.8102724269114956,-0.3490339676258323,0.0043180562533251445,1.0
2010-01-13,-0.0017814176285064767,2.5788057503171696e-05,4.5635352754123566e-06,0.0,4.1002256245083134e-05,3.7535780928938024e-06,0.4969891087069397,0.5599245151298643,-0.07067660447629445,-0.0018565250556230376,1.0
2010-01-14,-0.00043313517194765974,1.6957606029356547e-05,8.417710685274843e-06,0.0,3.4573404197624246e-05,2.9324483000226975e-06,0.44162994962878543,0.40031985544856064,-0.09233145895525252,-0.000496016341159938,1.0
2010-01-15,0.00022176290292412625,3.024965409524227e-05,6.748242278075407e-06,0.0,4.495951903355589e-05,2.481735644099053e-06,0.482241394095633,0.4393116327562731,0.022380044547632233,0.00013732375187315362,1.0
2010-01-19,0.0016211414072442045,3.255835947471002e-05,1.247457648544377e-05,0.0,4.652916422087172e-05,2.976748223581691e-06,0.5074980685674653,0.485887005218851,-0.01420669634287311,0.0015266025588395974,1.0
2010-01-20,0.00122249031245571,2.3816700635658256e-05,8.16653493212827e-06,0.0,2.7516870678383285e-05,3.3388489693856124e-06,0.4087674403877833,0.5086559296189902,-0.05227069723779256,0.0011596513572401546,1.0
2010-01-21,0.0024825985906620856,3.726756757208192e-05,1.54217089880847e-05,0.0,5.123899589413341e-05,2.397831069429266e-06,1.009909017583402,0.6120992037423001,0.20926358407818335,0.002376272487138356,1.0
2010-01-22,-0.002433648734216098,2.23068566443228e-05,7.122532359006803e-06,0.0,2.7906097384567543e-05,1.6582824492248714e-06,0.7100166567218921,0.8611910075744158,0.5825995561046375,-0.00249264250305322,1.0
2010-01-25,0.004175209450602398,2.0617928511612926e-05,1.631074542408569e-05,0.0,3.914652659624347e-05,6.435463917359198e-06,0.6690327509697827,1.2630852166119326,0.18192727849558726,0.004092698786153097,1.0
2010-01-26,0.00036422453613537315,2.2285417682417063e-05,1.1507953094734064e-05,0.0,3.9051822966662796e-05,5.66023995243574e-06,0.6699270497787092,1.1050518034006498,0.15413149139144555,0.0002857191024391235,1.0
2010-01-27,0.0010236219073946134,3.8084918139448506e-05,2.086824858878661e-05,0.0,5.441874186427009e-05,2.7991033368969167e-06,1.1396184550922732,0.480935845929796,0.010686485331113944,0.0009074508954652113,1.0
2010-01-28,0.0005438142463074652,2.7556911241928694e-05,9.780288442492989e-06,0.0,4.190873782698462e-05,1.6916736168365611e-06,0.7413063861526006,0.5933619990008977,0.30916083137235545,0.00046287663517922235,1.0
2010-01-29,-0.004456387644655136,2.417662557323986e-05,7.98113626541735e-06,0.0,2.628853738185366e-05,1.929597250492235e-06,0.5106585932685702,0.738726950313026,0.4145546122303305,-0.004516763541126139,1.0
2010-02-01,0.007951128027036798,2.8581580770301374e-05,2.5751050548504396e-05,0.0,4.1501841954800524e-05,5.638093635124842e-06,0.9854387164137314,0.6178638402800367,-0.3293358904209367,0.007849655460128066,1.0
2010-02-02,-0.00333237157251068,2.997402251309511e-05,7.065708500175068e-06,0.0,3.0917735657294185e-05,4.382273648265175e-06,0.5464032023080868,0.6253988086304556,-0.1108231642780937,-0.0034047113128295096,1.0
2010-02-03,-0.000403069217624672,3.810511438457188e-05,1.350796687773779e-05,0.0,5.504405594833761e-05,5.5971874535909584e-06,0.7517696416949525,0.9271722451029406,-0.013155247100340384,-0.0005153235422889102,1.0
2010-02-04,0.0015997348866450686,5.1949830590215916e-05,1.5383425283532984e-05,0.0,5.1525453301957466e-05,1.7817634109453206e-06,1.5727258670505169,1.1221959645447992,0.8228597115059856,0.001479094414058417,1.0
2010-02-05,0.0019505740467281297,3.7485342892598224e-05,2.301037660918857e-05,0.0,4.989658434935585e-05,5.761748948993334e-06,0.8010857396038364,1.26456841248361,0.2965945890527301,0.0018344199939279936,1.0
2010-02-08,-0.000525047665829916,1.6083145182887036e-05,7.756095517417853e-06,0.0,1.753395406106333e-05,7.499355896765386e-06,0.3256137138933958,1.4881821261088561,0.2282903354522713,-0.0005739202164880496,1.0
2010-02-09,0.0024499774944886712,4.639265259009698e-05,1.1041993577477181e-05,0.0,6.653798198952134e-05,1.314750356344092e-06,0.9326636747504976,0.888337365058863,0.6674593051930556,0.0023246901159752315,1.0
2010-02-10,-0.0012633330216521817,3.258528256422797e-05,2.888047270984483e-05,0.0,2.009558391463035e-05,4.456117948146421e-06,1.2018754132438563,0.6263024687917472,-0.12232534649685153,-0.0013493504787890312,1.0
2010-02-11,-0.0020837540934111835,8.819668920439225e-06,2.1443705480129364e-06,0.0,5.048083283799357e-06,3.902168974700572e-06,0.15488450530975423,0.5774105492391308,-0.07815383851056529,-0.0021036683851381357,1.0
2010-02-12,0.00046126186063253906,2.673626196013524e-05,1.1657141163383817e-05,0.0,2.652568624203814e-05,1.447289921624211e-06,0.6404687265018612,0.23690219097854703,-0.0062425158543204275,0.00039489548134535765,1.0
2010-02-16,-0.0010982697143325105,1.5840797870039495e-05,5.95503832360018e-06,0.0,2.023905801791328e-05,1.136175744212749e-06,0.29720855361651555,0.15132492829489536,-0.03955259673284647,-0.0011414407842882761,1.0
2010-02-17,5.031493684426089e-06,2.2087753343751815e-05,8.769339697819141e-06,0.0,3.530310731608468e-05,3.856370218134922e-06,0.5885483706706498,0.6051466551985645,-0.04272354144810259,-6.498507689136447e-05,1.0
2010-02-18,-0.00025334632216599136,1.004626340855464e-05,5.243538738856831e-06,0.0,1.3952890965544458e-05,4.426693758935781e-06,0.2394525806005619,0.6557449491659451,-0.08793960233526615,-0.00028701570903788304,1.0
2010-02-19,-0.0022413410478828934,2.30838157022825e-05,1.0085194747315907e-05,0.0,3.0940512060048916e-05,1.444502098902967e-06,0.49293565209140544,0.16265327699083781,-0.08002307562486069,-0.0023068950724914436,1.0
2010-02-22,0.0005733714352185237,7.662883213085315e-06,3.7558903469549287e-06,0.0,5.818639597678269e-06,1.6572959982448962e-06,0.14074219676052624,0.1392128638525713,-0.1392128638525713,0.0005544767260625603,1.0
2010-02-23,0.0016905901444082768,1.0040433259485113e-05,2.832879514981874e-06,0.0,7.2700737298877904e-06,2.2263588688350918e-06,0.16718781859010579,0.2966811106327295,-0.07734717933156587,0.001668220399035087,1.0
2010-02-24,-0.0017027805247903157,9.386636476924834e-06,4.256628128034819e-06,0.0,1.2555910133061255e-05,2.9527984232677715e-06,0.19712605503114092,0.36067119807667536,-0.1353989370323102,-0.0017319324979516043,1.0
2010-02-25,-0.00016233776138969378,6.904200877011295e-06,3.5494441130032184e-06,0.0,7.467468488886922e-06,2.557245919313735e-06,0.1572916053498513,0.2467162831142749,-0.18290103133043262,-0.00018281612078790895,1.0
2010-02-26,0.0006247233217601697,1.4207523368943683e-05,2.560950197562066e-06,0.0,1.7307312408406574e-05,1.590574734821905e-06,0.25243252859840004,0.23100818696104036,-0.03620836848903965,0.0005890569610504354,1.0
2010-03-01,0.0012668560788452353,8.008372448436464e-06,4.158253643653287e-06,0.0,1.1596756599906779e-05,1.9233958141020344e-06,0.15869180800413324,0.2176360105912689,-0.10549448617787294,0.0012411693003391367,1.0
2010-03-02,0.0002766129753938472,1.350706085392921e-05,6.731138385776708e-06,0.0,1.9519290282497283e-05,3.338140325740101e-06,0.3657815686168958,0.412041864372752,-0.14876571035158495,0.0002335173455459039,1.0
2010-03-03,0.0007733991464907417,1.0080632393837885e-05,1.2258153328543165e-06,0.0,1.1949908690647464e-05,2.8600645432173188e-06,0.19853916916682574,0.48684106014422535,0.006350216883715905,0.0007472827255301847,1.0
2010-03-04,0.0006200853660878263,1.912939406827403e-05,9.62801094929838e-06,0.0,2.5180725574828873e-05,2.2635351692325063e-06,0.4411919170719223,0.3107638099007694,-0.06951009853029168,0.0005638837003261925,1.0
2010-03-05,-0.0021133483020134886,9.58513992793538e-06,4.50244033017043e-06,0.0,7.817294381769382e-06,3.322920106938621e-06,0.2280216949795269,0.4620238915498649,-0.0962266864158235,-0.0021385760967603026,1.0
2010-03-08,-0.0012478702100904631,1.6148308221083434e-05,1.021530969522971e-05,0.0,1.8148769018669135e-05,6.489284803559643e-06,0.4918193987080619,0.8080095917735373,-0.2821902552244827,-0.001298871881829005,1.0
2010-03-09,-0.0011823256053978633,1.8560516105842655e-05,3.799710030161979e-06,0.0,2.032863712122885e-05,5.350364172858453e-06,0.35501592735509735,0.808659780947826,-0.09020140009239411,-0.001230364832827955,1.0
2010-03-10,1.6979219973545104e-05,2.7111484073363972e-05,1.4216176954633322e-05,0.0,2.0692908841285204e-05,8.075140359126254e-07,0.7753665138758805,0.06783117901666053,-0.06783117901666053,-4.5848863931650014e-05,1.0
2010-03-11,-0.0005299360453303905,3.2953142323935434e-06,1.5145745784502545e-06,0.0,6.927136161688747e-06,1.24673031088557e-06,0.12742089840950224,0.1703453649919805,-0.039105327236795266,-0.0005429198006138086,1.0
2010-03-12,-4.139444887988678e-05,7.217400543955009e-06,2.6803030568927863e-06,0.0,1.1832610767559842e-05,9.245596608503952e-07,0.22423834741950843,0.1870216535015055,0.03169563047863912,-6.404932290914481e-05,1.0
2010-03-15,-0.00031727991766020993,5.671793595973069e-06,2.487123084830898e-06,0.0,7.238583481107738e-06,9.537823428943264e-07,0.14075772191363695,0.17858525773322279,0.018349824126975965,-0.00033363120016501594,1.0
2010-03-16,6.955767659102738e-05,8.476382240928559e-06,5.707710738772376e-06,0.0,1.1346579769650155e-05,2.119530200645342e-06,0.18983735532275164,0.24374634978470375,-0.11233472392371374,4.1907473641030954e-05,1.0
2010-03-17,-0.002711023597824774,1.742450398810778e-05,9.864122321144066e-06,0.0,2.5257314467772032e-05,2.9974311309872698e-06,0.5204530177815927,0.3175434499231138,-0.18602498008274757,-0.002766566969732785,1.0
2010-03-18,0.00093514450250726,5.785949584510525e-06,1.2452196754609956e-06,0.0,7.344379560413777e-06,2.8525878420359944e-06,0.12377081009810834,0.3814280292829203,-0.09780672817912679,0.0009179163658448388,1.0
2010-03-19,0.00019297758130596354,1.5549270116063607e-05,9.858719601728302e-06,0.0,2.3273377233132646e-05,4.391425662584231e-06,0.3827444204659697,0.4071883539295416,-0.3305711573846091,0.00013990478869245476,1.0
2010-03-22,-0.0007285194837932423,7.21524039798134e-06,3.125500257792372e-06,0.0,7.142428750275689e-06,2.3992181061416583e-06,0.32579087955197583,0.2385987927820617,-0.16446984904973688,-0.0007484018713054334,1.0
2010-03-23,-0.00107412792499775,1.5762598235692073e-05,4.0449911416999204e-06,0.0,2.8111730571689732e-05,2.956437216287236e-06,0.35291673267875057,0.47193190244522576,-0.024749549891029995,-0.001125003682163119,1.0
2010-03-24,0.000886335831164182,2.019441048531637e-05,7.612524959655973e-06,0.0,3.889707955360271e-05,1.5369100976001706e-06,0.48275004917808073,0.3144960305076143,0.05629513411078565,0.0008180949060680068,1.0
2010-03-25,0.0020014819536885347,1.3715998311826772e-05,6.453138705234163e-06,0.0,4.352416445260421e-05,2.374622020394458e-06,0.4583476604090154,0.5011604563194498,0.10222395689318092,0.0019354140301984751,1.0
2010-03-26,0.001684664701764078,1.2106513624070137e-05,9.011692458266314e-06,0.0,2.232845283846325e-05,2.40697067889719e-06,0.3422032324138249,0.28874624126257337,-0.11562483279215459,0.0016388110721643812,1.0
2010-03-29,-0.0003186307074423751,5.022828021300953e-06,3.057920591849496e-06,0.0,5.656063307315828e-06,2.5484371833833124e-06,0.12640826656541995,0.26373453540795333,-0.16440291140044316,-0.0003349159565462247,1.0
2010-03-30,0.00015985834110679876,8.41286542637313e-06,3.0506020748500625e-06,0.0,9.402765854849723e-06,1.6247500525816738e-06,0.23527651547219913,0.19102539066429186,-0.08193261816942937,0.00013736735769814416,1.0
2010-03-31,0.00030521349252715874,2.6762201987531958e-06,8.068383755878913e-07,0.0,2.8006203822733595e-06,1.8897256644859142e-06,0.05930869116322648,0.2459366932824922,-0.07153721835114137,0.0002970400879060584,1.0
2010-04-01,-8.336568454984792e-05,7.70429004087443e-06,3.832853663640604e-06,0.0,6.9496949101463555e-06,1.133125042487023e-06,0.18381256517169195,0.11163660112153824,-0.07872840601628163,-0.00010298564820699633,1.0
2010-04-05,-0.0006701931157679827,5.2897632623122465e-06,6.280152569419664e-06,0.0,5.086280145079614e-06,3.5413134814079166e-06,0.2423113993135513,0.31927678574563617,-0.27566387913089374,-0.0006903906252262021,1.0
2010-04-06,-0.0011153219598059917,1.1895718044843513e-05,3.453560426077463e-06,0.0,1.0192518168347024e-05,4.190063751549519e-06,0.22189951005439826,0.45659618903022847,-0.24733452123009064,-0.0011450538201968092,1.0
2010-04-07,0.002142423613118595,1.0350682804500929e-05,3.4257269125826976e-06,0.0,8.674110206980982e-06,3.656135779413045e-06,0.18071231456295966,0.3902376024466682,-0.22399320849472332,0.0021163169574151173,1.0
2010-04-08,-0.0002526512433795327,8.84096113476568e-06,1.9117426920311243e-06,0.0,1.2745153241107875e-05,2.6407204667641956e-06,0.2032674678033101,0.3322947254984954,-0.11134631291788943,-0.00027878982091420157,1.0
2010-04-09,-0.0016972532005499355,1.551045174711251e-05,1.0491945943989624e-05,0.0,2.7237937620556947e-05,3.135581755811114e-06,0.5173223014346141,0.3447853396776307,-0.18199239529863653,-0.0017536291176174057,1.0
2010-04-12,0.0017152604775759017,1.3622232870660283e-05,2.588794690588713e-06,0.0,2.3254935613123653e-05,1.2867006969507173e-06,0.34835181174717517,0.2545238831189053,0.03835816603118476,0.0016745078137045783,1.0
2010-04-13,-0.0009136926417813698,8.115566934287603e-06,2.6007959720480377e-06,0.0,8.828498472019559e-06,5.263220687217435e-07,0.16069867186993214,0.16206466501642722,0.07364255747117429,-0.0009337638252284468,1.0
2010-04-14,0.0005105111335739329,1.2392839956374189e-05,4.822235582603454e-06,0.0,1.1495277531636999e-05,1.100577824919684e-06,0.22143693868185493,0.23170072670785116,0.04680365212134423,0.00048070020267839856,1.0
2010-04-15,-0.0016755999086565695,1.408054019669052e-05,7.380021738459454e-06,0.0,2.236462911822674e-05,2.7070277278177607e-06,0.35283194439696985,0.44321905807816675,-0.011561600195217084,-0.001722132127437764,1.0
2010-04-16,0.0036787243090743516,3.605442843340662e-05,7.627067949524624e-06,0.0,5.393912624631406e-05,2.193579496260627e-06,0.9400237211173345,0.9768268754497854,0.6083055200780001,0.003578910106948846,1.0
2010-04-19,0.0023764106613193897,4.5044349492499236e-05,2.7031010061447886e-05,0.0,4.84565764394463e-05,5.999499834741175e-06,0.9741440360723252,1.0383176419879518,0.030401669751434213,0.002249879225491255,1.0
2010-04-20,0.0021261395879188212,1.52698985613394e-05,6.491708497575363e-06,0.0,1.7648761242714824e-05,3.3505358041773333e-06,0.4588879473352071,0.6705061910970396,0.10761617599524753,0.0020833786838130143,1.0
2010-04-21,-0.0004853183755215282,3.322068896725173e-05,1.4522404001627876e-05,0.0,4.274870282924215e-05,2.2549867358852408e-06,0.740804874934204,0.44360908225866247,0.06477131062994201,-0.0005780651580555352,1.0
2010-04-22,0.0008649638619234233,1.1734910984485523e-05,2.0059251928160223e-06,0.0,1.256367985383926e-05,1.6257884867374247e-06,0.26912128535504487,0.51608189472571,0.2429494289538226,0.0008370335574055451,1.0
2010-04-23,0.00431556507259834,2.395734490496399e-05,1.879114481330832e-05,0.0,2.5742799913799358e-05,3.6170790992835758e-06,0.8356300083712954,0.4248011528842769,-0.1828681357953638,0.004243456703866985,1.0
2010-04-26,0.0011818935873619944,6.286508264664675e-06,1.7252689632854916e-06,0.0,7.64517147605283e-06,2.551624065289094e-06,0.2316740598627406,0.4050788565539143,-0.02359398641465342,0.0011636850145927023,1.0
2010-04-27,-0.0012045704392902163,2.550768015157672e-05,7.94747081135562e-06,0.0,2.3479548467911208e-05,1.5635006247020168e-06,1.1765399921760742,1.0813834979235546,0.8187153929736158,-0.0012630686393457619,1.0
2010-04-28,0.007869991692386287,1.1797600627161443e-05,8.897650865867881e-06,0.0,1.728991796478092e-05,3.1215043973697767e-06,0.3613458903466207,1.1389356214914232,0.6145228827333006,0.007828885018531106,1.0
2010-04-29,0.009277061885499812,3.5128382102770844e-05,2.927438886076872e-05,0.0,5.0397072009423834e-05,6.486942718020134e-06,1.1771443839336377,0.9857117834483234,-0.10409459317905896,0.00915577509980883,1.0
2010-04-30,-0.001715082560684914,5.4618358363562306e-05,1.4783568877075288e-05,0.0,7.28238540983173e-05,4.93755061145852e-06,1.2419413097602554,1.1950306667481625,0.36552216402313126,-0.0018622458926353274,1.0
2010-05-03,0.003236684534018877,2.9633217356600602e-05,1.3555318822219362e-05,0.0,3.446869410420915e-05,5.20284027991131e-06,0.5931686661924429,1.111389621351444,0.23731245432634426,0.0031538244634559363,1.0
2010-05-04,-0.005224097035331707,5.86740575672605e-05,3.386265136490906e-05,0.0,6.581704691414014e-05,9.405116169854649e-06,1.1306805368854713,1.0842297733479387,-0.4958297431876424,-0.005391855907347871,1.0
2010-05-05,0.003768985371117144,2.995901888123976e-05,6.388427925295594e-06,0.0,2.2529282266646845e-05,7.3068428822710755e-06,0.7898880681926882,1.2577595784161362,0.030209974194595646,0.0037028017991616907,1.0
2010-05-06,-0.00013594627977852984,4.10268362042827e-05,1.2053172497208311e-05,0.0,3.2110130517281264e-05,7.234016567550525e-06,0.776734875315612,1.4489423577002065,0.23362757435171808,-0.00022837043556485262,1.0
2010-05-07,-0.005864752520816778,1.5927318531938326e-05,9.40394170541313e-06,0.0,1.001102868454305e-05,8.916104187930856e-06,0.37317991986834187,1.5477539347378326,0.04984843116544896,-0.005909010913926603,1.0
2010-05-10,0.0021308215638208283,4.634997053817261e-05,3.0928726364476304e-05,0.0,4.578990366478722e-05,1.2181731479762055e-05,1.3445083002518832,1.5285099990784696,-0.5180208895215557,0.00199557123177363,1.0
2010-05-11,0.0028226536152938107,4.69660506441017e-05,6.1345827598505985e-06,0.0,4.296584725089337e-05,2.83687327131158e-06,1.174789836456514,0.9645750520784934,0.48798034249814803,0.0027237502613676537,1.0
2010-05-12,0.007010873794495666,1.9819737266828525e-05,2.5290323838436197e-05,0.0,1.241777617011039e-05,6.3991074758942105e-06,1.0771406712546028,0.8058713983686409,-0.2691786575815865,0.006946946849744397,1.0
2010-05-13,0.0026578795703970717,1.8676683585981798e-05,7.88799557681971e-06,0.0,1.0274734205813768e-05,2.191691751986226e-06,0.6344968558163995,0.31440002257060246,-0.05380419176308348,0.00261884846527647,1.0
2010-05-14,0.0014378024209407917,1.639579233033056e-05,8.428198047129458e-06,0.0,1.0087251950489306e-05,3.648829875942736e-06,0.34718605727101143,0.4299319278798444,-0.18307149127853514,0.0013992423487368996,1.0
2010-05-17,0.001475649723002118,1.5119944084084694e-05,5.1084308316560006e-06,0.0,9.28954676468815e-06,3.5359548080087144e-06,0.3119305493944668,0.44810141919722657,-0.14593898854823745,0.0014425958465136804,1.0
2010-05-18,0.0020101279604533406,1.6813528632552686e-05,7.468076405559482e-06,0.0,8.531041927452433e-06,2.9336165269746547e-06,0.6204495309931009,0.6274918490673498,0.1346442725356078,0.0019743816969608015,1.0
2010-05-19,-0.0007618579798494072,1.8352119613269694e-05,9.12162497692338e-06,0.0,1.0936400096790298e-05,1.2628078430350318e-06,0.4963088852999801,0.2853312430889897,0.0731795254591044,-0.0008015309323794257,1.0
2010-05-20,-0.0020933666934287234,1.2703337690573513e-05,2.938940585827391e-06,0.0,7.89885925572238e-06,6.816489159177175e-07,0.38384629721777175,0.44473016788173503,0.3302131500075585,-0.0021175894798767646,1.0
2010-05-21,0.005554890060778993,1.570176526611297e-05,1.2228473849347232e-05,0.0,1.3303061433214448e-05,4.3351707531082505e-06,0.3890171211533494,0.7149887596037259,-0.013319926918460234,0.00550932158947721,1.0
2010-05-24,0.00013262262481541164,6.704176188662572e-06,1.0539544505387677e-06,0.0,1.955904490422026e-06,3.7447428111310964e-06,0.15130050257488606,0.7286743274531444,0.09955753518312024,0.00011916384687465718,1.0
2010-05-25,-0.0015825458780037377,2.2188888784134595e-05,1.3132101957072588e-05,0.0,1.3642073950424908e-05,1.3221607200825525e-06,0.6922096087124145,0.152975935382629,-0.06914706559123984,-0.0016328311034154524,1.0
2010-05-26,-0.0004227233125293862,6.716577264201376e-06,1.5995773771026738e-06,0.0,5.044359293347701e-06,6.212485114678573e-07,0.20059983286323685,0.1678828135485554,0.0635130636219554,-0.00043670507497550585,1.0
2010-05-27,0.0024721193120375317,1.2656966127622159e-05,1.379658848032864e-05,0.0,5.856537378928276e-06,5.079726561471682e-06,0.5158383659615153,0.485084836638558,-0.36830922568868474,0.002434729493489181,1.0
2010-05-28,0.00482799971466272,1.6696463147503426e-05,2.180337090713649e-06,0.0,1.3569889314756866e-05,4.6450549721705394e-06,0.40839554656865695,0.7569816734646487,-0.023387561860001946,0.004790907970137576,1.0
2010-06-01,-0.0009725823277980149,9.765889710360508e-06,2.4290980937941374e-06,0.0,7.596080330820991e-06,4.255408716010226e-06,0.17970952519101283,0.741859534550031,0.02695087026031276,-0.0009966288046490007,1.0
2010-06-02,0.00036266923218322483,1.8526307765632984e-05,1.1415844719398062e-05,0.0,1.2002579086552927e-05,3.1636889836096086e-06,0.523610138717235,0.42742871115715364,-0.10407103808926052,0.00031756081162803126,1.0
2010-06-03,-0.0014158728464626375,5.967020799780682e-06,1.7557001911295295e-06,0.0,4.88457359232851e-06,2.7936277359497236e-06,0.1353886042279588,0.4062409664795936,-0.06308849315996,-0.001431273768781826,1.0
2010-06-04,0.002908818655434661,1.4783160132099723e-05,7.870971824054241e-06,0.0,1.129059422032718e-05,2.8548772122921932e-06,0.3199896621605705,0.3019754105684712,-0.17764396109661718,0.0028720190520458875,1.0
2010-06-07,0.003384162523530073,1.7464079298615964e-05,6.711928261865901e-06,0.0,1.0666089657853903e-05,4.050060080174289e-06,0.3251341712706998,0.49006464822099605,-0.1903454452482847,0.003345270366231563,1.0
2010-06-08,-0.0025435403691376696,1.1045202880006843e-05,8.041889275046973e-06,0.0,7.154457250116852e-06,6.333125630512746e-06,0.2869026128987128,0.6638164895107264,-0.40014861641541477,-0.002576115044173353,1.0
2010-06-09,0.002171941774539218,2.205347255199947e-05,6.7550897193576855e-06,0.0,1.4596809272811272e-05,1.9853720367176663e-06,0.6803681814282012,0.30015246754800096,-0.03339003462056695,0.0021265510309583318,1.0
2010-06-10,-0.000621284953710594,7.7699678494516e-06,3.4289413703844694e-06,0.0,5.331259988078669e-06,1.6218626656066421e-06,0.19446672206365054,0.24923531998900494,-0.0232376078329109,-0.0006394369855841154,1.0
2010-06-11,0.0004278285124780626,1.7437287274322067e-05,1.1838322868065775e-05,0.0,1.2600548626879007e-05,4.5257346901029975e-06,0.6856910369227783,0.6046008250270909,-0.15572260291021284,0.0003814266190186927,1.0
2010-06-14,0.0005471468267838101,6.031076103783369e-06,2.6036160614457757e-06,0.0,4.822625315133199e-06,4.320504011926127e-06,0.1680386867903707,0.5845020569553758,-0.14134261704821338,0.0005293690052915217,1.0
2010-06-15,-0.004699462054833364,1.0622259966596826e-05,4.92446815405128e-06,0.0,7.823890921638837e-06,2.9282082356427096e-06,0.29280152912112123,0.3626562834363394,-0.12928270015163576,-0.004725760882111294,1.0
2010-06-16,-0.00010333647615760664,3.5923205333304955e-06,1.2375642404743542e-06,0.0,2.380553518567514e-06,2.8457096438974467e-06,0.12331983480005622,0.410642102894493,-0.06743711728027801,-0.00011339262409387646,1.0
2010-06-17,-9.509659958653702e-05,7.5578396427789615e-06,3.400312920195778e-06,0.0,3.859677568630502e-06,3.2939067162316293e-06,0.13685535025643925,0.4524799973347804,-0.10089633099213327,-0.0001132083364343739,1.0
2010-06-18,-0.0005514811213583206,1.051944707163177e-05,5.053583955378463e-06,0.0,6.803012893546709e-06,2.087795659781541e-06,0.26923358815271553,0.21434797380601933,-0.13640169703727953,-0.000575944960938659,1.0
2010-06-21,0.0004431850356174311,5.467919866409037e-06,3.257408335435777e-06,0.0,2.7012056360543158e-06,2.706267294406395e-06,0.10042023643312778,0.2399091876358455,-0.21474371782442878,0.00042905223448512557,1.0
2010-06-22,0.0042600353979664425,3.080441681668362e-06,9.072542703804576e-07,0.0,1.5697365489550555e-06,2.645103226691605e-06,0.05607661688675356,0.2477460415449058,-0.1966313005392838,0.004251832862238747,1.0
2010-06-23,0.0008017258292910164,7.092899847046528e-06,3.0224480541790366e-06,0.0,1.902346739766362e-06,1.2701191699768616e-06,0.39582689511626584,0.29443553647759657,0.08105551592148384,0.0007884380154800476,1.0
2010-06-24,-0.0012644028893529502,5.933521654247645e-06,1.8353902877547928e-06,0.0,3.1012867002987416e-06,1.2314892139340983e-06,0.11343502111491585,0.3055090858034369,0.09861889786250844,-0.0012765045772091855,1.0
2010-06-25,0.0009758010240243538,9.610673419183733e-06,4.416766457469811e-06,0.0,5.636430951733121e-06,1.547862695952422e-06,0.21194898915709978,0.30559648790874494,0.04555555498873808,0.0009545892905000147,1.0
2010-06-28,-4.46926005308291e-06,5.306727503777854e-06,1.038420937928056e-06,0.0,3.317433131618999e-06,1.4270159184196686e-06,0.12916750908233116,0.37255072485024004,0.13281205055573575,-1.555885754482749e-05,1.0
2010-06-29,-0.005021241567465965,1.4379907565442194e-05,8.228688934627518e-06,0.0,9.564069169155255e-06,2.4447944841267244e-06,0.26714069804757395,0.3577914272039015,-0.05293404612938814,-0.005055859027619317,1.0
2010-06-30,0.0003709349317014888,1.0426468739614679e-05,4.372673811589212e-06,0.0,6.075196191535047e-06,3.313073162509584e-06,0.21305115595417773,0.49971475097536466,-0.05688154032624529,0.0003467475197962403,1.0
2010-07-01,-0.00010539709734219284,3.8074630958973205e-06,2.3507944690102527e-06,0.0,3.862425810321923e-06,3.942845457386171e-06,0.08604887634206992,0.5505983976615184,-0.11179963917935833,-0.0001193606261748085,1.0
2010-07-02,0.0019755762883236897,2.3043347012993216e-05,4.64963372846095e-06,0.0,1.2696873919918563e-05,1.0682213765527208e-06,0.4164404558487204,0.2623078843564389,0.08284669309558176,0.0019341182122857643,1.0
2010-07-06,0.0005055972760472628,9.04465244219892e-06,7.661460696453352e-06,0.0,4.882553716533971e-06,1.4783412017108054e-06,0.3172721053034228,0.13878479582984965,-0.10957652605756567,0.0004825302679903658,1.0
2010-07-07,-0.0032746898906839,7.00736315521965e-06,1.5743280412553454e-06,0.0,4.3534070834808226e-06,1.38879410621284e-06,0.1266153966458556,0.16759119762988886,-0.06572621221386829,-0.0032890137830700683,1.0
2010-07-08,-0.00043304022661957834,1.2917363816451871e-05,1.0631207822358864e-06,0.0,7.401247497194181e-06,1.33369193597923e-06,0.24607780185270087,0.38243237883285347,0.1583721335883429,-0.00045575565065143954,1.0
2010-07-09,0.0014404844605796392,4.5811006897572715e-06,1.1409054247725692e-06,0.0,2.8861053709465157e-06,1.3077941353671668e-06,0.09594458009486422,0.42162288728993946,0.20191347254825548,0.0014305685549587956,1.0
2010-07-12,0.0006705584374220066,1.54038394172511e-05,9.432636585200737e-06,0.0,9.950170201702151e-06,1.1150938682746808e-06,0.3298350838329538,0.18803836207921326,0.0007025922090668907,0.000634656697349578,1.0
2010-07-13,0.00016010273073751983,7.829658425161007e-06,2.930296061423342e-06,0.0,4.781679641998454e-06,1.3151585003307038e-06,0.15144499652495225,0.23244665961385466,0.011500031558296445,0.00014324593810860633,1.0
2010-07-14,-0.0005799740184784886,7.553989371008069e-06,4.554034761387603e-06,0.0,4.317405959248353e-06,2.4127663053962777e-06,0.19823332232067328,0.3235963536922754,-0.0817483856142992,-0.0005988122148755289,1.0
2010-07-15,-7.950385704635546e-05,3.044646442642807e-06,7.6707984962745e-07,0.0,1.662482428845352e-06,2.3089484904964485e-06,0.05078459727088848,0.315963015703716,-0.07194033069968736,-8.728701425796752e-05,1.0
2010-07-16,0.0009927934400302796,8.919224417190345e-06,3.533340481576257e-06,0.0,4.945098963464087e-06,1.9464425102158223e-06,0.15034565539183234,0.23359977883639943,-0.09340256287985876,0.0009734493336578332,1.0
2010-07-19,-0.0005966343814842847,1.9045212509630717e-05,9.17592465899192e-06,0.0,6.73174695666295e-06,2.589398221454527e-06,0.675234665904227,0.5923047049789022,0.15728580377454163,-0.0006341766638310248,1.0
2010-07-20,0.0024716249847707835,1.480350186666436e-05,8.681194025896658e-06,0.0,9.924144035912189e-06,3.5599289945720445e-06,0.3575883665333102,0.581641707792872,-0.01642636329523145,0.0024346562158477384,1.0
2010-07-21,0.0008499062778072257,1.4423340126275154e-05,3.0443017002781453e-06,0.0,8.56095795160369e-06,1.2853563210702578e-06,0.3029823267396192,0.366755784263197,0.15081592232339364,0.0008225923217079984,1.0
2010-07-22,0.003269371594390784,7.246947885811871e-06,2.4547241897574147e-06,0.0,4.7661409575230575e-06,1.0097859022605816e-06,0.18425216126660077,0.37618068759114204,0.2065366560113643,0.003253893995455431,1.0
2010-07-23,0.0011813520761195084,2.0960093769795852e-05,1.4780901283793287e-05,0.0,1.2944942698682052e-05,3.79026801358606e-06,0.7383219187388831,0.5181068683069759,-0.11865815797548218,0.001128875870353651,1.0
2010-07-26,-0.0004567367530468728,1.2481988899188114e-05,4.144479907591727e-06,0.0,8.959821724363346e-06,3.126910381882661e-06,0.21405393387077193,0.43051743132824793,-0.09480351282803913,-0.00048544995395989864,1.0
2010-07-27,0.0007652919467282453,1.1855518703560485e-05,5.794270700279014e-06,0.0,6.183118371443509e-06,1.821323089197357e-06,0.2843884566228998,0.21099236336279148,-0.0949899156223645,0.0007396377158637649,1.0
2010-07-28,0.0006245846115997757,5.115814073579036e-06,7.51778578573431e-07,0.0,1.8147300660143252e-06,1.52415069591849e-06,0.09896784769582442,0.22649342294049563,-0.02956389397381072,0.0006153781381856904,1.0
2010-07-29,0.00018472011562991665,9.525821267184636e-06,4.037095666731681e-06,0.0,3.7420553479656765e-06,1.060906061514167e-07,0.3470999053808359,0.15023098108150593,0.1324077592480679,0.00016730905274188324,1.0
2010-07-30,-0.00016257586948800442,5.310874539555209e-06,3.7965084856011026e-06,0.0,1.6257271918102302e-06,2.7128220451488494e-07,0.15905504356179995,0.08941461476658513,0.04383920440808447,-0.00017358026190948585,1.0
2010-08-02,0.0007373339753058,3.1350989379265483e-06,1.3319771312492545e-06,0.0,1.5679163127930957e-06,2.759522432066147e-07,0.06756266335185532,0.08417676739125865,0.037816790532547384,0.0007310230306806245,1.0
2010-08-03,-0.000258109883827263,1.359040238993527e-05,7.732362719747441e-06,0.0,6.585315993922969e-06,3.119439106042721e-06,0.4340654052811663,0.4358563830660112,-0.08820938674916595,-0.0002891374040369114,1.0
2010-08-04,-0.0006987485708907653,2.4009797353210067e-06,1.2795769237238509e-06,0.0,2.0053772289341442e-06,3.496372344134198e-06,0.07495975366296188,0.5025379011215244,-0.08485265269302078,-0.0007079308771228785,1.0
2010-08-05,4.9597960875733926e-05,1.237318995969346e-05,6.545767650483974e-06,0.0,5.539799524059352e-06,8.817135680301064e-07,0.4090478948785794,0.1400851343666582,-0.008042745062399666,2.4257490173467034e-05,1.0
2010-08-06,-0.0003411713800929917,5.395788326227304e-06,2.907953400902895e-06,0.0,4.093692245372559e-06,1.3113841675358745e-06,0.1076794115380113,0.16051606733103096,-0.059796472814995956,-0.0003548801982330304,1.0
2010-08-09,-0.00015998232277185278,4.511618801113661e-06,1.6142833169277147e-06,0.0,3.4953524303028897e-06,1.0587668337952013e-06,0.10671195254942904,0.13932081000868418,-0.03855201806890961,-0.00017066234415399225,1.0
2010-08-10,-0.0003764057573792404,4.6045647203390206e-06,1.2391674354516435e-06,0.0,5.246366630927873e-06,1.1558144576585502e-06,0.11669688629834102,0.20768520645395094,0.01350837756731458,-0.00038865167062361746,1.0
2010-08-11,-0.000717793260033761,7.280993999593772e-06,4.317702440461832e-06,0.0,7.135012073423229e-06,1.3242490910876112e-06,0.16264631585093292,0.14979685516736535,-0.07267699213535335,-0.0007378512176383275,1.0
2010-08-12,0.0006707593832116984,2.1255207255157646e-05,1.1700383531462978e-05,0.0,1.8480121750430947e-05,5.020092090464814e-06,0.42918198516374695,0.5610193739295537,-0.28235609726853517,0.000614303578584182,1.0
2010-08-13,0.0011286894135420756,1.7063828357539587e-05,7.779023029999407e-06,0.0,7.04985958514985e-06,5.730598031758568e-06,0.7852105843702457,1.122300508184074,0.15956003884863468,0.0010910661045376282,1.0
2010-08-16,-0.00043354617843444266,3.577179261068702e-05,1.7184604715398477e-05,0.0,2.399845522950133e-05,6.270599973664539e-07,1.0225808190673837,0.1642745765964541,0.05892849703888983,-0.0005111280909873959,1.0
2010-08-17,0.001168280042889766,1.28843652576818e-05,1.3841241406851475e-06,0.0,6.411477906682252e-06,1.4270237948943104e-07,0.24440315717114852,0.28624464777385417,0.26227064801962974,0.0011474573732052273,1.0
2010-08-18,0.001500579422056953,9.071144846581052e-06,2.4992979514277155e-06,0.0,4.907495305093027e-06,7.495252190549164e-07,0.13578554572584978,0.39218226719057103,0.26626203038934504,0.0014833519587347961,1.0
2010-08-19,-0.004715342123802257,1.3039922361478683e-05,5.819927339048712e-06,0.0,7.066149446306082e-06,2.548856361014291e-07,0.2142351374092605,0.23349247797306613,0.190671691108026,-0.004741523008585192,1.0
2010-08-20,-1.6294348167853973e-05,1.466530292258089e-05,7.562522551254834e-06,0.0,9.121905891148063e-06,1.055577790358368e-06,0.2729126201142646,0.23479428764029386,0.05745721886008797,-4.869965732319613e-05,1.0
2010-08-23,-0.00010944547051867527,1.3476334600993208e-05,7.053942054226582e-06,0.0,5.7747874361445546e-06,2.8012954983462816e-06,0.4422915431071497,0.6207596487153533,0.1501420049931779,-0.0001385518301083859,1.0
2010-08-24,-0.002688627182932839,1.0766599003854383e-05,3.528692620144638e-06,0.0,5.513200252030766e-06,2.1314435292203894e-06,0.21215874098618623,0.5040576189962407,0.14597510608721517,-0.002710567118338089,1.0
2010-08-25,0.0005870036138614107,1.0063517725409195e-05,4.668744809026704e-06,0.0,4.2467815596958455e-06,2.4445790248172284e-06,0.21850339682790043,0.5243079376907024,0.11361866152140804,0.0005655799907424618,1.0
2010-08-26,-0.0005776914445560473,3.427709057642437e-06,1.0660980289131634e-06,0.0,2.4487924259083557e-06,2.2564112105116976e-06,0.08716979775370548,0.5152274605174484,0.13615037715148307,-0.000586890455279023,1.0
2010-08-27,0.002650363937437906,8.007776022946044e-06,1.9346527829636168e-06,0.0,5.281183095344551e-06,1.7406696536395286e-06,0.15064787227554227,0.48945525745786594,0.19702275564642516,0.002633399655883012,1.0
2010-08-30,-0.002732342403251439,2.6853672493269044e-05,1.4829854965261673e-05,0.0,1.3637721269921146e-05,3.004917812716089e-06,0.9030567747221658,0.5636518510365717,0.05882565850026886,-0.0027906685697926072,1.0
2010-08-31,-0.0004934610887714539,3.5750556934738624e-06,2.4617488904239995e-06,0.0,2.029518272017134e-06,3.2107801139853975e-06,0.08320045866348649,0.5420456886335941,0.0026346294840474127,-0.0005047381917413543,1.0
2010-09-01,-0.00042997360049757544,8.978532440210703e-06,5.196620748498859e-06,0.0,5.451190019861906e-06,3.6666622670613256e-06,0.19285785175453563,0.5285310076238726,-0.08746825324242997,-0.0004532666059732082,1.0
2010-09-02,-0.0003698985462681634,1.2352339063823198e-05,3.820616077005398e-06,0.0,6.9136649692630595e-06,4.4058406073785295e-06,0.2508265985294764,0.7107247192862479,-0.029456502753344854,-0.0003973910069856336,1.0
2010-09-03,-0.00019342514277262976,1.0569141686420407e-05,2.2245767149766636e-06,0.0,4.8419353458236844e-06,4.8296051925352415e-06,0.19225603175596495,0.8693016660608444,0.05792799371492363,-0.00021589040171238576,1.0
2010-09-07,0.0003557982123340137,2.354300366845944e-05,1.064105848709616e-05,0.0,1.4085992598924598e-05,3.35640299874937e-06,0.5283582787070392,0.562707912021535,-0.0011677917683590028,0.00030417175458078414,1.0
2010-09-08,0.00017420822978610488,1.2268968735867513e-05,5.650636809892747e-06,0.0,1.3768907597522273e-05,2.7625767094637367e-06,0.2585542419630188,0.42142284123554097,-0.04269004595436679,0.0001397571399333586,1.0
2010-09-09,-5.3378592726805764e-05,1.4062465608843582e-05,5.016886986320105e-06,0.0,6.733604411029328e-06,1.9563217518721026e-07,0.4702498550088186,0.24508223103475932,0.212216025603308,-7.938718190818599e-05,1.0
2010-09-10,0.0009602463458816763,5.189646217575006e-06,3.5001168286679916e-06,0.0,5.4916952614705005e-06,1.928819439920701e-07,0.11492302342449674,0.15626350975502967,0.12385934316436192,0.0009458720056299707,1.0
2010-09-13,0.0012829211880599556,8.336795522641811e-06,2.1714779843447624e-06,0.0,4.583042960587651e-06,5.079856604067177e-07,0.15420399419265562,0.25870672250448534,0.1733651315561568,0.0012673218859319748,1.0
2010-09-14,0.0005231726792135547,1.0555867913772552e-05,9.26236839765713e-06,0.0,3.358312536060645e-06,2.861349646554717e-06,0.44621544175942274,0.43673810745579444,-0.043968633165398036,0.0004971347807195096,1.0
2010-09-15,-0.0004934582935871971,5.477578318201908e-06,2.682383541695157e-06,0.0,2.9018255913519783e-06,2.388823341960517e-06,0.15722064386806633,0.3684994987098676,-0.03282282273949921,-0.0005069089043804066,1.0
2010-09-16,9.353039770127082e-06,7.825979318375965e-06,4.53246990089951e-06,0.0,4.164332825714458e-06,1.1064212466342376e-06,0.2359567205747851,0.14412203291877496,-0.04175673651577697,-8.276163521497087e-06,1.0
2010-09-17,-0.00027525495666866004,3.1533343733021663e-06,1.6053928269199175e-06,0.0,1.6602054718017074e-06,4.467793218181621e-07,0.1311140257128123,0.08076686463432739,0.005707938568876156,-0.000282120668662502,1.0
2010-09-20,8.48369601331157e-05,2.9406931347187603e-06,6.970139729830977e-07,0.0,2.119778216102688e-06,3.9299316858188726e-07,0.10402142654987365,0.1488747750614004,0.08285192273964334,7.868648164072926e-05,1.0
2010-09-21,-0.0003200679060752289,1.4019442043334798e-05,9.048742779128559e-06,0.0,6.655814911056627e-06,3.885042728849355e-06,0.44718769705599926,0.548445556301445,-0.10424162214524656,-0.0003536769485375982,1.0
2010-09-22,-4.243133633358132e-05,4.795512782501511e-06,2.5404802916455685e-06,0.0,2.160891701832515e-06,3.6644081643365342e-06,0.1384851814599764,0.5074403120481275,-0.10818025956041027,-5.5592629273897454e-05,1.0
2010-09-23,0.0003195357763645638,1.4227478993344786e-05,8.779662829314783e-06,0.0,8.392866571311708e-06,3.971896119802533e-06,0.29707795202115783,0.3603158595319791,-0.3069626885948465,0.00028416387185079,1.0
2010-09-24,-0.0070044321280730995,6.99459648787433e-06,2.4362119894947937e-06,0.0,3.6923376753231716e-06,3.414082564774884e-06,0.17220104623923344,0.31194939717282544,-0.261616473709355,-0.007020969356790567,1.0
2010-09-27,0.0010898684840345858,1.870786015133236e-05,4.060195494549723e-06,0.0,1.0070455878819907e-05,4.259315326497845e-06,0.3411766616798966,0.6041283540418759,-0.11143662080976223,0.001052770657183386,1.0
2010-09-28,-0.0007940530846484686,5.850559770892352e-06,2.1412100456378965e-06,0.0,3.1632557233032186e-06,3.6301510516670156e-06,0.13153332420176367,0.5073514755249485,-0.10251390115511022,-0.0008088382612399691,1.0
2010-09-29,4.983626797218734e-05,1.639418663620371e-05,8.404695569455518e-06,0.0,7.021922440909108e-06,3.174466096661261e-06,0.2874685797611585,0.27670034533351906,-0.2566099589055727,1.4840997228957743e-05,1.0
2010-09-30,0.001001092517559221,3.903591128846132e-06,1.0797075125556711e-06,0.0,1.4338843270135548e-06,1.5923634912974894e-07,0.3210861419775712,0.07195128980184756,0.045199583148049734,0.0009945160982416758,1.0
2010-10-01,1.2662889434773128e-05,1.1555873851292444e-06,1.0651285173899676e-06,0.0,6.44116886816802e-07,1.1962630913688796e-07,0.05013620124571129,0.041925302730444494,0.021828082795447318,9.678430336300226e-06,1.0
2010-10-04,-9.000866844946693e-05,2.4122128701013075e-06,1.8422626610802819e-06,0.0,1.2873205587024018e-06,5.842726197583346e-07,0.0741447729779912,0.07967658049255202,-0.018481219626848178,-9.613473715910925e-05,1.0
2010-10-05,-0.0003451995195053452,7.311276994037364e-06,1.126614651935427e-06,0.0,3.086673023964007e-06,2.0294265924303085e-07,0.13572789795477316,0.10162691832572013,0.06753255157289095,-0.000356927026834525,1.0
2010-10-06,0.00014265893219324915,1.2167244005826778e-05,9.009941655845299e-06,0.0,5.022352315229913e-06,3.5812030172897775e-06,0.5037244220084093,0.5427747270741643,-0.05886737983051832,0.00011287819119905739,1.0
2010-10-07,0.00045234439253696976,3.919837384471517e-06,1.8820191455323086e-06,0.0,2.1466853494482615e-06,3.983906970462127e-06,0.1040954320290509,0.6085457276594556,-0.06075064337818187,0.00044041194368705556,1.0
2010-10-08,-0.0011587544686930216,1.3902983063862243e-05,7.390016110528922e-06,0.0,6.98513710571801e-06,1.9835643980990298e-06,0.4340319889270842,0.2943925724728397,-0.03884624640779727,-0.0011890161693712297,1.0
2010-10-11,-0.00025249125355540506,3.2092162486519276e-06,2.0413541965283494e-06,0.0,2.03500119930799e-06,2.074639532104596e-06,0.0886566672667814,0.27027237388006553,-0.07826706751350664,-0.0002618514647319979,1.0
2010-10-12,-0.00028313375443783266,1.4854239479383661e-06,3.989664211553398e-07,0.0,7.018649948479923e-07,2.094112732104218e-06,0.03779228365622256,0.2896441131044659,-0.06216682588904272,-0.00028781412253387856,1.0
2010-10-13,-0.000810349890775247,7.858777954843774e-06,2.6040592481545803e-06,0.0,4.511489331708838e-06,1.866963558563645e-06,0.1668745183889606,0.2899312424926627,-0.02371863534602965,-0.0008271911808685179,1.0
2010-10-14,-0.0005040943719426499,3.7043600414092036e-06,3.3381954179733707e-06,0.0,1.882041540666025e-06,2.588774162471334e-06,0.11672445202777477,0.31135611379238015,-0.123557945502804,-0.0005156077431051699,1.0
2010-10-15,-0.0022364069374660343,3.4692407116727294e-06,1.756651078844297e-06,0.0,2.136117939258167e-06,2.5147416878546545e-06,0.08208838634060842,0.2883174625708306,-0.13415914098875137,-0.002246283688883664,1.0
2010-10-18,-0.000674113420246059,7.791079811661261e-06,2.478547300464442e-06,0.0,3.15969213096842e-06,1.5865200291812501e-06,0.18898136723782333,0.20394851448142587,-0.06258685042102413,-0.0006891292595183344,1.0
2010-10-19,0.0010501128300847257,1.3998165994610817e-05,8.136994729736777e-06,0.0,7.830927449599902e-06,3.1065833915247696e-06,0.27194444573068255,0.28267203936886154,-0.2392339704072997,0.0010170401585192536,1.0
2010-10-20,-0.0022563413389428983,8.119234701332812e-06,3.365649208404166e-06,0.0,3.3511582047098485e-06,2.330266955484735e-06,0.3629837983874817,0.3497968832947129,-0.04168796522672254,-0.0022735076480128297,1.0
2010-10-21,-0.00044796492960623695,8.745694083462397e-06,2.698669087742406e-06,0.0,5.471760134017801e-06,2.3514728425909577e-06,0.2139973868246534,0.4227244802367828,0.027677042681501854,-0.0004672325257540505,1.0
2010-10-22,0.0001446934517218626,1.615062470178353e-05,1.170015913530869e-05,0.0,7.688475563707554e-06,2.707873555967872e-06,0.596739104335073,0.2701160969701082,-0.1848066604324945,0.00010644631876509494,1.0
2010-10-25,-0.0006478436870880294,5.6021697647475755e-06,1.9706807813617137e-06,0.0,2.6468372252360855e-06,1.3884303147953798e-06,0.2027303525673503,0.16301238061427845,-0.07024391227134538,-0.0006594518051741702,1.0
2010-10-26,0.0002627091263515028,3.759857353507091e-06,1.1552945503929218e-06,0.0,1.828663590424792e-06,1.1570420058005451e-06,0.09038571684021493,0.1509556283209464,-0.04342742865354519,0.00025480826885137744,1.0
2010-10-27,0.0003535637473599266,2.860394564859649e-06,2.330650117730183e-06,0.0,2.4043062395353683e-06,1.7353093763888858e-06,0.07721386487152634,0.1811565665757166,-0.11037540865761618,0.0003442330870614125,1.0
2010-10-28,0.0010379857759916138,7.665154458933081e-06,2.561514793397472e-06,0.0,5.157036792962171e-06,1.5020949987189381e-06,0.1670181245275698,0.19457958634565692,-0.05777237343912467,0.0010210999749476022,1.0
2010-10-29,8.995864898834987e-05,6.380391987782354e-06,3.178302420911936e-06,0.0,8.221638880262516e-06,1.0251867002433093e-06,0.25384690464965465,0.19520686138552168,0.022975495744645726,7.115312899914976e-05,1.0
2010-11-01,-0.00041192748430551884,8.213531720669145e-06,6.155790909419414e-06,0.0,5.9638533567040355e-06,1.8387795245859491e-06,0.2658385195330655,0.18887891349751829,-0.12003604663292113,-0.0004340994398168974,1.0
2010-11-02,-0.00039181776736167597,2.956731512849495e-06,1.024059057550798e-06,0.0,2.0606215182293733e-06,1.5573380963489268e-06,0.09673740938398516,0.17616184179885971,-0.08547095838775998,-0.00039941651754665455,1.0
2010-11-03,-0.0002276480966866756,3.912015348146207e-06,2.7384397505903166e-06,0.0,1.946773644957768e-06,1.8159874243663112e-06,0.10904198105228789,0.15969613616953648,-0.14538975112400376,-0.0002380613128547362,1.0
2010-11-04,-0.0028752800802541345,7.426009076668074e-06,1.8543738741777785e-06,0.0,3.0186956459753336e-06,1.9558410678134125e-06,0.15225202126343437,0.23822150947104903,-0.09035978992160429,-0.0028895349999187693,1.0
2010-11-05,-0.0007239672045915116,1.168853745857092e-05,7.154852254471029e-06,0.0,5.67601968232087e-06,4.1370684697515575e-06,0.4314170961429712,0.5552975649715705,-0.13972993794669133,-0.000752623682456626,1.0
2010-11-08,-6.945122214484074e-05,3.888865921333404e-06,4.590594197222434e-07,0.0,2.0912201526083033e-06,3.991741141581104e-06,0.08084803191162289,0.5976594384059257,-0.0729530733796997,-7.98821087800858e-05,1.0
2010-11-09,0.0006487040975018921,1.4986139960094597e-05,1.043681569135129e-05,0.0,9.530081762182244e-06,4.253092325139609e-06,0.36163703260914304,0.38235313690759876,-0.33216637371585556,0.0006094979677631244,1.0
2010-11-10,-0.0018064105929185463,1.2057082312586466e-05,4.588347587890455e-06,0.0,3.422514010979764e-06,1.4226627415520245e-06,0.5266629840747443,0.2704436943318792,0.03143635375113907,-0.001827901199571555,1.0
2010-11-11,-0.0012503159347802511,4.180128015255233e-06,1.405461320662078e-06,0.0,2.0844327923946753e-06,1.3819101418156725e-06,0.09799545140182746,0.2748699653879141,0.042709061562881075,-0.0012593678670503787,1.0
2010-11-12,-0.0004884701739446437,7.124032688839156e-06,3.6203024046407534e-06,0.0,3.172379863349417e-06,2.0198011341721914e-06,0.1448450159731225,0.31589887345181106,-0.02342771708911709,-0.0005044066900356453,1.0
2010-11-15,3.8847039339606174e-05,5.519723800908906e-06,1.1038968594216111e-06,0.0,1.6764183592388054e-06,1.917815470513858e-06,0.2226927762999339,0.48708336162398613,0.16489036257765805,2.8629184849522994e-05,1.0
2010-11-16,-0.002898705468882215,8.961505637071927e-06,4.657261220744746e-06,0.0,5.216094216573313e-06,2.6052278877415753e-06,0.17668511858808392,0.5232176801953212,0.08553939505473641,-0.0029201455578443465,1.0
2010-11-17,0.0007032762387714613,1.1275330689558049e-05,4.3336749767729205e-06,0.0,3.91708457454193e-06,2.7730801818579764e-06,0.18605813695464135,0.5190304321966819,0.05315296164454181,0.0006809770683487305,1.0
2010-11-18,0.0014105733695852641,1.1941941533259059e-05,6.282720074879597e-06,0.0,4.150839746465452e-06,1.4264580406728422e-06,0.36619694549902604,0.24636973663751074,0.006724785804473284,0.0013867714101899872,1.0
2010-11-19,0.00013661845533693466,1.3182360823519645e-05,1.1396892825629006e-05,0.0,4.6814521608025486e-06,3.395539916187586e-06,0.5410472644779158,0.3043267602903603,-0.26612394562915415,0.00010396220961079588,1.0
2010-11-22,0.00025941503808132123,4.549405338317993e-06,5.374918529738857e-07,0.0,3.3241159690839036e-06,3.459772179330848e-06,0.10387873502650777,0.4037648404108348,-0.17747688571674766,0.00024754425274161457,1.0
2010-11-23,0.0023244809703845785,5.74926633909155e-06,2.7480097875197464e-06,0.0,3.1918468337349565e-06,3.2372733274532327e-06,0.11708657859832276,0.3353065018743254,-0.20855541713781775,0.002309554574096779,1.0
2010-11-24,-0.003102054689434802,1.2037621948142674e-05,6.487989651002124e-06,0.0,4.5399556519808175e-06,1.5330826960607618e-06,0.5190356773083973,0.24403027805977268,-0.013527614878435235,-0.0031266533393819887,1.0
2010-11-26,-0.00011422806771621514,4.9821195657762174e-06,1.8672321722038898e-06,0.0,2.507899011869077e-06,1.4654136938523102e-06,0.12822848475958643,0.23705660265330336,-0.009132897913884773,-0.00012505073215991663,1.0
2010-11-29,0.0006758450003992828,1.3274207677791334e-05,2.916399011095228e-06,0.0,5.638545114403012e-06,4.3710105768815226e-07,0.24653309612243274,0.19704697012121186,0.12361399242960228,0.0006535787475383051,1.0
2010-11-30,-0.0005133388595228041,7.631319120274316e-06,4.0287463017563456e-06,0.0,3.0633599628733625e-06,1.9203855844534965e-07,0.17436571339148677,0.0979070781898446,0.06564460037102586,-0.0005282543234661534,1.0
2010-12-01,0.0009420207558757547,7.2209608138700875e-06,1.1657800735514658e-06,0.0,4.046278564220896e-06,2.3317426806288676e-07,0.13409782226063194,0.1834938607778538,0.14432058374328882,0.0009293545621560493,1.0
2010-12-02,0.0015176527418982934,4.160233646650866e-06,2.023090170316241e-06,0.0,2.0825937188396062e-06,8.836963075013726e-07,0.10972576407099889,0.2907775974514474,0.1423166177912168,0.0015085031280549852,1.0
2010-12-03,0.0005328495296160231,1.8885458457392004e-05,3.2258087867975993e-06,0.0,1.1721818094478735e-05,1.2058944003937615e-06,0.4173154654672117,0.6186667138392586,0.41607645457310677,0.000497810549876961,1.0
2010-12-06,-0.0002491434354344014,2.6774026110146544e-05,1.8773855354100406e-05,0.0,1.4733715480529653e-05,3.5854165397610332e-06,0.7388129267489311,0.588025399200458,-0.01432457947939543,-0.000313010448918939,1.0
2010-12-07,-1.1017630175257673e-05,1.1075519052429882e-05,7.796552733839951e-06,0.0,7.462007273294144e-06,2.9078308499204562e-06,0.2960105356001237,0.3007273367980888,-0.18778824598854787,-4.02595400847421e-05,1.0
2010-12-08,-0.0005099781907342749,3.4510255154673856e-06,2.786913119925214e-06,0.0,3.2442029679001267e-06,3.262417832449004e-06,0.09667818883819135,0.28513603188469544,-0.26295016396673715,-0.0005227227501700166,1.0
2010-12-09,-0.0010359115621340453,5.948139833429693e-06,1.3764849831625201e-06,0.0,3.533563655921373e-06,3.3391123185007794e-06,0.11023449422189438,0.3357359317609079,-0.22523493774722303,-0.0010501088629250597,1.0
2010-12-10,-0.0009993216094582732,4.5850183316451315e-06,1.7513718268731397e-06,0.0,2.948427338432053e-06,3.1011061055548018e-06,0.08640722721566202,0.3042621673050003,-0.21672365842820654,-0.0010117075330607784,1.0
2010-12-13,4.972730012510349e-05,4.128295075989162e-06,1.1825107178572453e-06,0.0,3.0310780267529587e-06,3.229179421674681e-06,0.11812253624244046,0.380960784992082,-0.16154135784926443,3.815623688282944e-05,1.0
2010-12-14,0.00013133202449325834,6.765717686960496e-06,3.992155506996766e-06,0.0,4.216154919637038e-06,1.5167270216170386e-06,0.3179854344664944,0.20418303595553788,-0.05062710367612459,0.00011484126935804701,1.0
2010-12-15,-3.031024205438432e-05,8.290729889718503e-06,2.2900990159644125e-06,0.0,5.417388176773841e-06,6.382921550264712e-07,0.29340849473951136,0.2349644636874865,0.12773138164303932,-4.694675129186755e-05,1.0
2010-12-16,0.0012695687994450588,7.6736678201279e-06,4.4538904757560185e-06,0.0,6.889726579297523e-06,8.172808019527893e-07,0.2005471831779863,0.21013736429740276,0.07283418956933417,0.0012497342337679245,1.0
2010-12-17,-1.6080542118400567e-05,5.7481957578276715e-06,5.716639661539656e-06,0.0,2.761781519566242e-06,1.588011199600825e-06,0.23354750521304274,0.18289670914474296,-0.08388917238819568,-3.1895170256934966e-05,1.0
2010-12-20,-0.00034471456586945284,3.882850425877944e-06,1.6460150672781295e-06,0.0,2.1619255815187966e-06,1.40069770474889e-06,0.10243459389089202,0.16626114432188038,-0.06905607007593309,-0.0003538060546488766,1.0
2010-12-21,-0.0007579806931871322,5.285687584929529e-06,2.124824038809202e-06,0.0,3.3846660932968246e-06,1.2280612137973347e-06,0.12426809593768205,0.13542008833893004,-0.0708941955790222,-0.0007700039321179651,1.0
2010-12-22,-0.00042232751408972767,3.608517771568188e-06,2.231517379770689e-06,0.0,1.4383018638999955e-06,1.5135731779108709e-06,0.0941058252989037,0.14383573100327837,-0.11044456288574787,-0.00043111942428287743,1.0
2010-12-23,0.0003163996301479575,1.115122770426084e-06,5.928473394281791e-07,0.0,6.045588393076389e-07,8.731097465368302e-07,0.07036920596946412,0.07334121870909374,-0.07334121870909374,0.0003132139914522588,1.0
2010-12-27,-2.7744983637194703e-05,1.956156251701923e-06,1.4955695528189449e-07,0.0,1.043776821070891e-06,3.660828369171345e-07,0.05752190587765171,0.04565485878699938,-0.015847057815079217,-3.126055650216655e-05,1.0
2010-12-28,2.9926816450378257e-05,1.0843936301827538e-06,5.928349088755704e-07,0.0,6.276967892035428e-07,0.0,0.04577744488058157,0.0,0.0,2.762189112211639e-05,1.0
2010-12-29,0.0,0.0,0.0,0.0,0.0,0.0,0.0,0.0,0.0,0.0,1.0
2010-12-30,0.0,0.0,0.0,0.0,0.0,0.0,0.0,0.0,0.0,0.0,1.0
2010-12-31,0.0,0.0,0.0,0.0,0.0,0.0,0.0,0.0,0.0,0.0,1.0
2011-01-03,0.0,0.0,0.0,0.0,0.0,0.0,0.0,0.0,0.0,0.0,1.0
2011-01-04,0.0,1.986510231109005e-06,1.5738370097000231e-06,0.0,3.2187142716790854e-06,5.725924241370962e-07,0.058256021133111416,0.058256021133111416,-0.03793950612192073,-7.35165393662521e-06,1.0
2011-01-05,-7.20322866296563e-05,5.4037579197493855e-06,3.2367251688744646e-06,0.0,5.121199050948056e-06,1.6938874374820736e-06,0.13860177971439389,0.19361833446148885,-0.0909547550354995,-8.748785620671027e-05,1.0
2011-01-06,-0.00018030535511590485,3.7141172062852456e-06,2.5673780938525025e-06,0.0,2.6144820411868793e-06,2.5980620424084773e-06,0.12639439687244786,0.30504130450518907,-0.1314331186194351,-0.00019179939449963796,1.0
2011-01-07,-0.0006359090140788141,9.798476462845622e-06,5.3603050403853015e-06,0.0,8.596508856592017e-06,2.5438922852059884e-06,0.2755556344819336,0.2521066797777408,-0.1752672241368652,-0.000662208196723843,1.0
2011-01-10,0.0010482476462492184,1.226997307894334e-05,2.5217220676775332e-06,0.0,7.152878606174834e-06,1.6141572475323943e-06,0.22565200350184791,0.1984694833301575,-0.07270893425528471,0.0010246889152488903,1.0
2011-01-11,-0.0007529897226833896,7.063716918627822e-06,3.3921371189285817e-06,0.0,4.132469486036074e-06,1.522730224467356e-06,0.12989320556792208,0.15527327577329894,-0.10054540193721684,-0.0007691007764314494,1.0
2011-01-12,-0.0007010141141873712,8.121777623409749e-06,5.499587314910393e-06,0.0,4.528301320212749e-06,2.6613625073671063e-06,0.28851557498730873,0.24759369382672675,-0.19951520741094708,-0.0007218251429532711,1.0
2011-01-13,0.00013112644648651472,7.64573192744011e-06,2.8793203646998507e-06,0.0,3.986198160632032e-06,3.2553148197126436e-06,0.18324974789438925,0.37729587309210333,-0.1695970166196207,0.00011335988121403007,1.0
2011-01-14,-0.0016988321577339949,7.351665740401673e-06,2.0512459317930712e-06,0.0,6.372819414096007e-06,3.164123824742795e-06,0.1930599122709042,0.4549515070737785,-0.07662129548301104,-0.0017177720126450285,1.0
2011-01-18,0.00016114826041599656,7.950547296161556e-06,3.405072238130513e-06,0.0,4.069030062484782e-06,1.8816222095163832e-06,0.24264502454884573,0.29481099723272647,-0.021301533966025882,0.00014384198860970332,1.0
2011-01-19,-0.00017178090882935494,7.043475624584453e-06,5.005166058758317e-06,0.0,4.940357981518179e-06,1.9521900617440913e-06,0.19493764768546118,0.1938240505249965,-0.13414387984801093,-0.00019072209855596,1.0
2011-01-20,0.0020242860157076935,1.0202017487875426e-05,7.293053959202589e-06,0.0,7.890372449071026e-06,4.282036654608046e-06,0.3538325272380312,0.4745828628202966,-0.24479929515385515,0.0019946185351569366,1.0
2011-01-21,-0.0008450020474593115,8.996329165517826e-06,3.815207887241275e-06,0.0,4.433696388193719e-06,2.4532573664076596e-06,0.590137517337666,0.590070523059673,0.1779232855031862,-0.000864700538266672,1.0
2011-01-24,0.0013524678571304443,1.170349916860479e-05,6.708672456851762e-06,0.0,9.98084690435298e-06,2.145829144353386e-06,0.37820281269380807,0.5223564918721063,0.16185719562073747,0.0013219290094562814,1.0
2011-01-25,-0.000676016891338136,1.717983016964166e-05,1.498409348562379e-05,0.0,1.1450971113491068e-05,2.8559272156438973e-06,0.7487180985535489,0.32652249023921154,-0.15327328198896317,-0.0007224877133225364,1.0
2011-01-26,0.00012683209500548108,6.798427567878294e-06,2.075017553922173e-06,0.0,4.9354925777526575e-06,2.3711592481021664e-06,0.1754715504285697,0.30792697551488,-0.09042777816628395,0.00011065199805782579,1.0
2011-01-27,-0.0011211422953380488,7.900809760540965e-06,3.369231779569082e-06,0.0,4.6609584663709986e-06,1.679777261252557e-06,0.21971742900863117,0.23500102970536974,-0.04720155018505984,-0.0011387530726057824,1.0
2011-01-28,0.0007271272163875354,9.709148749911436e-06,6.141326143739722e-06,0.0,7.360559443950407e-06,2.6019177535979053e-06,0.2426202555558427,0.2769769443163081,-0.16014523828814003,0.000701314264296336,1.0
2011-01-31,-0.0012094767166782126,1.626738657844865e-05,6.53767836473587e-06,0.0,8.62820867795508e-06,1.721367344917278e-06,0.7111177826696391,0.5687954392849119,0.2796057253388093,-0.0012426313576442694,1.0
2011-02-01,0.005055529413069144,1.3414658319015079e-05,5.095329468879452e-06,0.0,6.084380684192922e-06,1.3985603246310538e-06,0.28204947189526064,0.527297811093936,0.29233967655591897,0.005029536484272425,1.0
2011-02-02,-0.001036859900476744,1.4237640840662609e-05,3.938408967760073e-06,0.0,6.803168109644684e-06,8.056973617673727e-07,0.303926459330656,0.5120056944078146,0.37664853763089606,-0.0010626448157565788,1.0
2011-02-03,0.0009775746966549372,1.5866697582915477e-05,2.0767962775303694e-06,0.0,9.8974299237623e-06,9.839475651776674e-07,0.3269537592513113,0.7820322195312108,0.6167290285813627,0.0009487498253055515,1.0
2011-02-04,0.0016890356328015791,2.3183094466081423e-05,2.20540315380135e-05,0.0,1.1598492168370018e-05,1.8909111138900903e-06,0.8851706930935098,0.2937257874266505,-0.02394727970688461,0.001630309103515224,1.0
2011-02-07,0.0005380894419984804,9.354264884314622e-06,4.593186262858815e-06,0.0,4.791047224197895e-06,2.207488342489942e-06,0.15687680633503415,0.2910718374759987,-0.0797862040623116,0.0005171434552846191,1.0
2011-02-08,-0.000627611738234666,9.955966453685061e-06,3.423686786998518e-06,0.0,6.22158283643755e-06,2.2737085441180836e-06,0.1878502238378038,0.32161325078506414,-0.06036978462677389,-0.0006494866828559053,1.0
2011-02-09,-0.0005996264435397249,9.307653439290259e-06,3.6897254377686153e-06,0.0,5.013252081741301e-06,2.885024682190573e-06,0.2216175242675526,0.4058573863501701,-0.07882676025784607,-0.0006205220991807157,1.0
2011-02-10,4.063953061566163e-05,9.747863465863597e-06,5.421400311801271e-06,0.0,5.927176125147177e-06,7.849981423248626e-07,0.3656564074887427,0.14029956523196813,0.008419877321391211,1.8758092570524717e-05,1.0
2011-02-11,-0.00015454981825566182,9.958824889979272e-06,4.737413415700427e-06,0.0,7.680012915477138e-06,1.2571025353587184e-06,0.22099323981496816,0.18678712108652673,-0.024406104853737995,-0.00017818317201217737,1.0
2011-02-14,0.00038701294386571036,1.0124233766135511e-05,3.2275654554529373e-06,0.0,6.293033101174932e-06,1.0867350622340073e-06,0.22709819812984108,0.20695414068664925,0.024382650231335994,0.00036628137648071296,1.0
2011-02-15,0.00047355648716266213,5.69832959739982e-06,2.271665483716394e-06,0.0,5.649689945530474e-06,1.0435901820609576e-06,0.15768866807910065,0.2259519717404834,0.05062882115424251,0.0004588932119539545,1.0
2011-02-16,-0.0011076752845156361,1.092771912234685e-05,5.253205446284016e-06,0.0,7.363899798354576e-06,1.1268520287485146e-06,0.2640127190492757,0.22132733367374058,0.03201619284399015,-0.00113234696091137,1.0
2011-02-17,-0.00015670056580662206,7.481547580233432e-06,4.120653762646843e-06,0.0,8.011698051599502e-06,1.8166447996736994e-06,0.26715997424832755,0.35399682045407166,0.04880049410889016,-0.00017813111000077552,1.0
2011-02-18,-0.0017547609115016352,1.6090913091432136e-05,1.0904573084258011e-05,0.0,1.014828411890915e-05,4.229101383544524e-06,0.5489440418288405,0.5526816134578377,-0.15780741897764222,-0.001796133783179779,1.0
2011-02-22,0.003274933045112626,2.2198975240921565e-05,1.568402117699939e-05,0.0,1.1607799132189037e-05,7.488681271242887e-06,0.5408792131974183,0.7130471300444503,-0.5450513235243547,0.0032179535682912734,1.0
2011-02-23,0.005161273743797374,2.332872236538369e-05,9.33548176679179e-06,0.0,1.1489212272845693e-05,5.836147968678253e-06,1.1936212524787098,1.2228675638247082,0.2423947050867617,0.0051112841794236745,1.0
2011-02-24,0.00025881691455805335,5.32106165606878e-06,1.652445514253712e-06,0.0,4.766098184031556e-06,4.736901920262684e-06,0.17747247413563028,1.1296169124311124,0.3338173898269814,0.00024234040728343662,1.0
2011-02-25,0.005668321611454745,2.0629237295528847e-05,8.596362432215216e-06,0.0,1.2975750372130327e-05,2.414598457401575e-06,0.46983141877604595,0.7793317585768884,0.3736792177334239,0.005623705662897469,1.0
2011-02-28,0.0021040516203357806,1.6491332306222878e-05,2.773419385571083e-05,0.0,1.0470966707216689e-05,7.673405780729663e-06,1.1705957373710547,0.7348369234275945,-0.5542952477349888,0.0020416817216859003,1.0
2011-03-01,0.009502213110171805,2.5514464222145418e-05,5.2744128444930675e-06,0.0,1.3423014521376907e-05,9.005469401312612e-07,1.1254665751448973,0.5441013746818419,0.39280948873978994,0.009457100671643659,1.0
2011-03-02,0.0002335619085818897,1.1243224530043933e-05,7.932825544703192e-06,0.0,1.0433583246900778e-05,1.0940006947303224e-06,0.3313198943000464,0.41816457583272953,0.2343724591180353,0.00020285827456551148,1.0
2011-03-03,0.004245913228697352,1.1820622482619499e-05,7.566058629307651e-06,0.0,1.0034397483868737e-05,2.21812525907679e-06,0.35470476529174155,0.5123445972137408,0.1396995536888402,0.004214274024842479,1.0
2011-03-04,-0.001789041154839049,2.5851118392227144e-05,2.573930553583638e-05,0.0,1.602824623071668e-05,8.346873180792505e-06,1.1981403787818805,0.8966327375697238,-0.5056419568034166,-0.0018650066981786217,1.0
2011-03-07,0.003163727081011216,1.9786456791468217e-05,2.7039136276393977e-06,0.0,3.3612427269124604e-05,7.168885431781851e-06,0.5579326951461339,1.175072430247466,-0.029300322291884756,0.0031004553978912015,1.0
2011-03-08,-0.0005048888285727523,2.9309756300524645e-05,1.3206844802448208e-05,0.0,2.2114419265059064e-05,1.3658579194692078e-06,1.063239182643955,0.5576334318554824,0.32816930138465555,-0.0005708857068602534,1.0
2011-03-09,-0.0010949507466758543,1.1727220953456801e-05,9.006369058693924e-06,0.0,1.386565647751506e-05,1.120603920121586e-06,0.3691528361529858,0.3282737491177127,0.14001229053728625,-0.0011306705970856416,1.0
2011-03-10,-0.002159791503062165,2.1010655659901447e-05,7.816438241145682e-06,0.0,1.434417404970118e-05,5.76984666643419e-07,0.7392585976473574,0.6182797675282017,0.5213463435321073,-0.0022035397556795567,1.0
2011-03-11,0.004336741805315561,1.5958749051989416e-05,9.815464788061852e-06,0.0,9.657059714819346e-06,1.8978186194986239e-06,0.37418399519601386,0.6539553140649269,0.3351217859891581,0.004299412713141192,1.0
2011-03-14,-0.0019332816561487645,9.662804371785835e-06,6.643720477018795e-06,0.0,7.629338593172418e-06,3.090948285827768e-06,0.25065820130945593,0.7049774923888634,0.18569818036979843,-0.001960308467876569,1.0
2011-03-15,-0.002826351928030639,2.268038323078896e-05,4.762468375442147e-06,0.0,1.832237971725291e-05,5.584703013623899e-07,0.5685739063717721,0.6055935472922739,0.5117705366633925,-0.002872675629655485,1.0
2011-03-16,-0.010379584401089294,1.2417385860716939e-05,6.216398400419477e-06,0.0,1.0292004875409535e-05,2.3874022846140665e-07,0.39838835852824,0.6086030515395104,0.5684946931579942,-0.010408748930454301,1.0
2011-03-17,0.007471396441532968,1.2204481372493951e-05,1.2739614212268787e-05,0.0,7.778825285669897e-06,2.156067128633757e-06,0.45664850449767,0.5338039654404201,0.1715846878299488,0.0074365174535339015,1.0
2011-03-18,0.000472669099664625,1.461301875526705e-05,1.3219675037319128e-05,0.0,9.61576118147648e-06,3.7897771701273646e-06,0.5082466139236593,0.4568184975329877,-0.17986406704840954,0.000431430867520435,1.0
2011-03-21,-0.0015851038042296439,1.577026255035287e-05,3.6640781453954814e-06,0.0,1.211921716344647e-05,1.9587925075206273e-06,0.34897173612103527,0.31225736153992995,-0.01681977972353546,-0.0016186161545963594,1.0
2011-03-22,-0.0004134597793085835,1.9936276236300788e-05,1.3701936916662991e-05,0.0,1.2251968790037665e-05,5.810577107163589e-06,0.8237030878483615,0.8082580101135858,-0.1679189438898972,-0.00046516053835874853,1.0
2011-03-23,6.245023139658053e-05,1.5855339247870474e-05,6.299950511080345e-06,0.0,1.392194362188082e-05,6.10183287899915e-06,0.3940762838398696,0.8792167780631867,-0.1458911456086705,2.0271165136749737e-05,1.0
2011-03-24,-0.0007054617436016322,1.868918000593432e-05,1.0193015793438313e-05,0.0,1.449887663842141e-05,2.964689509467728e-06,0.6014790838961844,0.4187113016826822,-0.07935653590789617,-0.0007518075055488939,1.0
2011-03-25,-0.00011919527886967892,5.735253513175668e-06,2.4989067860700964e-06,0.0,5.538655268963802e-06,2.934107238006561e-06,0.16464077833644697,0.43194248404499014,-0.06098753194011203,-0.00013590220167589506,1.0
2011-03-28,0.0004314570690724349,3.31302098080915e-06,1.8102141642615468e-06,0.0,2.7149625467765875e-06,3.0014767106827136e-06,0.12244038546528871,0.4613944337797654,-0.04285365361493049,0.0004206173946699049,1.0
2011-03-29,0.0005405795652811507,8.805637946661627e-06,6.407451854609396e-06,0.0,5.3958174070695365e-06,1.1078845180635084e-06,0.35627099587932626,0.11526185130721048,-0.07086274772745892,0.0005188627735547467,1.0
2011-03-30,-0.0004583357762429963,2.424637770786248e-06,1.0332939874480696e-06,0.0,2.257836707538825e-06,1.207247570918e-06,0.09062543054086752,0.16198343262182968,-0.040834159292394236,-0.00046525879227968746,1.0
2011-03-31,0.000256477135639978,6.031925423365019e-06,2.785763324803476e-06,0.0,4.559762741513906e-06,2.236810488296408e-06,0.19511312635461658,0.33446953249491096,-0.04131462953888562,0.0002408628736619992,1.0
2011-04-01,-0.0006038286617363476,4.958948994487035e-06,3.399112352290594e-06,0.0,4.128832409301771e-06,2.3765249908428734e-06,0.11870450825556288,0.28049925582163104,-0.1187569426399717,-0.0006186920804832699,1.0
2011-04-04,-7.688704019683911e-06,6.02635659865664e-06,2.3258413790457403e-06,0.0,4.864988441703954e-06,1.6213226236116644e-06,0.20609930304748642,0.2397737348961032,-0.032608465870656425,-2.252721306270191e-05,1.0
2011-04-05,0.00022037022703606647,3.029820811840218e-06,1.95617223649793e-06,0.0,2.560545819151315e-06,1.6466049913895844e-06,0.07998879326872971,0.2099246495297708,-0.06670498902367936,0.00021117708317718742,1.0
2011-04-06,0.00043187081971435845,3.972265170578834e-06,1.8475014173533623e-06,0.0,3.0176864234330823e-06,6.210661168113227e-07,0.15659335589383921,0.0951955069930531,-0.009143600631249117,0.00042241230058618186,1.0
2011-04-07,0.00025249590782140566,4.829271459706698e-06,2.556332849214028e-06,0.0,2.7453167612813517e-06,5.996504760952321e-07,0.12778344894431531,0.09335726996699853,-0.007384010017000474,0.00024176533627510836,1.0
2011-04-08,0.00010952600638588724,4.47628435419835e-06,2.0196889609375834e-06,0.0,2.9314143074743506e-06,7.06292604645685e-07,0.07847799379802603,0.06914127622769609,-0.04951588135277898,9.939232615863127e-05,1.0
2011-04-11,0.00013226624396974891,6.20600733014272e-06,2.2860339880802173e-06,0.0,4.946608631609555e-06,7.372814796664144e-07,0.2519562798399232,0.2139126621086399,0.0900493735246823,0.00011809031254025,1.0
2011-04-12,-0.000300058681546869,3.890631354542083e-06,2.407962734214656e-06,0.0,2.3895345658427496e-06,9.740736051611874e-07,0.10770498386141333,0.21992411927576838,0.05627975360868889,-0.00030972088380662964,1.0
2011-04-13,4.141148834512642e-05,7.532474836313829e-06,5.034902376990553e-06,0.0,5.239118166999918e-06,2.10138454622605e-06,0.32341611950438337,0.42466692783640947,0.07163432407043302,2.150360841859607e-05,1.0
2011-04-14,0.0002642224285284452,4.345351396273729e-06,2.188772086427015e-06,0.0,3.1817442224088036e-06,2.299898267394823e-06,0.11180688940992504,0.44178190682118235,0.05539899789885194,0.0002522066625559408,1.0
2011-04-15,0.0010463262331324589,1.0704900419109305e-05,9.425294627539985e-06,0.0,6.7337550820328455e-06,1.1056904414183648e-06,0.5236201576316489,0.09287799707914263,-0.09287799707914263,0.0010183565925623583,1.0
2011-04-18,0.001166830067246705,4.2846321708673465e-06,2.7692614429671765e-06,0.0,3.260475160822046e-06,1.8834169028004867e-06,0.11059724977066082,0.1723174167302842,-0.14409662294019754,0.0011546322815692478,1.0
2011-04-19,-0.0007338009042208264,1.1942168798634492e-05,6.820539384190071e-06,0.0,8.064699775753788e-06,2.7801759530262694e-06,0.5159635843656821,0.4971607959497025,0.030091235841289254,-0.000763408488132431,1.0
2011-04-20,0.0012594733468622192,1.711478730799376e-05,1.978227933027666e-06,0.0,1.2401106660472123e-05,5.712990081995171e-07,0.3357569854964443,0.3913884732704187,0.2954102398928998,0.001227407925952526,1.0
2011-04-21,0.004474213445710212,1.049244142694312e-05,3.2240195556384717e-06,0.0,4.610728801842837e-06,9.913956017413632e-07,0.2288910663298292,0.5268533456673249,0.36029888457477593,0.004454894860324046,1.0
2011-04-25,0.0005719830794869306,1.1417862468794155e-05,1.8148949853818886e-05,0.0,4.522223298679297e-06,4.980748133799245e-06,0.7990915614319011,0.6390286022498362,-0.197737084228437,0.000532913295731839,1.0
2011-04-26,-0.0028493400847382894,1.4750645940160925e-05,7.352053066842592e-06,0.0,9.29262756684744e-06,2.0373196271796613e-06,0.49700084031582403,0.25259932374097266,-0.08967037362521038,-0.00288277273093932,1.0
2011-04-27,0.0006014118791201823,8.04153638826881e-06,2.473486832632324e-06,0.0,6.452498347849779e-06,2.253646593446626e-06,0.1565290250936704,0.3239334900009738,-0.05467913769805931,0.0005821907109579848,1.0
2011-04-28,-0.00038796129958310456,3.86685711243602e-06,1.5132980203470643e-06,0.0,4.3896886530021454e-06,2.1612574566519123e-06,0.07931218955249127,0.30438504005962885,-0.05870621265789236,-0.0003998924008255417,1.0
2011-04-29,-0.00036248469958429413,8.830657616742843e-06,3.127905681750953e-06,0.0,5.354180762509881e-06,1.882927307184644e-06,0.20500823377309865,0.29834637683258997,-0.01798541077443025,-0.00038168037095248245,1.0
2011-05-02,0.001429117419812649,6.973807392785387e-06,4.412913437487017e-06,0.0,5.065645842834013e-06,8.907922300227493e-07,0.26540859054736904,0.1592929053195707,0.009639810675748779,0.0014117742609095199,1.0
2011-05-03,0.0007219970705301254,6.532919672517458e-06,4.160983633796166e-06,0.0,6.125085246448324e-06,1.1523881612308047e-06,0.18285542543971053,0.1353098581245198,-0.05829135296225539,0.0007040256938161326,1.0
2011-05-04,0.0003252143586572825,6.408946848051063e-06,1.75650475109025e-06,0.0,4.222658103438165e-06,8.134491149815892e-07,0.14224221372967177,0.1463238505072158,0.009664399190308795,0.00031201279983972144,1.0
2011-05-05,0.00010491053790418904,7.780767533307361e-06,4.846817919584522e-06,0.0,4.180515187915734e-06,1.5760246476431438e-06,0.18838542062804,0.1931954293650129,-0.07157671143903527,8.652641261573828e-05,1.0
2011-05-06,0.0005115985344600994,1.2785256162691845e-05,5.707460977553167e-06,0.0,6.695360875820373e-06,2.213755902576409e-06,0.500701680516963,0.49678638717403567,0.12487539554119892,0.0004841967005414576,1.0
2011-05-09,0.0015747770153772306,8.17137566317005e-06,6.540205390103618e-06,0.0,6.365501103170265e-06,2.711554399424149e-06,0.29224273580441384,0.4278783480234116,-0.027662791079845386,0.0015509883788213626,1.0
2011-05-10,-0.0004928796913693449,1.0363323564782203e-05,2.569650886145018e-06,0.0,8.024616052507774e-06,8.331124838609016e-07,0.2934422964164437,0.2795176978952351,0.13955480060660364,-0.0005146703943566408,1.0
2011-05-11,-0.001203803523613136,1.3165787231434564e-05,8.218547725724452e-06,0.0,8.608490115876196e-06,2.260384951246784e-06,0.3459093067650835,0.36449421079197675,-0.015250461017482932,-0.0012360567336374179,1.0
2011-05-12,0.000889768521430382,1.365978676425686e-05,7.819853778772176e-06,0.0,9.715595101334057e-06,3.968573277994036e-06,0.300611551520074,0.5168880248989213,-0.14983228580407676,0.0008546047125080249,1.0
2011-05-13,0.0006298576179590451,1.2337401429208302e-05,4.899200937872357e-06,0.0,1.0791040511666672e-05,3.3324709956251334e-06,0.30249752268546143,0.46062513383171094,-0.09922999343331142,0.0005984975040846726,1.0
2011-05-16,0.0004492386983511527,1.8486572374872724e-05,7.244940188234926e-06,0.0,9.070527341110076e-06,2.7079535923103397e-06,0.5188637474606027,0.4931399717108692,0.03820376820273205,0.00041172870485462463,1.0
2011-05-17,0.00011007610207764448,6.093025397025184e-06,1.564728065871367e-06,0.0,4.0575416351459845e-06,2.154819006389938e-06,0.15468638545373792,0.4715375236874998,0.10952793061399016,9.620598797321201e-05,1.0
2011-05-18,0.0016459401874304523,8.709182869133999e-06,2.127020843633632e-06,0.0,4.280080202962569e-06,1.352719053045472e-06,0.1789197519743947,0.4128032693346672,0.1855464684230279,0.0016294711844616766,1.0
2011-05-19,0.0006488713646205103,7.051592774664694e-06,4.071136757239815e-06,0.0,4.065611606822236e-06,1.4022748755984683e-06,0.1823349245924188,0.3649622274914484,0.12938004839090578,0.0006322807486061851,1.0
2011-05-20,-0.000779557643749529,1.659786885768049e-05,1.0870235133418254e-06,0.0,9.69409871900795e-06,9.095961890533141e-07,0.2853291075363895,0.5411764102191027,0.3883642504581459,-0.0008078462310286126,1.0
2011-05-23,-0.003571319262645132,9.658089054304842e-06,5.063989085266039e-06,0.0,4.800116339070246e-06,7.421457645503864e-07,0.18187344654659202,0.4312221850383008,0.30654169659383584,-0.0035915836028883237,1.0
2011-05-24,-0.0003779111132149276,5.37387521663255e-06,1.7234925971398246e-06,0.0,2.8553560085575987e-06,1.0106107489556555e-06,0.30464992116435285,0.7111783142896814,0.5413957084651313,-0.0003888744477862132,1.0
2011-05-25,0.000531124367351475,2.0801276502773802e-05,1.1631073544803562e-05,0.0,1.2548608617880198e-05,1.8299221411490704e-06,0.4111417870641828,0.6459592181951197,0.33853229848207583,0.00048431348654486836,1.0
2011-05-26,0.001429895707408116,1.3869998931419854e-05,5.06537861035853e-06,0.0,7.308420345363955e-06,9.886923963684993e-07,0.3220702860838643,0.5435295296422489,0.37742920705234106,0.0014026632171246051,1.0
2011-05-27,0.0011695940377824936,8.474955998165404e-06,3.0636101145251014e-06,0.0,4.6629357487127405e-06,1.4172416784264349e-06,0.21097607656438416,0.6533723295337326,0.41527572755809145,0.001151975294242664,1.0
2011-05-31,0.004235179486564265,2.290618393707563e-05,2.1005381854437115e-05,0.0,9.978609929539175e-06,4.707293634608024e-06,0.8963250132416709,0.5650815716775285,-0.22574375893661952,0.004176582017208605,1.0
2011-06-01,0.005190431859714123,1.6997008713584077e-05,7.982246291416844e-06,0.0,7.991739852600371e-06,5.026056105082833e-06,0.3323203422109161,0.5434825673430536,-0.30089485831086255,0.005152434808751439,1.0
2011-06-02,0.0006901117249364176,3.154721244411336e-05,1.7105417140719197e-05,0.0,2.1312318962150534e-05,5.838967334268327e-06,1.386856223054302,1.2154201844239445,0.23447367226686572,0.0006143078090551662,1.0
2011-06-03,-0.0020726581723676013,1.4842599573370934e-05,7.431251004571232e-06,0.0,8.128882630608728e-06,5.525744411443135e-06,0.4027948571875744,1.1042028314320842,0.17587777030963742,-0.0021085866499875954,1.0
2011-06-06,0.0004877730355259489,2.870648175882333e-05,1.3012281023225668e-05,0.0,1.5392865368405017e-05,2.6337134519281373e-06,0.7294283099630652,0.5891865899358083,0.14672273001188124,0.0004280276939235667,1.0
2011-06-07,0.00016312005722280714,5.290754253902849e-06,2.9852454331084183e-06,0.0,2.061505810723107e-06,3.0051170950265885e-06,0.14956705547978294,0.6174022577943967,0.11254258582992985,0.00014977743463004617,1.0
2011-06-08,-0.001043368943416154,8.878126475320997e-06,4.0775935904580385e-06,0.0,3.453188145284403e-06,2.322600478523349e-06,0.22464259367356038,0.4582910013745404,0.06809412098261777,-0.001062100452105741,1.0
2011-06-09,0.001158071158537889,2.0308602615912208e-05,2.106289281347422e-06,0.0,1.0801558325221695e-05,5.557376305538501e-07,0.4018017612225633,0.5030366018726021,0.40967267993955525,0.0011242989706848538,1.0
2011-06-10,-0.005209637776963726,1.6963463991927613e-05,7.769351634142e-06,0.0,9.233362479192013e-06,5.381774304525786e-07,0.355882558090119,0.45634572293758696,0.3659319146215537,-0.00524414213249944,1.0
2011-06-13,0.0009913912942241664,1.180913787824149e-05,8.730934169908574e-06,0.0,6.551295142449891e-06,2.7065378340241994e-06,0.2996950048353898,0.579085505523396,0.12438714940733059,0.0009615933891995422,1.0
2011-06-14,0.0013839454240555612,1.4998049236974027e-05,9.858532247212378e-06,0.0,1.0223081172814295e-05,1.2637425300935906e-06,0.548618564526385,0.229872813529176,0.017564068473452783,0.001347602018868467,1.0
2011-06-15,-0.0009644177306454718,1.4095877523368377e-05,6.001138275325475e-06,0.0,8.993726503565994e-06,1.8578390968939285e-06,0.3193176845100498,0.3068640964602165,-0.005252871817963486,-0.0009953663120446255,1.0
2011-06-16,-0.0009768112970965051,1.5809114609203198e-05,8.766952805174637e-06,0.0,1.021825070450915e-05,3.969679929329814e-06,0.5472503272761754,0.7374780371126056,0.07057180898519695,-0.001015575295144722,1.0
2011-06-17,0.0004765499176397746,2.119312620696543e-05,9.155288325225279e-06,0.0,1.2053890213434267e-05,2.8970015214935677e-06,0.7121754770848266,0.8150896523575665,0.328393396746647,0.00043125061137265605,1.0
2011-06-20,0.002950936521826285,1.503805977317232e-05,4.363621152879791e-06,0.0,8.653388884528161e-06,1.0088475011130677e-06,0.3183398120164886,0.5787675773386117,0.40928119715161637,0.0029218726045145914,1.0
2011-06-21,0.006534830782647107,1.5869223776970082e-05,2.5219557937520187e-05,0.0,3.791409709154579e-06,6.595669123540962e-06,1.0639758281899332,0.6521522370096345,-0.45592017574524707,0.006483354922099921,1.0
2011-06-22,0.0033563755331101207,1.9738331036672907e-05,3.2293631416677736e-06,0.0,1.0874769383377571e-05,4.756166368431272e-06,0.4011392886670826,0.6264726163326296,-0.17256333356382403,0.003317776903179971,1.0
2011-06-23,0.0008487157336189355,1.8708024338821446e-05,1.2213862562528532e-05,0.0,1.0425889587801356e-05,5.43916388043502e-06,0.5787506712392203,0.6452480302809758,-0.2685315016321076,0.0008019287932493491,1.0
2011-06-24,0.0019407229557700952,1.7685739407279654e-05,7.297542054668767e-06,0.0,1.160228396199833e-05,3.95681581897114e-06,0.4454506750220325,0.45354605296154343,-0.21119900462560803,0.0019001805745271774,1.0
2011-06-27,-0.0017716194337227228,2.140208055895624e-05,7.439814963593803e-06,0.0,8.117939595657943e-06,1.8933879888903712e-06,0.7760196741035317,0.5791605014244194,0.2610713192908372,-0.001810472656829821,1.0
2011-06-28,0.0037600038986073023,2.092573476115878e-05,2.4582732510776414e-05,0.0,7.778982885720786e-06,6.924490266234004e-06,1.0661290429916526,0.6614165307749428,-0.50189783395237,0.0036997919581834124,1.0
2011-06-29,-0.0032833517128515485,1.3564629037866952e-05,3.008960901198077e-06,0.0,7.348584938440862e-06,6.399538238491138e-06,0.36081495693950427,0.7903620062677654,-0.2847604177987457,-0.0033136734259675456,1.0
2011-06-30,-0.002272132201801697,1.1644189662180591e-05,2.6414622515538706e-06,0.0,5.200369508591925e-06,6.476239790856226e-06,0.20810934773141027,0.8581946178386889,-0.22981366702515707,-0.0022980944630148796,1.0
2011-07-01,-0.004162906356219313,1.702474184032682e-05,5.2736254141770204e-06,0.0,9.799368984071183e-06,6.949411855521254e-06,0.3952868162702542,1.0349776431415214,-0.13252354858604914,-0.004201953504313409,1.0
2011-07-05,-0.002033627037370041,1.1447816973155348e-05,5.414993624512773e-06,0.0,5.30243056530742e-06,5.995607406264988e-06,0.3186847381538672,0.9270214577395673,-0.08024058651295043,-0.002061787885939282,1.0
2011-07-06,0.0004620047994449459,5.568074134516893e-06,3.5976535532075225e-06,0.0,2.5574526698057526e-06,5.0254616271733845e-06,0.1941002751985113,0.7505286484771095,-0.09374890488801912,0.0004452561574602424,1.0
2011-07-07,0.000656081492403537,1.138594481139976e-05,6.401979790681966e-06,0.0,6.383220583718154e-06,3.7299948585122987e-06,0.3274299843630868,0.5175420765093492,-0.10909705972071687,0.0006281803523592248,1.0
2011-07-08,9.799793769954459e-05,6.843541938374706e-06,3.913832836139712e-06,0.0,2.856240980289854e-06,2.7003434218232894e-06,0.26549678661958415,0.39513216290416703,-0.05852553196214565,8.168397852291703e-05,1.0
2011-07-11,0.0015602794085099988,9.89106145931908e-06,5.691352593044276e-06,0.0,3.925406477006449e-06,2.4351560777281894e-06,0.20051465814024222,0.24318615972657007,-0.1659200613317657,0.0015383364319029008,1.0
2011-07-12,0.0005682675706554862,1.8022567475374008e-05,8.91224855122611e-06,0.0,6.067695456313122e-06,2.4563987107532796e-06,0.9104319247697978,0.7562262530778641,0.3435512696713131,0.0005328086604618196,1.0
2011-07-13,0.0016651256115614754,1.2490969714950373e-05,9.245408208454647e-06,0.0,5.957876508938149e-06,5.068078830172506e-06,0.29337600404549513,0.9440413138841081,0.09260407041512692,0.0016323632782989598,1.0
2011-07-14,-0.0010738244294860994,2.213715909011868e-05,1.1224651475019337e-05,0.0,8.473231528585493e-06,9.910301105184304e-07,0.7258225947160544,0.2232709974866018,0.05677793891950552,-0.0011166505016903412,1.0
2011-07-15,0.0006746967202416246,5.0218498162198646e-06,2.189829771146584e-06,0.0,2.3643109106337906e-06,4.3416226046884206e-07,0.14300812267990196,0.11985746048195148,0.04691820072318602,0.0006646865674831556,1.0
2011-07-18,-0.0005906425942983944,7.231841054664832e-06,5.1538229412775445e-06,0.0,4.569338434838049e-06,2.1960577032114622e-06,0.1612577199281093,0.27927309253847665,-0.08966460160104893,-0.0006097936544323863,1.0
2011-07-19,-0.001279667222337759,7.0837228721208144e-06,1.9713415471887745e-06,0.0,4.167767265370506e-06,1.1388631388606409e-06,0.19170904462664543,0.1886145843094303,-0.0027144230191573776,-0.0012940289171612998,1.0
2011-07-20,-0.0004507045025199574,1.0288003758299521e-05,7.288413844801551e-06,0.0,4.191006659750005e-06,2.9401546613004964e-06,0.4365561514717804,0.38777737573125726,-0.10616860736722619,-0.000475412081444109,1.0
2011-07-21,-0.0018366649031142587,9.816267112498777e-06,2.980159619575649e-06,0.0,3.488373067416233e-06,3.058224749551746e-06,0.16414289913179847,0.41434178237063585,-0.09943997555405759,-0.0018560079276633012,1.0
2011-07-22,0.0012085307087097725,1.5458639103010304e-05,7.197620104634462e-06,0.0,5.75756417880444e-06,3.824845038076596e-06,0.38682832449524734,0.5177019987483835,-0.1248719676484847,0.0011762920402852467,1.0
2011-07-25,0.00021215879842589858,6.194853093956507e-06,1.6374991642865347e-06,0.0,3.6519880239273217e-06,3.4445256893128352e-06,0.15945900730545226,0.5294048444625633,-0.04927547134199306,0.00019722993245441538,1.0
2011-07-26,-0.0005264832841829277,1.2997154660902682e-05,8.302541021661842e-06,0.0,6.694318679061848e-06,3.030941184670518e-06,0.2960347628752423,0.2796732619208559,-0.22952485710379114,-0.0005575082397292246,1.0
2011-07-27,0.004990933716740375,4.182159222046572e-06,2.16367899140379e-06,0.0,2.0928994447508113e-06,3.5004001161776965e-06,0.11577241054295814,0.35445547491235546,-0.2336117446054975,0.004978994578965996,1.0
2011-07-28,0.0009152540860703658,1.5118475134441138e-05,9.006709697995829e-06,0.0,6.334846661020543e-06,6.177101813465984e-06,0.25032804826595245,0.589265521627524,-0.44848758303476133,0.0008786169527634423,1.0
2011-07-29,0.0024190384240917445,1.2307707891121927e-05,5.421380833740436e-06,0.0,4.318907681541489e-06,4.415108642639316e-06,0.7696790091531936,0.8551344194359087,0.11339616747250358,0.002392575319042701,1.0
2011-08-01,0.0005238233784326454,2.15999411407985e-05,9.220824757377199e-06,0.0,8.285627701785221e-06,1.5907960341347884e-06,0.5795792477257073,0.3399601426062263,0.07270640887158185,0.0004831261887985497,1.0
2011-08-02,-0.0013868930061817634,9.931115745937901e-06,2.1327079492131277e-06,0.0,3.208155194940434e-06,1.259484975946498e-06,0.45148859553549403,0.6743167388804941,0.4627232629214825,-0.0014034244700478014,1.0
2011-08-03,0.003246953121416703,2.1459531389270076e-05,1.4273305496424975e-05,0.0,1.124304150939134e-05,5.034245007958402e-06,0.4568935666234983,0.9544685246264228,0.10871536328941162,0.0031949429980136584,1.0
2011-08-04,-0.0051150283926635065,8.386465651130518e-06,1.8105465744763426e-06,0.0,3.4787452299118618e-06,4.228451815716953e-06,0.2852198984166233,1.033736124822483,0.32335621978203477,-0.005132932601934742,1.0
2011-08-05,-8.876608780564188e-05,2.5342101847844637e-05,1.4147418165670222e-05,0.0,9.889290124092078e-06,3.5857382771097154e-06,0.7209327651687799,0.7005063035051875,0.09810227295075528,-0.00014173063622035853,1.0
2011-08-08,-0.007584312103707709,8.366229069832016e-06,2.270854460216521e-06,0.0,3.1693280047144975e-06,2.8921356178980427e-06,0.2797456570534427,0.7567108429500329,0.2708320591431617,-0.00760101065086037,1.0
2011-08-09,0.014901652826236208,2.2108978149220074e-05,2.1537714650115724e-05,0.0,9.859234602771681e-06,4.622036364455444e-06,0.8841426167778033,0.4685779319971047,-0.30792417723140986,0.014843524862469645,1.0
2011-08-10,0.013644435046386488,1.0801507873707842e-05,1.6706055513368496e-06,0.0,3.884486910652969e-06,2.0071881092069797e-06,0.48565397730312176,0.5014483326902969,0.1642407303435243,0.013626071257941583,1.0
2011-08-11,0.006829527542494299,1.8664913624131233e-05,3.077414396995762e-06,0.0,8.832229410246021e-06,5.652404236583616e-07,0.40549251467376,0.5477479115623454,0.45278752038774056,0.006798387744639267,1.0
2011-08-12,0.002803905980856725,7.557512153881014e-06,5.145327104041246e-06,0.0,3.7857739156408704e-06,7.923361132152406e-07,0.18290872867869112,0.46131574619660487,0.32820327917644443,0.0027866250315699468,1.0
2011-08-15,0.006905252353065034,7.299796108608136e-06,4.459434366648338e-06,0.0,3.7376309502139006e-06,1.0107129949864773e-06,0.17891606988223208,0.4164071802621565,0.2466073971044283,0.006888744778644577,1.0
2011-08-16,-0.0019857159979452844,1.44290372896857e-05,1.2126733441817438e-05,0.0,5.7805484678328245e-06,2.220334294585025e-06,0.6101989831875789,0.36568813302265624,-0.0073280284676279575,-0.0020202726514392056,1.0
2011-08-17,-5.3524651797172494e-05,4.009261630208893e-06,2.4830793154188006e-06,0.0,1.1304068945685449e-06,1.964687325982932e-06,0.1068111663327625,0.29698195789329795,-0.033085512871834574,-6.311208696335167e-05,1.0
2011-08-18,0.0012905371128801076,1.616476982170321e-05,1.1826021780376547e-05,0.0,8.074452490151887e-06,4.4577315886991015e-06,0.3742598863841502,0.39639405730973326,-0.3525048495917159,0.001250014137199177,1.0
2011-08-19,0.0043693233610281905,8.550780714161448e-06,1.3595932348078171e-06,0.0,1.8086070341925482e-06,2.5698683000631064e-06,0.4633409583009419,0.536365653063549,0.10462777865294708,0.004355034511744966,1.0
2011-08-22,-0.00037314690322680523,5.136909940808384e-06,2.3857189191851775e-06,0.0,1.6301919011315783e-06,2.8304497536464145e-06,0.12419679032801083,0.5648543576696423,0.0893387990570446,-0.0003851301737415768,1.0
2011-08-23,0.0034003736837397687,1.481046280519442e-05,1.4605729792055656e-05,0.0,5.319163541182537e-06,4.1649138738859435e-06,0.6200145633729832,0.3859448262693653,-0.31376070454347327,0.00336147341372745,1.0
2011-08-24,-0.004494097050039664,9.117429793650457e-06,1.257880816902618e-06,0.0,5.092483046237726e-06,2.9435638707446712e-06,0.21440412703555328,0.3473446712529566,-0.14717405903214817,-0.0045125084075672,1.0
2011-08-25,0.002445410492743423,1.0612663155907991e-05,2.9565858156065867e-06,0.0,4.9867360070025825e-06,2.5546312448700522e-06,0.24283451618191537,0.3691408101281791,-0.06003723900998966,0.002424299876520036,1.0
2011-08-26,-0.0008345885304933646,4.580972820793352e-06,2.721598229874431e-06,0.0,1.7242685110338015e-06,1.9442645374007975e-06,0.15547124428333906,0.2667253350205139,-0.05991110726282008,-0.000845559634592467,1.0
2011-08-29,-0.0014644700493352386,3.880184253607544e-06,1.6945215090257073e-06,0.0,1.513659239780133e-06,1.9125773714270506e-06,0.07475166006049352,0.2480503000845966,-0.0732626983151478,-0.0014734709917090792,1.0
2011-08-30,-0.0005670651101326065,7.289321070639913e-06,1.257232120144434e-06,0.0,2.713882712575721e-06,1.9444551139759385e-06,0.17895302582281575,0.3753932050078292,0.04872474585987144,-0.0005802700011499426,1.0
2011-08-31,0.0006927026020507711,2.2080832529616677e-06,2.8371746552683216e-06,0.0,5.561300530739565e-07,2.731173838359504e-06,0.10962246359569823,0.41509307631488873,-0.043744128529507875,0.0006843700402511077,1.0
2011-09-01,1.8764006288741336e-05,7.476408583164066e-06,4.470816295925393e-06,0.0,2.374011617948975e-06,9.516847266941584e-07,0.2776156573923346,0.15208827012167314,-0.0077947639629454835,3.4910850650087455e-06,1.0
2011-09-02,0.00013097142851708642,3.127412740698313e-06,9.96148545593962e-07,0.0,1.1191641600742808e-06,8.566107830163479e-07,0.06752241456473358,0.1557548900239736,0.011844278477227167,0.00012487209228770351,1.0
2011-09-06,-0.0003868140004622422,8.601640848545704e-06,6.371543764633596e-06,0.0,4.299697685277734e-06,2.4519550209372334e-06,0.1954336599520924,0.24438643686921618,-0.16754200664823896,-0.00040853883778163645,1.0
2011-09-07,-0.0050364175509322855,6.64457272840608e-06,2.792619716748087e-06,0.0,2.0510974562729418e-06,1.7480323268209492e-06,0.2947311464412089,0.28790841883832435,-0.005761012067595134,-0.005049653873160534,1.0
2011-09-08,-3.083822482041125e-05,7.728401894778436e-06,1.0081916399819846e-06,0.0,3.321841957881551e-06,8.545659166680953e-07,0.17411601668167015,0.2757310189656029,0.13216394496536293,-4.375122622972131e-05,1.0
2011-09-09,-0.0039006706412780087,4.037613891091402e-06,1.5394067357766216e-06,0.0,1.3635199958617467e-06,5.78811692056711e-07,0.07358046667698573,0.22108771396046067,0.12384734969493323,-0.003908189993592795,1.0
2011-09-12,0.0007059307677779869,8.56241465267623e-06,5.581621401677152e-06,0.0,3.5903943727845942e-06,1.789872117679498e-06,0.19966187512786604,0.29628387345385077,-0.004414642316304861,0.0006864064652331695,1.0
2011-09-13,-0.00032080815147397454,2.799580573592188e-06,9.301794075308372e-07,0.0,8.422607145342451e-07,1.1722042632659091e-06,0.08847940313185104,0.22356292849821746,0.026632612269544748,-0.00032655237643289774,1.0
2011-09-14,0.0005840414668323872,1.043680053918117e-05,1.1304453973440847e-06,0.0,4.610626664930683e-06,2.22833454384157e-07,0.22281226100858875,0.25518976965474965,0.2177537493182113,0.0005676407607765471,1.0
2011-09-15,0.003619949660740459,1.0985898728737478e-06,8.65087215231342e-07,0.0,4.1364915405689563e-07,3.5813502225091863e-07,0.028257914656063768,0.25722350787117976,0.1970568241330254,0.003617214199476046,1.0
2011-09-16,0.0005825220632735316,4.280418742009877e-06,1.717330266852158e-06,0.0,1.4874263756309155e-06,5.390898591257571e-07,0.09392415596840886,0.2851991183327954,0.19463202199966817,0.000574497798029913,1.0
2011-09-19,-0.0023399961191332926,6.475134151780816e-06,7.423735018464064e-06,0.0,1.3147984817983637e-06,1.6647848011972957e-06,0.31346310741845096,0.2503063332881511,-0.029377513312994555,-0.002356874571586533,1.0
2011-09-20,-9.048272486293272e-05,5.310702444981411e-06,2.9013564358061233e-06,0.0,1.7236928944733775e-06,1.393415037462691e-06,0.10324585489620502,0.15325439209250036,-0.08083933420123171,-0.00010181189167565632,1.0
2011-09-21,0.0023593155169942567,4.679370588800346e-06,1.4627391857658903e-06,0.0,7.953358093279507e-07,7.969670594013864e-08,0.29046352851951707,0.17898763941696524,0.16559859281902198,0.0023522983747044225,1.0
2011-09-22,-0.0055835146290260824,9.026342118931698e-06,6.238662923823396e-06,0.0,3.28664205888683e-06,1.986503221746969e-06,0.17897443266853735,0.32139728631079123,-0.012335254942699492,-0.005604052779349471,1.0
2011-09-23,0.0001550734468259858,3.006677013482402e-06,9.050997904461745e-07,0.0,8.250723328691028e-07,1.912796446610622e-06,0.09969434990334765,0.3685641644122545,0.047214361381670025,0.0001484238012425775,1.0
2011-09-26,0.0010035168234364556,6.2049533786975214e-06,2.2162372240741565e-06,0.0,2.3257972415117403e-06,1.6082033012969568e-06,0.13156225312417047,0.33280484622660006,0.06262669160871134,0.0009911616322908752,1.0
2011-09-27,0.0010255557718821537,5.30956110259343e-06,9.195742859856706e-07,0.0,2.2061340423992705e-06,9.334167744697135e-07,0.11851901659554234,0.29764809465825837,0.14083407654734645,0.0010161870856767057,1.0
2011-09-28,-0.0030530110050047948,9.76470739731721e-06,7.898437396025764e-06,0.0,3.2876086934244048e-06,1.73015343471164e-06,0.4277231840533575,0.2705417052865535,-0.020124071745001977,-0.003075691911926274,1.0
2011-09-29,3.942306948386703e-05,7.5922464388511114e-06,5.425573066387891e-06,0.0,3.1122614875753217e-06,2.6206124492883848e-06,0.17014548067353139,0.27269246118015694,-0.16757043030029173,2.0672376041764318e-05,1.0
2011-09-30,0.003746392813048881,8.052758522648387e-06,2.0284498894861172e-06,0.0,2.7766110531148255e-06,4.62513880905025e-07,0.35985309638391516,0.21198987363326013,0.13428754164121598,0.003733072479702727,1.0
2011-10-03,-0.004218011813424806,3.1531789713380168e-06,1.033599765508283e-06,0.0,6.655447184699461e-07,5.089195161483136e-07,0.06930831146195764,0.23721917781831214,0.15172069910539543,-0.00422337305639627,1.0
2011-10-04,0.0037144943176475897,6.2962774200261166e-06,4.653911792802959e-06,0.0,2.872569067944371e-06,1.7223030777174105e-06,0.15966251674249093,0.32025976735787154,0.030912850301346585,0.003698949256289099,1.0
2011-10-05,0.0008361917696261107,3.6021608466353997e-06,6.149057897257114e-07,0.0,1.0951826908483977e-06,1.0404847473142192e-06,0.08713818164554583,0.27012310064568146,0.09532166309689263,0.0008298390355515869,1.0
2011-10-06,0.0013747954377241467,3.2839302416129862e-06,1.5044415169950037e-06,0.0,1.3428402276971744e-06,9.000659591946769e-07,0.07610126314071847,0.24074863234649185,0.08953755120178614,0.001367764159778647,1.0
2011-10-07,-0.0004927893626959671,1.0552007060984247e-05,7.397916978108724e-06,0.0,3.746673779010278e-06,1.7771314623692575e-06,0.43312342939889376,0.2830968391645745,-0.015461246513460751,-0.0005162630919764396,1.0
2011-10-10,-0.0005560743604696669,3.298390083806585e-06,2.6371436298005134e-06,0.0,1.012776213951916e-06,2.2457031473651314e-06,0.08790262893746056,0.28667360485228666,-0.0906045239050554,-0.000565268373544591,1.0
2011-10-11,-0.00015583059226934243,3.6235850009852977e-06,1.4425464016011753e-06,0.0,9.71888165077374e-07,1.709788180336206e-06,0.11435844725421351,0.23199204443895832,-0.05525236985752434,-0.0001635784000173425,1.0
2011-10-12,-0.0002876199941558153,2.619633972195412e-06,3.827493317222294e-07,0.0,8.033546768388342e-07,1.7162469042264683e-06,0.06209292593840703,0.28036274167199754,-0.00796673823804913,-0.00029314197904079827,1.0
2011-10-13,-0.00032461428763026735,4.4519929783809374e-06,2.986615151843314e-06,0.0,1.3410710234887556e-06,1.2479491828766857e-06,0.12940100927688525,0.1604892364197058,-0.04916622630357745,-0.00033464191596685705,1.0
2011-10-14,-0.0008976256549430749,1.1273797186293536e-06,6.52560505456719e-07,0.0,3.5758148922041455e-07,1.3138776299646592e-06,0.027566850706648636,0.1604915402659453,-0.06023990156811743,-0.000901077054286346,1.0
2011-10-17,0.0012313304403861964,5.29441263109334e-06,1.2041256393700113e-06,0.0,1.3342436940835685e-06,1.508298621241066e-07,0.20307724575866493,0.13165225189243834,0.10631283505558847,0.0012233468285595254,1.0
2011-10-18,0.002026381764637427,1.876308888373177e-06,1.037153645246716e-06,0.0,4.694542764774754e-07,2.1144344039461958e-07,0.03520740884129113,0.12325061137033229,0.08772811338403619,0.002022787404386935,1.0
2011-10-19,-0.0011860594818397354,2.2616926189464903e-06,8.793158970465959e-07,0.0,7.564516344572954e-07,1.4911789003096482e-07,0.042867243951442896,0.11243092968258181,0.08737912415737972,-0.0011901060598802167,1.0
2011-10-20,0.0004991821927780311,2.735993535071909e-06,1.5629075709069633e-06,0.0,9.004641142778518e-07,3.623343764998373e-07,0.05809173772028567,0.11892072657956337,0.05804855132759071,0.0004936204931812745,1.0
2011-10-21,0.001100883263211618,3.945436369915894e-06,4.139236726136693e-06,0.0,1.274694055100905e-06,1.129185138211516e-06,0.1707582934888175,0.1253175227554213,-0.06438558046411337,0.001090394710922253,1.0
2011-10-24,-0.0006823727142029565,1.5329526730273214e-06,2.727014833440825e-07,0.0,6.389147291628103e-07,7.022075095963628e-07,0.04690602791184994,0.08800053327413254,-0.029970328338056403,-0.0006855194905980871,1.0
2011-10-25,0.0005274475101972851,2.4184926387420394e-06,1.0451858828621885e-06,0.0,6.32409404343348e-07,1.0371474538763556e-06,0.0814975051666873,0.1529003491452255,-0.02134042310600226,0.0005223142748174612,1.0
2011-10-26,-0.00019332658176370582,3.3273450580711453e-06,1.2676135754408291e-06,0.0,9.083967881366845e-07,7.60894569256459e-07,0.08665634580245869,0.1345401243979118,0.006709836762826677,-0.00019959083175461094,1.0
2011-10-27,0.0009457478177786861,3.295134934535748e-06,1.5864964570394e-06,0.0,1.387798583384346e-06,9.914068263319564e-07,0.07428740216909464,0.15820823949231838,-0.00834810733145025,0.0009384869809773946,1.0
2011-10-28,0.0002884122791948882,1.9771707515933997e-06,1.1178332818508692e-06,0.0,8.313713045001122e-07,9.66154426285839e-07,0.05297160215687689,0.14044412152537317,-0.021869822090647785,0.00028351974943065803,1.0
2011-10-31,0.00048059047236510117,3.617432211100896e-06,6.66495886001266e-07,0.0,1.2786660765801074e-06,3.450297677698375e-07,0.11533366980437226,0.1289762029447723,0.0710112019594396,0.0004746828484236491,1.0
2011-11-01,-0.0019907887259407895,3.624174569514671e-06,1.7523959792366852e-06,0.0,1.2074739647422066e-06,2.21845815866212e-07,0.07810496639393302,0.08576279537535662,0.04849269830983301,-0.001997594616270149,1.0
2011-11-02,0.0009364709563375694,5.028956304285091e-06,3.238461469336361e-06,0.0,1.3341637431080504e-06,7.260833874929673e-07,0.23203469702660345,0.23318082849678246,0.11119881939796397,0.0009261432914333469,1.0
2011-11-03,0.0025732075180664735,2.804675126030096e-06,1.1861734112816143e-06,0.0,7.893642959955091e-07,7.064494206294569e-07,0.052906537135382334,0.22079575498703446,0.10211225232128572,0.0025677208558125366,1.0
2011-11-04,-0.0006096562478034137,2.9366660602294124e-06,1.180645614598335e-06,0.0,9.280449567707178e-07,6.557710546615183e-07,0.06112911260654169,0.20741426497017212,0.09724472778703705,-0.0006153573754896737,1.0
2011-11-07,0.0006971015284110802,6.072118640533541e-06,6.636252285823159e-06,0.0,1.8107516321537837e-06,1.4680124234089922e-06,0.3439641351089578,0.19121609098997122,-0.055409996142739504,0.0006811143934291607,1.0
2011-11-08,-0.0007763357679926772,2.5180986028132324e-06,1.4748581289222855e-06,0.0,7.530034162848926e-07,1.0332383254188766e-06,0.0871215532523266,0.12066945214198035,-0.0529145865283909,-0.0007821149664661165,1.0
2011-11-09,0.0020558325447333024,1.5740537692665422e-06,1.0485304662023763e-06,0.0,4.438201691135543e-07,1.096835804489535e-06,0.03612238018280272,0.10946992099942432,-0.07479849415481757,0.0020516693045242304,1.0
2011-11-10,-0.0006484280034631708,5.842184655881066e-06,2.7323731399368345e-06,0.0,1.0870237391122947e-06,8.301947275887484e-07,0.25791189034384576,0.20644931404155295,0.06697659980664325,-0.0006589197797256897,1.0
2011-11-11,0.0012405530887418016,3.5954604775831155e-06,3.328353910391823e-06,0.0,1.0154362477343368e-06,1.0279565122297953e-06,0.1411054558771579,0.1503750252820104,-0.02232166877259522,0.0012315858815938625,1.0
2011-11-14,0.00029138048982218384,4.323228473848912e-06,6.613001410034239e-07,0.0,1.1899650147677201e-06,4.1237193937305583e-07,0.0852035494107693,0.10224817612117894,0.03296969030650557,0.00028479362425319073,1.0
2011-11-15,0.00021575945731303728,3.2052075713020772e-06,7.47796084233007e-07,0.0,1.0661711847058594e-06,4.127773215223133e-07,0.06491177566108167,0.13307689738179446,0.06373030736604583,0.00021032750515127404,1.0
2011-11-16,-0.0008140745829717222,2.3602021114284877e-06,8.245234054959383e-07,0.0,5.545230595314898e-07,2.3106112137968693e-07,0.0469175915504304,0.10394204230777458,0.06512377391598717,-0.0008180448926695578,1.0
2011-11-17,-0.0012606151153225055,6.951771037114213e-06,5.315061953154845e-06,0.0,2.9678842970831643e-06,1.7039046889105708e-06,0.1753651702989837,0.20642329519089936,-0.07983269254607651,-0.0012775537372987683,1.0
2011-11-18,-0.0003650680380244732,2.986129581069921e-06,9.96535972629885e-07,0.0,1.0962283611743438e-06,1.7486241507825e-06,0.04234564798501654,0.21708348548049217,-0.07668537185096783,-0.00037189555609012985,1.0
2011-11-21,0.0015641770765803316,3.420614815855992e-06,6.930774060025462e-07,0.0,7.730429601942313e-07,1.3951858042310716e-06,0.1699696240178829,0.3133097198941161,0.07891850478329605,0.0015578951555940477,1.0
2011-11-22,0.00014816160721255927,5.730285782116772e-06,3.0801956244703802e-06,0.0,1.7108100701601476e-06,8.563188401692915e-07,0.17066585968964793,0.19427263945024992,0.05041107430180895,0.00013678399689564266,1.0
2011-11-23,-0.0008375621798246905,1.8344811447013267e-06,2.3064502183140112e-07,0.0,4.706603157818564e-07,7.168425028145069e-07,0.05790666265846664,0.22272946021697704,0.10229991974413993,-0.0008408148088098196,1.0
2011-11-28,0.0027999603618563233,6.3355098192122765e-06,8.424077152667538e-06,0.0,1.1553654656136211e-06,2.182009711024571e-06,0.34899332678311057,0.20094269034251944,-0.1656349411096085,0.0027818633997078054,1.0
2011-11-29,-0.0002867783637037179,5.401838299151857e-06,7.660832938396043e-07,0.0,2.081730189492642e-06,2.198091456940118e-06,0.10422711087845238,0.2768087999492721,-0.0924705648166677,-0.00029722610694314216,1.0
2011-11-30,-0.002707391227833736,2.2570585355683604e-06,1.0633589343639471e-06,0.0,6.76637850488032e-07,2.2115227528841324e-06,0.054351020947770175,0.27337573937378123,-0.09816008311075296,-0.002713599805907041,1.0
2011-12-01,-0.00021278506365961111,6.636624498642522e-06,2.4518732569527856e-06,0.0,3.255638136450606e-06,2.435978728213743e-06,0.20368105764085495,0.36968535433567634,-0.03955907200423238,-0.00022756517827987079,1.0
2011-12-02,0.00013546019829616633,7.872119034951091e-07,4.365778770905817e-07,0.0,3.303860079977534e-07,2.4645359331756955e-06,0.01934425955270094,0.36757615737140636,-0.04646587940211043,0.0001314414865744072,1.0
2011-12-05,0.0002724250057366249,9.224623319943446e-06,5.75584734315737e-06,0.0,4.277402228718271e-06,8.834644419627272e-07,0.30358567814610127,0.08001281453537715,-0.06840921171436098,0.00025228366840284307,1.0
2011-12-06,-3.895067708597781e-06,7.846820028070019e-07,3.0114685045919115e-07,0.0,2.4028048894590647e-07,8.691730064933434e-07,0.020839264624606668,0.08561805297100075,-0.060403012119880944,-6.090350057303224e-06,1.0
2011-12-07,-0.0002156487200909672,7.506061318745713e-07,8.328435465392646e-08,0.0,1.7001469941010773e-07,8.712381407891495e-07,0.015723933560159383,0.09835093491357705,-0.04801707273900005,-0.00021752386341769494,1.0
2011-12-08,0.0010708710400662283,2.9911208408016128e-06,7.817247841723948e-07,0.0,3.4363722917477713e-07,5.1053052328485045e-08,0.23458039775893003,0.18459376279240633,0.17601685000122083,0.001066703504159751,1.0
2011-12-09,0.002955908104244384,2.5241951409523412e-06,1.4899829664023004e-06,0.0,7.757343961163364e-07,2.793905191526517e-07,0.05991067801594484,0.20149805632654605,0.15456044910890057,0.0029508388012217603,1.0
2011-12-12,-0.0023072975685847798,1.4041780824688854e-06,4.9728401594649e-07,0.0,4.5318295499457297e-07,2.848458455370322e-07,0.03142972320960681,0.20391671510815892,0.15606261305793753,-0.0023099370594837267,1.0
2011-12-13,-0.001491207150394746,4.024618907341107e-06,2.5378240646346387e-06,0.0,1.4259885403069284e-06,7.963693923967934e-07,0.08032672062468385,0.2281155011125642,0.09432544318990294,-0.0014999919512994255,1.0
2011-12-14,-0.0009993275241724914,3.0380460895469323e-06,6.44661620630953e-07,0.0,1.2705574141504064e-06,5.313146909681437e-07,0.05757584535662283,0.20962032872971814,0.12035946064707001,-0.0010048121039877879,1.0
2011-12-15,0.0006223241079925379,3.5048924399404114e-06,1.91181796324257e-06,0.0,1.063113948778373e-06,9.028851162095687e-07,0.09111629997147015,0.24837876729268554,0.09669406776947799,0.000614941398524367,1.0
2011-12-16,3.421784793683091e-05,3.630635078606963e-06,2.8523172415016705e-06,0.0,1.3562445553432086e-06,9.587381433355155e-07,0.12350271522805252,0.19769284492060218,0.03662483684023558,2.5419912918043554e-05,1.0
2011-12-19,-0.0004425610250166608,1.9804557236040297e-06,4.033633365101497e-07,0.0,5.913596593910963e-07,5.384551016300941e-07,0.0480120337414876,0.15717332347838048,0.06671286640452466,-0.00044607465883779614,1.0
2011-12-20,0.0019116659623668794,1.6105417913611432e-06,3.395763904170859e-07,0.0,6.715189240277125e-07,4.1482080656182813e-07,0.032927411765084014,0.1532139657291386,0.08352407022675144,0.0019086295044545116,1.0
2011-12-21,-9.4231480418192e-05,6.5371076729982516e-06,1.8655215494768394e-06,0.0,2.661681172912525e-06,8.58755865095479e-07,0.13800570369626677,0.2667081363110284,0.12243715097498799,-0.0001061545466786751,1.0
2011-12-22,0.002131044449201702,2.5129269006261e-06,7.163883130524926e-07,0.0,7.079398451696121e-07,5.313200383757371e-07,0.060925416872435495,0.24037298220741277,0.15111121576028896,0.002126575874104478,1.0
2011-12-23,0.0013305160559823697,9.492406362395937e-06,8.335698472520088e-06,0.0,3.00288664663318e-06,1.522087520618324e-06,0.3669735141573108,0.195386161954757,-0.06032454150912139,0.0013081629769802021,1.0
2011-12-27,-0.00013072004352738338,2.2713932838556615e-06,1.0161269365385272e-06,0.0,7.99763410697638e-07,1.319315445346526e-06,0.0664342608568668,0.17340622753728002,-0.048238767280936366,-0.00013612664260382172,1.0
2011-12-28,0.0005714051210829236,1.391072312455628e-06,8.375056477276796e-07,0.0,4.730299734898811e-07,1.2672383686348865e-06,0.02763356659193547,0.14585777374184375,-0.06703827218881717,0.0005674362747806155,1.0
2011-12-29,-0.000602576785683203,2.4359569743652593e-06,1.4806561379300823e-06,0.0,4.223722070947071e-07,1.80375388615454e-07,0.1967441730234314,0.08890755119489768,0.058604485907501405,-0.0006070961463912085,1.0
2011-12-30,-0.000273167683092016,2.54490068435561e-06,5.745492077935486e-07,0.0,1.1084020073095525e-06,1.567548033801303e-07,0.06245346721260078,0.12400405716882656,0.09766925020096467,-0.00027755228979485486,1.0
2012-01-03,0.001509465326605358,5.295472362508325e-06,1.1167972494524872e-06,0.0,2.7180873360184463e-06,1.9701259758938007e-07,0.1395463611417461,0.22219782794469708,0.18909971154968125,0.0015001379570597894,1.0
2012-01-04,0.00012372054955222349,5.70505469564403e-06,7.391185855489638e-06,0.0,1.1965951254261686e-06,2.4260014962699863e-06,0.3413651557784795,0.37867657915170716,-0.02889167222165047,0.00010700171237939366,1.0
2012-01-05,-0.0005495775494411293,2.188653149149963e-06,1.4100123369480248e-06,0.0,1.036103820778226e-06,2.693077309250179e-06,0.059993664227964365,0.3978181579593251,-0.054618829994704826,-0.0005569053960572557,1.0
2012-01-06,0.0003603417718230711,8.048573256689747e-06,5.233197387911421e-06,0.0,2.837583933979811e-06,7.168175129405049e-07,0.31057195753720085,0.08798642736890933,-0.03243891480509549,0.0003435055997315496,1.0
2012-01-09,-8.17736494338887e-06,1.0146492721187727e-06,6.485569508265499e-07,0.0,9.529864236407402e-07,7.349088188207963e-07,0.02512465678125144,0.07639130423255286,-0.047073377329340936,-1.1528466408795729e-05,1.0
2012-01-10,-0.0003997515816128264,1.0870564238386157e-06,4.1078369272925553e-07,0.0,4.840114490174149e-07,7.658154736886691e-07,0.029582889596784415,0.08566071315740842,-0.04299628642228797,-0.0004024992486521004,1.0
2012-01-11,1.4295118893639286e-05,1.2934739483177093e-06,4.269271688601381e-07,0.0,5.629233100463788e-07,8.347795218271761e-07,0.0447663947308194,0.11845289238169912,-0.021790067285266477,1.1177014944587883e-05,1.0
2012-01-12,-7.940714013186096e-06,1.809542702128288e-06,5.698883134568636e-07,0.0,9.6252899730556e-07,9.391473126021153e-07,0.049075276075023364,0.1551450130733124,-0.002631735443842955,-1.2221821338678924e-05,1.0
2012-01-13,0.00017012739684736303,3.7155930552755017e-06,2.0238751344909894e-06,0.0,1.429007200331693e-06,8.078225131820303e-07,0.09073987258733482,0.10909455137185178,-0.0266196308427293,0.00016215109894408283,1.0
2012-01-17,-0.000351706215707718,3.7338946492321373e-06,1.3092143226563567e-06,0.0,1.0991094149306908e-06,2.1847755587356843e-07,0.14701986027031727,0.09062040098832949,0.053916171601569994,-0.00035806691165041074,1.0
2012-01-18,0.0009860542350029887,2.2594807505978485e-06,9.312497120557486e-07,0.0,8.24261832869236e-07,2.960135163822798e-07,0.04378381145025538,0.10153254878715866,0.05180227803493565,0.0009817432291910836,1.0
2012-01-19,0.0005057794881600608,4.586671691800056e-06,1.5168126027359691e-06,0.0,1.7940669885856392e-06,3.434895999717065e-07,0.0925450400467048,0.12429828688674868,0.06659203409150201,0.0004975384472769675,1.0
2012-01-20,0.00013062964012325098,4.262650415610264e-06,1.1536632275442055e-06,0.0,1.8971672822162743e-06,3.8776250397950355e-07,0.10581514935823333,0.1812223514783595,0.11607825080980289,0.00012292839669390072,1.0
2012-01-23,2.202648713683076e-06,6.0174583694459405e-06,5.7387822254844124e-06,0.0,2.0586140484226332e-06,1.0277311692100079e-06,0.24069539476728102,0.14585519226320787,-0.02680364416407345,-1.2639937098879918e-05,1.0
2012-01-24,-6.104775158634066e-05,2.7233691554197604e-06,1.6727200897778048e-06,0.0,1.4507403657492279e-06,9.276748232696639e-07,0.07595876805249797,0.0999732146569274,-0.05587615565237611,-6.782225602055712e-05,1.0
2012-01-25,-0.00046170617096936333,5.241762772154727e-07,3.0649623459444555e-07,0.0,2.470752315127226e-07,9.5834302970656e-07,0.015970336875555536,0.10163051815612074,-0.05937111083458136,-0.0004637422617423925,1.0
2012-01-26,0.0003653524444652166,2.726489620265503e-06,1.4714571295357897e-06,0.0,1.3896288522154742e-06,1.3558360272256997e-06,0.07681138246950388,0.1552373979178118,-0.07254305465610578,0.00035840903283597414,1.0
2012-01-27,-3.7798185345003715e-05,7.003368160986408e-06,2.8033291325357065e-06,0.0,3.6959422874416233e-06,2.1167830222330114e-06,0.17341815335761052,0.2976007152929059,-0.05801883244223995,-5.341760794820046e-05,1.0
2012-01-30,0.0005454531018880544,6.4139016002111835e-06,4.276831814615305e-06,0.0,3.6003497802743906e-06,1.8973191255835882e-06,0.18304740337809822,0.190903458703945,-0.12784615439409774,0.00052926469956737,1.0
2012-01-31,6.164592278471443e-05,5.00475958786053e-06,1.7881094605764568e-06,0.0,1.774926922287937e-06,3.447340089576086e-07,0.25267022444817855,0.109742776446207,0.051827462941328756,5.2733392805031894e-05,1.0
2012-02-01,0.0004630909533780371,3.807661939023059e-06,6.05578887149633e-07,0.0,2.4677144027896533e-06,2.408843754006503e-07,0.10664070143046026,0.17579275693259971,0.13532418186529044,0.0004559691137736741,1.0
2012-02-02,0.0006047206626741671,3.3366479929781752e-06,1.6357075449335825e-06,0.0,2.0673331908430307e-06,3.48124621680435e-07,0.11130003996445952,0.21295845084608442,0.15447351440377133,0.0005973328493237318,1.0
2012-02-03,0.001483940828104986,3.3590346544748374e-06,1.3691739674574146e-06,0.0,1.8802075576572364e-06,5.419774196176073e-07,0.06465043641416703,0.2300638197473414,0.13901161325158343,0.001476790434505779,1.0
2012-02-06,5.1437394174542875e-05,8.515636765101883e-06,8.361422465894997e-06,0.0,2.8724793697020828e-06,2.4342612399777164e-06,0.40925405609149046,0.35630084885261454,-0.05265503946364184,2.9253594333866196e-05,1.0
2012-02-07,0.00028511736616817335,2.1089080599098493e-06,9.344944982682774e-07,0.0,8.636789325001777e-07,2.550338600691696e-06,0.05838032637637326,0.3784059567498106,-0.0500509281663943,0.00027865994607680333,1.0
2012-02-08,5.8082440731200576e-05,7.873661810532252e-06,5.399010556910748e-06,0.0,2.795462505025412e-06,7.526162471689663e-07,0.3214027605570769,0.08597758866333978,-0.04046194086104658,4.1261689611563204e-05,1.0
2012-02-09,-0.00011909746691052106,9.028520262854998e-07,7.193135487500484e-07,0.0,6.512219170510697e-07,8.321593633814635e-07,0.03716994867230602,0.0894937805721896,-0.050308992475896305,-0.00012220301376598914,1.0
2012-02-10,0.000436569096346479,2.009186004375484e-06,1.7663335985966632e-06,0.0,1.13314642913922e-06,1.1922174320074898e-06,0.06403722016421236,0.10126405347060335,-0.09902847510665491,0.00043046821288236016,1.0
2012-02-13,-0.0008583933690657197,2.4236601390310176e-06,1.0907871229189273e-06,0.0,7.957043501759538e-07,6.026960202621488e-07,0.17223422339824868,0.12717723652373605,0.025924305119695058,-0.0008633062166981077,1.0
2012-02-14,-0.00035927908323020376,5.371170856501707e-06,2.673025094669881e-06,0.0,3.1139720012401852e-06,1.2550814211793538e-06,0.14284808959804274,0.2307402366787892,0.0198865579206578,-0.0003716923326037949,1.0
2012-02-15,9.63026831114701e-06,3.245843894645496e-06,1.3736964322747934e-06,0.0,2.0224717909638956e-06,5.830811979811695e-07,0.10469542424723574,0.14560673697101176,0.047649095710175296,2.4051749952816557e-06,1.0
2012-02-16,0.00030805149007079053,4.122772210225308e-06,1.0273831190266457e-06,0.0,1.8034921124569533e-06,2.9873432928272267e-07,0.10121147061285851,0.15015212246275206,0.09996475514325466,0.0003007991082997989,1.0
2012-02-17,0.00020256973107024546,2.9935573596077157e-06,9.207462510030993e-07,0.0,1.307823166459123e-06,4.1882420952713847e-07,0.08740706340226406,0.20951353481852325,0.13915106761796397,0.0001969287800836484,1.0
2012-02-21,0.00036736335656861545,2.865765826562738e-06,1.3364152831909584e-06,0.0,1.6776286274549836e-06,5.127708567776742e-07,0.08296560374107562,0.22655082445795982,0.14040532051931057,0.0003609707759746291,1.0
2012-02-22,-0.000696579381210503,7.536347694743192e-06,3.679744330163718e-06,0.0,2.9683118571188715e-06,3.1295415907209536e-08,0.1705033316215661,0.0989519504125477,0.0936943205401365,-0.0007107950805084359,1.0
2012-02-23,-2.7934150022985104e-05,1.5339950934089153e-06,1.0124150224740845e-06,0.0,1.1170164055422861e-06,1.9184810048509487e-07,0.04014331665699287,0.10614748621631304,0.07391700533481708,-3.178942464489548e-05,1.0
2012-02-24,0.0003002355495191758,1.8039052453612448e-06,7.634182929512327e-07,0.0,7.948662699626594e-07,2.081518873881697e-07,0.029781808673522096,0.10548842731340768,0.07051891023219518,0.0002966652078235125,1.0
2012-02-27,6.952858726984497e-05,2.3740975733030094e-06,7.830751750523159e-07,0.0,1.6894204558232144e-06,1.0560137301501613e-07,0.061026517109454614,0.10666875567464279,0.08892772500812009,6.457639269265141e-05,1.0
2012-02-28,0.0004417996501790525,2.3801491852776844e-06,3.5479292833011913e-06,0.0,8.361257922658336e-07,4.3345929441858266e-07,0.14254962534994356,0.043046680975699046,-0.029774480486622835,0.00043460198662378924,1.0
2012-02-29,0.00010496303068549733,1.3586015640979837e-06,7.523273493540369e-07,0.0,7.951575271410928e-07,5.63904964333383e-07,0.038685481946044785,0.060770816318268854,-0.03396521768973948,0.00010149303928057083,1.0
2012-03-01,-7.796869389897876e-05,3.5423330065979185e-06,2.3355270150569576e-06,0.0,1.6685198923534903e-06,1.1432176223184718e-06,0.09178355059561692,0.10596046287279473,-0.08610009767670848,-8.66582914353056e-05,1.0
2012-03-02,0.0004541124044096936,1.48245453123627e-06,8.269205641970938e-07,0.0,1.3034846668182783e-06,1.3648811170390032e-06,0.05161336203249094,0.14063673465050855,-0.08866329301204404,0.000449134663530403,1.0
2012-03-05,0.00013197585117064124,2.7786314750118342e-06,7.056414543093521e-07,0.0,1.2544679938164077e-06,1.084385661668226e-06,0.05607456888954053,0.11245474451138139,-0.06972204664888057,0.0001261527245858354,1.0
2012-03-06,0.0012449158214076583,4.998334387087992e-06,3.172661150802407e-06,0.0,2.78570268112552e-06,1.8946769366613005e-06,0.11403252812317963,0.1819924408410552,-0.13631328451804328,0.001232064446251981,1.0
2012-03-07,-0.0011452211439541646,7.583981261754093e-06,3.2336086214059787e-06,0.0,2.8180187114554947e-06,1.4702451631727445e-06,0.46940505784081543,0.431792540605266,0.18479135319224488,-0.001160326997711953,1.0
2012-03-08,0.002473491761018234,9.448901038761757e-06,3.930578851386376e-06,0.0,5.200362936006562e-06,1.4465078621665089e-06,0.2609579360789744,0.48035652036060306,0.23734319951662955,0.002453465410329913,1.0
2012-03-09,0.0006908119590941633,1.0778910187769674e-05,2.742645264553857e-06,0.0,5.093947169874912e-06,6.202880265599348e-07,0.23565080901351015,0.4270161092785598,0.3228077208164907,0.0006715761684454049,1.0
2012-03-12,5.585534876689498e-07,7.798871711934326e-06,1.4367994332970185e-05,0.0,1.5881639087123567e-06,3.80098094474472e-06,0.6505223634965935,0.49558591911741245,-0.14297887959970043,-2.6997457410692635e-05,1.0
2012-03-13,-0.0021674997619318143,5.9055831651365015e-06,5.4578350436129095e-06,0.0,1.826604199162833e-06,5.562853789136864e-06,0.25276919824726035,0.656850579970013,-0.2777088566049801,-0.0021862526381288636,1.0
2012-03-14,0.0005721284399115116,9.900197936469724e-06,2.7056420165495947e-06,0.0,5.386117566622664e-06,5.6138525495637515e-06,0.30152153811685944,0.8442848276497475,-0.09884240067696268,0.0005485226298423059,1.0
2012-03-15,0.0006251515684998496,1.4209008381061069e-06,1.2093147020565335e-06,0.0,1.3210817444228996e-06,5.546549022418451e-06,0.05839394097853731,0.8119036192973459,-0.11991661646895374,0.0006156537221928456,1.0
2012-03-16,-0.001226345090432258,1.3667083836268836e-05,9.058795993790504e-06,0.0,5.7078887800217336e-06,1.6911741745378851e-06,0.5967900281777659,0.2563174861520322,-0.027799775170332518,-0.001256470033216877,1.0
2012-03-19,-0.0007771684805689371,4.097505943288427e-06,2.287779291308729e-06,0.0,1.9932504500104736e-06,1.6848469226530896e-06,0.09439522980937623,0.22167780754101393,-0.061376475464705156,-0.0007872318631761978,1.0
2012-03-20,0.00018783121543026107,2.3938872023416364e-06,1.8356971585317191e-06,0.0,1.247375727848853e-06,3.5904134775e-07,0.16597570772645903,0.054938161418366,-0.005380785003634007,0.00018199521399378887,1.0
2012-03-21,4.950983560239885e-05,1.3054913229905969e-06,4.825208156530671e-07,0.0,5.29537352351831e-07,1.1316172636648048e-07,0.08498441888306575,0.07965314371503412,0.06064197368546542,4.707912438503687e-05,1.0
2012-03-22,-0.000784908972833573,2.3573841283050277e-06,1.7827209480471497e-06,0.0,1.5109033781367443e-06,2.676735971602071e-07,0.06797996390115285,0.060517765662402176,0.015548601339487378,-0.0007908276548852221,1.0
2012-03-23,-8.912244729350065e-06,2.29863087132876e-06,1.2462852675500046e-06,0.0,5.382107452733553e-07,4.60612313007866e-07,0.17922028370030946,0.2153261922521177,0.13794332366679618,-1.345598392651005e-05,1.0
2012-03-26,0.002081227762459979,7.282461247665122e-06,1.2332146098605644e-05,0.0,1.4559005343913446e-06,3.530556876066964e-06,0.5181826290980466,0.31294885683637075,-0.280184698342879,0.00205662669770325,1.0
2012-03-27,0.0010297841425109314,1.1190850580867736e-05,1.8899608454722044e-06,0.0,7.309722962317259e-06,3.492273099881264e-06,0.30889614616337246,0.5451114103450909,-0.041590470434961474,0.0010059013350223929,1.0
2012-03-28,0.0005689221106896059,4.301661767475583e-06,4.636311184890466e-06,0.0,2.8774462931785125e-06,4.2837619335273765e-06,0.2044430815347999,0.5593711154683787,-0.16030088936422054,0.000552822929510534,1.0
2012-03-29,-0.00035652202085858554,9.379213420735204e-06,6.7867764564515305e-06,0.0,6.5314107892288835e-06,3.5951640043057393e-06,0.27784730652208767,0.3122564038959148,-0.29173114882744944,-0.0003828145855293069,1.0
2012-03-30,-0.0012000820065050546,5.0534154126808936e-06,1.8749627304710816e-06,0.0,2.172409199047416e-06,4.215634089748865e-06,0.08133133287815314,0.39497350976372897,-0.3132530173140803,-0.001213398427937003,1.0
2012-04-02,-0.0019922149959446913,9.091323194799763e-06,1.454672336894441e-06,0.0,5.400569071691001e-06,3.9796318272621155e-06,0.16469236898733933,0.46907066748362436,-0.199507479496411,-0.0020121411923753386,1.0
2012-04-03,-0.0001592935234443144,6.055241779850711e-06,3.4637024067319085e-06,0.0,2.723327735821276e-06,3.961638012017922e-06,0.19020002721007864,0.46443402923966914,-0.2011211567793417,-0.0001754974333787362,1.0
2012-04-04,0.0015701176975349302,1.2586114558744789e-05,5.7108048467579255e-06,0.0,5.105285658163099e-06,1.1632226429988127e-06,0.6672310004204596,0.39650452216423565,0.20108311814043514,0.0015455522698282656,1.0
2012-04-05,0.00016657806271980593,1.1201840759369124e-05,6.109197781758146e-06,0.0,6.930424200259188e-06,1.1909763673492089e-06,0.24468462248006242,0.3092328042798135,0.10914877456514646,0.00014114562361107027,1.0
2012-04-09,-0.0012398663320051476,6.214056843845355e-06,2.4347425849471697e-06,0.0,2.131065794562976e-06,1.3115008463068722e-06,0.32363032015598414,0.5441518972355218,0.3238197550559673,-0.00125195769807481,1.0
2012-04-10,-0.005693991654969609,1.0530651645802429e-05,6.395846544873386e-06,0.0,3.844906812488898e-06,2.7089281879650288e-06,0.3688296828234517,0.7807681736578824,0.32566823807975753,-0.005717471988160738,1.0
2012-04-11,0.00318312348625574,7.549228689284162e-06,6.250172674425499e-06,0.0,4.642233832861579e-06,4.116284377009895e-06,0.2503195237855213,0.8742942678794017,0.18275849254173915,0.003160565566682159,1.0
2012-04-12,0.0021868960044944276,1.4663933140353258e-05,4.497178224109954e-06,0.0,7.899247115368016e-06,2.1317383113417473e-06,0.39524912355540565,0.6933789097603172,0.3352468734549038,0.0021577039077032545,1.0
2012-04-13,-0.0032705237452180765,1.9016518609746732e-05,3.990836677097833e-06,0.0,1.0361635813285208e-05,7.694134850970821e-07,0.5242766940227735,0.794921972778926,0.6656605072826163,-0.0033046621498033033,1.0
2012-04-16,0.0008428351177173452,1.0261718463019564e-05,1.9372352125550144e-05,0.0,3.2799787710068543e-06,2.79945882432733e-06,0.8103381799669891,0.45786922660669965,-0.012439855880291742,0.0008071216095334414,1.0
2012-04-17,-0.0009779782758671007,8.509198058449904e-06,3.984495424249301e-06,0.0,4.502894789183135e-06,2.9749442134105402e-06,0.22137959252953954,0.4597983675387226,-0.03999226031424806,-0.0009979498083523936,1.0
2012-04-18,-0.00016270074154887146,1.0014046656808648e-05,3.5863652723032055e-06,0.0,6.3827591488699085e-06,3.160752985761945e-06,0.24877875708664463,0.5529554532862877,0.02194895167828098,-0.00018584466561261516,1.0
2012-04-19,-0.00032023676723200807,8.75265123076802e-06,7.863321949381243e-06,0.0,4.9992484556302455e-06,5.291334347555145e-06,0.3553935901024107,0.7404564006012242,-0.14848776978804012,-0.00034714332321534273,1.0
2012-04-20,-0.0007571481494589243,1.5450548377004074e-05,1.0415913584370926e-05,0.0,9.749927224268582e-06,4.6259026156586985e-06,0.4119324537524885,0.42750148629649326,-0.34965015313416803,-0.0007973904412602266,1.0
2012-04-23,0.002849494627872409,4.580615241969263e-06,2.3554293426997922e-06,0.0,1.8540391132419658e-06,4.92523955170042e-06,0.08629442850142664,0.4394671548554908,-0.3879730898301797,0.0028357793046227976,1.0
2012-04-24,-0.001876292195655804,1.0561058109096102e-05,4.745960372177455e-06,0.0,3.5747256332430993e-06,1.5232064881347398e-06,0.6840989196910346,0.3417963050498818,0.08589761504324547,-0.0018966971462584554,1.0
2012-04-25,0.0011291902220345604,9.356909905916026e-06,1.1664402638781627e-05,0.0,3.7905399836219706e-06,3.1429421667049e-06,0.5550297455330914,0.2854104341000945,-0.24260384990632866,0.0011012354273395358,1.0
2012-04-26,-0.0017604481106321885,8.643820637470945e-06,1.7526895299314571e-06,0.0,4.2712932404670685e-06,2.9884311327715487e-06,0.22380699105898524,0.4079563470707961,-0.09410008323482413,-0.0017781043451728295,1.0
2012-04-27,-0.0010322816753370095,7.029132942890467e-06,1.6529226151822362e-06,0.0,5.797062939658221e-06,3.0929097403178256e-06,0.17718557952809283,0.5189081720708606,-0.0007006643025340986,-0.0010498537035750584,1.0
2012-04-30,0.0014876323295592595,1.1222126918398217e-05,6.709450443021285e-06,0.0,6.036448022401983e-06,2.0731815450912633e-06,0.30159086020734627,0.2791255922092652,-0.06916890736606704,0.0014615911226303468,1.0
2012-05-01,-0.00010021315389329528,6.3620313895758635e-06,2.584853070592874e-06,0.0,3.741541381945406e-06,1.9170885421924446e-06,0.20421466295374197,0.318541699551276,-0.0035291755370547434,-0.00011481866827760187,1.0
2012-05-02,-0.0007367388945858734,1.4134018597161557e-06,1.5141659275439326e-06,0.0,6.40493167053965e-07,2.0949049461390205e-06,0.06186719639612642,0.30536912252829307,-0.04657490842306238,-0.0007424018604863265,1.0
2012-05-03,2.8111518178191588e-05,7.531687637221346e-06,3.0819806415571417e-06,0.0,3.6151600706055366e-06,1.4167370793703877e-06,0.21170556844875485,0.24547962926281208,0.007467799928587024,1.2465952749437175e-05,1.0
2012-05-04,0.0004894345189814556,1.1269313218761693e-05,4.961964450539008e-06,0.0,4.075778407254527e-06,3.9904617038172275e-07,0.7449574933432255,0.6155999628523913,0.548560206228262,0.0004687284167345187,1.0
2012-05-07,3.1991069678392815e-05,6.382162313651488e-06,4.894712550819929e-06,0.0,4.102615761453158e-06,1.9359992760646473e-06,0.16545983905306333,0.7432284516259657,0.41798057324710497,1.4675579776403594e-05,1.0
2012-05-08,-0.0017800707042033743,1.4328816535368282e-05,1.0888960848157779e-05,0.0,6.858179510362646e-06,4.227783981403913e-06,0.40984478196366814,0.8508582843878651,0.14059057551200765,-0.001816374445078667,1.0
2012-05-09,-0.00027559452847206547,1.877931600968288e-05,1.0431110087935066e-05,0.0,8.033932166928256e-06,9.21884330341998e-07,0.6815488935783993,0.25944892474645864,0.10457235724900299,-0.00031376077106695367,1.0
2012-05-10,-6.0369025496627166e-05,3.2529825824016124e-06,1.791300265836163e-06,0.0,1.3342298390091204e-06,1.2344491278667449e-06,0.07831827635030501,0.2911459763310912,0.08375852284947799,-6.798198731174081e-05,1.0
2012-05-11,-0.00032007405879762893,6.19442420083262e-06,2.7419886138806147e-06,0.0,2.46440270010968e-06,1.0963465259721777e-06,0.11535267254529728,0.25874013536428137,0.0745539190009555,-0.00033257122083842403,1.0
2012-05-14,-0.0013168567735684178,5.718832303893349e-06,1.916730165116081e-06,0.0,2.297073201201677e-06,8.353583007309693e-07,0.12949574097469901,0.24105599695984942,0.10071580243704653,-0.0013276247675393599,1.0
2012-05-15,-0.0005985393667067486,1.2445522511311293e-05,7.162538943712305e-06,0.0,6.550820030350705e-06,3.0185672679193917e-06,0.2767660196298095,0.44980213387304985,-0.057317167137407934,-0.0006277168154600422,1.0
2012-05-16,-0.0005994907695837688,7.145108255161442e-06,3.302635171519369e-06,0.0,2.429289570268807e-06,3.2545170286529776e-06,0.34409313600844244,0.6586850267659936,0.11192616595229338,-0.0006156223196093714,1.0
2012-05-17,-0.001635260568327443,9.713037253246972e-06,3.3966261294039153e-06,0.0,4.3629440737360855e-06,2.8400750224347053e-06,0.32145494042583533,0.7545933936128237,0.2774607898437932,-0.0016555732508062647,1.0
2012-05-18,-0.0015033649182018068,1.461454594425075e-05,9.635484662549967e-06,0.0,6.3284933652108325e-06,5.517786107444177e-06,0.3440226640846734,0.9838848401205175,0.05689677406989582,-0.0015394612282812626,1.0
2012-05-21,0.003518547940326208,1.2734725761650295e-05,7.864869639686975e-06,0.0,5.6855941281455195e-06,3.4544592887216562e-06,0.4802066964527949,0.595383960101037,0.015034799595798773,0.0034888082915080034,1.0
2012-05-22,1.6754282487151573e-05,2.08053778540092e-05,1.708207471162307e-05,0.0,7.523083900469939e-06,4.084969880702743e-06,0.890240964546833,0.36560570605065906,-0.32066923390740193,-3.2741223859653386e-05,1.0
2012-05-23,-0.0003942276313787889,9.637338001802527e-06,9.441442317083743e-07,0.0,4.862207086557057e-06,3.5185183389761467e-06,0.22557683377110288,0.47480293142246666,-0.1163081495255258,-0.00041318983903783303,1.0
2012-05-24,-2.8556853226546764e-05,1.2263295505070992e-05,7.0453091090587765e-06,0.0,5.2347869162678545e-06,1.272290356309759e-06,0.4418686384228949,0.13979795674489864,-0.07394682311514088,-5.437253511325415e-05,1.0
2012-05-25,0.0007397243942959201,3.16945103349703e-06,9.341008421786472e-07,0.0,1.2031279999290943e-06,1.1975224700200643e-06,0.06126946019577805,0.14767073030746247,-0.0535130446559083,0.0007332201919502953,1.0
2012-05-29,-0.00014947771954445393,3.920088327499882e-06,1.53044409278351e-06,0.0,2.174735152557326e-06,9.623557212400865e-07,0.11928921104511511,0.15169792341875743,-0.009977837749577053,-0.00015806534283853473,1.0
2012-05-30,-0.0002561625728137109,3.3060824554663873e-06,1.8669193094028249e-06,0.0,1.7420433658289802e-06,8.310422062671047e-07,0.10422151283032947,0.12136838888476092,-0.018246701768112675,-0.0002639086601506762,1.0
2012-05-31,4.459326121179271e-05,1.1876217452287028e-05,4.425855167561881e-06,0.0,5.946516943443344e-06,1.2648463704485025e-06,0.40315304592382245,0.3882703251524688,0.1757761349171204,2.1079825278051958e-05,1.0
2012-06-01,-0.003967919599371861,7.3211407628783346e-06,4.8021316170370805e-06,0.0,3.819337421253534e-06,1.568596378199642e-06,0.2004585507388344,0.342677806706563,0.0791536151690232,-0.003985430805551229,1.0
2012-06-04,-0.00026949870618394814,1.6998490229294017e-05,1.1666977216592764e-05,0.0,9.567347815343733e-06,4.7226701519297994e-06,0.7163643818266153,0.9227370383931923,0.12932845286898606,-0.00031245419159710845,1.0
2012-06-05,0.0016340732137746395,1.11370137997461e-05,6.347038964393654e-06,0.0,4.844424127639328e-06,4.076264065015257e-06,0.344732982900971,0.7671427065901963,0.08233034366763325,0.0016076684728178452,1.0
2012-06-06,2.4323735629918665e-05,2.0128452494901623e-05,2.400922862418554e-05,0.0,6.821854445280893e-06,7.677038927175602e-06,1.0602689587231966,0.6549129883474339,-0.6348295514180671,-3.4312838861624986e-05,1.0
2012-06-07,-4.7005245036748624e-05,1.9516794518198544e-05,1.8641890427432576e-06,0.0,1.4835355831652593e-05,5.2244059547229355e-06,0.543889770008043,0.7629439883486133,-0.11475621204483985,-8.844599038406595e-05,1.0
2012-06-08,-0.0015473055469017907,3.81267472010974e-06,2.195600238293785e-06,0.0,1.3135762637413321e-06,5.335096751567399e-06,0.08562764866590572,0.7434302857259719,-0.15286596853735118,-0.001559962494875503,1.0
2012-06-11,0.0017981773436438041,1.7536571194488795e-05,8.058387353465702e-06,0.0,7.618476632211383e-06,1.4439760486779676e-07,0.765543765124532,0.23280981272837703,0.20855101511058718,0.0017648195108587704,1.0
2012-06-12,0.003053281993728775,5.227114505112124e-06,3.884698864758292e-06,0.0,3.090021633227649e-06,2.865645982214827e-07,0.14986970564862923,0.15801015438951987,0.10986730188831076,0.0030407935941274555,1.0
2012-06-13,-0.0012618701079804466,1.0881237802561694e-05,6.6067173198206754e-06,0.0,6.171846354081396e-06,1.7267075311579266e-06,0.2524117069981471,0.2736051771167761,-0.016481688117755522,-0.0012872566169880684,1.0
2012-06-14,-0.00011213804913666356,6.604640429947265e-06,2.2139358147171097e-06,0.0,3.194682044964758e-06,1.1783524507237356e-06,0.16006377351408313,0.22101963208579348,0.023056420364205896,-0.00012532965987701642,1.0
2012-06-15,0.00021622364578973994,1.1163076556010718e-05,7.763310853933448e-06,0.0,4.311353900550282e-06,2.7186906049533023e-06,0.4471659377969703,0.37826311318053507,-0.07847690845161957,0.00019026721387429218,1.0
2012-06-18,-0.0007303348401898706,5.463284600450179e-06,3.145310604080422e-06,0.0,2.5905713937847723e-06,2.433051080537739e-06,0.14445921188456484,0.293142784840681,-0.11560979668965912,-0.0007439670578687237,1.0
2012-06-19,-0.000499173991329442,6.829578020167297e-06,1.957101469183004e-06,0.0,3.2455190808203627e-06,2.2931501010099087e-06,0.17133526352121536,0.33839531471233086,-0.046853902257333796,-0.0005134993400006227,1.0
2012-06-20,7.230622323189167e-05,5.6043869633182365e-06,3.344147447467128e-06,0.0,1.8990620891189787e-06,2.539035096537118e-06,0.14928590798986643,0.3236633587697879,-0.10289453744844791,5.891959163545021e-05,1.0
2012-06-21,0.002468195007200889,1.1929998943794748e-05,4.591944924867652e-06,0.0,2.617316691787381e-06,1.0300577493709926e-07,0.6102462762740694,0.34556629807130457,0.3282613278818719,0.002448952740865502,1.0
2012-06-22,0.0024321807846030634,8.580481282560144e-06,5.9968351976683255e-06,0.0,4.1064496090727805e-06,1.523268050687371e-06,0.21764367717611016,0.44701447443452114,0.19110544191904277,0.002411973750463075,1.0
2012-06-25,-0.0024558971293006885,4.862001735099153e-06,3.858326616290991e-06,0.0,2.45606758841848e-06,2.817414697666172e-06,0.1518834491264282,0.5671754535459824,0.09384978433806548,-0.002469890939938163,1.0
2012-06-26,-2.085454639231914e-05,1.1685514257387809e-05,5.668014506416096e-06,0.0,4.53408804837114e-06,1.7909528950025314e-06,0.3694333793695291,0.41233845202877994,0.11145836566835468,-4.453311609949672e-05,1.0
2012-06-27,0.0002789334094788899,4.415438539070143e-06,2.379622874165068e-06,0.0,2.1602075353289258e-06,1.6542963375684456e-06,0.13106950624338112,0.37698786291492054,0.09906607820342164,0.0002683238441927573,1.0
2012-06-28,-0.0009324386802673536,1.0851650887582842e-05,1.150160371526799e-05,0.0,4.295433121563767e-06,2.560560457267888e-06,0.5326556138916452,0.24153244230776227,-0.18864171451324283,-0.000961647928449036,1.0
2012-06-29,-0.004822375413349565,8.29498490100916e-06,6.759423732155422e-06,0.0,2.3762786581915238e-06,4.967993640883112e-06,0.32637520541425896,0.4827639378752117,-0.3518589937931509,-0.004844774094281804,1.0
2012-07-02,-0.0009222852142066055,6.279306912930751e-06,9.174092339831945e-07,0.0,4.060629266013566e-06,4.606089637882436e-06,0.20393630822539277,0.5973041072512032,-0.17651895191304595,-0.0009381486492574154,1.0
2012-07-03,-0.0009070635425952094,4.992381777818588e-06,1.1752229680545666e-06,0.0,2.3497612136349115e-06,4.5825655377734035e-06,0.14455506476986466,0.683069731483114,-0.0868012788628178,-0.0009201634740924908,1.0
2012-07-05,6.840089035297953e-05,1.409218512211958e-05,9.50732871055031e-06,0.0,6.844846754255246e-06,3.6102107832914713e-06,0.3656189436957966,0.31426386084783775,-0.29225155074512943,3.4346318982762926e-05,1.0
2012-07-06,0.0028145436102646115,1.1552383758418323e-06,7.007015484958816e-07,0.0,3.7101955610792897e-07,3.6594276846348606e-06,0.026459989094524013,0.3079401800229086,-0.30684367099574794,0.002808657223099531,1.0
2012-07-09,0.00024514639584916076,6.650249456422259e-07,4.920071668089501e-07,0.0,2.4656430261468265e-07,3.8403853137516165e-06,0.02689118948498268,0.33363487834764594,-0.3115498543626257,0.00023990241412034328,1.0
2012-07-10,0.002574155952498547,8.30267417371018e-06,6.066302519761327e-06,0.0,3.5477987887259555e-06,5.8622610681236045e-06,0.18824393855380972,0.5101498721356971,-0.47470998730906844,0.0025503769159482257,1.0
2012-07-11,-0.00018202591325118577,8.397630869814728e-06,2.385532494092072e-06,0.0,1.5458659852335688e-06,1.9538329648610865e-06,0.5920253722175246,0.3818607547132403,0.053616816616577787,-0.00019630877556518723,1.0
2012-07-12,0.00018645096709400612,2.6962202944155474e-06,7.540029906622885e-07,0.0,9.529631049496461e-07,1.921844167922654e-06,0.10171045897588929,0.4494988227233354,0.1266290025123295,0.00018012593653605598,1.0
2012-07-13,0.002082372719340195,7.068517390054583e-06,1.5666640493570014e-06,0.0,3.2240973797939868e-06,1.1972017620200037e-06,0.16260605036456838,0.4158928336763227,0.21476293765696203,0.0020693162387589695,1.0
2012-07-16,-0.0004345795726648739,1.3618013747744051e-05,1.4278310298834626e-05,0.0,5.118188016815848e-06,3.7262696973267246e-06,0.7163442010726149,0.4965501461214593,-0.1294631630294305,-0.00047132035442559516,1.0
2012-07-17,-0.0010231002463698513,3.929018559785219e-06,2.497331489974906e-06,0.0,2.3511493057744285e-06,3.999154713287963e-06,0.1151486916431012,0.5005059285955826,-0.17135206323679533,-0.0010358769004386737,1.0
2012-07-18,-0.001789946010904594,8.689974479678228e-06,4.1320547593533225e-06,0.0,3.5582242066448487e-06,2.4036282423240967e-06,0.28277037436040126,0.302760931704311,-0.1010486130061372,-0.0018087298925925945,1.0
2012-07-19,-0.001034788118674656,3.0580720206115935e-06,1.0043531039507008e-06,0.0,1.4202289952455174e-06,2.515279583862557e-06,0.07838248528414052,0.34003182017971867,-0.08253514990919089,-0.0010427860523783265,1.0
2012-07-20,0.0004134822125804044,4.411656995718928e-06,1.7334842457222963e-06,0.0,1.4178123520656246e-06,1.8118844671177186e-06,0.12893051363244298,0.25022305069266126,-0.0541735397831154,0.00040410737451977984,1.0
2012-07-23,0.00035843207839092635,6.714026471955813e-06,3.309550399407078e-06,0.0,2.596956282695499e-06,1.5847764001858456e-06,0.12112437145013971,0.16801373109773474,-0.09822870413348724,0.00034422676883668214,1.0
2012-07-24,0.0008804923495072427,9.499086072047976e-06,6.761251276595914e-06,0.0,3.8782128812968664e-06,3.6773463618181613e-06,0.22069352577442414,0.34576820535958597,-0.272025983425865,0.0008566764529154838,1.0
2012-07-25,0.00034613099589594714,8.600902802829494e-06,3.431886153531156e-06,0.0,2.1971308610744505e-06,2.270397330046639e-06,0.4601837801530631,0.4412587135938725,0.05983196214603714,0.0003296306787484654,1.0
2012-07-26,0.000642888984241544,1.0622697196168905e-05,1.6541265660196797e-06,0.0,5.100446832544016e-06,8.725459885381628e-07,0.24980838976363118,0.3848271253014545,0.23823939922704312,0.0006246391676582733,1.0
2012-07-27,0.003929837260622424,1.455290211291557e-05,2.7137935756477526e-06,0.0,7.0385736273355445e-06,6.875032449261278e-07,0.2944058954496332,0.5220469446103321,0.40654639946274257,0.003904844488061599,1.0
2012-07-30,-0.0009703426306002273,9.320438453560404e-06,1.5129935974566493e-05,0.0,3.0520582701029386e-06,4.377674140369149e-06,0.6766630045803717,0.6657966521428413,-0.06965260343917562,-0.0010022227374388262,1.0
2012-07-31,0.00039588436395056336,5.552748136872552e-06,3.041014767262927e-06,0.0,2.251441957052167e-06,3.880227983650192e-06,0.16916216929636663,0.5926503945673856,-0.05922790668584654,0.00038115893110572555,1.0
2012-08-01,-0.0006830170028028726,1.5073666209478286e-05,9.113998001932384e-06,0.0,6.098190142167988e-06,1.679528041928352e-08,0.5915719784714386,0.03663332744156099,0.033811720331121356,-0.0007133196524368705,1.0
2012-08-02,-0.0001366472405860874,3.8076809834924918e-06,2.1476037089465948e-06,0.0,1.1748671611163963e-06,4.451352488905018e-07,0.057337504846324334,0.05936031468595849,-0.01542240712764582,-0.0001442225276885334,1.0
2012-08-03,6.94406748090533e-05,3.398402859548689e-06,9.526022019933481e-07,0.0,1.0551685519661781e-06,3.823287718431386e-07,0.0661933072962104,0.05780453578727686,-0.006426697882370429,6.365217242370194e-05,1.0
2012-08-06,8.917954370678833e-05,9.409914476571786e-06,2.112836855979317e-06,0.0,3.8736420374400535e-06,7.14557359389691e-07,0.2381661720395139,0.2504277069114557,0.13038207053398762,7.306859297740748e-05,1.0
2012-08-07,0.0007303113081760525,4.908905562033466e-06,1.5569694531473553e-06,0.0,2.197990803860882e-06,6.250326574721342e-07,0.09965126309741365,0.2545387166288946,0.14953323017357606,0.0007210224096995386,1.0
2012-08-08,0.0004038297294239613,8.909672972726959e-06,7.395500653432062e-06,0.0,3.956551945237256e-06,1.1519024773984067e-06,0.2854403449273155,0.15351242835822373,-0.04000718784470863,0.0003824161013751666,1.0
2012-08-09,-0.00018525436509639158,1.3768597427206361e-06,6.291151905975437e-07,0.0,4.5687779371656466e-07,8.9881666767765e-07,0.05580366980711932,0.1318780530762616,-0.019123147093583592,-0.00018861603449110397,1.0
2012-08-10,-1.2023677874691895e-05,2.2223795223931352e-06,1.7621631149212052e-06,0.0,6.742794472305924e-07,5.596128740813419e-08,0.1283220748703146,0.015098898049203672,0.005697401764637127,-1.673846124664496e-05,1.0
2012-08-13,-3.970023632945732e-05,3.587884922677134e-07,2.5774152534795944e-07,0.0,1.2481528643927018e-07,5.691683627451657e-10,0.013036162427574858,0.0019749972838871864,0.0018793769989459983,-4.044215080187501e-05,1.0
2012-08-14,-3.0086733182872865e-06,5.794482610058111e-07,1.7806241887027924e-07,0.0,2.1460260556342652e-07,3.898359489684242e-08,0.01166161808454013,0.009756776787908603,0.003207532845239076,-4.0197701986236455e-06,1.0
2012-08-15,-7.4194413375872776e-06,3.518519709991033e-08,2.1484081349205246e-08,0.0,2.99653164847247e-09,3.895010862012554e-08,0.0005563659291423322,0.009187365722940247,0.002643747474759157,-7.518057256304991e-06,1.0
2012-08-16,-1.1211268811161564e-05,1.5028422766123206e-06,4.4268924423847695e-07,0.0,9.98892219972271e-07,6.999331543425284e-08,0.026577556905971685,0.017502756066936458,0.005743879073981979,-1.4225685867418885e-05,1.0
2012-08-17,5.284511304536168e-05,1.6972808226597355e-06,2.1528197577147374e-06,0.0,1.1884661172129584e-06,9.68403721492344e-07,0.12382042803936705,0.13037799896506813,-0.032313826245645653,4.683814262628191e-05,1.0
2012-08-20,-0.0002846988674887684,9.306559124547782e-07,6.621101470358575e-07,0.0,2.896777615361644e-07,1.0170406291039418e-06,0.02351654649978626,0.1233699953100232,-0.047492830379438994,-0.0002875983519388991,1.0
2012-08-21,0.0002300792051907323,2.264180244606202e-06,1.3716429337667799e-06,0.0,1.7381904084658513e-06,2.3474900621751565e-07,0.11055605495648586,0.026986963298180754,-0.012450869746361871,0.00022447044259767595,1.0
2012-08-22,4.163451416923228e-06,1.4700220526317922e-06,2.57499776479169e-07,0.0,7.324171574260504e-07,5.200633027182125e-08,0.03899343538970865,0.024355661236692767,0.015618597751026796,1.6515061001143946e-06,1.0
2012-08-23,-0.0003271145313848966,9.691729931811506e-07,6.637069871007828e-07,0.0,4.4871115060154484e-07,1.0388846127291829e-07,0.01970588552945178,0.01547974320504903,-0.001973518288801243,-0.00032930001097705296,1.0
2012-08-24,-5.7938307730502715e-05,1.139183771909616e-06,4.976635757648367e-07,0.0,1.3940805910033288e-07,1.5549667224392993e-07,0.10612540390462463,0.11140395026362211,0.08528050932664187,-5.987005980952143e-05,1.0
2012-08-27,6.215647240895609e-05,1.8985077183455953e-06,1.5094519206757493e-06,0.0,1.4063014263499752e-06,3.9552557390133446e-07,0.07296412355691985,0.12622177206449298,0.05977347564906879,5.694668576968344e-05,1.0
2012-08-28,-0.0002930782519868912,1.2114888282006228e-06,5.175311539366293e-07,0.0,1.1402624378041196e-06,0.0,0.052338304967813165,0.0863428771150215,0.0863428771150215,-0.00029594753440683255,1.0
2012-08-29,6.256277468485399e-05,8.874117816894233e-07,2.795629064363289e-06,0.0,1.0311980354640923e-07,3.6099010515954497e-07,0.1111809528733701,0.03587677956907362,-0.02476955809772994,5.841562393009532e-05,1.0
2012-08-30,0.00022952973212987763,1.952030157424946e-06,4.5025922497394606e-07,0.0,6.44445561177091e-07,4.514434768259277e-08,0.06388066681317728,0.028211487614987055,0.020627237204311467,0.00022643785283861905,1.0
2012-08-31,9.629831303596684e-05,1.6288756037681072e-06,7.906022860571773e-07,0.0,5.454913615379417e-07,1.4713324268171906e-07,0.023163873017671827,0.02996182852616445,0.005243443755635648,9.31862105419219e-05,1.0
2012-09-04,-0.00011846823119161211,1.5550331314559425e-06,5.782731100913853e-07,0.0,1.2887065397695086e-06,4.8373540310524375e-08,0.043532760437354316,0.023333014851967482,0.015206260079799389,-0.00012193861751323947,1.0
2012-09-05,0.00014537181544897453,1.6040751995543064e-06,1.450836397954862e-06,0.0,1.65126494226391e-06,4.238008852918244e-07,0.06230716163361133,0.05359495485230395,-0.01760359387672255,0.0001402418380239096,1.0
2012-09-06,-0.0005986025850246217,4.650452750904663e-06,1.5157771580153149e-06,0.0,1.8135567362058445e-06,8.278368692365623e-07,0.08897132191566418,0.12058711701539979,-0.0184894770163427,-0.0006074102085389841,1.0
2012-09-07,0.0013006543285952962,1.2713903056345616e-05,1.0973208821537175e-05,0.0,5.2750690696885286e-06,5.392448967301902e-06,0.5998263909129721,0.6916839815820348,-0.2142474449246848,0.001266299698680423,1.0
2012-09-10,0.0009936618859099496,6.991466417521473e-06,2.3212223039464984e-06,0.0,4.2998379583970685e-06,4.799170590491455e-06,0.22687488183700733,0.7165759741993929,-0.0896846850031717,0.0009752501886395931,1.0
2012-09-11,-0.0011899665449428684,1.5971943425072927e-05,1.048235584219945e-05,0.0,9.037260568121486e-06,4.314270069352331e-06,0.42518634430238494,0.4417505519885302,-0.2830468196626614,-0.0012297723748476146,1.0
2012-09-12,-0.001437808191573153,4.418453639491837e-06,2.1198091488162735e-06,0.0,2.169395325975872e-06,4.15231341931311e-06,0.11395879986847823,0.39108786776681076,-0.30650078667779174,-0.0014506681631067501,1.0
2012-09-13,-0.005032839137855294,3.400654096897457e-06,1.0362970729093908e-06,0.0,1.8396704457636815e-06,4.11696320081644e-06,0.10599874682433028,0.4315297053048812,-0.2601201124322807,-0.005043232722671681,1.0
2012-09-14,-0.0009030758773620024,3.4473818248643297e-06,2.0734375191543143e-06,0.0,2.1119210885695504e-06,4.69160048293671e-06,0.11231035048652008,0.5111199688228448,-0.2770689123105226,-0.0009154002182775274,1.0
2012-09-17,0.001203659862497577,1.0692634637873592e-05,2.244054042370032e-06,0.0,4.8307251169220684e-06,4.4163599014807444e-06,0.2541002897768284,0.6072049409332652,-0.13474352251549976,0.0011814760887989305,1.0
2012-09-18,-0.00042875686164058204,1.505045649322244e-05,9.249156319137365e-06,0.0,6.90438583889162e-06,8.992459455633657e-07,0.6007256339908389,0.12247385306634195,-0.028599465788303472,-0.0004608601062373968,1.0
2012-09-19,-2.2683023575157762e-05,3.417224158617849e-06,1.668161098961621e-06,0.0,3.4959496475199334e-06,3.7754466404143437e-07,0.1151326265174037,0.05844337821817358,-0.004984125340787394,-3.1641903144298596e-05,1.0
2012-09-20,-0.0001370621419753593,2.1397637315165335e-06,1.8620461611412984e-06,0.0,1.9533719162316957e-06,7.645847325048973e-07,0.08748781468441574,0.08492758082325856,-0.0435226542375642,-0.00014378190851675374,1.0
2012-09-21,-6.504001618923421e-05,1.0845436569329245e-06,9.1111958385275e-08,0.0,4.4898332555819146e-07,6.089074738855764e-07,0.03504306091741341,0.09375182227643684,-0.008544633336340021,-6.727356260399618e-05,1.0
2012-09-24,7.457921107747781e-05,1.3454579026067761e-06,8.449784004714221e-07,0.0,9.898405922635832e-07,2.8125452702723377e-07,0.057912614336765214,0.04760585226142636,0.0003550917208510864,7.11176796551088e-05,1.0
2012-09-25,-5.096044073513922e-05,5.1302513958247e-06,2.0979493451371783e-06,0.0,2.509673804683992e-06,2.655943510118791e-07,0.3136483630256781,0.27744463331656666,0.23282478234657095,-6.0963909631796975e-05,1.0
2012-09-26,-0.0013351516282494565,3.8792413012865155e-06,3.998252198579399e-06,0.0,2.5403155911675164e-06,1.729693798200914e-06,0.15939619536332783,0.4086925394415744,0.11810398134382082,-0.0013472991311386908,1.0
2012-09-27,0.0019920934406009506,7.425342703743956e-06,5.012057215858508e-06,0.0,4.028677183299349e-06,1.0547730298993696e-06,0.3212436811505582,0.26332635638428215,0.08612448736118801,0.0019745725904681496,1.0
2012-09-28,-0.00042687088017947237,7.338053215470727e-06,3.3411335991205676e-06,0.0,4.236730097750931e-06,5.82310247886022e-07,0.1943194149674578,0.19813034261854112,0.1003022209736894,-0.0004423691073397006,1.0
2012-10-01,0.0002770642481911715,3.0425715162842184e-06,2.2375993695756115e-06,0.0,2.4637653571716377e-06,7.875869531479145e-07,0.1302754469223637,0.22589022020400107,0.09357561207515144,0.0002685327249949921,1.0
2012-10-02,-0.00022773817047121766,6.5673241758718204e-06,3.987315468718606e-06,0.0,4.076759742937432e-06,7.665318919377468e-07,0.21548621125372397,0.17586439177274793,0.047087033927206465,-0.00024313610175068326,1.0
2012-10-03,6.614423080253086e-05,3.2756550993358796e-06,1.6285324747331149e-06,0.0,1.8312343136157415e-06,5.329991089056298e-07,0.09555924683934379,0.1485768310939941,0.05903298079784833,5.88758098059405e-05,1.0
2012-10-04,0.0006244867480152253,3.6832895723758804e-06,1.5106196668820493e-06,0.0,1.7047656305804706e-06,5.59003715200996e-07,0.08541759306621896,0.1613960858542438,0.0674834617004765,0.0006170290694301859,1.0
2012-10-05,5.237195625834064e-05,4.031258340916694e-06,7.978896492251793e-06,0.0,1.7907399737832907e-06,3.13018339449735e-06,0.32582686189988813,0.30518806611755006,-0.22068274415800473,3.544087805689152e-05,1.0
2012-10-08,0.0003794483313686833,3.6580755007495016e-06,1.4856938529335774e-06,0.0,3.0162671816431844e-06,2.0770704075616454e-06,0.1533339706422679,0.21121062465293572,-0.13773720381742066,0.0003692112244257954,1.0
2012-10-09,0.0016281836853295133,2.540062072998443e-06,1.0290075158330847e-06,0.0,2.537403018350444e-06,1.5935963828390917e-06,0.0943560412267622,0.16664925472419148,-0.10107493759277596,0.0016204836163394923,1.0
2012-10-10,0.000814347913886786,3.3474919283868455e-06,2.3883017131087377e-06,0.0,2.9580984403378894e-06,2.1880400141630544e-06,0.12019460331242371,0.23002090199476433,-0.13756982038462873,0.0008034659817907895,1.0
2012-10-11,-9.402253427917728e-05,7.850918499205051e-06,3.6493879001290445e-06,0.0,3.117765179575909e-06,1.4485218788288884e-06,0.4652541937861631,0.4222108911899486,0.17885921554669537,-0.00011008912773691617,1.0
2012-10-12,9.377713095420986e-05,7.87883746982363e-06,5.32852991784864e-06,0.0,3.6679788032266624e-06,1.1183427840183253e-06,0.2807481490227529,0.27191334761427277,0.0840317598991941,7.57834419792926e-05,1.0
2012-10-15,0.0010137044527040186,4.7603598542771225e-06,2.3714721572500867e-06,0.0,2.646447591355949e-06,8.258371969684356e-07,0.12072044930776683,0.22279435894493066,0.08405370985423344,0.001003100335904167,1.0
2012-10-16,0.0006215565414750951,7.298205096925382e-06,1.6444636065334594e-06,0.0,4.731415191562009e-06,7.237076386985903e-07,0.16528287146911128,0.29362081846343646,0.17203793516207327,0.0006071587499413757,1.0
2012-10-17,0.0009293467001283071,1.3072851899078401e-05,2.5219291981382927e-06,0.0,1.1101654810633405e-05,8.706700621566578e-07,0.32506128056821054,0.5228723269356808,0.3765997564933623,0.0009017795941583003,1.0
2012-10-18,-0.0005106283679293265,7.851249629817263e-06,1.4422683252543294e-05,0.0,5.742780335138207e-06,4.775440330771256e-06,0.640976100180075,0.7039726737075399,-0.09830130186203129,-0.0005434205214775965,1.0
2012-10-19,0.0027292453769972476,2.294343278333691e-05,1.1702142842291124e-05,0.0,1.1824048927000769e-05,9.533685972703713e-07,1.1864948735295764,0.7334433081117404,0.5732773837703182,0.0026818223838473484,1.0
2012-10-22,0.0002042789433436048,2.091554336443113e-05,1.8576310769104945e-05,0.0,1.8773053330679545e-05,6.487027974161482e-06,0.7129569493915301,1.1559637822082738,0.06614308254914483,0.0001395270079052277,1.0
2012-10-23,-0.003109622497684879,1.0820962864115543e-05,4.2130944890508814e-06,0.0,7.2454896556817495e-06,5.547702615148285e-06,0.28341031233071,1.0644435624661446,0.13242952312123302,-0.0031374497473088754,1.0
2012-10-24,-0.0014609030750598897,1.5088138231283492e-05,7.63474415848912e-06,0.0,8.263681374163018e-06,5.298544576371167e-06,0.37909729647438056,0.9738315432960571,0.08367605446570109,-0.0014971881834001965,1.0
2012-10-25,0.0009695599129248421,7.859884409383338e-06,4.451448115389505e-06,0.0,3.7658955294558198e-06,5.9876890629306205e-06,0.20453272515231463,1.0370367975688652,0.031105034996521258,0.0009474949958076828,1.0
2012-10-26,0.001053997303564517,2.3763669750261208e-05,4.613343740994383e-06,0.0,1.6993755184021855e-05,2.3261972420350925e-07,0.612423010532045,0.4952812356909378,0.4562011220247482,0.001008393915165036,1.0
2012-10-31,-1.1678143775258116e-05,2.7586716978380964e-06,1.5606571737573255e-06,0.0,2.0162589997044583e-06,5.503701453917539e-07,0.11032623223219376,0.5639048987207959,0.47144271429498125,-1.856410179194975e-05,1.0
2012-11-01,0.004582206941163362,4.3537169760328455e-06,2.049153514521049e-06,0.0,2.5182377720969223e-06,7.638780412818112e-07,0.1200490358439264,0.597560360484237,0.46922884954889266,0.004572521954859429,1.0
2012-11-02,-0.00262648889519178,1.5429555707893382e-05,1.9865546859885358e-05,0.0,1.0079578918020284e-05,3.841939419662199e-06,1.0279818317883698,0.6248185131245398,-0.020627309378709602,-0.002675705516097241,1.0
2012-11-05,0.001570990827993727,7.41138509973281e-06,3.3896950734393345e-06,0.0,3.142934783684777e-06,4.219298623658493e-06,0.1829598839241341,0.6782926918532155,-0.030549476921411328,0.0015528275144132116,1.0
2012-11-06,0.0007427789098211672,1.4041781847304343e-05,1.0415214154329821e-05,0.0,1.0328402071022762e-05,2.6886514078378018e-06,0.5298655665164002,0.32148724865000156,-0.13020618786674917,0.0007053048603406725,1.0
2012-11-07,0.0033228425100681335,1.653224148863665e-05,4.888618094404177e-06,0.0,6.8912059465663994e-06,6.70917603109717e-07,0.8980409384280471,0.7126207215996723,0.5999065642772397,0.0032938595269354164,1.0
2012-11-08,-0.006919726566710404,1.174175578348616e-05,9.346361988265719e-06,0.0,8.865513312857544e-06,3.034530272305063e-06,0.37215219397751886,0.8936191253192978,0.3838180395720473,-0.006952714728067318,1.0
2012-11-09,0.0010272600023495315,1.4864552634798592e-05,8.847665624469598e-06,0.0,9.132842137276964e-06,4.070360906379319e-06,0.3585484270187778,0.9095559061944603,0.2257352739227348,0.000990344581046607,1.0
2012-11-12,0.0008666993053490196,1.481418284667637e-05,9.46140160677442e-06,0.0,1.0262175536859775e-05,9.787935768188137e-07,0.5933581311985036,0.34944116956462196,0.18500384865906128,0.0008311827517818902,1.0
2012-11-13,-0.00039199785407092026,8.095872193315841e-06,2.5666285308042676e-06,0.0,5.026254327619351e-06,3.5674626167780466e-07,0.18811450792351445,0.2835991887773066,0.2236658168154354,-0.00040804335538433754,1.0
2012-11-14,-0.0029079161067518985,5.7872891710092795e-06,3.0402084410424174e-06,0.0,3.4134615152591576e-06,8.908557707065854e-07,0.1311492264853091,0.3317565061209379,0.1820927366422316,-0.002921047921649916,1.0
2012-11-15,-0.00010827148835531056,1.6052411786986496e-05,1.1213985602028849e-05,0.0,1.252554922935613e-05,4.3346338289099415e-06,0.41523854367979457,0.6565574043847855,-0.0716610788720847,-0.00015239806880259197,1.0
2012-11-16,-0.0014045895573331969,8.252255152018798e-06,2.1081531352328192e-06,0.0,4.075381001083426e-06,3.3495853469194814e-06,0.2596286839671664,0.6573573199815219,0.09462698169904901,-0.0014223749319684513,1.0
2012-11-19,0.0032703720696831704,1.3808484942255635e-05,2.3645983924725147e-05,0.0,4.669096919909684e-06,9.041019317205694e-06,0.9719953219473509,0.7967130085425667,-0.7221782367479902,0.0032192074845790743,1.0
2012-11-20,-0.0012689416794729597,7.331632403977257e-06,2.015489242735137e-06,0.0,8.673430619172912e-06,8.548856204242036e-06,0.3044650663564836,0.9319661694677567,-0.5042416728449053,-0.001295511087943087,1.0
2012-11-21,-0.0004740377371750138,4.325857500560451e-06,1.8366442412261925e-06,0.0,3.1878098720010084e-06,7.903124515717307e-06,0.16431515625903947,0.8887855267620712,-0.4389393918784364,-0.0004912911733045188,1.0
2012-11-26,-0.00514548988629728,1.956582665812796e-05,7.408210208598666e-06,0.0,1.4045533587579078e-05,3.3963968350278435e-06,0.6881324590290065,0.41836369745773894,-0.15223097082693882,-0.005189905853586614,1.0
2012-11-27,0.0005958732168334231,4.6176087805199695e-06,1.8298971681257191e-06,0.0,2.2090514119852088e-06,3.1804033146037545e-06,0.13655075035957367,0.4098281262658277,-0.12447963058760309,0.0005840362561581884,1.0
2012-11-28,-0.0010030085842396607,5.831614659117818e-06,9.252446759976543e-07,0.0,2.9841141828001975e-06,3.3018667469592826e-06,0.10772964426582748,0.49162958820106206,-0.06308402528809741,-0.0010160514245045357,1.0
2012-11-29,-0.0004892472661651815,1.1200666667476846e-05,4.754996107120912e-06,0.0,6.2708086368469564e-06,2.5788208879897604e-06,0.2872344972705403,0.37694216403411424,-0.0562997451481655,-0.000514052558464616,1.0
2012-11-30,-0.0011827668681106188,3.942229271472193e-06,1.1465731348701442e-06,0.0,1.8217533512401634e-06,2.8977290727654122e-06,0.07124445333586872,0.4371818807726401,-0.04963660345194929,-0.0011925751529409667,1.0
2012-12-03,0.0004741652424385428,9.440360623499107e-06,4.558936408942537e-06,0.0,4.361756816319477e-06,1.6558651388278763e-06,0.24710604497530958,0.24234645304088134,-0.03583889028220186,0.00045414832345095377,1.0
2012-12-04,-0.0008610661991997637,8.620813179499557e-06,3.907116055283421e-06,0.0,3.97709408810759e-06,1.2869425263882874e-07,0.3054838142921889,0.1201186796117023,0.09849804516837907,-0.0008776999167752932,1.0
2012-12-05,0.0005249708515772573,3.1352161222004286e-06,1.9206949858119586e-06,0.0,3.393526354402541e-06,5.894154661609572e-07,0.07239620828298243,0.1649523550639042,0.06593055674886343,0.0005159319986486814,1.0
2012-12-06,0.00023195652001277206,6.862557719437394e-06,2.7646980759050525e-06,0.0,5.1671948356080505e-06,4.731327320938425e-07,0.14215929230485036,0.14190300032030292,0.062416701328537376,0.0002166889366497277,1.0
2012-12-07,0.0002478817197080949,2.321443074977538e-06,9.605236526419658e-07,0.0,2.2277045761983585e-06,5.428291828896093e-07,0.061845924558538226,0.15733362255591968,0.06613831983046534,0.00024182921922138745,1.0
2012-12-10,0.00023125121686419633,4.021574374697743e-06,4.860470490012689e-06,0.0,3.4252190289620793e-06,8.898190800287482e-07,0.23882419674228178,0.09791474365527118,-0.0515748617895585,0.00021805413389049507,1.0
2012-12-11,-0.00036538650491575427,1.0323983350396848e-06,6.163840986001707e-07,0.0,4.94273428176206e-07,9.805025792762919e-07,0.03419180360667893,0.1089706058266173,-0.05575382749179975,-0.00036851006335684663,1.0
2012-12-12,-0.00011916007908100123,4.827925850434023e-06,4.117336899342967e-06,0.0,3.085384906792021e-06,2.4440857832332316e-06,0.2103990667014518,0.2687988758089157,-0.1418075357742671,-0.00013363481252080348,1.0
2012-12-13,0.0010582987705723078,2.4170593128535736e-06,6.269791867070045e-07,0.0,2.2909927097988362e-06,2.3122999691308684e-06,0.10396757268372886,0.3311125021704791,-0.057353892643506724,0.0010506514393938177,1.0
2012-12-14,8.628248611002403e-05,4.976125116779274e-06,3.5107546915274305e-06,0.0,3.6507718685001e-06,1.9468458925359573e-06,0.14711043918018524,0.19892264518339287,-0.12814746476264796,7.219798854068127e-05,1.0
2012-12-17,-0.0013391847462655019,3.4003284210263338e-06,4.181312610051876e-06,0.0,2.0613407420227414e-06,3.2926989520199407e-06,0.1520967705281085,0.28635616641271244,-0.26681725752663765,-0.0013521204269906228,1.0
2012-12-18,-0.002873143211054153,6.23613181933222e-06,4.950384987547109e-06,0.0,3.8231081051696115e-06,4.794427160094886e-06,0.30622280432013316,0.49637232291419964,-0.30909143998174116,-0.002892947263126297,1.0
2012-12-19,0.0021049178751919467,7.439822173200146e-06,1.4579432613546213e-06,0.0,5.734321412576323e-06,4.545768743623833e-06,0.27238505295312454,0.6753342354937896,-0.0883549134350145,0.0020857400196011918,1.0
2012-12-20,-0.00024615689545653084,8.66616327652523e-06,3.955076987513254e-06,0.0,5.533316847797149e-06,3.7825720040287357e-06,0.2449687026952077,0.5583309942658367,-0.07714110241099092,-0.0002680940245723952,1.0
2012-12-21,0.0006980144181676902,1.1047363421019513e-05,6.976016130952702e-06,0.0,5.847048288401757e-06,3.4028451770684853e-06,0.26146907562682586,0.3547080754165951,-0.21696991433091048,0.0006707411451502477,1.0
2012-12-26,0.0013611034033959633,3.4421950806310258e-06,1.4943545568460181e-06,0.0,1.519652744097041e-06,3.2682843367093164e-06,0.09653827096732229,0.3333588920916854,-0.21571287647547982,0.00135137891667768,1.0
2012-12-27,8.148799825610854e-05,8.327103709361396e-06,4.086200095526797e-06,0.0,3.3365279718157144e-06,1.1356654904899117e-06,0.5796698889558887,0.3931057795339464,0.2023139771316412,6.460250098891472e-05,1.0
2012-12-28,-0.002202148906231811,6.26535233232855e-06,4.384277837781622e-06,0.0,2.941553342219856e-06,1.1941617479561337e-06,0.1984541337264646,0.31481454068166675,0.11419536702503633,-0.0022169342514920974,1.0
2012-12-31,0.001955901940397746,1.075478183928703e-05,1.662072432918219e-05,0.0,3.6197626921784963e-06,5.327780524331025e-06,0.6885742052851997,0.447533564043806,-0.447533564043806,0.0019195788910127674,1.0
2013-01-02,-0.011091221168776215,1.5092740452404151e-05,6.9449068653021765e-06,0.0,8.393764063924952e-06,7.306133038612943e-06,0.5772970409019609,0.9064458807181329,-0.32098446976884154,-0.01112895871319646,1.0
2013-01-03,0.0003205068272535346,3.917676133743849e-06,9.102994689550918e-07,0.0,3.120280745695015e-06,7.2768389935965795e-06,0.11190452219354721,0.9815120402710793,-0.240996910653146,0.00030528173191154403,1.0
2013-01-04,-0.0001483236010956803,7.025043822616945e-06,2.9595626997598706e-06,0.0,3.5014406474259515e-06,6.9190921861228695e-06,0.21137583988302466,0.9701479011528095,-0.19225958611583238,-0.00016872874045160594,1.0
2013-01-07,0.0003708259474829523,1.61135194929237e-05,1.154009468241175e-05,0.0,9.698982328986696e-06,1.3264742331405225e-06,0.8127557023733067,0.170324445051202,-0.05252322611640579,0.00033214687674548965,1.0
2013-01-08,0.00017979851374273862,5.293013899752423e-06,2.9245199974423974e-06,0.0,3.4335710783202915e-06,1.0213322534814314e-06,0.22838862160675016,0.1713084715157136,-0.00027534706916686885,0.0001671260765137421,1.0
2013-01-09,-0.00020575332057926025,4.965689244743504e-06,3.6977009914876124e-06,0.0,3.503888300811452e-06,9.619618005523519e-07,0.1823810566507219,0.1090598882041805,-0.052549694288614605,-0.00021888256091685517,1.0
2013-01-10,-0.00013593652564370968,1.856885870995097e-06,9.380632697379019e-07,0.0,1.2558455732241308e-06,5.818381465897534e-07,0.0823187671994841,0.07140833659513048,-0.026340472031948104,-0.00014056915850425657,1.0
2013-01-11,-8.672043546055453e-05,3.0152693731699694e-06,1.7566596664658542e-06,0.0,1.7522901010716013e-06,7.25943893318785e-07,0.1121853031048318,0.10563554784320679,-0.01632302623434907,-9.397059849458074e-05,1.0
2013-01-14,6.705444587710772e-05,3.911985633739592e-06,4.095783879470815e-06,0.0,2.2183681417399334e-06,2.076670755149038e-06,0.2376472464094364,0.2636222290046637,-0.08525845786037473,5.475163746700834e-05,1.0
2013-01-15,0.0001731579414178823,4.5998645308930875e-06,2.9222429257856505e-06,0.0,3.2994282709608974e-06,1.8464265734819215e-06,0.1366874079726198,0.18222718933846613,-0.12797247500649664,0.00016048997911676075,1.0
2013-01-16,-4.0826558144491066e-05,1.9820546301683444e-06,8.093104348023283e-07,0.0,9.353086638592811e-07,1.815421808156935e-06,0.03220868797608083,0.1680163078759039,-0.1369745558944612,-4.636865368147795e-05,1.0
2013-01-17,-0.0008794386617752753,4.794286842493461e-06,6.219300315515686e-07,0.0,1.7455926295987165e-06,1.843630763661465e-06,0.10578972445084114,0.2567015196845025,-0.053028448610623606,-0.0008884441020425805,1.0
2013-01-18,-3.843440457761393e-05,2.5671255910288293e-06,1.8000846075113782e-06,0.0,1.3464478593213516e-06,2.3289859112378764e-06,0.08026694912914427,0.31016014689585625,-0.081109486192107,-4.6477048546713364e-05,1.0
2013-01-22,-0.0005509326718951741,3.898170361523626e-06,1.980057198644062e-06,0.0,1.9907838829084363e-06,2.418144459372227e-06,0.10189892075475714,0.3194251312613343,-0.0868231379131998,-0.0005612198277976225,1.0
2013-01-23,-0.00021986922801228901,6.9162914560115515e-06,3.6185766358554677e-06,0.0,3.548822520775201e-06,1.7204605573638384e-06,0.2405662131055667,0.22788307644785977,-0.06115429718926506,-0.00023567337918229506,1.0
2013-01-24,0.00047912053115699765,3.1686897255915027e-06,1.5818302210055433e-06,0.0,2.38656607741958e-06,1.8163797127750118e-06,0.11737008952180533,0.27083967673098647,-0.03431211501521549,0.000470167065420206,1.0
2013-01-25,-3.569397046779255e-05,3.959924880802076e-06,3.06995038570611e-06,0.0,3.174850706996493e-06,1.7196407751299177e-06,0.15056821103712267,0.20444641610948283,-0.08445323411234332,-4.761833721642715e-05,1.0
2013-01-28,-0.00015819701054782607,7.393025876737202e-07,3.818916337700978e-07,0.0,4.702820542968856e-07,1.6044871140180824e-06,0.03773065666355427,0.1984383123044794,-0.07111552285055844,-0.00016139297393758485,1.0
2013-01-29,-0.0003818160651616984,1.4517087154127424e-06,1.0624142948699094e-06,0.0,1.4932105521946188e-06,1.6366426486114314e-06,0.06335877911762253,0.20228669209924477,-0.07266927286747565,-0.0003874600413727871,1.0
2013-01-30,-1.8794547092095622e-06,1.7848181966483709e-06,1.5215024242712522e-06,0.0,1.5765461749223325e-06,1.3320708676313754e-06,0.12026152081172864,0.17027547724817105,-0.05351242851389998,-8.094392372682894e-06,1.0
2013-01-31,-0.00035966961543109624,5.074298333440101e-06,3.2508671379826186e-06,0.0,3.339289226529061e-06,1.9209798324871765e-06,0.16925061715301976,0.25116749784790976,-0.07155711400993595,-0.0003732550499615352,1.0
2013-02-01,-0.0008164751293165276,6.457185566265684e-06,1.7943921622117956e-06,0.0,4.935635699773288e-06,1.0532879230026341e-06,0.19865385940493147,0.20985158061490286,0.032899209550460336,-0.000830715630667781,1.0
2013-02-04,-0.00021842565990940686,6.018975681374867e-06,4.14023072991908e-06,0.0,4.244519029991746e-06,1.0942841652268042e-06,0.18313684713371683,0.14659051942265205,-0.03724922033545103,-0.00023392366951591935,1.0
2013-02-05,0.00018684694198763336,7.180063269749057e-06,2.204762665351444e-06,0.0,4.338301898294908e-06,1.388618829316671e-06,0.20049619242832,0.2869110551751318,0.05362309184993112,0.00017173519532492128,1.0
2013-02-06,0.0009230018248403647,6.1275434653008015e-06,5.183424468683062e-06,0.0,3.8050474841109464e-06,2.368604408740042e-06,0.2579740471276649,0.3480881778805647,-0.049837362787762386,0.0009055172050135299,1.0
2013-02-07,-0.00037791557788027937,5.313037893406925e-06,2.968593975953034e-06,0.0,3.136227746146834e-06,2.249868303044417e-06,0.16179580446272512,0.31226658515386496,-0.06571128975759699,-0.0003915833057988306,1.0
2013-02-08,-0.00023010197409253433,8.152883613184702e-06,3.959193881203925e-06,0.0,4.592753921423463e-06,2.196635440858017e-06,0.20105895754041617,0.2539278008112874,-0.11510695325285944,-0.0002490034409492044,1.0
2013-02-11,-0.00022442859140817416,4.6976854384505765e-06,2.031335777629859e-06,0.0,2.922466994967448e-06,1.9820178268140032e-06,0.13042329783572837,0.2642039620143263,-0.0687750328904263,-0.00023606209744603604,1.0
2013-02-12,0.0003610970996455392,1.4099207231305654e-06,1.341774879049382e-06,0.0,1.0331592568280377e-06,1.9890363183463215e-06,0.06040690756285988,0.2349270214431558,-0.09923108003902616,0.00035532320846818493,1.0
2013-02-13,-0.0006734242418912771,2.383988835263639e-06,2.003337887028774e-06,0.0,1.4107627156024766e-06,1.1707576549958122e-06,0.13905459397588676,0.11028040635921293,-0.08640687968008348,-0.0006803930889841679,1.0
2013-02-14,-3.578191336093425e-06,1.3057585456321571e-06,3.148185575347557e-07,0.0,8.500412730065765e-07,1.1284586661393376e-06,0.04593612198229724,0.1389334324318582,-0.0506476234795505,-7.1772683784062516e-06,1.0
2013-02-15,0.00010808557932777131,1.049747168278358e-06,9.085727078995576e-07,0.0,1.0361601743088922e-06,1.002222545479301e-06,0.048942591609993175,0.10258080407193015,-0.06579258356859244,0.0001040888767318052,1.0
2013-02-19,-0.00045759366090961323,2.365460383411435e-06,1.1292709573892033e-06,0.0,9.326126219447966e-07,1.1459456719118666e-06,0.07172832294968845,0.1267884767311139,-0.06573039615007968,-0.0004631669505442705,1.0
2013-02-20,0.0007836102927793893,7.2495449109473355e-06,2.616118824589223e-06,0.0,2.10350190782842e-06,3.505637012390594e-07,0.5007790317756646,0.40655918951563375,0.34766448770747177,0.0007712905634347853,1.0
2013-02-21,-0.0015839716166403187,7.630427990382944e-06,4.273408714410721e-06,0.0,3.65707474568103e-06,1.2933716945938645e-06,0.25964965792649725,0.5793045500398804,0.3620181053481112,-0.0016008258997853872,1.0
2013-02-22,0.004065264335078926,1.051721368717327e-05,8.575252214867941e-06,0.0,7.346594789441109e-06,3.2505545608929296e-06,0.34427911388216015,0.6994574722796901,0.15336430604967805,0.004035574719826551,1.0
2013-02-25,-0.003579528313085899,7.982189635898424e-06,2.489374233549822e-06,0.0,4.308558355815078e-06,1.9577040298062475e-06,0.28042799695963483,0.6350451096281525,0.3061508326207029,-0.0035962661393409688,1.0
2013-02-26,0.001930379136844601,1.00695284233234e-05,5.607401044842463e-06,0.0,6.818059972141111e-06,3.033032406099247e-06,0.30405226362108767,0.7992924158652288,0.2897429716405552,0.001904851114998195,1.0
2013-02-27,0.00431669851799484,2.07750578202863e-05,6.660590199660266e-06,0.0,1.2576302798984386e-05,1.4615576744380858e-06,0.530365241932283,0.7069521654613964,0.461410476155798,0.0042752250095014705,1.0
2013-02-28,-0.0008285665920164828,2.2068767973390074e-05,6.4372810148034515e-06,0.0,1.2072055291594834e-05,7.104662523090264e-07,0.583904988423236,0.8472336632071791,0.7278753328192625,-0.0008698551625485802,1.0
2013-03-01,0.0013802863859238518,1.0521230138229337e-05,2.3048902772373557e-05,0.0,1.538341188891332e-06,6.159775705009859e-06,0.9126149473578598,0.8975575678039949,-0.13728475063766132,0.0013390181361193478,1.0
2013-03-04,-0.001724312013570694,1.6601887656338677e-05,1.1774325354255953e-05,0.0,8.894123280928077e-06,1.6995343343009222e-06,0.7387831495744681,0.20416464701316098,-0.08135712114939396,-0.0017632818841965177,1.0
2013-03-05,-0.0004529709649320435,4.761614205429793e-06,1.0136924758627819e-06,0.0,1.976173456845509e-06,1.6864477057995915e-06,0.12707631986127155,0.2831808076461188,-0.00014240692821256007,-0.0004624088927759812,1.0
2013-03-06,0.00017064378914332778,6.393912908948709e-06,7.672766228394925e-06,0.0,4.489105192837798e-06,4.6464277177121435e-06,0.40999490045173986,0.6331879097076265,-0.14741194686801334,0.0001474415770954342,1.0
2013-03-07,-0.00016452482874234345,3.010629965829931e-06,1.3886807132294347e-06,0.0,1.5424567417837572e-06,4.201575918361636e-06,0.12756777223634247,0.60488315903908,-0.10098159524567511,-0.0001746681720815482,1.0
2013-03-08,-0.0008738681942136808,8.217755586285641e-06,5.92714708566455e-06,0.0,5.532326480910938e-06,2.3753857633919597e-06,0.38095895614935255,0.32547607563929104,-0.07358873261055812,-0.0008959208091299339,1.0
2013-03-11,-0.000103263288507817,1.5831239965331987e-06,1.1759173311708293e-06,0.0,7.27677112568727e-07,2.6107406235266164e-06,0.050510305303257425,0.34200739606299135,-0.09659702868948025,-0.00010936074757161638,1.0
2013-03-12,0.0002522827583086801,4.064402082531654e-06,1.4405539932063873e-06,0.0,1.8551471054916172e-06,2.2585235147456097e-06,0.1276835860118804,0.3231099295295988,-0.05632202094766354,0.00024266413161270486,1.0
2013-03-13,-0.00025879264410988103,6.435244317356467e-06,4.042116438498571e-06,0.0,3.392893860270806e-06,1.936255593237682e-06,0.17103890359092933,0.19671384157090516,-0.12857709809302542,-0.00027459915431924455,1.0
2013-03-14,-0.0009458304403604404,7.451219381984758e-07,7.785337051023902e-07,0.0,4.309235502243841e-07,2.109314396971712e-06,0.02572888933907378,0.19911300081878802,-0.15525181787245965,-0.0009498943339509374,1.0
2013-03-15,-9.863174666340532e-05,2.719459091744117e-06,1.360211457434965e-06,0.0,1.8167575354042458e-06,2.16157338325022e-06,0.11555348874427107,0.2478583837135463,-0.11528594467249068,-0.00010668974813123888,1.0
2013-03-18,0.0008230072005727017,4.664470701554463e-06,4.295876295804327e-06,0.0,4.408729004325954e-06,3.110118320517497e-06,0.1751278644278244,0.29675640521833513,-0.2257434726286044,0.0008065280062504995,1.0
2013-03-19,0.0008564758357760376,6.362852843107179e-06,3.960834504000746e-06,0.0,3.2190281525572296e-06,3.737398730714302e-06,0.17129021439949538,0.33541031823246437,-0.29247266852753845,0.0008391957215456581,1.0
2013-03-20,-0.002728884900721521,1.0365342143276315e-05,2.491766156792413e-06,0.0,6.492216502462567e-06,1.1553145385771822e-06,0.5097098579597332,0.3287781151561274,0.13468527267516084,-0.0027493895400626293,1.0
2013-03-21,-0.0016928678730699959,9.658514113618637e-06,5.673396595184925e-06,0.0,5.170990398066835e-06,9.61495331326193e-07,0.43521304041690734,0.4019698599099558,0.24043864424715536,-0.0017143322695081925,1.0
2013-03-22,0.0017322934083746084,8.75953434980925e-06,1.4629715487414302e-05,0.0,3.2751390702378797e-06,4.041176983239673e-06,0.6040433574611147,0.42748332229390906,-0.2514344108903559,0.0017015878424839074,1.0
2013-03-25,0.0005691202439019789,5.3473426227512406e-06,2.5108021484465625e-06,0.0,2.54119619791847e-06,3.4332342267293084e-06,0.17252111873738551,0.34316130146034707,-0.23362204863017666,0.0005552876687061333,1.0
2013-03-26,-0.0018519568256023522,2.625025948939917e-06,1.2419357571844411e-06,0.0,1.8363617514121761e-06,3.042791668562693e-06,0.11079512541123575,0.31669020300344775,-0.19449879731508476,-0.0018607029407284514,1.0
2013-03-27,-5.274753206136765e-05,3.370728618561831e-06,2.12860393427384e-06,0.0,1.8540403770547482e-06,2.5295661101972164e-06,0.1632464924662514,0.2737727672006787,-0.15119433931245352,-6.263047110145528e-05,1.0
2013-03-28,-0.000152125778789929,2.056043223035339e-06,1.1950821310312217e-06,0.0,1.1937705871598064e-06,2.5457952015851012e-06,0.07163959676853751,0.2750414246049069,-0.1526521692613901,-0.00015911646993274048,1.0
2013-04-01,0.0012370834882280475,3.868761682271866e-06,3.0942980196854524e-06,0.0,2.672729605470413e-06,2.780315566730777e-06,0.140433725818307,0.24705160567509882,-0.2200414095356717,0.001224667383353889,1.0
2013-04-02,-0.0012156677074171905,6.026972322184644e-06,5.086054970135495e-06,0.0,4.315161358760188e-06,4.6921085218391355e-06,0.20871239330564212,0.430152275634662,-0.35812195603431285,-0.00123578800459011,1.0
2013-04-03,0.0035118293964879477,8.260216051431783e-06,3.5652235094308613e-06,0.0,6.359730564409856e-06,4.1986706800159705e-06,0.2514480397043678,0.4038951146464374,-0.3014815595962456,0.003489445555682659,1.0
2013-04-04,-0.0014917500725754804,8.711184225993718e-06,6.095600160472323e-06,0.0,5.2513328965262115e-06,3.1562676441118042e-06,0.7577454433491803,0.6727692946450025,0.14251633043421935,-0.0015149644575025844,1.0
2013-04-05,-0.0008960296739131616,8.088042386557295e-06,4.229535196316513e-06,0.0,4.419474775292697e-06,3.5980355496907945e-06,0.19841665051839963,0.7243257331346102,0.11985576078655673,-0.0009163647618210189,1.0
2013-04-08,0.0010742568930037116,1.70790088230978e-05,1.7650990300633525e-05,0.0,9.710731577498568e-06,3.464790078147522e-06,0.8876822895388063,0.30323167285411234,-0.2788530602746714,0.001026351372224334,1.0
2013-04-09,-0.0003478220318353975,6.228126005257134e-06,1.1827272329529286e-06,0.0,4.369889512074193e-06,2.5372240251918464e-06,0.2419555430742963,0.3437970639194845,-0.08245657231274572,-0.0003621399986108736,1.0
2013-04-10,-0.0005042912777752073,5.420752198379325e-06,2.1350901501047036e-06,0.0,3.063540643136512e-06,2.196038621424359e-06,0.17991058705084662,0.34617153872781004,-0.02276294967148221,-0.0005171066993882522,1.0
2013-04-11,-0.00020125936475310637,9.589152104164375e-06,2.466917629887308e-06,0.0,7.72332368436798e-06,2.348098763010109e-06,0.3358763506009085,0.5994607074491156,0.20498011526341736,-0.00022338685693453614,1.0
2013-04-12,-0.0006667836764977144,3.482846241663463e-06,2.5326463223680072e-06,0.0,2.210720663182777e-06,2.458371017903287e-06,0.12635703611137836,0.584312392421662,0.17130606141390975,-0.0006774682607428319,1.0
2013-04-15,-0.006278448019072511,1.2409045535517156e-05,6.447678443913091e-06,0.0,5.6462151031083335e-06,4.802072977786928e-07,0.8765234309316656,0.8135320265286043,0.7328572005017839,-0.006303431165452828,1.0
2013-04-16,0.011510013609171168,1.4511479288017632e-05,2.0404434447118183e-05,0.0,1.107048660160008e-05,2.0807776143539505e-06,0.7869483289740263,0.4063648989884927,0.05679425977702898,0.011461946431220078,1.0
2013-04-17,-0.0007118934892849571,7.775056774321234e-06,4.3093075804796285e-06,0.0,3.4827447590105587e-06,2.2388632451901274e-06,0.20479047904120606,0.3912615763737887,0.015132551181847267,-0.0007296994616439586,1.0
2013-04-18,-0.000601289198026569,9.085530145747128e-06,3.3957602285308744e-06,0.0,5.105851899404738e-06,1.5346532914117755e-06,0.2574845279777344,0.3444763105828691,0.08665455762569081,-0.0006204109935916634,1.0
2013-04-19,0.0002505923878804824,5.626178731198598e-06,3.1591533332263486e-06,0.0,2.9881556390038055e-06,1.41945593002729e-06,0.1674450869159014,0.3006712513873749,0.06220265514279014,0.00023739944424702635,1.0
2013-04-22,0.0005179716350386189,7.366317172545228e-06,1.480929380403391e-06,0.0,4.130435865434424e-06,3.179418504787175e-07,0.20534623771428934,0.2550465950921166,0.20163236421169203,0.0005046760107697572,1.0
2013-04-23,0.0028248265578800533,3.748057187417731e-06,2.5600012402121914e-06,0.0,1.7479139417074138e-06,6.371286154184115e-07,0.1269923113338237,0.27892718887681045,0.17188958148651737,0.0028161334568952974,1.0
2013-04-24,0.001444349711402176,5.806664911638103e-06,9.937957265839706e-06,0.0,2.285614766318959e-06,2.6158156875230465e-06,0.43286870393670246,0.29456866235751,-0.14488837314636172,0.0014237036587708561,1.0
2013-04-25,-0.0009931564744075103,2.096759769543026e-06,9.682988866514857e-07,0.0,1.4599483320984303e-06,2.492905414853105e-06,0.0787116498515069,0.28817490090609943,-0.13063320878922233,-0.0010001743868106564,1.0
2013-04-26,-3.566505409162771e-05,5.314797605710969e-06,2.3844649886265535e-06,0.0,2.863564023399322e-06,1.419761616246881e-06,0.2097384189306493,0.2026502965231251,-0.035869655006350906,-4.764764232561143e-05,1.0
2013-04-29,1.565526918078828e-05,2.2153138664297785e-06,1.1392531690833301e-06,0.0,1.5577242768415015e-06,1.41440278565411e-06,0.08155150607381378,0.21667215624659628,-0.020947511743294255,9.32857508277956e-06,1.0
2013-04-30,-0.00034633359848036763,3.924571454648993e-06,3.0450204156030605e-06,0.0,1.0781153365617135e-06,2.4100834304561427e-06,0.15076244731114097,0.31603214230504967,-0.08886187401158238,-0.00035679138911763755,1.0
2013-05-01,0.0008989561193603971,5.654899066101832e-06,4.186492157697831e-06,0.0,2.781994213598834e-06,2.7177610066425226e-06,0.1599610570947067,0.2663617774845486,-0.1902220716313953,0.0008836149729163561,1.0
2013-05-02,-0.0018605628150169251,6.264308684191014e-06,3.025017291634091e-06,0.0,2.1943448513342477e-06,8.843039095721947e-07,0.39472537305361205,0.21892932664467774,0.07036626983654905,-0.0018729307897536566,1.0
2013-05-03,0.00042733714809585504,5.085806950298995e-06,1.7811756959662046e-06,0.0,2.878196565886124e-06,5.514034454433406e-07,0.18064792870120547,0.25083788761870385,0.15820210878422267,0.0004170405654382604,1.0
2013-05-06,0.0009437067222021159,5.255759937968959e-06,2.0255045837112385e-06,0.0,2.5784238956658523e-06,4.948657768015688e-07,0.18209278727769668,0.3133503198139618,0.23021286931129822,0.0009333521680079684,1.0
2013-05-07,0.0012769463084658214,7.766026306224344e-06,1.0737511793321912e-05,0.0,3.067484181274601e-06,3.5008586169754487e-06,0.5140608781361908,0.5149157393984871,-0.07322850825338822,0.001251874427568025,1.0
2013-05-08,-0.0007016029058131191,6.920108360407841e-06,5.638192168865772e-06,0.0,3.47716267444361e-06,1.6129063536801506e-06,0.33601825157574666,0.1937071534867305,-0.07726111393153481,-0.0007192512753705165,1.0
2013-05-09,9.297369780221355e-05,2.159050303757856e-06,1.634463783540587e-06,0.0,1.3178630807820162e-06,1.339334283126303e-06,0.10312379510628705,0.15103836635293438,-0.07396979321228457,8.652298635100678e-05,1.0
2013-05-10,-0.00024884137573796757,3.834583648739902e-06,2.489063113460681e-06,0.0,2.0429829386364427e-06,1.557255738068963e-06,0.1405909817489031,0.17530833341917296,-0.08631063057641279,-0.0002587652611768736,1.0
2013-05-13,0.00014909903881682042,2.523613086212659e-06,1.1208898804999236e-06,0.0,1.460440333777227e-06,6.552736262765551e-07,0.1203148604640272,0.08604500307260265,-0.024040966141858598,0.00014333882189005405,1.0
2013-05-14,-0.00018450507168263222,3.188898963792967e-06,1.253236175870401e-06,0.0,1.2909722583124772e-06,4.941874582082117e-07,0.0825747047130291,0.07542657148944984,-0.007596921489529722,-0.00019073236653881627,1.0
2013-05-15,-2.0470525894466428e-05,2.4885544720496656e-06,1.2399432108509359e-06,0.0,1.2788571861515387e-06,7.104727519685106e-07,0.08565292548878273,0.12332634179514944,0.003966919464439649,-2.618835351548708e-05,1.0
2013-05-16,6.902106807130458e-05,7.3106439535710345e-06,6.372637744503824e-06,0.0,3.7266756014093987e-06,3.2998606989334014e-06,0.39607928052088237,0.47829982083185274,-0.07607677658895873,4.831125007288692e-05,1.0
2013-05-17,-0.0006437292555330869,4.947141032933965e-06,2.909026791638358e-06,0.0,2.761697667715944e-06,3.342176026847461e-06,0.1342960284328886,0.4340547501512592,-0.12743082235911427,-0.0006576892970522226,1.0
2013-05-20,-9.77432537087074e-05,5.71446455194023e-06,2.3887154150816957e-06,0.0,2.7253520202558702e-06,3.0690945537061146e-06,0.166097291755569,0.4374273069744738,-0.0781805780481534,-0.00011164088024969132,1.0
2013-05-21,0.00012277369251633395,4.942448499211065e-06,2.6418353702975123e-06,0.0,1.9016215160410007e-06,2.8675934328565436e-06,0.15144988306372542,0.4101288342293131,-0.07162686249058606,0.00011042019369792783,1.0
2013-05-22,0.0006050032620706011,5.697933741907664e-06,5.8705373968504495e-06,0.0,5.268396666612276e-06,3.4862938810914907e-06,0.21295606665785358,0.33629272227254386,-0.24940464975082652,0.0005846801003841392,1.0
2013-05-23,0.00037986731378128556,6.070742806499596e-06,3.889772742644652e-06,0.0,2.674406408688139e-06,4.150870778492195e-06,0.18172460793454837,0.38924968509691027,-0.30809660568977837,0.000363081521044961,1.0
2013-05-24,0.0009787386464846335,3.669382560748271e-06,2.736767630350606e-06,0.0,1.9107329097555826e-06,4.6726352240380706e-06,0.1174482955244672,0.4260903110861367,-0.3589124065522591,0.000965749128159741,1.0
2013-05-28,-0.0017856942984016211,8.705838505046933e-06,1.5146024788539612e-06,0.0,5.4411061681484965e-06,2.924373598461121e-06,0.24718569935783777,0.31679670708603264,-0.17449805745543562,-0.0018042802191521317,1.0
2013-05-29,0.0015988536367073866,8.937292444414382e-06,3.139234403252228e-06,0.0,5.712050934313668e-06,5.478394768504657e-07,0.4006678656776201,0.18547487592876158,0.09343784381788338,0.001580517219448556,1.0
2013-05-30,-0.000190326292948912,5.322444924944058e-06,2.7502819636018703e-06,0.0,3.086018804039971e-06,8.909869537857804e-07,0.1718728706545913,0.24889319367682503,0.09920738544081391,-0.0002023760255952837,1.0
2013-05-31,-0.00161964148363549,6.767368452122936e-06,3.965511974289747e-06,0.0,3.2105441777728672e-06,3.2957130967945827e-07,0.4057086582224178,0.34177574632340585,0.2864077662972569,-0.0016339144795493549,1.0
2013-06-03,0.0014541925689353476,7.518236189768336e-06,8.733404641326845e-06,0.0,3.582459991414046e-06,1.4640837108932558e-06,0.31726275225278805,0.2501337704497249,0.004167707019657935,0.001432894384401945,1.0
2013-06-04,0.0002755082853878794,4.927502367531215e-06,1.4184115679374382e-06,0.0,2.1153011002034104e-06,9.63769657782407e-07,0.21541429363957731,0.32398414452967983,0.16207084202223554,0.00026608330069442495,1.0
2013-06-05,-0.002166332768429544,3.9159682259284655e-06,2.1075699729860568e-06,0.0,1.5829178278659716e-06,8.249772394811889e-07,0.1951874743986204,0.37827118986209296,0.23967501362925317,-0.0021747642016958055,1.0
2013-06-06,0.0023521593631557263,7.601529338518961e-06,6.9014057563898315e-06,0.0,4.9987874993008525e-06,2.5841352143788647e-06,0.27010119034274127,0.4936038683975275,0.059469152381878235,0.002330073505347138,1.0
2013-06-07,0.00028976301169298226,1.0488704101995807e-05,1.4217741946990041e-05,0.0,4.8806737854562516e-06,3.5984314488409253e-06,0.7352719428095679,0.3214810300517766,-0.28305545335349874,0.0002565774604096992,1.0
2013-06-10,-4.635669017339164e-05,6.3835325404012885e-06,1.5079783377206818e-06,0.0,3.7967487747823252e-06,3.008001433008584e-06,0.2346245880976226,0.3958310115636533,-0.10951322918178877,-6.105295125930452e-05,1.0
2013-06-11,0.001764866212328623,5.769735312133003e-06,3.211076660373475e-06,0.0,3.106009508086945e-06,1.7926119285863974e-06,0.254722523520955,0.263678638485382,-0.03748016551713281,0.001750986778919443,1.0
2013-06-12,0.00021117442254904844,3.4509792600169883e-06,2.5000066701870516e-06,0.0,2.168745096776265e-06,1.6436545769368314e-06,0.11178613831905772,0.19223853903257931,-0.08389542989280838,0.0002014110369451313,1.0
2013-06-13,-0.0013383573449343457,7.684615461381833e-06,5.090931040417404e-06,0.0,3.522499751287416e-06,1.1670566278433722e-06,0.5230593815055968,0.37124395648677116,0.17517844300908464,-0.0013558224478152758,1.0
2013-06-14,-0.001240992467870471,9.078928957526325e-06,9.961380002344541e-06,0.0,4.189251793996719e-06,2.183008283131372e-06,0.4117007929126082,0.25433919422846396,-0.11240619733760658,-0.00126640503690747,1.0
2013-06-17,-0.0010676248950950997,7.74017387425395e-06,1.4437438994156991e-06,0.0,4.529396090057197e-06,6.635373174655604e-07,0.25102412340770697,0.19114171590458437,0.07966744657037023,-0.001082001746276292,1.0
2013-06-18,0.0005359079030937527,7.507144110647471e-06,9.076222394036164e-06,0.0,2.62797356071552e-06,3.3738831724349315e-06,0.44482837292099064,0.4064353842307561,-0.16037698873831233,0.0005133226798559186,1.0
2013-06-19,0.0019941309838918393,8.134520594962227e-06,1.491292616656506e-06,0.0,4.008877057624929e-06,2.7527764904737495e-06,0.24226081908255104,0.4847300134568754,0.022263563057285496,0.001977743517132122,1.0
2013-06-20,-0.0008799486573418708,1.0078597565422047e-05,8.086524333128238e-06,0.0,5.4061093653068646e-06,3.8619554022171626e-06,0.2598229857664428,0.4395091111556183,-0.20929939641686493,-0.0009073818440079451,1.0
2013-06-21,-0.000473276368896984,8.110207526486645e-06,5.771076894686322e-06,0.0,4.200094637095186e-06,5.180272839073049e-06,0.27312675342763176,0.5633049752783529,-0.30698086168591937,-0.0004965380207943252,1.0
2013-06-24,0.004127442169017942,1.1440805528394527e-05,6.876090179872638e-06,0.0,4.215247190961143e-06,3.845487454577135e-06,0.7686298256749019,0.7748160003742116,0.12877410800525307,0.0041010645386641365,1.0
2013-06-25,0.000735308887986623,1.3537053500247434e-05,3.097213467029541e-06,0.0,7.644853189374522e-06,6.853649680212156e-07,0.45562119977770893,0.5688492010533811,0.4537078864258169,0.0007103444028619503,1.0
2013-06-26,0.004457428420998358,5.131217238543091e-06,3.060062060872166e-06,0.0,2.4508335514702894e-06,8.364182590201207e-07,0.16425675454037864,0.5764835917848374,0.43596532426945706,0.004445949889888452,1.0
2013-06-27,0.0032184930987369364,3.048935264580478e-06,2.1403635050580077e-06,0.0,1.5049838138816872e-06,8.280099824165958e-07,0.11075517323138218,0.5511499859740481,0.41204430892806,0.003210970806171,1.0
2013-06-28,-0.0012012467980810463,1.101323732312839e-05,1.5501831636689028e-05,0.0,3.4670237923017203e-06,2.5631135786114765e-06,0.7354144610317227,0.38661665665482314,-0.04398642455190502,-0.001233792004411777,1.0
2013-07-01,-0.0002893775373900259,4.254486316338971e-06,3.292543332462648e-06,0.0,1.8607450732122073e-06,1.7758267741697405e-06,0.17144226251390687,0.23018156516331642,-0.06815733289719997,-0.0003005611388862094,1.0
2013-07-02,-0.0002840726004636686,2.6397786299054757e-06,1.7251439480539388e-06,0.0,6.989901044888263e-07,1.677345188106783e-06,0.09561474765303005,0.2039000357621328,-0.07789395583980674,-0.00029081385833422364,1.0
2013-07-05,-0.0012287325347257578,2.8610062658356602e-06,2.876132461705436e-06,0.0,6.92767511890698e-07,2.5369628468139145e-06,0.12342649726789742,0.2709966472434139,-0.15521311102132368,-0.0012376994038120035,1.0
2013-07-08,-0.0009231001189424601,4.291975734196168e-06,7.236463710432279e-07,0.0,2.0309453520767074e-06,2.532240647781307e-06,0.10390665953505279,0.34098736034217114,-0.08442906848508837,-0.0009326789270475575,1.0
2013-07-09,-0.00031816604817434563,3.7025635083649887e-06,1.8683623822725124e-06,0.0,2.0652854808807557e-06,2.5192157197861405e-06,0.10744307386021265,0.34056578758194883,-0.08266245334212272,-0.00032832147526565004,1.0
2013-07-10,-0.00014011497016473663,4.412692795788801e-06,2.2648154732420003e-06,0.0,1.3895128240122986e-06,2.1708606087701025e-06,0.1388362074071237,0.2903375016115522,-0.07436708066182503,-0.00015035285186654982,1.0
2013-07-11,-0.0003105436315747486,2.8595232893636736e-06,1.2648489750375926e-06,0.0,1.2469625577317358e-06,2.297561683387974e-06,0.08688565071934773,0.33362098135600354,-0.052369381453176087,-0.00031821252808026957,1.0
2013-07-12,0.00018391897679318706,2.411553880221958e-06,2.5178029630213072e-06,0.0,9.180297148371015e-07,2.832614355053558e-06,0.11639203226173993,0.3612729550369687,-0.11460625661202911,0.00017523897588005312,1.0
2013-07-15,-0.0006200140782814813,1.5308749810396683e-06,7.828633995322206e-07,0.0,7.962409110614102e-07,2.8144431912372605e-06,0.051269163988706234,0.3600086041503793,-0.11281785197748043,-0.0006259385007643519,1.0
2013-07-16,7.396858679401176e-05,5.227046949402773e-06,4.3147340820545906e-06,0.0,2.3430196655791803e-06,2.7122711992761455e-06,0.17230637609202581,0.240264993019027,-0.2153965684593655,5.937151489769907e-05,1.0
2013-07-17,-0.0005969818913704115,6.519573007226729e-07,2.029171485320972e-07,0.0,3.994832498484274e-07,2.696653147384938e-06,0.020957178533799407,0.2487734542774851,-0.20426427448318446,-0.0006009329022168997,1.0
2013-07-18,-0.0014478228158900895,7.180412828050878e-07,4.1923311473323386e-07,0.0,3.401668895214468e-07,2.7257739085638237e-06,0.02620805625374983,0.25059902363141795,-0.20733099300730432,-0.0014520260310857131,1.0
2013-07-19,-0.00010335160059051754,1.6071365123524273e-06,7.422762024341122e-07,0.0,7.89169757129208e-07,2.6949415936704073e-06,0.052797076879328726,0.253509024065987,-0.1992411636706415,-0.0001091851246561037,1.0
2013-07-22,-0.00042172889412584944,1.5721912079577234e-06,7.825690541003421e-07,0.0,4.51446075263479e-07,1.2965191738425079e-06,0.143751549552413,0.13435317170559594,-0.08346204949994536,-0.00042583161963701346,1.0
2013-07-23,0.00025233710475855355,1.5340112894956098e-06,9.409782310795306e-07,0.0,1.0262151036958258e-06,1.1383566852030813e-06,0.06038187861545536,0.11312311008056596,-0.07812081303355173,0.0002476975434490795,1.0
2013-07-24,0.00044240820797130276,8.374745987533209e-07,8.118851517815599e-07,0.0,6.099548116912103e-07,1.2513474881467528e-06,0.033987531894602616,0.1116038396714528,-0.09862253833720167,0.00043889754592092993,1.0
2013-07-25,-0.0002799472577401154,2.3298203660160022e-06,1.1260264843947678e-06,0.0,7.938716457810033e-07,3.74505224296246e-07,0.18439439701878182,0.10505350267633815,0.04213662499456881,-0.00028457148146060344,1.0
2013-07-26,-8.01554161457887e-05,2.2191809827096007e-06,1.1793349204803421e-06,0.0,8.159869446054127e-07,5.615160729172055e-07,0.050381560218582255,0.12662514904830283,0.0322904487982123,-8.493143506650125e-05,1.0
2013-07-29,0.00018028829859189708,3.0176437206505458e-06,8.082540021023392e-07,0.0,1.108235365249284e-06,2.2923357827126996e-07,0.0668868246759259,0.09244628869808746,0.05393504754851413,0.00017512493192562364,1.0
2013-07-30,-4.5039122542784365e-05,1.4985282802872653e-06,2.0914689015436257e-06,0.0,5.002916798779503e-07,1.4988636606397375e-07,0.09878853513015981,0.019323324437607453,-0.005857585061140136,-4.927929777055718e-05,1.0
2013-07-31,-0.00011583138898502324,1.026723910824507e-06,5.592964266530158e-07,0.0,9.069102921388707e-07,2.034866652018111e-07,0.03646510931807738,0.03306967866356776,-0.0011160810903365088,-0.00011852780627984145,1.0
2013-08-01,0.0003443783236731279,2.5047538440391808e-06,8.292603810564636e-07,0.0,1.4707857159515665e-06,2.09920023387903e-07,0.09394507670122178,0.08721303878648602,0.051946474857318306,0.0003393636037086928,1.0
2013-08-02,0.0003318367040465597,2.7643049237353166e-06,7.649055120587641e-07,0.0,7.16854832101961e-07,3.3497759252972837e-07,0.09797224522983822,0.16921157788946553,0.11293534234447115,0.00032725566118613393,1.0
2013-08-05,-8.485361290799594e-05,2.401737068116568e-06,5.58931259754491e-06,0.0,5.584241102252502e-07,2.4779246963955426e-06,0.22254078143729897,0.31855523439887123,-0.09773611459557996,-9.588101138027822e-05,1.0
2013-08-06,0.0004476014023007413,4.004930408641128e-06,2.9455952080049405e-06,0.0,1.3674886123306722e-06,2.2832031519068844e-06,0.12593110910209573,0.2284465806968132,-0.15513154882354335,0.00043700018491985764,1.0
2013-08-07,0.0004413789520560099,4.3316633396017835e-06,2.2229565054230864e-06,0.0,1.0153454644781084e-06,3.460558527342238e-07,0.370067460476863,0.18231495547232213,0.12417757221297254,0.0004334629308937727,1.0
2013-08-08,0.00041275101753625423,1.4446733356936644e-06,1.4551535706743314e-06,0.0,6.898332121830541e-07,5.255793079833474e-07,0.07070712401628124,0.18043399039616786,0.0921366666549655,0.00040863577810971985,1.0
2013-08-09,-0.0003713495872260374,2.548720985556661e-06,1.8717755168096226e-06,0.0,1.820280838115082e-06,6.396976622139557e-07,0.10840865095103691,0.18786168045429247,0.08039247320234791,-0.00037823006222873276,1.0
2013-08-12,-0.0004332560425185844,1.899980555584798e-06,6.841351340668286e-07,0.0,1.1629620806783688e-06,3.577466175917916e-07,0.07142213168750694,0.17474160716917903,0.11464017541375801,-0.0004373608669065062,1.0
2013-08-13,0.0006319126250191197,2.285321114646965e-06,4.397838209451236e-06,0.0,7.489818784109907e-07,4.734630481564961e-07,0.20252015508009114,0.0595587934964824,-0.019982998593808934,0.000624007020768454,1.0
2013-08-14,-2.4666304275474673e-05,1.3672549612475816e-06,4.291320774614911e-07,0.0,9.268872602336938e-07,3.724145534426139e-07,0.04420465589466979,0.062412194730144525,-0.00015345024821461842,-2.7761993127860054e-05,1.0
2013-08-15,0.00014395958980549105,1.6282428972092654e-06,1.3977315172200956e-06,0.0,1.2260120067535346e-06,5.624527757829565e-07,0.05638710632047843,0.0618447241926165,-0.03264734213892019,0.0001391451506085252,1.0
2013-08-16,0.0001766611353839781,6.70793105793192e-06,3.826883203666336e-06,0.0,2.0672568195397076e-06,1.205174633078797e-06,0.40183435588702865,0.3847347519003254,0.1822654135430875,0.00016285388966976136,1.0
2013-08-19,-0.0008253132597298794,2.667002588747841e-06,2.7574788628293296e-06,0.0,1.3830581046483254e-06,2.1738425655610733e-06,0.10469060321688771,0.4657818693627773,0.10057631834851713,-0.000834294641851666,1.0
2013-08-20,0.0002534046772791706,7.189263611001198e-06,1.8781110050415695e-06,0.0,3.475218345311731e-06,5.920905906095933e-07,0.24496224726860014,0.35388471190881243,0.2544134926864008,0.00024026999372720652,1.0
2013-08-21,-0.001809721201113908,5.4799306741440675e-06,7.838651709122393e-06,0.0,2.0403506582151814e-06,1.05401336908825e-06,0.3986896169403109,0.21939617515102394,0.04232192914419798,-0.0018261341475244778,1.0
2013-08-22,0.00018068514669813726,3.206535705566574e-06,2.2557612341306195e-06,0.0,1.985124704758351e-06,9.394574851246199e-07,0.10539375246694291,0.16809977864944722,0.010270921148511077,0.0001722982675685571,1.0
2013-08-23,0.00023047785682760597,2.5124857987535807e-06,4.164455124367502e-06,0.0,5.912133581978593e-07,2.472682780582968e-06,0.1995839414970918,0.30715067765532467,-0.1082600294826141,0.00022073701976570406,1.0
2013-08-26,0.0006085114906696085,3.822318227882868e-06,1.3671378460761795e-06,0.0,1.9088361079185967e-06,2.359523842486969e-06,0.14037674031067604,0.3538009612320184,-0.04259904430579244,0.0005990536746452439,1.0
2013-08-27,0.0005321520806059051,1.9322403010903334e-06,1.9002749952172157e-06,0.0,1.3633937132119938e-06,2.328245389890443e-06,0.08599324583090148,0.30663938169063104,-0.08450584381096335,0.0005246279262064951,1.0
2013-08-28,-7.69613294505884e-07,1.1489145379565514e-05,8.88048399222214e-06,0.0,4.9826219130008035e-06,2.2013659406344043e-06,0.7134213099723679,0.4987305562708261,0.1289010782442461,-2.8323230519928747e-05,1.0
2013-08-29,-3.320567167354753e-05,2.822956982027532e-06,2.7396262416990175e-06,0.0,1.4870500138359262e-06,2.5811247709611033e-06,0.1230011878288233,0.49846078535557425,0.06483182383410892,-4.283642968207111e-05,1.0
2013-08-30,3.2377315274715614e-05,8.444609553585994e-06,2.8411521157961695e-06,0.0,4.341904459130498e-06,4.689258802649092e-07,0.2797874716938846,0.276645616390345,0.1978660685058403,1.6280723265938043e-05,1.0
2013-09-03,0.0004601772987501346,3.1174172190639153e-06,4.1923393934064846e-07,0.0,1.7483850810496654e-06,1.4230080375417503e-07,0.08637693180103384,0.29620799371095724,0.27230145868025585,0.0004547499617069262,1.0
2013-09-04,0.0026567483931592443,2.535016508203101e-06,1.8679905808475573e-06,0.0,1.4095783396964499e-06,3.0994698564290173e-07,0.08188539245953175,0.2920667800998264,0.2399956865118189,0.0026506258607448545,1.0
2013-09-05,0.0001918316406231236,1.308465255825286e-06,3.9863027552228317e-07,0.0,5.875919176409545e-07,3.500607807375175e-07,0.042801936193021334,0.31868751139712015,0.2598773002332172,0.00018918689239339756,1.0
2013-09-06,0.00012336794660233155,6.032173902825544e-06,1.126812747356445e-05,0.0,2.364061115778286e-06,2.444558106035113e-06,0.5610844402306425,0.3578205257831554,-0.05286523603074342,0.00010125902600412816,1.0
2013-09-09,-0.000267820223040102,2.8775831977725386e-06,2.3106024910666486e-06,0.0,1.630816660121218e-06,2.444373422405042e-06,0.09179620327562098,0.3023442602238833,-0.108310474740164,-0.00027708359881146744,1.0
2013-09-10,-0.0008809315757943277,2.4253387340694664e-06,1.9471447336047387e-06,0.0,1.1536681986968761e-06,3.001500634823598e-06,0.11845047364201808,0.37899839735572516,-0.1252537092946394,-0.0008894592280955224,1.0
2013-09-11,0.00010249635589411771,6.348311251991679e-07,1.2605242615097839e-06,0.0,1.2979949895252872e-07,3.478642989799093e-06,0.050769849571602535,0.41386137269371553,-0.17055064959253205,9.699255801865714e-05,1.0
2013-09-12,0.0005000150221973054,4.431421426226732e-06,2.813353612938191e-06,0.0,1.8100498734569751e-06,1.8583604517141676e-06,0.25551585067501525,0.2370383019683489,-0.07516625391963125,0.0004891018368329694,1.0
2013-09-13,0.00012281705563740088,2.740847830948828e-06,2.030256130249662e-06,0.0,1.5354253185904968e-06,1.7226831337262996e-06,0.10519499331923361,0.18985548601785712,-0.09955528044816123,0.0001147878432238856,1.0
2013-09-16,-0.0006947286604307968,2.532037548300302e-06,2.3846804581301795e-06,0.0,1.1874918458576245e-06,1.2590100115695404e-06,0.16189294719469083,0.12538392109514587,-0.08612976084853693,-0.0007020918802946544,1.0
2013-09-17,-0.0004327459285657078,1.9719588259749823e-06,1.0193101616681244e-06,0.0,1.1119123831277635e-06,9.994860437623894e-07,0.08399844551793426,0.10554312081763001,-0.06237053453445147,-0.00043784859598024103,1.0
2013-09-18,-0.0007350004659493032,4.365756961070336e-06,1.177057547702217e-06,0.0,2.1286490852421734e-06,1.0899640467982023e-06,0.12917647467893714,0.18274093779692807,-0.0003730220651698979,-0.0007437618935901161,1.0
2013-09-19,8.11061016147528e-05,4.928212372037388e-06,8.644556705860836e-06,0.0,1.829902510249124e-06,4.746015477283542e-06,0.40735061293540353,0.5429211284001652,-0.25440947178346995,6.095741454932192e-05,1.0
2013-09-20,0.0017152426448454358,6.732988994978728e-06,2.8997507477927105e-06,0.0,4.901728545801607e-06,4.226260661222315e-06,0.31314231505920453,0.6145258017936206,-0.09548598929172829,0.0016964819158956405,1.0
2013-09-23,0.000694725282996867,8.71711714599661e-06,7.837528974686224e-06,0.0,5.667367289988144e-06,3.8585839928472745e-06,0.31968522697908824,0.35932206558080687,-0.28892004521753534,0.0006686446855933487,1.0
2013-09-24,0.0009319864897443199,5.528566306038974e-06,3.580441901525438e-06,0.0,1.2892289943157436e-06,8.371267432230519e-07,0.5858617366144551,0.2886662434978402,0.14802895063636745,0.0009207511257992167,1.0
2013-09-25,-0.00013377879882932756,3.857772258146161e-06,2.7885502856334954e-06,0.0,1.7899754436829753e-06,5.440214746575453e-07,0.16897296512389937,0.22500848611209412,0.1336128783696265,-0.00014275911829144774,1.0
2013-09-26,0.0007372767641943492,4.733488105923232e-06,6.8277093126767876e-06,0.0,2.674660094190353e-06,1.2926317056760336e-06,0.2760559808618547,0.12970051040963868,-0.08746161614393493,0.0007217482749758828,1.0
2013-09-27,0.00030665045900503385,3.792520790504946e-06,1.1243869440766496e-06,0.0,2.4984984025584893e-06,7.017045305865446e-07,0.10765282169298035,0.0762034945612726,-0.04168286657726691,0.0002985333483373072,1.0
2013-09-30,4.3896823940349245e-05,5.255368426963134e-06,4.095947976625134e-06,0.0,3.0856831268947653e-06,1.8574188557835498e-06,0.1701870665888587,0.17483071435190917,-0.1372156534197272,2.9602405554082662e-05,1.0
2013-10-01,-0.0006117980633772212,6.651753774647446e-06,4.6776690736031654e-06,0.0,4.737405042396716e-06,2.5352326803805624e-06,0.3954665988375132,0.4232797408362285,-0.0026393494677060397,-0.000630400123948249,1.0
2013-10-02,-0.0007068634127192975,3.177941469493035e-06,1.924977844176651e-06,0.0,2.64724919645964e-06,2.3533859359858126e-06,0.13731222258252934,0.40135667620907073,0.005987838963454284,-0.0007169669671654126,1.0
2013-10-03,-0.0005531528299112053,5.021856926423114e-06,8.075079895210744e-07,0.0,3.5739629180877115e-06,1.391728726915747e-06,0.21778802517614657,0.4384613354207019,0.2046509092988564,-0.0005639478864721529,1.0
2013-10-04,0.001602430332863706,7.673141986818107e-06,5.777270185850316e-06,0.0,5.76705878320363e-06,2.177129925944409e-06,0.2616662249508205,0.46070366871479473,0.094945841156134,0.0015810357319818895,1.0
2013-10-07,-0.0004467419364365653,5.04044702116134e-06,2.3263374098679967e-06,0.0,3.199482244885936e-06,1.7241990294384015e-06,0.33029916901568646,0.6000677408400157,0.3104023038943643,-0.00045903240214191895,1.0
2013-10-08,-0.004163927219410107,7.743694583447712e-06,5.01096322000258e-06,0.0,4.089341431891522e-06,2.584600303322243e-06,0.3660178712343404,0.8130141592780505,0.3788013083199138,-0.0041833558189487705,1.0
2013-10-09,0.0005032149282303226,1.1765082379400148e-05,8.566677274319984e-06,0.0,7.726667259289089e-06,3.9882061013531105e-06,0.3870381014770998,0.8784995923725947,0.20848096734527224,0.00047116829521596024,1.0
2013-10-10,0.006202748343015341,1.880500778186208e-05,2.7405461965839798e-05,0.0,9.37538273152821e-06,6.763614193657241e-06,1.3096055334258767,0.6030942909986141,-0.5331928935358025,0.0061403988763424535,1.0
2013-10-11,-0.0034016634293116453,1.8351491496409663e-05,7.316266694152963e-06,0.0,1.3067568396328655e-05,6.7860896905122845e-06,0.7080648348381386,0.8633902255827668,-0.2766728424232971,-0.0034471848455890487,1.0
2013-10-14,-0.0015100940704010188,6.029337589915293e-06,1.1566030326862414e-06,0.0,2.1996240440575593e-06,6.831975662052459e-06,0.17110889961893733,0.9908674667388596,-0.1569044444859537,-0.0015263116107297303,1.0
2013-10-15,0.002284892251570054,1.5122803585071776e-05,1.1118278791631116e-05,0.0,9.245012425902977e-06,5.722465488343712e-06,0.4574447671046705,0.5777650457385698,-0.38360915630317394,0.0022436836912791045,1.0
2013-10-16,-0.005575524925825871,5.861119539616301e-06,4.374612483851688e-06,0.0,1.915596295371298e-06,3.54950277047301e-06,0.35015113768364714,0.32072812597899614,-0.2755883394604696,-0.005591225756915183,1.0
2013-10-17,-0.0019870041194247415,4.8341415946227995e-06,1.213315897935412e-06,0.0,2.506952090760866e-06,3.4953389136833136e-06,0.14525696021137946,0.3937426036275807,-0.19347433387121593,-0.001999053867921744,1.0
2013-10-18,-0.0012386358295295443,6.66281033202486e-06,4.198196118054859e-06,0.0,4.420262735872658e-06,4.893289762816909e-06,0.29899041836526924,0.6400029259388275,-0.1820697542144133,-0.0012588103884783135,1.0
2013-10-21,0.00022250423934562074,7.923777833438884e-06,4.243063034648271e-06,0.0,3.4000151490825974e-06,3.0837267100455457e-06,0.3588607183385669,0.4688327760443023,-0.049233311243349454,0.00020385365661840544,1.0
2013-10-22,-0.0009676543264257884,4.018227057016903e-06,2.3852917255575313e-06,0.0,2.60670800816735e-06,3.0288826874151447e-06,0.13047131427381978,0.4444334136357344,-0.06441887785000992,-0.0009796934359039453,1.0
2013-10-23,0.0011595553941529013,5.3910651837016105e-06,2.9610675325190888e-06,0.0,2.252486203053418e-06,2.1615450323752333e-06,0.22065395228641432,0.34981229774348754,-0.013327267695551759,0.001146789230201252,1.0
2013-10-24,0.0004905485679058278,3.866819817148823e-06,2.69869797536158e-06,0.0,1.7419730469963933e-06,2.603385321939323e-06,0.13419569865080028,0.3857713986183502,-0.05159733546745614,0.00047963769174438165,1.0
2013-10-25,0.0010000786584355803,8.11144510024332e-06,6.239085165963058e-06,0.0,4.281396955025547e-06,1.556344088824526e-06,0.366471089094588,0.19821627455487723,-0.06324953236764314,0.0009798903871255239,1.0
2013-10-28,0.00010733059849063376,3.352958249433532e-06,1.7861134601231563e-06,0.0,2.267189293928071e-06,1.084180960024472e-06,0.14145925368711668,0.15177195828145496,-0.03037044300265631,9.884015652712454e-05,1.0
2013-10-29,-0.0007572774383667483,4.74803908178686e-06,5.0348888085836615e-06,0.0,2.1708360991456293e-06,2.6408214335055075e-06,0.2503994774444653,0.2907109374561075,-0.15294706337281777,-0.0007718720237897699,1.0
2013-10-30,0.0007867817299887186,3.900690340808425e-06,1.4281813390880138e-06,0.0,2.435321506128215e-06,6.992915086353556e-07,0.25953163938879126,0.16837342336318298,0.05089244991244323,0.0007783182452940586,1.0
2013-10-31,-0.00011172438758790028,3.1890904528878063e-06,2.320847232164533e-06,0.0,2.7859642727843983e-06,9.351576705663084e-07,0.14124306379141324,0.2074754450924028,0.05036895643726294,-0.00012095544721630333,1.0
2013-11-01,-0.00047500498578183003,5.420412494936482e-06,4.120473608717213e-06,0.0,4.091978517309909e-06,6.922007901501616e-07,0.20127516369651144,0.10134023681823232,-0.014949495926994818,-0.0004893300511929438,1.0
2013-11-04,-9.001310851987425e-06,1.620267206768296e-06,1.3999862472572504e-06,0.0,8.767363945337366e-07,5.988552815717779e-07,0.0685509681227155,0.0633142253035929,-0.037293462000465794,-1.3497155982118485e-05,1.0
2013-11-05,0.00013504269583289248,2.2293483022103412e-06,1.9899054357735606e-06,0.0,7.977348884521816e-07,1.1228001233487586e-06,0.11405614582449512,0.11933432654975534,-0.06929609417283608,0.00012890290708310765,1.0
2013-11-06,-0.00034638093426769183,1.949877142764475e-06,1.699698553959511e-06,0.0,1.2827622423359969e-06,1.4552703629756584e-06,0.0871066978170488,0.15386103578440705,-0.09062438519550362,-0.0003527685425697275,1.0
2013-11-07,0.0012203179825406045,3.2424090118486604e-06,2.319100142089497e-06,0.0,1.8855764900998657e-06,1.939241295188245e-06,0.12002321165536402,0.20419876818142907,-0.12159376941019606,0.0012109316556013783,1.0
2013-11-08,-0.0012714934026378689,7.285563077012112e-06,6.421868936886303e-06,0.0,4.4037910200194726e-06,2.6259554551689698e-06,0.34825722832491746,0.2623009730787273,-0.17885954338965962,-0.0012922305811269557,1.0
2013-11-11,0.00039632994218529057,9.253081034162186e-06,2.1196444193141517e-06,0.0,6.22188586984971e-06,2.055633288590445e-06,0.31346949599249946,0.38636691033328296,0.04102051785008817,0.00037667969757337405,1.0
2013-11-12,-0.0004283621691076522,1.071240602109615e-05,5.414889102972481e-06,0.0,6.923568202015326e-06,2.9638023012027217e-07,0.3185006180411102,0.09903460904099569,0.04924273038078998,-0.00045170941266385644,1.0
2013-11-13,0.0004535701324023286,4.261158822438091e-06,6.076882760367183e-06,0.0,2.0267696407675484e-06,2.077908220039772e-06,0.31222818513836836,0.26281808393246936,-0.08627049703421236,0.00043912741295871604,1.0
2013-11-14,-0.0008090894590206956,2.735572337571759e-06,9.16394804606584e-07,0.0,1.1376889176324004e-06,2.1331970821595378e-06,0.08646054953449522,0.3023478210814735,-0.056029288721328785,-0.0008160123121626659,1.0
2013-11-15,-3.520289169120538e-05,2.18828618533624e-06,1.5804036661555988e-06,0.0,1.1028189972911795e-06,2.3049738022948606e-06,0.0925165508188879,0.32440014538403905,-0.06283545340149763,-4.2379374342283254e-05,1.0
2013-11-18,0.00043538530149765274,5.544315754546e-06,3.906840867171883e-06,0.0,2.5083582157465055e-06,2.836298695191008e-06,0.2017558081556436,0.3482953889438313,-0.12820279184825806,0.00042058948796499737,1.0
2013-11-19,2.3867775239692327e-05,5.809900634129227e-06,3.5455946302646895e-06,0.0,2.591570994822746e-06,2.508143570812376e-06,0.16282421889001703,0.24421905706074065,-0.1771490628357384,9.412565409663288e-06,1.0
2013-11-20,0.0004638245556251305,1.710391814325516e-06,9.619460268992537e-07,0.0,7.577966170462877e-07,2.358275961394266e-06,0.051171657728583064,0.21634345158565382,-0.17984690992858293,0.00045803614520546515,1.0
2013-11-21,-0.0014289842820469365,9.124363326306812e-07,5.486307753346708e-07,0.0,4.585994212561721e-07,2.4641319511336544e-06,0.028783198976409533,0.22595810301687563,-0.18801606477357832,-0.0014333680805272916,1.0
2013-11-22,-0.0010858910135151602,4.15589341569772e-06,1.729684896548608e-06,0.0,2.407238356619322e-06,2.7674758846882633e-06,0.1706338656897917,0.3519922040962231,-0.11294374453140513,-0.001096951306068714,1.0
2013-11-25,4.970261586450343e-05,3.4172966877304895e-06,2.3801301741565633e-06,0.0,1.7520390997349683e-06,3.33865691317019e-06,0.16572183130642293,0.45871819783735374,-0.10217616357523815,3.881449298971122e-05,1.0
2013-11-26,-0.0005949545756336829,5.39990991557518e-06,3.868366049003038e-06,0.0,2.666316866678375e-06,1.5601125867286336e-06,0.3076049150598522,0.22849086578233874,-0.03360804878807175,-0.0006084492810516682,1.0
2013-11-27,-0.00029781885864038334,3.4218601215162453e-06,2.5786451305327344e-06,0.0,1.561765812031843e-06,1.2048192316996766e-06,0.13717368855833206,0.14622279003187344,-0.05618684089367221,-0.0003065859489361638,1.0
2013-12-02,-3.5487355392091875e-05,1.908373378223053e-06,1.5929056915045697e-06,0.0,1.1754160372170611e-06,1.582438732558664e-06,0.07749633804485678,0.18444643388757115,-0.08140327318228438,-4.174648923159522e-05,1.0
2013-12-03,0.0007872598354034666,3.864608084634547e-06,3.4483523909166143e-06,0.0,2.2385937256457106e-06,2.227448530671487e-06,0.15330181579156735,0.21836735042103977,-0.15584400273177007,0.0007754808326715982,1.0
2013-12-04,0.0007169941765029107,4.0961339979351e-06,1.8783673021367588e-06,0.0,1.2276236634976637e-06,1.044905104074772e-06,0.3842230267403327,0.3390661020101147,0.16352204452555302,0.0007087471464352664,1.0
2013-12-05,-0.0005593461170419719,4.107485458724821e-06,3.7602472855655003e-06,0.0,2.683744025931977e-06,1.1730647891611405e-06,0.19071645046708305,0.29251506010588907,0.0954401755268175,-0.0005710706586013553,1.0
2013-12-06,0.0014421682452522013,5.646785643401412e-06,1.2632903980826172e-05,0.0,1.7678350424833732e-06,4.025888823482387e-06,0.5577003502758128,0.3425398593084299,-0.3338094630366111,0.001418094831762008,1.0
2013-12-09,-0.0009290633012467345,2.650457502977655e-06,1.3791565473828888e-06,0.0,1.2085908213985703e-06,4.2684095675062734e-06,0.09152134968555485,0.39421020913489324,-0.3228825982061609,-0.0009385699156859999,1.0
2013-12-10,0.0009187640574425202,4.984116757054633e-06,1.0099568026692154e-06,0.0,2.529064961026782e-06,3.7479535537564897e-06,0.1684615285913183,0.43702623301862537,-0.1926299640124649,0.0009064929653680131,1.0
2013-12-11,0.0014005528734096471,6.006652662950928e-06,4.824626430470696e-06,0.0,3.009900612471695e-06,4.207428396571594e-06,0.18580885637669456,0.40150829059236814,-0.3053396800316597,0.0013825042653071822,1.0
2013-12-12,0.0009555550826502832,7.101365573570898e-06,3.7703747403044433e-06,0.0,2.9387485449389905e-06,1.4833381378641869e-06,0.6578832928736672,0.44093286895357253,0.19173206179238927,0.0009402612556536047,1.0
2013-12-13,0.0006015947284565859,3.7194999373358962e-06,4.363966186875964e-06,0.0,2.0128010776856914e-06,2.5172748690552717e-06,0.17305052941450622,0.48145871019367126,0.05855653219238563,0.000588981186385633,1.0
2013-12-16,0.0007343107438543305,7.1869133945743085e-06,1.6230343068323195e-06,0.0,3.7690542299490567e-06,9.308276692394785e-07,0.23594692990800142,0.38626283382638726,0.22988378539415485,0.0007208009142537354,1.0
2013-12-17,-0.0011339900787589222,2.981549731817604e-06,1.2476209019660373e-06,0.0,2.6316317580500437e-06,5.572313852304892e-07,0.1308547716100581,0.3894965589358974,0.29588168621717525,-0.0011414081125359864,1.0
2013-12-18,0.005051265636892755,3.099360550632068e-06,1.5525889753822735e-06,0.0,1.9011114439251946e-06,5.477849472057352e-07,0.13166290936738614,0.43066210076567313,0.3386342296351096,0.005044164790975609,1.0
2013-12-19,-0.0004093187194277681,1.248085511964981e-05,1.6522678521624956e-05,0.0,5.594474408410841e-06,4.916519654212206e-06,0.9141778268547281,0.8025390102633585,-0.0234362916442922,-0.0004488332471316659,1.0
2013-12-20,-0.0005449798613204665,5.572960282058492e-06,4.025151559900843e-06,0.0,2.6674332879711027e-06,5.43588430598244e-06,0.20236028964133224,0.8361235137750316,-0.07710504963001846,-0.0005626812907563794,1.0
2013-12-23,-0.00044393632709673254,1.0804670098793786e-05,9.337024724768174e-06,0.0,6.251540647416538e-06,2.036201952422767e-06,0.6011618313020073,0.29313792862860344,-0.04894399937842146,-0.0004723657645201338,1.0
2013-12-26,-6.51374815403684e-05,8.787079429986203e-07,8.454009856142375e-07,0.0,6.675096340414887e-07,2.0025962054909752e-06,0.04106536150659328,0.2730735509711531,-0.06336261155133079,-6.953169630851372e-05,1.0
2013-12-27,0.0002594147517147855,2.1979516487990455e-06,1.7276905210596256e-06,0.0,7.227568323671498e-07,2.154106113026295e-06,0.08304093462983941,0.27156784351671853,-0.09032198347169902,0.00025261224659953337,1.0
2013-12-30,1.4267996072961516e-05,7.225625271951809e-07,7.911452426957146e-07,0.0,2.7232006732715263e-07,1.933671017856084e-06,0.054976158403636344,0.23610071471645977,-0.08875601628336224,1.0548297217887385e-05,1.0
2013-12-31,-0.0006538947041744774,2.4988996899077177e-06,2.4647662216220727e-06,0.0,1.2205394398677398e-06,5.665416766644558e-07,0.20459282056342293,0.05772637492000483,-0.037452626759623756,-0.0006606454512025394,1.0
2014-01-02,0.0004249318135777977,9.702304246859445e-07,8.066716943101725e-07,0.0,7.366990822045628e-07,6.783902319700701e-07,0.035410316767811624,0.06241738211966676,-0.051552176851305004,0.000421739822144627,1.0
2014-01-03,0.00013247105512104846,3.704875907468848e-06,2.5425955440732827e-06,0.0,1.554195635270182e-06,8.414011750381878e-07,0.33629397033673614,0.2953776194739194,0.15402222206750388,0.00012382798685919795,1.0
2014-01-06,-0.00033061334426162984,1.372504909604959e-06,1.4767411509596644e-06,0.0,1.0106260906911152e-06,1.2616386337723187e-06,0.0855509976505442,0.348062040600866,0.13610675012711645,-0.0003357348550466579,1.0
2014-01-07,0.0006734856038972724,5.25760748101618e-06,1.4307918133165068e-06,0.0,3.540210016973067e-06,3.023876166315453e-07,0.23165018355839617,0.3573660959638383,0.3065649763697387,0.0006629546069693351,1.0
2014-01-08,-0.00019583572466043067,3.967564468815827e-06,1.1750154048498978e-05,0.0,7.095380541593063e-07,3.142886523728274e-06,0.48762340411752714,0.3881210413618389,-0.13988389462451112,-0.00021540586775563306,1.0
2014-01-09,0.00020890472549249298,3.0005514914648695e-06,1.6977041515766204e-06,0.0,2.1752805684536683e-06,3.064876693478917e-06,0.16224641551937002,0.4384732199591836,-0.07642606454527448,0.0001989663125875189,1.0
2014-01-10,0.00032150053833042365,5.826722087468927e-06,4.3729738410458674e-06,0.0,2.0576338062680745e-06,7.013581152794549e-07,0.34933489520023636,0.14511259159806478,0.02728442823111636,0.00030854185048036133,1.0
2014-01-13,0.0004487120919279903,8.48179108208441e-06,8.245873155478559e-06,0.0,5.756544740548453e-06,2.950817622474251e-06,0.28653771795109884,0.2685917540174281,-0.2271456065582461,0.0004232770653274046,1.0
2014-01-14,-0.003292277662475773,9.218255053295298e-06,4.575179994159344e-06,0.0,6.4383819754349264e-06,2.575271146607096e-06,0.44245421315954647,0.3945259668967598,-0.038119585733232306,-0.0033150847506452697,1.0
2014-01-15,-0.0010360621844010182,7.5640207659604004e-06,3.527164235000372e-06,0.0,5.00197684568624e-06,2.7180918618550906e-06,0.25968253238711725,0.467493044504836,0.010853611713180764,-0.0010548734381095205,1.0
2014-01-16,-0.0008846046745685107,1.0602885979519356e-05,1.4581094056363013e-05,0.0,6.203689569500469e-06,4.188528121507217e-06,0.8005160541811378,0.41056580490857547,-0.29310691950463713,-0.0009201808722954008,1.0
2014-01-17,0.0012353243205117032,5.540212723860385e-06,3.922113495770553e-06,0.0,2.8098625389108093e-06,1.545732110565428e-06,0.45758569333945737,0.21534977938916988,-0.04433321518582204,0.001221506399642596,1.0
2014-01-21,-0.0006540001506683492,4.752849039055938e-06,2.917040467041098e-06,0.0,2.9514820187407733e-06,1.0748985163846904e-06,0.1996735566845316,0.1469354426897139,-0.03364750806291411,-0.0006656964207095717,1.0
2014-01-22,0.00017259800954247953,2.411584316566104e-06,1.3509432527074892e-06,0.0,1.4274404817388083e-06,1.1592245994787227e-06,0.09646033837835127,0.17037265532789547,-0.024377077384529905,0.0001662488168919884,1.0
2014-01-23,0.0003622908077218942,6.464265290235059e-06,5.5668605676854045e-06,0.0,5.3588285802397715e-06,1.94783186431158e-06,0.24398492558568427,0.19443223404697965,-0.13280351915736582,0.00034295302141942234,1.0
2014-01-24,0.0022999958386734016,9.438070352193025e-06,3.6052132506835414e-06,0.0,3.4680577644856328e-06,1.6076754269761647e-06,0.6961602008612947,0.7016566291041766,0.431567157372181,0.002281876821879063,1.0
2014-01-27,-0.002097068657887432,2.600168214147638e-06,2.4675211067846733e-06,0.0,1.9640064326330227e-06,2.3308516432170103e-06,0.11829809887934029,0.7737324977734847,0.38214942171302707,-0.0021064312052842143,1.0
2014-01-28,0.0026859249146057064,9.256006660366602e-06,1.1105412784628369e-05,0.0,6.88997299419024e-06,4.346764382722371e-06,0.47366322527059024,0.7986908444737083,0.06843442817634973,0.0026543267577837986,1.0
2014-01-29,-0.0008980723991272982,1.176383594316443e-05,9.018106126782979e-06,0.0,8.172895534176555e-06,1.9857979820718722e-06,0.5846956060693161,0.38165842949626355,0.048044368508189064,-0.000929013034713494,1.0
2014-01-30,-0.001464051379198523,6.923179876220464e-06,1.7462582838390976e-06,0.0,5.0717568976778475e-06,5.843563510191828e-07,0.26767318515640326,0.33211053119289113,0.23393866422166848,-0.0014783769306072796,1.0
2014-01-31,-0.0021827818702273042,7.73902819537794e-06,4.66954389726157e-06,0.0,6.1542694719463895e-06,6.759406711754361e-07,0.3602429265833549,0.4090365765393853,0.29547854378191196,-0.0022020206524630656,1.0
2014-02-03,-0.007256301408530912,9.77374085059865e-06,7.764921822056763e-06,0.0,6.769332686809248e-06,9.119614406488163e-07,0.35475851120075796,0.28426966366662215,0.13106014163762103,-0.007281521365331026,1.0
2014-02-04,0.001228235235784524,7.621529824666402e-06,6.717603626499713e-06,0.0,5.413950395444212e-06,2.690297079670725e-06,0.32240405802064964,0.4531363439719692,0.0011664345872873724,0.001205791854858243,1.0
2014-02-05,0.0003823563507026758,9.37019665490949e-06,5.911509612283559e-06,0.0,4.765480720823639e-06,3.6882513393207245e-06,0.44735225134616946,0.7241711489646793,0.10454492395879755,0.0003586209123753384,1.0
2014-02-06,0.0019102747083876166,1.193029936417393e-05,4.971077869868889e-06,0.0,8.504567491719608e-06,1.273227881645314e-06,0.4477712228498536,0.4928880889226072,0.2789858048061945,0.0018835955357802089,1.0
2014-02-07,0.004773931720781341,6.872765954258542e-06,2.249825840598205e-06,0.0,6.443096086431643e-06,4.4500485331547054e-07,0.3264922297855934,0.5746653999942292,0.49990458463723003,0.004757921028046738,1.0
2014-02-10,0.0012465676024551872,1.066446524403936e-05,1.925983460548267e-05,0.0,3.112644181512628e-06,5.4601751838426395e-06,0.8751438891542245,0.8093271216035858,-0.10798230928197777,0.0012080704832403099,1.0
2014-02-11,-0.0012833999975103835,3.294515368774231e-06,2.397752425836792e-06,0.0,2.669702868164171e-06,5.3664107824330705e-06,0.1520740927383873,0.7891329288319767,-0.11242408261677911,-0.0012971283789555918,1.0
2014-02-12,-0.0004051084435613605,5.58838086726068e-06,5.152313998996199e-06,0.0,3.6275531154400074e-06,3.953285134271724e-06,0.32615458474509185,0.5509852954588299,-0.11316660709881975,-0.0004234299766773291,1.0
2014-02-13,-0.00032179638992447146,3.4295228300924794e-06,1.5335973853163848e-06,0.0,1.850810662790903e-06,3.956680481161258e-06,0.11644660685998287,0.576552785658941,-0.08816953517615018,-0.0003325670012838325,1.0
2014-02-14,-0.0005210128785353484,7.2630290322375e-06,5.4455592865115985e-06,0.0,3.3672615932368425e-06,2.0411615171678515e-06,0.34370904157407506,0.27322651760267846,-0.06968861728152054,-0.0005391298899645021,1.0
2014-02-18,0.00015504921262455909,1.139194967886095e-06,1.0906887058135241e-06,0.0,1.1657908583317866e-06,2.2026608253591206e-06,0.057402059229850595,0.2854870588164117,-0.0845599598439205,0.00014945087726716855,1.0
2014-02-19,0.0003585849923304046,4.079229756004477e-06,2.3088125507025903e-06,0.0,1.619827862098875e-06,1.6891945294845122e-07,0.3647883192177964,0.2058216891503909,0.1774432210550511,0.0003504082027086502,1.0
2014-02-20,0.001599909769435489,3.3883967824699847e-06,2.843966155698347e-06,0.0,1.6951301024196487e-06,4.864282579936771e-07,0.1333338831008073,0.20829509778872612,0.12657515044578838,0.0015914958481369073,1.0
2014-02-21,0.0001527809783115483,3.7613831751383893e-06,6.877209166786068e-06,0.0,2.062288955075532e-06,1.8555222741475478e-06,0.34773848222857134,0.2541379354417782,-0.05758980661500991,0.00013822457474040075,1.0
2014-02-24,0.00030164865819827394,3.208313770956625e-06,1.4452024426172102e-06,0.0,1.8667289129734786e-06,1.731907013980763e-06,0.15917871488992857,0.3099015233754576,0.01894114502668956,0.00029339650605774586,1.0
2014-02-25,-0.00038913896046743326,2.9561576811059036e-06,3.6440134813193397e-06,0.0,2.058602350121265e-06,2.461302642844494e-06,0.18902082698674816,0.3513200763494751,-0.062178767648399774,-0.00040025903662282427,1.0
2014-02-26,0.0009281706469907551,1.475656087832842e-06,1.5647759836982002e-06,0.0,7.737476826633607e-07,2.6311276352054018e-06,0.060977465426386386,0.3369397670660121,-0.10508967564849547,0.0009217253396013553,1.0
2014-02-27,-0.0005876236574775344,3.9403609358446476e-06,3.705431695325907e-06,0.0,2.334767368692449e-06,1.1210221275996392e-06,0.28737340911166265,0.13969918769258166,-0.04863252974415771,-0.0005987252396049971,1.0
2014-02-28,-0.0004387508088343065,3.043224592607745e-06,1.3784744331093398e-06,0.0,1.943990750746218e-06,1.0479708091272869e-06,0.09956628915414287,0.14327317629364447,-0.0327859196397397,-0.0004461644694198971,1.0
2014-03-03,0.0006806503311916983,2.9207824346045995e-06,2.637378849597065e-06,0.0,2.0357071689976e-06,1.2637534870752299e-06,0.11572533802037696,0.12237672973879533,-0.08993385608984322,0.0006717927092514238,1.0
2014-03-04,-0.0012369032047565727,4.969797660981453e-06,1.3710570880659534e-06,0.0,4.043856038731931e-06,9.514195981919757e-07,0.22265448111833402,0.23372700953504205,0.07388851703879017,-0.001248239335142544,1.0
2014-03-05,2.9464907137876143e-05,5.475823971393304e-06,7.855661574324429e-06,0.0,2.9163319490692637e-06,3.996628088425997e-06,0.36538080765017156,0.5269416640337019,-0.14449185482186544,9.220461554663152e-06,1.0
2014-03-06,-0.00045972860737761556,4.2440795863477214e-06,1.8292393172809007e-06,0.0,2.8517039172451905e-06,3.7203182194721047e-06,0.1759948066844621,0.5522664197474351,-0.07274704112387866,-0.00047237394841796146,1.0
2014-03-07,-9.20857532619952e-06,9.129290961333383e-06,7.734320815871711e-06,0.0,6.181837654016844e-06,8.808909138865148e-07,0.4989284879812448,0.09476072355025437,-0.05322894998268013,-3.313491567130797e-05,1.0
2014-03-10,0.00012837597761008657,1.0272792391880308e-06,6.778720328936149e-07,0.0,2.8107335599029264e-07,1.0399952843364299e-06,0.01940244848240997,0.10360544795129666,-0.07111375981722357,0.0001253497576976782,1.0
2014-03-11,0.0002744430773085529,3.919160024693609e-06,2.458516987784603e-06,0.0,1.2702137328770738e-06,1.632688800161938e-06,0.0924146213321097,0.14673491163325336,-0.12755680679395223,0.0002651624977630357,1.0
2014-03-12,-0.00018810836770863807,2.4553214326713188e-06,1.5257859096457388e-06,0.0,1.269983629681665e-06,9.129681096009192e-07,0.2483086293282844,0.2039826089524075,0.05060396653945304,-0.0001942724267902377,1.0
2014-03-13,-0.0006397081929001412,3.896727221757469e-06,2.232011776081747e-06,0.0,1.869380163101979e-06,1.5831955355258975e-06,0.10176105222597095,0.26887491199962216,0.0028980620312713673,-0.0006492895075966082,1.0
2014-03-14,-0.00010017488531961297,4.5414068959208955e-06,3.0413213424103224e-06,0.0,1.8442851436138804e-06,2.2757680418366016e-06,0.31411178096553277,0.5295606850389512,0.14723165401040214,-0.00011187766674339467,1.0
2014-03-17,0.0016720563328528526,6.358109478154239e-06,6.08652313364943e-06,0.0,2.9839870490980564e-06,1.7488536940670656e-06,0.3315419390568281,0.35210711296707464,0.058299692363807665,0.0016548788594978837,1.0
2014-03-18,0.0005528290093618641,5.277517283079824e-06,1.4885250949047076e-06,0.0,2.6966026458470854e-06,4.121809659368577e-07,0.18653683028433787,0.24197536454357993,0.17272896226618784,0.0005429541833720956,1.0
2014-03-19,-0.0009949120777157814,4.083899471301067e-06,8.941158725812932e-07,0.0,2.100911674458858e-06,3.448104786427123e-07,0.18109048259878918,0.3798524591567214,0.32192429874474576,-0.0010023358152127654,1.0
2014-03-20,0.0016197983950521203,7.3203310550397484e-06,1.2712770496601074e-05,0.0,2.3745890692682004e-06,2.896400162426372e-06,0.5255931569515874,0.3839774997100928,-0.10261772757753769,0.001594494304268785,1.0
2014-03-21,0.000373508007003237,5.694636511945071e-06,3.6927296549709657e-06,0.0,2.5932617443206904e-06,2.8032515120222852e-06,0.2180838271861536,0.36521180401838416,-0.10573445000135975,0.000358724127579978,1.0
2014-03-24,2.1698915599855815e-05,3.719070520595837e-06,1.9475756215386204e-06,0.0,2.3885006870127315e-06,2.459650164743643e-06,0.17660396316078308,0.3639829919013433,-0.04923823577558867,1.1184118605964985e-05,1.0
2014-03-25,-0.0007003371714888512,6.717191728490792e-06,3.345587688543553e-06,0.0,2.417529043745936e-06,2.546060529164113e-06,0.1788637309336131,0.33988399903749106,-0.08785416986207992,-0.0007153635404787956,1.0
2014-03-26,0.000857494314508899,5.389150125661738e-06,3.2387433688238253e-06,0.0,2.6935751816823363e-06,4.6812690045251393e-07,0.4109044721932007,0.2388884728810322,0.1602431536050099,0.0008457047189322787,1.0
2014-03-27,-0.0006921735793338162,3.1784866958480065e-06,4.004300977998877e-06,0.0,2.885829603018711e-06,1.3532310859719492e-06,0.16427597018925855,0.26954246306641955,0.04219964062313209,-0.0007035954276966537,1.0
2014-03-28,-0.00030425142075076595,5.1049091154482585e-06,3.177959652418509e-06,0.0,3.981486426748103e-06,7.81766819326498e-07,0.19402883617877298,0.18411608857586426,0.05277926292901257,-0.00031729754276470733,1.0
2014-03-31,0.0008018210906333955,4.7797859355267764e-06,1.158594656335604e-06,0.0,3.3093833418761692e-06,2.2992999551567054e-07,0.13928472457190527,0.16589121349461783,0.1272629742479852,0.0007923433967041413,1.0
2014-04-01,0.0010567992472439534,2.8242716490538245e-06,1.9591317111066177e-06,0.0,1.2604605305342296e-06,5.073315912729001e-07,0.10067670681957637,0.1889811462555182,0.10374943892167102,0.0010502480517619857,1.0
2014-04-02,0.0002951815267630679,2.617372386479705e-06,5.458378565414752e-07,0.0,1.8893633942186362e-06,5.076894669221284e-07,0.12696521805717315,0.30223424698301504,0.2169424165400974,0.00028962126365890596,1.0
2014-04-03,4.388641357370243e-05,5.275136530348503e-06,9.358560162401415e-06,0.0,2.577470171714019e-06,2.5254363970141605e-06,0.4185796454206202,0.344472165246439,-0.07980114945194,2.414981031222433e-05,1.0
2014-04-04,0.001926661837964791,3.7575308286174667e-06,2.6973072438119346e-06,0.0,1.7601490076452893e-06,2.6741216864787066e-06,0.12551521773944593,0.3273209135947178,-0.12193152973370495,0.0019157727291982376,1.0
2014-04-07,0.0017539985653918675,6.8777771865523625e-06,3.6876002400097723e-06,0.0,2.054994516511377e-06,9.537216199383476e-07,0.7224397439067798,0.6173289930780996,0.4571037609284571,0.0017404244718288557,1.0
2014-04-08,0.001235494231682759,7.992640362422667e-06,1.0274855212501417e-05,0.0,6.010924710445452e-06,3.878606138022358e-06,0.37650296900980146,0.76363022098438,0.11202438979662396,0.0012073372052593672,1.0
2014-04-09,0.0019251958760590345,7.365191628225013e-06,3.1338543042196047e-06,0.0,5.57567610844263e-06,1.7340820641891772e-06,0.34592268014616945,0.586104297391602,0.29477851060782023,0.0019073870719539582,1.0
2014-04-10,-0.005828405102693609,1.1609834866028542e-05,1.0769777119826809e-05,0.0,6.302204138072268e-06,5.377588237918701e-07,0.7400269665156414,0.3303194389491608,0.23997595655212664,-0.005857624677641328,1.0
2014-04-11,-0.0023180680884610336,9.336240924694925e-06,8.322503849106582e-06,0.0,4.56165033497556e-06,6.708509774821677e-07,0.5626970019093991,0.4001690316874509,0.28746606747044673,-0.0023409593345472927,1.0
2014-04-14,0.0027987567412519243,1.0184357654192852e-05,9.291321758594608e-06,0.0,5.438716531166221e-06,3.723919001456923e-06,0.3210116097724732,0.6333644588735792,0.007746066628816051,0.0027701184263065138,1.0
2014-04-15,0.0013036342465103212,1.2107960685723209e-05,1.2326443641375872e-05,0.0,6.512250364045981e-06,2.1076452561634805e-06,0.7409292616300185,0.18730624107674254,-0.1667781619587221,0.0012705799465630126,1.0
2014-04-16,-0.001615808287501795,1.998476923270492e-06,7.610115520944141e-07,0.0,1.377767132649369e-06,1.8816715593217084e-06,0.09702716871938372,0.20839140349940663,-0.10772941846664033,-0.001621827214669131,1.0
2014-04-17,-0.0008714341073219375,5.8434321998461345e-06,4.993624030696457e-06,0.0,2.723677291597793e-06,3.79582391380201e-06,0.34262205191936174,0.5102488836661301,-0.12744953385260763,-0.0008887906647578799,1.0
2014-04-21,-0.00020986702172696672,5.005400022860216e-06,2.1544718220444476e-06,0.0,2.3784988510561904e-06,3.5303565758221266e-06,0.170791271419038,0.5184672228875823,-0.07463268185053483,-0.0002229357489987497,1.0
2014-04-22,-0.0005416026633479724,6.318305704129887e-06,5.670521048940753e-06,0.0,3.172128330153172e-06,1.646501642521651e-06,0.35905337623337985,0.2065366518653977,-0.0700756240782396,-0.0005584101200737179,1.0
2014-04-23,0.00044224612755230117,5.071112873291003e-07,3.622563555665346e-07,0.0,3.49836957571628e-07,1.7132961393338812e-06,0.02719079029182332,0.2221536084886362,-0.06568014291945581,0.0004393136268125,1.0
2014-04-24,-0.0006007625116019144,1.0513867727863389e-06,6.901669946345573e-07,0.0,3.5645402744821213e-07,1.7911144426512489e-06,0.040345450695564396,0.23001281897045608,-0.07089440739495373,-0.0006046516338394347,1.0
2014-04-25,0.0007311985906410232,2.4416493976599666e-06,1.7990308929622873e-06,0.0,1.1794234767608002e-06,1.7886366260716429e-06,0.10157733226501606,0.21321906967456905,-0.08727188350546687,0.0007239898502475685,1.0
2014-04-28,-0.00019475962656166542,3.4428957286135854e-06,2.0954708790915283e-06,0.0,1.1206600797331376e-06,5.060416847695486e-07,0.43099166402529343,0.3450049185546178,0.2599899155133336,-0.00020192469493387322,1.0
2014-04-29,0.0014259754864898082,4.9306961510322815e-06,6.7782389815143044e-06,0.0,3.2427309476609657e-06,1.645971098146075e-06,0.28721445080686026,0.33917060451102093,0.06264746002248034,0.0014093778493114546,1.0
2014-04-30,0.00015993291825250943,4.5517362717533095e-06,2.197976613449753e-06,0.0,2.9642062904250387e-06,3.9839013219483776e-07,0.22337779655219295,0.22443777986945046,0.15750823766071775,0.0001498206089446865,1.0
2014-05-01,0.00012654927644639399,4.368017386166511e-06,8.585819995812008e-06,0.0,1.2550146981733792e-06,2.29962510105522e-06,0.39295104327913594,0.26558506236805673,-0.12075195460922025,0.00011004079926518687,1.0
2014-05-02,0.000344003074260236,3.918420748567773e-06,2.626430771275546e-06,0.0,1.695391694756113e-06,9.057287356383685e-07,0.22372993002044594,0.10503844488240749,-0.047123982704838425,0.0003348571023099982,1.0
2014-05-05,-0.00014487993871354526,1.5261728057441056e-06,1.406809292074311e-06,0.0,9.464092069552962e-07,1.028206618940062e-06,0.06122365351282191,0.09527932991976032,-0.0774593820621701,-0.00014978753663725904,1.0
2014-05-06,0.0004301348194541939,2.491127143353213e-06,1.1380015983775347e-06,0.0,4.1211919427851084e-07,1.9725495300498242e-07,0.3024081918722668,0.230641852001116,0.19750301989627897,0.00042589631656517966,1.0
2014-05-07,0.0011691837184687063,2.7857514975320784e-06,3.970269385019372e-06,0.0,2.0546519314004054e-06,9.919573724896057e-07,0.16622791752768976,0.24325337739730524,0.07660453881905142,0.0011593810882822649,1.0
2014-05-08,-0.0009368382319224063,6.2550782199841815e-06,4.879150526339635e-06,0.0,3.858080455629222e-06,2.6598482949779258e-06,0.23016977250777948,0.4446181093916204,-0.002236404164671163,-0.0009544903894193372,1.0
2014-05-09,-0.00037650235291883025,7.332667668637065e-06,2.565364009127362e-06,0.0,4.37810563286328e-06,4.898413650917934e-07,0.2708194937279505,0.21195498096271223,0.12966163162729094,-0.00039126833159454973,1.0
2014-05-12,0.0012367219297330174,3.3537771174943855e-06,9.325592069479222e-07,0.0,1.853379608307983e-06,2.0446577166721258e-07,0.12941413690831394,0.24839140266670354,0.2140411530266118,0.0012303777480286,1.0
2014-05-13,0.0005978427736764523,3.081491392021571e-06,1.5467774942713138e-06,0.0,2.3288400856381602e-06,3.084018211183473e-07,0.1588699075678523,0.3419143795397864,0.290102873591904,0.000590577262883403,1.0
2014-05-14,-0.0013675925121941221,3.7401584524484644e-06,1.1171283628661454e-05,0.0,8.701939507849414e-07,3.428014464332456e-06,0.46975910912875163,0.4445190166043828,-0.13138741340346988,-0.0013868021626903494,1.0
2014-05-15,0.001049720573009164,4.119254330618568e-06,3.977837430887937e-06,0.0,3.2713283650545085e-06,3.7996032901459246e-06,0.17339843812990624,0.4094069324176906,-0.2289264203268247,0.001034552549592457,1.0
2014-05-16,-0.00034258310011325204,9.726889191449112e-06,9.057315282449074e-06,0.0,4.90744449727932e-06,2.922552446252039e-06,0.8649990598183127,0.6074268993189131,0.1164380883485706,-0.0003691973015306816,1.0
2014-05-19,0.0006616409134698037,8.069001866923428e-06,5.5629148455382785e-06,0.0,3.958460834006789e-06,2.7151493632400035e-06,0.27168939637826245,0.5104508737255121,0.05430578070119141,0.0006413353865600952,1.0
2014-05-20,-0.00020132007568938591,9.408696620007302e-06,1.8627070128671428e-06,0.0,5.29247374410509e-06,5.16614967333036e-07,0.26733279954467754,0.3194937125438225,0.23270239803187243,-0.00021840056803369847,1.0
2014-05-21,0.0019203719765344654,1.9517743200361028e-06,8.564390780758037e-07,0.0,1.482151133750552e-06,2.99517578810735e-07,0.07620632360956354,0.312157707537453,0.26183875429724945,0.0019157820944237921,1.0
2014-05-22,0.0005755857211522126,8.259539847367001e-06,1.2438027076143125e-05,0.0,3.458416579980968e-06,2.8377649616127208e-06,0.6549091368048613,0.41716955202012446,-0.05957496153081268,0.0005485919726871088,1.0
2014-05-23,0.00034286738429078925,2.298036851817838e-06,1.7251005496280895e-06,0.0,1.455391769337428e-06,3.007214235678797e-06,0.0962623953179775,0.42774608522623414,-0.07746590636780362,0.0003343816408843271,1.0
2014-05-27,-0.0010216040216202587,5.400850280857103e-06,3.929354214704286e-06,0.0,2.569498848383415e-06,3.2325823316722174e-06,0.20737464370444395,0.41680810569737653,-0.1262657260235559,-0.0010367363072958757,1.0
2014-05-28,0.0003387321808019755,4.294106233361317e-06,1.7907588438714484e-06,0.0,1.838744226945666e-06,3.066868925343706e-06,0.13874880549317375,0.4457115083576465,-0.06952247110009616,0.0003277417025724534,1.0
2014-05-29,-0.0004927466098877725,1.452566142315837e-06,1.2705859431346548e-06,0.0,4.5476131030226817e-07,3.1365634230466475e-06,0.0528964167377773,0.4233737958895425,-0.10356885918229439,-0.0004990610867065719,1.0
2014-05-30,-2.131708517143208e-05,4.0752018757294585e-06,3.641030041033076e-06,0.0,1.9539657392172324e-06,1.8654179071651386e-06,0.24450820406509244,0.23068833486195686,-0.0827018735417864,-3.285270073457699e-05,1.0
2014-06-02,-0.0003086975403727764,1.8337555381199e-06,9.385341103930385e-07,0.0,8.871279762290727e-07,1.7112683882087726e-06,0.08914313707684676,0.24108614775576193,-0.04640694146331177,-0.0003140682263857272,1.0
2014-06-03,2.432156379396554e-05,1.8494616420615099e-06,2.2456251110293373e-06,0.0,9.395395265179753e-07,9.627577394112961e-07,0.13778979725938656,0.10319368592928671,-0.058549614291810964,1.832417977494542e-05,1.0
2014-06-04,5.9551320341099844e-05,8.218399304809401e-07,5.668138188866818e-07,0.0,4.5769967873686496e-07,7.254874501375047e-07,0.03994730724041773,0.0686956162398296,-0.05318627538327116,5.6979479462857855e-05,1.0
2014-06-05,-0.0003594549641794608,1.6092928409992853e-06,3.367381479517767e-07,0.0,4.549256618877493e-07,8.473807647264493e-07,0.035357572530587945,0.10449232380860318,-0.03786764466544028,-0.00036270330159502605,1.0
2014-06-06,-0.00011842142670502004,3.915534908642158e-06,4.785199795452705e-06,0.0,1.2486013418319112e-06,2.693041276274867e-06,0.23305144236530534,0.3014833874607642,-0.15094754695341348,-0.00013106380402722168,1.0
2014-06-09,-0.0003457550880868273,3.0556749188360136e-06,7.062897978564278e-07,0.0,2.5966489429028085e-06,2.696765719024544e-06,0.11906445004757248,0.38957805098713244,-0.06347858980899095,-0.00035481046746544705,1.0
2014-06-10,0.00045786979213743357,5.141283076672903e-06,5.126584634255856e-06,0.0,3.572461029693656e-06,1.1859441750317567e-06,0.30677364450688405,0.11781434828368878,-0.08142427312164635,0.0004428435192217794,1.0
2014-06-11,0.00025467270581762045,1.399783713114029e-06,6.090124318738765e-07,0.0,1.1432141311169111e-06,1.0027103406184757e-06,0.06246399062967812,0.1135124801405069,-0.054942857083396995,0.00025051798520089717,1.0
2014-06-12,0.0003951142684564191,3.1047339300376927e-06,3.280343876351327e-06,0.0,1.6533656377202055e-06,2.0211714160015847e-06,0.11817514900356878,0.1814314494471834,-0.1581253484410828,0.0003850546535963083,1.0
2014-06-13,-0.0010216336288537122,6.633394721909482e-06,5.405136110428853e-06,0.0,2.9247208518500815e-06,2.638857613342834e-06,0.5302019645538204,0.5144813638918933,0.0711532848502971,-0.0010392357381512436,1.0
2014-06-16,-0.00045467885892806536,1.7144211122480743e-06,1.0332721509383991e-06,0.0,8.191954814908998e-07,2.5081857432938247e-06,0.07384272851155674,0.5027279497289651,0.08135274485560247,-0.0004607539334160366,1.0
2014-06-17,-0.0006411538190106969,6.051680025963767e-06,1.772285185957594e-06,0.0,3.0369856985182464e-06,2.6036311168237175e-07,0.23660071143303793,0.27266922535185634,0.22892822258921788,-0.0006522751330328189,1.0
2014-06-18,0.0015087642193762464,2.025814264953512e-06,5.119884783893818e-07,0.0,1.8459666521168363e-06,1.2788441834642717e-07,0.09817367079580254,0.3305762789630092,0.3090916966808095,0.0015042525655624404,1.0
2014-06-19,0.00019093778628806365,4.989282974485798e-06,1.301856963065298e-05,0.0,1.2369555754160824e-06,3.1662409650397124e-06,0.5795580275633371,0.3810395638601821,-0.15088891826648956,0.0001685267371424691,1.0
2014-06-20,-0.0009154235643273201,3.507202371333004e-06,7.48493170149835e-07,0.0,1.6244738530371773e-06,3.1813369071629608e-06,0.12319045553220972,0.4745792967606701,-0.059885303642707305,-0.000924485070629003,1.0
2014-06-23,0.00031961801390896206,6.4452848627677535e-06,5.536620651831634e-06,0.0,3.4098221953702543e-06,1.3248440454434063e-06,0.34950903641141823,0.17362185464055774,-0.04895194499393459,0.000302901442153549,1.0
2014-06-24,0.00015022949509723373,2.027663201025038e-06,1.8479703894128409e-06,0.0,1.392869732904208e-06,1.506784661445784e-06,0.0779421425590821,0.1601248935008834,-0.09301492962200827,0.00014345420711244587,1.0
2014-06-25,-0.0007807143491130541,3.996304605475111e-06,2.7661185182360072e-06,0.0,1.8563057879615567e-06,8.30602966463607e-07,0.351757523506497,0.2579828833401866,0.11844158497430061,-0.0007901636809911904,1.0
2014-06-26,-6.29282705557275e-05,2.91250605893454e-06,1.9310887643970805e-06,0.0,1.8726038514049423e-06,1.353332565845355e-06,0.1070412378972,0.32594958464689455,0.09858971358487494,-7.099780179630941e-05,1.0
2014-06-27,-0.000175384803790159,5.036479920317402e-06,2.5051729549984677e-06,0.0,3.1745597327950002e-06,3.8998283699237456e-07,0.20434450596316003,0.2204540718427559,0.15493695522803697,-0.00018649099923526225,1.0
2014-06-30,4.1038630243666306e-05,3.026484056146245e-06,5.130614237604643e-06,0.0,1.1627615044364105e-06,2.9335339255431815e-07,0.237229837326082,0.054062728130394117,0.004779358181268671,3.1425417052924684e-05,1.0
2014-07-01,7.066089374113982e-06,3.1462980612019084e-06,6.049670589873732e-07,0.0,2.5040288054994926e-06,1.3845444483468247e-07,0.16067929557632538,0.1738809595793101,0.15062061284708345,6.723410035905252e-07,1.0
2014-07-02,-0.00034286381158758804,4.835812952337251e-06,9.115786875858946e-06,0.0,2.2505338722040692e-06,3.931582566193938e-06,0.4416387111314539,0.5429119577824248,-0.11759391333815696,-0.00036299752785418223,1.0
2014-07-07,-8.42607920458483e-05,8.359528493310887e-07,7.167369033525237e-07,0.0,3.138435746840406e-07,3.964884041759022e-06,0.03475315326299151,0.5335756892374666,-0.1325248297780492,-9.009220941497498e-05,1.0
2014-07-08,0.0008031761446875177,4.854097884823977e-06,5.777963970394305e-06,0.0,3.989185575740574e-06,4.391725075422911e-06,0.23283720167626043,0.4363198523468423,-0.3014899603242066,0.0007841631721811359,1.0
2014-07-09,-0.0014119687340976381,5.3662008636135354e-06,3.572700889870473e-06,0.0,1.3915986471153242e-06,8.466130758583733e-07,0.632825329230143,0.32575377570956543,0.18352277896535868,-0.0014231458475740958,1.0
2014-07-10,-0.0008555388437767327,2.644908547167252e-06,1.207924140607375e-06,0.0,9.436523501243044e-07,7.386156066112983e-07,0.13521798590193673,0.3763535032589137,0.25226608134821554,-0.000861073944421243,1.0
2014-07-11,0.0005812776234649349,4.755514103003095e-06,2.622350268757365e-06,0.0,2.5529239346301814e-06,4.90397686746845e-07,0.16766834798309765,0.3534718715548208,0.2710850601813508,0.0005708564374717974,1.0
2014-07-14,0.0013993032565579328,2.6321526962685322e-06,1.505390961027909e-06,0.0,1.5054813322395636e-06,3.2980594473045804e-07,0.09708942685547473,0.3312637120969872,0.2758563133822702,0.0013933304256236664,1.0
2014-07-15,-0.0003964725821456955,3.293322877679702e-06,7.72359496310607e-07,0.0,1.5453195417041727e-06,2.3033686967019262e-07,0.11188247635548565,0.3918683122964106,0.35317171819181825,-0.0004023139209310602,1.0
2014-07-16,0.0004528339260064448,3.727650211889287e-06,2.231587850641114e-06,0.0,1.6123196657062083e-06,6.432026373993638e-07,0.13738470285904475,0.4618564067089401,0.35379836362584705,0.00044461916564080884,1.0
2014-07-17,-0.0037576897528010045,1.0758135615417748e-05,9.770878897566445e-06,0.0,7.40217117968159e-06,2.81455214352662e-06,0.37744512338118125,0.5647221185465634,0.0918773584340912,-0.003788435490637197,1.0
2014-07-18,0.0007139124304954881,1.2879543941276024e-05,1.511875238275629e-05,0.0,7.238547921007572e-06,4.917304313883404e-06,0.7837712264079187,0.5519330310402044,-0.27417409369220735,0.0006737582819365648,1.0
2014-07-21,0.0003172054803575086,1.0342205821304378e-05,5.117693748783931e-06,0.0,5.513541295554518e-06,4.919757172660339e-06,0.31120037941649986,0.5798775381520002,-0.24664166685493683,0.0002913122823192054,1.0
2014-07-22,-0.0015787962404349095,1.0461756033382278e-05,3.404737224162836e-06,0.0,7.160889156528628e-06,2.612403630250293e-06,0.40327440238100964,0.4173005260708734,-0.021583283811175857,-0.0016024360264792336,1.0
2014-07-23,-0.00027433993300855173,6.994608879146769e-06,6.891456310799876e-06,0.0,3.8919336655817986e-06,3.5942305302846245e-06,0.364510286324151,0.4681236474731287,-0.13570708161468822,-0.0002957121623943648,1.0
2014-07-24,0.001244878525462379,4.9365287528967455e-06,1.5342722259391802e-06,0.0,2.6714687802785066e-06,3.7503863634562068e-06,0.15941773119839564,0.5765004573847697,-0.05356445167587314,0.0012319858693398084,1.0
2014-07-25,0.0011821669945526656,6.896243010997395e-06,8.768400594965983e-06,0.0,5.640261031469438e-06,4.5715998504643575e-06,0.33220691723307927,0.4344780397668157,-0.3335507351111964,0.0011562904900647684,1.0
2014-07-28,-0.0006560263646612432,5.217292962515252e-06,2.773648139252016e-06,0.0,1.437887043959856e-06,1.2316946559156678e-06,0.5858222267456072,0.3721103261122978,0.16518562391846553,-0.000666686887462886,1.0
2014-07-29,-0.00044671329306165877,1.436310186213567e-06,6.712312671715102e-07,0.0,4.6789842008787494e-07,1.0531970254746165e-06,0.131238196639304,0.4477948884551096,0.2708577881753741,-0.00045034192996060634,1.0
2014-07-30,0.00016709633433598957,6.201245422971205e-06,6.616470609548183e-06,0.0,2.94152261970326e-06,5.790974859860205e-07,0.3606344125861154,0.25361198366942617,0.15632360602377474,0.0001507579981977809,1.0
2014-07-31,-0.0035538708956509408,5.999423797966447e-06,5.062613067010915e-06,0.0,2.6818883367324545e-06,1.4791497590833575e-06,0.5226521345292843,0.6412759042454504,0.39277874471944646,-0.003569093970611734,1.0
2014-08-01,-0.0008646524221999664,7.875389778512845e-06,4.391213729677165e-06,0.0,3.0795323123018044e-06,1.8813398745147499e-06,0.2526610926326641,0.7139526049345943,0.39788750601611633,-0.000881879897894973,1.0
2014-08-04,0.003578614938028168,1.505521662185012e-05,4.540210843473194e-06,0.0,1.129118820814991e-05,1.4660413760411992e-06,0.6126446661806086,1.0427152397458923,0.7964202885709709,0.0035462622809786537,1.0
2014-08-05,-0.007322745579717377,2.0401351045553747e-05,2.6653669941995692e-05,0.0,1.4651523159285962e-05,2.0875376211712657e-06,1.2152459507342939,0.39780969231289753,0.04710337195612492,-0.007386539661485383,1.0
2014-08-06,0.0007985372517713649,7.936172799736425e-06,5.673494425399543e-06,0.0,5.309934391760406e-06,3.167139077338049e-06,0.2646481272636517,0.4713663282517041,-0.06071303674108807,0.0007764505110771305,1.0
2014-08-07,0.0006178930446889005,1.2896369903985548e-05,1.0971166051345094e-05,0.0,9.23885631734444e-06,3.727267399550969e-06,0.48568887931283344,0.33736989854900457,-0.28881102457555824,0.0005810593850166744,1.0
2014-08-08,-0.003865695625351881,5.598667353681501e-06,1.7630806023282024e-06,0.0,3.893681610960054e-06,2.67916903472335e-06,0.2296367088916375,0.2958835509347656,-0.15421684689875723,-0.0038796302239535742,1.0
2014-08-11,-0.00016289460559191756,1.8847215683657567e-05,1.2023743864869429e-05,0.0,1.1758210254368811e-05,5.783326309354303e-06,0.9062915376567563,0.8761179839717679,-0.09548083599975477,-0.00021130710170416767,1.0
2014-08-12,0.00013106575081343958,7.345369823574335e-06,4.7814636454032445e-06,0.0,3.4698894369328296e-06,5.269799422243951e-06,0.2455909638979343,0.7478377192609773,-0.13748858367600636,0.00011019922848528522,1.0
2014-08-13,-0.0015189689951762243,8.371347083865651e-06,5.625062038304325e-06,0.0,3.5615549936415203e-06,4.8961415808178875e-06,0.2572530020947969,0.6033660854828677,-0.2191857000945374,-0.0015414231008728536,1.0
2014-08-14,-0.001022179913532651,5.8147538803386796e-06,1.8339772815966646e-06,0.0,2.894091096331402e-06,4.8443390292609534e-06,0.20567917727440527,0.7148247351387369,-0.09902422177710302,-0.0010375670748201788,1.0
2014-08-15,-0.0010279583766513022,2.3800529829966014e-06,2.1536969959521794e-06,0.0,1.2435463051556243e-06,4.86174378299876e-06,0.11519353078489994,0.6889262278155465,-0.12784672772824518,-0.0010385974167184053,1.0
2014-08-18,-0.0006811432143374204,4.393916358668848e-06,3.361253610607483e-06,0.0,2.399103772515933e-06,4.4035990487729375e-06,0.19252970225535584,0.5963416539619552,-0.14346298623189832,-0.0006957010871279856,1.0
2014-08-19,-0.0006456558056615073,3.404718612648703e-06,2.1463356060720383e-06,0.0,2.519800379570216e-06,4.139092882622244e-06,0.18206918973717,0.5986835191086997,-0.09668408517183733,-0.0006578657531424205,1.0
2014-08-20,3.907442632301866e-05,3.7531875316800617e-06,1.4321417282311966e-06,0.0,1.222461899255416e-06,4.228714572300304e-06,0.0977528734413632,0.6352718811482893,-0.07515216699816185,2.8437920591551685e-05,1.0
2014-08-21,-7.876567565673033e-05,4.555208561525454e-06,3.399899417712416e-06,0.0,2.0845408950879656e-06,3.236887579898106e-06,0.2401186993788451,0.4955218476311504,-0.04827526579173137,-9.204221211095427e-05,1.0
2014-08-22,3.852822646021199e-06,4.802939328374499e-06,4.508977236888286e-06,0.0,2.366307458973545e-06,2.002869951429155e-06,0.26137396968967685,0.2666949640385061,-0.06978718780159202,-9.828271329644287e-06,1.0
2014-08-25,-0.0005071478777231226,1.792727376570628e-06,9.4950813916689e-07,0.0,5.777313582195464e-07,1.9939459409203545e-06,0.06452717335055919,0.2744880148483238,-0.060494903226295804,-0.000512461790538,1.0
2014-08-26,0.00017839114931337936,1.6078442510970899e-06,1.470826660854107e-06,0.0,9.887130281606908e-07,2.2013855410839386e-06,0.09670046970875182,0.30545364218728344,-0.06437912871481825,0.00017212237983218353,1.0
2014-08-27,-1.1636935236570657e-05,1.0774045615732342e-06,9.81360141966121e-07,0.0,3.3016959010357936e-07,2.330483274465681e-06,0.04176398398234258,0.3034864914076267,-0.08803469870260763,-1.6356352804679274e-05,1.0
2014-08-28,0.00012412642022804513,2.4430020006318724e-06,2.931481809212435e-06,0.0,1.274933796571603e-06,2.0605962537540127e-06,0.12534062454616082,0.17803296071975247,-0.16814720991092172,0.00011541640636787522,1.0
2014-08-29,-0.00044746993235995425,1.2818656621231627e-06,8.208659384920792e-07,0.0,2.3452312209859655e-07,7.58517678734601e-07,0.14025955461018286,0.06935546181511931,-0.058075508212293646,-0.0004505657047614027,1.0
2014-09-02,-1.2636651629684872e-05,1.9160036013708566e-06,9.867037400620719e-07,0.0,1.173146161147512e-06,8.922699648991226e-07,0.04117955091658711,0.07943222788934874,-0.07046912621370385,-1.7604775097164436e-05,1.0
2014-09-03,0.00024066866900407862,3.2626349665757676e-07,4.104362810735146e-07,0.0,2.1755186291537576e-07,1.059991397063099e-06,0.01724768424523266,0.09649618058755567,-0.08158237411904495,0.00023865442596636907,1.0
2014-09-04,0.00016624626414676777,2.359090232901193e-06,1.9997490091940217e-06,0.0,2.116304950953296e-06,1.5556274616675106e-06,0.10332877963859999,0.14084112225779688,-0.1205042913023449,0.00015821549249205174,1.0
2014-09-05,-0.0006129764769408003,2.2069288520598044e-06,1.4575434261052877e-06,0.0,1.4258451876404108e-06,1.541150430630968e-06,0.09832337561287906,0.14403644367298943,-0.11487682867301319,-0.0006196079448372368,1.0
2014-09-08,0.0005927697807179154,2.5509418895010736e-06,1.1568757193043366e-06,0.0,1.8356367351417743e-06,1.3779850997602881e-06,0.12120415915409252,0.17886892410871016,-0.05263257265101823,0.0005858483412742079,1.0
2014-09-09,0.0007676253686302277,3.94510580656562e-06,3.8639786301019315e-06,0.0,2.6982122522495535e-06,2.009466392736049e-06,0.17873213339552627,0.19836530757043833,-0.1392250464092178,0.0007551086055485745,1.0
2014-09-10,-0.0003414591587565089,5.37722775611825e-06,4.0383109227045285e-06,0.0,2.6630940344433626e-06,2.9617565372858312e-06,0.18407656310430653,0.28776358358777376,-0.20981151467624584,-0.0003564995480070608,1.0
2014-09-11,4.023559002903535e-06,8.912287955914114e-06,5.8142352596291696e-06,0.0,3.400943969680542e-06,3.4910128100150283e-06,0.5491379235387093,0.6196304573882294,0.033140305305704776,-1.7594920992335318e-05,1.0
2014-09-12,-0.0005561204748222093,7.547760344095771e-06,3.89573280580388e-06,0.0,4.9709160758347816e-06,2.883898331357505e-06,0.28706943699312093,0.5608581498764351,0.07636323020837421,-0.0005754187823793013,1.0
2014-09-15,-0.0004376932451311819,5.330723961378999e-06,3.1789442278181108e-06,0.0,2.7138874383798917e-06,2.8223961030781136e-06,0.20575176314082297,0.5670396342395949,0.09287708892247197,-0.00045173919686183705,1.0
2014-09-16,0.0009629340736742492,7.093623797667764e-06,2.500170611997732e-06,0.0,4.666601006285951e-06,1.5933272565855389e-06,0.2694041179603639,0.506510227084208,0.2388312479778375,0.0009470803510017123,1.0
2014-09-17,-6.426069110211161e-05,9.558694493798284e-06,3.34290392733209e-06,0.0,5.7177034138787305e-06,5.246545177173786e-07,0.35435853962520836,0.49910546768404523,0.4109635087075256,-8.340464745483809e-05,1.0
2014-09-18,0.002133371202880711,4.371601614927864e-06,1.9654101215394237e-06,0.0,2.7482260320382154e-06,7.933208021166034e-07,0.18844708789069317,0.6203362402904607,0.48705834553487143,0.002123492644310089,1.0
2014-09-19,-0.0011792776849144902,1.1928452629665455e-05,1.8990133590135844e-05,0.0,4.736531198396745e-06,3.2583373179149527e-06,0.8831844717535662,0.46888909258621403,-0.07851157682349795,-0.0012181911396506031,1.0
2014-09-22,0.00040574140430324,6.198733723930243e-06,5.444038313321504e-06,0.0,2.852130187395131e-06,3.328489817208018e-06,0.23027244564260752,0.35241022521897425,-0.2067760640719728,0.0003879180122613851,1.0
2014-09-23,0.0010432307184373515,7.571304496941645e-06,5.23086782749196e-06,0.0,2.011673888850585e-06,1.1517541748090642e-06,0.7694267535270194,0.515712206754198,0.32221750538627525,0.0010272651180492582,1.0
2014-09-24,0.002372042307559356,4.419078931858263e-06,6.821548839814385e-06,0.0,2.820423511568169e-06,1.7478173848841787e-06,0.32782163398713615,0.44161873715311595,0.1479854164925739,0.002356233438891231,1.0
2014-09-25,-0.0023979127397480314,7.115683688053586e-06,3.359152611253094e-06,0.0,2.8972055333223693e-06,1.683308280634272e-06,0.3381585158220449,0.5858984074922591,0.3031026163457013,-0.0024129680898612948,1.0
2014-09-26,0.002104876457013924,5.997587120244311e-06,3.6331165148859287e-06,0.0,2.799347027695495e-06,1.5558460999119936e-06,0.24396354131382636,0.5889325578461164,0.32755041306090155,0.0020908905602511864,1.0
2014-09-29,-0.00027967005830756525,4.35805127637887e-06,3.6843155699880543e-06,0.0,2.3866567001166076e-06,2.2313327868458084e-06,0.1933111332772377,0.6483172880070048,0.27345337981690904,-0.0002923304146408946,1.0
2014-09-30,-0.001205309144072233,1.2865341767907215e-05,4.122179820874834e-06,0.0,6.7751645480301e-06,3.1612058395978044e-07,0.4695706306913743,0.5790592292363782,0.5259509711311351,-0.0012293879507930048,1.0
2014-10-01,-0.007257194417137262,6.138950066239464e-06,4.802620167423052e-06,0.0,3.1952259063540353e-06,4.271126956431488e-07,0.3105214080451063,0.6230966828561452,0.5513417499880962,-0.007271758325972922,1.0
2014-10-02,7.971469139083953e-05,9.17124076005715e-06,1.2293520106386076e-05,0.0,7.654702479179656e-06,4.411581577737609e-06,0.44107281444562646,0.8655953914444929,0.1244496863845746,4.6183646467479044e-05,1.0
2014-10-03,0.001478021491774905,1.2497885278344047e-05,1.336499832614637e-05,0.0,6.469457383740094e-06,2.0851860071817946e-06,0.796214026850917,0.2937135611997266,-0.05659768800681494,0.0014436039647794927,1.0
2014-10-06,2.8559551959828885e-05,1.1836033988545033e-05,3.3317403904820164e-06,0.0,6.452522941603504e-06,5.043525665821e-07,0.42183449640665927,0.28984606607011354,0.20511483488432075,6.434902072616233e-06,1.0
2014-10-07,-0.0030932976625935235,9.73096073753261e-06,6.043487175267769e-06,0.0,4.3700882796837235e-06,2.8892423991709236e-07,0.4267668895691057,0.33871760512228005,0.29017833281620853,-0.0031137311230259247,1.0
2014-10-08,0.005353723235064365,6.241630136299518e-06,7.142108018527784e-06,0.0,2.973763664961307e-06,8.685319410415278e-07,0.3212776913800823,0.25639666665509503,0.11048330056011835,0.0053364972013035345,1.0
2014-10-09,-0.0032922568821723516,1.0147082357252765e-05,6.573768712210637e-06,0.0,3.6927937960431423e-06,1.6408080732648524e-06,0.6298207631456882,0.6517618639168667,0.3761061076083716,-0.003314311335111123,1.0
2014-10-10,-0.0047552980232820445,5.0372677106353925e-06,4.234917994369579e-06,0.0,2.5557706340802608e-06,1.9347258148809966e-06,0.24491230132377198,0.6539910559679971,0.32895711906798963,-0.004769060705436011,1.0
2014-10-13,-0.005347641798228983,8.630638462216757e-06,7.2462916892443396e-06,0.0,3.726813243543857e-06,3.236721737401303e-06,0.418741946669281,0.8220800374758772,0.2783107855924583,-0.005370482263361389,1.0
2014-10-14,-0.0002019764781371691,5.676886610367587e-06,5.544880059762926e-06,0.0,2.305015487383497e-06,4.010665100968296e-06,0.2391652732638523,0.8122214528083578,0.1384297158456838,-0.00021951392539565142,1.0
2014-10-15,-0.0010484257852276606,4.688826650083952e-06,3.4593835068940276e-06,0.0,2.027968484638538e-06,3.758078418300882e-06,0.23246412219621973,0.7683111223393059,0.13695394806475772,-0.001062360042287578,1.0
2014-10-16,-0.00014621827320221697,9.599815226963776e-06,7.778877928720162e-06,0.0,3.981898699691698e-06,1.8243824519797239e-06,0.5217110006326443,0.4099010442335265,0.10340479230093289,-0.00016940324750957232,1.0
2014-10-17,0.0015130821176253632,9.6706240480719e-06,2.848525110127234e-06,0.0,4.72748192162875e-06,1.104422799372022e-06,0.3842661601348303,0.5355783229467027,0.3500352926522031,0.0014947310637461633,1.0
2014-10-20,0.003162425840525197,5.825669469292546e-06,3.867805654714604e-06,0.0,2.2625661183559557e-06,1.0304959871118203e-06,0.23242222261769685,0.5153693130654133,0.34224598723062755,0.0031494393032957223,1.0
2014-10-21,0.005467448617821281,6.377751331295858e-06,1.6890094388354384e-05,0.0,1.5429693361805872e-06,6.145846575837328e-06,0.7270709384971634,0.7696053122188903,-0.2628969125217809,0.005436491956189613,1.0
2014-10-22,0.0027724701118192942,6.9662944324484995e-06,2.989215860179528e-06,0.0,2.958681402544127e-06,4.107588563193697e-06,0.36822263062202576,0.6559225183515559,-0.03415236026498539,0.002755448331560928,1.0
2014-10-23,0.0003356779159343767,3.1496061170688404e-06,2.367595868401153e-06,0.0,1.4779993674773287e-06,3.993399279892095e-06,0.14946990789162878,0.6307768154010358,-0.040114263620836366,0.00032468931530153723,1.0
2014-10-24,0.0005121882887942241,5.1826912789549884e-06,4.0346914375629794e-06,0.0,1.6257686253870491e-06,2.6681299198406172e-06,0.26806822459728885,0.4287041177576444,-0.01954170877557934,0.0004986770075324784,1.0
2014-10-27,-0.0003076738656833257,1.4400959730577785e-06,1.2574786974918309e-06,0.0,4.142442543985539e-07,2.7491370646990117e-06,0.06335988953566776,0.42107359652094,-0.04078143034849398,-0.0003135348216729729,1.0
2014-10-28,-0.0006832595880758691,3.106256261781394e-06,2.6116530665376128e-06,0.0,9.313481272169939e-07,2.7485211757124795e-06,0.11785222983365465,0.37035569786563494,-0.0913958596540616,-0.0006926573667071176,1.0
2014-10-29,0.00014212644123361192,3.0172060889617853e-06,1.3161951932695693e-06,0.0,9.09535843689873e-07,2.5584849107916034e-06,0.1115976187922493,0.37518109536315813,-0.05464436964983131,0.0001343250191968991,1.0
2014-10-30,-0.0005891647476734787,1.93049074239518e-06,2.1631322963012074e-06,0.0,6.258575519675026e-07,3.060185016882552e-06,0.09830851008158993,0.4082614076596983,-0.10584967517657042,-0.0005969444132810251,1.0
2014-10-31,-0.001182603428538014,2.400715097262452e-06,2.125293871202774e-06,0.0,8.173637117706314e-07,2.592894730242087e-06,0.13429196907497934,0.32603928800470455,-0.10956702667596618,-0.001190539695948492,1.0
2014-11-03,-0.00013347284301270843,1.8053939652318892e-06,1.0270463842303635e-06,0.0,5.694423416472352e-07,2.4945321344937477e-06,0.08007640313202907,0.32750574960390294,-0.09157564899104662,-0.00013936925783831166,1.0
2014-11-04,0.00016387433584331106,1.259040150333555e-06,1.0725184760173453e-06,0.0,4.262660603758382e-07,2.3055887328398063e-06,0.07639427185110229,0.30412968953467245,-0.08320921758241506,0.00015881092242374452,1.0
2014-11-05,-0.0004052715444386786,3.3710728428100004e-06,2.797588270608349e-06,0.0,1.113911985312793e-06,1.5718427002327587e-06,0.1736280875412411,0.17876757682421954,-0.0853019968148839,-0.00041412596023764254,1.0
2014-11-06,-0.0005289467229996684,1.947251830529484e-06,1.3341047977206633e-06,0.0,1.1489497765327186e-06,1.8798369932453186e-06,0.1000073491851009,0.2453085729585101,-0.07050404190670338,-0.0005352568663976965,1.0
2014-11-07,0.000676854632562856,2.494001022715793e-06,2.461534446617983e-06,0.0,1.2205671166512776e-06,1.9633821820126823e-06,0.14917568528027353,0.23762304391028696,-0.09222516266784367,0.0006687151477948582,1.0
2014-11-10,-0.00024408331425588529,2.0196145637304483e-06,2.0167101466179595e-06,0.0,7.241761087292095e-07,1.0760170285171378e-06,0.16070228015646715,0.1230165843095208,-0.05775427648135835,-0.00024991983210348006,1.0
2014-11-11,-8.996655437922619e-06,1.2498102356537598e-06,9.34865777719987e-07,0.0,6.246530229777186e-07,8.964274884980179e-07,0.06890132857767212,0.10131205844069685,-0.049287759626970164,-1.27024119627721e-05,1.0
2014-11-12,5.225084272127687e-05,1.2046720070079302e-06,8.60692863654001e-07,0.0,5.593881601494471e-07,8.696037805326495e-07,0.041428869107768,0.0797637906373179,-0.06632964449216723,4.875648590993285e-05,1.0
2014-11-13,-2.0878437040006953e-06,1.4748908292797565e-06,6.862299100943799e-07,0.0,4.4985619419561907e-07,1.7869683112778572e-07,0.0862267088015056,0.02432198419406804,-0.005699083435399962,-4.877517468698236e-06,1.0
2014-11-14,4.9763922613096914e-05,1.1716316189222891e-06,5.740595708669034e-07,0.0,3.571931992108251e-07,2.656818691892279e-07,0.029099517189558336,0.03437548406823903,-0.010259069955551248,4.739535635490767e-05,1.0
2014-11-17,0.00011297056507386714,7.006864057987422e-07,1.7513493242188565e-07,0.0,2.4199132470940147e-07,1.7481817202330295e-07,0.022935012129955676,0.03459444601789334,0.005224993117978455,0.00011167793423891382,1.0
2014-11-18,3.495108373451398e-05,1.5811434721556403e-06,6.109208055818738e-07,0.0,5.514177923155775e-07,1.628679108400144e-07,0.05870137063177149,0.05715022934267524,0.02978842032155283,3.204473375362088e-05,1.0
2014-11-19,1.8035569047335517e-05,7.338790687534987e-07,4.6753575744486173e-07,0.0,3.8153487436354824e-07,1.9994429422455803e-07,0.041049010594742884,0.07577213482842655,0.0421814933987008,1.625267505254905e-05,1.0
2014-11-20,0.00022994638934224182,2.114193828383178e-06,3.731397023273232e-06,0.0,5.833815781765957e-07,1.745623711282344e-06,0.18585889532594013,0.23190485015326037,-0.061359933342173406,0.00022177179320112647,1.0
2014-11-21,-0.0007589184507973821,1.8801676759487116e-06,1.7387258136716265e-06,0.0,6.915097679353523e-07,1.2064899092778007e-06,0.11102181364569634,0.14183097672953732,-0.060859328029133145,-0.0007644353439642156,1.0
2014-11-24,-0.00022513217825774842,1.1025969853434395e-06,7.05534836065642e-07,0.0,5.03994840229863e-07,1.2198956317142752e-06,0.04345270207361425,0.13981651242525805,-0.06512595370274016,-0.00022866420055110164,1.0
2014-11-25,-9.066750181993637e-05,7.156324530538443e-07,3.230206042366182e-07,0.0,2.253187026603582e-07,1.2695422546630394e-06,0.03267259464358423,0.1637581972294636,-0.04952490155392705,-9.320101583455023e-05,1.0
2014-11-26,-6.575834956556659e-05,1.6134779468688713e-06,1.5442607367137232e-06,0.0,5.308204850394616e-07,7.934349295083662e-07,0.0923988802265869,0.07843449325649661,-0.05486257490090889,-7.0240343663697e-05,1.0
2014-12-01,0.00037346786614978,1.175218571064333e-06,4.92300037569074e-07,0.0,2.806694378948104e-07,8.598813902490813e-07,0.0363798754989795,0.09585019782955581,-0.048609875732289844,0.00037065979671300266,1.0
2014-12-02,-0.0002450542787878995,3.046241008687847e-06,3.1103593039814293e-06,0.0,9.424099617192704e-07,1.1563044715076866e-06,0.29428119973546546,0.2551190778802752,0.060859926666983824,-0.0002533095935337957,1.0
2014-12-03,-0.00010014521776927884,2.9095891317754114e-06,3.2926736044627364e-06,0.0,1.261295079568518e-06,1.2491539847726552e-06,0.19284280673871823,0.2177962491062249,0.007938379664418835,-0.00010885792956985817,1.0
2014-12-04,-4.465541561738393e-05,4.7604438253827406e-06,5.970891460125895e-06,0.0,1.7906673245789459e-06,1.6099280693032404e-06,0.31960639972252947,0.16265057160740104,-0.1078173440355434,-5.8787346296774755e-05,1.0
2014-12-05,-0.00014820454588217207,8.184934814863557e-07,5.083692996429935e-07,0.0,2.989446811172931e-07,1.2483297058509217e-06,0.0565260280884761,0.1337751482651101,-0.0759442423178447,-0.00015107868305026963,1.0
2014-12-08,0.000455113722557769,1.003322142067992e-06,8.581534773656525e-07,0.0,4.7424885342669493e-07,1.3169139820794707e-06,0.04236227120462578,0.13109535202810144,-0.0901461969612496,0.00045146108410282915,1.0
2014-12-09,-4.0092176308838726e-05,1.4025819286520892e-06,1.403475921007194e-06,0.0,5.496231150350037e-07,1.7463424550200885e-06,0.0677437788364266,0.17405445417359539,-0.11933107826977946,-4.51941997285531e-05,1.0
2014-12-10,0.0017491514745516887,2.7139839167489413e-06,1.5762552082128693e-06,0.0,5.608057705509788e-07,9.152113639465822e-07,0.3846281330786752,0.37476012560703786,0.22100461646401207,0.0017433852182922294,1.0
2014-12-11,0.0008849510123944073,2.89738082885225e-06,3.924821409457645e-06,0.0,1.190416169247107e-06,1.3830609776911244e-06,0.1900798795672939,0.3545058308431218,0.12215158659101286,0.0008755553330091592,1.0
2014-12-12,-0.002273424214731392,1.5209867673591056e-06,1.053743347470827e-06,0.0,3.464370630988834e-07,1.5671145498788803e-06,0.1432477391704819,0.4739125836639454,0.2106373392842935,-0.0022779124964591997,1.0
2014-12-15,-0.001920561086646003,5.2185871337707755e-06,5.4818993716310145e-06,0.0,1.5713997090585185e-06,2.0090392200222326e-06,0.2510580139684504,0.4192155140366734,0.08169692507293838,-0.0019348420120804855,1.0
2014-12-16,-0.0005904689430024016,1.2888411314877443e-06,9.563016662053123e-07,0.0,4.104650561064111e-07,2.1227888008421996e-06,0.0799149141035479,0.45941082668532973,0.10278230814384029,-0.0005952473396570432,1.0
2014-12-17,0.0020790511291307366,3.0158625890528353e-06,1.1371394925339185e-06,0.0,1.4817590278515466e-06,1.3877814970256636e-06,0.1516842609876648,0.4328387584017437,0.19969146690143222,0.002072028586524273,1.0
2014-12-18,0.005373717423882136,8.405904066759264e-06,1.6063369173340954e-05,0.0,2.8635137639840814e-06,4.943416736527937e-06,0.7814266961945923,0.5708815991853301,-0.2596124125513632,0.005341441220141524,1.0
2014-12-19,-0.0011100873009527894,7.094244626140597e-06,1.3066071484880953e-06,0.0,3.2707339918799576e-06,4.11151249564575e-06,0.2593594703407357,0.6412784662008706,-0.049455633067615315,-0.0011258703992149438,1.0
2014-12-22,0.00019446237370854594,2.9682593891116974e-06,2.561139679470429e-06,0.0,9.073116644386366e-07,3.526495212471064e-06,0.15034007120409837,0.5291976873349878,-0.06325350836015081,0.00018449916776305412,1.0
2014-12-23,0.00028483271685821976,5.332570070571655e-06,4.814353063631069e-06,0.0,1.6856072612898619e-06,1.5393783258488332e-06,0.3218429485510498,0.22069216051922758,-0.03792339822337634,0.00027146080813687833,1.0
2014-12-26,-5.3066062067967e-05,1.912719343755333e-06,1.8882171623381006e-06,0.0,5.277086336292156e-07,1.1108670470534294e-06,0.10210429964538897,0.12812200532666693,-0.05850365857830919,-5.850557425474308e-05,1.0
2014-12-29,-0.00017833498452471267,6.14240057762575e-07,5.787557850864513e-07,0.0,1.5499011310502316e-07,8.473500628357163e-07,0.04537108069135339,0.09194244520888943,-0.05041236534751088,-0.00018053032054350242,1.0
2014-12-30,0.00027533452055818186,3.4838710165139796e-07,3.112574853291924e-07,0.0,1.3652984172824065e-07,8.054640473637573e-07,0.018548060654832953,0.08215136099794265,-0.0531665989591686,0.0002737328820821093,1.0
2014-12-31,0.0005541191489055176,1.616889027843138e-06,1.0950911014908055e-06,0.0,2.180536893125703e-07,1.664209198192287e-07,0.20446039942809854,0.138010703216327,0.11005198868669655,0.0005510226941670519,1.0
2015-01-02,1.7707706411399762e-05,3.805073525070901e-07,5.482761583594566e-07,0.0,3.4788459846539947e-07,3.632238254162752e-07,0.02081638138081822,0.15222636217933005,0.09120475950939583,1.6067814476651542e-05,1.0
2015-01-05,-0.0017085703814163076,8.922677388114153e-07,6.901612289315072e-07,0.0,3.0659712306420944e-07,5.53920169157418e-07,0.03377028865602,0.1721970220839596,0.07913843366551337,-0.0017110133276762721,1.0
2015-01-06,-0.0007157694570764813,2.5913393748994935e-06,2.030436611577806e-06,0.0,8.822027772523047e-07,1.1340433429798064e-06,0.22833302429032792,0.38125430939532434,0.19073502777471685,-0.0007224074791831906,1.0
2015-01-07,0.0028633303072409877,3.3924879025664224e-06,4.552762067224089e-06,0.0,1.0624062620822558e-06,1.7946136964537183e-06,0.19142327856656993,0.36116158529288916,0.05966648428866453,0.002852528037312661,1.0
2015-01-08,0.001059989424476066,4.716220907299323e-06,1.16084264284378e-05,0.0,1.1378241536572738e-06,4.278344699427162e-06,0.5416702004144364,0.39737122850612794,-0.32139068099763535,0.0010382486082872444,1.0
2015-01-09,0.00264578508042261,6.257263485426466e-06,1.6480530071216948e-06,0.0,3.589319831754664e-06,3.6215104692864e-06,0.29570410005630055,0.5193681343935203,-0.08904562444659483,0.0026306689336290205,1.0
2015-01-12,-0.00017358875008473133,3.6393039524335424e-06,2.8100074794216787e-06,0.0,1.0760202437113592e-06,9.045680883786527e-07,0.33505391121010214,0.2452049909206534,0.09323755207303978,-0.00018201864984867657,1.0
2015-01-13,-0.00017209188702483951,5.4110165055058e-06,4.543900357714552e-06,0.0,2.037120874208957e-06,5.247122544323464e-07,0.3810233423142792,0.2896262002569955,0.20147454151236127,-0.00018460863701670117,1.0
2015-01-14,-0.0013316582362109513,1.950637010351861e-06,2.2021316149639347e-06,0.0,1.2496472646944863e-06,9.911300646913306e-07,0.09086679644387266,0.3047485932180105,0.138238742349867,-0.0013380517821656528,1.0
2015-01-15,-0.0008186099075006701,2.33710483033623e-06,1.930460025317191e-06,0.0,9.439321072657494e-07,1.0043051089840149e-06,0.10779609109492563,0.2876933984040212,0.11897014009470672,-0.0008248257095725733,1.0
2015-01-16,0.0012749580536805345,3.4035017795266765e-06,6.320811555908033e-06,0.0,1.3931274258365506e-06,1.9763516120101865e-06,0.267405692866961,0.2408675493191837,-0.09115952149852757,0.001261864261307253,1.0
2015-01-20,0.0003339097034694595,4.68997200108301e-06,1.3638855350727158e-06,0.0,2.3813811927643894e-06,8.698998074995943e-07,0.23472257112266548,0.23741754563185793,0.09127437797192614,0.0003246045649330398,1.0
2015-01-21,0.0007774235708667658,3.0082086931153667e-06,1.6111741644991684e-06,0.0,1.0466374910420914e-06,7.183897874520561e-07,0.12305473597440066,0.23216343612634366,0.11147395183439825,0.0007710391607306571,1.0
2015-01-22,0.0021313375206293414,2.4305823741278603e-06,1.7667496917324596e-06,0.0,1.2283242928688608e-06,5.160677811855611e-07,0.11571021964034749,0.19964511588859601,0.11294572864942172,0.0021253957964894265,1.0
2015-01-23,-0.0009045216492598243,4.939133055168503e-06,7.4401206335535e-06,0.0,1.8339066007131257e-06,3.112891704083491e-06,0.4220331055873593,0.4815017233236802,-0.041464082962346355,-0.000921847701253343,1.0
2015-01-26,0.0004393042521927808,1.598165744328881e-06,1.6218991270642381e-06,0.0,6.162798081799599e-07,2.9906240150575417e-06,0.09266785932612148,0.44841840351743567,-0.05400643101223121,0.0004324772834981502,1.0
2015-01-27,0.001163203505927247,4.998169521883208e-06,3.842193999135464e-06,0.0,1.2622078252417333e-06,1.8545350148965956e-07,0.5245236620911478,0.3162001107340885,0.2850439224838257,0.0011529154810794968,1.0
2015-01-28,-0.004174251544742892,3.646641591607261e-06,3.3503490022998344e-06,0.0,1.918166454617169e-06,9.033254999718317e-07,0.13797491899612307,0.3463925024561122,0.19463381846084454,-0.004184070027291388,1.0
2015-01-29,0.0025581358871347533,2.4520098363214063e-06,2.3723009906767168e-06,0.0,1.1874847930051994e-06,1.3754853448273725e-06,0.13689188876183486,0.4114710971940926,0.18038955926309405,0.0025507486061699227,1.0
2015-01-30,-0.0025487233050656183,4.52274219798963e-06,2.9258365644948787e-06,0.0,1.6754527449774593e-06,1.5399224978443991e-06,0.1520929437920028,0.4123662261732731,0.15365924653541416,-0.0025593872590709246,1.0
2015-02-02,0.001618556889631357,3.982252447078725e-06,1.5828352233367181e-06,0.0,1.3862953366728616e-06,1.0126092005757693e-06,0.12450831500432336,0.3549814666873301,0.1848631209906008,0.001610592897423693,1.0
2015-02-03,0.003184919424344975,2.786445624766725e-06,1.4040155238623076e-06,0.0,1.1576385984476e-06,9.718807888946878e-07,0.10467719861722935,0.3728332049329922,0.20955723239868462,0.0031785994438090037,1.0
2015-02-04,-0.0005539707892492982,3.357901114020731e-06,1.223178846075375e-06,0.0,1.5262675187022956e-06,7.468382920462661e-07,0.15827656426851158,0.43021992168669027,0.30475108862291755,-0.0005608249750201429,1.0
2015-02-05,0.002537074717702476,2.4255780063891885e-06,1.343572329852372e-06,0.0,1.0126975363813317e-06,5.709716864787544e-07,0.10432984613659191,0.42582955692860786,0.3299063136001772,0.002531721898143374,1.0
2015-02-06,-0.0007417785215972736,5.429492883344212e-06,1.1499698688260608e-05,0.0,1.3069775313687084e-06,1.8163595041498994e-06,0.49135350375369147,0.23453740263326575,-0.07061099406391735,-0.0007618310502043971,1.0
2015-02-09,0.0002739189746746211,1.2118996749405959e-06,8.053137967545748e-07,0.0,5.518411381520625e-07,1.7339236572631642e-06,0.059126684341850214,0.23136183056038254,-0.05993734385982906,0.0002696159964075107,1.0
2015-02-10,-0.0006207883066455876,2.4177650419481785e-06,1.1375475090763617e-06,0.0,1.0114171864892876e-06,1.67751788738028e-06,0.10157538944276917,0.25548748148169376,-0.026335523598193293,-0.0006270325542704816,1.0
2015-02-11,-0.00030200361857379165,2.1107196098409303e-06,1.2448835013557798e-06,0.0,7.333123090505582e-07,1.759909741348477e-06,0.08171880670665219,0.27213391581322005,-0.02353092073332412,-0.0003078524437353874,1.0
2015-02-12,-0.0003429905397196388,1.0008725255740653e-06,7.022964320826075e-07,0.0,2.880939518226799e-07,1.7940789575632165e-06,0.03762790154096308,0.2724233645867055,-0.02898190028391491,-0.0003467758815866814,1.0
2015-02-13,-0.00010505475135028764,2.593806060094571e-06,2.726479499193141e-06,0.0,1.0646913028325615e-06,1.9720335771685736e-06,0.1404176999177473,0.2524806216953672,-0.07882101926895312,-0.00011341176178957649,1.0
2015-02-17,-0.00018198844489917415,8.901810020246288e-07,6.043798394528286e-07,0.0,2.979780010415483e-07,2.0414493810900323e-06,0.03705234211800752,0.26413285561901734,-0.0788306404041081,-0.00018582243312278317,1.0
2015-02-18,-3.770122870782592e-05,2.7397008194526513e-06,2.6324719341164135e-06,0.0,1.1489980617823999e-06,8.078507069181096e-07,0.19783949859011413,0.08602586852756983,-0.04969305023467259,-4.5030250230095495e-05,1.0
2015-02-19,-4.894795295346412e-05,5.543060012596093e-07,4.065707230020275e-07,0.0,1.4328855754176345e-07,4.1526218094387644e-07,0.045641178043355615,0.04379968937487986,-0.025964357023691393,-5.04673804162114e-05,1.0
2015-02-20,-0.00011927563332394541,3.569161703556833e-07,2.77493320046283e-07,0.0,1.4359052182223324e-07,4.296320667079239e-07,0.017861724264089537,0.04628662134164988,-0.025891565865281338,-0.00012048326540287754,1.0
2015-02-23,5.0375134081376445e-05,8.938834710879121e-07,1.5530310570272549e-06,0.0,2.5737106360717564e-07,1.031898770926187e-06,0.07966835186629087,0.10777111619286125,-0.06558787732273816,4.663894971872792e-05,1.0
2015-02-24,-0.00018253070893289275,4.918179367320273e-07,1.821669582897152e-07,0.0,1.9297912623824247e-07,1.0462126411725316e-06,0.023098756089009572,0.1237867913484284,-0.051976932368556925,-0.00018444388559532527,1.0
2015-02-25,-0.00021811441764720165,1.0074557765773995e-06,1.0652971789044382e-06,0.0,4.152520526694877e-07,8.213499594763784e-07,0.07036454155016555,0.08694284274828758,-0.051043950443744004,-0.00022142377261482934,1.0
2015-02-26,0.0001643896835524575,4.5979208731809276e-07,3.635892939520811e-07,0.0,1.707919553553565e-07,6.435700823201661e-07,0.031767022484215424,0.06751836296508064,-0.04060141086470724,0.0001627519401335118,1.0
2015-02-27,-0.00023813814633278502,7.333743397699341e-07,5.080651365425337e-07,0.0,3.258306817833435e-07,6.182395811878583e-07,0.030779954138012246,0.05990162964397049,-0.0439626199955897,-0.00024032365607206868,1.0
2015-03-02,-0.00026110486307124616,4.375371172897382e-07,2.426691231970015e-07,0.0,1.8971416967904078e-07,6.718239781324676e-07,0.020615399627094258,0.0737372606545856,-0.03912916767166892,-0.0002626466074595444,1.0
2015-03-03,0.00014539070608990143,8.168228371783191e-07,1.2831205828087e-06,0.0,2.839300511655054e-07,1.1576752850062464e-06,0.06396682348169117,0.12283501554435283,-0.07165443233669655,0.00014184915733374268,1.0
2015-03-04,0.0003753509808088793,1.528126226077864e-06,5.337317957960752e-07,0.0,6.243841613493679e-07,1.1964798486044966e-06,0.057149766701710854,0.15663399886855955,-0.04437461569699584,0.0003714682587770515,1.0
2015-03-05,-0.0003248172556338529,2.072178276356463e-06,1.9295821265396573e-06,0.0,8.779708460863624e-07,1.2230547464296064e-06,0.08465506768118045,0.11802379358631297,-0.0874494038138609,-0.000330920041629265,1.0
2015-03-06,0.0012980175293661519,2.273479426534077e-06,2.7334964776641018e-06,0.0,9.600956988128761e-07,2.1911925698554985e-06,0.09968323007641645,0.19302629213479322,-0.17509405960093055,0.0012898592651932853,1.0
2015-03-09,-0.0008234557658458846,2.9449931753727615e-06,2.1377858204927596e-06,0.0,6.303152825352277e-07,1.6667449438170996e-06,0.3222468166407053,0.3297888686693645,0.04977571810809181,-0.0008308356050681024,1.0
2015-03-10,-0.0012907463379676664,1.3683961896727415e-06,5.192733340937979e-07,0.0,2.9009165133095883e-07,1.6184624432472376e-06,0.1022342449716096,0.40671649652016434,0.13481480605462848,-0.001294542561586011,1.0
2015-03-11,-0.00020293154395750133,3.1385880381333394e-06,3.843576248891066e-06,0.0,1.0983714931999269e-06,1.611896203720959e-06,0.1984298294333425,0.321761926390493,0.05096336416537185,-0.0002126239759414466,1.0
2015-03-12,0.00047522681818246994,1.5988040797631594e-06,7.154014118452095e-07,0.0,4.472246514758394e-07,1.4699828764076664e-06,0.05840105935918166,0.314638532822197,0.06768140958570903,0.0004709954051629781,1.0
2015-03-13,-0.00027260236390517253,3.986382498937996e-06,7.9539308883292e-06,0.0,1.0125653002318094e-06,2.484487958718235e-06,0.3885638749106115,0.24721113164010078,-0.17018284542456258,-0.00028803973055138975,1.0
2015-03-16,-0.002710820088786003,1.0693807006643055e-06,7.915733006395253e-07,0.0,5.432507172328786e-07,2.535008128021873e-06,0.05489117569381463,0.2590574781241356,-0.16682388738353907,-0.0027157593016325617,1.0
2015-03-17,0.0005344026525251778,3.4581312007612764e-06,1.1899325303918977e-06,0.0,1.879881751359349e-06,1.7687496290826901e-06,0.1701862457787404,0.2430579197965782,-0.054092017889313754,0.0005261059574135826,1.0
2015-03-18,-0.0006738221087665831,1.0844148035746593e-06,6.554707641223827e-07,0.0,4.049218073795108e-07,1.8029809612688542e-06,0.05684999118506365,0.26504488859739217,-0.03785591289577535,-0.0006777698971029286,1.0
2015-03-19,0.0003223787301646948,2.200305184702475e-06,2.3466838939866035e-06,0.0,8.71385494196478e-07,2.0738281762196963e-06,0.1368222692017328,0.28097180986044484,-0.06743132374446419,0.0003148865274155895,1.0
2015-03-20,-0.0007408192629608564,2.529925997404829e-06,1.185214280940286e-06,0.0,1.0125262740353192e-06,2.174387288880688e-06,0.1144587692545504,0.34569662347431585,-0.01960044105763975,-0.0007477213168021175,1.0
2015-03-23,0.00026384370719889763,3.43873315846658e-06,2.777311028767997e-06,0.0,1.1483719218931873e-06,1.6026940734050108e-06,0.16599945142420253,0.23648659586055465,-0.032766008471487126,0.00025487659701636486,1.0
2015-03-24,9.289054526601047e-05,1.17483544582387e-06,1.146232637761119e-06,0.0,4.677130043451668e-07,1.6662210127933012e-06,0.05478317639192543,0.2241025500553643,-0.05582258009391029,8.843554316528702e-05,1.0
2015-03-25,0.0010167800448689006,3.5539401722374598e-06,2.0187516652355734e-06,0.0,6.932161207444791e-07,5.754732321178636e-08,0.37346809084623045,0.25486772780104555,0.24519977750146543,0.0010104565895874714,1.0
2015-03-26,-0.0006679648809308647,2.200020923161954e-06,2.807312148394214e-06,0.0,1.4498731495080146e-06,9.432076807925533e-07,0.11525154273215137,0.3159078363281864,0.15744894595503742,-0.0006753652948327214,1.0
2015-03-27,0.00028553082898064204,1.494601486308187e-06,1.706643166020493e-06,0.0,7.298999183578536e-07,1.3046412417190088e-06,0.07348617091054391,0.3313464159300494,0.11216668732125593,0.0002802950431682365,1.0
2015-03-30,0.0012130020471255824,2.644362126138581e-06,9.019629010157515e-07,0.0,1.4165358193321287e-06,5.865644052048221e-07,0.13849387970945126,0.3097445414556002,0.21120172138119012,0.001207452621873891,1.0
2015-03-31,-0.0017650249951797299,4.244473501786511e-06,9.056854194715341e-06,0.0,1.7429193339982213e-06,1.8934165164472168e-06,0.45697604937691944,0.27591870881195535,-0.042175265951177016,-0.0017819626587266772,1.0
2015-04-01,0.00010094630666539136,3.998072892124357e-06,3.781066731691006e-06,0.0,1.3865635912374294e-06,1.7472683677318349e-06,0.23850905151182233,0.24563680914518254,-0.04790427663376576,9.003333508260673e-05,1.0
2015-04-02,-0.0006195771984617339,4.888369613125515e-06,3.560905888999608e-06,0.0,1.6991874792109537e-06,7.569659613095942e-07,0.35390206353397097,0.23182387472759314,0.10465359322758133,-0.0006304826274043796,1.0
2015-04-06,0.0004932836018584843,2.027948615964774e-06,6.973477732382934e-07,0.0,9.27976723918355e-07,4.1089840944588217e-07,0.09712885316074472,0.2370367163717481,0.1680057835848399,0.000489219430335917,1.0
2015-04-07,-0.0005176709380036132,2.4034091709648406e-06,1.0374232795460115e-06,0.0,9.954296156516525e-07,3.275999711947828e-07,0.11235983851183076,0.27592242280620505,0.22088562764548156,-0.0005224348000409704,1.0
2015-04-08,0.0009209631600466273,2.3964553000850763e-06,7.92221880642375e-06,0.0,4.4980979133937536e-07,2.16273529680636e-06,0.3410251767689539,0.288060149133634,-0.07527938072983448,0.0009080319408519727,1.0
2015-04-09,-0.0003979080307115368,2.9877439905823897e-06,2.8968597640904507e-06,0.0,1.0884738197979299e-06,7.58558282572839e-07,0.21059005622960608,0.08112189611193506,-0.046315895360301874,-0.0004056396665685804,1.0
2015-04-10,-0.0002960656034128563,9.779322378394484e-08,1.4051414518328708e-07,0.0,3.321709057024968e-08,7.99765535822733e-07,0.007051811493299064,0.08465871739190922,-0.04970189262630992,-0.0002971368934082165,1.0
2015-04-13,0.0002707906268442316,6.817971616529242e-07,5.390314704771335e-07,0.0,2.5111789800794203e-07,9.777677310315623e-07,0.041820478622686126,0.117900722984093,-0.0463642558292095,0.00026834091258306207,1.0
2015-04-14,0.00020562478753934231,4.948454570740187e-07,5.923940687423453e-07,0.0,1.9328319185253573e-07,9.814129110450528e-07,0.025889435738336287,0.10412412290035968,-0.06075324615520919,0.00020336285191062837,1.0
2015-04-15,1.2968515187434152e-05,9.383891662101678e-07,5.704532448825707e-07,0.0,4.6526230945630087e-07,9.211742908420722e-07,0.04302343602909463,0.10400856755863004,-0.05074871330283806,1.007323617604304e-05,1.0
2015-04-16,8.0299789834733e-05,1.0107256204334129e-06,7.258577221680789e-07,0.0,4.563016525656488e-07,1.0709277606473078e-06,0.05412028997446671,0.13919610782257874,-0.04071975596616897,7.703597707891856e-05,1.0
2015-04-17,0.0005464820542552165,1.1033913269434248e-06,1.0370428890936486e-06,0.0,4.7660381056476787e-07,1.178927655570788e-06,0.0550630622786323,0.14205419483113915,-0.05600565130475328,0.0005426860885730439,1.0
2015-04-20,-0.0004030350664835309,2.784783200474084e-06,2.053020391919861e-06,0.0,9.732444069184315e-07,6.046506161050273e-07,0.23433409799822844,0.1690230948662444,0.06744179136059979,-0.00040945076509894834,1.0
2015-04-21,0.0002930285924931243,1.9491437414623392e-06,1.375014128580474e-06,0.0,8.736278148510196e-07,9.65697620883298e-07,0.09039689382871083,0.2300967820635536,0.06785958175515956,0.0002878651091873472,1.0
2015-04-22,3.0271440662811425e-05,2.17671763471895e-06,1.3780967538233634e-06,0.0,1.1522193939319437e-06,4.055588319248416e-07,0.10405713845283224,0.15257678325790208,0.08444289949452868,2.5158848048412326e-05,1.0
2015-04-23,0.00010581686440477536,3.0968960665788478e-06,5.632536814725579e-06,0.0,7.368787831356129e-07,1.3734567804144922e-06,0.27073986972270864,0.1515369322217941,-0.0792038068878406,9.497709595992082e-05,1.0
2015-04-24,-0.00044049186660024046,6.617732077455848e-07,3.8029988371720237e-07,0.0,1.4267261795310152e-07,1.392849602116092e-06,0.020749091671806143,0.1522804697062912,-0.08171826344921222,-0.00044306946191177243,1.0
2015-04-27,0.0003613110695616634,1.6066882011780924e-06,8.829340822006516e-07,0.0,5.997978751153736e-07,1.108301559276744e-06,0.08499754024187464,0.14084259806034446,-0.0453520638981485,0.0003571133478438925,1.0
2015-04-28,-2.544388020478267e-05,2.1542684872604266e-06,1.9302500347574056e-06,0.0,9.55180957758063e-07,7.335182237760606e-07,0.13466746356647719,0.09666564541750107,-0.02656541617687709,-3.121709790833463e-05,1.0
2015-04-29,0.00021247245862556868,1.4685640052088033e-06,1.255158630186809e-06,0.0,7.68046765066289e-07,7.381763607495964e-07,0.07626873461695424,0.08787384485545352,-0.036139783750478674,0.0002082425128643572,1.0
2015-04-30,0.00024416866395535013,4.0049976722002435e-06,4.588792704306893e-06,0.0,2.327646883606463e-06,2.2689122492643855e-06,0.18400786473823905,0.21276723728042835,-0.16841002059598842,0.00023097831444597215,1.0
2015-05-01,-0.0014070430912494082,4.325996132059275e-06,2.724538752136509e-06,0.0,2.598920712137252e-06,1.7707646283287045e-06,0.34325828974343986,0.32730738096045187,0.029818923401229575,-0.0014184633114740699,1.0
2015-05-04,1.3323862800237344e-05,3.4462904373689666e-06,1.510702593050254e-06,0.0,2.302980663986035e-06,1.161084798151287e-06,0.17587080606149208,0.3203091416454438,0.12524689555602758,4.9028043076808006e-06,1.0
2015-05-05,-0.001431340629973012,3.1801994982090496e-06,3.975625882116889e-06,0.0,2.5738219565561524e-06,6.899265942293029e-07,0.260381332689892,0.2045351183111518,0.08862745048062892,-0.0014417602039041235,1.0
2015-05-06,-3.464021038416444e-05,7.122314682508484e-06,9.035519970386773e-06,0.0,5.294336710644437e-06,3.2906252596590185e-06,0.3618450371907281,0.36237818091585683,-0.19044686270685823,-5.938300700736315e-05,1.0
2015-05-07,-0.0007965821097364403,3.090042914189285e-06,1.830630961646173e-06,0.0,1.2432359166675042e-06,3.0989485520888847e-06,0.34677447343146134,0.6016044964186112,0.08098113966767859,-0.0008058449680810321,1.0
2015-05-08,0.0018737385076573738,4.085167675679458e-06,1.2404530692789795e-06,0.0,2.64254326655028e-06,1.3910490001499087e-06,0.206362990929008,0.4706857333635429,0.2369895013383583,0.0018643792946457152,1.0
2015-05-11,-0.0008873373161204832,6.620951094732579e-06,2.1541785277642564e-06,0.0,5.56773608365712e-06,5.570066737790671e-07,0.3290049581068546,0.5566470216976499,0.46306990050276664,-0.0009022371885004162,1.0
2015-05-12,-0.0009610980004658286,5.420250099594682e-06,1.5718027924986224e-05,0.0,2.2484714763726848e-06,3.567793019707563e-06,0.7209480683648917,0.5310936304662208,-0.06829559684464995,-0.0009880525429864899,1.0
2015-05-13,-0.00036181273610915127,5.6102311504900244e-06,6.938641425164172e-06,0.0,4.297754975446251e-06,3.2750364359794264e-06,0.2935578555574482,0.28510909146591634,-0.2650970297786273,-0.00038193440009623116,1.0
2015-05-14,-0.0029404089152699343,8.925944409051432e-07,9.356739136284092e-07,0.0,5.275770455960556e-07,3.5930166571437478e-06,0.04557127628922037,0.317743661028912,-0.2858831373712376,-0.0029463577773272075,1.0
2015-05-15,-0.00026780554738806405,3.002525890279547e-06,1.128905890685917e-06,0.0,1.6949598036584254e-06,3.736052000515781e-06,0.155617856931693,0.4405225506081752,-0.18713418547847593,-0.0002773679909732037,1.0
2015-05-18,-0.000483570634925629,4.614734966993174e-06,8.481336133422865e-07,0.0,2.901032354064014e-06,3.5983648298065633e-06,0.1759992289347972,0.5625366080979288,-0.041988683309573754,-0.000495532900689835,1.0
2015-05-19,-0.0006555388446178768,6.080632475466307e-06,6.894567869970288e-06,0.0,3.2278644448457563e-06,1.7440767871041333e-06,0.3913541540034557,0.18621721440737887,-0.10678768582611547,-0.0006734859861952633,1.0
2015-05-20,0.00016970876679666514,1.9681275344595463e-06,7.378056379456603e-07,0.0,1.0249816020143313e-06,1.8236237854125137e-06,0.07231485422331826,0.23166512732693148,-0.07470366862237085,0.0001641542282368331,1.0
2015-05-21,-0.00044562862144156563,2.7196625272476742e-06,2.033645023245134e-06,0.0,1.2871298208601157e-06,8.573538588159365e-07,0.15234461334457372,0.10230673962786851,-0.04172870865320883,-0.0004525264126717345,1.0
2015-05-22,-5.1819294059843905e-05,7.431735235910379e-07,6.240604313870679e-07,0.0,2.753314001930319e-07,9.559356545900234e-07,0.031186367824192283,0.10917714982872495,-0.051420040142398996,-5.441779506960507e-05,1.0
2015-05-26,0.0006284898045730515,1.0190241080118238e-06,9.52455553603246e-07,0.0,3.955339261970923e-07,9.394356162339607e-07,0.05446103808960126,0.0969306964072253,-0.06089448712008009,0.0006251833553690053,1.0
2015-05-27,-0.0005795908871524432,2.8415516159448898e-06,1.8517753646876779e-06,0.0,1.3235664372157493e-06,5.81371548483276e-07,0.22674880843940273,0.16007841613148702,0.06240799598629664,-0.0005861891521187748,1.0
2015-05-28,7.109842112570614e-05,4.603633719358802e-06,3.496266493239892e-06,0.0,2.569350969158495e-06,1.6916743514829274e-06,0.1997878302643179,0.3234762408517199,0.03927494980258818,5.873749559246602e-05,1.0
2015-05-29,-0.0008954339416312007,7.2650580063582505e-06,2.425845998601923e-06,0.0,4.630324353428387e-06,4.167299284277297e-07,0.33762559471645526,0.33392282916701127,0.26391220119115266,-0.000910171899918017,1.0
2015-06-01,0.00034170537067486904,4.94730666795783e-06,6.016643034882776e-06,0.0,3.0095112540550755e-06,1.706920879891723e-07,0.2432040955163021,0.1135756737636579,0.08489940298147697,0.00032756121762998416,1.0
2015-06-02,-5.547028544728605e-05,9.74832416579328e-07,9.84141625672193e-07,0.0,3.4078568223477824e-07,3.9312559079049325e-07,0.05928244083566667,0.14592749729998306,0.07988239804718017,-5.816317076256284e-05,1.0
2015-06-03,0.00024281771931668878,1.2422665466164324e-06,8.832020109653989e-07,0.0,5.349427198736061e-07,2.1073081712951068e-07,0.05854832101021843,0.11591557374339302,0.08051279646563524,0.00023994657722210382,1.0
2015-06-04,-0.0005935256016896868,1.6216990098714677e-06,2.019434865548299e-06,0.0,1.0608664915466033e-06,8.575016710974759e-07,0.0924167237848923,0.1733154238072644,0.029255143062888442,-0.0005990851037277506,1.0
2015-06-05,-0.0001567138716421463,1.4825874619621468e-06,1.5808469212809655e-06,0.0,7.829685651994139e-07,1.397357852173227e-06,0.07127758965332351,0.22616957566450152,-0.008586543500600681,-0.00016195763244276204,1.0
2015-06-08,0.0004586984787989663,4.915096512837576e-06,4.411301687079075e-06,0.0,1.876878053704736e-06,2.7385244289391455e-06,0.43402682511795815,0.6305607770917971,0.17048867303002083,0.0004447566781164058,1.0
2015-06-09,-0.00034877234506596296,6.036747896169236e-06,7.0248057437648236e-06,0.0,2.4152934524166377e-06,1.593557953201293e-06,0.39688937091917353,0.329601841546071,0.06188410540825373,-0.00036584275011151496,1.0
2015-06-10,0.000767492823342328,4.566031698323349e-06,1.0163946180821784e-06,0.0,2.456304967341024e-06,3.44719005737261e-07,0.19977368430812711,0.2820162649160327,0.2241034719521728,0.0007591093730528441,1.0
2015-06-11,0.000849027587673498,6.047744785413148e-06,2.154266656569779e-06,0.0,3.690493377650328e-06,5.358056504833178e-07,0.271877008931508,0.4794559010764444,0.38944055179524706,0.0008365992772033814,1.0
2015-06-12,-0.002674704553500016,4.906490381861426e-06,1.3316208079314549e-05,0.0,1.8710898393886355e-06,3.352254640578881e-06,0.5792813159470631,0.4728085493211867,-0.09037023029606535,-0.0026981505964411598,1.0
2015-06-15,0.0005791776697879953,5.033352477840291e-06,5.569108680211061e-06,0.0,2.982271186152812e-06,3.0250784192778364e-06,0.23293029139695914,0.26642830015999286,-0.24178487427868367,0.0005625678590245133,1.0
2015-06-16,-0.0012835063476602823,3.2631860840038755e-06,2.7097865504940138e-06,0.0,8.396370610251098e-07,6.7075301853144e-07,0.4825219484614834,0.23858209836597732,0.1258955912526954,-0.0012909897103743368,1.0
2015-06-17,1.1109531321404711e-05,2.2400210372534574e-06,8.611214403381668e-07,0.0,1.6795728011926334e-06,2.2875894149738178e-07,0.12005192297859166,0.24137507438751443,0.20294357221595427,6.100057101123072e-06,1.0
2015-06-18,0.00202286226009074,4.8285674685499285e-06,1.0536502139919483e-06,0.0,2.91355677110198e-06,2.8349072551395883e-07,0.20482736492390424,0.42351214690696637,0.37588570502062124,0.0020137829949115824,1.0
2015-06-19,-0.0015771482160993034,7.551276255847323e-06,1.4331410991436802e-05,0.0,2.490944308682792e-06,3.4994759746725387e-06,0.6948140307080872,0.5428216265635717,-0.04509033718141467,-0.0016050213236299428,1.0
2015-06-22,7.522945709347636e-05,2.1839677527630324e-06,1.294164840583338e-06,0.0,1.3031348249613673e-06,3.5919620360499017e-06,0.11234930163611749,0.5934704153602524,-0.009979206696131199,6.685622763911872e-05,1.0
2015-06-23,-8.452396318791786e-05,7.204185617920614e-06,7.676515161504708e-06,0.0,3.708482967156867e-06,1.5919858279020205e-06,0.464702039413426,0.2165523133435686,-0.05090130574397082,-0.00010470513276240206,1.0
2015-06-24,0.00022584324416899566,2.950204959378955e-06,1.7572462014224285e-06,0.0,1.531732723594578e-06,1.5715193140134258e-06,0.12347675332050803,0.22765034143495744,-0.0363649033192981,0.00021803254097058628,1.0
2015-06-25,0.00023626095461308613,2.5449750549189754e-06,2.1130245515951073e-06,0.0,1.379397946762249e-06,1.3613132095481635e-06,0.10416289424443106,0.15642678100644675,-0.07227383819764473,0.00022886224385026163,1.0
2015-06-26,2.405420005711025e-05,2.6458507367276966e-06,2.6449953759791687e-06,0.0,1.0992227422423625e-06,2.145440603872332e-06,0.10073191790182658,0.2156422060689489,-0.14479181538160285,1.551869059828869e-05,1.0
2015-06-29,0.002909307277697632,5.058549794357882e-06,3.083488956345672e-06,0.0,1.3454590282009163e-06,9.976928875986961e-07,0.6024485829937409,0.5158910101551529,0.34827860503857205,0.002898822087031129,1.0
2015-06-30,0.0009133581080370511,7.00114527093007e-06,8.222368689762629e-06,0.0,4.863548301987493e-06,4.014971477465622e-06,0.34613346643494014,0.7921728074238293,0.11765759920960478,0.0008892560742969053,1.0
2015-07-01,0.002117320767473319,4.703186562402962e-06,4.287757578327764e-06,0.0,2.475317911685818e-06,3.806791565305584e-06,0.25705690655805025,0.7157087267360389,0.07616774376470069,0.002102047713855597,1.0
2015-07-02,-0.0008211923344648966,9.311496912128601e-06,3.691213540887994e-06,0.0,5.887333166123786e-06,4.19702167085257e-07,0.42158818294041545,0.37224750490068753,0.30173754083036436,-0.0008405020802511223,1.0
2015-07-06,-0.0010544929666659575,4.518085710117908e-06,1.2716805700731494e-05,0.0,2.1021777891795064e-06,2.357080066559566e-06,0.5425686478565835,0.2320835244562316,-0.16390592672577542,-0.001076187115932546,1.0
2015-07-07,-0.0013972516525644013,4.245230077923889e-06,2.2756735609077456e-06,0.0,2.882298869891047e-06,1.8725712186009356e-06,0.18625109286697963,0.1994872182687313,-0.11510474645622588,-0.001408527426291725,1.0
2015-07-08,0.0017407218142338177,6.736374598447523e-06,3.2622674712408787e-06,0.0,1.811207369319787e-06,8.442704721465204e-07,0.6288183436534432,0.5392997757419673,0.397462336421352,0.001728067694322663,1.0
2015-07-09,0.0007005644048330818,5.5959090560162206e-06,6.43888608386349e-06,0.0,3.843523492041378e-06,2.6360622336781123e-06,0.30289917168986885,0.6861767621544815,0.2433183068965587,0.0006820500239674825,1.0
2015-07-10,0.0040501054259109125,1.0369587359093334e-05,4.1496520926526394e-06,0.0,6.28088016444438e-06,8.536512976557404e-07,0.42163454445440074,0.5770815952682113,0.4336681772620469,0.004028451654997067,1.0
2015-07-13,0.00503835088728254,5.846624489657615e-06,3.554262873541917e-06,0.0,3.0018582122850016e-06,8.868769738939517e-07,0.22218963943868275,0.6053870133515338,0.45639168173734995,0.005025061264733161,1.0
2015-07-14,0.0024670749682480543,1.2133527947026619e-05,2.273225399627485e-05,0.0,5.539691832613953e-06,6.297469290655109e-06,1.1663486532907308,0.9166142672962537,-0.14136057353380446,0.0024203720251814837,1.0
2015-07-15,-0.001225600386829523,5.1714039549613205e-06,5.092133668526093e-06,0.0,3.172162500511329e-06,4.434163544012721e-06,0.3382410156190467,0.6165132369284809,-0.1284262384656563,-0.0012434702504975344,1.0
2015-07-16,-0.0012739651314351442,4.582481458749669e-06,4.484058208714572e-06,0.0,2.430168097416581e-06,2.7837405904313314e-06,0.30417533355001347,0.34645581065033176,-0.12121260854213184,-0.0012882455797904562,1.0
2015-07-17,-0.000318975419234422,2.3532408284296347e-06,1.4090570747188456e-06,0.0,1.2053453663280276e-06,2.227806711008415e-06,0.15057568730703846,0.32559152100105127,-0.0486800064483624,-0.00032617086921490695,1.0
2015-07-20,-0.0006204429290501317,1.0692831762112655e-06,9.838558702271565e-07,0.0,7.717914741421464e-07,2.344003837788147e-06,0.05741787043491611,0.3361758940550488,-0.057616750693359836,-0.0006256118634085004,1.0
2015-07-21,0.00017678841731281407,3.553717134783139e-06,3.826946982458347e-06,0.0,1.8525261900893412e-06,2.2128670401825474e-06,0.17593910420036019,0.22912405949401676,-0.14263760325665123,0.0001653423599653007,1.0
2015-07-22,0.0004395860369161562,3.7509332884003637e-06,3.680555781066273e-06,0.0,2.023499261113768e-06,3.2627377558759756e-06,0.15805435193871528,0.31430579218786636,-0.23383415079929754,0.0004268683108296998,1.0
2015-07-23,0.0013944123714306885,4.013728230615488e-06,2.677250606004368e-06,0.0,1.7970025749043389e-06,3.524712914249294e-06,0.1357204099198588,0.3318262835994419,-0.26032548599443955,0.001382399677104915,1.0
2015-07-24,0.0025135013986675335,3.062314871052542e-06,2.4396445296744953e-06,0.0,1.5093561569087078e-06,3.7818920241534926e-06,0.14451086333392968,0.35860628170017655,-0.27675157835761033,0.002502708191085744,1.0
2015-07-27,0.0009570374469977861,4.388103891156557e-06,4.064684989598213e-06,0.0,2.230764716302871e-06,4.904233127910148e-06,0.19671917820386034,0.4689770216358661,-0.35493414385303873,0.0009414496602728183,1.0
2015-07-28,-0.005083053909707612,6.396219704578617e-06,3.7296500436970846e-06,0.0,2.503649449334395e-06,2.4643318598272686e-06,0.606079501702776,0.5051366375610216,0.09112888511004032,-0.005098147760765049,1.0
2015-07-29,0.000569957067467282,7.665877862597272e-06,2.3416059577230185e-06,0.0,4.369310284108502e-06,1.1293253627596918e-06,0.32992867667157,0.4930175936768296,0.3032909327332014,0.0005544509480000935,1.0
2015-07-30,-0.0002662845295757621,4.981880818797757e-06,3.252187659626419e-06,0.0,2.9871169739718553e-06,8.961931781103854e-07,0.21429828620686767,0.46126926629362375,0.310708812371079,-0.0002784019082062685,1.0
2015-07-31,2.7732049544440014e-05,5.850729618568518e-06,1.3282915480866622e-05,0.0,2.3942258266922434e-06,2.904380958104057e-06,0.5811913479325708,0.3324385201406593,-0.15549748082082232,3.2997976602085723e-06,1.0
2015-08-03,0.00013703798440369577,4.283404047636262e-06,2.967049843318664e-06,0.0,1.8522712319816379e-06,2.755290198012487e-06,0.14222090758754513,0.2669408684857526,-0.19594788478034517,0.00012517996908274672,1.0
2015-08-04,0.0001924308496054448,3.1724030699834645e-06,2.512845448463025e-06,0.0,1.3297219047028108e-06,7.023716508901924e-07,0.3937922969600135,0.19870452803245797,0.08070609068290568,0.0001847135075314053,1.0
2015-08-05,0.000570947053183892,2.2898469568783666e-06,1.643263413385212e-06,0.0,8.498437940987203e-07,5.392529503601644e-07,0.09000400163560791,0.14700462639555104,0.056410130735043404,0.0005656248460691695,1.0
2015-08-06,-0.0006827642228042788,2.5667328841930593e-06,2.3259431961493684e-06,0.0,1.6460272973143384e-06,9.973715521692932e-07,0.130079640453385,0.19797061632123752,0.03041219555679623,-0.0006903002977341049,1.0
2015-08-07,-0.0004066528015484238,3.4789411383358534e-06,3.703659356415998e-06,0.0,1.9246049601808063e-06,2.1970666454962746e-06,0.14809227055059915,0.2956500841440811,-0.07345711229929303,-0.00041795707364885275,1.0
2015-08-10,-0.0011969246120390725,4.739632938440595e-06,2.669097902299513e-06,0.0,2.6858080346838918e-06,1.6607546309456687e-06,0.20594931022987933,0.2509971651860772,-0.028009612812795147,-0.001208679905545442,1.0
2015-08-11,1.3757265430698238e-05,6.597901556977198e-06,1.8946211752691488e-06,0.0,4.177254542756755e-06,7.074988615906336e-07,0.25814775301920867,0.2609479776657878,0.14208816891856135,3.799892941045028e-07,1.0
2015-08-12,-0.0002467337780272077,6.9634727628732965e-06,4.245741888053248e-06,0.0,3.807717812259491e-06,1.5574301108750493e-06,0.22349762066569095,0.3619392649629641,0.1002910063359558,-0.0002633081406012688,1.0
2015-08-13,-5.253947498157593e-05,8.20843877984019e-06,6.377294833972549e-06,0.0,4.415691651617548e-06,1.6612553185103947e-06,0.30052273369360516,0.26428239371200957,-0.01480849979773673,-7.320215556551661e-05,1.0
2015-08-14,-0.0007441772642152466,4.076005721696643e-06,1.8119522708860387e-06,0.0,2.1368096927816043e-06,7.955993620434338e-07,0.16866844285839228,0.18811967633881682,0.054458983515519935,-0.0007529976312626544,1.0
2015-08-17,0.00021576677894910733,4.642311275207239e-06,7.1526725768990736e-06,0.0,2.276868685104027e-06,2.262049087525516e-06,0.37471392285648697,0.25638376665238016,-0.12364048005190656,0.00019943287732437147,1.0
2015-08-18,0.00034716330014442374,2.6722293391942342e-06,1.8087985000525963e-06,0.0,2.037220479879335e-06,2.2089430103859164e-06,0.12373106448343235,0.2593690550291575,-0.11173337071567643,0.0003384361088149117,1.0
2015-08-19,0.0005802567787024981,5.964500292038519e-06,2.863814226264182e-06,0.0,2.75374014997179e-06,6.40400618919571e-07,0.44956945757184064,0.3203072124672599,0.21271990848877198,0.000568034323415304,1.0
2015-08-20,-0.004418257865354791,5.828520126256766e-06,3.05538049865577e-06,0.0,2.25638299014821e-06,3.389935099034033e-07,0.4353992449402264,0.5628409610921263,0.5058900514283546,-0.004429737142479756,1.0
2015-08-21,-0.014892107817778711,8.534238768661052e-06,8.840175544650119e-06,0.0,5.852716680141306e-06,3.520846318694122e-06,0.46937302157209093,0.9587671625429519,0.3672649810023395,-0.014918855795090858,1.0
2015-08-24,-0.015291455001312853,9.227419279980187e-06,9.268269115353569e-06,0.0,5.644027273573033e-06,6.162914144056439e-06,0.35550461778679265,1.1269914824538725,0.09162190625239072,-0.015321757631125817,1.0
2015-08-25,-7.842249436346019e-05,9.24606945377979e-06,7.80093578101043e-06,0.0,3.879128778710401e-06,3.4625452428918006e-06,0.5339518753957666,0.6544312582923579,0.07272365748653543,-0.00010281117361985261,1.0
2015-08-26,0.003480181838499705,6.116084106742139e-06,7.140573927372048e-06,0.0,2.7254966161678125e-06,2.4755655531021157e-06,0.41122776136692735,0.37328026776326323,-0.04261474515789221,0.003461724118296321,1.0
2015-08-27,-0.0004933834927642246,9.083501234635655e-06,1.2199142834644416e-05,0.0,3.552849068122095e-06,5.063698121409583e-06,0.6015404920285663,0.5100344613530164,-0.3406668230437934,-0.0005232826840230364,1.0
2015-08-28,-0.0007827061385778756,3.745552986894107e-06,9.645057253542594e-07,0.0,2.5153500686741584e-06,4.464204269120962e-06,0.16924176743034233,0.5389727781884656,-0.21101353902385606,-0.0007943957516279191,1.0
2015-08-31,0.0011351331845532034,7.30367719320733e-06,3.375637921719588e-06,0.0,3.7218127212981086e-06,2.449704644305289e-06,0.34397462187779837,0.3600105599755263,-0.051539820267762146,0.001118282352072673,1.0
2015-09-01,0.0017713664024590627,8.019209108547795e-06,8.972870982867552e-06,0.0,4.723680267651263e-06,4.207741941941929e-06,0.332292701408068,0.37429870371253093,-0.3326019425337131,0.0017454429001580543,1.0
2015-09-02,-0.005935041120804324,5.112146451288425e-06,3.5866771599477436e-06,0.0,1.589024098595984e-06,2.948878139027031e-06,0.38570518970625955,0.35507034575509955,-0.14034118160144168,-0.005948277846653183,1.0
2015-09-03,-0.0006376928878942866,1.7867326011959346e-06,1.4861558873468615e-06,0.0,6.189638217010414e-07,2.7450658992039624e-06,0.1003018750734676,0.3126757287330454,-0.14849534233322034,-0.0006443298061037343,1.0
2015-09-04,0.002274366042542922,6.584298989670307e-06,1.7451415075215215e-06,0.0,2.981589867924575e-06,7.970357935632746e-07,0.27843739549125873,0.17747193125664304,0.04356991793801289,0.0022622579763842427,1.0
2015-09-08,0.0009281550783572692,3.3808987379474187e-06,2.8128706777008503e-06,0.0,1.2844480221286044e-06,9.320949075902494e-07,0.13040395329877352,0.147029009462039,-0.009562935013122857,0.000919744766011902,1.0
2015-09-09,0.00020487119706893013,2.3855960435722544e-06,7.975540152018365e-07,0.0,1.03221076320444e-06,8.025356552199315e-07,0.0866888898709635,0.1713512852005356,0.03652529512358716,0.00019985330059173165,1.0
2015-09-10,3.7842725614062184e-05,3.0274876584682264e-06,4.720685116591316e-06,0.0,9.213898769465008e-07,2.319961690740382e-06,0.19342289303706628,0.268933259369019,-0.12082030467536517,2.6853201271315758e-05,1.0
2015-09-11,-0.0007956007995265499,4.977182110374818e-06,3.320607079792307e-06,0.0,1.8486971321008826e-06,1.9609698958518175e-06,0.18267239401810348,0.18196035210266442,-0.14748259040044087,-0.0008077082557446698,1.0
2015-09-14,0.0006306592689915548,2.5290208651911737e-06,9.490762405612596e-07,0.0,6.483382324310954e-07,3.3851492544026714e-07,0.1776352268773629,0.05273159313428131,-0.0041389143396835665,0.000626194318727931,1.0
2015-09-15,-8.858245624986192e-05,1.5710550893740118e-06,1.7927262301894e-07,0.0,5.023843124844298e-07,1.3067620420404364e-07,0.05479768066157317,0.06934388224230759,0.04739027993602826,-9.096584447894335e-05,1.0
2015-09-16,0.0002865733962645739,1.4170034614047226e-06,7.266250843431669e-07,0.0,4.7373821924473583e-07,2.5456868014869373e-07,0.05335297339861986,0.10119691111518364,0.05842937285020311,0.0002837014608194326,1.0
2015-09-17,0.00022090148851047108,1.8762087032023543e-06,6.134143779225701e-07,0.0,8.095879809166507e-07,3.4284998119880203e-07,0.07272360473594464,0.15925340570219987,0.10165460886080112,0.0002172594274672307,1.0
2015-09-18,-0.0014924949820445922,4.071966730957278e-06,4.0530581302423376e-06,0.0,2.2997513261174642e-06,1.0234647146451796e-06,0.14925712192070284,0.15113830524334332,-0.02080376681704686,-0.0015039432229465544,1.0
2015-09-21,-0.0002081559939380985,3.315091078907038e-06,2.1661465985632356e-06,0.0,1.4296314141617427e-06,1.1242052664222517e-06,0.13389868919142076,0.16260916013892823,-0.026257324620010077,-0.00021619106829615277,1.0
2015-09-22,0.00035219292893728764,1.072291462529226e-06,7.713595908717341e-07,0.0,3.495817601416287e-07,1.1036113121865445e-06,0.04341861626427716,0.1521225807209245,-0.03328411972641499,0.0003488960848115585,1.0
2015-09-23,6.728321839932536e-05,2.8124667175056482e-06,1.6954221917923674e-06,0.0,9.374214034206339e-07,7.91786954290245e-07,0.17620438675551675,0.18024695982521874,0.04722675150445758,6.104612113231647e-05,1.0
2015-09-24,-0.00021771023131782264,1.049641207302005e-06,4.127876416792964e-07,0.0,2.2465913055182462e-07,7.463895492024922e-07,0.032313703123144744,0.18197028241800345,0.056576838151984735,-0.00022014370884655826,1.0
2015-09-25,-0.00014009437297337677,1.8934616934607673e-06,1.9065372470404647e-06,0.0,7.592161439055069e-07,2.9641781408979546e-07,0.1178418039836758,0.08774824792894109,0.037950055161855456,-0.0001449500058718733,1.0
2015-09-28,-0.0010604703184774215,1.4715451676192572e-06,5.901951806398755e-07,0.0,3.335706023152919e-07,2.2740532081871186e-07,0.1304672838136065,0.19004688778492235,0.15184279388737876,-0.0010630930347488147,1.0
2015-09-29,-3.710276539943599e-05,2.8669710039324573e-06,3.2042737483668525e-06,0.0,1.3054906718914414e-06,1.4293503365568018e-06,0.12258343953594153,0.29416000272784737,0.05402914618630463,-4.590885116018354e-05,1.0
2015-09-30,0.0009515023041841686,2.2717904952040256e-06,2.7722314966011404e-06,0.0,7.70910898681314e-07,7.951301955948138e-07,0.16986981284993535,0.15083467840953518,0.01725280554960646,0.0009448922410980874,1.0
2015-10-01,-1.2816150802639684e-05,3.3428849979688497e-06,6.458789884630354e-06,0.0,9.093469539847327e-07,2.3427288518784936e-06,0.29142582573820547,0.20435485807223508,-0.18922358904335185,-2.5869901491102114e-05,1.0
2015-10-02,-0.0027684917067276327,1.664972911567884e-06,1.114574280524967e-06,0.0,6.029121340993784e-07,2.626580444673274e-06,0.07656781354341655,0.24802290686165074,-0.19324260784345929,-0.002774500746498498,1.0
2015-10-05,-0.0032229744844714915,2.9371265430636304e-06,9.035199665583807e-07,0.0,1.172623312243298e-06,2.3726869093540263e-06,0.1069061128125388,0.2667120812000065,-0.13189931957146994,-0.003230360441202711,1.0
2015-10-06,0.0005578098801279311,2.679902497697224e-06,1.0392933366796596e-06,0.0,1.1644541890180356e-06,2.1606572701502866e-06,0.10646528320169701,0.28561333375227504,-0.07737708763297312,0.0005507655728343859,1.0
2015-10-07,-0.0007075364197613163,1.727203289063794e-06,1.277692189680145e-06,0.0,6.2250523741614e-07,2.112435875637216e-06,0.08077751033724485,0.2791737522357329,-0.07571547487131935,-0.0007132762563531136,1.0
2015-10-08,-0.0005353360448030249,2.9531476881205344e-06,2.169465358034519e-06,0.0,1.0157665303378615e-06,1.3488267816453287e-06,0.15473667486209797,0.1753802800572267,-0.05122261925918853,-0.0005428232511611632,1.0
2015-10-09,0.0005039191880842103,1.472208379002725e-06,1.158847938583666e-06,0.0,6.117711883941349e-07,1.30715636646007e-06,0.05629555853854159,0.14783982373965793,-0.07176244582563386,0.0004993692042117697,1.0
2015-10-12,-9.098736407429968e-05,7.530145849073991e-07,5.936232028204793e-07,0.0,2.5723243058172154e-07,1.1478779927739908e-06,0.04120720097438912,0.12458940293319908,-0.0682540998528314,-9.373911228538327e-05,1.0
2015-10-13,0.0006449871283274267,1.1010156506194398e-06,5.391247327715727e-07,0.0,2.641086535325258e-07,1.0642594343748692e-06,0.03576317661373801,0.11563187189994609,-0.06316371307503188,0.0006420186198561283,1.0
2015-10-14,0.000274387160337836,2.4743191990291045e-06,1.3856491017890388e-06,0.0,6.540454228871799e-07,1.2800512269080743e-06,0.05635130179482119,0.1318448062388628,-0.08320379988169367,0.0002685930953872226,1.0
2015-10-15,-0.001399105313403073,2.292015506071734e-06,1.0928614557382352e-06,0.0,6.628987255180006e-07,1.362709343011369e-06,0.0578432518590961,0.13080639543241668,-0.0981287741934933,-0.0014045157984334123,1.0
2015-10-16,-0.00030327927161931574,1.766461630575094e-06,9.777984610459062e-07,0.0,5.396345503685152e-07,1.3495800209443356e-06,0.06442776772576345,0.13340332405266822,-0.09332611946598017,-0.00030791274628224957,1.0
2015-10-19,9.877006107544912e-05,1.1900297598731888e-06,3.4852242416043355e-07,0.0,4.4066443098313437e-07,1.247445187277846e-06,0.044434429781234776,0.1448390889505155,-0.06473170251216265,9.554339927315451e-05,1.0
2015-10-20,5.703164095635752e-05,1.808811617805238e-06,1.15376884519575e-06,0.0,5.172845363112037e-07,3.2910181654746913e-07,0.11158177263097988,0.037672270024809024,-0.017616835155165798,5.322267414049786e-05,1.0
2015-10-21,1.3912832124606598e-05,5.997619949864906e-07,3.718756344052404e-07,0.0,2.381858639789313e-07,3.6567010866057875e-07,0.022565172916270984,0.04555268383179991,-0.015879894423177318,1.2337338522575356e-05,1.0
2015-10-22,-0.0005160849466452899,1.1926445222387118e-06,6.553186462058594e-07,0.0,3.175200118994705e-07,5.081720596753831e-07,0.034403722438503634,0.06301905711260661,-0.02235384891285778,-0.0005187586018853093,1.0
2015-10-23,-2.101986714968647e-05,1.768560915197531e-06,7.249280214231978e-07,0.0,5.951274802516164e-07,6.43445190801291e-07,0.058711194005981855,0.100015912010085,-0.008082880044531898,-2.4751928757360106e-05,1.0
2015-10-26,0.00017653723892230403,1.5389359573768692e-06,8.296420234408604e-07,0.0,6.115634284476791e-07,7.095727325127315e-07,0.06524876588109102,0.12782917673197952,0.00862095766984061,0.0001728475247805259,1.0
2015-10-27,-0.0004133182620715117,2.41611774958713e-06,2.8591914024638285e-06,0.0,8.01066121826119e-07,1.1613635886973915e-06,0.13914747654871146,0.13608312631815134,-0.059025956583010415,-0.0004205560009340862,1.0
2015-10-28,-8.178642492355395e-05,1.5514200816833097e-06,1.1234325453700557e-06,0.0,5.623315497260823e-07,1.0597767317214376e-06,0.06123724114297924,0.11135439753994142,-0.06668809338926013,-8.608338583205483e-05,1.0
2015-10-29,0.0001665684516425722,1.3277385077090664e-06,6.406399144934296e-07,0.0,5.93606803915728e-07,1.1235398859340036e-06,0.0479114146556292,0.13450634129762626,-0.054248359539286334,0.00016288292653052,1.0
2015-10-30,-0.00013965720938414252,8.822621363749895e-07,6.019349824188294e-07,0.0,4.6528801714790467e-07,1.13461028890539e-06,0.039350190739730576,0.13849233611345096,-0.05212219242265456,-0.00014274130480898962,1.0
2015-11-02,-0.0007757090631881658,1.3549841359758505e-06,7.49443448207659e-07,0.0,6.60800162793286e-07,1.0484995836967836e-06,0.06082986524961099,0.1391491906829824,-0.03699873937807728,-0.0007795227905188393,1.0
2015-11-03,8.831400389825079e-06,9.571355660133731e-07,1.1367517422349616e-06,0.0,2.701397276509867e-07,1.3385951546805721e-06,0.056403405691910755,0.1605348907004453,-0.0643490952858908,5.128778199245186e-06,1.0
2015-11-04,0.0002152465255748311,1.105984395665816e-06,5.457046215659625e-07,0.0,4.5770386808118883e-07,1.3020517746239073e-06,0.04599096852466885,0.16865941663554582,-0.05008528150127062,0.00021183508091489423,1.0
2015-11-05,0.0001029870968710218,1.6356059683408163e-06,1.477916161515867e-06,0.0,5.057074291792049e-07,1.1279707566266522e-06,0.06613485908986538,0.10703981298898965,-0.0824592741242879,9.823989655535927e-05,1.0
2015-11-06,2.6700445681423514e-05,8.614631918461673e-07,6.890299186758473e-07,0.0,4.5214338251698043e-07,1.2110503722253702e-06,0.029576180700691575,0.10672852502950732,-0.09672793750435488,2.348675881615915e-05,1.0
2015-11-09,0.0008593342221562817,6.205037103789802e-07,2.544874167654625e-07,0.0,1.7923181563020873e-07,1.2104853872627502e-06,0.02179725692142843,0.11507930910364894,-0.08828223595649308,0.0008570695138262443,1.0
2015-11-10,-0.00027453410194840176,1.07798273914902e-06,5.423514834892417e-07,0.0,1.1432013453182295e-07,1.3178000906362659e-07,0.1815250574149942,0.10994307315469956,0.08780403163201031,-0.0002764005363146355,1.0
2015-11-11,-0.0005666539952006851,8.109193604978602e-07,8.70446152530505e-07,0.0,2.909234874255977e-07,3.558447100309358e-07,0.035857081821538184,0.12325058943035552,0.06346867814515832,-0.0005689821289111699,1.0
2015-11-12,-0.0008175397553988075,1.2327328005829243e-06,4.892325568289552e-07,0.0,3.990298543420102e-07,2.8636679040294066e-07,0.04340521982255007,0.12426512337379245,0.07615550258609843,-0.0008199471174009643,1.0
2015-11-13,-0.000910965834185064,6.491433927814447e-07,6.675131614573646e-07,0.0,3.2986996638443523e-07,4.862143288454001e-07,0.03021840382674821,0.14013058981498597,0.058446582568958745,-0.0009130985750345327,1.0
2015-11-16,0.0009351344233739911,1.5502710677430418e-06,1.6327477093132626e-06,0.0,8.218578011759866e-07,9.240512534823979e-07,0.08277736128495942,0.19021757925195465,0.0349769686669118,0.0009302054955422764,1.0
2015-11-17,0.0003296414031052625,1.6024983865552428e-06,6.627896983921855e-07,0.0,6.399203026514082e-07,6.408725336827169e-07,0.06623999936306116,0.1709378128636282,0.06327122720493175,0.0003260953221839809,1.0
2015-11-18,0.0012626726027906822,2.96156998266859e-06,7.404567674103571e-06,0.0,9.327110187896314e-07,2.482258271620908e-06,0.34124204923089274,0.2386479407508143,-0.17837144888149817,0.0012488914958434995,1.0
2015-11-19,0.00015863378596612255,1.8613610215956677e-06,6.922668323118571e-07,0.0,8.030815518392383e-07,1.7850004488745024e-06,0.12451561144203196,0.2198122367743414,-0.08006783863657502,0.00015349207611150127,1.0
2015-11-20,-7.80339562946532e-05,4.744556987391728e-07,4.32324453078973e-07,0.0,1.993923648142052e-07,1.9030801739104569e-06,0.022759931166631102,0.23402535958566834,-0.0856921096312884,-8.1043208985196e-05,1.0
2015-11-23,0.0002606041680728767,2.037550535732592e-06,1.7833571817366738e-06,0.0,9.479357998972864e-07,8.365399290111505e-07,0.15740899519801954,0.099487459970045,-0.04105124810382828,0.00025499878462649896,1.0
2015-11-24,0.0001042790920031028,1.0588397082250367e-06,1.0817492343262094e-06,0.0,6.741792670039966e-07,9.567348968801196e-07,0.04956217517863119,0.09581346094693638,-0.0649180017289237,0.00010050758889666744,1.0
2015-11-25,3.7534864741517775e-05,7.317940123586267e-07,6.557269725478351e-07,0.0,6.971938868187815e-07,8.813344876205677e-07,0.04306073362777872,0.08203575688341502,-0.06602843703684033,3.456881538217196e-05,1.0
2015-11-30,0.0001781147690581358,5.434199040741198e-07,4.0385603865045983e-07,0.0,3.8297437501803506e-07,8.536051634825735e-07,0.018893945265507202,0.07170283373253616,-0.07170283373253616,0.0001759309135769106,1.0
2015-12-01,-0.0006087748798488151,1.1414752276028545e-06,5.755191714403913e-07,0.0,4.552677833057478e-07,1.0198758692741426e-06,0.037876718710267016,0.09939005769903093,-0.071949088339025,-0.0006119670179004382,1.0
2015-12-02,0.0007030074689737947,2.591964769004143e-06,6.578857403433846e-07,0.0,2.4867294072710686e-06,1.1033215574009067e-06,0.10377490899046937,0.188775622044984,0.003417600401631679,0.0006961675674997752,1.0
2015-12-03,-0.0002650339881148247,7.706265368176755e-06,7.005960443209561e-06,0.0,5.966439779623005e-06,2.988699077046963e-06,0.2760868540961844,0.3210201740815266,-0.18108127086236325,-0.00028870135278288096,1.0
2015-12-04,-0.0041273314060174615,6.507958132416986e-06,4.784418486843339e-06,0.0,3.3409028409622406e-06,3.2769150971762412e-06,0.4875786311654384,0.5766208135901624,0.026099077264553905,-0.004145241600574861,1.0
2015-12-07,-0.0009187466310583761,6.164113856987173e-06,7.523677563000414e-06,0.0,5.098395056790467e-06,4.050553183473215e-06,0.3633632967167906,0.5350250615265243,-0.1454678732969757,-0.0009415833707186274,1.0
2015-12-08,0.0020473308874174216,7.263092577898312e-06,2.4064158313027155e-06,0.0,7.226692681880325e-06,2.8614220514794603e-06,0.2945761358680517,0.507901800701944,0.027182896053394766,0.0020275732642748606,1.0
2015-12-09,0.0012737323869460057,7.566863866260959e-06,3.6484563205950655e-06,0.0,6.6970098126784785e-06,9.428159614918038e-07,0.28333843985324914,0.2655461586397987,0.10715307710917568,0.0012548772409849793,1.0
2015-12-10,0.000508302657764435,3.4170155267855903e-06,1.9505416233200176e-06,0.0,2.2203534186693514e-06,7.849271852719948e-07,0.1292562975779808,0.24351697829270108,0.11164921116700595,0.000499929820010388,1.0
2015-12-11,-0.002154841911442668,5.15358626257669e-06,3.956374703937623e-06,0.0,3.0304992765135365e-06,1.7675042216987543e-06,0.1591806074266364,0.32216272811315416,0.025222018867763492,-0.0021687498759073946,1.0
2015-12-14,0.00021662151328848996,1.1524584931753548e-05,9.541047716775825e-06,0.0,9.178112829636661e-06,4.574584461647538e-06,0.5634002875834411,0.7642138743871727,-0.00431631516961356,0.00018180318334867638,1.0
2015-12-15,-0.00019033452695027151,6.7715845355369765e-06,3.2192242635279553e-06,0.0,3.6058594921463424e-06,2.8460315640034014e-06,0.3042305047940039,0.5597054508917985,0.081572148139227,-0.00020677722680548618,1.0
2015-12-16,0.0014924369280225362,8.615350989048953e-06,3.0551607570055924e-06,0.0,8.101214064802079e-06,1.8120235454108088e-06,0.2900422734983024,0.4996335589495137,0.19521360332049786,0.0014708531786662687,1.0
2015-12-17,-0.0025404843765413658,1.1960228463480785e-05,1.47694988695896e-05,0.0,1.038034656678872e-05,3.86406089627183e-06,0.9016399439399704,0.6384772606962688,-0.010684969877398698,-0.0025814585113374967,1.0
2015-12-18,0.0005158556502375634,1.0659030754468993e-05,7.664768831390552e-06,0.0,6.724812834216281e-06,1.67932173998125e-07,0.7887668473655567,0.3978677616540656,0.3696551564223806,0.0004906391056434895,1.0
2015-12-21,0.0030775505549288148,9.17728657450838e-06,1.021657293295532e-05,0.0,7.336109397165614e-06,2.613757835754903e-06,0.360271503789988,0.4817038109354289,0.04259249452860511,0.0030482068281884305,1.0
2015-12-22,0.0005873066163850592,5.1180845916640525e-06,9.134305217778073e-06,0.0,2.566895193924783e-06,3.041057363141953e-06,0.45297419465801014,0.30518534716183965,-0.20571228984600845,0.0005674462740185504,1.0
2015-12-23,-0.003585610286188755,4.53743393264281e-06,1.8044517890134928e-06,0.0,2.128604453394449e-06,2.636337299758659e-06,0.1371824042038048,0.2613679447429496,-0.18153672161650508,-0.0035967171136635644,1.0
2015-12-28,0.0004996984828481378,3.1826151291855442e-06,2.4178194856977296e-06,0.0,1.4728209086290665e-06,3.3490320490807186e-06,0.1680573254863675,0.37635952498691294,-0.18627785925864765,0.0004892761952755447,1.0
2015-12-29,-0.002103976713537355,4.590527586617009e-06,1.4956722357239585e-06,0.0,2.1491176335025305e-06,2.685552465449561e-06,0.15424096194567005,0.34478657773785676,-0.10638623645766947,-0.0021148975834586483,1.0
2015-12-30,0.0010007982636722151,4.654052752822117e-06,3.092847213982279e-06,0.0,2.8227899250080134e-06,1.2081124142561153e-06,0.26889150938721895,0.18709780413414093,-0.015865081460886415,0.0009890204613661466,1.0
2015-12-31,0.0002473615438057652,3.1986880700405433e-06,2.0293712241845314e-06,0.0,1.3833942852179808e-06,2.1168773852927556e-07,0.25631136207874,0.17633003158515415,0.14076649151223586,0.00024053840248779287,1.0
2016-01-04,-0.0021711808533163065,1.060733875555016e-05,1.1081580331086786e-05,0.0,7.599869623479348e-06,3.890301157157376e-06,0.36839261496651576,0.42677033751699023,-0.22680025688544894,-0.00220435994318358,1.0
2016-01-05,-1.4205633112197288e-05,1.70091607104785e-06,1.0699842018172806e-06,0.0,1.4358512033305235e-06,4.025328954828631e-06,0.06288364275339184,0.45004962196532805,-0.22620564244588195,-2.2437713543221575e-05,1.0
2016-01-06,0.0032288128901911584,3.165394689853633e-06,2.217243330938878e-06,0.0,3.3302186975202826e-06,4.6286935594129305e-06,0.11090077820418935,0.5194814334166448,-0.25813908456472745,0.0032154713399134326,1.0
2016-01-07,0.004333058836367486,7.110637257753692e-06,3.6479278667580186e-06,0.0,5.278042395872972e-06,4.6316271799256176e-06,0.5404472608027205,0.8907710097501798,0.1126576435226758,0.004312390601667176,1.0
2016-01-08,-0.00033032592737820767,5.293062346026517e-06,3.81686120971079e-06,0.0,2.5708616172623246e-06,4.1554712725875176e-06,0.23764966904292525,0.7918606848316425,0.09374151103693962,-0.0003461621838237948,1.0
2016-01-11,-0.00044616396754291804,4.2846772910491556e-06,3.2370526257540286e-06,0.0,3.053769489004382e-06,3.3841426107842887e-06,0.21022034858201666,0.6531337678116994,0.08459780919993891,-0.0004601236095595099,1.0
2016-01-12,0.002140726204877925,9.55088783956496e-06,2.8851694744357412e-06,0.0,7.4118556840172506e-06,7.567222609613473e-07,0.37069636887561996,0.43684533275869253,0.30971599291718616,0.0021201215696189457,1.0
2016-01-13,-0.007849688470532811,5.104099801315946e-06,3.994756166709444e-06,0.0,3.00043539816627e-06,4.011958705956916e-07,0.26712831827045513,0.35803255003079126,0.29063164377071504,-0.007862188957769599,1.0
2016-01-14,0.004952710268127112,7.882804574036242e-06,4.034357879047144e-06,0.0,4.021556029927141e-06,1.1048270337346627e-06,0.2830671230569263,0.5177390005657967,0.33212805889837343,0.0049356667226103665,1.0
2016-01-15,-0.007042375461302822,6.543512077114328e-06,5.027500012169333e-06,0.0,3.274233078039043e-06,1.4743542846004534e-06,0.20204997405325073,0.45788970714390076,0.21019818733102463,-0.007058695060754745,1.0
2016-01-19,6.120498276213665e-05,1.2362634438485642e-05,5.329569079675347e-06,0.0,7.214706208071696e-06,1.9348474055626675e-06,0.32778031770765786,0.5850375705486451,0.259983206414117,3.43632256303413e-05,1.0
2016-01-20,-0.002029246635845953,1.1597521170749307e-05,4.623209156394583e-06,0.0,5.267801112204154e-06,1.2406642161679025e-06,0.3479709313339305,0.5490308486180072,0.3405992603017995,-0.002051975831501469,1.0
2016-01-21,0.003737970137839641,9.548041910734547e-06,4.308304819288607e-06,0.0,5.891959598928942e-06,8.142256926619384e-07,0.36006152586819723,0.5889792352380869,0.4521893188708813,0.003717407605818027,1.0
2016-01-22,0.00999463828771345,5.8355829027066284e-06,3.432976075996073e-06,0.0,3.0560866282381827e-06,8.588376153125483e-07,0.14651361243406053,0.5650294736267993,0.4207447542542913,0.009981454804491197,1.0
2016-01-25,-0.00731259713941077,7.5603233407721525e-06,1.4385743321486056e-05,0.0,3.11101614963499e-06,2.9956549931549745e-06,0.6641307272824638,0.45514324316689536,-0.048126795683140364,-0.0073406498772158185,1.0
2016-01-26,-4.776588322059482e-05,4.730147374258187e-06,3.1816200400442274e-06,0.0,2.6616809682631484e-06,3.3598269593531713e-06,0.19595349124861366,0.5068436044534348,-0.057607324717897854,-6.169915856251355e-05,1.0
2016-01-27,0.002130002798040441,6.479785381115723e-06,5.770489522884396e-06,0.0,3.871449904393927e-06,3.414502645014681e-06,0.2491496709764901,0.3939146467479298,-0.1797217976145366,0.002110466570587032,1.0
2016-01-28,-0.0009140469273345566,4.23099915658544e-06,2.9362892401180235e-06,0.0,2.612852857067666e-06,3.280769563580243e-06,0.16561413417889642,0.3528271177382115,-0.1983421689432693,-0.000927107838151908,1.0
2016-01-29,-0.004816461835395388,4.0977314768401525e-06,2.865474198411596e-06,0.0,2.04033134476908e-06,3.098201190750582e-06,0.2001945707017337,0.33834249102021074,-0.1821553090258871,-0.004828563573606159,1.0
2016-02-01,0.0010510432965159242,7.194040849736721e-06,1.25968161310715e-06,0.0,3.907512231262759e-06,2.56041788980389e-06,0.2562388743199107,0.4590386264601028,0.028888420973049306,0.0010361216439320137,1.0
2016-02-02,-0.002966821873226011,4.693213078372627e-06,3.0939052906445583e-06,0.0,3.015746740987482e-06,2.2284998130373673e-06,0.17059754668105262,0.3765501354034956,0.002162166813217903,-0.002979853238149053,1.0
2016-02-03,0.0016922210581951451,7.3969987713014814e-06,5.545962868863714e-06,0.0,4.8083227104473755e-06,2.273576990019342e-06,0.24636774950788107,0.2833946937904212,-0.09856624053282818,0.0016721961968545133,1.0
2016-02-04,0.0006006268812590386,3.7674451562348158e-06,3.330056786919285e-06,0.0,2.5929870487119282e-06,2.7601489175089698e-06,0.15164255200890744,0.3022411232036153,-0.16146389493789154,0.0005881762433496636,1.0
2016-02-05,0.0032634470041261556,3.7697205348005074e-06,3.93288575169832e-06,0.0,2.88754389327703e-06,3.283055568792558e-06,0.19156361668044714,0.31192932712182925,-0.23962400843532045,0.003249573798377587,1.0
2016-02-08,0.002606683292094422,3.6975102655200037e-06,2.0361526947452706e-06,0.0,1.9706011336657645e-06,3.496482980086094e-06,0.13071166338840873,0.3568812570142921,-0.23052788364017177,0.0025954825450204048,1.0
2016-02-09,0.00044064264648743974,3.0808911847819916e-06,1.497771970028894e-06,0.0,1.7757808426806517e-06,3.105126615725634e-06,0.12496647738332257,0.32909566095236253,-0.192565610489544,0.00043118307587422256,1.0
2016-02-10,0.0006554096662545918,4.641720422030161e-06,2.1622068375594796e-06,0.0,1.7863671460096797e-06,1.196197048737738e-06,0.41067673880217226,0.33815460614598053,0.13719350195804053,0.0006456231748002547,1.0
2016-02-11,-0.0019956821618070126,5.424971836855718e-06,4.467691197578533e-06,0.0,2.4551805504080066e-06,4.1554294581044405e-07,0.2867210004010484,0.17999908479124888,0.11018786989509424,-0.0020084455483376654,1.0
2016-02-12,0.003173948210618072,2.252251899260347e-06,1.8795440534911512e-06,0.0,9.10987754529379e-07,5.292469159056275e-07,0.07720971592494885,0.15933690010155863,0.07042341822941321,0.0031683761799948854,1.0
2016-02-16,0.001620187780939221,2.334527343170418e-06,1.312559183354718e-06,0.0,1.026107613957169e-06,7.109254250441672e-07,0.08990469942705603,0.20742791137339975,0.08799243996597965,0.0016148036613736945,1.0
2016-02-17,0.0011149984273041984,3.2692394796489574e-06,1.0388120267778527e-06,0.0,2.22612028263535e-06,7.690437853080497e-07,0.14094004951019967,0.31116568880695594,0.18196633287520364,0.0011076952117298282,1.0
2016-02-18,-0.0005435331617208213,5.063709804170428e-06,9.02995427490183e-06,0.0,2.545404917088634e-06,3.0911594844602143e-06,0.4580818221819642,0.4579812780191022,-0.06133351537021385,-0.0005632633902014424,1.0
2016-02-19,-8.68464219072643e-05,3.4239400503894884e-06,3.0180105213247987e-06,0.0,1.6278026305991675e-06,2.140630257987494e-06,0.19488042454808582,0.299288055550175,-0.06033782779172407,-9.705680536756524e-05,1.0
2016-02-22,-0.00046818087075903194,3.1932974659401214e-06,2.527573560033337e-06,0.0,1.6281455065464362e-06,1.5879814828536038e-06,0.14425167556794014,0.1918935770628905,-0.07488731205651489,-0.00047711786877440544,1.0
2016-02-23,0.0009721293170650298,1.9170833228783127e-06,5.97281153104835e-07,0.0,9.68706330782244e-07,1.1405666983236714e-06,0.08732241937573379,0.1750833832358346,-0.016531822082542245,0.0009675056795599408,1.0
2016-02-24,9.456988067692006e-05,3.6958163437802376e-06,2.984493408543802e-06,0.0,1.9515975040970093e-06,1.940804774112863e-06,0.11564848175275023,0.2386503330467174,-0.08740486900424368,8.399716864638615e-05,1.0
2016-02-25,-0.0012128684068045204,3.994362633937769e-06,2.000741660096634e-06,0.0,1.9106184233492753e-06,1.7044259928011602e-06,0.13459928443454472,0.20941060953060497,-0.07693295725998996,-0.0012224785555147051,1.0
2016-02-26,0.00033292301298690387,2.6383801195032528e-06,1.5274733127705467e-06,0.0,1.5008742680204433e-06,1.2392095764822448e-06,0.10562913061399237,0.14203301280798047,-0.06615419604103667,0.00032601707571012736,1.0
2016-02-29,0.00037751499189587334,9.01186172349755e-07,3.807621309814857e-07,0.0,3.9723421653318634e-07,1.0330421210030304e-06,0.04929395041311742,0.1384785111181059,-0.03507256521040315,0.0003748027672550059,1.0
2016-03-01,-0.0006453422485589551,2.225577059914785e-06,3.6848247605963945e-06,0.0,6.890958329018133e-07,2.233583583585395e-06,0.15779708929347483,0.22124292618067404,-0.15399911586167234,-0.0006541753297959536,1.0
2016-03-02,-0.0006633490211695721,3.1034060080241667e-06,1.0348859933429316e-06,0.0,1.665034774952244e-06,2.4762036968855793e-06,0.12010529128607084,0.32936844568190526,-0.08663377539487217,-0.000671628551642777,1.0
2016-03-03,-0.0007103283153697196,5.045710370640763e-07,4.3633502278464007e-07,0.0,2.935364919493004e-07,2.4661882773752715e-06,0.026731625148985076,0.3239256045676014,-0.0903940260314442,-0.0007140289461988929,1.0
2016-03-04,-0.0005700498506468262,4.375965605099344e-06,3.7018113214169153e-06,0.0,2.043606939580652e-06,8.854832876676066e-07,0.2679257962256223,0.0977210285623076,-0.05104016376585029,-0.0005810567178005907,1.0
2016-03-07,3.318751459702979e-05,4.602238856121843e-07,3.809872645280327e-07,0.0,2.854723427994852e-07,9.325986722930296e-07,0.022775890250304583,0.10319742099922695,-0.053479155946002034,3.112823243179706e-05,1.0
2016-03-08,0.0009533529674469052,1.1604386968216566e-06,5.560512287488284e-07,0.0,5.007623231786387e-07,9.126792311288243e-07,0.04057906528953653,0.10608128845647985,-0.04724882237316262,0.0009502230359670272,1.0
2016-03-09,-0.00010486258143127755,2.5347995692137186e-06,2.558835485795659e-06,0.0,8.272442560033654e-07,8.309310333515352e-07,0.2466017526820601,0.18988316611590472,0.050286752512846825,-0.00011161439177564183,1.0
2016-03-10,0.00036646592216712945,1.7074239841390323e-06,1.1564739494162315e-06,0.0,8.063941624243657e-07,9.80013540669082e-07,0.0757002531162066,0.2125030817527709,0.047860806920365144,0.0003618156165304807,1.0
2016-03-11,0.001309722435519211,1.2404377795189628e-06,8.09808259083073e-07,0.0,7.656491321427097e-07,7.37219537563462e-07,0.061314206821077855,0.18802199570478895,0.0641691133941273,0.0013061693208109026,1.0
2016-03-14,-7.26881455770567e-05,5.240583584981094e-06,7.935564507093303e-06,0.0,2.4007376226592746e-06,2.507774939118098e-06,0.4466757628125357,0.32732309545060323,-0.09398309432123728,-9.077280623090847e-05,1.0
2016-03-15,0.00036171053392010144,1.526585596097994e-06,8.145278979698923e-07,0.0,9.493284990896377e-07,2.3487561714255326e-06,0.0717432523529552,0.32631572217683047,-0.06827531462265898,0.0003560713357555184,1.0
2016-03-16,-0.0010511648189657303,3.6908375843155747e-06,3.3998819808897604e-06,0.0,1.937861762891258e-06,7.394439286993384e-07,0.2529965927831962,0.09164382372477146,-0.03258275629671739,-0.0010609328442225262,1.0
2016-03-17,-1.1632257732367484e-05,9.252091916019292e-07,6.45568114131289e-07,0.0,6.664556765760598e-07,9.009610548936897e-07,0.049283462067512544,0.12780605981179158,-0.02355539741034826,-1.4770451769570452e-05,1.0
2016-03-18,0.0002960022096997057,1.4858182246207941e-06,1.0677580860836466e-06,0.0,7.233075855918231e-07,1.0513687323553145e-06,0.0635432650608585,0.1455305638823703,-0.031099383153322543,0.00029167395707105413,1.0
2016-03-21,-3.889685505969483e-05,9.785351998286141e-07,1.0561473465446381e-06,0.0,2.678175497291243e-07,1.235609627903743e-06,0.058888423781581864,0.16010605159865468,-0.04747636588917417,-4.243496478370095e-05,1.0
2016-03-22,-2.629488540601267e-05,1.7414084430878009e-06,1.681793151736186e-06,0.0,6.458786500989453e-07,2.918281730468187e-07,0.13072054759711968,0.029290237973511775,-0.01973689509835377,-3.065579382398242e-05,1.0
2016-03-23,0.00011405871993943733,2.6748600512809503e-07,1.5617402775242431e-07,0.0,6.100665607382915e-08,2.9065314367267147e-07,0.00961099608863794,0.030517829952107802,-0.018311898184901004,0.0001132834001068103,1.0
2016-03-24,2.835229429725104e-05,2.5553885713487635e-07,4.5179234804834744e-08,0.0,6.686350976065806e-08,2.49962668682298e-07,0.009967628143251908,0.03219228229583178,-0.009801446042794289,2.7734750026868374e-05,1.0
2016-03-28,9.169768148698272e-05,6.112416673434664e-07,6.050159903609429e-07,0.0,2.0406885137790734e-07,1.7960199331948166e-07,0.1077854634468193,0.09949265936645096,0.06931952448877805,9.009775298458093e-05,1.0
2016-03-29,0.0005971937452997643,3.170927164227905e-07,3.3663057651534516e-07,0.0,2.7498285536204906e-07,4.945602217795841e-08,0.024385960241152124,0.0810094350407357,0.07270082331483868,0.0005962155831292862,1.0
2016-03-30,0.00037209761961246463,3.2828519150333547e-07,3.185033320639834e-07,0.0,2.0467249837659702e-07,1.5720331966572282e-07,0.02018516469994073,0.09712070868559793,0.07071055098175649,0.000371088955270855,1.0
2016-03-31,-0.00019075524336561322,1.034265021450999e-06,3.4250639635688265e-06,0.0,2.5399419227356033e-07,8.699663442692518e-07,0.1558989432373763,0.0958032421821373,-0.050351103655096985,-0.00019633853288717585,1.0
2016-04-01,-0.00031967256031772506,5.307635504054761e-07,3.2155641611887133e-07,0.0,3.127525620628333e-07,8.069532174798273e-07,0.026565051316041175,0.09204172922318034,-0.04352641131343064,-0.00032164458606379206,1.0
2016-04-04,-1.3649420122999396e-05,8.320583882524561e-07,8.369055970810586e-07,0.0,3.879521675617994e-07,2.2906211394059285e-07,0.08914466905835965,0.03485115746283573,-0.00363127767918387,-1.5935398389835304e-05,1.0
2016-04-05,6.089882635642911e-05,7.748094369239893e-07,5.628720429163566e-07,0.0,3.707130962965071e-07,4.007995890926081e-07,0.03292803968520369,0.06010397514389127,-0.007230355823666893,5.878963219119965e-05,1.0
2016-04-06,5.978449544217997e-05,1.4718812561540654e-06,1.7509914755056263e-06,0.0,1.1136278371672357e-06,7.315578462773624e-07,0.14995749865383196,0.15460103666333588,0.031699318488738984,5.471643702707568e-05,1.0
2016-04-07,9.919639430946856e-05,4.003913553586831e-06,2.6860154150553726e-06,0.0,2.0163055617694242e-06,1.3802985020770218e-06,0.12868715104719963,0.23257733770149774,0.0006871893525580569,8.910986127697991e-05,1.0
2016-04-08,-0.0006574506066197772,3.659625504435211e-06,2.946897395125254e-06,0.0,2.043489570343053e-06,1.755458380672696e-06,0.1925942799588296,0.304948722410374,0.010031714457361125,-0.0006678560774703534,1.0
2016-04-11,-0.00022647460009825828,2.4485058022088805e-06,8.879807636659612e-07,0.0,1.5898719697019841e-06,9.586068713645078e-07,0.10837278733147299,0.23154951113187722,0.07050355674263996,-0.00023235956550519962,1.0
2016-04-12,0.0009032844835857588,2.9440356086376685e-06,7.380377448119969e-07,0.0,1.4334549491830378e-06,1.5066060792908747e-07,0.08922175533815443,0.1482067689663521,0.12289578683426543,0.000898018294675197,1.0
2016-04-13,0.0011471417092060133,1.1335717722725493e-06,6.837320325179419e-07,0.0,6.206361703530345e-07,2.712705869036225e-07,0.05367260891264854,0.18481677869360927,0.1392433200938007,0.001144432498643966,1.0
2016-04-14,2.8357958364889448e-05,3.480306677637374e-06,8.057122294680983e-06,0.0,1.226994097484738e-06,2.3936140063453777e-06,0.3812159077796511,0.27912425409951613,-0.12300289896650733,1.3199921288740975e-05,1.0
2016-04-15,0.00011066791246504141,2.3057703531508197e-06,1.912346150955088e-06,0.0,1.238685508264944e-06,1.9533109184137968e-06,0.11964749451663223,0.20886007410337543,-0.11929616019014241,0.00010325779953425676,1.0
2016-04-18,-0.0005275379426631388,2.0197141731490697e-06,1.1862696766124102e-06,0.0,1.4532474890743497e-06,1.0305265096302178e-06,0.1366396447019475,0.12081409781810498,-0.05231435579977163,-0.0005332277005116048,1.0
2016-04-19,-0.00022318513496362636,1.0789050718363858e-06,7.934743966373052e-07,0.0,4.496664240747276e-07,1.1268887210463816e-06,0.03597121879723768,0.12372477073472012,-0.06559253440107196,-0.00022663406957722115,1.0
2016-04-20,5.371454964537927e-05,1.420755180675037e-06,7.991940658364847e-07,0.0,7.298312776564653e-07,1.2167907446415612e-06,0.0497243373963582,0.14255123354069787,-0.06186961155908441,4.954797837656972e-05,1.0
2016-04-21,0.00084308478773101,2.492843439926247e-06,1.8102261081759852e-06,0.0,1.449191196400129e-06,4.869235219797392e-07,0.16174351503390724,0.07177493801325803,-0.010028213679338167,0.0008368456034645279,1.0
2016-04-22,-0.00016595133851497374,1.0058564315285892e-06,9.854842831868502e-07,0.0,8.445970773212849e-07,7.000707343396942e-07,0.04760791380069475,0.08817354960251428,-0.029438333766554373,-0.00016948734704135015,1.0
2016-04-25,-5.4525345544574356e-05,1.7392601623315883e-06,1.2619172558066822e-06,0.0,1.0328587445750798e-06,4.971144126588857e-07,0.08549663850734053,0.057068743344071846,-0.02644647798262095,-5.905649611994659e-05,1.0
2016-04-26,8.70908040755005e-05,1.1604602947170834e-06,5.516732497166514e-07,0.0,5.077299951652067e-07,1.7656084535635196e-07,0.04221317876417169,0.014831111009933564,-0.014831111009933564,8.469437969054521e-05,1.0
2016-04-27,-2.6663046068670856e-05,1.4777609920167495e-07,1.422249162864902e-07,0.0,2.7231132664819453e-07,2.3342283948343385e-07,0.014249233381818615,0.02910700743782085,-0.01010802959539603,-2.745878125029065e-05,1.0
2016-04-28,1.2963920734881337e-05,1.400861890410532e-06,1.5197952529974664e-06,0.0,1.0401253475832812e-06,7.529350072151373e-07,0.05674056797420417,0.06991199911411712,-0.05658108209802595,8.25020323667492e-06,1.0
2016-04-29,-0.0004998528460073555,1.4187820293271578e-06,1.1666549128591687e-06,0.0,9.003155772112754e-07,9.838075232270608e-07,0.06866785349923175,0.1014597134051714,-0.06381995049697478,-0.0005043224060499802,1.0
2016-05-02,-0.0004921335797707739,1.6244513565713557e-06,1.0608811117337769e-06,0.0,1.0793141045308585e-06,1.088913933962686e-06,0.0859915189738178,0.13213165585257697,-0.050805885053154295,-0.0004969871402775726,1.0
2016-05-03,0.0004610060221843577,4.28237612812199e-06,4.625316762501635e-06,0.0,4.009725642411829e-06,2.344002905032068e-06,0.22204970500243457,0.23901547550527028,-0.1547770125401171,0.00044574460074629015,1.0
2016-05-04,0.000774209012398382,3.7757651305808103e-06,1.7162913349967262e-06,0.0,1.8151138865486897e-06,1.7825765272098448e-06,0.3462738421035794,0.4261016093439335,0.1266287527726795,0.000765119265519046,1.0
2016-05-05,-0.00017605302685452844,2.8929526012921586e-06,2.345560260698055e-06,0.0,1.946383929416674e-06,1.7561932379109568e-06,0.13815569495030627,0.406529377597512,0.1114889136284713,-0.00018499411688384628,1.0
2016-05-06,0.0009761450291845727,4.81779703239914e-06,6.218204293689617e-06,0.0,2.9003013513956405e-06,1.0895205777472841e-06,0.3291443252314118,0.1777014803541354,-0.0053379767074083345,0.000961119205929341,1.0
2016-05-09,-0.0001953701306119323,1.613413450775919e-06,6.358092863160782e-07,0.0,1.2002079625718233e-06,4.974006677869928e-07,0.092340126027986,0.14022212143272528,0.05665880924451047,-0.0001993169619793831,1.0
2016-05-10,0.0008543741406351746,1.3260733200389683e-06,5.756247724713831e-07,0.0,9.89958064252654e-07,3.501802136671023e-07,0.06933040148893639,0.15544693327472547,0.09661665737865228,0.0008511323042647445,1.0
2016-05-11,-0.0011096361245351415,4.269336099095677e-06,7.070177482583738e-06,0.0,4.102301904679982e-06,2.076976764661929e-06,0.4294501605242317,0.3309470620457208,-0.017985034417483323,-0.0011271549167861628,1.0
2016-05-12,-0.0011854217391372417,2.0103100927676954e-06,1.2070295566320697e-06,0.0,2.123120679693862e-06,2.3640722398251292e-06,0.08179859408506043,0.3803819247406468,-0.016782211549974856,-0.0011931262717061605,1.0
2016-05-13,-6.569784934254311e-06,4.895404694063826e-06,6.0911302515407456e-06,0.0,5.554648493530851e-06,2.9371707797017325e-06,0.2593376677887647,0.30732037694199654,-0.1861243140478944,-2.6048139153091467e-05,1.0
2016-05-16,-0.001120760860366344,6.123220548261267e-06,3.3546413169258985e-06,0.0,5.681978953730858e-06,3.1034378512044475e-06,0.2391545625517659,0.3640177088592318,-0.15735985014311538,-0.0011390241390364666,1.0
2016-05-17,0.0022879119588913666,8.948027897429163e-06,7.228083296120078e-06,0.0,8.513669639639849e-06,4.785784588204418e-06,0.3254646710472411,0.5063019654906011,-0.29770984532774125,0.002258436393469973,1.0
2016-05-18,-0.0003074579584810618,8.24637643062398e-06,8.47743988907689e-06,0.0,8.252588671364116e-06,6.280910113321778e-06,0.41582507147497105,0.5963668403022588,-0.45882605873579974,-0.0003387152735854486,1.0
2016-05-19,0.001730955895290441,7.991165202705345e-06,4.438398534421836e-06,0.0,6.279576085648046e-06,5.274952913704153e-06,0.32794895108605976,0.4948394570801854,-0.3913526324221124,0.0017069718025539615,1.0
2016-05-20,-0.00291156876686133,7.4168642708000864e-06,3.478514363983766e-06,0.0,6.748984861564633e-06,2.431847260412126e-06,0.3860395569723874,0.21552760523121242,-0.19302273451802468,-0.0029316449776180904,1.0
2016-05-23,0.0008031951817325991,6.057628730662686e-06,1.0218468308998458e-06,0.0,5.399681245109435e-06,1.58429761274376e-06,0.23503892978530594,0.27710290717732644,0.010940908236374808,0.0007891317273131833,1.0
2016-05-24,0.00025361819309785546,4.210928709532484e-06,2.2116460525854157e-06,0.0,2.8233875597962747e-06,1.3384486096295365e-06,0.17565082415452588,0.2792496303797838,0.05439026396202162,0.00024303378216631176,1.0
2016-05-25,0.000851512068984943,1.0268837601875077e-05,1.2312043173430029e-05,0.0,7.223448084606127e-06,6.20834082394344e-06,0.7721950337262675,0.95879884771928,-0.08420241070321785,0.0008154993993010883,1.0
2016-05-26,-0.0015300660797295355,1.3796434979892665e-06,1.8113111937628107e-06,0.0,2.2527394518494823e-06,6.4506024094321844e-06,0.0710650391355702,0.9417469352395783,-0.14195426954502863,-0.0015419603762825693,1.0
2016-05-27,-0.001364240946660098,9.243877383982448e-06,9.53854954105496e-06,0.0,6.395845301666339e-06,3.444907064081616e-06,0.5641381556194796,0.38856311657732306,-0.19018127018838832,-0.0013928641259508834,1.0
2016-05-31,8.446188502449823e-05,3.1330261500811476e-06,2.9660465440062396e-06,0.0,1.4572886250029002e-06,9.216516203451053e-07,0.3057166119129352,0.09067921033917527,-0.06415826187880241,7.598387208506284e-05,1.0
2016-06-01,-0.00016016398862553656,2.757796435096063e-07,2.991958121644248e-07,0.0,1.8365660081798487e-07,1.044975730194464e-06,0.015074706044070041,0.10597884459277529,-0.06957707807989466,-0.00016196759641222302,1.0
2016-06-02,-0.0004161740005904303,9.15804984710061e-07,4.0625532066537006e-07,0.0,5.47850490035028e-07,8.225263346272553e-07,0.05143071156855102,0.09638338081310407,-0.04180104340427482,-0.00041886643772046805,1.0
2016-06-03,3.958481046902431e-06,9.583320200326494e-07,1.0367692220758572e-06,0.0,1.6240901730634255e-06,8.807383322605029e-07,0.051463967694660065,0.08760366883961594,-0.06036037098014855,-5.414487005300043e-07,1.0
2016-06-06,-7.805135666661427e-05,2.2304762295376293e-06,5.91432103418581e-07,0.0,2.1685716089562017e-06,8.021404058824677e-07,0.09403860367970635,0.14890094158431547,0.014141353396060891,-8.384397701440914e-05,1.0
2016-06-07,0.00016288322575763622,2.2334292857541815e-06,9.769983596657247e-07,0.0,1.8871290478573273e-06,1.0596728515858714e-06,0.09143273208137306,0.23671243026420977,0.05868739119778338,0.0001567259962127731,1.0
2016-06-08,0.000173601076205853,8.602035951524081e-06,2.750826736423189e-06,0.0,6.4429045529454744e-06,1.2816896581175238e-06,0.22306619343874542,0.3266175225079248,0.11129365994418083,0.00015452361930684273,1.0
2016-06-09,0.00017364923955653293,6.5415419972494094e-06,5.06570857570744e-06,0.0,5.287769603769588e-06,1.0464020436603216e-06,0.21476572178787562,0.18133796570769872,0.0055424223727647305,0.00015570781733614616,1.0
2016-06-10,0.00029340863921374356,1.00720595934634e-05,1.0217199518125703e-05,0.0,8.051376796488609e-06,3.7465520383719742e-06,0.3926634106739353,0.3442667305969746,-0.28515401184951705,0.0002613214512672939,1.0
2016-06-13,0.0021499255766988844,1.110136359359943e-05,7.594007494561104e-06,0.0,5.501399648368083e-06,4.6026327557622595e-06,0.872489530487359,0.9583359817029592,0.1850936787348997,0.0021211261732065937,1.0
2016-06-14,0.0003901440520279732,4.087008584715773e-06,4.390482172057693e-06,0.0,3.967845746628717e-06,5.324614793434916e-06,0.22969305060785017,1.003451561231998,0.1089162759349322,0.00037237410073113613,1.0
2016-06-15,0.0008287228315747463,1.1409187863117378e-05,9.15004615160367e-06,0.0,6.369594926888192e-06,2.6772621584070653e-06,0.6080009876218998,0.5225465231312031,0.07276648051881619,0.00079911674047473,1.0
2016-06-16,0.0004170381631045157,6.485710645210377e-06,7.387014206586909e-06,0.0,4.925840874012899e-06,2.0453295539599923e-08,0.5042416976030194,0.048597425692708446,0.04516127204205566,0.0003982191440831659,1.0
2016-06-17,-8.457184379346582e-05,1.8644907635114198e-06,1.8241132549919603e-06,0.0,2.884458417717907e-06,5.519066896537575e-07,0.08260976439894205,0.10124815887087614,0.008527835009044887,-9.169681291934086e-05,1.0
2016-06-20,8.911166499918413e-05,1.0452156915395729e-05,2.1307648323082343e-06,0.0,1.0400759701682354e-05,3.766464060400048e-07,0.49815710300890514,0.5079079007862983,0.4446313045715775,6.57513371437578e-05,1.0
2016-06-21,0.0012316671522057472,3.2310458247423844e-06,3.9180453216167924e-06,0.0,3.402395404668787e-06,5.911334394742529e-07,0.15241838912539876,0.4262403796521205,0.32692996182044604,0.001220524532215245,1.0
2016-06-22,-0.001581500741848503,7.113970410711681e-06,1.4148356952107445e-05,0.0,3.644133149496952e-06,5.61723695692813e-06,0.6236493919479554,0.7879353136465913,-0.15576049511733453,-0.0016120244393177472,1.0
2016-06-23,-0.0010488039901845932,6.166899797048299e-06,6.006785689113392e-06,0.0,3.255221942401726e-06,5.887275367462484e-06,0.26506148863094897,0.6954632834561914,-0.293598978277506,-0.0010701201729806191,1.0
2016-06-24,0.012563729523128899,1.5626498156002305e-05,4.19572820875581e-06,0.0,1.4885553456321714e-05,5.911625591123462e-06,0.6688323453925228,1.197794644137708,0.20464154482896646,0.012523110117716696,1.0
2016-06-27,-0.0069957125922992395,2.379553249672245e-05,2.4324667656554645e-05,0.0,2.003934768951177e-05,7.4508509422941155e-06,0.9488976459481048,0.749229124557097,-0.5025138337483143,-0.007071322991084323,1.0
2016-06-28,-0.008106999710057053,9.663330672051454e-06,7.4910767808280384e-06,0.0,3.737642529521331e-06,3.720361138710679e-06,0.9616835875129254,0.6858737315589633,0.060853060255569205,-0.008131612121178165,1.0
2016-06-29,0.0017093795983565906,8.167612874470547e-06,3.331106326618295e-06,0.0,5.0955659115746065e-06,1.375334507691136e-06,0.3448390688130978,0.4615671990945781,0.23051100180246725,0.001691409978736236,1.0
2016-06-30,0.0025170334673778323,8.00296252892068e-06,1.9190644844778026e-05,0.0,2.9747114481619253e-06,5.898839803733033e-06,0.892759124729838,0.6107741837036631,-0.38023090332348647,0.0024809663087522384,1.0
2016-07-01,-0.0003400512890393235,5.961749529145068e-06,1.6400211345441905e-06,0.0,3.7507819264779096e-06,4.608235320379614e-06,0.29054384872539063,0.6122569529756383,-0.161926580848137,-0.0003560120769498703,1.0
2016-07-05,0.00041655666666029576,7.677723868903396e-06,4.8983459827663695e-06,0.0,4.134508299335618e-06,1.990772592243826e-06,0.413261843410059,0.2977820416259598,-0.03666775387100302,0.00039785531591704656,1.0
2016-07-06,-0.00021755841363247405,3.711455956722353e-06,3.891194636521684e-06,0.0,2.5436127938207836e-06,2.0807846873719005e-06,0.17690216005471127,0.22206171453525328,-0.12751011294322598,-0.00022978546170691078,1.0
2016-07-07,0.00027868951792468837,2.592496483463014e-06,2.823575800624477e-06,0.0,1.8786818741699104e-06,2.997886990378281e-06,0.12721403896188577,0.3076166567308627,-0.19602835765268856,0.0002683968767760527,1.0
2016-07-08,-0.0027540418901462293,2.456615707013037e-06,1.6211602536974062e-06,0.0,1.779866845547739e-06,2.594939679285667e-06,0.11453872485280549,0.24821129231251843,-0.1877385738074736,-0.002762494472631773,1.0
2016-07-11,-0.0006240217162734118,5.130070085028563e-06,4.309241882877925e-06,0.0,2.7016613380832316e-06,3.79586738227709e-06,0.30755164706627774,0.4569648401548436,-0.1807408800677075,-0.0006399585569616785,1.0
2016-07-12,-0.00032030169567345097,1.6574129862682497e-06,4.917950469752881e-07,0.0,1.1185156690549328e-06,3.687899663352572e-06,0.08434731497829215,0.5011233704297118,-0.11844377301352028,-0.000327257319039102,1.0
2016-07-13,-0.0005239562962526031,4.9891792467401026e-06,4.457487923197775e-06,0.0,2.4400720817041914e-06,2.349820499936264e-06,0.2892358287116018,0.28904333926631515,-0.1057265047229772,-0.0005381928560041814,1.0
2016-07-14,-0.0004920683926401771,1.3440187402782033e-06,7.070366222206519e-07,0.0,1.003214604937114e-06,2.203284490309942e-06,0.07752307229843014,0.30288163103729715,-0.06727016333477308,-0.000497325947097923,1.0
2016-07-15,0.0001971017490955769,2.8074227594658695e-06,2.8711205314258636e-06,0.0,1.3991984389480509e-06,1.2490207137038654e-06,0.20171821440219379,0.15099529827027452,-0.058840181631974894,0.00018877498665203325,1.0
2016-07-18,-0.00043139244692496476,5.412132270553856e-07,4.854888772700674e-07,0.0,2.7185700691371984e-07,1.3200142125631953e-06,0.025697425288595137,0.15722076487350312,-0.06454162283711373,-0.0004340110202487671,1.0
2016-07-19,0.00012159067931057016,1.0977848839631214e-06,1.2502746484280285e-06,0.0,5.046610188305356e-07,5.069530179523323e-07,0.10981597502447156,0.05060037612242724,-0.03456773089356458,0.00011823100574139614,1.0
2016-07-20,-0.00023447815562524304,5.235070804749459e-07,2.8120895969989935e-07,0.0,2.384545258660407e-07,5.365156819431479e-07,0.02499353100825761,0.06226824861494931,-0.027866385951499536,-0.00023605784187322708,1.0
2016-07-21,0.0001262003645997668,4.872773651629097e-07,1.1606825504522616e-06,0.0,1.8557433635404687e-07,9.63569365400784e-07,0.04659310218403468,0.09021921683494401,-0.07166043655238769,0.0001234032609823968,1.0
2016-07-22,-0.0002314416219979519,9.528731565186859e-07,4.5148365574420266e-07,0.0,5.241939061503215e-07,9.794728006860324e-07,0.044845080396117606,0.11089753184080675,-0.05365389867444673,-0.00023434964551705115,1.0
2016-07-25,0.00017986584000588714,1.175187629495104e-06,1.2490367724117633e-06,0.0,6.795009909123925e-07,1.0049768165195392e-06,0.06725702398157518,0.0984707813882794,-0.07036532378700318,0.00017575713779654833,1.0
2016-07-26,-0.00022870808940967768,5.674189537371096e-07,5.415199665542372e-07,0.0,3.608898224541761e-07,9.012508845779219e-07,0.04436283005922903,0.08802469774640197,-0.0633854508626889,-0.0002310791690370011,1.0
2016-07-27,-1.3141054916432541e-05,1.075185262779063e-06,7.00880790815978e-07,0.0,3.529062130020253e-07,1.074451724639127e-07,0.1552862370540108,0.08568239504152589,0.06763160606758854,-1.537747235549352e-05,1.0
2016-07-28,5.687787846707239e-05,9.463728285602045e-07,1.1419456259583285e-06,0.0,7.861499102188058e-07,3.2091080023983677e-07,0.07213457762170085,0.11129779809298701,0.05738478365269443,5.368249930209521e-05,1.0
2016-07-29,0.00015179891741427684,5.156305886638176e-07,5.02290994428903e-07,0.0,3.772565845698148e-07,2.6861422228473715e-07,0.03711944293303477,0.10747146059688671,0.06234427125305087,0.00015013512502432956,1.0
2016-08-01,-0.00038279618813074137,1.2955869119234448e-06,3.598843073990085e-06,0.0,5.419994347005452e-07,8.511991073003125e-07,0.16191713644123043,0.08356561010185096,-0.05943583992460153,-0.00038908381665865577,1.0
2016-08-02,0.000259423161746177,6.407776191954237e-07,9.413874126002026e-07,0.0,4.809480208559297e-07,1.1107827246471626e-06,0.045595533427626365,0.10380339145678712,-0.08280810628393617,0.0002562492659688783,1.0
2016-08-03,-0.0002978154521823381,1.5640990236532144e-06,2.2472760820582563e-06,0.0,1.16669057014408e-06,1.8908338157862525e-06,0.10221734710487522,0.17060476129293256,-0.14705531975915787,-0.0003046843516739799,1.0
2016-08-04,-0.00010826990368323267,2.23286078200698e-06,1.0775910747838944e-06,0.0,1.0626501168524915e-06,9.90832841797378e-07,0.22481805839054664,0.20626440099074583,0.03980448356878629,-0.00011363383849867342,1.0
2016-08-05,0.0007399419209668957,1.4974506522041495e-06,6.683270397568294e-07,0.0,9.977553551123953e-07,5.474999313767979e-07,0.06768252019935268,0.1657766262827773,0.07379663781147527,0.0007362308879884455,1.0
2016-08-08,-2.5347009505627818e-05,2.862975593817644e-06,6.598391620137189e-06,0.0,8.72369837687298e-07,2.0611854786166102e-06,0.32506918503489823,0.22868703298035073,-0.11759212742723975,-3.7741932035886556e-05,1.0
2016-08-09,3.736844921112028e-05,1.274929417362965e-06,5.994818446600661e-07,0.0,8.399001929832374e-07,1.9539762603415793e-06,0.086835572931138,0.2686014659403577,-0.05966654579702762,3.270016149577243e-05,1.0
2016-08-10,0.0002938189957333258,2.4395711524174075e-06,3.3342990203039796e-06,0.0,1.3545822731605361e-06,1.9613684250875177e-06,0.1476068290656022,0.17332265057717244,-0.15618724483753055,0.00028472917486235637,1.0
2016-08-11,-0.0007597796583885762,5.619580016652291e-07,4.595688624470666e-07,0.0,3.861444391528246e-07,1.914715415807345e-06,0.03250699393469446,0.16732258620282098,-0.15434960365281292,-0.0007631020451076487,1.0
2016-08-12,0.00024493780295541773,1.1176974158134601e-06,4.278411822262368e-07,0.0,5.796393560839228e-07,1.0370197960614186e-06,0.11241780503713766,0.12205823296509383,-0.052161092773224484,0.0002417756052052327,1.0
2016-08-15,4.426012081642044e-05,9.851049268172188e-07,6.856111383324273e-07,0.0,8.404853463379619e-07,9.6214251315838e-07,0.06779073211188888,0.13646782602240706,-0.02517211618820075,4.078677689177445e-05,1.0
2016-08-16,-0.00040348701499924236,9.006189588704592e-07,8.662706029295943e-07,0.0,4.931091808505367e-07,8.968626153550902e-07,0.05523953472538953,0.12241185510736682,-0.02826106427228837,-0.00040664387635724804,1.0
2016-08-17,-4.253929497870839e-05,8.36127272559357e-07,1.1560072780830225e-06,0.0,6.722689411575317e-07,1.2028065331396531e-06,0.05275877486400532,0.1445814714245421,-0.057490026142919634,-4.640650500364796e-05,1.0
2016-08-18,-0.0001663052517949527,1.1240005944667361e-06,1.1438196459469493e-06,0.0,5.686756839357215e-07,1.0099978867403079e-06,0.06897404798895962,0.09970518023992204,-0.0699744647324497,-0.0001701517456060424,1.0
2016-08-19,4.998207538141663e-05,3.2647704411984745e-07,2.986230566063762e-07,0.0,2.7480406011270955e-07,9.063634282456303e-07,0.026727835186611357,0.08912024782588722,-0.06314880811937866,4.817580779233207e-05,1.0
2016-08-22,6.466415674828371e-05,1.8847550534021515e-07,2.856058719632269e-07,0.0,1.4109288030818404e-07,9.064344915736556e-07,0.013018929625585735,0.08158627836215748,-0.07069471622221665,6.314254799909842e-05,1.0
2016-08-23,-0.00011986036743142682,2.0316758549313468e-07,2.2778207895959633e-07,0.0,1.252615249856303e-07,9.686115643816726e-07,0.010533737956529265,0.08683940121569043,-0.07588734160043055,-0.00012138519018524685,1.0
2016-08-24,0.00037384760990754077,1.595936689994475e-06,2.2447248679030718e-06,0.0,9.60945986004652e-07,1.8404315269015073e-06,0.09253935471357273,0.16023528792695754,-0.14895720859249567,0.00036720557083673704,1.0
2016-08-25,0.00010423441777964294,7.441074941155705e-07,5.286525489926057e-07,0.0,3.9207613178157143e-07,1.9331843179823936e-06,0.04298425226328301,0.18554224270502725,-0.13923272271601483,0.0001006363972867708,1.0
2016-08-26,0.0004945235799227546,1.9878871186946125e-06,1.3492847163303475e-06,0.0,4.875079855094817e-07,1.0067467545252894e-06,0.2728808560209841,0.25521166979651116,0.08607821503626255,0.0004896921533476949,1.0
2016-08-29,0.00043341837900219993,1.4595396308608463e-06,8.681709696411599e-07,0.0,6.466003611340623e-07,5.188282353399185e-07,0.08329743792306635,0.20662428814731373,0.11946114461020743,0.00042992523980522397,1.0
2016-08-30,-0.00022638462227123386,2.681627218158028e-06,6.594355283082965e-06,0.0,9.091962264031652e-07,1.4353116012795208e-06,0.3249172466685238,0.1607968858850897,-0.08033546312986978,-0.00023800511260015753,1.0
2016-08-31,0.000253080330639518,8.319062724751445e-07,6.984810024357333e-07,0.0,2.8259688942152197e-07,1.3217695342166884e-06,0.04548577861023327,0.14303521834876892,-0.0790220633996347,0.00024994557694096896,1.0
2016-09-01,-0.0001410794958895326,1.5921432178437066e-06,1.3801183993785177e-06,0.0,7.106537146136055e-07,1.2729904829403704e-06,0.07118263248098661,0.11387693728956143,-0.09998546384442078,-0.0001460354017043088,1.0
2016-09-02,-0.0005607482149167008,6.570146813846043e-07,3.0652665411928746e-07,0.0,3.7906446037197816e-07,1.1104239973183492e-06,0.03262711115733693,0.10011528746568069,-0.086435944083802,-0.000563201244709895,1.0
2016-09-06,-0.000314520677686467,9.705346905725287e-07,9.785390976672092e-07,0.0,5.603595959888172e-07,1.4249736680151207e-06,0.07901009719039878,0.1645637547884654,-0.07483182143807485,-0.00031845508473871066,1.0
2016-09-07,-0.00015030984967638502,1.0213476122272587e-06,4.33896617965601e-07,0.0,7.357357887745597e-07,1.4407649772352295e-06,0.04619420279118498,0.18834733536785586,-0.05370118080766273,-0.00015394159467258767,1.0
2016-09-08,0.0005274083003871905,1.382016351731454e-06,1.2503526119805769e-06,0.0,7.733039495211055e-07,5.431240264073779e-07,0.13509557110406234,0.10035866924446576,0.009113832808026273,0.00052345950344755,1.0
2016-09-09,-0.0003404502285871135,4.53245381638841e-06,2.5643671123130584e-06,0.0,1.19059730613662e-06,2.622264531904968e-07,0.49954928700537643,0.45169831913731623,0.40764427500131273,-0.0003489998732751421,1.0
2016-09-12,0.005532214325496071,8.522479419304503e-06,4.282260940876347e-06,0.0,4.4042639822260395e-06,8.895852613138317e-07,0.2813320688663108,0.5676080360925226,0.41815771219179904,0.00551411573589235,1.0
2016-09-13,-0.00643236406303435,5.8700294887870875e-06,5.64361278040051e-06,0.0,3.256695442321042e-06,1.4791736778348019e-06,0.19883566479877013,0.49523464517186166,0.24673346729561493,-0.006448613574423693,1.0
2016-09-14,-0.0002809157181383299,4.8645171211027615e-06,8.994189489740128e-06,0.0,2.0502351356886305e-06,1.0646277127851937e-06,0.4392479300483496,0.1701394387168496,-0.008718017031062928,-0.0002978892875976466,1.0
2016-09-15,-0.00037589608542900954,5.705768352674244e-06,2.900487409786774e-06,0.0,2.387874117161574e-06,1.0167901776917032e-06,0.20012218273943383,0.19617951228302216,0.025358762430816,-0.00038790700548632385,1.0
2016-09-16,-9.850534333899086e-05,4.585954327840277e-06,2.0082125002865908e-06,0.0,2.2777404155936354e-06,3.476001662757174e-07,0.19492901649461367,0.1660075290279937,0.10761070109367317,-0.00010772485074898707,1.0
2016-09-19,0.0002512902699327593,2.881984203452118e-06,1.3338929805752434e-06,0.0,1.753414559866221e-06,4.772677748759603e-07,0.14741417164091764,0.2629704307491473,0.1827894445699859,0.00024484371041398975,1.0
2016-09-20,0.00036768341866049,5.485143521951806e-06,5.528397324860284e-06,0.0,2.8253834604133345e-06,6.45049158345479e-08,0.29720275656952727,0.1183887562184825,0.10755193035827844,0.00035377998943743,1.0
2016-09-21,0.0012534923257847593,2.8299313161786036e-06,1.0774590456888938e-06,0.0,1.7257107732368353e-06,2.823754073329142e-07,0.11556651153031094,0.21217017336918592,0.16473110493725635,0.001247576849242322,1.0
2016-09-22,0.0012424867711587433,8.954121943888917e-06,1.4434682787238296e-05,0.0,3.8988345213125145e-06,5.39014780776128e-06,0.8295592758742296,0.7973778163203761,-0.1081670153835188,0.0012098089840985424,1.0
2016-09-23,0.0010016471477910125,2.516606272596987e-06,1.8849260999179494e-06,0.0,1.717421828577221e-06,5.335819374340599e-06,0.14175254137578117,0.816269504786421,-0.08014815010279958,0.0009901923742155797,1.0
2016-09-26,0.00061035565643399,5.829916794396348e-06,6.7694620577157454e-06,0.0,3.3536207838431765e-06,5.156184743091592e-06,0.2857690764271542,0.5987231982086754,-0.2675158386307121,0.0005892464720549432,1.0
2016-09-27,-0.002207794319109826,3.107022251307228e-06,3.6441245975352043e-06,0.0,2.5427270526619818e-06,5.647527173924374e-06,0.17527277087804533,0.5964611049084743,-0.35232346031082035,-0.0022227357201852547,1.0
2016-09-28,-0.00048348370125771904,6.70840643093325e-06,6.450043571244512e-06,0.0,4.260023610904989e-06,2.2950720658168587e-06,0.6193084040388331,0.2700433830245832,-0.1155287240326491,-0.0005031972469366187,1.0
2016-09-29,0.0003869632475901648,8.69577473051491e-06,3.482510586278757e-06,0.0,7.37914771304115e-06,1.5100793921025481e-06,0.44521267109380036,0.4075065706526151,0.15381323277938697,0.0003658957351682274,1.0
2016-09-30,0.001109696195998815,7.5230332445091935e-06,4.433825155070326e-06,0.0,6.420463252030913e-06,9.238524136846926e-07,0.3973961933798745,0.4378613543145561,0.2826541488155277,0.0010903950219335198,1.0
2016-10-03,-0.0011230570724952808,4.784539867229823e-06,8.13606790617042e-06,0.0,2.6878297639416973e-06,2.486007833528228e-06,0.37030753747392076,0.45976270920511325,0.04211339317237092,-0.001141151517866151,1.0
2016-10-04,-0.0006974407634613417,5.916759519563527e-06,4.479705883279515e-06,0.0,3.99017151160855e-06,2.7975822883188726e-06,0.27532006900719463,0.49536398040672164,0.02537015596915107,-0.0007146249826641122,1.0
2016-10-05,-0.001389894176115466,4.823240855552472e-06,4.684336470307331e-06,0.0,3.4262948707429423e-06,2.419314832204563e-06,0.2619867059242608,0.36837489574609805,-0.0380699960642686,-0.0014052473631442732,1.0
2016-10-06,0.00030664129801170095,2.018779672733683e-06,2.2746347884571523e-06,0.0,1.2830668921677852e-06,2.5640835287261348e-06,0.10343675592423046,0.3366101857281917,-0.09415584709779899,0.0002985007331296162,1.0
2016-10-07,-0.0002438160299215726,1.7928725420828785e-06,1.5835724286108153e-06,0.0,1.399552497644154e-06,2.3747514907756002e-06,0.09590734533446503,0.294034973047089,-0.10492327740321197,-0.00025096677888068606,1.0
2016-10-10,-0.0006555379363285817,2.0505274426904897e-06,1.7534276592554237e-06,0.0,8.68511761765682e-07,2.285633180264178e-06,0.09787175888090072,0.25769338235590455,-0.1262929919284774,-0.0006624960363725575,1.0
2016-10-11,0.001429285650974026,2.641099741580269e-06,2.823400384172584e-06,0.0,1.7418639279873083e-06,2.746253998663386e-06,0.14645892448061065,0.28319908184988296,-0.17817158992556598,0.0014193330329216225,1.0
2016-10-12,0.0004138709384344173,8.438006332760575e-06,8.535671652958386e-06,0.0,4.456843888198053e-06,3.237157814668812e-06,0.8095244056843129,0.6739149457353137,0.13007243287095344,0.0003892032587458315,1.0
2016-10-13,-0.0019566284537966645,4.572434120162502e-06,3.568104317701015e-06,0.0,2.416849886274626e-06,3.7861999472190416e-06,0.19063176152205008,0.7255557223096026,0.08947413117680364,-0.0019709720420680215,1.0
2016-10-14,0.0006453737802378018,1.1252021065123189e-05,9.34002549531693e-06,0.0,6.631323947353226e-06,9.745953508981074e-07,0.6820428210994738,0.2721926600483276,0.10846064109744556,0.0006171758143791103,1.0
2016-10-17,-0.00017615149986428334,3.68396172740509e-06,3.6462788302016237e-06,0.0,2.626522210857078e-06,9.448043147541806e-07,0.18039996784604545,0.20101224825876268,0.042285123380060324,-0.00018705306694750132,1.0
2016-10-18,0.0003287817200464064,2.2621526506658264e-06,1.2009848772996973e-06,0.0,1.6054548405450632e-06,3.315319768194489e-07,0.13808742791509082,0.16808719228905397,0.11238982018338657,0.00032338159570107633,1.0
2016-10-19,0.0006832587619848604,3.662396302803816e-06,1.3262491341909763e-06,0.0,2.2162445824098587e-06,2.8875504343813136e-07,0.19418088976682318,0.2924018863230123,0.2438910390254062,0.0006757651169220176,1.0
2016-10-20,-0.0006773060721214161,2.230433811767209e-06,1.7422909858410127e-06,0.0,1.0303384680168825e-06,4.645452517925649e-07,0.08740155075700184,0.30336654735663665,0.22532294505548572,-0.0006827736806388337,1.0
2016-10-21,8.21017518406662e-05,3.954551006180306e-06,6.628123866349783e-06,0.0,2.1381511746973134e-06,4.97120550481891e-07,0.28729746277558643,0.09482974391578822,0.011313491434830538,6.88838052429569e-05,1.0
2016-10-24,0.00020951280507932403,2.8038690936074043e-06,1.8922972738104835e-06,0.0,1.2478765930912776e-06,5.391824815473515e-07,0.11078769355056092,0.09228165870459926,0.0016990018046442144,0.00020302957963726752,1.0
2016-10-25,0.000515246558323522,3.3572260757592863e-06,4.477005727693268e-06,0.0,1.4999806391773691e-06,1.8455717503400841e-06,0.21331834049865467,0.1972186488333319,-0.11283740522380221,0.0005040667741305519,1.0
2016-10-26,-0.0006329789718120579,4.217230918286965e-06,1.1179463933456089e-06,0.0,2.5583806553511517e-06,1.4335742560336856e-06,0.17742129485037555,0.2567864674389407,0.01594599242528153,-0.0006423061040350753,1.0
2016-10-27,-0.0004373353452927392,6.166368756449789e-06,5.387835085910008e-06,0.0,3.5726052344210436e-06,1.960934077854152e-06,0.22563376972245683,0.22095677807586106,-0.10848014700363644,-0.0004544230884473742,1.0
2016-10-28,-0.0003572120146724924,4.08805652394757e-06,3.384741103295817e-06,0.0,1.7800396860484048e-06,1.082964413337198e-06,0.4031010456563906,0.2923833108956851,0.11044528945503583,-0.0003675478163991214,1.0
2016-10-31,-6.29587932301554e-05,3.856389161470319e-06,2.427799488478898e-06,0.0,1.4911572717996382e-06,1.2795322032473065e-06,0.1446489852655095,0.30618674922303646,0.09122533907748898,-7.201367135515157e-05,1.0
2016-11-01,-0.0005144787721270605,4.014274319422368e-06,3.870435083744431e-06,0.0,2.8478167737080398e-06,1.8255204665075231e-06,0.18622924947521297,0.32583739087256314,0.019149952499299287,-0.0005270368187704429,1.0
2016-11-02,0.0004133906957871526,4.812697791905297e-06,2.129129656401222e-06,0.0,2.0543411109906684e-06,1.6268961065754065e-06,0.25151408763606,0.4486269868343814,0.17530844092971312,0.00040276763112127997,1.0
2016-11-03,-0.0012210699800596153,4.597915494284066e-06,4.8621371394899795e-06,0.0,2.34155554898307e-06,3.2047699299549092e-06,0.1948841431728109,0.5774533581255177,0.039052009893093015,-0.0012360763581723273,1.0
2016-11-04,0.00018888942177223414,4.563056610684306e-06,2.741391784377609e-06,0.0,2.9697379471974394e-06,2.239305464790951e-06,0.21675590768382497,0.45415133185155243,0.07794801376667274,0.00017637592996518384,1.0
2016-11-07,0.0024522902346949703,9.655978896512792e-06,1.9998271011761014e-05,0.0,3.4371904704015163e-06,6.869463010631074e-06,0.9157173585644076,0.5854826104314648,-0.5685871753545556,0.002412329331305664,1.0
2016-11-08,-0.00221596394194683,1.168877034812408e-05,1.883256406952107e-06,0.0,7.529059352080722e-06,5.8613519452743616e-06,0.5212433240129979,0.8990876412481158,-0.08561948555797691,-0.0022429263799992613,1.0
2016-11-09,-0.0022125986798856422,4.411667730803778e-06,3.0120012709664183e-06,0.0,1.9524105051642016e-06,5.918376669971327e-06,0.18989226453148136,0.9033775039083705,-0.09090977664681243,-0.002227893136062548,1.0
2016-11-10,-0.00044225812481272245,6.39102837553898e-06,5.614455195876474e-06,0.0,3.315004805005315e-06,4.773330852282522e-06,0.3469608731698568,0.6865854048695776,-0.11533417831388601,-0.0004623519440414257,1.0
2016-11-11,4.3381870449986446e-05,3.563280499656633e-06,2.373436288858641e-06,0.0,2.346955749564643e-06,4.745902075661479e-06,0.17482877743667516,0.7089909567089476,-0.08832059200218095,3.035229583624505e-05,1.0
2016-11-14,-0.0005307155778908198,1.0057998209840583e-05,8.241126968208423e-06,0.0,4.530428734807886e-06,2.232920882803118e-06,0.5488627423855017,0.3121920675255115,-0.06293864078541234,-0.0005557780526864798,1.0
2016-11-15,-0.00014122908016137384,7.579280287580233e-06,4.3254630417897816e-06,0.0,3.5433828303204296e-06,2.2849526052322e-06,0.23429539890576737,0.31260725560038916,-0.07126478207862046,-0.00015896215892629648,1.0
2016-11-16,0.0011585393141077625,3.1377148705877206e-06,1.6470458620540098e-06,0.0,1.6369330891337452e-06,2.1673175073044017e-06,0.14809658936996972,0.35145515018895407,-0.012654191038185394,0.0011499503027786826,1.0
2016-11-17,-0.0004182729570834047,5.244465554569932e-06,5.125476775929154e-06,0.0,2.322655414486946e-06,2.7228704951071357e-06,0.27469134033974923,0.3535278840849365,-0.10391435909306221,-0.00043368842532349783,1.0
2016-11-18,0.0002962220268750753,4.3834970065784515e-06,3.35065922273316e-06,0.0,2.1897315288714525e-06,1.2099057767092898e-06,0.28825503019788223,0.18716215466751002,-0.01610201581965063,0.00028508823334018297,1.0
2016-11-21,-9.030691052639735e-05,2.3370888866148974e-06,4.154425191679247e-06,0.0,1.0744084837625664e-06,2.502581065179872e-06,0.18855984017714106,0.2717334842736055,-0.14870013467661286,-0.00010037541415363393,1.0
2016-11-22,-0.0007687504288832622,2.689475924627027e-06,1.4480949263901971e-06,0.0,1.2543087700157631e-06,2.4369771321813406e-06,0.11159927235040526,0.28513834529654236,-0.12427381290992293,-0.0007765792856364766,1.0
2016-11-23,9.522436762042966e-05,2.251015555890121e-06,1.1042539528724293e-06,0.0,1.3629633399594541e-06,2.253724731606902e-06,0.09325650215931836,0.2827683553582229,-0.0958573995517365,8.825241004010074e-05,1.0
2016-11-28,1.1403090690155688e-05,1.8182586939473096e-06,1.7276160076275298e-06,0.0,7.908925619851567e-07,1.2977741479061326e-06,0.1447170520471035,0.1596993752707479,-0.05832668157748241,5.768549278689559e-06,1.0
2016-11-29,-0.00017591436573059858,4.243090677572493e-06,2.5688787568351017e-06,0.0,1.9657090378497876e-06,4.210921259803231e-07,0.17400477623630428,0.060458649696823734,-0.010284827467870534,-0.00018511313632883628,1.0
2016-11-30,0.00012321156177147973,1.6646526170187807e-06,5.959078161854046e-07,0.0,1.4131331961255112e-06,2.962794994267252e-07,0.12283446903856365,0.13980318871039635,0.09002823280670653,0.0001192415886427233,1.0
2016-12-01,-2.331538919280097e-05,5.224318824498299e-06,4.054841558522288e-06,0.0,2.7970461345327146e-06,1.2261556069051738e-06,0.16582019067397796,0.17964569325884597,-0.026348448701223253,-3.661775131725944e-05,1.0
2016-12-02,0.0003753733132272288,1.7424721363476975e-06,1.0421238100321802e-06,0.0,8.759225252477825e-07,1.298169038998311e-06,0.15351991936339865,0.29234557234044733,0.07425317378873117,0.00037041462571660283,1.0
2016-12-05,0.0004930846971534656,3.470184558694501e-06,1.7926020918215233e-06,0.0,2.5911851028491482e-06,5.023297364855635e-07,0.1634024046432394,0.21808812893970797,0.13369673321013328,0.00048472839566361485,1.0
2016-12-06,0.0005437811729708104,3.3860320367669803e-06,7.929930251225246e-06,0.0,1.4468329681243461e-06,2.1502357047557517e-06,0.374199823844902,0.2426008539375721,-0.11863874446139422,0.0005288681420099381,1.0
2016-12-07,-0.0014228556645633275,1.6064938477218519e-06,8.779746428720442e-07,0.0,1.032650374171717e-06,2.219871464688678e-06,0.0889994995220783,0.2913753879442671,-0.0815630181234308,-0.0014285926548927817,1.0
2016-12-08,-2.3371034725375357e-05,3.207627795418302e-06,1.430328129865758e-06,0.0,2.1121956525463343e-06,2.1447808653834676e-06,0.17438926564089435,0.37641077373653403,0.016087588352111548,-3.226596716858922e-05,1.0
2016-12-09,0.00017867722835554912,3.6486127391427516e-06,5.6557602555156004e-06,0.0,1.5429178885958804e-06,4.51939705426481e-06,0.31383681438022437,0.6553321379978323,-0.10392656711865578,0.00016331054041803008,1.0
2016-12-12,0.0007087545710180831,5.886098013230695e-06,6.4879607829149e-06,0.0,3.4825537925591396e-06,1.782708481032877e-06,0.462604247421299,0.23697547025998367,-0.06251955455353966,0.0006911152499483455,1.0
2016-12-13,-0.00037415352974931723,2.914448057250717e-06,2.009338237367683e-06,0.0,1.2616097234785824e-06,1.9134026980351565e-06,0.11411530216341828,0.24810186865635445,-0.07334978461355186,-0.00038225232846544936,1.0
2016-12-14,0.00027194709799388246,4.253448210773695e-06,1.0289496274961226e-06,0.0,2.774306984993684e-06,1.6592808136283264e-06,0.18508056956646643,0.3508825459166155,0.07212336922705667,0.00026223111235699066,1.0
2016-12-15,-0.00035176074178582407,3.75721864590648e-06,3.5593290991475825e-06,0.0,1.700877399659403e-06,2.16758495477122e-06,0.14262184627987828,0.34039775825626106,-0.023756514145303886,-0.0003629457518853088,1.0
2016-12-16,0.00033292002882780766,6.85181484456903e-06,6.637748597807122e-06,0.0,4.253933560612925e-06,3.233102797572247e-06,0.24749850947607951,0.3334506203148345,-0.20971064967730288,0.0003119434290272463,1.0
2016-12-19,-0.00013286299927854744,2.3957410152188128e-06,1.598878051425347e-06,0.0,1.6421294403255444e-06,2.8020052564228613e-06,0.1252676663458265,0.2869472543997359,-0.18378962867930485,-0.00014130175304194,1.0
2016-12-20,-0.0008726464097362941,3.6723811714641687e-06,1.8464381182243428e-06,0.0,2.2130043442440314e-06,2.1561117296947704e-06,0.1518209709116518,0.21291805447897869,-0.14930871610974278,-0.0008825343450999214,1.0
2016-12-21,0.0008671861828866272,3.031880603915795e-06,1.3286619786001502e-06,0.0,1.6441747575869876e-06,1.7214244514278364e-06,0.10108715681309946,0.1560286501292585,-0.133170657710618,0.0008594600410950964,1.0
2016-12-22,0.00021616994256312374,4.952258214048812e-07,4.0067365814328513e-07,0.0,6.070361626273257e-07,1.6564521609080333e-06,0.028477881532693143,0.15000737922535545,-0.12827658380719414,0.0002130105547600402,1.0
2016-12-23,-6.585639503700808e-05,2.532956085121959e-06,9.561514513793876e-07,0.0,1.1086933362056376e-06,1.6658505266889818e-06,0.04105811202885419,0.15745924007500736,-0.12240364840874154,-7.212004643640405e-05,1.0
2016-12-27,-0.0002565876387728824,2.702988912331543e-06,5.263068098807303e-07,0.0,5.98081363455314e-07,9.62379730567731e-08,0.1764125540646476,0.06413263799322885,0.047964658519690985,-0.0002605112538316068,1.0
2016-12-28,-0.0004368114203966746,5.675338595692956e-07,5.716292919191209e-07,0.0,4.008359293460271e-07,7.89408752913682e-08,0.02831148401905097,0.05022477978942433,0.03696271274047447,-0.0004384303603528004,1.0
2016-12-29,-4.150261815659684e-05,1.9323276744176688e-07,2.8396554116656135e-07,0.0,1.5507903497109527e-07,2.0076244114285366e-07,0.010253046996627248,0.060471906885840185,0.026743816773840766,-4.233565794131912e-05,1.0
2016-12-30,2.6999882219037e-05,2.384673288265792e-06,3.818057633569061e-06,0.0,2.0405317263552175e-06,1.8860502706045815e-06,0.15518469102569826,0.21378333544533965,-0.10307311001623,1.6870569300242347e-05,1.0
2017-01-03,-0.0006634019658439145,3.414533471480136e-06,5.619246842115227e-06,0.0,2.4371465266209577e-06,2.2836679556033604e-06,0.3356434409778965,0.19479581844723948,-0.18886039809412508,-0.0006771565606397341,1.0
2017-01-04,-0.0012516422241028175,2.898023824145238e-06,8.209170514203687e-07,0.0,2.307776123913686e-06,1.9014907225762403e-06,0.1715367215262562,0.2751526571614794,-0.04429778423132891,-0.0012595704318248732,1.0
2017-01-05,3.3664373078775686e-05,3.744608806250577e-06,2.096385516524289e-06,0.0,2.754511982868142e-06,2.092715252171139e-06,0.19162018090791644,0.37149638847539423,0.019920226110642855,2.2976151520961537e-05,1.0
2017-01-06,0.00010005285594612707,3.5150377229654575e-06,6.2769777412170546e-06,0.0,1.9312226791493006e-06,4.081473067564378e-06,0.3110618545389474,0.5413230063624942,-0.14436446898832128,8.424814473523088e-05,1.0
2017-01-09,0.0001221795015227325,5.2671486571743996e-06,4.241219807680697e-06,0.0,2.593485230624263e-06,1.3753898351574925e-06,0.39247108732392827,0.21121490315784258,-0.019850589148616114,0.00010870225799209565,1.0
2017-01-10,0.00031495701081471505,2.828079269099227e-06,1.916314672723865e-06,0.0,1.5801642561943736e-06,1.5410452675884024e-06,0.08270092946008972,0.2044784043251891,-0.05441720062966245,0.0003070914073491092,1.0
2017-01-11,0.00015119719831385267,2.858287627542561e-06,2.3339608136104016e-06,0.0,2.0085263625282627e-06,1.564773017366575e-06,0.09221026638464547,0.15063235055222052,-0.11224951636536404,0.00014243165049280488,1.0
2017-01-12,0.00047204878874265493,8.745091314619352e-07,4.865320847097454e-07,0.0,3.8039421790964655e-07,1.4471197380467009e-06,0.027670142830482164,0.131175353342337,-0.11194076264950875,0.0004688602335705269,1.0
2017-01-13,-0.00043175415177278077,1.3315671844622528e-06,6.3657592176442e-07,0.0,5.787838883697667e-07,4.078546411127438e-07,0.11371140503238583,0.04407881810527717,-0.024440761601663776,-0.00043470893340848994,1.0
2017-01-17,0.00030545288680316546,6.855412233986901e-07,1.079263007604633e-06,0.0,7.143479847472192e-07,8.457988553086922e-07,0.048161907244926805,0.08560768732774182,-0.05648652036411844,0.00030212793573210624,1.0
2017-01-18,-3.579926184722485e-05,9.592493991283543e-07,8.482277994602982e-07,0.0,3.4501631848859744e-07,5.707867043107512e-07,0.1564268940334066,0.1586203488241096,0.06272818249990336,-3.852254206861285e-05,1.0
2017-01-19,-0.0001089631871481585,1.3506647817989766e-06,8.862878115234337e-07,0.0,8.747516628380742e-07,7.058107759360239e-07,0.056547642740217424,0.17912727715674834,0.060551066799496324,-0.00011278070218025501,1.0
2017-01-20,0.00032143414021842487,2.4735300728443114e-06,3.164861267244328e-06,0.0,1.8869271893230166e-06,7.057875502229024e-07,0.15681924055240318,0.11184091414295967,-0.006731394294487911,0.00031320303413879034,1.0
2017-01-23,0.00030882634292254203,2.1501159363869684e-06,6.808803160728109e-07,0.0,9.473304409672421e-07,8.556147372624357e-07,0.07061084922265373,0.16887323394238457,0.025129958082295387,0.00030419240149185257,1.0
2017-01-24,-0.00010807339159232441,3.1756216733067795e-06,1.2172403014222084e-06,0.0,2.207785431529878e-06,2.123266656313837e-07,0.1370730059241259,0.14018283451125846,0.10451195468518598,-0.00011488636566421466,1.0
2017-01-25,0.0005351489719680956,2.2026798653206585e-06,1.25609812758895e-06,0.0,1.5127952834441992e-06,3.40248968126957e-07,0.09464701718392611,0.188188592113377,0.1310267654680482,0.0005298371497236148,1.0
2017-01-26,0.0013255036948054684,3.4184005036291845e-06,9.347996519168789e-06,0.0,1.4670500795316766e-06,3.7008006656497403e-06,0.4353349148004771,0.44419755927519156,-0.17753695255396493,0.001307569447037489,1.0
2017-01-27,0.0003542037834006109,2.1715275201652296e-06,2.1383896332942717e-06,0.0,1.2815377032168013e-06,3.1960258336603752e-06,0.18105410752401407,0.40984845753738053,-0.12708388251756253,0.00034541630271027425,1.0
2017-01-30,0.0011289595888447227,3.8473003079675005e-06,5.571237651483062e-06,0.0,3.5788150677495806e-06,3.7864912711231754e-06,0.2535015715187074,0.355615828127051,-0.2805147054216425,0.0011121757445463993,1.0
2017-01-31,0.0008157092107123636,3.7377946719159635e-06,3.424815244104748e-06,0.0,2.0005130601119054e-06,1.5797215842082041e-06,0.5325284520232748,0.35313378645618276,0.08774056030920444,0.0008049663661520228,1.0
2017-02-01,0.0005591617360199269,2.0811564915651377e-06,1.825810553021256e-06,0.0,1.5084696757947666e-06,1.3650349410170663e-06,0.13296644390993623,0.32454811082269164,0.0952222407318245,0.0005523812643585287,1.0
2017-02-02,0.0007322622822286476,2.793013314354057e-06,1.4344004379481591e-06,0.0,2.376076974570882e-06,4.002416016390199e-07,0.1516773425035637,0.2307742429481995,0.16353365387284413,0.0007252585499001355,1.0
2017-02-03,0.0011372199101523388,1.3103629076916352e-06,5.931254958882958e-07,0.0,1.0984191622206707e-06,1.9690132834327418e-07,0.07003871240558479,0.23474596140606366,0.2016665382443936,0.001134021101258195,1.0
2017-02-06,-0.000233986869244508,3.560371676383733e-06,9.359199873622574e-06,0.0,1.5668928887897335e-06,2.033351170108873e-06,0.45033129289782886,0.251858157679028,-0.08974483889926263,-0.0002505066848534129,1.0
2017-02-07,-0.0003544651172898163,6.40658041657989e-07,6.299384569958026e-07,0.0,4.1504717557765436e-07,1.8688177938298431e-06,0.05624618172827836,0.24130889346582757,-0.07265249589758611,-0.0003580195787578776,1.0
2017-02-08,-0.00019525593368863934,1.6827552064184262e-06,2.4170977813025606e-06,0.0,1.6672106004814385e-06,1.8276966406393097e-06,0.11397183596844399,0.1708225030197748,-0.13623053260762924,-0.0002028506939174811,1.0
2017-02-09,-0.0007208432962820827,1.3057572912409472e-06,6.141253563410092e-07,0.0,1.1830374612775026e-06,1.7506457053064511e-06,0.07917160619389411,0.20422962521613375,-0.08987885327535006,-0.0007256968620962486,1.0
2017-02-10,0.00033101896988316573,1.7389246852166747e-06,5.696615643681284e-07,0.0,1.6775387235236893e-06,1.8829126269044453e-06,0.0808468703622042,0.2806856925288906,-0.035643628791056245,0.0003251499322831528,1.0
2017-02-13,-0.0008347107944684792,2.788180346996344e-06,1.4126575677562348e-06,0.0,3.225426526187961e-06,2.0837677847892796e-06,0.18384060462376312,0.4198021834802338,0.0697291956356347,-0.000844220826694209,1.0
2017-02-14,-0.0008925151781644416,3.397420064563758e-06,7.332253198662711e-06,0.0,1.6209054743472477e-06,4.281021933487814e-06,0.3165441271400905,0.5383695350256812,-0.1808421498002716,-0.0009091467788355031,1.0
2017-02-15,-0.0009575575977607232,2.676320652831797e-06,1.5927337445062411e-06,0.0,2.9221557077407435e-06,4.312110693026044e-06,0.1722840167345765,0.6174238254254244,-0.10701077100295095,-0.0009690609185588281,1.0
2017-02-16,-0.00021842723556676167,4.382435905683021e-06,4.291537736220009e-06,0.0,3.410196483299421e-06,3.0413862365396814e-06,0.3032941251369137,0.4250415910717268,-0.08591129666693968,-0.0002335527919285038,1.0
2017-02-17,0.00031144014684791356,2.647430680688354e-06,3.252947776303162e-06,0.0,2.3405963573166564e-06,2.3052992034921663e-06,0.19493936473689735,0.27801711090420494,-0.10927315528247891,0.00030089387283011325,1.0
2017-02-21,-0.00029753019098036266,2.542402404226279e-06,2.121412435434463e-06,0.0,1.8477777396570775e-06,2.339866162337884e-06,0.1547886756972744,0.30100593683584503,-0.0920915784369195,-0.00030638164972201837,1.0
2017-02-22,0.00039852388814894655,4.888780254208929e-06,3.581442988322828e-06,0.0,3.104133020325072e-06,3.5634523923161266e-06,0.2839954050459126,0.536232761221622,-0.06242724068748724,0.0003833860794937736,1.0
2017-02-23,-0.00018528160691392702,3.09440421516476e-06,1.9896198445800316e-06,0.0,1.5286584529602653e-06,3.4944352827302676e-06,0.09488591151991524,0.5107916635883643,-0.07627346391032053,-0.00019538872470936235,1.0
2017-02-24,0.0007777171354979308,4.704848183433404e-06,6.7725857995624595e-06,0.0,4.274230699388504e-06,3.7056061662460955e-06,0.2932890910724407,0.34780990694014957,-0.27473192898919435,0.0007582598646493004,1.0
2017-02-27,-0.00021985466166672186,1.4132159544776158e-06,1.4751826085792552e-06,0.0,1.4983942901802242e-06,4.101101798510716e-06,0.06588811157810989,0.3777419016182939,-0.31124320053150634,-0.00022834255631846967,1.0
2017-02-28,0.0008765759663972306,2.0490024997068008e-06,1.677014642732357e-06,0.0,1.360607182269656e-06,4.0682626243411125e-06,0.1136772400877693,0.3728797635677103,-0.3105883573215966,0.0008674210794481806,1.0
2017-03-01,-0.0036520933351906126,5.181130698294453e-06,1.1636878884470198e-06,0.0,4.090900327274753e-06,3.523328957916659e-06,0.3107094746254411,0.5591374204440749,-0.03278184448592389,-0.0036660523830625456,1.0
2017-03-02,-0.0001840238343301711,4.100949750236617e-06,3.092948922187496e-06,0.0,2.5976514549121804e-06,3.804002948982712e-06,0.19297697699053545,0.5918344381846384,-0.04723805724445715,-0.00019761938740649011,1.0
2017-03-03,0.0005498044726335257,9.834954358405052e-06,9.145884124362575e-06,0.0,6.289555080923741e-06,6.9362367918169064e-06,0.5926225904596677,1.0615442985365022,-0.10374348248873791,0.0005175978422780175,1.0
2017-03-06,-0.0013657569347005735,1.5435013652802413e-05,1.5546680526287974e-05,0.0,9.356273127847714e-06,3.701145827886171e-07,1.3069460659501522,0.3159145438544841,0.2537352939459965,-0.0014064650165903003,1.0
2017-03-07,-0.0008934504173617381,1.8572797971804888e-06,4.04561705191186e-06,0.0,1.0793070127340949e-06,4.094494971374574e-07,0.18209785672187184,0.1917136998671134,0.12292618434802055,-0.000900842070720702,1.0
2017-03-08,-0.0002334441686284893,2.7601668665036222e-06,1.9631046811232067e-06,0.0,1.085977152736823e-06,9.427369702472202e-07,0.06386093759334449,0.2334962539539449,0.07511644295241195,-0.00024019615429910016,1.0
2017-03-09,7.979982178564309e-05,1.748507666050285e-06,1.4240670516410833e-06,0.0,1.1397508940801681e-06,1.286629094958005e-06,0.07890467392609096,0.2767936154004,0.06063992744745509,7.420086707891355e-05,1.0
2017-03-10,0.00011955273807613226,3.575144957304351e-06,1.042170197494537e-06,0.0,2.219960783290956e-06,7.071771612778046e-07,0.10652873853809489,0.22709348450444203,0.10828772140977086,0.00011200828497676461,1.0
2017-03-13,0.00017126022768968003,3.5471828633954326e-06,7.759017302368866e-06,0.0,1.7514238052175436e-06,1.915081875471294e-06,0.4006238286423143,0.22104649240854293,-0.10068726267063444,0.0001562875218432269,1.0
2017-03-14,-0.00018579553774333878,1.0951832536542847e-06,1.048596183163491e-06,0.0,1.239999960357743e-06,2.0494174554616555e-06,0.08644628972768498,0.2585433241762277,-0.08575880834133037,-0.00019122873459597595,1.0
2017-03-15,-0.0006754259315148585,1.1613536062033876e-05,1.6540507355318658e-06,0.0,6.303779811094582e-06,1.8179377181583414e-06,0.2966377802960129,0.4423172633072999,0.13690372665669864,-0.0006968152358416772,1.0
2017-03-16,-0.0007221257431558727,1.8826736997269162e-06,8.95802154031167e-07,0.0,9.646417231883834e-07,1.8616993505086904e-06,0.08679389472877108,0.485764216777918,0.172998725892458,-0.0007277305600833278,1.0
2017-03-17,0.0009698849063686291,7.1812460760083905e-06,1.024767408021846e-05,0.0,2.4382028648517103e-06,5.2788754628488385e-06,0.48899802015964405,0.8007113778517112,-0.08613969990689363,0.0009447389078847016,1.0
2017-03-20,-0.0002789503181508206,1.3518181783794907e-05,1.2041172109944237e-05,0.0,6.043666901956959e-06,6.759711190547909e-08,0.8859929631049387,0.11600391841399811,0.10464760361387762,-0.0003106209360584222,1.0
2017-03-21,-0.0014685775080830721,2.2424399186286984e-06,2.8475815005865943e-06,0.0,9.148084951786793e-07,1.1414918344614896e-06,0.11062485187971008,0.2032037357879498,0.01143310759841953,-0.0014757238298319275,1.0
2017-03-22,0.00025435481450274806,3.978476118148933e-06,5.0855890629523975e-06,0.0,1.8954923327934848e-06,2.770195593076108e-06,0.4694843230229018,0.6294651334218012,0.16407227378501504,0.00024062506139577714,1.0
2017-03-23,-0.00020902290833075258,1.9538965202166745e-06,2.8957484823517325e-06,0.0,1.0319166984753134e-06,3.934420162515064e-06,0.11450097923633823,0.7279602541705708,0.06697766686803994,-0.00021883889019431137,1.0
2017-03-24,-0.0010435200891010256,6.818404913211657e-06,8.510159187441503e-06,0.0,3.0744923935668575e-06,3.6320993455418354e-07,0.6263155914600276,0.1236971120690883,0.06267784306398547,-0.0010622863555297998,1.0
2017-03-27,-0.0001865064157717121,1.7659889288752984e-06,1.4125407230485228e-06,0.0,8.968303221770252e-07,4.3574109699069716e-07,0.0663329176596531,0.11519637785535694,0.04199187356091983,-0.00019101751684280364,1.0
2017-03-28,0.0003185326390636542,3.659835312224008e-06,7.979472409721709e-07,0.0,2.4909732468134444e-06,1.78981557478853e-07,0.15494227702457758,0.19767783094784883,0.16760892929140153,0.0003114049017061657,1.0
2017-03-29,-0.00040125476995922824,1.973124552038166e-06,1.2521929146364908e-06,0.0,1.1858215889797214e-06,5.613005967819398e-07,0.09928104015081457,0.28575574950812177,0.1914572492487559,-0.00040622720961166456,1.0
2017-03-30,0.0012404760493579506,7.445776394678414e-07,5.910400432235399e-07,0.0,7.043952554726745e-07,5.620481116003117e-07,0.053914678142541445,0.302870037911698,0.20844595516284564,0.0012378739883081862,1.0
2017-03-31,0.00031380710372500085,4.774734834668258e-06,8.22619397862144e-06,0.0,3.09972894376414e-06,8.742547493643536e-07,0.36491313323530844,0.09708013646418434,-0.04979466142902704,0.00029683219121858266,1.0
2017-04-03,5.701494450320855e-05,9.666463851669148e-07,9.355398184638705e-07,0.0,8.554092111383445e-07,8.596064167188957e-07,0.05840002663563093,0.09239231947217669,-0.05202155853659776,5.339774267172052e-05,1.0
2017-04-04,0.00022761987785283543,5.880746409738522e-07,8.078059543072679e-07,0.0,3.613620446651256e-07,1.0202031709762267e-06,0.031432830256972286,0.09241552834116756,-0.0789786043828385,0.00022484243204191296,1.0
2017-04-05,0.0003586387123160413,6.732443507578225e-07,2.904007225743342e-07,0.0,2.1207439786665693e-07,4.0965126882195126e-07,0.11169258560551315,0.1018940330970785,0.03307261993499068,0.00035705334157602053,1.0
2017-04-06,0.00011946511862685128,9.202638115319006e-07,8.204911569276384e-07,0.0,8.539896848380071e-07,2.16122766672267e-07,0.05641810164773705,0.07059178236133343,0.03428315756039257,0.00011665425120688147,1.0
2017-04-07,-3.3492656088952966e-05,6.992379441808201e-07,1.8020107598805609e-06,0.0,4.0900541154660276e-07,4.0419151464934124e-07,0.07232294738069978,0.03395208723054466,-0.03395208723054466,-3.680710171921029e-05,1.0
2017-04-10,-0.00012299502885799023,3.547842936801604e-07,3.1800349218972233e-07,0.0,2.9413181123527574e-07,4.0577363789231223e-07,0.03468493913561062,0.047962922566619104,-0.020207048599289346,-0.0001243677220929877,1.0
2017-04-11,-5.811657380875798e-05,1.9864788743746174e-06,2.1596015691297673e-06,0.0,1.2020048232947369e-06,9.413295423711066e-07,0.10074876509783637,0.08850381872407112,-0.06963954439427478,-6.440598861792821e-05,1.0
2017-04-12,0.00012157262645822971,2.9212066513811498e-06,2.77501105077289e-06,0.0,1.3900366437627897e-06,1.7582604665662495e-06,0.12985678467186682,0.1629049710832036,-0.13248278729992632,0.00011272811164574664,1.0
2017-04-13,0.000818613891817106,4.854104147102304e-06,4.190732990432433e-06,0.0,2.319839218648717e-06,2.256898736952371e-06,0.5068663973872938,0.5230528629008618,0.14389387509286364,0.0008049923167239702,1.0
2017-04-17,0.0017026580116710232,5.552981441545048e-06,9.775513708844633e-06,0.0,5.273764742590719e-06,3.2431908698376956e-06,0.45508556575349,0.4132228522228426,-0.1316332139098902,0.001678812560908205,1.0
2017-04-18,0.00041658262468474873,8.88881972943841e-06,2.8750830326409474e-06,0.0,6.614320996977436e-06,1.4705790695740278e-06,0.40324533825882314,0.381284643323429,0.13422735963499238,0.0003967338218561179,1.0
2017-04-19,-0.0005205225854036705,1.2612404013849172e-05,1.4166928835213708e-05,0.0,5.982027423816183e-06,4.778936004626334e-06,0.7789367503805288,0.644218560490498,-0.15864268828672612,-0.0005580628816811759,1.0
2017-04-20,-0.003145275730974221,7.855073842661007e-06,4.364990617575728e-06,0.0,4.935345946156166e-06,4.6160963840881534e-06,0.3442356801906873,0.7043095559647543,-0.07119463656205527,-0.003167047237764702,1.0
2017-04-21,9.87903723487358e-05,5.969913937714713e-06,4.640267726167598e-06,0.0,3.500135100066684e-06,5.606107304615644e-06,0.32949180906030584,0.9005587216742341,-0.04126730550119409,7.907394828017116e-05,1.0
2017-04-24,-7.781517687982433e-06,6.1603506532112195e-06,6.588494732857162e-06,0.0,3.0218718957709038e-06,5.413393931901324e-06,0.31951313608663157,0.7299662894967829,-0.1794838910626396,-2.896562890172304e-05,1.0
2017-04-25,-0.0008270875589421621,4.269685145753902e-06,3.2106624688152275e-06,0.0,2.2853211301513514e-06,5.218273785262769e-06,0.23979482049252074,0.7289132966110873,-0.147756699313058,-0.0008420715014721453,1.0
2017-04-26,-0.0006267313155079477,2.30948544975625e-06,1.1397170860442187e-06,0.0,1.1143416906282048e-06,5.447180657680654e-06,0.12775619061285234,0.8290636493208418,-0.08606270116950815,-0.000636742040392057,1.0
2017-04-27,-0.0015531174044993163,6.734723336040714e-06,6.131628190656253e-06,0.0,2.4984655970384654e-06,4.413240160926592e-06,0.30099141256862505,0.5668671263818189,-0.17455722065384882,-0.0015728954617839784,1.0
2017-04-28,-0.00014395904123842666,3.827618633644225e-06,5.290259534098263e-06,0.0,2.4178217415508644e-06,4.314594873489907e-06,0.25294088559703054,0.4173881886088281,-0.3074637501374762,-0.00015980933602120992,1.0
2017-05-01,-0.0005620856137731207,3.5098938865217766e-06,2.569186714667512e-06,0.0,1.7721237938983178e-06,3.9322926593375294e-07,0.5460037390576733,0.21180282646861587,0.14574030979174538,-0.0005703300474341421,1.0
2017-05-02,9.87337364546149e-05,6.098340601476644e-06,5.370545096494051e-06,0.0,3.623159401983877e-06,2.124450344382363e-06,0.23482184307687587,0.3571770123259803,0.00026935446974336863,8.151724101027795e-05,1.0
2017-05-03,-0.0003213050124923688,5.393283133287371e-06,2.5784955113089234e-06,0.0,3.0169388070897077e-06,1.0027487011005425e-06,0.1935426016669414,0.23345537405001704,0.06499359226512588,-0.00033329647864515537,1.0
2017-05-04,0.0003096413787620352,3.1768228833136706e-06,3.134169127035339e-06,0.0,2.4446061197234997e-06,1.0726245174053212e-06,0.1682611751820948,0.19722959175487612,0.017028672830782146,0.00029981315611455733,1.0
2017-05-05,0.00010033362227392572,2.9121431200075227e-06,5.430073054600892e-06,0.0,1.6488752565460589e-06,1.652190617622757e-06,0.2849435761818857,0.15519890634050731,-0.12236911742011582,8.869034022514849e-05,1.0
2017-05-08,-1.6696816282124458e-05,1.0858813067969856e-06,8.897855296887365e-07,0.0,1.0114192906214633e-06,1.486569699980212e-06,0.07225672186788154,0.14295903829861958,-0.10678467129805597,-2.1170472109211854e-05,1.0
2017-05-09,-0.00012831553421019092,1.1019063166590937e-06,1.1463453732023861e-06,0.0,4.746384552884565e-07,1.5253159206156278e-06,0.057786744159196976,0.13265770619201428,-0.12359536847141116,-0.00013256374027595649,1.0
2017-05-10,-0.00045054762466762983,1.6528985334336169e-06,1.3009342967697122e-06,0.0,1.3637815400147034e-06,1.6113614729657151e-06,0.09829743678210966,0.158257010530849,-0.11245171692739116,-0.0004564766005108136,1.0
2017-05-11,0.00032431861597793775,1.0678530650675624e-06,7.872197219979715e-07,0.0,1.2965969198582537e-06,1.4513114369925568e-06,0.077394916250812,0.1608141288382155,-0.08300619257653404,0.0003197156348340214,1.0
2017-05-12,-0.0005648252569033991,2.442875730995148e-06,1.2551239782168491e-06,0.0,1.8423606389245327e-06,1.2949927632498963e-06,0.11658475193251716,0.17763229923198,-0.03992648499400256,-0.0005716606100147855,1.0
2017-05-15,7.612124194647198e-05,2.976622238958301e-06,6.559915801471311e-06,0.0,1.631173770764731e-06,3.6292726751450944e-06,0.2961041004017357,0.3590804453414426,-0.2506373640829332,6.132425746013254e-05,1.0
2017-05-16,-0.00022413169259394877,5.7698138398505965e-06,1.6102004874073867e-06,0.0,2.1675171140700594e-06,3.362480857263986e-06,0.1704509029879367,0.39312786575050657,-0.17176891826984314,-0.0002370417048925408,1.0
2017-05-17,0.003963850110924955,9.530021412186628e-06,6.034010166915036e-06,0.0,3.071280825031515e-06,6.325867751363712e-07,0.8987824811482452,0.5906325665291914,0.484357988306281,0.0039445822117456855,1.0
2017-05-18,0.0017015179017030623,6.0734209298017685e-06,7.107147302227734e-06,0.0,4.106094699110784e-06,3.236350185294185e-06,0.3204225254884181,0.8512508131552121,0.30754398202578903,0.0016809948885866278,1.0
2017-05-19,0.0007921555833708732,6.363367419252224e-06,7.2248429443577035e-06,0.0,4.230101943727572e-06,4.2061180158891695e-06,0.35008238157578464,0.8642961000756111,0.15766827340623088,0.0007701311530476466,1.0
2017-05-22,0.0002133019353851174,1.079634945979597e-05,3.4421385522446347e-06,0.0,8.322810399980825e-06,6.328154145690725e-07,0.5536278440006652,0.6532497251301721,0.5469367354825678,0.0001901078215585269,1.0
2017-05-23,0.0007863592423474302,5.067141732603997e-06,2.0463979966524493e-05,0.0,1.1795710754996094e-06,5.168351993304971e-06,0.8835684467476821,0.6353132577508748,-0.23296987712436026,0.0007544801975794972,1.0
2017-05-24,-7.852044174075097e-05,4.450075743139154e-06,3.4123733094060098e-06,0.0,2.627828587992436e-06,4.847965213314298e-06,0.2276577074331927,0.592717670429501,-0.22174048540730082,-9.385868459460287e-05,1.0
2017-05-25,-0.0009903047481565272,4.834806306064892e-06,3.909337650465978e-06,0.0,2.2785020342730778e-06,3.848720729329766e-06,0.26106122541653143,0.4309443386723403,-0.21564074385506043,-0.001005176114876661,1.0
2017-05-26,0.00022257972175728492,3.9127109586744694e-06,1.6999223380033938e-06,0.0,2.427915512370649e-06,3.8897585224011486e-06,0.1757152455984467,0.5191960090919974,-0.13428342267139548,0.00021064941442583526,1.0
2017-05-30,0.00036901825716341994,3.632950797373679e-06,2.1345452496250267e-06,0.0,2.6210249036308987e-06,3.5685946433227515e-06,0.16379551038763557,0.4982125117432239,-0.10131138833499831,0.00035706114156946756,1.0
2017-05-31,0.00015091770023324216,6.1208495896101645e-06,5.876976394214543e-06,0.0,4.851816161396499e-06,3.6723527367381065e-06,0.22998744385285055,0.3559798050387672,-0.2609754547332347,0.00013039570535128286,1.0
2017-06-01,-0.0022172618987303977,4.387230002520864e-06,4.9593009017036615e-06,0.0,2.85350669554997e-06,5.301197139010565e-06,0.2617426418532683,0.5192860642093715,-0.37131505514440355,-0.0022347631334691826,1.0
2017-06-02,-0.0008164304269930033,5.549259036936862e-06,1.949475925216382e-06,0.0,4.081487874104976e-06,5.020425515057104e-06,0.32327706235789344,0.7121233130143745,-0.1313081735152189,-0.0008330310753443186,1.0
2017-06-05,-0.00034911966348904344,4.140470064799454e-06,3.3476025523006597e-06,0.0,3.076016338873277e-06,5.308637213408598e-06,0.2436969089996206,0.7807868039741322,-0.11106424787851221,-0.00036499238965842544,1.0
2017-06-06,0.0006090979280953082,6.763144282810616e-06,7.188615604073993e-06,0.0,3.83360588390899e-06,2.3047012321096573e-06,0.542503746523086,0.3526730174586299,-0.034516789535792486,0.000589007861092405,1.0
2017-06-07,0.00012081152703884564,5.0917968263780946e-06,4.355328556450318e-06,0.0,2.490118765441187e-06,5.205352531352256e-07,0.47500804099723193,0.2826643556365508,0.19521443310983289,0.0001083537476374408,1.0
2017-06-08,0.00039018139835933507,4.026030769000151e-06,6.064927105717203e-06,0.0,4.765396067806615e-06,2.048145337474109e-06,0.27572074186805234,0.3696943884746422,0.025605971778991994,0.000373276899079337,1.0
2017-06-09,0.0011914565223093382,7.677796089304209e-06,9.71910193208237e-06,0.0,7.009911156262277e-06,4.1504452404545805e-06,0.49002448502094403,0.5207921876518737,-0.1764826127444956,0.0011628992678912348,1.0
2017-06-12,-0.0018552327075932724,4.624047467717499e-06,4.266242367252018e-06,0.0,4.016958872198609e-06,4.193781675510477e-06,0.25610178706783215,0.5070620952463077,-0.19749322623945237,-0.001872333737975951,1.0
2017-06-13,-0.0006009500898121319,3.276058347374984e-06,2.177252864281959e-06,0.0,2.072719861656344e-06,3.2498155090508445e-06,0.3194432761165428,0.5596465344066279,0.013677528886086227,-0.0006117259363944959,1.0
2017-06-14,-0.0005098197509673419,5.30403737185279e-06,9.601241079602018e-06,0.0,3.989745737791954e-06,2.3929736283230197e-06,0.5519226071166313,0.23020184166231666,-0.17181772789595068,-0.0005311077487849117,1.0
2017-06-15,-0.00015233428624916232,8.186100387135097e-06,3.5755999096851214e-06,0.0,5.8797634689882605e-06,2.596379966844887e-06,0.28155795462924543,0.3341571987687311,-0.1020346356612099,-0.0001725721299818157,1.0
2017-06-16,-0.00021162889707293867,7.365687281155858e-06,6.043670229573034e-06,0.0,4.775853010126146e-06,2.759564869974932e-06,0.30954085542529486,0.27818305592906994,-0.1854238422267187,-0.00023257367246376864,1.0
2017-06-19,-0.000784846204448927,3.3849123499529864e-06,2.552005031890271e-06,0.0,2.7863927574592964e-06,2.2295902668644253e-06,0.21274821365668323,0.23759582025911752,-0.13697534457410593,-0.000795799104855094,1.0
2017-06-20,0.0006960467896711583,5.826097028890929e-06,2.5844917356588648e-06,0.0,4.472126906960894e-06,1.7064935346303784e-06,0.352513465028096,0.3643471424416122,0.07765622862370866,0.0006814575804650172,1.0
2017-06-21,-0.0015770205390305083,6.8488611344423244e-06,9.72896721569325e-06,0.0,6.188607491108475e-06,4.448936549807061e-06,0.4130235678931596,0.5356299933732815,-0.21179134699430482,-0.0016042359114215594,1.0
2017-06-22,-0.0010566188365117646,7.997139451247617e-06,7.171501126019969e-06,0.0,5.978915426886864e-06,3.133970900855447e-06,0.4847285839551446,0.3196725619847034,-0.20683454935901172,-0.0010809003634167746,1.0
2017-06-23,-0.00023475995952333865,3.6587567653134973e-06,1.7609364434357937e-06,0.0,2.2334144731388685e-06,8.239265717425259e-07,0.3870640578492345,0.2555334036445864,0.11711373959184199,-0.00024323699377696933,1.0
2017-06-26,0.000951067579084389,2.5327769141682483e-06,1.9313453754908746e-06,0.0,2.259264551207929e-06,6.520898390967815e-07,0.1367550534678008,0.23470526072642844,0.12515416775816918,0.0009436921024044252,1.0
2017-06-27,-0.0011819008064030453,3.376113433666412e-06,1.880089934994732e-06,0.0,2.545405091581544e-06,3.7454662814036143e-07,0.22540495861380347,0.3181244188341891,0.2552005853066084,-0.0011900769614914283,1.0
2017-06-28,0.001921010675706574,3.0221508060977244e-06,2.6797887076619405e-06,0.0,2.168151448551277e-06,7.951739362675021e-07,0.17066728232989536,0.37790331614186945,0.24431409484892908,0.0019123454108079955,1.0
2017-06-29,-0.002458823023206763,6.417416876982282e-06,4.13321510622706e-06,0.0,4.961624603449291e-06,1.04061989403043e-06,0.4320823220550919,0.6073380609128485,0.4325139187157361,-0.0024753758996874523,1.0
2017-06-30,0.0006709560361562558,8.647472833187013e-06,5.31031608923257e-06,0.0,5.773509648319623e-06,2.184548424604928e-06,0.44794207432081,0.9216092646313614,0.5546051292977336,0.0006490401891609117,1.0
2017-07-05,0.00155840099423024,6.658306259677818e-06,7.027686401767476e-06,0.0,4.395007901418872e-06,1.4264614181145583e-06,0.3590852001605699,0.6644934318001182,0.42484791355687235,0.0015388935322492613,1.0
2017-07-06,-0.00399942442172846,1.1595561876232146e-05,1.2441220334980983e-05,0.0,8.386391651616865e-06,4.40727052606541e-06,0.5113941481290339,0.8158572192681728,0.07543577088918393,-0.004036254866117355,1.0
2017-07-07,0.0005630959242891517,7.077214346142767e-06,3.952704864665271e-06,0.0,5.303903367391907e-06,3.6463494076095265e-06,0.34666740942048535,0.7834597698409622,0.17087306936256186,0.0005431157523033423,1.0
2017-07-10,0.000998334280155858,8.823257988630764e-06,7.534450581817603e-06,0.0,6.70506736547158e-06,3.909068762553488e-06,0.49388956741425916,0.8314931013895597,0.17476954928057378,0.0009713624354573845,1.0
2017-07-11,0.0005476466486303035,1.150187447071242e-05,5.065324311258149e-06,0.0,8.083626637298924e-06,9.267958069718758e-07,0.5486867566196865,0.6116647947529052,0.45596309918163014,0.0005220690274040621,1.0
2017-07-12,0.0028306460477623414,5.241331944471948e-06,3.0667022612738375e-06,0.0,3.1138408958840546e-06,5.829849064680605e-07,0.22342592396965041,0.5819194305729402,0.4839779662863059,0.0028186411877542433,1.0
2017-07-13,0.0011421102724461015,7.505277094185484e-06,1.8378884497159457e-05,0.0,3.0037487240806675e-06,4.244156068235044e-06,0.862681535209166,0.5949435014976344,-0.1180747179658532,0.0011089782060624408,1.0
2017-07-14,-0.001473541041267912,3.3826107268981893e-06,1.5313370582740277e-06,0.0,1.5405155377406107e-06,4.169897033867589e-06,0.14592844115221038,0.6458573085587263,-0.054685393131028714,-0.0014841654016246922,1.0
2017-07-17,-0.0001010002986905569,6.830063915679989e-06,7.267410181666867e-06,0.0,4.148881641665696e-06,2.4895960216945235e-06,0.4049687090849675,0.30082969567266094,-0.1174224359720191,-0.00012173625045126398,1.0
2017-07-18,-2.2271819584498444e-06,1.1535815313558433e-06,8.927902051077943e-07,0.0,1.0407493748844854e-06,2.528811758617445e-06,0.08819208319399577,0.33861681223942586,-0.08622356320830477,-7.843114828415412e-06,1.0
2017-07-19,-0.0012077203276041571,2.0039200278046376e-06,2.5594315065130412e-06,0.0,1.5529611822328843e-06,2.383940202382799e-06,0.11577401542304971,0.24596711074558858,-0.1545348432547216,-0.0012162205805230906,1.0
2017-07-20,-8.187895302058704e-05,2.849275554534696e-06,6.099106101154825e-07,0.0,1.9069278023505293e-06,2.376796220650566e-06,0.10792901970122046,0.32841593320511125,-0.07088583186418376,-8.962186320823832e-05,1.0
2017-07-21,-0.0006897486269913496,2.146486712719321e-06,2.3053824113266183e-06,0.0,1.8524406683702823e-06,2.7852117485460007e-06,0.12196495087918688,0.35096658427645594,-0.1169489894792721,-0.0006988381485323118,1.0
2017-07-24,-4.1145751691453684e-05,5.1543153702223635e-06,3.5715172509724973e-06,0.0,3.90224412193182e-06,2.241031716954103e-06,0.18428470325557075,0.22203499483265668,-0.15445833361563266,-5.601486015153447e-05,1.0
2017-07-25,0.0004023018984927434,2.104064842606015e-06,1.588671592733854e-06,0.0,2.590036900291819e-06,2.571259258945254e-06,0.10182492519075526,0.2787211373423237,-0.153250418160479,0.0003934478658981665,1.0
2017-07-26,0.0006566278912081061,4.081595458845417e-06,3.132598944369985e-06,0.0,3.700716006339854e-06,3.2296607800860295e-06,0.1837265374492395,0.3769011022390137,-0.1656819088154392,0.0006424833200184649,1.0
2017-07-27,0.00023912937336569517,4.862143485169353e-06,6.6070703387395695e-06,0.0,4.183636071494424e-06,5.18328370118566e-06,0.376779773625428,0.5990854840724924,-0.2717061777266985,0.00021829323976910615,1.0
2017-07-28,0.001978498457044284,5.8867538554333456e-06,4.792317860946563e-06,0.0,5.590601303453638e-06,4.5464962464146215e-06,0.31941801280792226,0.48368625239426893,-0.2801251170033875,0.001957682287778036,1.0
2017-07-31,-3.677122746018372e-05,5.394576202596676e-06,4.292753698638338e-06,0.0,2.2270245076286286e-06,1.1265703250039084e-06,0.641907373678321,0.35935407429169547,0.1700902596910389,-4.981215219405127e-05,1.0
2017-08-01,0.0001106206621395806,4.393119402373296e-06,5.441657982950624e-06,0.0,4.539035426797578e-06,5.889839503767782e-07,0.3072612756608294,0.1803487633532558,0.08139945968995708,9.565786537708233e-05,1.0
2017-08-02,-0.0003838802445787903,2.8316143122749252e-06,7.366228613116295e-06,0.0,2.7673147355028152e-06,2.1500219558339665e-06,0.3393771455688109,0.19520181966440753,-0.16600186891569887,-0.0003989954241955183,1.0
2017-08-03,0.0003549387840172896,4.5826385503565545e-06,3.399521640799322e-06,0.0,5.030534395137851e-06,2.910042951561616e-06,0.20927183967207663,0.29766967874516015,-0.19121753711719136,0.0003390160464794342,1.0
2017-08-04,-0.0009626745464872517,6.206295754239324e-06,4.985694549568888e-06,0.0,4.397695850391418e-06,3.963765527415419e-06,0.24393654419476596,0.4028639960066922,-0.26304861259909823,-0.0009822279981688668,1.0
2017-08-07,0.00015804849488810124,5.580883228374681e-06,2.9944710504636625e-06,0.0,3.065475001345981e-06,1.916964148453325e-06,0.4677465506583415,0.4051004976333421,0.08305052069318358,0.0001444907014594636,1.0
2017-08-08,-0.00030004561120568516,6.943899372512017e-06,5.321789751929471e-06,0.0,4.481301960787867e-06,1.037433745169949e-06,0.3115439417942238,0.21893342914341524,0.04464455995486377,-0.00031783003603608445,1.0
2017-08-09,0.0002338409956139138,3.066194395857991e-06,3.3553225071201007e-06,0.0,2.4355189486691225e-06,1.9659385729230485e-06,0.16133309209352031,0.28732754569891983,-0.042950134552152325,0.00022301802118934353,1.0
2017-08-10,-2.216530587609755e-05,5.835462048818038e-06,2.789434393020427e-06,0.0,2.670748886574879e-06,1.5483367390609373e-06,0.5206738671116447,0.6257680908238614,0.3656475186616241,-3.5009287943571835e-05,1.0
2017-08-11,0.0006747037676172562,2.28986795519167e-06,2.393337122209022e-06,0.0,1.0802024919614272e-06,2.113140676454911e-06,0.12857577870507994,0.685790162218246,0.330782528573821,0.0006668272193714392,1.0
2017-08-14,0.003964207286380107,5.072595371920798e-06,3.7979378839348597e-06,0.0,4.0783436211699565e-06,1.79459312830816e-06,0.27964233052643134,0.6651362035362783,0.36364455798050743,0.003949463816374774,1.0
2017-08-15,-0.0005604218937278131,1.2174055652799186e-05,3.886253411456189e-06,0.0,9.89319898814551e-06,6.952424428999229e-07,0.5242610796803516,0.8026551953800962,0.6858544649729093,-0.0005870706442231138,1.0
2017-08-16,0.0012703577656892802,5.306218989036417e-06,2.04989757768724e-06,0.0,3.2414064831812544e-06,9.662896415436609e-07,0.23083663383160108,0.9668377328937261,0.8045010731143909,0.0012587939529978315,1.0
2017-08-17,-0.012849621668931468,6.81861981469926e-06,5.162413932513239e-06,0.0,4.533460229859077e-06,4.370247890432756e-07,0.2911716213431512,0.8268201579287976,0.7533999933695273,-0.012866573187697582,1.0
2017-08-18,-0.001207703189376248,1.842188011876312e-05,1.6651156048211788e-05,0.0,1.2128703489029303e-05,4.220224415466225e-06,0.5887378180915062,0.991157836773176,0.28216013497485015,-0.0012591251534477186,1.0
2017-08-21,-0.0010709415850875567,7.573253015213165e-06,7.747967630543161e-06,0.0,5.155204657501029e-06,5.4635146937301866e-06,0.3127938746520269,0.9880330086243302,0.0701625400776589,-0.0010968815250845443,1.0
2017-08-22,0.0013748090748353866,5.682798527233345e-06,1.546698700591915e-06,0.0,4.303809798791062e-06,2.7960690387487707e-06,0.31667918438845144,0.79834303442298,0.32860343591318647,0.0013604796987700216,1.0
2017-08-23,-0.0010178440264233125,1.7413933945216832e-05,2.0438925768186753e-06,0.0,1.0213132099358343e-05,1.4135972697539293e-06,0.3993738644673054,0.8981106253441933,0.6606262840255331,-0.0010489285823144603,1.0
2017-08-24,-0.002458022749182451,3.7134920066678284e-06,2.3713289327588216e-06,0.0,3.9946579763291215e-06,8.563360028118353e-07,0.2461184527953425,0.9100229565380957,0.7661585080657074,-0.0024689585641010188,1.0
2017-08-25,0.0018327379471249016,1.5951579428512136e-05,2.4976676129604496e-05,0.0,7.716122058955747e-06,1.3514525520721002e-06,1.0178217761867039,0.16130058809531003,-0.06574344065280278,0.001782742116955757,1.0
2017-08-28,-0.00016674653826234177,3.0777357230444403e-06,2.031325657345978e-06,0.0,2.16105426063836e-06,1.960767573613755e-06,0.1415033621156518,0.2729249702491393,-0.05648398211797148,-0.0001759774214769843,1.0
2017-08-29,-0.00017877451040426067,2.238950871466356e-06,1.7610169446151204e-06,0.0,1.3851454519594356e-06,1.408853063351745e-06,0.11711134892618577,0.18493905776637512,-0.05174825687671798,-0.0001855684767356533,1.0
2017-08-30,-0.0006137087609605955,1.7530323295809897e-06,2.118179781491528e-06,0.0,1.1121351896203629e-06,1.47728048812638e-06,0.09295375963192756,0.14034953214574133,-0.1078335898594905,-0.0006201693887494147,1.0
2017-08-31,-0.0006423714412272214,9.970413345030678e-06,7.091739507789197e-07,0.0,5.303169158500113e-06,1.46248271718995e-06,0.1573349794027718,0.2683055665116788,0.022608470023767237,-0.0006598166803987211,1.0
2017-09-01,0.00042365739884773286,3.397328394441429e-06,8.660086749039022e-07,0.0,1.4387326296115597e-06,1.5531307619438252e-06,0.11115669474329581,0.37075321327913163,0.10982724527256904,0.00041640219838683215,1.0
2017-09-05,-0.0011878287578273366,1.0257360462037926e-05,8.073134867163641e-06,0.0,5.749710025242715e-06,1.8315091142559954e-06,0.316388222339197,0.2607214745410429,-0.04697205665396437,-0.001213740472296037,1.0
2017-09-06,-0.00024143281366858778,8.180618575439961e-06,8.161154675161612e-06,0.0,7.128611493470541e-06,3.2695126551660787e-06,0.4560022285997589,0.4115046595867705,-0.13777346648113067,-0.000268172711067826,1.0
2017-09-07,0.0004892852082316191,1.157346023843814e-05,6.285958069871214e-06,0.0,5.667469390453615e-06,3.7118903372184985e-06,0.29820275113403294,0.44162089830254253,-0.1819766783501652,0.00046204643019563766,1.0
2017-09-08,-0.001293729366068157,1.1808582530038148e-05,3.5103609734372643e-06,0.0,5.995597550140651e-06,1.586854184611531e-06,0.3348551268235924,0.21778604222537729,-0.04880546078935991,-0.0013166307613063847,1.0
2017-09-11,0.00011842550655025914,4.492204147547556e-06,3.6227705515132324e-06,0.0,3.5247849868124046e-06,1.3266796430681928e-06,0.2808522951967777,0.22804490772349753,0.0051627276880411715,0.00010545906722131775,1.0
2017-09-12,-0.00043488805187606353,1.0092404024635416e-05,1.3352651961036248e-05,0.0,7.118622113685444e-06,6.63268024521279e-06,0.8181832448083177,0.9340080460575851,-0.18028223513816352,-0.00047208441022063345,1.0
2017-09-13,0.000514544693350266,6.485041779628816e-06,4.100733446414412e-06,0.0,3.7663654385559427e-06,6.214750603761019e-06,0.2725172478758118,0.8929177450905623,-0.15116035634128913,0.0004939778020819058,1.0
2017-09-14,-0.0003346011603964624,1.06593809989299e-05,9.994168196042593e-06,0.0,8.919205390797618e-06,2.2955690487479225e-06,0.689926168654958,0.274214971799769,-0.11144062838988188,-0.00036646948403098046,1.0
2017-09-15,-0.0004925563064778693,4.219483791459501e-06,2.9078613027032865e-06,0.0,1.4863737971792781e-06,1.6276320641414472e-06,0.17823379395288727,0.1756390931769644,-0.0978030935987987,-0.0005027976574333529,1.0
2017-09-18,-5.595096275342526e-05,3.4339054910108445e-06,1.4380764721559638e-06,0.0,2.631542615856605e-06,1.510588861064622e-06,0.1423580769479264,0.2153383829641324,-0.038440545694724076,-6.496507619351329e-05,1.0
2017-09-19,-0.0003070035473374945,3.0934315384037642e-06,1.7042295626124455e-06,0.0,2.7260856244424963e-06,1.16867575616599e-06,0.13346374355788193,0.1971272220883138,0.0007896950524274582,-0.00031569596981911917,1.0
2017-09-20,-0.00041179471305271827,2.459343631506707e-06,4.483785611101609e-06,0.0,1.6262872640790449e-06,2.583268770149486e-06,0.21628713714797132,0.30350599284404556,-0.13048316054106804,-0.0004229473983295551,1.0
2017-09-21,0.00014338098567468684,1.8308602254134954e-06,1.8969884174598424e-06,0.0,1.7867661005760636e-06,1.4243331836837534e-06,0.2099950480369504,0.20239249973233137,-0.0368954751265392,0.0001364420377475537,1.0
2017-09-22,7.432308998456681e-05,3.2652861936819116e-06,2.822784106289741e-06,0.0,2.6190361849825144e-06,1.216487162625179e-06,0.18618235830074603,0.1657474155416106,-0.038622427779419474,6.439949633698747e-05,1.0
2017-09-25,0.00021547745855809622,3.3206153288642944e-06,3.8646349692343295e-06,0.0,1.997342924170038e-06,1.4392556626822779e-06,0.30368341465791066,0.2655326411264604,0.023737689795837763,0.0002048556096731453,1.0
2017-09-26,4.833597093808502e-05,3.685195679539415e-06,3.5026964415090766e-06,0.0,3.115332312883214e-06,1.1620299587566747e-06,0.255561426861046,0.23398145912778623,0.038760426056664826,3.6870716545396644e-05,1.0
2017-09-27,-8.414860207053853e-05,4.57542127284899e-06,2.966351080178169e-06,0.0,3.602719182400896e-06,5.516596690708645e-07,0.24311816327531033,0.18493843867376747,0.09225961426986223,-9.584475327503745e-05,1.0
2017-09-28,0.00031524308525068915,1.385840720249959e-05,8.934085459084661e-06,0.0,6.653020314428341e-06,3.017609434004673e-06,0.44170419628352386,0.35010391362951515,-0.15685447128326999,0.00028277996284067187,1.0
2017-09-29,-0.0008595799361003583,3.134239037811145e-06,1.7986888146443082e-06,0.0,1.6973565321592453e-06,3.32177365729664e-06,0.14399889802652732,0.44201257923140147,-0.11604539519443399,-0.0008695319941422697,1.0
2017-10-02,-6.960064957792053e-05,1.2684886058661075e-05,6.889053302056986e-06,0.0,6.877020401603202e-06,2.557505564667147e-06,0.2746809196799453,0.25932513864178564,-0.17033579622229506,-9.860911490490894e-05,1.0
2017-10-03,-0.00040411462540436123,4.967203626936729e-06,1.8337071177595376e-06,0.0,2.5640339210865736e-06,2.4706073099127486e-06,0.18607270421404198,0.32124518307748723,-0.0938168449878545,-0.0004159501773800568,1.0
2017-10-04,-0.0003546068234338731,3.5379042074344057e-06,2.140145243611381e-06,0.0,1.581260631190284e-06,2.2464169234814157e-06,0.12416672798872036,0.28863317493756824,-0.0887648682073096,-0.0003641125504395906,1.0
2017-10-05,-0.0009426009246107398,2.772984986932257e-06,2.045344543337974e-06,0.0,1.4779248157020927e-06,1.9322863643867898e-06,0.11421310427176992,0.2190467218175588,-0.10557738739942182,-0.0009508294653210989,1.0
2017-10-06,4.05580565654404e-05,1.5798383574272362e-06,1.1502166036265359e-06,0.0,5.320957711142931e-07,1.5469191018022443e-06,0.08362588459902305,0.1689051204511235,-0.09097728865165353,3.574898673147009e-05,0.5
2017-10-09,-6.515207635105745e-05,9.846642253831073e-07,7.271705643329136e-07,0.0,7.770464074991264e-07,1.7723397222856958e-06,0.07392266076600447,0.23445576919842892,-0.06329730414556795,-6.941329727055829e-05,0.5
2017-10-10,-0.00024612153548412863,1.862752960897004e-06,2.73189035779734e-06,0.0,1.3380672330008178e-06,1.7789148091982759e-06,0.1203959005047329,0.1582861400234004,-0.14057154792190998,-0.00025383316084502206,0.5
2017-10-11,-0.00032456100569242647,9.82509299401551e-07,7.245136121783243e-07,0.0,2.7834022062493577e-07,3.6655947108685725e-07,0.1860254394873117,0.08567629941795943,0.024094308275367425,-0.00032691292829571813,0.5
2017-10-12,-0.0003532410984261768,1.2395152754195763e-06,1.4886317932502799e-06,0.0,6.652732909351706e-07,5.927413866599309e-07,0.07772535123895173,0.09993315456872723,0.00035260160985883457,-0.00035722726017244175,0.5
2017-10-13,-0.0007227663630439305,4.29134441293703e-06,1.060848405901205e-06,0.0,1.3515488817187806e-06,6.375403549999878e-07,0.07111589226988627,0.10792751834163011,0.0008207387016321531,-0.0007301076450994875,0.5
2017-10-16,-0.0008028944879104592,1.3566103642886129e-06,7.76658033279284e-07,0.0,9.52673458542379e-07,3.299436830984896e-07,0.08077929294988097,0.08870493445191094,0.03327439569136467,-0.000806310373449668,0.5
2017-10-17,0.00015950858449810407,4.760382762963515e-06,2.974538745904023e-06,0.0,1.511322049932639e-06,4.351167400340832e-07,0.12473379492421058,0.0656482061143926,-0.007451406211333389,0.0001498272241992698,0.5
2017-10-18,0.00021073066805593838,1.7875826153200903e-06,1.2599262580034974e-06,0.0,1.3137529568168121e-06,8.138530727382782e-07,0.05504039107650428,0.10879829593246904,-0.02792902028756168,0.0002055555531530597,0.5
2017-10-19,-0.0005702364564718532,1.7475201062965633e-06,1.825650710348687e-06,0.0,9.424239759824999e-07,1.077007719588786e-06,0.0968059615603042,0.12165235214378059,-0.0592849447471354,-0.0005758290589840697,0.5
2017-10-20,-0.0005277487313769234,2.1054471006350777e-06,1.279862044315684e-06,0.0,1.5109753362531016e-06,7.653765745294159e-07,0.09306555780009357,0.07780624899768353,-0.050777015523258334,-0.0005334103924326567,0.5
2017-10-23,0.0004577547128950387,1.6332994333668208e-06,1.3050600201460164e-06,0.0,8.229317282439802e-07,1.0051765118106975e-06,0.07900291584261687,0.11428042889140055,-0.054589225092796616,0.00045298824520147114,0.5
2017-10-24,-0.00034385005734800686,2.4860162911072915e-06,1.3659317338687483e-06,0.0,1.2221453728471036e-06,7.234659277538955e-07,0.15721502658887287,0.14574416292381015,0.024201887061155725,-0.0003496476166735839,0.5
2017-10-25,0.0003856434464611942,2.917234790480615e-06,2.545092790156379e-06,0.0,1.2758466020281685e-06,8.252538465933352e-07,0.12953477106667066,0.12337362439317398,-0.015269021834506312,0.0003780800184319357,0.5
2017-10-26,-0.0002814595392030236,2.1401028035430686e-06,1.173734603196701e-06,0.0,8.767635251339972e-07,6.004075440203731e-07,0.16922874860637885,0.19719147177227267,0.09632300437684999,-0.0002862505476789177,0.5
2017-10-27,0.0006315686490870402,4.769952504878303e-06,9.296130472585203e-06,0.0,1.5506054148650495e-06,3.0578383048582856e-06,0.3872538457217319,0.28849954310861636,-0.22521729210757557,0.0006128941223898534,0.5
2017-10-30,0.0007477281239248807,5.94066514909766e-06,1.5299972917098602e-06,0.0,2.0579038408648306e-06,2.3124634543370536e-06,0.2175375795130738,0.3129045687206159,-0.07558929160800902,0.0007358870941888713,0.5
2017-10-31,-3.877344365309604e-05,1.5893022525962285e-06,9.99396958812085e-07,0.0,6.409175340224138e-07,2.387925403404548e-06,0.08239182505280483,0.34616632966670857,-0.05500513810525549,-4.439098580193132e-05,0.5
2017-11-01,0.0002406008490971461,4.0611589774603615e-06,3.7865203445747946e-06,0.0,1.6881269785480204e-06,1.0582834966954979e-06,0.2741332086356097,0.1583716670132514,-0.01941996043159229,0.00023000675929986744,0.5
2017-11-02,0.0003785242056670722,1.6453189165145483e-06,1.7672337686991794e-06,0.0,9.035957094899246e-07,9.970691305554709e-07,0.0941964604156951,0.11867670580350921,-0.04883090812980985,0.0003732109881418131,0.5
2017-11-03,-0.00013492599980360103,1.4617762028482887e-06,6.424542347721207e-07,0.0,4.2536514946825594e-07,9.369556618407613e-07,0.05204916685337779,0.1212083392910606,-0.03620021189818732,-0.00013839255105253047,0.5
2017-11-06,-9.23543241417435e-05,1.723344435138669e-06,1.6295791545104458e-06,0.0,6.168442296320105e-07,1.098709320081222e-06,0.08704668335791149,0.12475776427547867,-0.05982540149816659,-9.742280128110586e-05,0.5
2017-11-07,0.0001893470318217781,1.112799764565389e-06,9.391426381263639e-07,0.0,5.825385319674902e-07,1.0967142752874305e-06,0.06905727791510152,0.1337449761446498,-0.05050302210363853,0.0001856158366118314,0.5
2017-11-08,-0.00013498470829595435,1.4243130532404357e-06,1.0569552868276353e-06,0.0,1.0328730884003653e-06,1.2061487090848504e-06,0.08411749082464123,0.1695841052391267,-0.03304887788712817,-0.00013970499843350763,0.5
2017-11-09,9.300554142718857e-05,2.5042088734713747e-06,2.4632496905976372e-06,0.0,1.5971226145925849e-06,1.360540825266926e-06,0.1229144117471732,0.14466666650070936,-0.0839041921441342,8.508041942326004e-05,0.5
2017-11-10,-2.9874893352584835e-05,1.608019835108431e-06,1.5450948896351356e-06,0.0,6.693753007385634e-07,6.630392539308374e-07,0.19961195094595408,0.14506948629417848,0.033678891633797836,-3.43604226319978e-05,0.5
2017-11-13,0.00013653270636227295,2.810907677341054e-06,2.304819064077002e-06,0.0,1.1992945174893807e-06,1.2094310788364746e-06,0.12428381443754805,0.20547187591584787,0.0022874546713201466,0.00012900825402452904,0.5
2017-11-14,-0.00045326798826066426,3.5044171700656955e-06,1.6685202609703821e-06,0.0,1.4556949317439808e-06,5.266589183579749e-07,0.141097888148144,0.14190363745926332,0.053424939175123545,-0.0004604232795418023,0.5
2017-11-15,-0.0002776877838163656,2.0062700273587227e-06,7.739859911657897e-07,0.0,7.92716595374283e-07,3.9995870148663513e-07,0.11089419321440591,0.19406320885246647,0.12687014700271176,-0.000281660715131751,0.5
2017-11-16,0.0009197275509551456,2.059145598218732e-06,1.733777006231434e-06,0.0,2.1903704707670807e-06,6.726019086887712e-07,0.16620247015388082,0.3072281600976633,0.19423103943794973,0.0009130716559712396,0.5
2017-11-17,-0.0014371352754193835,7.148429376511242e-06,3.5468251079630877e-06,0.0,6.931051860731476e-06,1.0644191867920193e-06,0.3644555055813439,0.5514181522255879,0.37259572884452874,-0.0014558260009513812,0.5
2017-11-20,0.0006296520650345694,8.327830622480273e-06,1.542879624440511e-05,0.0,5.2938834990297705e-06,4.287060919074978e-06,0.7322010066360811,0.6248238733433966,-0.09540236106119984,0.0005963144937495792,0.5
2017-11-21,-0.0015056126710357763,5.298022968046164e-06,5.730464710145796e-06,0.0,6.158346875611185e-06,4.073732241385476e-06,0.346112531976861,0.5299440654355474,-0.15444295111721262,-0.001526873237830965,0.5
2017-11-22,-0.0001257854644614216,5.623030193331153e-06,2.330511834513876e-06,0.0,4.014971400243513e-06,3.7548563939721392e-06,0.2579271026580539,0.5986154288915791,-0.03220044529574019,-0.0001415088342834823,0.5
2017-11-27,-0.0002591650330962508,1.8518527779816336e-06,2.465268945572224e-06,0.0,1.4077872987938393e-06,3.4535210415181233e-06,0.12581309114756262,0.5036852908245989,-0.0765062441504459,-0.0002683434631601166,0.5
2017-11-28,0.000997543995795022,5.054988166215215e-06,5.171388752705875e-06,0.0,3.1226827348619365e-06,3.1019333015737783e-06,0.2626682299278006,0.3651250084727023,-0.15599978619169244,0.0009810930028396653,0.5
2017-11-29,0.0007389301214501078,6.356373294263811e-06,2.73203639476933e-06,0.0,2.8188494628063115e-06,3.6827606180246967e-06,0.23037263029470725,0.5148050151528583,-0.10389876867529088,0.0007233401016802437,0.5
2017-11-30,-0.001238224582902534,4.370017570221913e-06,3.142692046697085e-06,0.0,1.663994260038642e-06,3.858532620613445e-06,0.21292828332908276,0.5657956106339237,-0.08243786962913502,-0.001251259819400105,0.5
2017-12-01,-0.00025721521236822493,3.5337888784215874e-06,4.147699937410395e-06,0.0,3.0583770318441886e-06,3.7029645779964365e-06,0.24107095131652695,0.492990512999071,-0.12910753610433037,-0.00027165804279389753,0.5
2017-12-04,-0.0015717124437374006,6.151035827993916e-06,4.010821146507724e-06,0.0,4.729281009750867e-06,4.009350197628772e-06,0.37687943724757056,0.6636562888879365,-0.00991454431369719,-0.001590612931919282,0.5
2017-12-05,0.0008126115658279166,9.74580526246638e-06,8.144675183536417e-06,0.0,7.671879994450207e-06,1.4668643977398725e-06,0.6520851129335858,0.4126107299779973,0.1661775111576987,0.0007855823409897237,0.5
2017-12-06,0.00110718293211834,9.235650604345804e-06,7.669000736060837e-06,0.0,9.35051292098933e-06,3.536998910028277e-06,0.47820748262079776,0.7155479285334749,0.1213321116487244,0.0010773907689469156,0.5
2017-12-07,0.0013617945032076751,1.1956581533781954e-05,1.3528836880581388e-05,0.0,1.3313644769213714e-05,2.383948387998244e-06,0.6930644137769113,0.2779928733115191,-0.1225104558721859,0.0013206114916360999,0.5
2017-12-08,-0.00026900283267524853,5.145182207021417e-06,5.216717042786794e-06,0.0,4.22298160133317e-06,2.4612823184383587e-06,0.31877197935498114,0.24128559755555598,-0.17220983194208822,-0.00028604899584482827,0.5
2017-12-11,-0.0004011212187120591,2.5356305302117814e-06,2.0961453646933337e-06,0.0,1.4418871819586946e-06,2.6984926600523663e-06,0.10887002864588191,0.2532187595511757,-0.20012800733762187,-0.0004098933744489753,0.5
2017-12-12,-0.00022734057809431244,2.129567911458266e-06,9.663930770480792e-07,0.0,1.8330324689590049e-06,2.290971369126919e-06,0.13408113124380358,0.2700496208754659,-0.11483356913785651,-0.00023456054292090472,0.5
2017-12-13,-0.00011051255387241924,9.967916090640915e-06,1.6042297442858371e-06,0.0,5.2070602900262346e-06,1.6144669916741173e-06,0.15642538551651233,0.21601408236218506,-0.0552163722390667,-0.00012890622698904635,0.5
2017-12-14,-0.00017494148973882452,3.958651575506415e-06,1.9595555535913297e-06,0.0,4.57056969987161e-06,2.261809368359169e-07,0.29012912987050155,0.17477773340010616,0.1367793360116721,-0.0001856564475046298,0.5
2017-12-15,0.00010171536725444823,8.178606164271067e-06,4.735495659556865e-06,0.0,4.907881256003419e-06,5.420862363178429e-07,0.2862041812529681,0.24623643910988757,0.15516595140849,8.335129793829904e-05,0.5
2017-12-18,0.0020225223311478076,5.1406472129604305e-06,8.798280081239972e-06,0.0,1.9461234645739253e-06,3.4370366645323944e-06,0.4025957231633931,0.47542736759964344,-0.10199479204179886,0.0020032002437245008,0.5
2017-12-19,0.00037010703797454197,4.628846313246613e-06,2.5515254083082847e-06,0.0,2.1547800046223744e-06,3.4087867243883112e-06,0.19500070986116436,0.532863862071864,-0.03981230762537227,0.0003573630995239764,0.5
2017-12-20,-0.00018898002708599883,6.7935717382602985e-06,4.711719686939018e-06,0.0,3.871130201987228e-06,3.0593827553241008e-06,0.28782726860832564,0.4869725391582075,-0.027003763736241485,-0.0002074158314685095,0.5
2017-12-21,-0.0005091360871163587,3.927429832650606e-06,3.6810696660356204e-06,0.0,2.789048005831418e-06,1.7121911369769144e-06,0.2974110193034945,0.3175218249957723,0.029873713983650685,-0.0005212458257578533,0.5
2017-12-22,0.00040701203368948853,3.0236571540868075e-06,3.6612081693561452e-06,0.0,3.0170419089805457e-06,2.0603241636810933e-06,0.1946302977437856,0.3129725293318458,-0.03316193016657789,0.00039524980229338393,0.5
2017-12-26,-3.72553503203337e-05,2.6956832919177885e-06,2.472390620345015e-06,0.0,1.9140694654230096e-06,1.3491807673201204e-06,0.16154762953372032,0.19521267468477765,-0.03144969422500256,-4.568667446533963e-05,0.5
2017-12-27,0.0005536743951327676,1.5896167661957102e-06,2.459535755335649e-06,0.0,1.6801366222062062e-06,6.759711190547909e-08,0.19009632029292364,0.005678157400060245,-0.005678157400060245,0.0005478775088771246,0.5
2017-12-28,0.0,0.0,0.0,0.0,0.0,6.759711190547909e-08,0.0,0.005678157400060245,-0.005678157400060245,-6.759711190547909e-08,0.5
2017-12-29,0.0,0.0,0.0,0.0,0.0,6.759711190547909e-08,0.0,0.005678157400060245,-0.005678157400060245,-6.759711190547909e-08,0.5
2018-01-02,0.0,2.291699059714821e-06,5.8311889958723814e-06,0.0,1.3294803840842094e-06,2.852011339941289e-06,0.297988017828495,0.30366617522855527,-0.1754717298815815,-1.23043797796127e-05,0.5
2018-01-03,-0.001630658851682082,2.8809662258903094e-06,2.0958223016788937e-06,0.0,1.6852771267049275e-06,3.1562393609685436e-06,0.1752150716767421,0.4053585202423036,-0.12488969240041167,-0.0016404771566973246,0.5
2018-01-04,-0.00027574544616381735,2.592971092698127e-06,1.5187879139419604e-06,0.0,1.8030912681061034e-06,3.306141863980253e-06,0.14536824322290098,0.4843892401987743,-0.07104259294990803,-0.0002849664383025438,0.5
2018-01-05,-0.00041617619358764926,1.9192603348689058e-06,3.3292602298432472e-06,0.0,1.1389453348488678e-06,3.3667993157474298e-06,0.15207436106113967,0.39410218152243015,-0.17152010352313796,-0.0004259304588029577,0.5
2018-01-08,-0.000306443273458057,3.091518467803617e-06,2.7657737951281326e-06,0.0,1.8847083971011938e-06,2.502273636814797e-06,0.1857082356174168,0.2550639553092018,-0.16531801567568402,-0.0003166875477549047,0.5
2018-01-09,0.0002962494542781065,6.971094320803571e-06,1.3840343478645881e-06,0.0,3.831877851854642e-06,2.2486326972562566e-06,0.19490427070237581,0.34300972637315597,-0.034760566765895146,0.00028181381506032745,0.5
2018-01-10,0.0005982384012358709,4.2109808934435836e-06,3.2135671319312385e-06,0.0,2.6793279207539427e-06,2.205714360373583e-06,0.14573404827615194,0.2716186845801112,-0.09894132796265073,0.0005859288109293686,0.5
2018-01-11,-0.0013366057103880741,3.0539926165218127e-06,4.35540128076263e-06,0.0,2.5765841714581147e-06,3.426576465640718e-06,0.17265914473707902,0.3345641753386692,-0.24110067088897136,-0.0013500182649224574,0.5
2018-01-12,-0.0012773978317651051,3.6705684882451768e-06,1.3681458816755786e-06,0.0,2.619417703179178e-06,2.7224246362074824e-06,0.2128585310704939,0.3661451333377248,-0.09122220554513231,-0.0012877783884744126,0.5
2018-01-16,0.0004473305154712116,7.303087797033099e-06,4.127917602969257e-06,0.0,4.144132168822029e-06,3.292586225088636e-06,0.3272247773055612,0.5082502543126305,-0.0449042315022604,0.00042846279167729854,0.5
2018-01-17,0.0006266104681998042,5.716383689057986e-06,5.080971994495853e-06,0.0,4.670585035634626e-06,3.253598152108548e-06,0.31713313125616543,0.47807319991121927,-0.06853128964301675,0.0006078889293285072,0.5
2018-01-18,-4.14581769832781e-05,6.686414813716571e-06,2.8940613172563987e-06,0.0,2.501030274876462e-06,2.9419626027464787e-06,0.11930212098994042,0.42776622475168036,-0.06648349250972803,-5.648164599187401e-05,0.5
2018-01-19,0.0008621121247705461,3.280740947941821e-06,2.823144559253287e-06,0.0,2.8540361143752246e-06,3.2384697757942947e-06,0.16374204378401186,0.4589317200434809,-0.08513120228996056,0.0008499157333731814,0.5
2018-01-22,-0.0008314883777326627,4.067766147651802e-06,4.860823236711568e-06,0.0,2.5473664469018546e-06,2.5794866873156436e-06,0.27378345273374605,0.28858150076358435,-0.14477226270544383,-0.0008455438202512435,0.5
2018-01-23,-0.0004325270876791938,2.876597746960452e-06,1.1429550786003594e-06,0.0,1.8874365954853287e-06,2.435329748025393e-06,0.1413125973338884,0.34324543149285913,-0.06588996617540681,-0.00044086940684826535,0.5
2018-01-24,0.0003363080958263815,2.544891614825087e-06,2.371176066743086e-06,0.0,1.623183167255464e-06,1.6685195712711733e-06,0.17680838810934732,0.24335569751856928,-0.036955590454987815,0.00032810032540628667,0.5
2018-01-25,0.0002576756021286079,2.3198559044058975e-06,2.7573483604453326e-06,0.0,1.296169406839446e-06,1.8897775557194712e-06,0.11894911764960531,0.20668928036315387,-0.11079334899771721,0.00024941245090119774,0.5
2018-01-26,-0.0017297455565986317,2.4937275971326343e-06,4.768523620458976e-06,0.0,1.5733521965432751e-06,3.4861046040062453e-06,0.24951688833742608,0.3522584580588948,-0.23340711541415432,-0.0017420672646167729,0.5
2018-01-29,0.0015884833775143955,8.44696700411206e-06,2.0725229231132457e-06,0.0,4.3099731734923136e-06,3.2535425519473485e-06,0.2728436764976359,0.4986961191224103,-0.04789902960474429,0.0015704003718617307,0.5
2018-01-30,0.0017538050512634254,1.0054355532733578e-05,8.33513408619082e-06,0.0,5.150357593754011e-06,1.118522386592808e-06,0.8454825828396291,0.5380006391865808,0.3500888782389891,0.0017291466816641541,0.5
2018-01-31,0.0006323171579005352,7.785957078721303e-06,9.823096531449625e-06,0.0,5.13991912482515e-06,2.6130059375354502e-06,0.44076260049843186,0.5297278893050139,0.09074289179905834,0.0006069551792280036,0.5
2018-02-01,-0.00038532199612802245,3.721711456752447e-06,3.88099603996733e-06,0.0,2.3105189265884808e-06,3.150937004939404e-06,0.2024856767126006,0.5495743031799578,0.02021688635013802,-0.00039838615955627014,0.5
2018-02-02,-0.0019107388129657042,4.523900813097975e-06,1.9636352834188793e-06,0.0,2.5670817892577194e-06,1.5475515893477615e-06,0.26449705756947434,0.4369484002183554,0.17695973320793146,-0.0019213409824408265,0.5
2018-02-05,-0.008123139727616214,3.389288709767414e-06,3.5727625332344814e-06,0.0,1.4822829178345506e-06,2.1503112989897585e-06,0.21276880079825022,0.49654117619023463,0.13528887795995528,-0.008133734373076039,0.5
2018-02-06,0.0039590901500311535,2.5864179521618327e-06,4.177865067175617e-06,0.0,9.488701030919534e-07,2.1647329427545772e-06,0.23295367717628768,0.4224749899487916,0.05879985556602256,0.003949212263965969,0.5
2018-02-07,-0.00033314690928290124,5.642426005982138e-06,2.1444974267892206e-06,0.0,2.2374292665642345e-06,1.1930262856415076e-06,0.2968066813674737,0.4451396152952465,0.24471119930747315,-0.0003443642882678783,0.5
2018-02-08,-0.009176564659672613,4.947376458580985e-06,6.136127762410247e-06,0.0,1.8627688027389508e-06,5.55531642340413e-07,0.35093117172266675,0.24093608350875417,0.1476067675955648,-0.009190066464338684,0.5
2018-02-09,0.001656350224182153,4.452940092839381e-06,5.241505472976654e-06,0.0,1.6227153632791326e-06,1.7044138112492834e-06,0.19060464413001119,0.26584363420047685,-0.020497886089402804,0.0016433286494418086,0.5
2018-02-12,0.00030471183390631503,5.632507306192129e-06,1.3550310252697941e-06,0.0,1.999787441937333e-06,7.635606012523476e-07,0.2382000483142278,0.28916253205109177,0.16088435104069737,0.0002949609475316634,0.5
2018-02-13,0.00022348540531627665,2.847681839011554e-06,3.0490349690176196e-06,0.0,9.884319009257863e-07,6.553054857129405e-07,0.14694078834053265,0.20651970658842972,0.09642838498865572,0.00021594495112160875,0.5
2018-02-14,0.0013681714457184774,2.657089109930662e-06,5.757720721288255e-06,0.0,4.660224203901692e-07,2.4248506928497614e-06,0.2582805992111751,0.30005858572243693,-0.10731633067632293,0.0013568657627740185,0.5
2018-02-15,-0.0013813896172458733,1.5942347517749287e-06,1.5209352650865787e-06,0.0,5.546269784165182e-07,1.8484417036785974e-06,0.12426574361139492,0.23117361956662563,-0.07936458665137874,-0.00138690785594483,0.5
2018-02-16,-1.1957232661122197e-05,9.090935347723661e-07,2.2830058045014188e-07,0.0,3.0122024991991685e-07,1.7243941345858443e-06,0.046490430550315764,0.24930053409758732,-0.040397680512834516,-1.5120241160850466e-05,0.5
2018-02-20,0.0003925012235682356,2.9091832191343613e-06,2.6821822243882734e-06,0.0,8.241778235700287e-07,1.091220222473265e-06,0.16558275033278802,0.14513325278750255,-0.03819174458800598,0.00038499446007866965,0.5
2018-02-21,-6.565972419726203e-05,2.0822149282150156e-06,1.6322907571627845e-06,0.0,6.530404558302552e-07,4.0974468473236656e-07,0.18327540460490033,0.12457374965625065,0.055736642621213056,-7.043701502320245e-05,0.5
2018-02-22,0.00019425514863469185,1.0558828077399586e-06,5.888110004110817e-07,0.0,1.9593930857454115e-07,4.0156797159534586e-07,0.02919743255086399,0.11330446164628073,0.045841042418262624,0.00019201294754637093,0.5
2018-02-23,0.0007806471464093458,9.261718094986249e-07,3.889822625072905e-06,0.0,1.613426280991966e-07,1.4514793442994889e-06,0.170259210290157,0.14405064496580722,-0.09979788487650694,0.0007742183300023756,0.5
2018-02-26,-0.0012447118580453285,1.2464870554026073e-06,6.690241515749231e-07,0.0,4.306902186552808e-07,1.4059129607421848e-06,0.07207227839914482,0.16741387879911857,-0.06877949860556848,-0.0012484639724317035,0.5
2018-02-27,0.0009640784210281327,1.3150341906608835e-06,6.205772806197145e-07,0.0,5.2085578734792e-07,1.4708493542826746e-06,0.08848744568473671,0.232527797185415,-0.014574894334074294,0.0009601511044152215,0.5
2018-02-28,-0.0001300815975869247,2.683726055672334e-06,1.8025536963833202e-06,0.0,6.823119134773037e-07,1.3607802387084557e-07,0.23652527968165604,0.14787434809368932,0.12501324008338724,-0.00013538626727632852,0.5
2018-03-01,-0.0016077215116701632,2.2975735832542935e-06,3.3017438490697267e-06,0.0,9.043712913289141e-07,7.533503973023897e-07,0.12288238009071148,0.13627794244695246,0.009715075700150982,-0.0016149785507911184,0.5
2018-03-02,-5.7907334649664763e-05,2.2336065927508975e-06,1.2462582975372987e-06,0.0,5.281276126631594e-07,7.579348481908332e-07,0.09055094434132617,0.16941440245223527,0.04208134795617527,-6.267326200080696e-05,0.5
2018-03-05,0.0007782071594319529,1.717826490353118e-06,7.489070550465698e-07,0.0,6.165782353608073e-07,6.256264029599421e-07,0.08744851770028689,0.19585019526541536,0.0907449595681451,0.0007744982212482325,0.5
2018-03-06,0.0002081748294856058,2.061727163127207e-06,1.4249117120588078e-06,0.0,5.831578509516777e-07,4.6193622932935743e-07,0.08412763402282054,0.15823487849098344,0.0806295919636514,0.00020364309653013874,0.5
2018-03-07,-9.048963711013541e-05,1.5025304728751659e-06,4.2086303201334e-06,0.0,4.916963315792404e-07,1.1600926780605381e-06,0.22171920224293648,0.16026440160225744,-0.034631168311912944,-9.785258691278375e-05,0.5
2018-03-08,-0.00032963397010675585,1.6144286456507172e-06,2.205261257573483e-06,0.0,5.781358265720395e-07,1.3337738169441732e-06,0.09001788301451143,0.11982349159760979,-0.10425050964901127,-0.00033536556965349626,0.5
2018-03-09,-0.001854286906701098,7.904189792215406e-07,7.031052826940101e-07,0.0,3.0455460057333407e-07,1.3559752793517777e-06,0.06060534339705105,0.1346864782503436,-0.09311736868075507,-0.0018574409608429388,0.5
2018-03-12,0.00023840980052067552,1.3156969801769295e-06,5.083576257724558e-07,0.0,4.7025656435304784e-07,1.4012602511588942e-06,0.07629141136645592,0.19262613942073353,-0.042785582773960745,0.0002347142290992142,0.5
2018-03-13,0.0002411703298446513,6.512534277768129e-07,7.049922141464992e-07,0.0,2.2687204796995586e-07,1.3199446221724251e-06,0.0456198522421332,0.17769805305063713,-0.044052643474330286,0.0002382672675325856,0.5
2018-03-14,-0.00019708391059705275,1.5866997796075612e-06,1.9508792877642945e-06,0.0,5.799406391103939e-07,1.2900076735311628e-06,0.09302351050183005,0.12724219492893984,-0.08947909422429548,-0.00020249143797706616,0.5
2018-03-15,9.070514667128569e-05,2.761119550119819e-06,1.794312401488002e-06,0.0,6.255985600759084e-07,5.123995220765928e-07,0.18865670863629558,0.10748354260304771,0.021400422894180118,8.501171663752537e-05,0.5
2018-03-16,2.9520330845436705e-05,7.297459902978003e-07,5.446582791576207e-07,0.0,2.7285140606801635e-07,2.574694997052489e-07,0.05366848482672226,0.08161766135444629,0.03836278540396447,2.771560567020802e-05,0.5
2018-03-19,-0.0006602901526427425,1.2681929074909843e-06,1.5734671985993168e-06,0.0,3.857951570347671e-07,7.611408206243941e-07,0.06347844472994986,0.11580412223299386,-0.01206753563190437,-0.000664278748726492,0.5
2018-03-20,-0.0001388105379376928,9.777691594686343e-07,1.0492423227965894e-06,0.0,2.9786657202697166e-07,1.0828372156394167e-06,0.05217357183877604,0.14978760977052097,-0.03212904245690103,-0.0001422182532076244,0.5
2018-03-21,0.00010647595108193112,1.0786195750449382e-06,7.562598136825662e-07,0.0,1.872267381665827e-07,1.1095524087010266e-06,0.09998523362816114,0.2151649707180141,0.028760166056241633,0.00010334429254633601,0.5
2018-03-22,-0.0010039890070008275,8.335256045100112e-07,3.1648330246048475e-07,0.0,2.5262261546333386e-07,7.554550029898617e-07,0.06418978223147162,0.2069309549423195,0.08001451444002272,-0.0010061470935262512,0.5
2018-03-23,-0.0019820136286840817,6.343531230011601e-07,6.842197403308369e-07,0.0,1.662647116843366e-07,9.431995966276521e-07,0.05725496078360844,0.24869986505768452,0.09024233282423898,-0.0019844416658557256,0.5
2018-03-26,0.0028288664285226737,9.748514259683385e-07,1.507521222116853e-06,0.0,2.539349774228982e-07,1.1280070511888838e-06,0.06797478346248702,0.23846080889206295,0.04895562429233046,0.0028250021138459766,0.5
2018-03-27,-0.00121631591926898,1.7029302359663747e-06,1.898148465237532e-06,0.0,4.188280755920294e-07,1.3250883941595307e-06,0.10087182198610437,0.23076758788740853,0.008152737668607399,-0.0012216609144399355,0.5
2018-03-28,2.8706389783654984e-05,1.384754378564443e-06,4.0364375096258707e-07,0.0,4.244429002574184e-07,7.600717169691367e-07,0.06928409571882967,0.18686787153853185,0.05917582308771688,2.57334770369014e-05,0.5
2018-03-29,0.0009597997433899653,1.0706866191393647e-06,6.056189367400956e-07,0.0,2.966436883115453e-07,6.107657098774717e-07,0.054661708782080765,0.18264744339200334,0.0800388041325881,0.0009572160284358967,0.5
2018-04-02,-0.0020137245949311527,1.8536211265088638e-06,3.7424347357834096e-06,0.0,4.5235531057594047e-07,8.737403413359092e-07,0.17486163184303488,0.11050853846672047,-0.03627983887771228,-0.002020646746445357,0.5
2018-04-03,-0.0003365259260176591,1.178126296193723e-06,5.7565916639075e-07,0.0,2.872560760774533e-07,6.983155374737579e-07,0.057084622938246066,0.10488728427316237,-0.012429726022428979,-0.00033926528309379477,0.5
2018-04-04,-6.427994455873338e-05,7.42972444220267e-07,4.3641711596358e-07,0.0,1.87262434229966e-07,7.278104153796328e-07,0.029739742601307392,0.11065527892724764,-0.011616870856530672,-6.637440696852683e-05,0.5
2018-04-05,-1.1974754314222166e-05,1.6462511840106736e-06,9.944330518836634e-07,0.0,4.970283456580544e-07,2.8816191741390686e-07,0.08508052767686208,0.062344828088586796,0.01393362596305045,-1.5400628813188465e-05,0.5
2018-04-06,-0.00041055294862997466,1.1300321777728504e-06,4.907206656015527e-07,0.0,2.1150717595686738e-07,2.770563752785864e-07,0.028786155167758114,0.055624404908790684,0.009078933861988178,-0.0004126622650245845,0.5
2018-04-09,3.4148746512086236e-05,1.8640049875642087e-06,1.2297092606170406e-06,0.0,4.323444238165617e-07,4.872627978702988e-07,0.12187348115592113,0.14398917182645413,0.06212902178424394,3.0135425042218126e-05,0.5
2018-04-10,0.0013374551217628981,7.21594603000355e-07,6.60409706714606e-07,0.0,1.806006565058983e-07,3.861456083393329e-07,0.04238024932572104,0.12553574386178076,0.060663281660772846,0.0013355063711883379,0.5
2018-04-11,-0.0004791474485414026,7.919669296080224e-07,4.850666919258662e-07,0.0,1.9120956884210467e-07,2.43985161166522e-07,0.04366770422333127,0.11647489269320244,0.07548538561722674,-0.0004808596768929451,0.5
2018-04-12,0.0006317299497141039,1.1329448971608392e-06,8.336125027983461e-07,0.0,3.638256769617655e-07,2.5427682831147827e-07,0.06393064519853768,0.13023291566358147,0.08751440850725314,0.0006291452898088716,0.5
2018-04-13,-0.00017574625506984584,1.304361997854209e-06,3.2379287393069644e-06,0.0,2.487951260326459e-07,6.084273454073836e-07,0.14562204313327168,0.07983635276654691,-0.022379441261893555,-0.00018114576827844703,0.5
2018-04-16,-0.00010388003962804359,3.3999856674965747e-07,3.2948565349656256e-07,0.0,1.0460635337604785e-07,6.476863793960295e-07,0.02163643228689153,0.08537778044099842,-0.023433531297534522,-0.00010530181658106188,0.5
2018-04-17,-0.0002549261791773233,4.540563051933951e-07,3.602377722188589e-07,0.0,1.2382487406263613e-07,6.286329755034247e-07,0.02969361775180669,0.08753327033689023,-0.018077069547685096,-0.0002564929311043016,0.5
2018-04-18,5.3369070505537284e-05,4.845039068423096e-07,3.1176527285277895e-07,0.0,1.443239130649866e-07,7.034499513894679e-07,0.024408638384693003,0.1047072344060285,-0.013472357427402088,5.172502746138774e-05,0.5
2018-04-19,-3.296714175182349e-05,8.968989305212269e-07,7.406628305139247e-07,0.0,1.682754940105703e-07,7.35922305802534e-07,0.03286437537335452,0.09621881386386677,-0.027416133510958923,-3.550890131267175e-05,0.5
2018-04-20,0.0001826339501481774,7.211647409974417e-07,8.654188061812236e-07,0.0,2.1408823164722004e-07,7.917451585719674e-07,0.03807848479244967,0.0836030162499597,-0.049410170390130806,0.00018004153321077955,0.5
2018-04-23,7.937677446490739e-06,1.041479548020119e-06,1.0760114921958377e-06,0.0,2.428937134884715e-07,4.0506374193953865e-07,0.13514859282096883,0.09446261831443221,0.026411909668589712,5.172228950846772e-06,0.5
2018-04-24,-0.0004334972616425218,1.3722935328665588e-06,1.3211737564195427e-06,0.0,2.700614392163816e-07,7.986064793994694e-07,0.047165343980338156,0.12188627373062301,-0.01227961480848785,-0.00043725939685042373,0.5
2018-04-25,2.164760181018015e-05,6.514497659909019e-07,3.7117668061100107e-07,0.0,1.4163025743127454e-07,6.616048695505292e-07,0.04530089914594538,0.12424430685828487,0.013094688773795965,1.9821740236596444e-05,0.5
2018-04-26,0.0004373636743175047,4.1504247273514663e-07,6.837601179114388e-07,0.0,6.941423778160099e-08,6.320791990463323e-07,0.03622298154164637,0.10231761878425633,-0.003871686655527482,0.0004355633782900302,0.5
2018-04-27,-3.947301518605648e-05,1.2244910538256269e-06,3.31312730047107e-07,0.0,2.5478745032668847e-07,2.743225267135438e-07,0.047098429476462256,0.07226910464987658,0.026182920162001223,-4.1557928946969446e-05,0.5
2018-04-30,-0.00018135193984069513,9.637016720166039e-07,2.1802256391972285e-06,0.0,2.2329269974740917e-07,6.294960795453355e-07,0.124948389506621,0.08427683237472951,-0.02147850898888684,-0.00018534865593120172,0.5
2018-05-01,-0.0001359238413556313,7.248952479626963e-07,9.530355268391954e-07,0.0,1.6342540680512823e-07,6.585807935828978e-07,0.038978527493193714,0.060439742578838065,-0.05020183074308878,-0.00013842377833082122,0.5
2018-05-02,0.00023653008354248333,2.350702293879366e-07,2.145752008539862e-07,0.0,5.827599646743328e-08,7.022609993408771e-07,0.011841228835202115,0.06485306343945817,-0.05312678444980919,0.0002353199011164331,0.5
2018-05-03,-5.107995612786635e-05,5.297284408526532e-07,5.480777668950161e-07,0.0,7.58227726529074e-08,2.522122373697448e-07,0.10293062319755718,0.06915799574264157,0.026786339864524444,-5.248579734563667e-05,0.5
2018-05-04,0.0004875027964702802,3.810550209521317e-07,1.7170118984337933e-07,0.0,1.4529093952023265e-07,2.0351909725835838e-07,0.021613605487830027,0.07362355603911498,0.039432347699710775,0.0004866012302227061,0.5
2018-05-07,0.0002460149676781276,5.024069196095052e-07,4.315159992794773e-07,0.0,1.7227714160034623e-07,2.660407572873567e-07,0.03471972251866565,0.09187355382178933,0.04717870659751342,0.0002446427268603509,0.5
2018-05-08,3.0266462874344537e-05,9.91695081667886e-07,1.7507476229007608e-07,0.0,1.85476727326038e-07,2.181702667293586e-07,0.022459516287389437,0.09681960031614678,0.06016699550561455,2.8696046036331178e-05,0.5
2018-05-09,0.0006537470913059403,1.6613197079458568e-06,3.0932727192367397e-06,0.0,3.1848784026064457e-07,6.172889179629698e-07,0.1310225680566439,0.0617893044839253,-0.041915233733853634,0.0006480567221205341,0.5
2018-05-10,-0.00029459170262184186,3.739867782776718e-07,2.533175567383056e-07,0.0,9.569999929915365e-08,6.532838512733794e-07,0.016849018620315143,0.06849639611453641,-0.041255290899391325,-0.00029596799080743036,0.5
2018-05-11,-0.00010513528656225116,3.881987808370145e-07,5.781695662001593e-07,0.0,1.3356413504186545e-07,8.356028177888137e-07,0.035575693319038836,0.09214150533823239,-0.0482397680502883,-0.00010707082186211901,0.5
2018-05-14,3.684064725966495e-05,7.891247081483858e-07,3.9017014287601047e-07,0.0,1.0923812791227299e-07,6.843524031653672e-07,0.03542701968347248,0.07789445010476037,-0.03707675362702133,3.486776187756291e-05,0.5
2018-05-15,0.00032564240996021325,9.06373233349032e-07,9.736178351567478e-07,0.0,2.535746185928713e-07,8.71094808226512e-07,0.039523110678842024,0.0831940424130693,-0.06314988536898472,0.00032263774946488807,0.5
2018-05-16,-0.0001243764165372894,6.215019471476827e-07,6.653212840905827e-07,0.0,1.4893070864309587e-07,4.284022156509221e-07,0.1134556443324993,0.09214681267782757,0.020175240448472662,-0.0001262405726928217,0.5
2018-05-17,8.955397704377451e-06,6.622617330856177e-07,5.989963008169264e-07,0.0,1.7713386073503362e-07,5.456716787049093e-07,0.03457610574203301,0.10312031613476227,0.011447474112337505,6.9713341310349646e-06,0.5
2018-05-18,-0.0001319079223390143,6.92708738665345e-07,3.2746275452004094e-07,0.0,2.149030733181353e-07,2.248663933054002e-07,0.040817390348340546,0.07207955416395392,0.03430200008864669,-0.00013336786329882323,0.5
2018-05-21,0.00033320498862793703,7.243192490633783e-07,3.787958458139754e-07,0.0,1.4806352270694318e-07,1.917952551614832e-07,0.028392942503716562,0.07597894342453643,0.04375734055740724,0.00033176201475519125,0.5
2018-05-22,-8.623260401682427e-05,6.67105461735958e-07,2.221202641657375e-06,0.0,8.869387862112167e-08,5.364861062161125e-07,0.10633914041871906,0.06015227912226773,-0.02997738672203917,-8.974609210505483e-05,0.5
2018-05-23,-9.245498007860434e-05,4.162966736572657e-07,3.7407778272096324e-07,0.0,9.082823120631953e-08,5.638223273719422e-07,0.017815278950864627,0.05844637108357757,-0.036275779914908726,-9.390000509356083e-05,0.5
2018-05-24,4.7115635213735567e-05,4.893974332082909e-07,3.8472592400080295e-07,0.0,7.85750489621427e-08,1.5523733527077748e-07,0.046026987348709136,0.015754397973431363,-0.010325474352059256,4.600769947229355e-05,0.5
2018-05-25,3.606927865909136e-05,2.3456479966639692e-07,1.1250436338070775e-07,0.0,5.1468312150151805e-08,1.4977518837824592e-07,0.007722638453480835,0.014613646109903046,-0.010548585537642265,3.552096599551586e-05,0.5
2018-05-29,5.966399093891007e-05,2.5669068198342446e-07,2.954755714154203e-07,0.0,7.580169015742055e-08,2.442431853425966e-07,0.014685560397706923,0.023650752136993688,-0.017382103000562536,5.879177981001121e-05,0.5
2018-05-30,-0.00014096666892677803,8.058617701551869e-07,4.990733069518517e-07,0.0,1.4541988378676643e-07,3.2978080206809645e-07,0.022528037038821717,0.033651836473517154,-0.021751338273923053,-0.00014274680468973994,0.5
2018-05-31,0.0001542586712735763,8.318710384523498e-07,3.4822733581520246e-07,0.0,3.0744209867785457e-07,3.8044230432504247e-07,0.045526377068645166,0.06901655413474209,0.00510224700813495,0.00015239068849630586,0.5
2018-06-01,0.00017185123438150232,8.22378588721963e-07,5.739113708898646e-07,0.0,2.020239932210224e-07,3.0086942336689517e-07,0.03939773746376606,0.06021186914203869,0.0096658060164003,0.00016995205100530256,0.5
2018-06-04,0.00012826647255096693,1.926085239238948e-06,2.005376564672371e-06,0.0,4.3448810545881263e-07,8.595133831565973e-07,0.1146529309165658,0.11728781081196138,-0.02711043755834701,0.0001230410092584402,0.5
2018-06-05,-0.00015922042758189243,5.602476189015023e-07,6.515741030809538e-07,0.0,1.543484839148239e-07,9.434051836766798e-07,0.027880215948747775,0.11320942910670284,-0.04528264175097936,-0.0001615300029714664,0.5
2018-06-06,-0.00030636501635492426,9.371285721161496e-07,9.697607417743874e-07,0.0,2.705855255876365e-07,7.317617006613828e-07,0.060194922227289824,0.075044511966558,-0.04789145374455434,-0.00030927425289506384,0.5
2018-06-07,-2.157316028456421e-05,5.632842696546434e-07,3.452974097991468e-07,0.0,1.855506017978415e-07,5.901253612857904e-07,0.03877743092439151,0.06961555970480042,-0.029525500991212376,-2.3257417927101632e-05,0.5
2018-06-08,-1.4992173156016867e-05,1.957325945513945e-07,2.5702378398263225e-07,0.0,7.601680109528731e-08,6.181295710483358e-07,0.018072843999944698,0.07421061875270532,-0.029635149183415088,-1.6139075906694517e-05,0.5
2018-06-11,-6.01713593407408e-05,5.062532173501486e-07,6.109608922321579e-07,0.0,1.7527389524780277e-07,2.794528344106174e-07,0.054107631621674215,0.031779228330293126,-0.015168847850690606,-6.174330017998153e-05,0.5
2018-06-12,-2.6802326774090722e-05,3.473296829473047e-07,2.7109700037825787e-07,0.0,1.1133288721852412e-07,3.076198994666834e-07,0.014146211335875576,0.03331940488576943,-0.018360738224633383,-2.7839706244101492e-05,0.5
2018-06-13,0.0001307799016789591,3.842968958545641e-07,2.605758300878356e-07,0.0,1.1695930767060445e-07,1.8805375238463443e-07,0.03155497413139828,0.030453124662548944,-0.001139905738069641,0.00012983001589296145,0.5
2018-06-14,8.481894439814818e-06,6.176145292913126e-07,5.202512300461864e-07,0.0,2.270353486042457e-07,1.8088271792509188e-07,0.033565445904473384,0.027656014017374997,-0.002732282594040433,6.936110613947981e-06,0.5
2018-06-15,3.9901346821323006e-05,5.101083495913922e-07,8.971943278598902e-07,0.0,1.3821138880285504e-07,5.454847988372558e-07,0.04540407156269618,0.06650391798654563,-0.025137528218113332,3.7810347956231616e-05,0.5
2018-06-18,-9.477243377283031e-05,3.7120893504923744e-07,3.5639505905341047e-07,0.0,1.5301779732326918e-07,5.568255658153441e-07,0.023964198287424666,0.0682294663939254,-0.025317228663052402,-9.620988113007158e-05,0.5
2018-06-19,0.00013160999953614489,6.507330339560401e-07,7.842784972117093e-07,0.0,2.335178228008399e-07,6.569868152831932e-07,0.03626778649224377,0.06683864612786065,-0.0435351388397158,0.0001292844833668931,0.5
2018-06-20,-0.0001367991714801802,7.901748817743548e-07,4.802813495384328e-07,0.0,1.2591566006478376e-07,2.8063307487785497e-07,0.09600669417423593,0.08051680118008234,0.033370444600602706,-0.00013847617644643565,0.5
2018-06-21,-0.00027194689455155595,1.041218168954345e-06,1.9674313332033803e-06,0.0,5.616032499805177e-07,1.0395612752692891e-06,0.082952117143863,0.14238977932382346,-0.03225651492141708,-0.0002765567085789635,0.5
2018-06-22,5.026161640510235e-05,3.199202654397367e-06,1.4179685906641956e-06,0.0,9.160286125389951e-07,9.705247616361832e-07,0.15634209038145025,0.2410386768885065,0.07799051693362773,4.375789178586561e-05,0.5
2018-06-25,-0.001092700010492477,1.5915714446262147e-06,1.2117446371555002e-06,0.0,6.155586491138856e-07,1.1832828177060905e-06,0.07342257023726168,0.267408959253553,0.06861744587892987,-0.0010973021680410785,0.5
2018-06-26,0.00014644524872811852,1.2696765564293034e-06,7.962525045656215e-07,0.0,4.219221755999166e-07,1.0349429634179277e-06,0.12482189650082312,0.3284618614211274,0.15459144356691548,0.00014292245452810574,0.5
2018-06-27,-0.0016413325466627367,2.0216187440208278e-06,2.7298913998636616e-06,0.0,1.2112845050920898e-06,1.978383328177876e-06,0.13401139874200396,0.4215600421286887,0.08919164299480556,-0.0016492737246398912,0.5
2018-06-28,0.00021881440352348162,3.944285703538172e-06,1.399158954456207e-06,0.0,1.8987883813859078e-06,5.625827045621395e-07,0.17757241003115098,0.28739040988400527,0.19287651551756585,0.0002110095877795392,0.5
2018-06-29,0.0004316925318877533,2.4250427466255545e-06,1.1027199563521641e-06,0.0,1.3534829505497572e-06,4.354250984801026e-07,0.1442299594631178,0.3514654293331674,0.27831401278851015,0.0004263758611357457,0.5
2018-07-02,0.0007872005330000853,2.6027841224756603e-06,9.148666673366715e-06,0.0,7.524272489079545e-07,1.524776594908087e-06,0.39452319561374005,0.19249296301924035,-0.06366950492531831,0.0007731718783604269,0.5
2018-07-05,-5.24178804310304e-05,9.601907324873603e-07,1.3997268740722161e-06,0.0,3.7681985069727254e-07,1.3534515503628637e-06,0.07070963860326171,0.13503551260286295,-0.09234434785809816,-5.650806943865011e-05,0.5
2018-07-06,-0.0007592824496972471,2.416630262308021e-06,4.461735565053333e-07,0.0,6.861749981361596e-07,1.3509993807531668e-06,0.05718225830737319,0.16610380733846108,-0.06086408862807091,-0.0007641824278949498,0.5
2018-07-09,-0.0003194902859843965,1.52534488287138e-06,5.364365332226039e-07,0.0,7.128681703303193e-07,1.4591444515222847e-06,0.07458910933102769,0.232686808548921,-0.01244945930682289,-0.0003237240800223431,0.5
2018-07-10,-2.686329752934896e-05,2.6998764113332412e-06,3.7037051994399965e-06,0.0,7.932142843129924e-07,2.5752648329355657e-06,0.16047137749491724,0.3169285989498264,-0.11571589298334867,-3.6635358257370754e-05,0.5
2018-07-11,0.0007737913486892748,2.667723697011258e-06,2.223824228196211e-06,0.0,1.4617954342316147e-06,1.904041173719556e-06,0.17736709824759136,0.24756669142392657,-0.07231222576095886,0.0007655339641561162,0.5
2018-07-12,-0.0006726789604921837,3.046025176868135e-06,2.811358694044081e-06,0.0,1.7755781455836525e-06,1.173377364847632e-06,0.2642462869789075,0.2069424861363407,0.009815088841938479,-0.0006814852998735273,0.5
2018-07-13,0.00017400473298924014,2.0540533161335077e-06,1.7092955037061373e-06,0.0,1.1535339054053535e-06,1.3762189601539184e-06,0.12022378731570398,0.24565994105347483,0.014455155747616574,0.00016771163130384123,0.5
2018-07-16,-7.818005852188498e-05,2.9488647447610437e-06,3.1554403136375485e-06,0.0,1.8800711283481603e-06,7.745732838426429e-07,0.17548658626106947,0.10627092911571666,-0.02385738256984733,-8.693900799247437e-05,0.5
2018-07-17,-2.124939102387787e-05,1.3249010539669727e-06,1.6389731560683313e-06,0.0,4.56318223424756e-07,9.222193724674088e-07,0.08559329408741465,0.09935547453638552,-0.05557738003813918,-2.559180282980534e-05,0.5
2018-07-18,-8.032964396683904e-05,4.88308403438732e-07,4.827283902935933e-07,0.0,2.59671382994645e-07,1.0133044073972272e-06,0.030766480693042688,0.11271104444003371,-0.05752409600270047,-8.257365655096324e-05,0.5
2018-07-19,0.000612039170343751,4.800365169139537e-07,4.405821357595115e-07,0.0,2.1405294911174468e-07,1.0307539372060023e-06,0.02964445459684204,0.11767521712456475,-0.05549144432604363,0.0006098737448047598,0.5
2018-07-20,0.00013076547735913144,9.67196727659785e-07,8.845794025322324e-07,0.0,4.1691670199214806e-07,9.850105920261521e-07,0.050104416493164536,0.09815121036991709,-0.06733056909047647,0.00012751177393492113,0.5
2018-07-23,-1.3080190352657719e-05,8.35181017109821e-07,9.397729775115479e-07,0.0,2.3303786189402014e-07,2.4076704137580747e-07,0.12924538670921967,0.0530328854640178,0.012584022512882148,-1.5328949250548916e-05,0.5
2018-07-24,4.338719340934686e-05,9.166580032754123e-07,3.0420282190277702e-06,0.0,3.52905351685194e-07,1.1306642489285753e-06,0.1438578193938389,0.10311965984203757,-0.08683193397796302,3.79449375864299e-05,0.5
2018-07-25,-0.0007236356506128551,9.18000186125449e-07,3.1408282882605975e-06,0.0,2.5693519515897745e-07,2.526557667906856e-06,0.1512473380866511,0.2351502055629806,-0.18931148264537115,-0.0007304779719503069,0.5
2018-07-26,-0.0006507973297145928,2.240870647526682e-06,6.507569508790288e-07,0.0,8.792483888495753e-07,2.593858608007983e-06,0.10109945141713453,0.31632475445034725,-0.11944349169499385,-0.000657162064309856,0.5
2018-07-27,0.0006694010690535849,3.257392106871568e-06,2.690968728709426e-06,0.0,1.8461469656467476e-06,1.2783580763825636e-06,0.27842043337977707,0.2126817312772764,-0.0020824255549942335,0.0006603282031759746,0.5
2018-07-30,0.0002700813366162172,4.357545172039957e-06,4.539300220783606e-06,0.0,2.2161269890913705e-06,1.7948329725859189e-06,0.19376015656672108,0.189592421258387,-0.1119395181360474,0.00025717353126171634,0.5
2018-07-31,-0.0005907458456969688,3.196326502870466e-06,2.9986653227072987e-06,0.0,1.3085857437546955e-06,1.297190780142959e-06,0.38586673273678135,0.3278055167692361,0.10987746570521893,-0.0005995466140464442,0.5
2018-08-01,-8.874254440698252e-05,3.399819264331174e-06,5.263498212367443e-06,0.0,1.9635184460221407e-06,1.365179675184713e-06,0.2954820991599102,0.24466526918096812,0.015315083749936363,-0.00010073456000488799,0.5
2018-08-02,0.0002611283840235052,2.747272637107762e-06,1.214602541500009e-06,0.0,1.500250000374264e-06,3.8168363220576485e-07,0.14465738866660136,0.15656799056485254,0.09244514035428406,0.00025528457521231744,0.5
2018-08-03,0.0005270660590788082,2.015737132395602e-06,6.044293209327507e-06,0.0,8.555655770830808e-07,1.8005506459793179e-06,0.3097999542336988,0.22638984980100135,-0.07610265872352404,0.0005163499125140227,0.5
2018-08-06,-0.00036518008093132045,1.023101816300905e-06,8.507960746236124e-07,0.0,5.175416780700907e-07,1.779234671195309e-06,0.06648596364953246,0.23146154325403037,-0.0674498815067815,-0.00036935075517151035,0.5
2018-08-07,-0.00024876601879991983,1.7161871534319862e-06,1.7834253163749293e-06,0.0,7.837534165091116e-07,1.2464609296740234e-06,0.12943548972291546,0.14685499819891878,-0.06255043798631715,-0.0002542958456159099,0.5
2018-08-08,-9.975875815589573e-05,1.1189841986575333e-06,1.0587754918524246e-06,0.0,4.7455287105237153e-07,7.569189517400268e-07,0.08614699434959511,0.08846017240954665,-0.038702211482777846,-0.00010316798966919808,0.5
2018-08-09,0.00016276390094494046,5.16774071772107e-07,5.669224719786149e-07,0.0,2.6713737757698625e-07,4.0474135525354984e-07,0.055842982761962055,0.05124125730411124,-0.016755290378485135,0.0001610083256683592,0.5
2018-08-10,0.00020914492539644063,7.266801469892259e-07,1.0373254649314009e-06,0.0,3.409857302170942e-07,6.549909109351737e-07,0.04265244607531632,0.06162925941195274,-0.04840921362515644,0.00020638494314336773,0.5
2018-08-13,0.00023990777547445465,7.004820126368488e-07,4.0245926004978005e-07,0.0,6.358272029913102e-08,3.28402722790429e-07,0.15155590883878367,0.1578437067364348,0.10267204930764273,0.00023841284875867846,0.5
2018-08-14,0.0005119470669405848,1.4087608987094538e-06,2.4209015804179483e-06,0.0,8.290325039462067e-07,6.693638239310591e-07,0.1249401544660336,0.1575951048968448,0.045141982476426895,0.0005066190081335801,0.5
2018-08-15,-0.00036082069809082883,1.8184603093637078e-06,2.243928128779295e-06,0.0,1.2694066500586323e-06,7.67545191900834e-07,0.1262445399662392,0.14283267193094246,0.013885079691602333,-0.0003669200383709313,0.5
2018-08-16,0.00019731750233103435,2.1301885199818856e-06,9.309507616648952e-07,0.0,1.024041283521803e-06,4.3012327108002206e-07,0.09189973587678474,0.12272560536430208,0.05046489582285837,0.00019280219849478574,0.5
2018-08-17,0.00031566619301050876,2.3428359023788285e-06,5.095230832500553e-06,0.0,1.4553384228706161e-06,1.8782904715335168e-06,0.31813854734027835,0.29104180674686264,-0.02451099247076819,0.00030489449738122523,0.5
2018-08-20,0.000616217780592687,2.3202912211395477e-06,2.1319511248495866e-06,0.0,1.320644121610838e-06,1.816520052822377e-06,0.1289729117256774,0.264054068538327,-0.04112130033583235,0.0006086283740722646,0.5
2018-08-21,-0.00034722654795342765,1.7480213209386917e-06,2.2853142546357806e-06,0.0,1.0311028850025605e-06,1.0383536595023763e-06,0.14669930978144669,0.12375374160432162,-0.05068967319207759,-0.00035332934007350705,0.5
2018-08-22,9.541236966416081e-05,5.722893252454844e-07,6.745921915712473e-07,0.0,4.0493639619366977e-07,9.61286176370649e-07,0.053121138054529046,0.11824015475538335,-0.043255922874885666,9.279926557477977e-05,0.5
2018-08-23,-0.00014577035001266795,5.417158206170026e-07,7.148217061656159e-07,0.0,2.1301605544347317e-07,7.280507476766692e-07,0.05621945063413094,0.08889079515177709,-0.03342173045790334,-0.0001479679543425707,0.5
2018-08-24,-0.00022186163853444492,1.1218472447105394e-06,4.709028464668899e-07,0.0,5.477734478640253e-07,6.669734911949919e-07,0.05167254491023124,0.1017891676707554,-0.010262378850003208,-0.00022466913556468137,0.5
2018-08-27,5.974028156103899e-05,9.174145494085421e-07,8.466311702854335e-07,0.0,5.293702722536378e-07,7.805939531979849e-07,0.05842839267151588,0.12215258891885572,-0.008987195218405745,5.6666271615893394e-05,0.5
2018-08-28,2.9014284971928407e-05,1.85379307063321e-06,3.6484238494782108e-06,0.0,1.0849126609141804e-06,2.2891190491967507e-06,0.23192568732822302,0.33104411099018494,-0.053527889274869234,2.0138036341706055e-05,0.5
2018-08-29,-0.0005790113924518526,8.670078862700006e-07,1.0507708393277947e-06,0.0,4.719624332180572e-07,2.150364199669949e-06,0.06042481296905573,0.2945003765500733,-0.06676080899447814,-0.0005835514978103384,0.5
2018-08-30,-0.00023381197087496327,1.8966509449897187e-06,2.935429879553634e-06,0.0,1.0905544438834664e-06,1.1257957878577868e-06,0.20861448032549387,0.12888278067757883,-0.06025091168252938,-0.00024086040193124788,0.5
2018-08-31,2.558603562160502e-05,1.6560058676347573e-06,1.2303573189327693e-06,0.0,1.223086532684952e-06,1.3899608348201537e-06,0.10844242071513813,0.20708722345732322,-0.02642619679246258,2.008662506753239e-05,0.5
2018-09-04,-0.00027935446729770693,2.4889924616826834e-06,3.1178046090834185e-06,0.0,1.5383647329272e-06,1.3620659179332577e-06,0.14693669205854304,0.12510312997779388,-0.10372394423499344,-0.00028786169501933347,0.5
2018-09-05,8.180644525874073e-05,9.31576782016315e-07,1.1376857805159451e-06,0.0,4.908526431855114e-07,1.5130470730404549e-06,0.06665434150957218,0.13727219811072883,-0.1169197101600676,7.773328297998251e-05,0.5
2018-09-06,-1.6662517618565574e-05,8.454701280718528e-07,9.397523456546073e-07,0.0,4.482594646153411e-07,1.8017636148614643e-06,0.05460086100814945,0.17333863313416387,-0.1293576541625621,-2.0697763171768838e-05,0.5
2018-09-07,0.00011829306923847536,1.7589317845429281e-06,1.6711896413812934e-06,0.0,6.353666746427722e-07,9.81508293936994e-07,0.2739593284665274,0.2286343279145061,0.06374093453309113,0.00011324607284397137,0.5
2018-09-10,0.0005483325835646423,1.5531210287398365e-06,1.7372312275879242e-06,0.0,6.049692497511333e-07,5.134975295384624e-07,0.11789031658273809,0.1410078383975538,0.054740253435092104,0.0005439237645290249,0.5
2018-09-11,0.00021122810348963032,1.0770705541180873e-06,7.913845207197816e-07,0.0,6.849558732062334e-07,3.9386609046451114e-07,0.076899303266287,0.1495674118671928,0.08339790866915492,0.0002082808264511217,0.5
2018-09-12,-3.6015655975735624e-05,1.1038369205371159e-06,8.686420285567669e-07,0.0,6.398775345494326e-07,2.821165916302644e-07,0.07567504307541,0.15400619660866527,0.10661060921478085,-3.89101290510092e-05,0.5
2018-09-13,0.0008321031854148055,1.366680268809169e-06,5.575480251572664e-06,0.0,2.0413824543788074e-07,1.7795922933158312e-06,0.24347436230220837,0.19524606110411521,-0.1037254441729444,0.00082317729435567,0.5
2018-09-14,-0.00014528339949942991,1.1590855656609952e-06,1.2507459489668785e-06,0.0,9.10501374167647e-07,1.4583149831708147e-06,0.10158544451027524,0.1579060210318609,-0.08709089614083593,-0.00015006204737139626,0.5
2018-09-17,0.0006964224158741616,1.6995710643996277e-06,1.630281606967465e-06,0.0,1.0488128012753037e-06,1.7875718192579783e-06,0.09478158531295983,0.1943777402692961,-0.10593432536604427,0.0006902561785822613,0.5
2018-09-18,-0.00035340520962923394,1.9538045416209206e-06,1.6863951108726018e-06,0.0,1.3265185783641634e-06,1.6160506551577166e-06,0.1253588320588357,0.17986854856598017,-0.09162796150051626,-0.00035998797851524933,0.5
2018-09-19,-0.0007291373994915243,1.6378767524781463e-06,1.3388587217754558e-06,0.0,1.0779832721154584e-06,1.8858458428087694e-06,0.10219882193358605,0.24260177755423804,-0.07422032403763526,-0.0007350779640807021,0.5
2018-09-20,-0.0007975371354427396,1.5591136760039523e-06,1.7281899229990873e-06,0.0,1.300795304201807e-06,1.5537873450191684e-06,0.11791287667815858,0.18583363896943522,-0.07520263499378507,-0.0008036790216909635,0.5
2018-09-21,9.100911736160825e-05,2.274108905145355e-06,9.57558036016078e-07,0.0,1.3460715089944685e-06,1.4941890721111112e-06,0.14367221980540065,0.27163968029976887,0.020615916185102168,8.493718983934123e-05,0.5
2018-09-24,-0.00014896768914311688,2.630005529617555e-06,3.39702092705238e-06,0.0,1.460405983410437e-06,2.18644117485431e-06,0.19927087482610625,0.3343445320354552,-0.032977585340068796,-0.00015864156275805156,0.5
2018-09-25,-0.00022087134114952465,2.8256564551533617e-06,4.206705374147082e-06,0.0,1.8647304200029277e-06,2.264333958605059e-06,0.17068641953238084,0.21231417930005966,-0.16809392574559026,-0.0002320327673574331,0.5
2018-09-26,0.0004283187869017185,1.6179762619574e-06,1.4950280029667854e-06,0.0,3.8396262844583956e-07,4.156436647936093e-07,0.3066131210688401,0.1523225635266751,0.08249442784134872,0.0004244061763435549,0.5
2018-09-27,5.526259891473718e-05,1.3882049274219203e-06,2.334170256236897e-06,0.0,9.132813882579041e-07,4.549589801120724e-07,0.11798561269648009,0.10181017717374767,0.025377068514919495,5.0171983362708385e-05,0.5
2018-09-28,-0.00020484558528686015,1.214461261482862e-06,3.2557188984387658e-06,0.0,6.810756569586682e-07,9.357059814263919e-07,0.16022916755287842,0.08607448248878324,-0.07112412239085059,-0.00021093254708516685,0.5
2018-10-01,-3.052750832992821e-05,5.46559544754162e-07,8.707175634119707e-07,0.0,3.4950143211913334e-07,1.1229622099501737e-06,0.0578596425225453,0.1109005315267712,-0.07775711974485801,-3.341724908016365e-05,0.5
2018-10-02,-1.6954750972530032e-05,9.31247700546009e-07,6.17417772399889e-07,0.0,6.568618263491517e-07,9.878245749155595e-07,0.060976354929241985,0.10895694377480164,-0.05699758481101231,-2.0148102846740643e-05,0.5
2018-10-03,-0.0003388122945727162,1.5483027455542683e-06,1.0076195343306489e-06,0.0,8.427438811178671e-07,9.482586549880659e-07,0.08039344018061655,0.12358053821392344,-0.035726915824071614,-0.000343159219388707,0.5
2018-10-04,-0.0004143236504352187,3.7957056941054933e-06,6.029817788748823e-06,0.0,2.610849798457985e-06,3.1260873405403505e-06,0.22617774686476197,0.27483397945486265,-0.2503486937559163,-0.00042988611105707135,0.5
2018-10-05,0.0009030439501354149,3.2655958896349926e-06,2.5366568279698447e-06,0.0,1.0653277185409146e-06,2.5854057450500485e-06,0.41759931335214867,0.4791205246230477,0.04477235945463959,0.0008935909639542191,0.5
2018-10-08,-0.0005887305040503096,1.2081559954731232e-06,6.20349965638775e-07,0.0,4.273355876117465e-07,2.32413070270267e-06,0.06025829769268645,0.45588936824621085,0.06543541019216231,-0.0005933104763017359,0.5
2018-10-09,-0.00031779661633588464,2.842389261396998e-06,2.8402588994812602e-06,0.0,1.735420781496e-06,1.2061173414212345e-06,0.22516953832537262,0.2953660373134097,0.09273832395464227,-0.00032642080261968015,0.5
2018-10-10,-0.004040917853539478,2.8027600279179178e-06,1.2790082464508077e-06,0.0,9.510732230992897e-07,4.4961922909392466e-07,0.22055030179649054,0.3313379733755395,0.25580194288776015,-0.00404640031426604,0.5
2018-10-11,-0.005583786188620104,3.4805685154107987e-06,5.1961707040092665e-06,0.0,1.6972814522171366e-06,2.2618313034080774e-06,0.20990803142471354,0.46220990467243195,0.08222224569987502,-0.00559642204059515,0.5
2018-10-12,0.0014869894006957788,1.3394533258065474e-06,7.301165890964941e-07,0.0,5.220295793904055e-07,1.9035734393462111e-06,0.07256400180104797,0.43492554908284276,0.11512521127267926,0.0014824942277621392,0.5
2018-10-15,-0.000848139287971093,5.5659399153291405e-06,6.646262394206199e-06,0.0,2.1380015289672106e-06,1.0824717961534654e-06,0.4365352126881551,0.2435689633393555,0.06171370158557329,-0.000863571963605749,0.5
2018-10-16,0.0011116772066034355,2.619268543801331e-06,1.5446895334410078e-06,0.0,1.1257967400738394e-06,5.284449567871953e-07,0.14903799826273786,0.21494290532974802,0.12616415258949923,0.001105859006829332,0.5
2018-10-17,-0.00035415273827679586,3.7494481893153964e-06,7.911706046445824e-06,0.0,1.6119630902231728e-06,2.6348848561852924e-06,0.3902449925773491,0.34042123931222495,-0.10223941652690426,-0.00037006074045896554,0.5
2018-10-18,0.001504289279929347,3.306293934952893e-06,3.1076817000173405e-06,0.0,1.2386654577603894e-06,8.355604614793254e-07,0.2972479164751028,0.1513069471448602,0.010932789616333522,0.001495801078375137,0.5
2018-10-19,-0.00020765232103077722,2.8586013335087433e-06,2.868624224729283e-06,0.0,1.086380280206141e-06,2.447477846546129e-07,0.29386441995266593,0.17214779724147358,0.13103016941949858,-0.00021471067465387601,0.5
2018-10-22,-0.0007739243696583393,5.306205671474138e-07,9.753505715669056e-07,0.0,2.9254917118581935e-07,6.390211295713419e-07,0.04895217928092381,0.21211804390103717,0.10476249413305176,-0.0007763619110978107,0.5
2018-10-23,-0.0005285623491093528,1.391219910951464e-06,2.45080631274318e-06,0.0,4.7448255121506065e-07,4.370943643507185e-07,0.13378833937609041,0.12986421950763444,0.05643236629671374,-0.0005333159522486132,0.5
2018-10-24,-0.002125079823133171,1.6938022716368225e-06,1.1059967944332943e-06,0.0,3.2011802208215696e-07,6.22702579493269e-07,0.16392783597504326,0.27231228658321427,0.16769825322834508,-0.0021288224428008167,0.5
2018-10-25,0.003426018001669611,2.5960962661817854e-06,4.434538017890844e-06,0.0,9.009930492896682e-07,1.1561272321617555e-06,0.21249402821821545,0.2390426549023874,0.04481327989921244,0.003416930247104087,0.5
2018-10-26,-0.0005312565331687746,2.6410931481457817e-06,2.836641972802203e-06,0.0,9.218582081379752e-07,1.7281703328260255e-06,0.13512263624186036,0.2740801415929824,-0.016252474321789882,-0.0005393842968306865,0.5
2018-10-29,-0.000262233154793402,2.385371366753773e-06,2.6268637145853714e-06,0.0,9.832428572848719e-07,2.0307469641268745e-06,0.17258373115055592,0.32079246376240395,-0.020373026210911013,-0.0002702593796961529,0.5
2018-10-30,-0.000944952589087625,1.5712209248497974e-06,1.3087214947931925e-06,0.0,5.886526127934861e-07,1.9349380736763772e-06,0.09367555700770495,0.3104942371588235,-0.014575359218807878,-0.0009503561221937378,0.5
2018-10-31,0.00034214697135097533,3.6005292275598463e-06,8.233984439855555e-07,0.0,1.782826555056833e-06,5.832706780445938e-07,0.2182987000708978,0.2830027940748564,0.18501332016336464,0.0003353569464463285,0.5
2018-11-01,0.00305671634844431,1.9780750421043486e-06,1.5057156435365716e-06,0.0,7.959153898089167e-07,4.255905673684754e-07,0.11019324051698663,0.27300201541192026,0.20150280009401636,0.003052011051801492,0.5
2018-11-02,-0.0003403477654450185,2.180566915940039e-06,6.652532404862617e-06,0.0,4.791429892529736e-07,1.5948389207501952e-06,0.31778582235668607,0.25048529881721854,-0.01744763986881428,-0.00035125484667582435,0.5
2018-11-05,0.00011814584149992568,1.6681304119882817e-06,2.0165294270257305e-06,0.0,5.820691311773552e-07,1.1402872464862912e-06,0.1261545827002164,0.16547499333262103,-0.026093264077075913,0.00011273882528324802,0.5
2018-11-06,-0.00012256510579129363,1.72175386304826e-06,2.3802383276591775e-06,0.0,6.01789243785209e-07,1.4113147254032441e-06,0.105532313344133,0.14421043702979447,-0.09289043683795054,-0.00012868020195118952,0.5
2018-11-07,-0.0015622609774327736,8.548039524810964e-07,1.3742616287937775e-06,0.0,2.2584062379461892e-07,1.7146229695143149e-06,0.07863108629616478,0.16735988549715466,-0.1206967733812502,-0.0015664305066073574,0.5
2018-11-08,-9.004270922525418e-05,1.2299642645549409e-06,6.609448872564987e-07,0.0,5.117957722858318e-07,1.5275897623949085e-06,0.09404257720971831,0.19580256164065973,-0.060832518441684885,-9.397300391174636e-05,0.5
2018-11-09,0.00024934231122793215,1.5255290599046527e-06,6.001842919390047e-07,0.0,4.4619904951996875e-07,1.327743483205073e-06,0.07788264511836512,0.2065732559701841,-0.016487649208268125,0.00024544265534336346,0.5
2018-11-12,-0.00043565095330672554,2.1488720020208774e-06,1.926530170103719e-06,0.0,4.6157991165958046e-07,9.197726739373468e-08,0.267336417369341,0.17043594785777044,0.154983766935623,-0.0004402799126579035,0.5
2018-11-13,-0.00044591328422237517,2.0478653162660152e-06,3.150456986134067e-06,0.0,8.763066556818211e-07,9.882596704233155e-07,0.11669792850081014,0.20813911463026233,0.04211148999914532,-0.00045297617285088037,0.5
2018-11-14,-0.0001428917282872315,4.2974832298436525e-07,4.871162116653901e-07,0.0,1.4529543333423035e-07,1.0140889607730407e-06,0.027872740376452352,0.20501952419347377,0.03465257878360292,-0.00014496797721598852,0.5
2018-11-15,0.00039913797432904186,1.9488663771758334e-06,4.364068419117248e-06,0.0,4.834041798406445e-07,1.0317759588638504e-06,0.22992137692405323,0.09545702154454333,-0.07788133954458352,0.00039130985939404427,0.5
2018-11-16,-0.000273377766436629,8.585636474229469e-07,2.892337231809131e-07,0.0,3.0309453776371205e-07,9.488901838177772e-07,0.04400664723091098,0.1109916198120686,-0.04842193106931794,-0.00027577754852881433,0.5
2018-11-19,0.0007732150504901232,1.6423865614189952e-06,1.409790058711026e-06,0.0,4.193446930510569e-07,1.1065749824036224e-06,0.06480124279604524,0.11480931165379155,-0.07109528539001701,0.0007686369541945385,0.5
2018-11-20,0.001240835727946625,9.882095542221834e-07,6.43562202669893e-07,0.0,2.6867142689222334e-07,1.087146255606331e-06,0.05176189168901328,0.12448486222839107,-0.05815570871347257,0.0012378481385072345,0.5
2018-11-21,1.4592642337107446e-05,1.4343431178877113e-06,1.654323423439862e-06,0.0,3.2155145669534624e-07,8.775803201662501e-07,0.22260772558184533,0.22261493821793052,0.07518144443000051,1.0304844018918276e-05,0.5
2018-11-26,0.0007637013501261065,1.6389544781906971e-06,2.5041363812942754e-06,0.0,3.91819469627679e-07,8.996553737157034e-07,0.12230715722122405,0.16223301485730202,0.011090912073063869,0.0007582667844232781,0.5
2018-11-27,0.00018872777639228962,1.69242851555387e-06,7.380037236288358e-07,0.0,3.975962688546099e-07,3.918505871785917e-07,0.0734841267619295,0.10749930966244264,0.041668411016439214,0.0001855078972970737,0.5
2018-11-28,0.0010557217756517038,1.0049055241011637e-06,4.413081059444611e-06,0.0,2.1561182017742976e-07,1.5746164049240976e-06,0.2009951973049995,0.14812982809262856,-0.1164057279346198,0.0010485135608430565,0.5
2018-11-29,0.00018289927057719003,2.1707280303276807e-06,5.300360082611165e-07,0.0,5.787444420453633e-07,1.2604725098138883e-06,0.10453105301643724,0.17891861344417428,-0.032840768204558925,0.000178359289586742,0.5
2018-11-30,-5.739978691335251e-05,4.7116341740987135e-07,4.048966862888231e-07,0.0,1.4014810649281746e-07,1.3081313144798883e-06,0.022946843674785472,0.1817954045588078,-0.037970656273813394,-5.972412643802391e-05,0.5
2018-12-03,-0.0009234352506307482,1.7995441863411606e-06,1.5139803000828522e-06,0.0,3.7815528835603653e-07,9.195191223307469e-07,0.08790039349944842,0.11247214345745388,-0.04200706909411161,-0.0009280464495278589,0.5
2018-12-04,0.0013517476636106837,7.376322156107437e-07,7.96196467779018e-07,0.0,1.561991869725873e-07,1.010132552930963e-06,0.03840858154606522,0.11112162435675353,-0.05858064453564818,0.0013490475031873903,0.5
2018-12-06,0.000212048992793318,1.906061220458631e-06,2.379906822446508e-06,0.0,5.656689046146826e-07,1.771802607681134e-06,0.11179543638277828,0.18004108357637943,-0.11762175451405109,0.00020542555323811704,0.5
2018-12-07,0.0026314713931295556,1.1060757598120466e-06,7.365016031141981e-07,0.0,1.4071292479097563e-07,8.524430264022449e-07,0.20279493322521827,0.21456463658003527,0.07135420814445816,0.002628635659815436,0.5
2018-12-10,-6.072070296359596e-05,2.2428266594969443e-06,2.364525072246258e-06,0.0,4.800363325271392e-07,7.827450894950894e-07,0.11940552163424743,0.15812361202954733,0.026622436994372306,-6.65908361173614e-05,0.5
2018-12-11,3.709079498851473e-06,3.9382686693576885e-07,3.8677785344898577e-07,0.0,7.759452938024541e-08,6.636837909196433e-07,0.02692925793873162,0.13730022661178432,0.02580134973728422,2.1871964581668296e-06,0.5
2018-12-12,0.0002740952523962063,1.782816625881395e-06,5.073084471724684e-07,0.0,4.913427177070061e-07,1.0550392739855162e-07,0.07714554417241196,0.09639011422643318,0.0786654544234765,0.0002712082806780469,0.5
2018-12-13,-6.369438044073239e-05,5.553883785657734e-07,4.128593405432831e-07,0.0,1.1628871016041108e-07,1.276748730012793e-07,0.021984802707695265,0.09530710896051503,0.0738577302963001,-6.490659174300314e-05,0.5
2018-12-14,-0.0014327227952513934,1.3194987807804022e-06,1.265275701466353e-06,0.0,2.746678107884062e-07,4.478231722036713e-07,0.045716600792899936,0.1101036289567866,0.034869336026569824,-0.0014360300607166323,0.5
2018-12-17,-0.0006520634889237095,1.3287922269525163e-06,1.6551084911317609e-06,0.0,3.9403613855400827e-07,1.0202087982981555e-06,0.0747225920477359,0.16294709977083238,-0.008447978343257764,-0.0006564616345786459,0.5
2018-12-18,8.757237763361278e-05,8.210333532875353e-07,6.228752101539832e-07,0.0,1.532261393306825e-07,1.1141928677619105e-06,0.06877440475958704,0.21353799116715205,0.02635358938315109,8.486105006307867e-05,0.5
2018-12-19,-0.0008155035800425439,7.359781544320182e-07,6.359302177214704e-07,0.0,1.610902646542827e-07,1.0180008152526015e-06,0.04257666610205355,0.19583621569667617,0.024812078734239122,-0.0008180545794946042,0.5
2018-12-20,-0.0003753414742347094,1.0318981990829243e-06,8.673919076591523e-07,0.0,2.71371848229627e-07,7.499537010082559e-07,0.06313802203111384,0.1532301250358032,0.02723790326641621,-0.0003782620898906894,0.5
2018-12-21,-0.0006692813566104765,4.947304587308726e-07,3.3324313564029595e-07,0.0,6.991723329219406e-08,7.831678142844489e-07,0.020153495096657124,0.15752322799422325,0.025951035194435826,-0.0006709624152524243,0.5
2018-12-26,0.0010939821621262934,1.4669453305817393e-06,1.3359741430698712e-06,0.0,2.925509539374455e-07,8.813456742968766e-07,0.06677324736783913,0.14854311010788374,0.0004770368260084354,0.0010900053460244075,0.5
2018-12-27,-0.00010677885822228607,1.0840894727133964e-06,1.8432242905452586e-06,0.0,2.156701411910204e-07,7.087532726524249e-07,0.09917694342593013,0.07710767677396996,-0.04196287303163744,-0.00011063059539938817,0.5
2018-12-28,4.2771377731788774e-05,1.17023955650015e-06,1.6266182915591423e-06,0.0,2.1972268993682262e-07,8.523203321044987e-07,0.09840410316953113,0.07769152552025856,-0.06549829027329722,3.890247686168816e-05,0.5
2018-12-31,-0.0005170030018195552,8.087289696150248e-07,2.9689290582668744e-07,0.0,1.1852270959795163e-07,2.1645984480338183e-07,0.05997861962306175,0.018941338785104157,-0.017423915141863987,-0.0005184436062493982,0.5
2019-01-02,2.7742074640807515e-06,2.2863910447097588e-07,2.48899677707077e-07,0.0,4.570987970246388e-08,2.864852324889594e-07,0.01108225404966236,0.024382477124307203,-0.023747041933837983,1.9644735697112753e-06,0.5
2019-01-03,0.00030792715228662043,1.8795045444818053e-07,3.516448640375796e-08,0.0,2.9667322467117634e-08,2.795933390745304e-07,0.009620260057502258,0.032317323355533605,-0.014654357608987497,0.00030739477668422687,0.5
2019-01-04,-0.00033826371041046396,6.411359296700713e-07,5.498431451891462e-07,0.0,8.120761014709833e-08,2.9480511307057773e-07,0.054297045489220944,0.05939010473544645,0.009862845739589406,-0.00033983070220854083,0.5
2019-01-07,4.090468065312109e-05,4.928314505768887e-07,3.5536389898557697e-07,0.0,1.0755763016262892e-07,3.4296490981447513e-07,0.026105951482661725,0.06983675658153729,0.012218651732705485,3.960596276358152e-05,0.5
2019-01-08,0.00021662005802905112,5.911818885023454e-07,3.4483413438251215e-07,0.0,1.4851679785278137e-07,2.7304146194229305e-07,0.030179333619036124,0.06823686706014795,0.022365901453842707,0.0002152624837463712,0.5
2019-01-09,0.00013910502442754128,9.104806548729565e-07,1.999328933759918e-06,0.0,1.4334449843065624e-07,6.043011050486393e-07,0.1007728627334758,0.06719798790381273,-0.03432459774435868,0.0001354475692354291,0.5
2019-01-10,-4.5568275543053856e-05,2.6918125226267457e-07,1.7697023636774633e-07,0.0,6.880710289681885e-08,5.25448507621077e-07,0.017603556863723932,0.06154885644719774,-0.026726492833143198,-4.660868264220217e-05,0.5
2019-01-11,-8.014193172086713e-05,3.6711647809877876e-07,4.3301820367489297e-07,0.0,7.589542362853497e-08,3.082741173200623e-07,0.03402466174377357,0.03068799756789986,-0.021102054141870604,-8.13262359435894e-05,0.5
2019-01-14,0.00010201889791626036,7.620458837628495e-08,1.1094853320703499e-07,0.0,2.6384236736708622e-08,2.857839179062301e-07,0.006689545142315793,0.025619835789856518,-0.022391862418390137,0.0001015195766400341,0.5
2019-01-15,-0.00020741190870064949,7.796304163263715e-08,6.579040422558653e-08,0.0,1.3589480813546222e-08,2.957288478227377e-07,0.003928872788602345,0.026479351561643483,-0.02320309487257645,-0.000207864980475144,0.5
2019-01-16,-5.651940960503482e-05,1.0320459064645057e-07,4.4463479126880675e-08,0.0,1.996947831203979e-08,3.008312913490895e-07,0.005640420982255057,0.030721035794140497,-0.01981862115250654,-5.698787844446928e-05,0.5
2019-01-17,-0.00011678092158904823,1.3830972836147964e-07,1.2231895714088456e-07,0.0,3.276407334181853e-08,3.249616247526549e-07,0.007500306848937512,0.03377735013818161,-0.020816202820264428,-0.00011739927597264506,0.5
2019-01-18,-0.00016325291594978018,1.8073198285267286e-07,2.017977726369994e-07,0.0,4.714971889149028e-08,3.3100034148241767e-07,0.010993988599207447,0.03176785945830003,-0.023840197910746142,-0.00016401359576564376,0.5
2019-01-22,0.00025809899412015063,3.11385137925881e-07,4.033025919412969e-07,0.0,9.704089465630792e-08,4.604553346222326e-07,0.02115999755058122,0.04593435748851611,-0.031422138728018974,0.0002568268101610049,0.5
2019-01-23,-4.693603535497174e-06,3.64894154197167e-07,2.8310580001978913e-07,0.0,1.3055951684536725e-07,4.95696764705078e-07,0.02408069309785806,0.05737014494203251,-0.025906911528420604,-5.967859771264575e-06,0.5
2019-01-24,7.312625477239366e-05,4.0705127035699705e-07,4.682174875361187e-07,0.0,1.3645668264881453e-07,4.855653206005541e-07,0.02552695267833056,0.04843406952964533,-0.03314090433124776,7.162896401125117e-05,0.5
2019-01-25,-0.00017156224560087449,3.4972743239837034e-07,2.4165494827795164e-07,0.0,8.450483413937829e-08,3.5608778845852586e-07,0.02182419291130947,0.033499309207104665,-0.026323439253927685,-0.0001725942206041487,0.5
2019-01-28,0.00013396351893613527,2.310144951020471e-07,2.3689404764350468e-07,0.0,9.929026971383508e-08,4.0337985643747114e-07,0.012815572509954125,0.038691389925570384,-0.02907642595592477,0.0001329929402672384,0.5
2019-01-29,3.547817670597234e-05,1.9148775533123974e-07,1.4758547790289338e-07,0.0,6.623382254945352e-08,3.980324983343059e-07,0.012239326344994417,0.04065104615448339,-0.026218413565680002,3.4674837151854444e-05,0.5
2019-01-30,-0.0003176361591112973,2.5958832161509246e-07,2.2460050565577806e-07,0.0,7.992372573269236e-08,3.7487875084840154e-07,0.016873515117494235,0.037929981983876426,-0.025049648158655034,-0.0003185751504151493,0.5
2019-01-31,-0.00010269800924859939,4.830047139503781e-07,1.0666038515224105e-06,0.0,1.236308441514591e-07,7.478409465796171e-07,0.053923085917305526,0.07179543275843982,-0.05384184626693586,-0.00010511908960480325,0.5
2019-02-01,-7.532932324995065e-05,2.6702353812537076e-07,1.0796675074087891e-07,0.0,8.040275777831577e-08,7.380438085725847e-07,0.01453982751478013,0.07936020571054138,-0.04463115412965285,-7.65227601051678e-05,0.5
2019-02-04,-0.0001614423352321248,5.686951745914305e-07,5.218529164330029e-07,0.0,1.2603080276617952e-07,5.071465857097489e-07,0.04648052842114406,0.053669461823816225,-0.031531164575421586,-0.00016316606071162517,0.5
2019-02-05,-7.69897982874369e-05,3.5909840861419717e-07,2.769303971214212e-07,0.0,9.03491679076839e-08,4.25710909510786e-07,0.018639207231745676,0.041286359958488325,-0.030233072839323735,-7.814188717059099e-05,0.5
2019-02-06,-1.299615785902889e-06,1.4341321714740158e-07,1.3142474982633762e-07,0.0,5.652474386713109e-08,4.178442150168347e-07,0.00725912643555008,0.03835407960549721,-0.031843748517331016,-2.048822711760594e-06,0.5
2019-02-07,0.0002757484717387228,1.590487899334609e-07,2.504193969968669e-07,0.0,6.170737387976291e-08,4.982701426473879e-07,0.010348216145922209,0.04413382083411565,-0.039575563130645516,0.00027477902603526537,0.5
2019-02-08,2.4462202598797897e-06,4.4532404844212387e-07,4.069298428866267e-07,0.0,1.285741221176742e-07,6.033203654157537e-07,0.026845739143608393,0.05956727898210075,-0.04179054240774587,8.620718810176112e-07,0.5
2019-02-11,-4.151680007168436e-05,1.1438829581961341e-07,1.0250258888414212e-07,0.0,4.980872865586104e-08,5.826048885762793e-07,0.008758445134004967,0.05826670873381805,-0.039610912546996856,-4.236610457362026e-05,0.5
2019-02-12,-0.0004965426481217785,4.0001755111110104e-07,2.49820902924293e-07,0.0,1.2100058478851407e-07,4.4727062512629086e-07,0.022690687894437924,0.04396385340903364,-0.03117761161218322,-0.0004977607577857287,0.5
2019-02-13,2.11363960061598e-05,5.405435156738217e-07,3.713041952827938e-07,0.0,1.843844684230421e-07,5.185489649369086e-07,0.0346975642909626,0.06794427008368584,-0.01917195602571481,1.952161486184323e-05,0.5
2019-02-14,-7.206622791718215e-05,1.229052834238042e-07,1.239194068932531e-07,0.0,7.985528285320729e-08,5.143034799481379e-07,0.01024133527815086,0.06926858753669632,-0.01713439709459083,-7.290721137030056e-05,0.5
2019-02-15,-0.00020224018319056782,4.728776758379084e-07,7.089228793012054e-07,0.0,1.214655034189051e-07,5.596184274808224e-07,0.036684093372359956,0.060568055217391024,-0.03344784059938716,-0.00020410306767660666,0.5
2019-02-19,-7.499996720300436e-05,2.1147128874072064e-07,1.7683734228399758e-07,0.0,6.983418949561183e-08,5.365769476795388e-07,0.014187732065583825,0.060121633808248226,-0.030023293401914307,-7.599468697120424e-05,0.5
2019-02-20,-8.553181674972099e-05,3.351355890750032e-08,5.8198804595143634e-08,0.0,2.0576624739226778e-08,5.359186530402438e-07,0.0023364728313837423,0.05792693071691128,-0.0321074029938497,-8.61800243910031e-05,0.5
2019-02-21,6.071231600708959e-05,3.7004903422875565e-07,4.766948466923511e-07,0.0,1.1127174267626573e-07,5.70982881120208e-07,0.020760381955175773,0.049775126355735534,-0.04614999767245942,5.9183317502372015e-05,0.5
2019-02-22,-0.00021607852453106526,3.460725973768918e-07,2.186252019387972e-07,0.0,6.267484898033119e-08,1.7213511038008671e-07,0.05006908912477179,0.02520237894190342,-0.003716319601951141,-0.00021687803228974138,0.5
2019-02-25,1.553270678045062e-05,1.843594020239893e-07,1.702877519925365e-07,0.0,5.663429700900247e-08,1.6563364058078106e-07,0.010655217202645893,0.02356428305496026,-0.004262168562610955,1.495579168884431e-05,0.5
2019-02-26,2.044808709319537e-05,1.1497239797166129e-07,9.814484424865213e-08,0.0,4.3884458833692104e-08,1.1617483247962368e-07,0.009800136251240132,0.01867180068377983,-0.0008455711727969493,2.007491055966174e-05,0.5
2019-02-27,-6.724189032499013e-06,2.838912136824632e-07,5.365195132174566e-07,0.0,7.4774331750901e-08,2.2501796012452197e-07,0.02434582140019414,0.020597059848732967,-0.017205957452186723,-7.844392051274356e-06,0.5
2019-02-28,4.558509134287702e-06,1.4401109200051703e-07,1.0572870276421734e-07,0.0,5.3849109576596264e-08,1.3235263821969335e-07,0.014281472895879752,0.013631379144170975,-0.008603864076737511,4.122567591726678e-06,0.5
2019-03-01,-2.6316421168049353e-05,6.900063120943692e-08,3.2841175596981756e-08,0.0,2.6616583053408847e-08,1.2762236425497375e-07,0.006721187836687945,0.01833096877908847,-0.0031095884157471207,-2.6572501922164156e-05,0.5
2019-03-04,-0.00011191873429755041,5.059049785747457e-07,1.0317627129001665e-06,0.0,1.2941699023774332e-07,5.26308004029463e-07,0.05190186478907778,0.05685860213560487,-0.03156114254134492,-0.00011411212698329253,0.5
2019-03-05,-4.459914824064694e-05,3.6099463282193094e-07,3.177483630353008e-07,0.0,1.797025623010877e-07,6.150435519684643e-07,0.02397954366137688,0.07441556746011381,-0.028911749270588174,-4.607263735077372e-05,0.5
2019-03-06,4.60753503099138e-05,5.615955560108822e-07,4.67779882683882e-07,0.0,1.90316850551766e-07,4.7526593066362723e-07,0.03201665623793657,0.051966431230001324,-0.02787824512148805,4.4380392090003645e-05,0.5
2019-03-07,0.0001244123162684696,4.5768183457803555e-07,7.345354889584188e-07,0.0,1.7315955435214296e-07,6.710012918495531e-07,0.029317246119006962,0.06025299159714093,-0.052475225433583995,0.00012237593809873146,0.5
2019-03-08,9.466440917611431e-05,4.912912015078485e-07,4.332863816709901e-07,0.0,1.2522975675083336e-07,8.029990894386619e-07,0.024560614095531078,0.07746887744255773,-0.057434969583137485,9.281160274674598e-05,0.5
2019-03-11,-0.0008106041207628593,7.69459496960136e-07,4.1307035928597205e-07,0.0,2.3349450567777498e-07,5.68713218867066e-07,0.040103813215563784,0.05300247021674062,-0.04254135055292646,-0.0008125888583436502,0.5
2019-03-12,-0.00011810858561995794,6.067173668498152e-07,3.710569649413423e-07,0.0,1.7286595155986023e-07,5.674014269539172e-07,0.03631301587322496,0.06746372480228957,-0.027859714925968528,-0.00011982662733026288,0.5
2019-03-13,-7.383209535681918e-05,3.722088285187741e-07,2.0956581587946052e-07,0.0,1.0284945363261116e-07,6.102306147772949e-07,0.01931804648051219,0.08231780623336424,-0.020200937049221303,-7.512695006962733e-05,0.5
2019-03-14,1.5510652766859584e-05,8.430285041734451e-07,8.951772793148298e-07,0.0,2.84377083714468e-07,5.301505450391244e-07,0.05497438835385706,0.06160000488949295,-0.02746528667707994,1.2957919354617716e-05,0.5
2019-03-15,-8.541564151282021e-05,2.094306651688231e-07,2.325267065403091e-07,0.0,4.8999263150394097e-08,5.6513375522558e-07,0.011638088069206229,0.06298293553643301,-0.03195953534146442,-8.647173190290531e-05,0.5
2019-03-18,-0.00012461778048862256,3.0045778613682e-07,4.372726614880716e-07,0.0,1.3779765287043526e-07,3.292475696839775e-07,0.040476504718020896,0.034395515309434466,-0.020918076397473746,-0.00012582255615880186,0.5
2019-03-19,-1.3485238507191314e-05,3.27948203218486e-07,4.0846249072921185e-07,0.0,1.5465005185726193e-07,4.077015342446635e-07,0.021944347941236016,0.042533561575865575,-0.02596029617723788,-1.4784000787240938e-05,0.5
2019-03-20,7.820864434042625e-05,4.28580265739695e-07,2.7872611731716524e-07,0.0,1.369143829318531e-07,3.760944838991458e-07,0.022134572543760316,0.04143626933963887,-0.021747603955417624,7.698832909053839e-05,0.5
2019-03-21,-0.00022898337705946044,1.087846184175465e-06,2.9905963976314354e-07,0.0,4.0342015370908296e-07,2.666283094396427e-07,0.05146873732915718,0.06073343430026081,0.015939878314400836,-0.00023104033134654776,0.5
2019-03-22,-0.0006718179888300958,1.2182666653062697e-06,9.720996915979028e-07,0.0,4.520381073935094e-07,2.82066267598506e-07,0.06455685768262777,0.06408567599738751,0.01669854304083851,-0.0006747424595619921,0.5
2019-03-25,4.3154550813353994e-05,1.4165542868273726e-06,1.8204866839129413e-06,0.0,4.5059925457319404e-07,7.722856449596955e-07,0.13546597627716994,0.1607410493911849,0.030997061037956034,3.869462494308079e-05,0.5
2019-03-26,0.00040613806930749194,3.6452646808889923e-06,5.024549596363574e-06,0.0,1.6396504865224704e-06,2.330700502750523e-06,0.22030191851831799,0.28058419991852857,-0.11097348454355922,0.00039349790404096636,0.5
2019-03-27,0.00045369417014233396,3.251860160847543e-06,1.3769850772484365e-06,0.0,1.7409473116405048e-06,2.3871145844223605e-07,0.21261666170250124,0.07690977882143327,0.03680625380313761,0.0004470856661341552,0.5
2019-03-28,0.00013409085675094058,1.714456790489313e-07,2.1486920276097843e-07,0.0,1.758195597938157e-07,1.771339310696596e-07,0.026039601444881107,0.08010582734266186,0.05034732692295905,0.0001333515883782672,0.5
2019-03-29,0.00035780330010220764,3.930691897755614e-07,4.157206843499553e-07,0.0,2.905601061918263e-07,1.3641011240974583e-07,0.032638997073962575,0.07711757649215518,0.054200677607317886,0.00035656754000948056,0.5
2019-04-01,0.0006709649736238798,4.597326929259697e-07,4.038053280055888e-07,0.0,2.2603831500993504e-07,2.523951114318674e-07,0.028821847120164498,0.09965866592578819,0.05725628720523447,0.0006696230021765064,0.5
2019-04-02,2.2601099659645797e-05,1.561085922763347e-06,5.194157558607577e-06,0.0,5.531063773603995e-07,1.907940140205708e-06,0.26460216339736997,0.22623037707517918,-0.09430356647937979,1.3384809660708764e-05,0.5
2019-04-03,-0.0005310181250042881,4.928476923381132e-07,3.410293255669423e-07,0.0,2.6641640252832065e-07,1.9841979524148087e-06,0.04131658028758472,0.2608084234013824,-0.07253683260430546,-0.0005341026163771363,0.5
2019-04-04,-0.0004910905540786153,2.2193881921194196e-06,2.7540284621231035e-06,0.0,1.0833525014282031e-06,5.195863626872092e-07,0.2436290812996195,0.07591820413571072,-0.011372304795740425,-0.0004976669095969732,0.5
2019-04-05,9.092667356515254e-05,6.117050436257587e-07,8.171002617894776e-07,0.0,4.941528941601378e-07,6.401494563881714e-07,0.04579611461663212,0.08494077778857716,-0.02260433088463563,8.8363565909189e-05,0.5
2019-04-08,0.00010138673120070144,9.350946590800304e-07,1.051840244010626e-06,0.0,4.775702774654791e-07,6.737628229849951e-07,0.05102650672371064,0.06890359814557967,-0.044288556115899484,9.82484631971603e-05,0.5
2019-04-09,0.00012001273007502576,4.0973642914515517e-07,3.404403642548887e-07,0.0,2.1813257580125707e-07,5.73279962318399e-07,0.028896591238799833,0.058222714408190865,-0.03808831926130015,0.00011847114074350605,0.5
2019-04-10,-0.0001068941106456179,1.1736821555304254e-06,9.534011619888142e-07,0.0,4.0494079881500823e-07,3.3447635119603144e-07,0.14132025252565356,0.11000005465942703,0.053808027658493754,-0.00010976061111314817,0.5
2019-04-11,-0.00011896991946295074,8.899451766460378e-07,9.620895454313424e-07,0.0,5.947024162439886e-07,4.3836394334350116e-07,0.054758384980406194,0.11547229465783385,0.04182715217612565,-0.00012185502054461561,0.5
2019-04-12,0.00027633411158302563,9.773198325586535e-07,4.553017981024301e-07,0.0,6.044824145125685e-07,2.6632514167583015e-07,0.042606365663115806,0.10508983441229511,0.06034721061075567,0.00027403068239617616,0.5
2019-04-15,2.7370421329669196e-05,2.046115653366944e-06,5.143567254012926e-06,0.0,1.3598069498190552e-06,1.777085513198521e-06,0.2877002636443259,0.24095045355772146,-0.05759991265963008,1.704384595927175e-05,0.5
2019-04-16,-0.000458484365961193,1.0144255671338472e-06,1.055391234458193e-06,0.0,6.720977226928089e-07,1.7411710345978188e-06,0.07360709084013396,0.2374564257672685,-0.055060308045165124,-0.00046296745152007567,0.5
2019-04-17,-0.0008163674164115297,1.6997181999825549e-06,2.3185780984623645e-06,0.0,1.1207165099125442e-06,1.517104863738357e-06,0.12434077614263991,0.1567497366387573,-0.09812388046928668,-0.0008230235340836255,0.5
2019-04-18,-1.87817872592594e-05,9.003120399637816e-07,8.348306217587147e-07,0.0,4.980831018745734e-07,1.7162421144950546e-06,0.04930088725890054,0.1812012810713495,-0.10712739416381963,-2.2731255137351523e-05,0.5
2019-04-22,-0.00017745275853181262,1.2664677916616967e-06,1.0365443036941692e-06,0.0,8.198442423956266e-07,7.29377487380823e-07,0.15542150844015623,0.11763396005595517,-0.004901457824023091,-0.00018130499235694493,0.5
2019-04-23,0.0008777248589495338,1.2685520489720458e-06,1.6452340418806037e-06,0.0,1.0530172738480318e-06,6.538799626091101e-07,0.09562894928746332,0.08427383923831042,-0.025577994480020076,0.000873104175622224,0.5
2019-04-24,-0.0002353711104087769,3.4203079745084968e-06,4.216559870799538e-06,0.0,1.8813303188591908e-06,2.2168712227592413e-06,0.2963263188243238,0.33295261914680163,-0.039481746276750884,-0.00024710617979570337,0.5
2019-04-25,-0.00047936567754193113,1.6842415968328822e-06,1.3314783384513676e-06,0.0,1.399987524429858e-06,2.1938595224840897e-06,0.09114253087060067,0.3339282783484627,-0.0346401214288643,-0.00048597524452412933,0.5
2019-04-26,0.0005488551522485044,3.4682658267409207e-06,3.941075267642816e-06,0.0,2.0384198073109435e-06,1.090781717431272e-06,0.25324066000089285,0.13939766980041046,-0.04385365872804321,0.0005383166096293784,0.5
2019-04-29,0.0002401642141672063,1.2584654407125507e-06,8.492076173840121e-07,0.0,8.292271194559012e-07,1.0313460951982203e-06,0.0723151735439863,0.1490734661417925,-0.024192677851508526,0.00023619596789445563,0.5
2019-04-30,-8.241392270824904e-07,9.787202389036624e-07,1.1596757397913546e-06,0.0,6.764040842988247e-07,1.0021165398202744e-06,0.0640607997161833,0.1284731321725401,-0.03988244651726601,-4.6410558298966065e-06,0.5
2019-05-01,0.0004043760605889089,2.644314376720022e-06,1.716232010135356e-06,0.0,1.069498179032475e-06,1.2078180314818508e-07,0.22590914079628155,0.11871798373508319,0.0984266408061881,0.0003988252342198729,0.5
2019-05-02,6.56282634814785e-07,8.687105730741301e-07,1.3670644569937433e-06,0.0,6.248885302913493e-07,4.7003012362578964e-07,0.0597725887915188,0.13691668829080564,0.05795162752167297,-2.6744110491702273e-06,0.5
2019-05-03,5.476946371903233e-06,1.5192639370995475e-06,1.1742687575659124e-06,0.0,9.69821195430858e-07,6.012809924367166e-07,0.0816887353605184,0.16157296665410348,0.06055775992473507,1.212311489370199e-06,0.5
2019-05-06,-0.00015435957880055947,2.4566539144918975e-06,1.76761570062891e-06,0.0,1.8216871359500894e-06,5.584165197047401e-07,0.1553056256431897,0.1998020013445951,0.10598802603419877,-0.0001609639520713351,0.5
2019-05-07,-0.0021376581670175983,6.1262628034390705e-06,9.922418322269856e-06,0.0,4.8399017761549695e-06,3.6965479946367976e-06,0.4028828137282586,0.39960909785350396,-0.2214109652454779,-0.002162243297914099,0.5
2019-05-08,0.0019998720291145673,5.423477245491884e-06,2.313646045767499e-06,0.0,2.055711470611758e-06,2.4034703611175283e-06,0.3945925283352092,0.4955732038828722,0.09179018321512736,0.0019876757239915784,0.5
2019-05-09,-0.0005318770114077876,6.083301134772876e-07,1.1168810502483909e-06,0.0,3.9505216682275196e-07,2.6732475706426783e-06,0.05420841371474441,0.5111104267327364,0.06200483486476649,-0.0005366705223089788,0.5
2019-05-10,0.0001337045953256551,6.719138393239225e-06,9.163479448607038e-06,0.0,3.0907629558574613e-06,1.0050518311337924e-06,0.5557552679999537,0.09803181294744762,-0.07081689468302949,0.00011372616269681758,0.5
2019-05-13,0.0009357963454034359,4.239181328891236e-06,4.257011117291418e-06,0.0,1.8498066249845656e-06,2.1808779928768116e-06,0.18776412817907712,0.20141882501200248,-0.16496867779130184,0.0009232694683393919,0.5
2019-05-14,-0.0007860597216292136,4.91626274140493e-06,1.7147625622758348e-06,0.0,2.042830751773251e-06,1.5710633735707063e-06,0.4195062409697096,0.46957277545996107,0.20563412870008244,-0.0007963046410582384,0.5
2019-05-15,0.0013631388592700308,6.526869909665173e-06,9.389851028602748e-06,0.0,4.105442379409709e-06,3.6614346525721624e-06,0.454009363463981,0.5801113104870441,-0.035009711145079156,0.001339455261299781,0.5
2019-05-16,-0.0018470525073413001,9.10408656998957e-06,1.2767156247747935e-05,0.0,5.288497559041845e-06,3.240430364076144e-06,0.7618702236869664,0.32040432911170813,-0.22398797205308404,-0.0018774526780821557,0.5
2019-05-17,0.0011274803701607666,2.6399516761982567e-06,8.827976917246241e-07,0.0,1.5134316088946924e-06,2.4701655197129943e-06,0.18476413119591317,0.3412962491679282,-0.07369155814385477,0.001119974023664236,0.5
2019-05-20,0.0009727142199813107,2.8054666047531246e-06,3.242102054190892e-06,0.0,1.6272889674149993e-06,2.519478439612992e-06,0.15120678873198834,0.27547379211037654,-0.1477985857446061,0.0009625198839153387,0.5
2019-05-21,-0.0012238203367682086,3.4493676953664457e-06,3.369457861032245e-06,0.0,1.883394358820802e-06,9.472556384284887e-07,0.3494111763635902,0.1635978573628095,0.004458910106823385,-0.0012334698123218565,0.5
2019-05-22,0.00016249255412004296,3.5319811133413575e-06,2.4730700387225856e-06,0.0,2.2940619169851926e-06,1.0740492039668556e-06,0.1888230032022188,0.21575773280080066,0.035317466534368916,0.00015311939184702698,0.5
2019-05-23,-0.0008190688945563089,5.741120048081952e-06,6.068936511999421e-06,0.0,2.9691820657829574e-06,1.9684698068699035e-06,0.26890943055848926,0.22543430496854475,-0.10526862258559913,-0.0008358166029890431,0.5
2019-05-24,-0.0002527427757582815,3.155266147253722e-06,1.5950290350593859e-06,0.0,1.401194430580054e-06,1.5440494231156196e-06,0.13406238141294535,0.18922165266376018,-0.0701786504196639,-0.00026043831479429023,0.5
2019-05-28,0.00029654592674450525,3.68924445967782e-06,3.972853200423391e-06,0.0,1.2651936757252726e-06,2.5885484303041657e-06,0.3682481729593785,0.48559217629565404,0.05071604000455411,0.0002850300869783746,0.5
2019-05-29,1.3002827035179295e-05,3.7417094856412324e-06,2.438243006495798e-06,0.0,1.4047242333123824e-06,1.280564542466741e-06,0.21207973549900638,0.3155636753949059,0.10042883226049348,4.1375857672631415e-06,0.5
2019-05-30,0.00016943717262942655,1.5189162902076446e-06,1.9060421459173449e-06,0.0,7.448784578045811e-07,1.7848690341398413e-06,0.0901969171338983,0.35300708043021,0.05314908269471674,0.00016348246670135714,0.5
2019-05-31,-0.0015740103677546328,1.971593299071307e-06,1.7081792069803531e-06,0.0,8.249526288725374e-07,1.899319452866078e-06,0.10692210455194101,0.36196656894046697,0.042880900858965815,-0.001580414412342423,0.5
2019-06-03,-0.00011505410978361732,3.819092413958928e-06,4.872949705904129e-06,0.0,2.1421928817814183e-06,3.2449601806606898e-06,0.2863148776078943,0.5401806073314509,-0.004972703019545041,-0.0001291333049659225,0.5
2019-06-04,0.0006569087942003182,5.4426924619634035e-06,1.0633327392016663e-05,0.0,2.473659704614205e-06,3.3414934802040534e-06,0.562670613747485,0.29940127283376694,-0.26196963184051403,0.0006350176211615199,0.5
2019-06-05,-0.0021329846178830313,6.092680573460046e-06,5.776041655398987e-06,0.0,3.2582798107960213e-06,3.3079597765445733e-06,0.5224349987993786,0.4125338224869367,-0.1432034199725517,-0.002151419579699231,0.5
2019-06-06,-0.0010747175701630275,3.205735993439916e-06,1.6943852016167459e-06,0.0,1.6209265817290448e-06,3.1979879086381227e-06,0.18552787526437775,0.4789788751353193,-0.05828309351588533,-0.0010844366058484513,0.5
2019-06-07,-0.0011555222222858707,2.9202729346741955e-06,2.7584358578218207e-06,0.0,1.0535402979364628e-06,2.4841846989093725e-06,0.19283607380359347,0.3637758299327932,-0.05356719948398142,-0.0011647386560752126,0.5
2019-06-10,0.00016832045756934256,2.1539189583796908e-06,1.7138128981326562e-06,0.0,7.371151014614423e-07,2.2229888520892925e-06,0.10967137970314345,0.3240969436209175,-0.04936518353008365,0.00016149262175927948,0.5
2019-06-11,-9.373904503720123e-05,1.3425943222387424e-06,1.076441039288094e-06,0.0,5.407449737307475e-07,2.1352282689270263e-06,0.06478027610118618,0.3049968322077441,-0.053721516971996314,-9.883405364138583e-05,0.5
2019-06-12,0.0004121154280729352,3.0707331086790624e-06,3.1923302556759036e-06,0.0,1.049528353911334e-06,1.0202930933628762e-06,0.21728275838251965,0.13197197358593593,-0.03943726609902727,0.000403782543261306,0.5
2019-06-13,-0.00016334521206094206,1.851085790454697e-06,1.91386351810634e-06,0.0,7.845720324184928e-07,1.2007453353435185e-06,0.09197958559215211,0.12580583262118517,-0.07591938371652594,-0.0001690954787372651,0.5
2019-06-14,-7.33099707000871e-05,1.45532763125031e-06,8.509351446963904e-07,0.0,4.107324779154343e-07,2.7206225861601075e-07,0.14233063606703758,0.07249875299952388,0.02679229355203406,-7.629902821256524e-05,0.5
2019-06-17,3.666548165586157e-05,5.8378701929142e-07,5.375271655435045e-07,0.0,3.4443462390977523e-07,1.5000590379151173e-07,0.03630177638352039,0.0522968702896975,0.027095878452723515,3.504972694332536e-05,0.5
2019-06-18,0.0002487021593569099,3.5498854779346955e-07,3.543717138404885e-07,0.0,2.1563898708177872e-07,1.4583234187152644e-07,0.026759176264708466,0.055888296491907255,0.03138846305749082,0.0002476313277663226,0.5
2019-06-19,6.771175967114904e-05,1.2415078353759075e-06,3.8398882370206607e-07,0.0,3.3918605316907835e-07,2.40541887244639e-07,0.05212794441067319,0.10407041144791876,0.06365937439081941,6.550653507165736e-05,0.5
2019-06-20,0.000541462490649684,1.0177814737281231e-06,5.34577935754903e-07,0.0,5.448254679782157e-07,3.8646391327106265e-07,0.06566560061801965,0.16702534940944974,0.10209941197991124,0.0005389788418589517,0.5
2019-06-21,-0.0005954149156083859,3.4254657789110435e-06,5.585925991410204e-06,0.0,9.30856283869054e-07,1.9126880848628592e-06,0.2922279851135544,0.2830495966023881,-0.03828200165457224,-0.0006072698517474391,0.5
2019-06-24,1.112662268604351e-05,1.208857451076944e-06,9.177921437191216e-07,0.0,3.433423983623621e-07,1.768741350163934e-06,0.054698777373031665,0.2567023492756845,-0.04044619755185637,6.887889342721149e-06,0.5
2019-06-25,0.0009334458752469211,1.7575503084190736e-06,2.133853822613444e-06,0.0,6.814848417326249e-07,1.718729649814261e-06,0.0972797806746933,0.1952139507584263,-0.09353263041036954,0.0009271542566243417,0.5
2019-06-26,0.00014967895430518014,2.05772960008522e-06,2.2126714795345112e-06,0.0,8.260231261991624e-07,5.416267250051925e-07,0.3031384041353601,0.1876863143660943,0.09669302456522197,0.00014404090337435604,0.5
2019-06-27,0.00046241958599742587,1.9445467938502995e-06,2.6122586525116586e-06,0.0,7.693989740779463e-07,9.041760914202295e-07,0.11375845630521886,0.1766516149103237,0.02475003155172515,0.00045618920548556576,0.5
2019-06-28,-8.560199507765483e-05,2.0974764079321774e-06,4.383131803225731e-06,0.0,6.440606007960857e-07,1.0767877468507769e-06,0.2407698488383167,0.10179642095132133,-0.07910392051960918,-9.38034516364596e-05,0.5
2019-07-01,-0.0006267337989891395,5.731102384003844e-07,4.5075415306816213e-07,0.0,2.199862609569952e-07,1.078393803338075e-06,0.03270545652244171,0.103466888844749,-0.07770327011604759,-0.0006290560434449031,0.5
2019-07-02,-0.00018425898963919432,1.3452700334401792e-06,1.1411661510990498e-06,0.0,5.155528279295648e-07,1.442362209224825e-06,0.09553474142259952,0.17897196714854396,-0.06334488400122666,-0.00018870334086088794,0.5
2019-07-05,-0.0003009400647007895,7.741567426893326e-07,5.901493771224053e-07,0.0,2.3759918421398955e-07,1.5365023353969695e-06,0.04122947493453257,0.19854003980333693,-0.05959235254335392,-0.0003040784723402122,0.5
2019-07-08,0.00022198129585259156,1.80257358845184e-06,1.8404981241644146e-06,0.0,7.893181382153227e-07,9.167275397111017e-07,0.1436201135981093,0.11848302017096035,-0.03552720650050471,0.00021663217846204887,0.5
2019-07-09,-6.897481338843871e-05,1.2555020112020788e-06,8.862188459507524e-07,0.0,5.996869508382328e-07,9.078420132523144e-07,0.07673741529827868,0.13990831399860704,-0.012609144227781761,-7.262406320968209e-05,0.5
2019-07-10,-0.00026388578093347094,9.949751106683004e-07,1.1409129319263006e-06,0.0,4.1875424011663796e-07,2.2178743037208177e-07,0.09783430926643921,0.05020808430327976,0.012947796000770027,-0.00026666221064655427,0.5
2019-07-11,7.2365884296146145e-06,6.468605678474722e-07,1.593326591282681e-06,0.0,2.468234253775551e-07,5.992969436393419e-07,0.06929111931206466,0.05815707811358037,-0.04252480841782908,4.150280901467564e-06,0.5
2019-07-12,-0.00010757525417893586,8.748797306982424e-08,1.588003384712882e-07,0.0,5.239975723507804e-08,6.078477075267486e-07,0.007979999996116606,0.05553754171819209,-0.04658087314630165,-0.0001084817899552388,0.5
2019-07-15,-5.106629523371186e-06,4.074247766447909e-07,4.769869905326769e-07,0.0,3.047216008210863e-07,7.315976036385442e-07,0.041429971965754986,0.08495104376931646,-0.03795735364195898,-7.027360495008284e-06,0.5
2019-07-16,-5.8430204504906466e-05,2.437468166028e-07,3.1670778712858956e-07,0.0,2.0194580858797527e-07,6.57631164339314e-07,0.029123664292330965,0.08113523551809979,-0.029346800090904963,-5.985023608156514e-05,0.5
2019-07-17,0.00028953564063427366,8.063236809978195e-07,9.504494838206603e-07,0.0,2.9127593482679624e-07,1.9173250461766594e-07,0.14914629721509873,0.10368176209983851,0.07147070132407064,0.0002872958590300107,0.5
2019-07-18,0.0002870371486275908,6.676218220269844e-07,1.4156130413006362e-06,0.0,3.675747865248865e-07,5.454303873219489e-07,0.0619257085445409,0.11721651592392021,0.025584210853832806,0.00028404090859041634,0.5
2019-07-19,-5.489751314468065e-05,1.3879109829731654e-06,5.445193325805433e-07,0.0,3.981647039619712e-07,5.743823829630248e-07,0.058240403448433425,0.1495742891811369,0.05307804884334875,-5.780249054715936e-05,0.5
2019-07-22,-8.02697235598114e-06,1.666432548557984e-06,1.1880028463862153e-06,0.0,6.007951036820913e-07,2.706069628864827e-07,0.08124220195253255,0.104044322098378,0.058582352333448884,-1.1752809817493913e-05,0.5
2019-07-23,0.00033225698713399224,4.736119276212614e-07,3.289236078652659e-07,0.0,2.3316474237193333e-07,1.9176059864236103e-07,0.032627228905460534,0.1049528104442974,0.07273702987238073,0.0003310295262574914,0.5
2019-07-24,0.0003133263882527626,1.295295588300105e-06,7.625433298046043e-07,0.0,3.928157910668927e-07,2.772595139466363e-07,0.05526815197658209,0.1333232717952839,0.086743673452249,0.0003105984740296444,0.5
2019-07-25,-0.0008293730988920943,1.4915019929513131e-06,4.7072767639344835e-06,0.0,3.386598165427047e-07,1.5937504116736852e-06,0.22844422299655753,0.20129122102783656,-0.06645884813334252,-0.0008375042878771965,0.5
2019-07-26,-0.00010946092659098772,1.5008828505197082e-06,1.432717878326541e-06,0.0,6.510841254507602e-07,1.1997689668220167e-06,0.11146817854322211,0.15407066120896376,-0.04749052521713501,-0.00011424538041210675,0.5
2019-07-29,0.00015694952125011979,1.178626397381963e-06,1.2680696930155361e-06,0.0,5.008270673896456e-07,4.082085442074429e-07,0.13106313916880707,0.07337977197613021,0.004800736549279809,0.0001535937895481252,0.5
2019-07-30,0.00033570993745170145,1.2323602828455055e-06,2.287615616359387e-06,0.0,5.394098914127052e-07,1.0154877733293845e-06,0.10663230460900344,0.10827976368825297,-0.062322182231083656,0.0003306350638877545,0.5
2019-07-31,0.00023123674419885015,1.3342748061135428e-06,9.683597842594834e-07,0.0,3.3551697028895613e-07,1.4846679912877343e-07,0.19566285489172747,0.1234858783732675,0.09854345611963355,0.00022845012583905938,0.5
2019-08-01,-0.0009026288588081816,6.857661464059096e-07,1.004766430785843e-06,0.0,3.2814211607308753e-07,4.2942133346461187e-07,0.08445625267194115,0.1856463680752482,0.11350358405319343,-0.0009050769548349111,0.5
2019-08-02,-0.0010762676796767792,1.2576384265978188e-06,1.272415135007894e-06,0.0,5.792302846032695e-07,7.681730632177211e-07,0.0674503092243821,0.22276726852081763,0.09371419390024048,-0.001080145136586206,0.5
2019-08-05,-0.003376385155063522,1.7996660243375972e-06,1.5285640779785648e-06,0.0,7.060740225802671e-07,9.82788183318751e-07,0.17260249386018223,0.3393682473396258,0.1742598325420757,-0.003381402247371737,0.5
2019-08-06,0.0028063766524916442,3.569380185264806e-06,5.827402881197113e-06,0.0,1.1082598437555218e-06,1.6956774591653275e-06,0.25981802177834634,0.2910464764150806,0.006172663275305565,0.0027941759321222616,0.5
2019-08-07,-0.00016471192417583176,2.1928343384282385e-06,1.9270062788635963e-06,0.0,6.829042514042356e-07,1.6787796858486658e-06,0.13208667017150882,0.28804858130805255,0.006013594085476699,-0.0001711934487303765,0.5
2019-08-08,0.00031199797247989116,2.3993191903972788e-06,1.3895137747536319e-06,0.0,9.718724114376195e-07,8.842212686533223e-07,0.1362792651614536,0.2087916220682745,0.06024244893451636,0.0003063530458346493,0.5
2019-08-09,-0.00037720526380748826,3.1839628207983215e-06,5.47177701177821e-06,0.0,1.2488172228260011e-06,1.7338120442077165e-06,0.3567684312472834,0.2863595336739809,-0.004920889752915436,-0.0003888436329070985,0.5
2019-08-12,-0.00023851238441418361,1.4656583617856746e-06,1.6340291150027232e-06,0.0,5.251918611728794e-07,1.781444709849538e-06,0.07625077175163644,0.2534795075133794,-0.045803203741342974,-0.00024391870846199442,0.5
2019-08-13,-0.0007812859571010057,2.746063080906202e-06,2.5411579721617358e-06,0.0,7.505056867358962e-07,6.068960953300666e-07,0.22479785214785672,0.12063578173190702,0.018677237716455825,-0.0007879305799361396,0.5
2019-08-14,-0.0009208586625851704,1.84343635765189e-06,1.409003432529873e-06,0.0,3.885167788197397e-07,4.973706382001873e-07,0.21164668153269778,0.24685548067445473,0.16329721345682327,-0.0009249969897923721,0.5
2019-08-15,0.00015246512392567854,2.632534742105908e-06,4.747216906952015e-06,0.0,9.702391495904475e-07,9.052434067180162e-07,0.24109061087109734,0.1901302690077895,0.03804937667916281,0.00014320988972031215,0.5
2019-08-16,0.000787129193025929,2.1166051255585213e-06,2.1624645677315844e-06,0.0,9.236991982615881e-07,1.1435517445859886e-06,0.1276317478011197,0.21187974612301733,0.01976305303257124,0.0007807828723897913,0.5
2019-08-19,0.0003869885953710575,3.4342812140812967e-06,1.8660184666804468e-06,0.0,1.576763122034245e-06,3.919583842859203e-07,0.19438519651515085,0.17269020478743063,0.10684119622739605,0.00037971957418397564,0.5
2019-08-20,-0.0011559899840262846,2.976747543119288e-06,4.939395425991203e-06,0.0,7.183800572914392e-07,1.8780434277520013e-06,0.24672625867851394,0.28910956613492644,-0.026401729727409777,-0.0011665025504804384,0.5
2019-08-21,-0.00046497769910825213,1.1735816465346692e-06,1.4623745377412638e-06,0.0,3.6948890468516924e-07,1.4640790826502223e-06,0.0939494267596407,0.2140527684214521,-0.031912517463785255,-0.00046944722327986346,0.5
2019-08-22,0.0002209630415307983,1.7996945211427397e-06,2.0244823273959873e-06,0.0,4.529248166757574e-07,7.147701099375185e-07,0.13273811019299625,0.09007776082470736,-0.030003617644795734,0.0002159711697556463,0.5
2019-08-23,0.0007483100734077276,7.493654682044468e-07,6.317530409590962e-07,0.0,1.977808233212344e-07,8.121497950990901e-07,0.03773745383051256,0.10093257898979353,-0.03550858658685355,0.0007459190242801437,0.5
2019-08-26,-0.00039388226876091133,3.615112633957628e-06,4.297058551030512e-06,0.0,1.3385766618042098e-06,2.3656077588622785e-06,0.1838099236045781,0.24338846252844396,-0.15403364096041888,-0.00040549862436656595,0.5
2019-08-27,0.00022925440595275727,4.5063085983498305e-07,2.395926352384852e-07,0.0,1.584779966448363e-07,2.269541626610942e-06,0.029758207330508275,0.2439071131173581,-0.13737588015328012,0.00022613616283442803,0.5
2019-08-28,-0.0008136636376060227,3.467586453734333e-06,1.6239230511562652e-06,0.0,1.1753955196836805e-06,9.150878077804092e-07,0.16934751886578897,0.09196048233557325,-0.061774269371535497,-0.0008208456304383775,0.5
2019-08-29,-0.0007051918604404184,5.799228732597315e-07,2.2747198870372704e-07,0.0,1.3771558427392462e-07,8.884248745330345e-07,0.028048515310519648,0.10240574046029914,-0.04684963846125065,-0.0007070253957611888,0.5
2019-08-30,-3.641451114349174e-05,4.4678389865426925e-07,3.8330021181165383e-07,0.0,1.3196281352332352e-07,9.490544221007583e-07,0.02532003260766653,0.11364728188309753,-0.04579386102982987,-3.832561248958174e-05,0.5
2019-09-03,0.0004021526796332582,1.1649357713796822e-06,1.63484753133149e-06,0.0,4.2435368581071565e-07,1.3956142991746865e-06,0.10779638686633164,0.1768127248802786,-0.05765047738106872,0.00039753292834556164,0.5
2019-09-04,-0.0006915233040623623,9.610833517682827e-07,1.1273573085080626e-06,0.0,3.1306454000993144e-07,1.1670161843265217e-06,0.07236998482340196,0.1337431147230244,-0.06231560424383123,-0.0006950918254469751,0.5
2019-09-05,-0.0007274591665023434,1.1646631227530234e-06,4.960358103780392e-07,0.0,4.7101533785361727e-07,1.2241494214157874e-06,0.06275012749003758,0.18049184374186178,-0.025165259055990513,-0.000730815030194744,0.5
2019-09-06,9.528514731705582e-05,1.9900118827269263e-06,9.171058352917465e-07,0.0,5.849492849184356e-07,1.291098930582398e-06,0.0736066379883497,0.20774905529508356,-0.009155565042759287,9.050198138353632e-05,0.5
2019-09-09,-0.0007346002554072427,1.2882864524615328e-06,2.3004293945778054e-06,0.0,4.056862675751505e-07,1.9614098831217253e-06,0.12256573078112744,0.270734355277804,-0.05878250508664587,-0.0007405560674049789,0.5
2019-09-10,-0.0011912010908748157,3.802823170177942e-06,4.349504691160693e-06,0.0,1.3703076093662096e-06,8.371259032585853e-07,0.30371424103073036,0.10568057160880527,-0.034956580138637075,-0.001201560852248779,0.5
2019-09-11,-0.0007184300394134695,1.45925688646515e-06,2.4421079831696668e-06,0.0,4.838649138387056e-07,1.4318286045940466e-06,0.1449572452310299,0.16520818855790453,-0.0753390170138953,-0.0007242470978015371,0.5
2019-09-12,0.00022074609914280607,1.3670370842913574e-06,1.1242023569191805e-06,0.0,6.321950367430145e-07,1.2101634355759971e-06,0.10647926745175429,0.16005347254460933,-0.04325398463215815,0.0002164125012292765,0.5
2019-09-13,-5.733888828167037e-05,1.1132949119245831e-06,1.1798705658972787e-06,0.0,4.2392005552711087e-07,8.538231309218937e-07,0.08292811323434136,0.10153446075759547,-0.041907825237282634,-6.090979694594124e-05,0.5
2019-09-16,0.0003667237739687641,7.463066393211255e-07,9.409592443809187e-07,0.0,3.474788702297118e-07,9.166476348059397e-07,0.05195465924424351,0.09637977997987174,-0.05761702266752611,0.00036377238158002636,0.5
2019-09-17,3.1538290046727625e-05,6.650751690460222e-07,7.441493561625332e-07,0.0,2.7812623767245053e-07,9.810836615484826e-07,0.044019892832674365,0.0998020551728207,-0.06501999996732434,2.8869855622298135e-05,0.5
2019-09-18,2.678238314129731e-05,7.772621224617586e-07,7.469882442511902e-07,0.0,1.90078746587197e-07,4.1422177729811404e-07,0.1288179111028392,0.09815399319634956,0.028564734610266394,2.465383225069905e-05,0.5
2019-09-19,-6.770875367028876e-05,8.900826667405878e-07,1.760922002486747e-06,0.0,3.5692276830551216e-07,3.1056421107357823e-07,0.09333547419326872,0.03923667215392414,-0.012938115306437004,-7.102724531889519e-05,0.5
2019-09-20,-3.0712806739336914e-05,7.983433580133348e-07,5.103785385323962e-07,0.0,2.755731441143578e-07,9.68802800317579e-08,0.05694914170660844,0.032768657297002395,0.016492770251667073,-3.2393982060028763e-05,0.5
2019-09-23,2.8235483677196913e-05,2.2066371286812125e-07,1.8735089253038654e-07,0.0,5.5209264891563785e-08,1.404832567403101e-07,0.01817022732704896,0.04784525746445629,0.02424407033208419,2.763177655016653e-05,0.5
2019-09-24,-0.00026442354070988736,6.10834491746335e-07,1.0800443345845172e-06,0.0,3.3814940627762046e-07,5.350312416917073e-07,0.041918016410270945,0.074972703189458,-0.014912545414748821,-0.00026698760018418756,0.5
2019-09-25,0.00013479783522726227,7.909771373236135e-07,6.705512096084691e-07,0.0,2.4646357851860567e-07,5.928852651280592e-07,0.07771868753509405,0.12486059105681065,0.02525586651529669,0.00013249695803668353,0.5
2019-09-26,-0.00019952439767077993,9.340095942796198e-07,6.460962007188661e-07,0.0,3.3090609225497534e-07,7.325771102139012e-07,0.050293528008718495,0.15718182498045022,0.03410887046451483,-0.0002021679866682473,0.5
2019-09-27,-7.052891756213265e-06,1.5559487952678543e-06,3.1502249390916573e-06,0.0,6.214110540811492e-07,7.727376819069143e-07,0.1554029245667483,0.07673369564686122,-0.05308623491350035,-1.315321422656084e-05,0.5
2019-09-30,-0.0002659416757916424,7.090224437972709e-07,3.0632496314699363e-07,0.0,3.5877141310713825e-07,4.948177244485698e-07,0.05261088990324281,0.06924538266614536,-0.013883995041214377,-0.00026781061233614235,0.5
2019-10-01,-4.011702369084366e-05,1.0356299904748181e-06,1.0894634036804644e-06,0.0,3.027439129868617e-07,4.908169008223787e-07,0.14807676817743268,0.16032987107253494,0.07787263173437534,-4.3035677898808184e-05,0.5
2019-10-02,-0.0015169913298934054,1.5036420553506868e-06,9.331909375179421e-07,0.0,3.174103404535942e-07,6.049864625801365e-07,0.09397864406539305,0.22303722642632265,0.12139950071285972,-0.0015203505596893079,0.5
2019-10-03,0.0010576306010812572,2.0633771073143755e-06,3.053782453214205e-06,0.0,9.625772202925595e-07,1.8367159800196508e-06,0.11967899301350717,0.3284680586298374,0.019899773986536064,0.0010497141483204165,0.5
2019-10-04,0.0006048113309360548,2.0868900485479297e-06,3.2080751429700874e-06,0.0,6.333864288591043e-07,1.2705061608601449e-06,0.1851356554766309,0.172693795534022,-0.04075123949048233,0.0005976124731548176,0.5
2019-10-07,0.00019637299800757716,2.328860852314239e-06,7.205235338541766e-07,0.0,9.740069985833093e-07,4.5821647537799693e-07,0.11969122072540156,0.12254500209250761,0.04556463422900413,0.00019189139014744744,0.5
2019-10-08,-0.001000561850862629,1.0455565793132488e-06,3.7363844478868135e-07,0.0,3.6373201819834087e-07,3.5023248844864726e-07,0.06018567244257536,0.14681045820152014,0.08797140014214741,-0.0010026950103933778,0.5
2019-10-09,0.0010190149189558072,8.914048667346043e-07,1.1087187645475214e-06,0.0,2.83341898507908e-07,4.853093878798145e-07,0.048172374362531314,0.1409655093773221,0.05943353221351328,0.0010162461440381375,0.5
2019-10-10,0.0004178166300056648,9.246532785880355e-07,1.7868804732138294e-06,0.0,4.126178019775029e-07,7.375682509374883e-07,0.0802244512874696,0.12793487643958024,0.004023410282082182,0.000413954910200948,0.5
2019-10-11,0.0005008196581400875,2.1901888601275196e-06,7.753124623664999e-07,0.0,1.23216244989707e-06,3.233167668477127e-07,0.1616954405271046,0.19206289685922417,0.13774568002880844,0.0004962986776008486,0.5
2019-10-14,-0.00017811621298248581,1.3529393362574486e-06,4.5465742744224885e-06,0.0,2.7178873999403547e-07,1.6520687563653638e-06,0.19561564660072014,0.24491834378959515,-0.032629207279785945,-0.00018593958408952516,0.5
2019-10-15,-0.0005021883154363713,5.476878534201579e-07,5.556017665495873e-07,0.0,2.346032704231794e-07,1.677202784020726e-06,0.03458805465001629,0.24715939382945706,-0.034610673886024845,-0.000505203411110785,0.5
2019-10-16,0.00024979485961219486,1.3684368675248548e-06,1.9567625392035223e-06,0.0,4.851359473963843e-07,1.0118964101712162e-06,0.13420118696368014,0.13513336273003043,-0.034865234178733925,0.00024497262784789887,0.5
2019-10-17,-3.325404165771461e-05,3.7898329078427886e-07,1.9256493712033608e-07,0.0,8.013010056589744e-08,1.0185674213183027e-06,0.014871434194489936,0.1379529299861941,-0.03316639679528074,-3.492428740750342e-05,0.5
2019-10-18,6.505945141478225e-05,1.1042469366920648e-06,1.199178762010949e-06,0.0,2.8183746206185923e-07,4.4539750564855963e-07,0.09276455322788738,0.058752241239963934,-0.01607453970899408,6.202879074836881e-05,0.5
2019-10-21,-6.89759142245612e-05,3.3293751227675795e-07,3.677104456025816e-07,0.0,9.635312770286179e-08,4.990176659209093e-07,0.022566630323445254,0.06499179788919399,-0.01884316998551876,-7.027193297606432e-05,0.5
2019-10-22,0.0001463943539743063,5.437226972965583e-07,1.1224333183649041e-06,0.0,2.593414276953688e-07,8.37726900903786e-07,0.07278350272227402,0.1093966320979167,-0.03134148725391933,0.00014363112963004568,0.5
2019-10-23,-5.0335350447398475e-05,4.635428890896753e-07,5.107425322986585e-07,0.0,1.3926567918941136e-07,8.900891745421479e-07,0.025991126140763356,0.10908410564300226,-0.04045087568007859,-5.2338990722518366e-05,0.5
2019-10-24,2.326337880502314e-05,6.259211423578806e-07,8.149602359752306e-07,0.0,2.1694461833949952e-07,8.37677138927577e-07,0.04244801125076128,0.0839730236067196,-0.05675673573311335,2.0767875669422952e-05,0.5
2019-10-25,-0.00031636458766823685,4.814815297751723e-07,4.1847605050128986e-07,0.0,1.786591897177346e-07,8.525031425019594e-07,0.026962577339520663,0.08373348466113506,-0.059487043279194095,-0.000318295707580733,0.5
2019-10-28,-0.0002903807225645752,2.860931266667309e-07,1.723347025255082e-07,0.0,8.385610078919445e-08,8.173797461820599e-07,0.017320052598070144,0.08394838730411881,-0.053371410054467244,-0.0002917403862407387,0.5
2019-10-29,0.00028670072793654544,2.637876376870847e-07,2.6275607309950287e-07,0.0,7.903363556506712e-08,6.999457188762763e-07,0.021831093228566884,0.07045234032806633,-0.04713854044314809,0.00028539520487131753,0.5
2019-10-30,-0.00021784515198244766,2.0247680603657637e-07,2.484004502561086e-07,0.0,7.622145024407854e-08,6.835956051618808e-07,0.0173331596523444,0.06748683700883891,-0.04735722465835706,-0.00021905584629414632,0.5
2019-10-31,0.00013431968703575716,9.008108358939445e-07,7.376439601169498e-07,0.0,2.0323928087504146e-07,8.23770238611859e-07,0.0290032969684889,0.07419387561618186,-0.06419952447061046,0.00013165422272025937,0.5
2019-11-01,-0.0004211962609632426,6.02460893376467e-07,3.196384377242784e-07,0.0,1.9784484633578504e-07,7.884937619032989e-07,0.03225560391933821,0.08069939810838433,-0.051767553891369875,-0.0004231046989025824,0.5
2019-11-04,-0.00020198879959646012,6.432496866437946e-07,5.241693080563978e-07,0.0,2.144068786475996e-07,8.893802899682601e-07,0.036596314282227684,0.10145003727383459,-0.047965851440833096,-0.00020426000575977617,0.5
2019-11-05,-0.00016749451273056107,1.0347367368593883e-06,6.060661861692087e-07,0.0,3.498614071782407e-07,9.46544116038527e-07,0.05820163960649723,0.13153161023173343,-0.02748780126273911,-0.00017043172117680645,0.5
2019-11-06,0.0003483214437850394,8.909237730928789e-07,9.217915155848014e-07,0.0,2.9570849585897583e-07,8.205695480993188e-07,0.056541802364030135,0.10296569882047989,-0.034889985260205654,0.00034539245045240343,0.5
2019-11-07,-0.0005161164556125373,8.85993407312162e-07,1.0332816114359787e-06,0.0,4.073117251255296e-07,8.004068351152675e-07,0.06045128123362406,0.08583107200013679,-0.04863727629922815,-0.0005192434491915263,0.5
2019-11-08,-0.00021786607245563924,3.931047547470192e-07,6.392195388659142e-07,0.0,2.1756997924995141e-07,8.723550892968707e-07,0.032695941633116295,0.08261537911648024,-0.06394027588539403,-0.000219988321817799,0.5
2019-11-11,0.00014291889768934204,3.997806572820177e-07,2.102882364873046e-07,0.0,1.4098024016487902e-07,7.693454893464963e-07,0.022440806483338793,0.07519507321735891,-0.05405496899285249,0.00014139850306606135,0.5
2019-11-12,-0.00020363213542781415,6.34470256208868e-07,6.589885799219486e-07,0.0,2.7504546568083823e-07,2.2500416112356233e-07,0.09960881198680858,0.050545808176227586,0.01274510910746912,-0.00020542564389074936,0.5
2019-11-13,-8.847084717333078e-05,5.76814480303675e-07,3.360694005909924e-07,0.0,3.116335350800582e-07,1.0454531816052274e-07,0.030405339456989332,0.04038040768359427,0.02281679423262645,-8.979990990746602e-05,0.5
2019-11-14,0.00011087918530853241,2.8661777831308963e-07,2.9737603750144414e-07,0.0,1.480565009287303e-07,1.864759477907115e-07,0.01640573799789858,0.050785313694556626,0.019457354465717096,0.00010996065904399844,0.5
2019-11-15,-2.075696748917266e-05,6.835986345701111e-07,2.2648636169087264e-06,0.0,1.1444771341898614e-07,8.895715675334742e-07,0.10207756365169308,0.08730243090323384,-0.06214559244238983,-2.470944902160396e-05,0.5
2019-11-18,-0.0001945827609247221,6.472947915037441e-07,4.490996998188189e-07,0.0,4.519798051953494e-07,8.934205094124902e-07,0.04331606129041315,0.10530081722055012,-0.04479382836074821,-0.0001970245557306525,0.5
2019-11-19,-3.243027264473001e-05,2.5952076913710956e-07,2.2778209718208442e-07,0.0,1.0331836406253805e-07,8.954402946548179e-07,0.017142121075885905,0.1080595360575261,-0.04237443344448329,-3.391633416976656e-05,0.5
2019-11-20,0.0001996790669593406,4.3290868989942314e-07,8.677707346114765e-07,0.0,3.804149485576791e-07,8.681515727631831e-07,0.044210214721805766,0.08125617015911472,-0.06459329406510005,0.00019712982101350885,0.5
2019-11-21,7.333306964529165e-05,3.8286779001344185e-07,6.655166574316269e-07,0.0,2.2904339504998587e-07,1.0669920154174524e-06,0.03091435292548341,0.09470836698328289,-0.08454629160684911,7.098864978737914e-05,0.5
2019-11-22,-6.520632145577164e-05,3.1995558945925195e-07,2.507255836526907e-07,0.0,1.8485744176779234e-07,9.847720966989556e-07,0.026381164545120975,0.09177492754000657,-0.07366678470541795,-6.694663216735033e-05,0.5
2019-11-25,-0.0006932114278262094,3.3950525819568087e-07,4.3047141449469663e-07,0.0,1.5533398037737378e-07,9.65570905660801e-07,0.02618901578301684,0.0847557882754109,-0.07746012387560366,-0.0006951023093849379,0.5
2019-11-26,-0.00018553555064452224,6.37285813192752e-07,3.996345035173559e-07,0.0,2.7655423622471576e-07,1.0037941424115836e-06,0.03779857814886104,0.10442231749883932,-0.06421509842630671,-0.00018785281933986865,0.5
2019-11-27,-0.00027637491158583613,2.4825074345020003e-07,2.3574444273215997e-07,0.0,1.5241509514806579e-07,9.956398977670995e-07,0.02268211465688833,0.10916028633236473,-0.05810721649250799,-0.00027800696176493367,0.5
2019-12-02,0.0005141823362995138,1.2337824671085845e-06,1.0051861198700679e-06,0.0,2.810268421029366e-07,1.3956873475752326e-07,0.2247185728330622,0.1575948966539407,0.13414734921467678,0.0005115227721356747,0.5
2019-12-03,-0.0009703283727788738,2.1651262002929213e-06,2.8256946336058922e-06,0.0,8.694739527871886e-07,1.12252107229606e-06,0.11498303419986064,0.23696260181895912,0.04837906167322098,-0.0009773111886378558,0.5
2019-12-04,0.0005619884560978422,2.2616164177226227e-06,2.1825012167081513e-06,0.0,8.549894330722409e-07,1.6721488365985255e-06,0.16309549624132497,0.3489323174343148,0.06801131288576255,0.0005550172001937407,0.5
2019-12-05,0.00038182575294393135,3.218575235130638e-06,5.987579214075602e-06,0.0,1.416010096427128e-06,1.2309207380602831e-06,0.3296334052684733,0.14692133137644464,-0.059873352617682896,0.0003699726676602377,0.5
2019-12-06,-0.0010502170001712523,3.725933762891082e-06,7.299550658139499e-07,0.0,1.6819666352959746e-06,4.353037162105455e-07,0.15837169691822484,0.14525518826933165,0.07212416394596001,-0.0010567901593514638,0.5
2019-12-09,-0.0003496847428102158,1.3937156974243431e-06,4.4222417303392004e-06,0.0,5.44488913631429e-07,2.105264720305547e-06,0.2355585365079897,0.308087016568242,-0.045597456443089955,-0.0003581504538719163,0.5
2019-12-10,4.311066943028641e-05,6.25932993305768e-07,8.516448122226183e-07,0.0,4.89182157137851e-07,2.1057174345620203e-06,0.05356485287677439,0.3011134016357084,-0.05264712737071103,3.903819203305815e-05,0.5
2019-12-11,-0.00044552653062206253,3.4753965940518316e-06,3.759368799125711e-06,0.0,1.3268063588621761e-06,2.1415430453283655e-07,0.2876381791481729,0.04000905709843905,0.004031133936922516,-0.00045430225667863507,0.5
2019-12-12,4.071292835842808e-05,8.70422412244573e-07,4.332180488530131e-07,0.0,6.669734511882054e-07,2.393055195054418e-07,0.06323298280005119,0.08619175150475605,0.045988424227841815,3.850300892663685e-05,0.5
2019-12-13,0.00012685521422931085,1.6720031381593375e-06,8.571338780633366e-07,0.0,7.194273784109226e-07,3.9946771909832936e-07,0.1067694391373357,0.1729390522734637,0.1058284754649444,0.00012320718211557893,0.5
2019-12-16,0.0005281999820368022,1.5511094691255813e-06,6.198069924280576e-07,0.0,3.3786625107539424e-07,4.4532338578407645e-07,0.03954415171255961,0.17912226263363631,0.1043079338219115,0.000525245875938389,0.5
2019-12-17,-0.00021542055480306226,2.5684965600057783e-06,4.712021681203022e-06,0.0,1.1278134889597578e-06,1.3348839827067235e-06,0.2387736862379478,0.2051018230243462,-0.01915868607038332,-0.00022516377051593755,0.5
2019-12-18,-0.00018127649815317118,9.018898238045075e-07,8.706006429025845e-07,0.0,2.730573222674131e-07,1.3815033547657916e-06,0.03959084345360864,0.1960290303647397,-0.036063533235913284,-0.0001847035492969115,0.5
2019-12-19,-0.00014999781305481967,1.1840897703429124e-06,1.70417115759875e-06,0.0,5.112535583127109e-07,8.186131497969189e-07,0.10933473990444148,0.09270227507834433,-0.04482473408753805,-0.00015421594069087096,0.5
2019-12-20,-0.0002423854197169563,9.964412351405555e-07,4.5148134197525284e-07,0.0,2.23363732711759e-07,9.02839022867259e-07,0.04285519895146159,0.12357438882570966,-0.02810256701598988,-0.00024495954504965113,0.5
2019-12-23,-0.00023018880776501851,6.982260452891697e-07,1.3949588478850295e-06,0.0,3.43731103718564e-07,1.407000574729062e-06,0.08283495608130911,0.18494217137569804,-0.05143392517878439,-0.00023403272433664035,0.5
2019-12-26,-0.0002490452872094624,7.749494411264989e-07,8.496629716801299e-07,0.0,2.3379739094703527e-07,1.2429404458790657e-06,0.0518272988787495,0.15100913669121052,-0.05780485821647252,-0.00025214663745909513,0.5
2019-12-27,4.835855972478814e-06,1.7588054526011275e-06,1.4098266980815484e-06,0.0,4.4410995381349845e-07,5.381603014165534e-07,0.1056092037917094,0.06002128489185142,-0.03038964574612957,6.849535665660862e-07,0.5
2019-12-30,0.00013678235266152195,2.690183670700008e-07,2.893947470650678e-07,0.0,1.0138368574511285e-07,5.635069056840009e-07,0.018784222148410808,0.06194328124041362,-0.032725878914498505,0.00013555904895595777,0.5
2019-12-31,-3.360351719953653e-06,3.986878933556276e-07,6.386841851114712e-07,0.0,1.5804083628353977e-07,7.070966877311421e-07,0.027204076047418563,0.06592855769496388,-0.052863685843867976,-5.262861322435434e-06,0.5
2020-01-02,-0.0005295290022000774,7.094303263912987e-07,1.7780105975868786e-06,0.0,2.95015016661993e-07,1.3334627044965113e-06,0.09187718075874637,0.12422464126844862,-0.09979709308696529,-0.0005336449208452141,0.5
2020-01-03,0.0007084883730219233,2.3182176241268594e-06,1.4750164465073613e-06,0.0,7.398027118836624e-07,6.425838444447477e-07,0.2073897085943577,0.13391475649982434,0.02596067063310674,0.0007033127523949607,0.5
2020-01-06,-5.948069636371242e-05,1.0113588449354936e-06,3.5194729546273544e-06,0.0,4.838932901575415e-07,1.5934997915701345e-06,0.1441430444412051,0.15574322244179561,-0.11196474254198696,-6.608892124500294e-05,0.5
2020-01-07,0.00012404697196038284,3.1262766753299073e-06,2.0394709351660157e-06,0.0,1.0528705669889055e-06,9.373775487743561e-07,0.28946351313925,0.2503912981331958,0.09291186993910405,0.00011689097623412365,0.5
2020-01-08,0.0010198689760754665,2.8325894316447887e-06,9.166043499562678e-07,0.0,2.1340651790978404e-06,2.054915002393734e-07,0.21128099082821938,0.3108795213591363,0.27635694931892163,0.0010137802256145283,0.5
2020-01-09,0.001704035113206311,3.008602688399641e-06,9.670044037439974e-06,0.0,1.079985100310302e-06,2.4674031597967196e-06,0.43520204337014845,0.3499947715086494,-0.06452895933719946,0.0016878090782203644,0.5
2020-01-10,0.0006517757654654874,1.3568955266526225e-06,1.0553194365471416e-06,0.0,5.42005888382203e-07,2.5065644856705165e-06,0.06558164575679618,0.35155039428451906,-0.06955243930812773,0.0006463149801282349,0.5
2020-01-13,-0.0003488436204653741,1.618331500577582e-06,2.130131789775436e-06,0.0,1.322073265866754e-06,2.2646259472367234e-06,0.14575740027749023,0.3046291376331579,-0.07582802150261164,-0.00035617878296883063,0.5
2020-01-14,0.000242310681767952,2.05985933067989e-06,2.021180301115162e-06,0.0,8.936596689934533e-07,1.581621885626917e-06,0.16070519496077534,0.2245363941028089,-0.04117608268251316,0.00023575436058153657,0.5
2020-01-15,-0.000365098756029089,1.4216822138378107e-06,2.6972821793193677e-06,0.0,8.592415323217587e-07,2.1441580497728463e-06,0.11800070072920726,0.23195947159256192,-0.12825908076927625,-0.0003722211200043408,0.5
2020-01-16,-0.0011776831848294915,1.452930839987134e-06,1.8334169093131404e-06,0.0,9.697230298793295e-07,2.4571214944399853e-06,0.1392827306965636,0.2923741278301935,-0.12042228323572407,-0.001184396377103111,0.5
2020-01-17,-0.000658342409134536,8.426086774393587e-07,8.968384287508891e-07,0.0,6.875011108835107e-07,2.310462431627508e-06,0.07799899051341432,0.28658268078619636,-0.10157500772722508,-0.0006630798197832372,0.5
2020-01-21,0.0002858748832550897,9.724912861313432e-07,7.622612890994549e-07,0.0,6.180086520135879e-07,2.277971446185635e-06,0.061411250270587386,0.28982294625140653,-0.0928762567077802,0.0002812441505816597,0.5
2020-01-22,-0.0003662870350509156,2.246795914380555e-06,2.914155117125252e-06,0.0,1.1779565911941884e-06,2.2208924686219708e-06,0.1317593807553023,0.19993050867246656,-0.17317942605602454,-0.00037484683514223756,0.5
2020-01-23,-0.00018465029921199233,5.365591953070153e-07,5.197970788418592e-07,0.0,1.8952584781203985e-07,2.239623779798579e-06,0.03073280129345422,0.19845878946351894,-0.17779800554264227,-0.00018813580511375182,0.5
2020-01-24,0.001419752017875072,2.177734949524918e-06,4.280084494203365e-06,0.0,1.213785139206561e-06,3.995406325099785e-06,0.1681348278625508,0.34069211140584743,-0.33053615121091645,0.0014080850069670373,0.5
2020-01-27,0.004216438428512067,2.575669149809322e-06,2.1748034701409243e-06,0.0,5.673912147076617e-07,1.9135676303816145e-06,0.4861424695277509,0.4011101504932082,0.07963078858909695,0.0042092069970470275,0.5
2020-01-28,0.0017789772028350805,7.494540267428542e-07,7.22140130867798e-07,0.0,2.3005566796228514e-07,2.0309129183872647e-06,0.0680265611237905,0.44304998199975026,0.10185661171068978,0.0017752446400911203,0.5
2020-01-29,-0.0006681968402948938,4.414516820253647e-06,7.5527597859879615e-06,0.0,1.5989056076468996e-06,1.3784993693542105e-06,0.4611681554647816,0.22658518867027294,-0.005002705381234426,-0.0006831415218781365,0.5
2020-01-30,-0.00010926930768236824,4.881432899077796e-06,7.63754176098288e-06,0.0,1.5045614761409945e-06,2.631507671648207e-06,0.4049349288699371,0.25316132617323595,-0.1889319626636628,-0.0001259243514902181,0.5
2020-01-31,0.0032402934009158305,2.6900633630492826e-06,2.2855463224508215e-06,0.0,7.851268129267588e-07,2.9741676439568244e-06,0.09677465750605066,0.26677421774869187,-0.23288594643605454,0.003231558496773447,0.5
2020-02-03,-0.0013261654910140803,2.814931511818753e-06,2.5006286436113355e-06,0.0,8.742628013952356e-07,9.986214147186482e-07,0.3895132254753218,0.1973607297478972,0.029592332075164263,-0.0013333539353856242,0.5
2020-02-04,0.0008694941224782549,2.8386637994720304e-06,1.71566319835516e-06,0.0,1.1444632051128422e-06,3.5152585886404617e-07,0.18525711043337723,0.17865492404988687,0.1195985797607271,0.0008634438064164508,0.5
2020-02-05,0.0012276217815460257,1.6649276624102148e-06,1.7705535149409257e-06,0.0,8.685646708238218e-07,4.061273819753901e-07,0.13662215981277304,0.2064816852050374,0.13825228503317183,0.0012229116083158755,0.5
2020-02-06,0.0006566646259807347,2.0380379316272837e-06,6.672998863630389e-06,0.0,6.089241702229326e-07,2.5361561437405827e-06,0.35104745328615417,0.3823698110953362,-0.04370442105308167,0.0006448085088715136,0.5
2020-02-07,0.0006585783920603433,1.4646966080139971e-06,2.222144183806009e-06,0.0,5.686513721785498e-07,1.9378423106763624e-06,0.15700009311401145,0.2833747404467365,-0.042182767746892384,0.0006523850575856684,0.5
2020-02-10,-0.0004477240893022342,2.073175582613768e-06,3.2569835370649228e-06,0.0,7.039159044402198e-07,1.043885981200786e-06,0.22580496093927224,0.13097322223357605,-0.04439962260815595,-0.0004548020503075539,0.5
2020-02-11,0.00020803114258401975,1.1325991789350157e-06,8.407200584598758e-07,0.0,3.5513459771307154e-07,9.671156586007866e-07,0.06704288496065776,0.13445911787078318,-0.028016312774148937,0.000204735573090311,0.5
2020-02-12,7.632648567128714e-05,1.0581841673821835e-06,8.483534305370517e-07,0.0,2.869146058670656e-07,7.728537678388701e-07,0.06049501430538712,0.10580526225781153,-0.024034170739118663,7.336017969966197e-05,0.5
2020-02-13,-7.56189913583034e-05,1.086949542413988e-06,1.6074260532571004e-06,0.0,4.2190588513282996e-07,1.168644607603668e-06,0.11694132937400019,0.17069346728182727,-0.025638826795588973,-7.990391744671098e-05,0.5
2020-02-14,-0.0001070898940634506,7.106628470580643e-07,8.033909671352852e-07,0.0,3.093956291723744e-07,1.2567495547070152e-06,0.04855513674438981,0.17572942457057844,-0.035404500620200084,-0.00011017009306152334,0.5
2020-02-18,-9.004762423059652e-05,1.1301425610377827e-06,1.7234085900246977e-06,0.0,4.4757925767029475e-07,1.1522137377237303e-06,0.07742382178443533,0.10951706352238945,-0.08405484441519721,-9.450096837705303e-05,0.5
2020-02-19,-0.00040235564298274774,3.799486774751073e-07,2.9775362978039164e-07,0.0,1.0470669035499242e-07,1.149547305964407e-06,0.026541447036751008,0.11632494599314938,-0.07679900140887103,-0.00040428759928632263,0.5
2020-02-20,0.0004288365694135783,5.699435083012406e-07,4.7194608727752863e-07,0.0,1.3935471569025664e-07,7.124856831800103e-07,0.07133626885767548,0.09170447226480943,-0.027993122509432297,0.00042694283941912924,0.5
2020-02-21,0.00037388573603564087,1.4807132272256495e-06,2.2940392280179507e-06,0.0,5.376342344576306e-07,1.3844819841995497e-06,0.09373055611577688,0.13187768927038127,-0.10071528407514307,0.0003681888673617401,0.5
2020-02-24,0.0033755089223988528,1.6121980459388943e-06,9.644190032843405e-07,0.0,2.3038890712914454e-07,8.076858741230532e-07,0.27410169120480393,0.292156567052122,0.15646534019944902,0.003371894230568377,0.5
2020-02-25,-0.005015177565219597,1.632497969634183e-06,2.3910053642030736e-06,0.0,5.810522285589938e-07,1.6611141493345772e-06,0.10361697106061203,0.35779983405318305,0.07873265696497414,-0.005021443234931327,0.5
2020-02-26,-0.00013482403984354212,1.8968654567918814e-06,3.2757792307863027e-06,0.0,5.536268100078506e-07,1.367949645699315e-06,0.1940361873249551,0.2547844934118991,0.024968952934414243,-0.00014191826098682746,0.5
2020-02-27,-0.0015175413173311462,6.292374992130833e-07,3.122165335616661e-07,0.0,1.4423686439337224e-07,1.0766578554544987e-06,0.0360784843901143,0.2236850159407384,0.04280649622438262,-0.001519703666083769,0.5
2020-02-28,0.0006099133922975687,9.631468571550006e-07,1.4952361221367827e-06,0.0,2.4174521185764817e-07,1.1031177299405072e-06,0.07929018230466828,0.19850350106743075,0.013179722437425503,0.0006061101463764787,0.5
2020-03-02,0.0007100562150976195,1.2195251850843487e-06,2.7444740626442764e-06,0.0,2.39023533962505e-07,1.1300240472102256e-06,0.1352825411641136,0.12609916524036058,-0.06374487469095735,0.0007047231682687182,0.5
2020-03-03,0.0013546684714206322,1.5279128152711694e-06,3.661491930135549e-07,0.0,2.904838122164165e-07,5.718778018063433e-07,0.10717927202165824,0.1336401166831496,0.03756464597968391,0.0013519120477983248,0.5
2020-03-04,0.001575425869283969,1.3519818586325364e-06,3.6319939882287475e-06,0.0,2.480992743328322e-07,1.230694941485976e-06,0.16424694979729398,0.1233963283682972,-0.08336042180134681,0.0015689630992212888,0.5
2020-03-05,0.0026120369505795134,1.166237806716062e-06,1.1488622786415088e-06,0.0,2.65427794621696e-07,1.385812597646345e-06,0.05749612811751113,0.13229277941250558,-0.10052373699208034,0.002608070610101888,0.5
2020-03-06,0.0019475995903874888,1.5166321141382066e-06,1.362199295632729e-06,0.0,2.5049840729316786e-07,9.020727676747133e-07,0.16442730163602148,0.14839741068994594,-0.003150814279405896,0.00194356818780275,0.5
2020-03-09,0.00021148354924698182,1.1274228412057995e-06,3.1499563034506315e-07,0.0,2.0490653338495363e-07,6.081042031988728e-07,0.07779060414508542,0.16883870833006392,0.06667720219265329,0.00020922812003884713,0.5
2020-03-10,0.003905272009911216,1.6040321535594389e-06,2.1725803001358847e-06,0.0,3.375597628389128e-07,6.963588991779734e-07,0.10177361254896608,0.12606270435805672,0.009074409296157191,0.0039004614787955037,0.5
2020-03-11,-0.00041630619049579944,1.1516318680194863e-06,7.567035476192217e-07,0.0,2.1904929841444646e-07,4.588938140983522e-07,0.055374176858609944,0.0901034658320187,0.01300930506349552,-0.00041889246902395094,0.5
2020-03-12,-0.0019613957636617717,9.010337066459401e-07,4.008319696553715e-07,0.0,2.2650607077331887e-07,3.704698525918772e-07,0.042199678260394474,0.09371759432917132,0.03147865909373596,-0.001963294605261438,0.5
2020-03-13,0.003342907001472025,1.1863322494062927e-06,1.2233155354549945e-06,0.0,3.1561600608086436e-07,5.4132978622733e-07,0.05424756147218224,0.09544893300833349,0.004505528922142035,0.0033396404078948555,0.5
2020-03-16,-0.0008396045931881361,1.1858455287340895e-06,9.866476679536556e-07,0.0,2.6194180363089757e-07,2.8606114693394883e-07,0.06854126170033092,0.048649960246559924,0.0005916875616565217,-0.0008423250893353887,0.5
2020-03-17,-9.603289801160464e-05,1.0897650925973299e-06,1.4490696648989812e-06,0.0,2.941739858910164e-07,6.725276367231833e-07,0.06928210683971905,0.0751235165733129,-0.03786112639618191,-9.953843439171515e-05,0.5
2020-03-18,0.0018272123764278793,1.24542931913545e-06,7.698660370922007e-07,0.0,2.677383859084933e-07,3.8680383950660924e-07,0.05689858627801679,0.04358818106676493,-0.02139486397034543,0.0018245425388462365,0.5
2020-03-19,-0.00019951321376771405,7.051415892987067e-07,1.8547349002737424e-07,0.0,1.9418611103459097e-07,2.353687109961982e-07,0.024724863488386248,0.034073320427901024,-0.005468623019460278,-0.0002008333836690709,0.5
2020-03-20,9.053390898085822e-06,7.826014890629381e-07,4.17570759690296e-07,0.0,1.9729523010641543e-07,1.2305995854105074e-07,0.04511502647972079,0.03944764723345429,0.018773574198557772,7.532863460685121e-06,0.5
2020-03-23,-0.0007208586789170146,5.244721368714469e-07,4.800351767924768e-07,0.0,1.439589362169786e-07,2.15873017793239e-07,0.01836586550397063,0.04102064910425454,0.004753982114990386,-0.0007222230181846888,0.5
2020-03-24,0.0007463882911599649,4.2149904104015627e-07,4.107102406798004e-07,0.0,1.8313434582381489e-07,3.23233821109005e-07,0.02047553912818153,0.052316126602641067,-0.001987155343671769,0.0007450497137113122,0.5
2020-03-25,-7.763335186722121e-05,1.0908898095904984e-06,2.759387599946169e-07,0.0,3.91484164028018e-07,2.1016089587898966e-07,0.04827816318401537,0.07014543844848893,0.03483840794081867,-7.960182549671333e-05,0.5
2020-03-26,0.0025354423255344698,9.016258381716312e-07,2.5141644053253525e-06,0.0,2.2322841164830764e-07,9.648557014545551e-07,0.1062038988626899,0.10635386562024429,-0.05574189222412095,0.00253083845117787,0.5
2020-03-27,0.0015278573381343318,7.227126368711649e-07,3.5106688977346324e-07,0.0,2.589535653195866e-07,7.152724326791291e-07,0.046589652913532315,0.09417059155686403,-0.025995177133229647,0.0015258093326096884,0.5
2020-03-30,-0.0008487055883021078,5.577943036768747e-07,5.163112854339011e-07,0.0,1.8995354420461597e-07,7.167997771883213e-07,0.023853379047386908,0.08235160008770734,-0.038070762479930645,-0.0008506864472126116,0.5
2020-03-31,0.0005828352597721263,7.5644828657394e-07,4.455217360664593e-07,0.0,2.2442214009434102e-07,6.819263520441078e-07,0.025852037379854687,0.07642727405222663,-0.038136353091183454,0.0005807269412573475,0.5
2020-04-01,0.001317782852629516,1.1112639923772658e-06,1.0160582277632877e-06,0.0,3.669271541835566e-07,8.994985198075099e-07,0.041337177502673274,0.08757882376560593,-0.06353692756205573,0.0013143891047353844,0.5
2020-04-02,-0.001644810483476894,7.606131695299005e-07,4.740654930847849e-07,0.0,2.3531868157661802e-07,9.325906195789924e-07,0.028435756836970236,0.09050932547551971,-0.06616589861375104,-0.0016472130714406642,0.5
2020-04-03,0.0008402604099508796,6.335771250525364e-07,4.915739745987967e-07,0.0,1.750735338592102e-07,9.962777494308145e-07,0.02392223515752579,0.09506704578605754,-0.07230761611831923,0.0008379639075679382,0.5
2020-04-06,-0.0043306330480878934,8.529793369236726e-07,3.612373769207654e-07,0.0,2.855927822527469e-07,8.871805720443054e-07,0.03095080653447783,0.08320506207672394,-0.06584127402671938,-0.004333020038156035,0.5
2020-04-07,-0.0001419326491075337,9.867929593019617e-07,2.544027387485716e-07,0.0,4.059108511202459e-07,6.001023947129651e-07,0.054968087259630004,0.08175610430827941,-0.019061098003498728,-0.00014417985805141744,0.5
2020-04-08,-0.00018731211747331252,4.3210322987735527e-07,3.580448077243777e-07,0.0,1.378450219156254e-07,6.318174293554598e-07,0.017992329256517003,0.0809583819468434,-0.025186946184873826,-0.00018887192796218533,0.5
2020-04-09,-0.0001991618641589897,8.035745244886392e-07,8.937135277346622e-07,0.0,2.903823212694543e-07,7.808597807422952e-07,0.053633149438570143,0.0945369005603468,-0.03664754260435881,-0.00020193039431322474,0.5
2020-04-13,-1.0274214909244104e-05,4.426990449993396e-07,2.701052955005802e-07,0.0,1.435696847637058e-07,6.858936578593048e-07,0.02592883356226127,0.0884428634455546,-0.026787271074808612,-1.1816482592367035e-05,0.5
2020-04-14,-0.0005946468032216022,3.5750357394431363e-07,3.5975927102172845e-07,0.0,9.505976199019958e-08,6.451306556425601e-07,0.018682437263344044,0.0758401795610662,-0.0325417705868839,-0.000596104256484201,0.5
2020-04-15,0.00039903968442396093,4.0837990606477815e-07,3.7923579578168493e-07,0.0,9.526401228600573e-08,2.2096028181343475e-07,0.04793689857048222,0.032702608639908565,-0.004418718704748471,0.000397935844428015,0.5
2020-04-16,-0.00018468363819540765,4.5779270299574984e-07,3.3350934937138556e-07,0.0,1.2851458890159412e-07,2.816560648656726e-07,0.017446349468398327,0.037149876443592765,-0.010168342453840233,-0.00018588511090154205,0.5
2020-04-17,0.00019195510808223202,3.873441385482918e-07,5.83713596460858e-07,0.0,9.758902974111513e-08,4.0408207572881956e-07,0.026048501248943232,0.04051302245302402,-0.02737276626941767,0.00019048237924175295,0.5
2020-04-20,0.00040509878599373776,2.5770160269667885e-07,1.6294870859229344e-07,0.0,6.244617570141283e-08,3.7212573351304576e-07,0.009547911695416926,0.03612842336417273,-0.026388699866018956,0.00040424356377323435,0.5
2020-04-21,0.0006375487412524712,1.3982205181617362e-07,5.58590249044975e-08,0.0,3.271628494378197e-08,3.4659164701548167e-07,0.006169282585522025,0.035761428355308725,-0.02246596834329219,0.0006369737522437913,0.5
2020-04-22,-0.000443484295183588,4.194407126360091e-07,2.520254423367913e-07,0.0,6.306271282768059e-08,1.300533821398066e-07,0.052921929071045454,0.04450398245633195,0.022655014256844446,-0.00044434887743352824,0.5
2020-04-23,8.273901975270417e-05,3.120634926383457e-07,2.4708122929226107e-07,0.0,9.093483948178241e-08,1.6505234072281973e-07,0.01331991135275173,0.04673461881875803,0.019005825577324317,8.192388785056897e-05,0.5
2020-04-24,0.00031692669852360493,3.4660551904819147e-07,1.2027124939555092e-07,0.0,1.0060139301154086e-07,1.1077887379696916e-07,0.011794175134754063,0.04330772849821103,0.024696877700320218,0.0003162484414883527,0.5
2020-04-27,0.0006342232008636438,4.5559447018423616e-07,1.6427818712679137e-06,0.0,7.235956301128131e-08,5.238267435128356e-07,0.07082452912655259,0.05078166407493612,-0.03722122883522027,0.0006315286382156675,0.5
2020-04-28,0.00033274186466625304,1.8135260981523738e-07,7.428496293702416e-08,0.0,6.173604679579346e-08,5.241543927575877e-07,0.010410689995787276,0.057686427007271,-0.03037151097600373,0.0003319003366539474,0.5
2020-04-29,-0.0005905295212896558,1.7524802260340177e-07,1.2601670246291188e-07,0.0,5.3392670016719445e-08,5.409157974370423e-07,0.00982324839833654,0.06241549723824372,-0.028458356731179402,-0.0005914250944821758,0.5
2020-04-30,0.0001409090340065714,3.2229630420283004e-07,2.7519995942257726e-07,0.0,8.671553457934544e-08,4.886098933604472e-07,0.01945973662596651,0.05502234264683494,-0.027064119437720174,0.00013973621231500618,0.5
2020-05-01,0.0005086493122556451,1.562874855232052e-07,1.41305913300959e-07,0.0,3.7577653282286123e-08,4.704659257959324e-07,0.006823718409519466,0.04967948400789507,-0.029358791525821566,0.0005078436752777427,0.5
2020-05-04,-8.729933399216545e-05,2.0622002417087954e-07,1.4953863508722716e-07,0.0,5.233256463335546e-08,4.5443735712497773e-07,0.008858166575054602,0.046202184653326844,-0.030143291343669405,-8.816186257318188e-05,0.5
2020-05-05,-0.0002711437673623506,4.53776684315925e-07,5.211150645489897e-07,0.0,1.1686776676081902e-07,1.780178974565447e-07,0.0724749670321892,0.04604328853847295,0.016136281765773444,-0.0002724135447754329,0.5
2020-05-06,-0.00011176297653261156,2.03529078087053e-07,9.547365554624508e-08,0.0,6.816824830101751e-08,7.47299731136018e-08,0.01147957532192995,0.034859180645304834,0.022304545162219736,-0.00011220487748765948,0.5
2020-05-07,0.00033904941343996804,2.6747777280843995e-08,7.116725542121381e-09,0.0,6.35081649461227e-09,7.695387984402815e-08,0.000964692735574438,0.036177335522897924,0.0232490837091012,0.0003389322442408064,0.5
2020-05-08,0.00047380017226827286,8.885336509200597e-08,5.041881640706299e-08,0.0,1.8106785806030976e-08,8.579976288680022e-08,0.0031673235086972906,0.037728287540330835,0.023313927375348403,0.00047355699353808094,0.5
2020-05-11,-5.147886198358888e-05,1.0178396359601913e-07,7.36093059757148e-08,0.0,3.725722451716218e-08,1.0400185023911185e-07,0.0064100945925025556,0.04275673977525145,0.02528442893508065,-5.179551432791689e-05,0.5
2020-05-12,-0.0006567495036895305,2.15373688450474e-07,9.335605379582554e-07,0.0,2.8007411272806974e-08,1.8701774315082463e-07,0.040737724333242055,0.020505281130510325,-0.010913699718828208,-0.0006581134630703629,0.5
2020-05-13,8.591733340872555e-05,7.869920479635174e-08,8.680656209657375e-08,0.0,2.9506931869096447e-08,1.9747744879548162e-07,0.004745484499967012,0.021198329122524825,-0.011977882275116087,8.552484326116805e-05,0.5
2020-05-14,-7.035324426434257e-05,2.9127131654776794e-07,2.860453866700048e-07,0.0,1.0835497752398868e-07,2.7335012295556044e-07,0.013462885232733922,0.02773260454560879,-0.018190216110925368,-7.131226606803989e-05,0.5
2020-05-15,-0.00010065950761823178,3.2082573513949837e-07,2.520089714936313e-07,0.0,6.085683354061565e-08,1.7693921207903839e-07,0.04662679113961935,0.047695052211406484,0.017969264582128032,-0.00010147013837048456,0.5
2020-05-18,0.000755541753128401,5.970006769850505e-08,1.7242933922210463e-08,0.0,2.8372172365545813e-08,1.5163338924514902e-07,0.003985663539466652,0.04777039625666393,0.022295986863478896,0.0007552848045651695,0.5
2020-05-19,-0.00031214011882475595,7.692994882890377e-07,1.7106463716421526e-06,0.0,2.1006757962045423e-07,5.195360838315393e-07,0.09099784051048436,0.0639295628991738,-0.023352499184524807,-0.0003153496683481391,0.5
2020-05-20,-0.0003870872369366962,1.034962460104537e-07,1.310741249730512e-07,0.0,1.706091983797532e-08,5.554389949131511e-07,0.005369510439457833,0.06551548217568715,-0.027798268969722238,-0.00038789430722243083,0.5
2020-05-21,0.00011683369956551279,4.5844862132588905e-07,4.576403664613542e-07,0.0,1.239942299136223e-07,4.123123159342148e-07,0.029018020843306368,0.040867451761257556,-0.028401017315690533,0.0001153813040318777,0.5
2020-05-22,-1.6083300523676604e-05,4.316301876672135e-08,8.411878934582345e-08,0.0,1.553114713187747e-08,4.4358479262287555e-07,0.003230725714588896,0.04299189520264241,-0.03153034995800067,-1.66696982715439e-05,0.5
2020-05-26,-0.00041319019145292564,1.3297356015849694e-07,1.1475058242405729e-07,0.0,3.889061673593133e-08,4.1030188616252437e-07,0.006977355235297124,0.0366801868863539,-0.03225052998895021,-0.0004138871080984066,0.5
2020-05-27,-0.00043169238318768163,6.57771132309198e-08,7.723800769773171e-08,0.0,1.4517143126547263e-08,4.4375367385085785e-07,0.0034999967629961545,0.04011638973911822,-0.0344342274678259,-0.00043229366912558766,0.5
2020-05-28,0.00012879861379684225,5.06303209731564e-08,4.875869741720133e-09,0.0,6.962801449569896e-09,4.4391475218891486e-07,0.0010649536277467253,0.04115480763234658,-0.03342287073539111,0.0001282922300524889,0.5
2020-05-29,-7.695485582469836e-05,2.1409807338585857e-07,1.415324553917645e-07,0.0,5.1582186353872165e-08,3.546352461280459e-07,0.01540402760770778,0.033660085724104394,-0.025918635625407315,-7.771670378595791e-05,0.5
2020-06-01,-8.631746419755632e-05,1.574229866429067e-07,1.5973219962472174e-07,0.0,3.35692957944659e-08,7.962210746065907e-08,0.02720763727990605,0.007225649190513532,-0.0061508648628771905,-8.674781078707908e-05,0.5
2020-06-02,-1.5738983580673748e-06,1.382666511012246e-08,1.6022779976751315e-08,0.0,2.2025608751475386e-09,7.866884159652442e-08,0.0006335587130172844,0.00660818269410805,-0.00660818269410805,-1.6846192056259205e-06,0.5
2020-06-03,-1.1355719917034793e-05,1.0899278891670894e-08,4.257531067596419e-09,0.0,7.372892486857937e-09,8.020147516955001e-08,0.0005878554749104402,0.007207393888935525,-0.006266453939548874,-1.1458451094650468e-05,0.5
2020-06-04,-4.880810203264788e-06,1.1534617153783383e-07,1.0838703401681095e-07,0.0,3.453507468828393e-08,1.1599199885345518e-07,0.0046271612307772665,0.010879190712314864,-0.008607465095065603,-5.2550704823611725e-06,0.5
2020-06-05,-0.0001246895829782606,1.0883503103812719e-07,5.234359010104281e-08,0.0,2.4093022466625888e-08,1.258339849575492e-07,0.0036299297443690495,0.013210926850290263,-0.007929182622578006,-0.00012500068860682394,0.5
2020-06-08,-9.77061382845433e-06,5.621683924893828e-07,1.1614718002798165e-06,0.0,1.9477949681057038e-07,6.378221674333507e-07,0.06429530753963003,0.0714281519178886,-0.035725972210914336,-1.232685568546745e-05,0.5
2020-06-09,0.00034371446295274153,1.8967457520936487e-07,1.4492255691385745e-07,0.0,1.0877336832961259e-07,6.47449760104915e-07,0.014747620457972475,0.07924790543312724,-0.029523654264498468,0.0003426236426921838,0.5
2020-06-10,0.00014347168231016726,6.047341174141931e-07,6.713523247076876e-07,0.0,2.3229723255620416e-07,2.1436322139563933e-07,0.05917470962490223,0.024665211810098883,-0.011347809384368515,0.00014174893541409354,0.5
2020-06-11,0.00036921410730929543,4.976892136186972e-07,2.9815227607702966e-07,0.0,6.992781872266165e-08,7.06306164943606e-08,0.09403088073348617,0.09043671358073707,0.07857077000968449,0.0003682777073843827,0.5
2020-06-12,0.0010943789990554497,1.0822295195354093e-06,1.5825703793336364e-06,0.0,5.54036945723543e-07,6.851229564957888e-07,0.05752891725032658,0.13840570801874597,0.02330505132745346,0.0010904750392543613,0.5
2020-06-15,6.82559206503688e-05,1.289091053224239e-07,1.37535007562424e-07,0.0,4.0601724351574326e-08,7.11305779327905e-07,0.007824506321828038,0.14113387769424074,0.021634506767152735,6.723756903380447e-05,0.5
2020-06-16,0.0005077409695244757,1.311421211207184e-06,3.061851983960637e-06,0.0,4.413945485440964e-07,7.398678732174144e-07,0.16182619472891602,0.06479632634748878,-0.05950147635303681,0.0005021864339075463,0.5
2020-06-17,0.00024092590854414255,5.961471745844595e-07,1.213042452718183e-07,0.0,3.0634669345582523e-07,5.938440897248296e-07,0.030619915423590965,0.06776017380212138,-0.03200563327165,0.00023930826634110562,0.5
2020-06-18,-2.2245870361633732e-05,1.8896072355421646e-07,1.2467768005445956e-07,0.0,5.708679074517964e-08,5.64464394979117e-07,0.009644608426109423,0.06430962848737715,-0.03052038986911452,-2.3181059950966704e-05,0.5
2020-06-19,0.00015170170143590086,5.595601035105767e-07,5.85639936009587e-07,0.0,1.5441096353404137e-07,8.39326603363011e-08,0.05753450614593003,0.007625966090387137,-0.006474720846111448,0.00015031815777251037,0.5
2020-06-22,-2.466885672019131e-05,3.651627932037356e-09,5.294349273543681e-09,0.0,8.198144740309146e-10,8.407645562287615e-08,0.00018983900711679204,0.007435615834694761,-0.006689228709948431,-2.47626989674938e-05,0.5
2020-06-23,-1.479000094017943e-05,1.1530674663815247e-07,7.087459996120867e-08,0.0,3.481751204680576e-08,1.0266074702733145e-07,0.0026212866422477762,0.009325305353136387,-0.007921700147455298,-1.5113660545852928e-05,0.5
2020-06-24,2.3123913501739536e-05,3.31574516003014e-07,1.5180020831984314e-07,0.0,3.9235802666552134e-08,7.61724672044867e-08,0.056296641140028525,0.06074236744891172,0.04794539295855796,2.252513050754564e-05,0.5
2020-06-25,0.0005763960061997077,2.807392765069343e-07,5.77275574103917e-07,0.0,1.9132717566928166e-07,3.249203637224698e-07,0.02278134421097017,0.08194863799584151,0.027362016890466582,0.0005750217438097051,0.5
2020-06-26,-0.0009989023404986738,4.1946243785145464e-07,3.862308889625772e-07,0.0,1.1892068973806861e-07,4.3231372804401825e-07,0.044480025668841024,0.12234594534389079,0.04971723903249571,-0.00100025926824327,0.5
2020-06-29,0.0009462247510969169,8.45866255228545e-07,1.4993909760101422e-06,0.0,3.3554538987336986e-07,5.56006986359244e-07,0.07117938090606225,0.10272075429635297,0.009311580587999992,0.0009429879414894456,0.5
2020-06-30,0.00014576563793025155,4.0641334356890523e-07,7.179219698063448e-07,0.0,1.1422333618917847e-07,5.100399892561149e-07,0.03966729997863149,0.07802056166651972,-0.007666156528507578,0.000144017039291431,0.5
2020-07-01,0.0001017978059164778,6.610365931788693e-07,2.833232020135005e-07,0.0,3.8609119129034777e-07,2.1953163669243587e-07,0.04082189462614996,0.05620628729522063,0.01932497233089141,0.00010024782329330265,0.5
2020-07-02,0.00018685975432555774,1.7742733583517617e-07,5.6395070932183176e-08,0.0,5.148097011665638e-08,1.8452175964486872e-07,0.010410326020341,0.05872239590980135,0.027722740289463397,0.00018638992918902885,0.5
2020-07-06,0.0005376192495941752,6.241478601698483e-07,2.547971490583373e-07,0.0,3.543165913956528e-07,1.4763455425721e-07,0.02669194859191422,0.06413157807673243,0.03932897296152115,0.0005362383534392942,0.5
2020-07-07,-0.000786292415277547,9.531002995078183e-07,2.396081061778771e-06,0.0,3.686599397346613e-07,7.30067305043257e-07,0.10756247098963137,0.08180211049425774,-0.04084919675300942,-0.0007907403238836115,0.5
2020-07-08,-0.00043073417297495825,7.23524303314911e-08,6.143987556921678e-08,0.0,3.451736536593193e-08,7.533105929112004e-07,0.005635736624028604,0.08676415921433789,-0.03979202039474376,-0.0004316557932391361,0.5
2020-07-09,-5.3889264041238254e-05,4.7622674500927085e-07,5.332208965653971e-07,0.0,2.3217759774002174e-07,7.108440593225646e-07,0.02757350020180306,0.06881231431040774,-0.050609487655783124,-5.584173333987551e-05,0.5
2020-07-10,-0.00045568938031717826,2.4706501364351016e-07,3.507199889623233e-07,0.0,1.3715664346192494e-07,8.049790868148459e-07,0.014556555610103557,0.07375184930876569,-0.06148463727612839,-0.0004572293010500609,0.5
2020-07-13,0.0003681003500722795,4.5083479120201485e-07,2.2497936642827973e-07,0.0,3.022062967965662e-07,5.13217067642923e-07,0.05414008223438818,0.07271280337086046,-0.0135076639931506,0.0003666091125502097,0.5
2020-07-14,-9.422588841788405e-06,5.875117268507523e-07,1.621186116805766e-06,0.0,3.1489680887922873e-07,1.0531623599792688e-06,0.07534969833920313,0.1101039596802745,-0.06682731679624267,-1.299934585430342e-05,0.5
2020-07-15,-0.0007595884579743209,4.369231213465445e-07,4.167127746360816e-07,0.0,2.100481347870804e-07,1.0322003899649038e-06,0.0326778876123879,0.1107651430499057,-0.06264452246419812,-0.0007616843423950554,0.5
2020-07-16,0.00012142043599889562,9.822437449465938e-07,5.593788743663953e-07,0.0,5.704488647122994e-07,1.1153648623624125e-06,0.04724181416439969,0.13565611864076327,-0.05172517823612205,0.00011819299965250792,0.5
2020-07-17,-0.00033581511502941047,8.738716652008473e-07,6.669369160618291e-07,0.0,4.573547811125243e-07,8.379187677482827e-07,0.048687591045397785,0.09810036808250272,-0.04266998489920874,-0.00033865119715953396,0.5
2020-07-20,-4.7377704076724634e-05,7.829596507477996e-07,6.687369091222905e-07,0.0,4.082731693653306e-07,7.407499687350256e-07,0.04690934002632331,0.08419341095613832,-0.04025258379134597,-4.997842377469508e-05,0.5
2020-07-21,0.00020520759354263795,6.914286590693764e-07,4.1532885765614463e-07,0.0,3.029874387703618e-07,8.529293847652946e-07,0.029790890552134793,0.10645113116133778,-0.03684100547923171,0.00020294491920237677,0.5
2020-07-22,-0.00013955009607810872,2.839112416560554e-07,2.9590840296507846e-07,0.0,1.0889829874934024e-07,8.087819884624535e-07,0.015904575714809036,0.09514941488560742,-0.040725959176084785,-0.00014104759600994164,0.5
2020-07-23,0.0006433456169722906,3.8848355060790073e-07,4.7402065954945853e-07,0.0,2.1608394851533475e-07,8.137118553839854e-07,0.020534953253176474,0.08454214067063986,-0.052161451033869675,0.0006414533169582339,0.5
2020-07-24,0.0003619461607746955,7.337857530579823e-07,6.348997295944693e-07,0.0,3.9025739941327785e-07,8.628413508166827e-07,0.03829057099518153,0.09025045428602818,-0.05470689265117452,0.0003593243765418131,0.5
2020-07-27,-0.0005324906239065926,6.01829478887488e-07,6.768164014453324e-07,0.0,3.5115511105959785e-07,1.0073563098934488e-06,0.0300320952688944,0.09646631127109277,-0.07276954879100664,-0.0005351277812078784,0.5
2020-07-28,0.00040010229582247497,1.174901249288669e-06,7.671149999561109e-07,0.0,5.717487725138621e-07,2.926809154011691e-07,0.11738536785910557,0.05560378207769065,0.0064333882902942435,0.00039729584988531516,0.5
2020-07-29,0.00018249280525993236,5.055325044783532e-07,3.3998012116427677e-07,0.0,4.386164228226698e-07,1.4522869707198588e-07,0.039217341770408545,0.050962690204925304,0.026564269096831676,0.00018106344751439506,0.5
2020-07-30,-2.1504451754173345e-05,1.496329136822466e-06,2.8025383600370442e-06,0.0,5.855460077028762e-07,1.0526913299128333e-06,0.14692118514105368,0.1272300318113189,-0.04962211161403703,-2.7441556588648563e-05,0.5
2020-07-31,-0.0002673966554150245,8.505370859095068e-07,8.409811019793453e-07,0.0,5.671458209323812e-07,1.2238162782713064e-06,0.046797210706374145,0.1469369254633156,-0.05866420928626388,-0.00027087913570211704,0.5
2020-08-03,-0.0006764397775454118,1.1717847338866971e-06,8.87857070173194e-07,0.0,6.808082474097242e-07,8.067734203263134e-07,0.07802603339640224,0.09986307777926388,-0.035674856835556726,-0.0006799870010172076,0.5
2020-08-04,0.0002355172429129476,5.583945087236946e-07,5.463714473784926e-07,0.0,3.060968931949664e-07,8.720766433302832e-07,0.025296149468833226,0.10041087817380606,-0.046097997905681504,0.00023323430342032017,0.5
2020-08-05,-0.00017039081323722368,2.608397821002747e-07,2.2717206404541715e-07,0.0,1.2664222532609614e-07,8.310268677951976e-07,0.01790406590214185,0.09674185082651104,-0.04287066296308217,-0.00017183649417649066,0.5
2020-08-06,-0.00047260716227681557,3.66469567308411e-07,5.277530369679879e-07,0.0,1.9293908215878724e-07,6.219697893085098e-07,0.038982016715555845,0.0636342166619088,-0.04085670794192084,-0.00047431629375255924,0.5
2020-08-07,8.21117667555936e-05,1.6361182364248615e-07,1.66536474132982e-07,0.0,8.22292712314855e-08,5.782139355468043e-07,0.01444143443738045,0.06013925841312329,-0.03700068275873984,8.112117525103985e-05,0.5
2020-08-10,-0.00013305627417837626,2.6159255737694323e-07,1.7434736840536033e-07,0.0,1.7624778069424493e-07,5.633676290804411e-07,0.016454509549232478,0.06290364406477414,-0.03174211762073995,-0.00013423182951393325,0.5
2020-08-11,0.00026430154538577613,7.480391351134838e-07,6.090632291420751e-07,0.0,2.7672062085328837e-07,7.872933411039084e-08,0.09588766113273654,0.053136653968298586,0.03991012583775292,0.0002625889930665569,0.5
2020-08-12,0.0005188335165574458,1.7747396494498558e-07,3.192985307002202e-07,0.0,1.4578526790171493e-07,1.0618215652872889e-07,0.01746025185712391,0.05135465506000844,0.03351605276318199,0.0005180847766373701,0.5
2020-08-13,-4.777674589754098e-05,1.182649943334867e-06,2.9395329905154306e-06,0.0,5.722765987525567e-07,1.0421856870359227e-06,0.1583583422794173,0.13003312678429502,-0.045054068637740016,-5.351339111717976e-05,0.5
2020-08-14,5.826444051345157e-05,8.279156994416414e-07,6.304710045906354e-07,0.0,3.600823831130254e-07,1.2534035238316922e-06,0.04138423906210974,0.16366542678230914,-0.04690636522141521,5.519256790247458e-05,0.5
2020-08-17,-0.0007253253528034314,1.8114114947353621e-06,1.6700072837329748e-06,0.0,8.942492943445861e-07,1.0951561976804198e-06,0.0770489376598244,0.09984769069818623,-0.08413855051212432,-0.0007307961770739248,0.5
2020-08-18,-0.0002299602444443098,4.96740241158053e-07,2.8809466942014235e-07,0.0,1.5245865166304178e-07,1.0958849015170316e-06,0.010945243744665191,0.09496128995056449,-0.08914737350429684,-0.00023199342290806805,0.5
2020-08-19,0.0004167088969037371,2.569138834905651e-07,1.8754619751722593e-07,0.0,8.662849901678074e-08,2.8672194896843256e-07,0.07213315289124074,0.03157177571054432,-0.016597511716152348,0.0004158910863747441,0.5
2020-08-20,-0.00021020047523550214,2.2837118103067765e-07,1.647799427800228e-07,0.0,1.1088174184113798e-07,1.5842491948056792e-07,0.01624666425965342,0.017832419743758654,-0.008782966728976757,-0.00021086293302063455,0.5
2020-08-21,-4.026799432918545e-05,5.151752803827815e-08,1.1718229931929852e-07,0.0,4.6387795658158856e-08,1.5872534248802654e-07,0.0045096940456882855,0.013332928768994227,-0.013332928768994227,-4.0641807294689214e-05,0.5
2020-08-24,-7.72343127903049e-05,3.092804324916358e-07,2.5491529826082394e-07,0.0,7.491139146698716e-08,2.5968818689363617e-07,0.011503975513828018,0.02486595454893053,-0.01876166084920035,-7.813310809941799e-05,0.5
2020-08-25,8.814030988448281e-05,7.819473893917665e-07,1.5870515648936768e-06,0.0,4.5159801720029804e-07,9.775101213407977e-07,0.09660451292648586,0.11740050305384375,-0.046821197331410255,8.434220279165627e-05,0.5
2020-08-26,-0.0004375084431805789,8.107232586925005e-07,4.437695246150559e-07,0.0,5.642731455137676e-07,9.667189151800459e-07,0.033362566389294204,0.12151434195800766,-0.04089443579224002,-0.00044029392802458027,0.5
2020-08-27,-7.503492050444269e-05,6.369128557728696e-07,6.826573807650609e-07,0.0,4.1503950752572127e-07,9.046357723599831e-07,0.04991177232440236,0.1139577465125675,-0.03802106324390966,-7.767416602086633e-05,0.5
2020-08-28,-0.0003638103362719943,2.841424354714871e-07,2.5517510771557224e-07,0.0,5.990030668061273e-08,9.642174237234746e-07,0.012945458979294404,0.11908849247473868,-0.042900034710805036,-0.00036537377154558545,0.5
2020-08-31,4.6017331272607866e-05,8.935977830723325e-07,7.647450877753388e-07,0.0,5.397568342641914e-07,7.322321619018325e-07,0.056887829941368415,0.09048988430679886,-0.03252511889270901,4.308699940559417e-05,0.5
2020-09-01,-0.0005520590457042207,3.9685672101777757e-07,5.153731949818915e-07,0.0,1.5863924598983162e-07,7.710743674733802e-07,0.02553497261939027,0.08440995384002738,-0.04513053989550051,-0.0005539009892336836,0.5
2020-09-02,-0.0004876058198558133,1.06016591077756e-06,4.4798387292860575e-07,0.0,6.903019387118405e-07,7.925072572522253e-07,0.05224633109848275,0.11592253779192804,-0.017218681426445802,-0.0004905967788354836,0.5
2020-09-03,0.000992331625816802,2.1686340503829706e-06,3.0353121759191406e-06,0.0,1.655045330673635e-06,1.7296054199097443e-06,0.13733125231547472,0.1930235274240242,-0.09755018312081286,0.0009837430288399164,0.5
2020-09-04,5.20043608609438e-05,2.523439549635719e-06,2.449352415511524e-06,0.0,1.4955125293712018e-06,1.8041488806240836e-06,0.169190499955529,0.21040268793444059,-0.09269432401040542,4.373190748580127e-05,0.5
2020-09-08,0.0018714390859933382,2.3373777521591342e-06,1.8136000317214469e-06,0.0,5.906896670992193e-07,8.508593849031471e-07,0.3308914777240488,0.3060237163250891,0.16307933966136043,0.0018658465591574554,0.5
2020-09-09,0.0034296483630065684,2.9890833161263853e-06,4.092366335653635e-06,0.0,1.1524062285347854e-06,4.323834971945799e-07,0.241045711313252,0.17070609972146567,0.09806567219277622,0.003420982123629059,0.5
2020-09-10,-0.0013986903875138367,1.8341978840624745e-06,2.298128707100946e-06,0.0,8.341019758026815e-07,8.713951630812718e-07,0.1308335818952837,0.2150876148553652,0.06869322745771152,-0.001404528211243884,0.5
2020-09-11,-0.00014758116812019272,1.6097293231278818e-06,1.1986558852630357e-06,0.0,7.329393571285807e-07,2.942311023796774e-07,0.10461694450863601,0.1484099736946844,0.09897914849489861,-0.00015141672378809188,0.5
2020-09-14,0.0016053220113882458,1.489824051677998e-06,4.577499988456932e-06,0.0,4.812274501051695e-07,8.979007842619743e-07,0.22161280371814612,0.10712217570222063,-0.04372515605379107,0.0015978755591137437,0.5
2020-09-15,-0.00024400461162069832,7.03599190644473e-07,1.3947469254575613e-06,0.0,3.157881790686018e-07,1.37409924298123e-06,0.07817391809811775,0.15721992997055056,-0.07362874285029608,-0.0002477928451588502,0.5
2020-09-16,0.0003244264111052596,7.1181242578207e-07,2.9411603123715635e-07,0.0,4.2558873177032574e-07,1.3836484170769823e-06,0.050551949798620335,0.19666086173649552,-0.035792072332437495,0.0003216112454993931,0.5
2020-09-17,0.0004523606863124009,1.3659826399085144e-06,1.9997036474928528e-06,0.0,7.320371787267846e-07,1.4606630887514215e-06,0.08409790018949338,0.14852566955453358,-0.09686572935570525,0.0004468022997575213,0.5
2020-09-18,0.0008450761536046588,1.1937765693015233e-06,9.381421523102113e-07,0.0,5.818819394908833e-07,1.6015582809068632e-06,0.05725448869125495,0.1686253975810932,-0.10043639361125978,0.0008407607946626493,0.5
2020-09-21,0.0008703717975398634,1.769604123972387e-06,2.5670242408226126e-06,0.0,8.832586012076475e-07,2.424360584991348e-06,0.10113453527561025,0.22247751472027283,-0.18481506355827368,0.0008627275499888693,0.5
2020-09-22,-0.0015189531611165582,1.943579620229212e-06,1.1990104070218054e-06,0.0,5.395854082291381e-07,1.138026923683146e-06,0.26524978656196385,0.22518964104330857,0.03400111786454005,-0.0015237733634757215,0.5
2020-09-23,-0.0009569331967752796,1.0559375147537075e-06,7.288635780962005e-07,0.0,3.386224980150015e-07,1.1691938520196608e-06,0.0865107680671226,0.27381047980634216,0.0773859126670391,-0.0009602258142181642,0.5
2020-09-24,-2.8036977017284297e-05,1.9373938087287366e-06,2.834810894612731e-06,0.0,8.768466846553784e-07,1.1298728117031978e-06,0.14923914577767758,0.21183128067773827,0.022012648311601032,-3.481590121698434e-05,0.5
2020-09-25,0.0005277740853536625,8.893731034709908e-07,1.4870871270806019e-06,0.0,3.8475804349022117e-07,8.470977196314207e-07,0.09487231247137516,0.14810113128739716,0.005788714389318474,0.0005241657693599892,0.5
2020-09-28,0.00010579830157761612,2.031744706354797e-06,6.88693752128577e-07,0.0,1.1652963230153169e-06,4.143425441575299e-07,0.09978622295044412,0.14235425916634697,0.07274471174788195,0.0001014982242519599,0.5
2020-09-29,-0.0006378466938408464,1.7542247563271852e-06,4.4741172724556724e-06,0.0,7.936580655616329e-07,1.5562176993787584e-06,0.24495737686462604,0.2220319863304207,-0.039412587165210684,-0.0006464249116345696,0.5
2020-09-30,-0.0003950316899339098,1.0747892127663752e-06,1.1504402382894999e-06,0.0,4.651032733854162e-07,1.2975439809010738e-06,0.07617942760396638,0.18198037727293997,-0.03600701151844036,-0.0003990195666392522,0.5
2020-10-01,-0.0005359754884364688,1.2873162547389088e-06,1.9974455959107163e-06,0.0,5.640844094734723e-07,6.745813115813707e-07,0.13405336469230839,0.07260884290677189,-0.04072081743889838,-0.0005404989160081733,0.5
2020-10-02,0.0002880422724127634,2.4853098253052096e-07,2.2556066664705786e-07,0.0,1.5968596807581433e-07,6.652157432977992e-07,0.02373126545453061,0.08074711125563165,-0.03100913361839862,0.0002867432790522122,0.5
2020-10-05,-0.0005208374658684264,3.7382294815650257e-07,3.6572409604485744e-07,0.0,1.532573212472108e-07,6.13251432514759e-07,0.02494350720459712,0.0724216623167442,-0.03060457834573531,-0.0005223435216663898,0.5
2020-10-06,0.0004771965660382641,1.1973678993648119e-06,7.417404245471443e-07,0.0,5.062206104251097e-07,7.278489789039383e-07,0.08135021329477493,0.12749176601939088,0.0052131375635292646,0.00047402338812502307,0.5
2020-10-07,-1.6468939933762935e-05,6.679879585312043e-07,6.900770099822949e-07,0.0,2.6994692945557215e-07,8.748579405745725e-07,0.043397553853831566,0.1486873830387029,0.0017112490221747323,-1.897180977230658e-05,0.5
2020-10-08,0.00036436919916653024,1.0492440487487476e-06,1.72305106370762e-06,0.0,4.85599170903237e-07,1.26635017609187e-06,0.10032386813543491,0.18400666027172,-0.02874016931171417,0.00035984495470707875,0.5
2020-10-09,-0.0007015868156044007,7.245168141434364e-07,5.641104673226742e-07,0.0,1.8053672178929295e-07,1.2871162310310122e-06,0.03044423489176004,0.18147961958859782,-0.034755907224612186,-0.0007043430958386871,0.5
2020-10-12,-0.0007477952144629528,1.2174909408892924e-06,7.454840703699546e-07,0.0,5.448414123000636e-07,1.2736197027921574e-06,0.058530877803587074,0.18699808821998495,-0.02697002184909751,-0.0007515766505893043,0.5
2020-10-13,-0.00037500442116387647,9.643034466046822e-07,7.754995440320387e-07,0.0,3.6049004955365196e-07,1.349617408592597e-06,0.05851346069275309,0.20527903796339625,-0.021456686680160104,-0.00037845433161265944,0.5
2020-10-14,0.00020208228021615098,5.186186588876542e-07,4.442883254728153e-07,0.0,1.900236079473997e-07,1.28228019735704e-06,0.028730212490698286,0.19513707159134736,-0.020286001564635357,0.00019964706942648608,0.5
2020-10-15,0.0003579730454254354,1.7338303730021885e-06,2.1150997126040007e-06,0.0,6.385875891181552e-07,1.1142023413766118e-06,0.09141142606270383,0.11077945851449536,-0.07640653483677534,0.00035237132540933444,0.5
2020-10-16,8.342715746441878e-05,2.721670654715154e-07,4.83553602224554e-07,0.0,1.418934353050748e-07,1.16779083499623e-06,0.018529970958693232,0.102344406488099,-0.09384445379126766,8.136175252642141e-05,0.5
2020-10-19,0.0012931660448159544,1.6565239083433946e-07,2.2775095632286295e-07,0.0,5.9524462703157975e-08,1.194717872464441e-06,0.014792450897357095,0.10637068685689038,-0.0943419157171357,0.0012915183991336295,0.5
2020-10-20,-0.0003218254501358312,1.4262440510820413e-06,1.3925792537704625e-06,0.0,3.1780973578273637e-07,5.114039569634245e-07,0.19798654271866814,0.1227622398277051,0.03684637505784977,-0.00032547348713342985,0.5
2020-10-21,2.507680251894245e-05,2.0279743171724062e-07,2.0793048045702423e-07,0.0,5.9230172330402867e-08,5.422638322845988e-07,0.015176603611756448,0.12942847687521053,0.038328153051397945,2.4064580602153183e-05,0.5
2020-10-22,5.732657258252001e-05,1.326330007202982e-06,6.921869716899023e-07,0.0,4.4226593640185957e-07,1.3985437446826005e-07,0.0669620054656894,0.08656241864861987,0.06306688373795219,5.472593529275701e-05,0.5
2020-10-23,0.00029055769221245754,5.988789985828906e-07,2.5638301479860595e-06,0.0,1.336729967449885e-07,4.958998741191967e-07,0.12110290047887833,0.05811924988614247,-0.025191928965882574,0.0002867654101950244,0.5
2020-10-26,0.0002733400267773995,1.0034548611922336e-06,1.8687941119763735e-06,0.0,5.338255717103047e-07,1.22530933584611e-06,0.07090842521777116,0.11175330869815067,-0.0940986597239958,0.00026870864289667447,0.5
2020-10-27,0.0007439638475929872,1.0603345989995137e-06,6.917426902764598e-07,0.0,2.2083098603066162e-07,8.010182656243097e-07,0.1718607747634199,0.193709775011849,0.05913870638696497,0.0007411899210520562,0.5
2020-10-28,-0.0022191803030205143,7.321718736665232e-07,6.132912063015361e-07,0.0,1.8138391314486673e-07,8.797262262173737e-07,0.08279819038954,0.2552063469973745,0.10741234099285571,-0.002221586876239845,0.5
2020-10-29,0.0014803629413448222,1.7349341429872788e-06,3.284019793723387e-06,0.0,5.836293655599225e-07,9.318745541943347e-07,0.17265198280002067,0.18692535154955564,0.030370426444907415,0.0014738284834883574,0.5
2020-10-30,-0.00048778914370219725,1.4945993750774502e-06,1.6294473037047627e-06,0.0,4.31539468065615e-07,1.230875553179139e-06,0.07475493898875271,0.19940078741865855,-0.0073863055154368,-0.0004925756054022242,0.5
2020-11-02,-0.0008096734922941089,2.057621062879484e-06,3.9209479475734485e-06,0.0,6.278197816179381e-07,1.2482417100150347e-06,0.21863230341328782,0.11586338729867995,-0.09384121998384587,-0.0008175281227961949,0.5
2020-11-03,-0.001622706855981346,1.0423802302780231e-06,2.795431091118944e-07,0.0,3.389675035491184e-07,9.959068781864822e-07,0.06293740120804261,0.12638566724650652,-0.04092668828882249,-0.0016253636537024714,0.5
2020-11-04,-0.00025013826852569426,1.7075181517714258e-06,5.789109617906183e-07,0.0,7.169760541086134e-07,9.124906823345329e-07,0.08047863022641123,0.16185823887018147,0.008559804237979935,-0.00025405416437569944,0.5
2020-11-05,0.00040094082644748935,1.1112988079014142e-06,5.790602170488209e-07,0.0,3.6435687807843495e-07,9.41062910656385e-07,0.05593889375407544,0.18767538419819735,0.029576815207924684,0.0003979450476338043,0.5
2020-11-06,-0.00035188405969793774,1.325095030964782e-06,2.26728315335055e-06,0.0,4.323996122633834e-07,1.451907663157048e-06,0.11414106968615931,0.21599971032016307,-0.027920777090220977,-0.0003573607451576735,0.5
2020-11-09,0.0023594056634300416,1.5346388628546847e-06,1.3379602381768337e-06,0.0,5.297770903268315e-07,1.2318946781297305e-06,0.09111051235056847,0.1873170911090262,-0.01964121481676849,0.0023547713925605534,0.5
2020-11-10,-0.00010808406914789564,9.64116494109611e-07,1.2879206965344675e-06,0.0,2.9079111037110867e-07,8.804032834929423e-07,0.07907511042892526,0.12029494802270356,-0.02761280360411075,-0.00011150730073240377,0.5
2020-11-11,0.0001251730068719673,5.275883765531739e-07,4.0379780058969604e-07,0.0,8.028066437404583e-08,9.422769893204177e-07,0.01613878430315642,0.12203779486261936,-0.03626473934321081,0.00012321906304112997,0.5
2020-11-12,0.0003171224593624711,1.1403644261156658e-06,1.6245979501864394e-06,0.0,4.0497864015517036e-07,1.1341660589608837e-06,0.06693903576123032,0.10375383612877989,-0.0867860617766486,0.00031281835228705296,0.5
2020-11-13,-0.001401209509869372,6.407814266095143e-07,2.52288790958272e-07,0.0,2.3047078168696916e-07,9.927215519123868e-07,0.038695661242238,0.10375720738515032,-0.06302001333613068,-0.0014033257724205392,0.5
2020-11-16,-0.0005744131335498494,5.994576199581565e-07,5.361536387567933e-07,0.0,1.7637012507721678e-07,1.0210744256560477e-06,0.030819054800811468,0.10357547896290988,-0.06796502454730613,-0.0005767461893592976,0.5
2020-11-17,0.00047485412973110556,4.5559062952045227e-07,3.235144724671415e-07,0.0,1.5720138438969783e-07,9.222758802700079e-07,0.02959232702142933,0.09681532510712648,-0.05812702277823481,0.00047299554736445826,0.5
2020-11-18,0.00047686716169759684,7.67402667646226e-07,5.235712377870474e-07,0.0,2.4559615061509085e-07,3.381101336502291e-07,0.08834288687981359,0.06358296904383784,0.006780466590599356,0.00047499248150789826,0.5
2020-11-19,2.3976765695619555e-06,5.416008481996747e-07,6.655355157922476e-07,0.0,1.4383814908668075e-07,2.870028057113111e-07,0.03104060260845267,0.03862928839664838,-0.00958718296285189,7.596992507720415e-07,0.5
2020-11-20,7.329707059559399e-05,3.4753972429466816e-07,4.453130615559433e-07,0.0,7.885676678228702e-08,1.5771768787475955e-07,0.06143594673404812,0.055595561569172,0.0290989900062124,7.226764335508633e-05,0.5
2020-11-23,6.410144704614617e-05,2.8872493336771353e-07,2.4841155982211e-07,0.0,8.509095368115848e-08,1.1958341047490543e-07,0.016346338067718034,0.04788591361388897,0.027795900654104862,6.335963618880028e-05,0.5
2020-11-24,0.0004970767911952015,2.3813796511388963e-07,2.1387367845243799e-07,0.0,5.584229050040161e-08,1.433896683937383e-07,0.014803493747190529,0.05306959029212604,0.028980126001978006,0.0004964255475927411,0.5
2020-11-25,-1.187158527800224e-05,3.0016114047167137e-07,2.42433647342592e-07,0.0,1.2929987509868685e-07,1.9566218752267998e-07,0.02250361206872063,0.0698045854885854,0.036933337984775175,-1.273914212843787e-05,0.5
2020-11-30,0.0003932083170385121,6.217871089837783e-07,2.257092492010313e-06,0.0,1.3889663995073664e-07,7.897587323245812e-07,0.10736087737304711,0.093308873171833,-0.039370593858696644,0.00038940078206524273,0.5
2020-12-01,-0.000382110402621309,3.920568219642305e-07,5.072135700599002e-07,0.0,1.2826096363037538e-07,6.111707945962066e-07,0.03702642903330519,0.06515006208259358,-0.03752663140956913,-0.0003837491047715597,0.5
2020-12-02,-2.073840120451696e-05,1.5606766629124397e-07,1.9464752062356195e-07,0.0,5.777145485456213e-08,6.475888042749027e-07,0.012837793207371894,0.07085790222562642,-0.03793701689255723,-2.179447665056123e-05,0.5
2020-12-03,3.88033319520108e-05,3.410914539961335e-07,3.834653523953252e-07,0.0,1.1289764687235571e-07,6.854231092511865e-07,0.025325645702220102,0.07597403282325989,-0.039177049530939416,3.72804543894958e-05,0.5
2020-12-04,-0.00021194268868799754,3.4017300598860646e-07,3.4347296520113745e-07,0.0,1.1709632084717783e-07,5.845490826484079e-07,0.02699749523506892,0.0631971661785685,-0.03500707970636402,-0.00021332798006268286,0.5
2020-12-07,0.0001603536307686104,2.8962281043850467e-07,4.684097397415488e-07,0.0,1.1752899409351146e-07,6.140096349634268e-07,0.02458250347273891,0.05902913717170204,-0.04412448150215365,0.0001588640595893734,0.5
2020-12-08,-0.00012425680701886598,3.279395805247224e-07,2.326336615434856e-07,0.0,1.1728104495900896e-07,6.296393696551615e-07,0.020957035075731233,0.06879958443240725,-0.036979829669659896,-0.00012556430067554836,0.5
2020-12-09,0.00024135209064212192,3.8110364809718146e-07,3.6874592895330807e-07,0.0,1.0746274654475163e-07,5.379430344213968e-07,0.022851972819064474,0.05146261101539204,-0.038911818767402614,0.00023995683528410527,0.5
2020-12-10,8.77775312224571e-06,3.8186038685437474e-07,4.131535438641909e-07,0.0,7.456617277610952e-08,1.6907785387902207e-07,0.07594671008379374,0.048262890600183406,0.0198578111485077,7.739095164872014e-06,0.5
2020-12-11,-2.6517290870540097e-05,1.9925683489700887e-07,1.7392045072742547e-07,0.0,1.0291027454767446e-07,1.8382663053161625e-07,0.013687381652662128,0.05300333390622466,0.02212045997691314,-2.717720506124382e-05,0.5
2020-12-14,-0.00011523823192823928,3.6264237190255315e-07,5.367328502395197e-07,0.0,1.0585405898607993e-07,1.0383716782422448e-07,0.0308077454268526,0.028452383476141492,0.011007739281671779,-0.00011634729837719165,0.5
2020-12-15,0.0002498496698965227,1.5502655769888147e-07,1.5078553964854505e-07,0.0,5.488009726954374e-08,1.3716729440603843e-07,0.010682335884472292,0.035105349497661156,0.012061244037446708,0.0002493518104074997,0.5
2020-12-16,8.084810455389989e-05,3.350670186361382e-07,1.5992480621950778e-07,0.0,8.90213315719647e-08,1.8546765076110395e-07,0.01859131926696793,0.052939197865172836,0.021780632537307366,8.007862374671117e-05,0.5
2020-12-17,0.0002308556026603418,6.223537481759635e-07,1.9303013578398447e-06,0.0,1.315461013833638e-07,7.773147166051289e-07,0.08983739111197507,0.08385609736153975,-0.0467327750281219,0.0002273940867363375,0.5
2020-12-18,0.00010599332457415855,7.732915378462138e-07,8.740833039411266e-07,0.0,2.4334477471515316e-07,8.732796125394901e-07,0.040253606189257204,0.08039490612195371,-0.06631606878468063,0.00010322932534511657,0.5
2020-12-21,0.00027353531767250515,1.9703583627805527e-07,3.004784382613122e-07,0.0,8.669059666494894e-08,8.904545195876605e-07,0.018316042638082453,0.07964569535820151,-0.06995066393252547,0.0002720606582817132,0.5
2020-12-22,0.0001076826038877399,4.666372874903388e-07,4.821213265211526e-07,0.0,9.568827133043796e-08,2.6707348917848993e-07,0.1099810662523199,0.06883558195336881,0.023967235771382493,0.00010637108351321947,0.5
2020-12-23,3.142574404089558e-05,4.2778772716669556e-07,4.930037534898902e-07,0.0,1.5217523787918813e-07,1.4130790395601102e-07,0.04539188709247597,0.058319100292863316,0.03457937242825347,3.0211469418403792e-05,0.5
2020-12-28,0.000430462485739294,4.3655843611666055e-07,4.697438726031443e-07,0.0,1.5843868286101565e-07,1.2927914759825392e-07,0.02999319948217692,0.05494967637687947,0.03323077958037281,0.00042926846560011495,0.5
2020-12-29,-9.123539096791744e-05,6.465777792800056e-07,2.237663756323705e-06,0.0,1.328073135821445e-07,9.113758512904693e-07,0.10789209578872314,0.11054932206341488,-0.04256182095338398,-9.516381566839376e-05,0.5
2020-12-30,9.17608993991933e-05,4.5147421087995286e-07,3.3421130260555797e-07,0.0,1.4235139791663924e-07,8.680185574350353e-07,0.03323073948079773,0.11582502569992571,-0.030002091949160214,8.996484393035611e-05,0.5
2020-12-31,-0.00018008546675863212,7.767994427569027e-07,1.0986116198397252e-06,0.0,3.0480651689999797e-07,7.825460257616564e-07,0.04676366899684552,0.06966911718500701,-0.061798615142951235,-0.0001830482303638904,0.5
2021-01-04,0.000735559883691068,1.7447301926002823e-07,2.7997329899612434e-07,0.0,6.487012349995745e-08,8.620187532534767e-07,0.01194636009039501,0.07498841774992485,-0.06983073279665926,0.0007341785484960584,0.5
2021-01-05,-0.00048308578292651926,7.704745332959858e-07,9.963679372706073e-07,0.0,2.1617648599546536e-07,4.331336210811355e-07,0.15190077144456568,0.10505812913206461,0.03229168079043383,-0.00048550193550416247,0.5
2021-01-06,-3.749638299362985e-05,5.285158277212665e-07,5.134466647367143e-07,0.0,3.236527402639428e-07,5.305475021920508e-07,0.04268858912174185,0.1299091095495974,0.04077712918133286,-3.939254572854382e-05,0.5
2021-01-07,0.0006560718409053059,1.4487950839388402e-06,6.771135506588567e-07,0.0,7.440532489774807e-07,2.876237508764502e-07,0.08731128114547075,0.14048768583296567,0.09216689568572206,0.0006529142552708544,0.5
2021-01-08,0.0003514328407933023,5.226012249040774e-07,4.120737445786231e-07,0.0,3.600900754920102e-07,3.141651180799695e-07,0.043958600383953446,0.1635507452609652,0.11077100542353031,0.00034982391063024767,0.5
2021-01-11,-0.0009270204423903883,1.297867514131474e-06,4.424390346247573e-06,0.0,6.705798582971303e-07,1.0954018905086276e-06,0.20694428344367052,0.14567822998070942,-0.03834928762474002,-0.000934508681999573,0.5
2021-01-12,0.00015558448996707988,7.267665494882206e-07,1.1937728622626716e-06,0.0,4.3708360903088156e-07,1.0517552147353256e-06,0.06439118990556678,0.11444471494630898,-0.062250161129225726,0.00015217511173156278,0.5
2021-01-13,-0.000265535355662834,7.415841326414827e-07,8.634054281655139e-07,0.0,2.9760168223774365e-07,1.2046915901954576e-06,0.046056366225975635,0.12676652041642947,-0.0756216667364074,-0.0002686426384960742,0.5
2021-01-14,-1.7283286478929274e-05,9.699149905756861e-07,8.752642370104458e-07,0.0,3.533830122386122e-07,2.87872795355409e-07,0.12224077883241327,0.050890507233611805,0.0025278776139031033,-1.9769721514109428e-05,0.5
2021-01-15,0.00023507968787152554,8.697687923544989e-07,8.148254677739505e-07,0.0,3.650999489630867e-07,3.2346490325898425e-07,0.047798884366070694,0.04962197732820747,-0.004720126419301883,0.000232706528759175,0.5
2021-01-19,-0.00015117295684356335,4.979643144005493e-07,3.31577911437481e-07,0.0,2.3728987902150404e-07,3.004104614168317e-07,0.03426154355424358,0.05954788807926964,0.009078930561241911,-0.00015254019940983971,0.5
2021-01-20,0.00011896208527311663,9.226309418712868e-07,6.326339439054124e-07,0.0,3.325078073612353e-07,2.324394869694526e-07,0.054139815179329476,0.06198792169891382,0.02293808788804577,0.00011684187309300924,0.5
2021-01-21,-0.0003278531603687916,7.284062943644909e-07,3.9067983614461355e-07,0.0,3.939704918506701e-07,2.5271593014607365e-07,0.04807234979215123,0.09068291141785732,0.048226635153316946,-0.00032961893292129745,0.5
2021-01-22,-0.0002452074143725301,9.355380372704783e-07,2.6562143929467526e-06,0.0,4.2353200409560275e-07,1.2316930471172133e-06,0.14635622816825553,0.1899781093989708,-0.01694632251672109,-0.00025045439185396014,0.5
2021-01-25,-0.00013673516134330089,1.236297063623859e-06,2.0511919591360793e-06,0.0,6.385436769792578e-07,1.1417220840939271e-06,0.08530129775886255,0.10862070023476703,-0.08318860989301274,-0.00014180291612713402,0.5
2021-01-26,0.00010882483857516047,3.7336708748647975e-07,4.40500530939519e-07,0.0,1.8022277061437467e-07,1.2112138456399445e-06,0.02401838333691509,0.11220684680723847,-0.09127707926027215,0.00010661953434048015,0.5
2021-01-27,0.0018835925847283529,1.3072937113973683e-06,2.087196382835998e-06,0.0,9.082237849627643e-07,1.9537524619532522e-06,0.08340902806243622,0.16919092462626917,-0.15903948898187717,0.0018773361183872035,0.5
2021-01-28,-0.0003199421306460265,1.689088142199951e-06,1.6049202024091702e-06,0.0,6.911758372117404e-07,1.0898135254321693e-06,0.26127729364818836,0.21023436660866907,0.027145694336064626,-0.0003250171283532795,0.5
2021-01-29,-0.00011112212849269284,7.769723988680014e-07,6.634537715522031e-07,0.0,2.3092553156651674e-07,1.042947345143233e-06,0.10536715873972505,0.2761995484792143,0.10098439449515116,-0.0001138364275398228,0.5
2021-02-01,0.0023422007809674795,2.011252957155979e-06,1.1386716679412112e-06,0.0,1.1822243401330033e-06,6.027722597867975e-07,0.12898376839341696,0.26478943303652414,0.16352369339234216,0.0023372658597424624,0.5
2021-02-02,0.002181632559189741,2.7201931242229703e-06,1.3228586659915456e-06,0.0,1.7793834074127756e-06,5.147062389451104e-07,0.14936655035580987,0.3240782994217778,0.2376076512789992,0.0021752954177531687,0.5
2021-02-03,0.0010605221209932642,1.3185069254966558e-06,1.3563381730697986e-06,0.0,6.947295132775579e-07,4.2802446060391757e-07,0.07739512181428973,0.2963492840372483,0.22444117465579017,0.0010567245219208162,0.5
2021-02-04,0.0028039487224827803,2.0743831609420475e-06,8.120357101197783e-06,0.0,7.18237576963101e-07,1.919960010322528e-06,0.3727002513040189,0.26487721878329107,-0.0576760629508936,0.0027911157846333546,0.5
2021-02-05,-0.0001979539030572142,1.6099711673908546e-06,2.148491361767709e-06,0.0,1.0574129603421317e-06,9.557654195894475e-07,0.1659386560891151,0.12905651654980757,-0.031512073941219625,-0.00020372554396630432,0.5
2021-02-08,-0.00041865068439278676,1.8951691533380727e-07,7.30861610698851e-07,0.0,6.126531138799454e-08,1.2144111642808842e-06,0.03365965451111498,0.1465345819966442,-0.05748649360254435,-0.0004208467393944883,0.5
2021-02-09,2.9589886423888668e-05,6.760065317513604e-07,9.586641252543473e-07,0.0,4.4041314881517873e-07,7.022923669727252e-07,0.0893640256985249,0.0863591909833662,-0.031625926668051654,2.6812510251095055e-05,0.5
2021-02-10,0.00012975617687540727,2.9687265868370085e-07,3.6737880017782217e-07,0.0,9.688414022494155e-08,7.206029602036416e-07,0.017785308629529928,0.0821381824357306,-0.03892311487848121,0.00012827443831611718,0.5
2021-02-11,-0.0001628525841068292,4.442364067082079e-07,7.509831766530355e-07,0.0,2.626903507272579e-07,7.472739768316192e-07,0.04075452671031597,0.0712388083544873,-0.05430321975322473,-0.00016505776801774933,0.5
2021-02-12,-0.00039192140529016123,2.0526808196767853e-07,2.66674183010607e-07,0.0,1.0407608535856464e-07,7.701292988898968e-07,0.01580712228748969,0.07190158394530174,-0.05748013826820092,-0.000393267552939388,0.5
2021-02-16,0.00015365319042649552,4.11945471259497e-07,3.397125793086377e-07,0.0,2.3103880731123386e-07,1.260675845218983e-07,0.0838455399470443,0.037174640501001395,0.015995286301322475,0.00015254442598409425,0.5
2021-02-17,0.0002751771444681301,1.9691454207764308e-07,5.160727659185347e-07,0.0,2.2385191255068075e-07,2.209980254551168e-07,0.027086875011445938,0.04094740851355346,0.0038197402370938422,0.00027401930722212813,0.5
2021-02-18,0.0003043423328956599,2.878121127681208e-07,2.661929415352506e-07,0.0,3.15521206999124e-07,1.8687770795201385e-07,0.031049202233959232,0.05024767559437253,0.018852220658434195,0.0003032859289264054,0.5
2021-02-19,0.00019751519300066465,5.895941607566287e-07,7.762948337451451e-07,0.0,4.5752080203496317e-07,2.6604812325090397e-07,0.04718639902447234,0.05376846053469663,0.009072375828544763,0.00019542573508087702,0.5
2021-02-22,7.948889007248117e-05,5.703548288365108e-07,5.845621978102312e-07,0.0,3.522626957586165e-07,3.2007736906726006e-07,0.03408623666628012,0.058032613129374244,0.00425961512607456,7.766163298100855e-05,0.5
2021-02-23,-0.00027950771468428573,1.5526125903066394e-06,2.5501375527129254e-06,0.0,1.3095979272834642e-06,1.114196948208485e-06,0.19014421314488744,0.20599344742241338,0.0188083601233879,-0.00028603425970279725,0.5
2021-02-24,-0.00025652100760083853,1.5371248934396817e-06,9.373876620538158e-07,0.0,1.2961765898905781e-06,5.465020883155505e-07,0.13724761383174608,0.1975794360543002,0.10576708521728771,-0.00026083819883453813,0.5
2021-02-25,-0.001887162817102804,1.5009505586685071e-06,2.6899810797917663e-06,0.0,1.2707875490878206e-06,1.0702419885394556e-06,0.13818928239433947,0.2186832689554944,0.03888261488086585,-0.0018936947782788914,0.5
2021-02-26,-3.619738320250161e-05,2.8993025179017102e-06,3.6035555333186738e-06,0.0,1.8612965342658936e-06,2.0354076220143398e-06,0.26480710138247854,0.3998357060066246,0.057887225508215484,-4.659694541000223e-05,0.5
2021-03-01,0.002093393447183227,3.4160938917357343e-06,4.883141736784706e-06,0.0,2.02552134887592e-06,1.2500636249886485e-06,0.3247497380968008,0.23112822895457572,0.021117539956482752,0.002081818626580842,0.5
2021-03-02,-0.0001534750952101825,3.0233995403655775e-06,1.8658687702107634e-06,0.0,2.165241250661721e-06,5.445540270558969e-07,0.2326514161137643,0.2439440945074955,0.15245901796210481,-0.00016107415879847644,0.5
2021-03-03,-0.0007951674242065119,2.2241137147758483e-06,5.299326084583427e-06,0.0,1.5165851550404544e-06,2.367112728395978e-06,0.30635960029756254,0.4407117820874822,0.043036843716958026,-0.0008065745618893075,0.5
2021-03-04,-0.001044921433906832,2.6268671011108874e-06,4.6518315498507794e-06,0.0,2.173665242573561e-06,2.3300327300862094e-06,0.193448038459905,0.28019215627356664,-0.11125334238091648,-0.0010567038305304534,0.5
2021-03-05,-0.0011374260051719399,3.343526303271151e-06,4.352369515597648e-06,0.0,1.9695148882210423e-06,1.1892381395887575e-06,0.438488145962422,0.2638873936236422,0.06409538617273094,-0.0011482806540186186,0.5
2021-03-08,-0.0010437757284576471,3.236197854806583e-06,2.4209352695178873e-06,0.0,2.102698812476625e-06,1.00082978218257e-06,0.2568195229689035,0.33968773209820746,0.17154832869153572,-0.0010525363901766308,0.5
2021-03-09,0.004723000214487647,2.3513692796230326e-06,1.2592246501014138e-06,0.0,1.5645973118650905e-06,4.956456220012443e-07,0.16822833962099062,0.35881230429765587,0.27554383980144687,0.004717329377624056,0.5
2021-03-10,0.0026349026900858736,2.597778553532399e-06,9.087029027477304e-06,0.0,1.2135305187274436e-06,2.3869471037529143e-06,0.43752586146846095,0.3857104253093534,-0.015296688121136187,0.0026196174048823836,0.5
2021-03-11,-2.312848205073318e-05,1.088448483289791e-06,1.528217795427365e-06,0.0,6.976038234474893e-07,2.3821271877984667e-06,0.07705119660445581,0.3489857738011091,-0.05121159374903324,-2.882487934069629e-05,0.5
2021-03-12,0.0011573351461792024,1.7785861200997422e-06,2.81035851918255e-06,0.0,1.145448708961461e-06,1.5525714539641453e-06,0.18484987616129622,0.19950266551786583,-0.061329338748110564,0.0011500481813769945,0.5
2021-03-15,0.0001954252678511711,3.8500056642908366e-07,5.532112228879379e-07,0.0,1.7438236786043668e-07,1.306747989584958e-06,0.050709281549007314,0.17273257823410715,-0.04680108401616581,0.00019300592570440866,0.5
2021-03-16,-5.745114444601061e-05,1.0304509438662343e-06,1.7499708546507717e-06,0.0,4.5933910542089e-07,2.9780318835286244e-07,0.1471300243624914,0.03288376857158054,-0.01714716707170036,-6.098870853830137e-05,0.5
2021-03-17,8.367629372857354e-06,5.013139340135678e-07,4.7194118464763825e-07,0.0,1.794030047696789e-07,4.285908502200372e-07,0.024895738369518507,0.04826202975800675,-0.023741233078959485,6.786380399206432e-06,0.5
2021-03-18,0.00026099320204091704,6.552408222894832e-07,1.0082981542592681e-06,0.0,3.3991017941757e-07,7.101222165989426e-07,0.04627300190988902,0.06695131421943601,-0.05234921816918635,0.0002582796306683518,0.5
2021-03-19,0.0002007536057800049,1.2822514642497018e-06,1.6537493135817121e-06,0.0,4.580918551479074e-07,9.525458230134397e-07,0.20807758881189434,0.22127762525656472,0.061249926990306826,0.00019640696732401214,0.5
2021-03-22,0.0007882599802188443,7.961299774389406e-07,1.5260759141827793e-06,0.0,4.751495900604684e-07,1.1266598029843537e-06,0.08361353709172994,0.21916343677708883,0.029884589875717432,0.0007843359649341777,0.5
2021-03-23,-0.0008754978987274566,1.1336584499527577e-06,1.7058171109868123e-06,0.0,6.395189117607503e-07,1.0764004544612483e-06,0.1062823615854469,0.19275178613743513,0.011916509787945395,-0.0008800532936546182,0.5
2021-03-24,-0.000495242098047604,8.436761067052996e-07,4.228048909816825e-07,0.0,3.7793006135714224e-07,7.870741713462934e-07,0.06420247551664365,0.18628543806210557,0.05405697727592828,-0.0004976735832779944,0.5
2021-03-25,0.0006233595447918523,7.480012378577532e-07,1.0521565568986478e-06,0.0,3.409084076101051e-07,5.504862733782789e-07,0.07691583390099346,0.14673518788151574,0.054253493953964886,0.0006206679923161075,0.5
2021-03-26,0.0009511434965662926,1.3620739952978975e-06,5.216838237411188e-06,0.0,2.976962783281666e-07,1.593685414367386e-06,0.23533189709476043,0.1366438395834896,-0.13109531003023125,0.000942673202640888,0.5
2021-03-29,0.00010329237600788761,5.71492998942199e-07,2.0543890907821712e-07,0.0,4.4462376862981286e-07,1.4020647747769602e-06,0.06877437773188885,0.17112085287618267,-0.06442602928634666,0.00010066875555646042,0.5
2021-03-30,-7.222318735893425e-05,4.0376562483002196e-07,5.48671663176203e-07,0.0,2.2571810217281535e-07,1.1137179241227808e-06,0.057965791564531105,0.14583492969123105,-0.041269681561396154,-7.451506067323608e-05,0.5
2021-03-31,-0.00032102788116076825,6.290370316012464e-07,1.2163527186915534e-06,0.0,3.2071178373202623e-07,4.7485962308743086e-07,0.10010546662214621,0.05443981065311162,-0.025336606025576764,-0.00032366884231788053,0.5
2021-04-01,-0.0001773822909636925,1.7978626981995996e-07,9.013696630597396e-07,0.0,2.6047824126330957e-08,9.037332251021155e-07,0.0403976434477669,0.09295273432116506,-0.05887444749599033,-0.00017939322794580066,0.5
2021-04-05,-0.0007263884459638376,2.878434308170891e-07,1.2112233708544124e-07,0.0,1.424168776629318e-07,9.283018763718951e-07,0.01946878208202465,0.10963323126193666,-0.04632148396854172,-0.000727868130485775,0.5
2021-04-06,3.5242795627113786e-06,7.912871064962647e-07,1.1685150090757932e-06,0.0,4.981984120156683e-07,1.3942597596492007e-06,0.10935784005219522,0.21528900673781678,-0.01894663288324891,-3.279807245255484e-07,0.5
2021-04-07,-0.00014707346455769828,4.256113238274932e-07,8.747120537565829e-07,0.0,1.3285590819964423e-07,1.1618290903719249e-06,0.05623037186719614,0.16926332739163208,-0.02592395979085132,-0.00014966847293385393,0.5
2021-04-08,-0.0004123806320836411,9.355886965107714e-07,1.9239036807419654e-06,0.0,4.937221519980748e-07,4.152422416895597e-07,0.1341548931777173,0.039868099880063,-0.02989259672378302,-0.00041614908885458145,0.5
2021-04-09,-0.00017832949253447896,5.291602729919963e-08,2.8305099348141264e-07,0.0,1.006046498466968e-08,5.440341329854466e-07,0.012499762911893305,0.05061470378541439,-0.040783030556140645,-0.0001792195541532297,0.5
2021-04-12,2.232985748462442e-06,1.2276692230869437e-07,1.166590443531903e-07,0.0,6.044420856013907e-08,5.343491286539854e-07,0.01167540201314056,0.053504447398711685,-0.036266206215157866,1.3987664445864328e-06,0.5
2021-04-13,-5.9071205249036934e-05,5.500150803772583e-08,5.325509580271698e-08,0.0,1.2802417702089973e-08,5.135068110031177e-07,0.007753925452068297,0.05479660975871754,-0.03147253448980624,-5.970577108158258e-05,0.5
2021-04-14,1.6906080827893156e-05,1.1533685078427108e-07,2.5604074799363605e-07,0.0,3.8717498086220114e-08,4.882204683381394e-07,0.013250331825090896,0.04409204302108247,-0.03792899565972497,1.600776526269089e-05,0.5
2021-04-15,-0.00028506091332503985,1.6148126318835865e-07,1.2054213893961303e-07,0.0,6.141255081548878e-08,5.153787498110936e-07,0.012791729742714721,0.05381545358649172,-0.03276817638177202,-0.0002859197280277944,0.5
2021-04-16,-0.00012113584391978876,1.404680304872927e-07,1.448086683384435e-07,0.0,6.407038856432401e-08,5.62146823138739e-07,0.011900432722982194,0.06439977565656457,-0.03004089063074357,-0.00012204733783031756,0.5
2021-04-19,0.00010922298706755168,2.3698299483382802e-07,1.9771811990605852e-07,0.0,9.706267310792443e-08,5.741439680765859e-07,0.019757507356905665,0.07385440823452592,-0.022601778402340525,0.00010811707931162729,0.5
2021-04-20,0.00031906318328092317,3.332373099812354e-07,4.4900842231439477e-07,0.0,1.1994282722944845e-07,5.56180348588138e-07,0.025079270682115348,0.06345308499972467,-0.02998521356308252,0.00031760481437280994,0.5
2021-04-21,-0.00032120481681873874,5.84962566657224e-07,1.2757430771173452e-06,0.0,2.7146150568804563e-07,4.7175697366115195e-07,0.13651897207036554,0.10326631169755864,0.024011140122485123,-0.0003238087409418625,0.5
2021-04-22,-0.0002543156819488477,5.033297466678684e-07,3.871728725935507e-07,0.0,1.6539686779216123e-07,5.444183213195608e-07,0.029729159290505836,0.12034380137754708,0.02888152339586086,-0.00025591599975722086,0.5
2021-04-23,0.0004222982869190653,7.825956229482086e-07,4.769617475117691e-07,0.0,3.391257673645011e-07,3.0614796052366413e-07,0.06389580030050401,0.1208791316807573,0.06944627431278172,0.0004203934558207172,0.5
2021-04-26,0.00012250101463809256,7.573837750023458e-07,2.9082088831615356e-06,0.0,2.529354914016898e-07,7.9947680578067e-07,0.1500915807628573,0.1184892979156664,-0.015822805455486158,0.00011778300968274632,0.5
2021-04-27,0.00019563539214675655,5.95116847306787e-07,5.898767479330058e-07,0.0,1.781356408294772e-07,7.246108742524811e-07,0.0391859469183166,0.10545155099148681,-0.01628307588293004,0.0001935476520364348,0.5
2021-04-28,-1.3062237465543717e-05,6.338225831288638e-07,1.0781278853526502e-06,0.0,1.7370109836401105e-07,3.8686134902180097e-07,0.06748166541764014,0.03918541930694034,-0.025807287328722218,-1.5334750381411043e-05,0.5
2021-04-29,-6.817585249993392e-06,1.0919610496912334e-07,2.030404373076259e-07,0.0,3.837046790300395e-08,3.9757080923150057e-07,0.008466646699967374,0.033873347684258634,-0.032918548266633464,-7.565763069404646e-06,0.5
2021-04-30,0.00016350572081317717,2.213552872605946e-07,5.7338763914603e-07,0.0,1.8409572240342875e-07,6.571746151149955e-07,0.025502246942017023,0.0582572894878373,-0.05214804585148194,0.00016186970754925213,0.5
2021-05-03,-0.0003057483151389655,5.446787431057793e-07,6.174234703507338e-07,0.0,1.8651370590520133e-07,8.837129956301617e-07,0.03386224702472268,0.0858244317933371,-0.06263935147253007,-0.00030798064405395737,0.5
2021-05-04,0.00029930489982316674,1.212265577938516e-06,2.2081325984498016e-06,0.0,7.209490048382694e-07,1.5276260750916174e-06,0.11097581526638513,0.13984078469188943,-0.11680039592350236,0.0002936359265668485,0.5
2021-05-05,-6.139652541762287e-05,7.564540751634615e-07,1.239537160619476e-06,0.0,2.2266981466830133e-07,1.3726021743285101e-06,0.19280831955305872,0.24185297716104814,0.01125581187385847,-6.498778864240262e-05,0.5
2021-05-06,0.0004985645641977329,9.865312150893836e-07,9.59623170161419e-07,0.0,4.5219665354131315e-07,1.053188917092128e-06,0.07772766041684084,0.2021008742369267,0.025165136165449215,0.0004951130242418486,0.5
2021-05-07,0.00012852313799301108,8.946677371448987e-07,4.313561885442983e-07,0.0,4.1547787194737116e-07,5.478138612670118e-07,0.06651963546800965,0.16299139651651381,0.07095866782365583,0.0001262338223341075,0.5
2021-05-10,-0.0009907898129454151,1.2502458673869966e-06,4.832652492249188e-06,0.0,6.36569648476633e-07,1.2446843029874186e-06,0.28745107518736146,0.18106176277414043,-0.028045200127745862,-0.0009987539652565154,0.5
2021-05-11,0.000391832889692593,1.087853426749517e-06,2.644805270547833e-06,0.0,7.768276403059978e-07,1.7531858619447692e-06,0.11115081809072087,0.1727231729370115,-0.12181205186970968,0.00038557021749304485,0.5
2021-05-12,0.0024080667879273756,7.274873487456124e-07,3.7931418905211945e-07,0.0,2.1836600535374375e-07,1.6069354506831093e-06,0.04327781922172698,0.17197599367253047,-0.09798916204223194,0.002405134684933541,0.5
2021-05-13,-0.0011507692872638267,1.705634087534715e-06,2.804478998357758e-06,0.0,5.62250471544325e-07,1.1752871044041453e-06,0.3414046613841327,0.2708651956064154,0.07341696206651903,-0.0011570169379256675,0.5
2021-05-14,0.0018270705863103168,7.990239579532338e-07,6.481647111298214e-07,0.0,4.2744806950849263e-07,7.92487379088096e-07,0.07788929673853517,0.2503923722626303,0.11725449257583018,0.001824403462192637,0.5
2021-05-17,-0.00035711072016292496,7.976037115112531e-07,7.088646734664619e-07,0.0,4.095816084376529e-07,6.654604694410667e-07,0.06462129193705454,0.24974972950576857,0.1379523706396694,-0.0003596922306257814,0.5
2021-05-18,-0.0011089572764491557,1.7424472733209741e-06,6.381546398346431e-06,0.0,6.338062690614798e-07,1.2638980709417887e-06,0.34951876526683867,0.18740099875497035,-0.024933877163250157,-0.0011189789744608263,0.5
2021-05-19,-3.810993420170182e-05,1.0922968546227883e-06,2.677237638294057e-06,0.0,5.479344474673045e-07,1.4884942052504167e-06,0.11373866724738735,0.13010278701280809,-0.11996423946926192,-4.3915897347336386e-05,0.5
2021-05-20,-0.0012406705547643826,5.044030057950794e-07,1.4171942254887899e-07,0.0,2.0443094290274414e-07,1.288226275831039e-06,0.040143885698633516,0.13185962163539192,-0.08456239270422265,-0.0012428093344114602,0.5
2021-05-21,0.00019731325860861414,8.812151267427292e-07,8.553258337007607e-07,0.0,3.107030732782891e-07,1.4634641897123946e-06,0.0675553257772935,0.17234281157805162,-0.07351917229363063,0.00019380255038517998,0.5
2021-05-24,-0.0009866924442245237,6.811583385027416e-07,4.20738783054829e-07,0.0,3.0489238792711843e-07,1.2895988819129852e-06,0.05888951138415981,0.17754928551183555,-0.03910332664954603,-0.0009893888326159214,0.5
2021-05-25,-0.00020808076571913887,8.426717421016515e-07,9.056614535933626e-07,0.0,2.495802856118717e-07,1.145716418987234e-06,0.07205783960112343,0.16775805464349575,-0.02472230374635955,-0.00021122439561943297,0.5
2021-05-26,-0.0002542724325430186,1.4066595780869936e-07,1.17007929518475e-07,0.0,2.553554336292752e-08,1.1524846673744376e-06,0.004023336592508812,0.16542966905526563,-0.02818775506363986,-0.00025570812664108314,0.5
2021-05-27,-0.00022584619438314422,9.395813673214345e-07,1.9353023167407014e-06,0.0,3.3938664633666286e-07,2.8464975798356663e-07,0.14392103497249825,0.026499951216649966,-0.021321208124589222,-0.00022934511447152657,0.5
2021-05-28,-2.7952099662850495e-05,1.2177440048178287e-07,1.0032295045790994e-07,0.0,2.7802146177997125e-08,2.878561724640728e-07,0.008001461723058656,0.02895705914829333,-0.019402777825670892,-2.848985533243226e-05,0.5
2021-06-01,1.7642722744860032e-06,1.0916467023119475e-07,4.612269917692412e-07,0.0,2.8924348936135523e-08,4.581726188564944e-07,0.02313489966965986,0.0435509321676482,-0.03342206780024286,7.067836446929374e-07,0.5
2021-06-02,-4.855068650704299e-05,9.41953612686832e-08,1.4672152946295392e-07,0.0,4.9698359093077504e-08,4.3463183542201496e-07,0.015385869476514089,0.04494713812217215,-0.028071010228726354,-4.9275933592289724e-05,0.5
2021-06-03,8.174272503766832e-05,7.836573276456149e-08,2.0412905064478492e-07,0.0,3.688170415940177e-08,4.61557064399021e-07,0.011157336657822446,0.04489598148915578,-0.03264560532987975,8.096179148570055e-05,0.5
2021-06-04,-0.0003020764016117173,9.604505592926599e-08,1.119906767855896e-07,0.0,3.162245410677554e-08,4.4559995181299085e-07,0.00952085825149397,0.0438678730302418,-0.030992918874340667,-0.0003027616597503519,0.5
2021-06-07,-0.0007426553815753931,4.1456831808997e-07,3.1757579590660955e-07,0.0,1.9309946139679428e-07,4.803823393491932e-07,0.045854491883239236,0.07793252710868886,-0.002771705901975603,-0.0007440610074901356,0.5
2021-06-08,-6.124449732820931e-05,3.232582433514778e-07,3.9315713109445193e-07,0.0,1.2220193010805042e-07,5.444693458414285e-07,0.026691063204008623,0.08794927196433862,-0.0035215781370213743,-6.262758397860471e-05,0.5
2021-06-09,-3.670775786642195e-05,5.757175338921438e-07,9.85358788845974e-07,0.0,1.9715759744679163e-07,4.100461500405565e-07,0.05399978060251454,0.04554761626889853,-0.023340136937914976,-3.887603793664741e-05,0.5
2021-06-10,-3.7923759994249556e-05,1.643276038027926e-07,2.73607081630978e-07,0.0,3.638546903444653e-08,4.4565464915463285e-07,0.012436735131387782,0.043196352079763384,-0.03167362897821494,-3.8843734797872404e-05,0.5
2021-06-11,-4.5071092242733555e-05,2.776814226653522e-07,5.300678383966773e-07,0.0,1.229171636634239e-07,5.970498726905887e-07,0.03156530216444016,0.06067623549859359,-0.039628143113425315,-4.65988085401496e-05,0.5
2021-06-14,-0.00014895287476392042,1.6144554995029675e-07,3.0631220486645806e-07,0.0,4.323012663779553e-08,6.699747318900036e-07,0.01948963117353003,0.0691791447535241,-0.043376610203996524,-0.00015013383737726496,0.5
2021-06-15,0.00015440687146441276,2.4632198980501637e-07,3.250967723314751e-07,0.0,8.442081725873407e-08,5.793169626234531e-07,0.02133601512535041,0.05218603726255956,-0.04513921245818057,0.00015317171492239409,0.5
2021-06-16,0.00020116241215732727,2.910711133500833e-07,3.029991526169581e-07,0.0,1.6736449074851904e-08,8.210978599337405e-08,0.0972238070675088,0.062226076797869775,0.04843163275098293,0.000200469495656292,0.5
2021-06-17,-8.530903723052592e-05,4.110283654352999e-07,5.909239381270328e-07,0.0,1.6239052128316774e-07,2.862263208351558e-07,0.043305931987182786,0.09937899735517455,0.05129297545486838,-8.675960637620657e-05,0.5
2021-06-18,-0.000672171823141599,7.080305513752024e-07,6.704901752122345e-07,0.0,1.508167554657037e-07,3.815712279767097e-07,0.11041986044174473,0.19282094306904204,0.1287169767689548,-0.0006740827318516289,0.5
2021-06-21,0.0018617287018830972,9.408797940518703e-07,4.00934318186678e-06,0.0,4.4428226042178646e-07,7.36417238010713e-07,0.1809242143480467,0.1082739144693773,-0.015444181516422484,0.0018555977794087462,0.5
2021-06-22,-9.028037319035522e-05,1.2034259800750581e-06,8.949561668764792e-07,0.0,5.725391566714613e-07,5.011032725911022e-07,0.11831589987914051,0.13674489146183785,0.052559541666532685,-9.345239776656932e-05,0.5
2021-06-23,-0.00023826301830270056,9.974193839887268e-07,8.759736484516742e-07,0.0,4.053809328101997e-07,3.008965349051171e-07,0.09659113066409106,0.14736883437624426,0.09681821651218459,-0.0002408426888028563,0.5
2021-06-24,0.0004142425640270217,1.1502848145282879e-06,4.407949574352072e-06,0.0,3.586233682094795e-07,1.2531023793739318e-06,0.2004859680433666,0.1543872316652326,-0.05613396806958796,0.0004070726038905579,0.5
2021-06-25,-6.715393485406623e-05,3.45862850129499e-07,5.207507278405266e-07,0.0,1.527083709082223e-07,1.0448769250723984e-06,0.054390779510517503,0.13953453036272878,-0.036004793049434165,-6.921813372801687e-05,0.5
2021-06-28,-0.00010114373542843479,1.0026632777829888e-07,2.0265941670913793e-07,0.0,2.6156246330594298e-08,1.05301265145756e-06,0.014641873680481242,0.14069301832420533,-0.036213107120664736,-0.00010252583007071038,0.5
2021-06-29,-0.00016340898641468833,4.923653985274309e-07,1.1155751341152259e-06,0.0,2.622891974516451e-07,7.184548680187048e-07,0.08027342674895288,0.08369378919404155,-0.03700662863310085,-0.00016599767101280134,0.5
2021-06-30,-1.486481617183682e-05,2.2358372760227718e-07,3.945592516336026e-07,0.0,5.395044469036527e-08,5.304864313255125e-07,0.03714910371045839,0.06261058726603808,-0.026511133196648017,-1.6067396027088578e-05,0.5
2021-07-01,-4.811445154069522e-05,2.0193593799648675e-07,3.2776709589952826e-07,0.0,1.1989189805746036e-07,5.162852387852182e-07,0.025360037880103173,0.06198048149343549,-0.02475543862248119,-4.928033171143392e-05,0.5
2021-07-02,-0.0001325961293017875,1.845020394299571e-07,2.103265395682573e-07,0.0,8.48664488448928e-08,5.54450472734565e-07,0.018437007016571656,0.07325048440972386,-0.019897195009683066,-0.00013363027480236517,0.5
2021-07-06,0.00023234396312134655,6.602098958962753e-07,3.8975335955366697e-07,0.0,4.26884384961424e-07,5.754500927452064e-07,0.06755149089815901,0.1263439254479259,0.029668309866731225,0.00023029166538818998,0.5
2021-07-07,0.000481257095279455,8.366441883736757e-07,2.0474013341554945e-06,0.0,2.541636240574253e-07,1.2568222311304611e-06,0.10826528471417703,0.18576877007679973,-0.025377364753117734,0.00047686206390173795,0.5
2021-07-08,5.616071350682364e-05,1.1694497566586368e-06,2.6229593047944143e-06,0.0,6.351244229823712e-07,1.8005787082280537e-06,0.10388693008024061,0.1791555004227055,-0.12334172255960757,4.993260131416017e-05,0.5
2021-07-09,-0.00126662703734903,6.362270199528325e-07,8.806355260559551e-07,0.0,2.66015337109099e-07,1.855264135443814e-06,0.0576928417483053,0.18225249950887285,-0.12943187524568792,-0.0012702651793675918,0.5
2021-07-12,-0.0005101540966009712,9.89872189674655e-07,8.031843189123232e-07,0.0,3.911430406861709e-07,1.7695366242830992e-06,0.08110240358817976,0.19919650740154732,-0.09808564547801335,-0.0005141078327745275,0.5
2021-07-13,0.00026769028055920505,7.278855937490305e-07,5.251213705685419e-07,0.0,3.0405690259275887e-07,1.4571128640233115e-06,0.06637600207111835,0.18275623402968255,-0.06203872712623376,0.00026467610382827143,0.5
2021-07-14,-0.0002588744810317965,8.560154946067313e-07,1.4469672221680477e-06,0.0,2.733147162219581e-07,3.1874702712796464e-07,0.1516261410699374,0.05121993127761041,-0.002329569279887646,-0.0002617695254919212,0.5
2021-07-15,-1.335132590121879e-05,2.8587240310169794e-07,6.358181562426124e-07,0.0,9.697123299419456e-08,4.1340081676982444e-07,0.027476227480266346,0.045479720947569205,-0.023971616269761287,-1.478338851032712e-05,0.5
2021-07-16,0.0001223856225601675,3.524928466497428e-07,8.357897135816299e-07,0.0,1.528221884932683e-07,6.866191133818975e-07,0.03776179523875063,0.06413536033876699,-0.05121665070939182,0.00012035789869806097,0.5
2021-07-19,0.0008249562087722377,1.3754940060870232e-06,3.5928016018299355e-06,0.0,7.961117788653431e-07,2.2534406938739546e-06,0.14952450349639496,0.19652456610440558,-0.18205347046641884,0.0008169383606915814,0.5
2021-07-20,-0.0017697185515318705,1.0802733756775634e-06,7.27553643554786e-07,0.0,3.6902024208641635e-07,1.2128223407068062e-06,0.22596421885909151,0.23373125538333026,0.029977102144586813,-0.0017731082211338962,0.5
2021-07-21,0.0009805083832682597,9.86421176730824e-07,4.970210735562734e-07,0.0,3.3438092819841396e-07,7.90888975064976e-07,0.07532637402288009,0.2145375582563382,0.08166821044542222,0.0009778996711147093,0.5
2021-07-22,3.431877263978629e-05,5.824075206674629e-07,5.813567067207515e-07,0.0,1.876066788880712e-07,7.106942949774156e-07,0.046757592054102334,0.2121206365532086,0.09272399499700276,3.225670743853259e-05,0.5
2021-07-23,0.001112671831380559,1.1967859413334174e-06,5.72590185085573e-06,0.0,3.5117753934514927e-07,1.5741968092495756e-06,0.29218677358907597,0.1838147633318624,-0.0806503006220663,0.001103823769239775,0.5
2021-07-26,-0.00024206717067864653,5.520867573928926e-07,6.826753260906365e-07,0.0,2.2113716945181088e-07,1.0215619189205686e-06,0.0845840173558628,0.13466089407524662,-0.03696150830340891,-0.00024454463185050244,0.5
2021-07-27,0.0003398735164055401,3.801396080417195e-07,1.017660978315063e-06,0.0,1.2120618434470116e-07,8.297827385626504e-07,0.06929413139042555,0.09749737486726495,-0.0419061252112603,0.000337524726896276,0.5
2021-07-28,-8.169038146049095e-05,7.0790448056235e-07,8.355363083104991e-07,0.0,1.1386776154671075e-07,1.732825903285205e-07,0.14382440877730215,0.09085313759027522,0.06174166241508378,-8.352097260123902e-05,0.5
2021-07-29,0.0002492781117080733,2.8584977874758156e-07,5.822375802662022e-07,0.0,7.86081679245007e-08,2.714098790024848e-07,0.02858012871513483,0.0910981768171666,0.04550131714474916,0.00024806000630213257,0.5
2021-07-30,-0.0003483924764375835,4.3445421665845527e-07,9.051392754080278e-07,0.0,1.3844484703090653e-07,3.355315154473041e-07,0.046489059821089335,0.07904611173516732,0.02267681714002023,-0.0003502060462921282,0.5
2021-08-02,-0.00017590327068222768,4.203258424597501e-07,3.0913849726443164e-07,0.0,1.0140344000057598e-07,3.359875368364762e-07,0.025326982302684663,0.08432474169085974,0.027878835502331736,-0.00017707012599878891,0.5
2021-08-03,0.00022508637267790437,3.6495038931718893e-07,8.403967261534719e-07,0.0,1.188471519449325e-07,4.6898920776907617e-07,0.04069879279037285,0.08254013074487289,0.003749943839668096,0.0002232931892027197,0.5
2021-08-04,-2.018925050652879e-05,5.901485607446517e-07,4.742538277700299e-07,0.0,1.7984090747409057e-07,3.1649877149442245e-07,0.05251992489995456,0.08205872627298813,0.028886932661925158,-2.1749992574011983e-05,0.5
2021-08-05,0.000340464554723408,7.515148588214175e-07,2.771956737716927e-06,0.0,1.276858840910972e-07,1.0705953272170825e-06,0.13510049075114228,0.11873883161793314,-0.06112118335453674,0.0003357428019155615,0.5
2021-08-06,4.5191037100443684e-05,4.840581525597078e-07,6.463973312395783e-07,0.0,1.0714188059380539e-07,7.195361323410265e-07,0.06715520341042763,0.0869346143660206,-0.03394745586727184,4.323390360370957e-05,0.5
2021-08-09,5.46364515504019e-05,4.742505093231055e-07,3.717664737154296e-07,0.0,8.207626137321097e-08,6.563525833362076e-07,0.02307765516552668,0.07451305079264607,-0.03575418320783681,5.3052005722653945e-05,0.5
2021-08-10,-5.891019018351946e-05,3.6293495414748517e-07,4.576269854060304e-07,0.0,8.033889007610374e-08,4.784419461041541e-07,0.03426010993281288,0.04790022665905203,-0.03247802028644584,-6.028953295925324e-05,0.5
2021-08-11,-5.242501942350907e-05,2.3683898901634647e-07,2.9953708872080685e-07,0.0,5.370856314525331e-08,5.355885343040184e-07,0.0162094670074555,0.052635322782215097,-0.037343550980859966,-5.35506925986955e-05,0.5
2021-08-12,-3.749776003885317e-05,1.8212272669668289e-07,1.5957553768396038e-07,0.0,5.7468715637093345e-08,5.044094036087521e-07,0.019935480309480412,0.05795046790580542,-0.026790311900464936,-3.840133642247966e-05,0.5
2021-08-13,1.937907188179221e-05,1.8282056644974816e-07,4.712011965508571e-07,0.0,4.2142374038052255e-08,6.017985841011457e-07,0.02325706827384647,0.05975363685244226,-0.0413485252765502,1.808110916065241e-05,0.5
2021-08-16,-2.399775984645762e-05,1.3655771579927834e-07,2.9720670714535066e-07,0.0,3.823967252101632e-08,5.068787147102345e-07,0.0253841113263407,0.04859235784276232,-0.03656326622855707,-2.49766426566335e-05,0.5
2021-08-17,0.00017217976689428886,5.690154239161911e-07,1.3636332421109417e-06,0.0,2.3077634194291792e-07,1.0728824927345575e-06,0.05502918117801196,0.09294947758125817,-0.0872947811981475,0.00016894345939358425,0.5
2021-08-18,0.0009202028506853288,6.34974864242976e-07,4.63150099773751e-07,0.0,7.382880774304934e-08,6.610499746721697e-07,0.15229545263118255,0.1708465416927137,0.05979014594778921,0.0009183698469388969,0.5
2021-08-19,-0.00017327434091847727,3.4572263754518147e-07,9.606860223993636e-07,0.0,1.7868519112650765e-07,9.771605055054524e-07,0.04705038743774066,0.19596409234658976,0.031801127421673764,-0.00017573659527505376,0.5
2021-08-20,0.00046575551015641504,8.097866278989865e-07,6.674667996816841e-07,0.0,3.330823896521333e-07,5.509612706701455e-07,0.07882995636957268,0.16748749033407306,0.07492599686148863,0.0004633942130685121,0.5
2021-08-23,0.0006719778256508095,7.52691259335124e-07,4.744367141342984e-07,0.0,2.5631217227728295e-07,4.122265815622859e-07,0.06545456697252575,0.1851108780968798,0.11585681239441573,0.0006700821589235005,0.5
2021-08-24,-0.00010610815854061371,6.880761631679023e-07,3.7203613379023694e-07,0.0,3.9168264175176977e-07,2.487093395158681e-07,0.07642858835108904,0.21977455361341455,0.17799138457474872,-0.00010780866281883948,0.5
2021-08-25,0.00037235292976225043,8.808984267421622e-07,5.4843819714869e-06,0.0,1.3057882134871225e-07,1.3770770508108296e-06,0.24521319677778441,0.19988523030330496,-0.031463714232914365,0.0003644799934918618,0.5
2021-08-26,0.0003232247654096212,6.858471557423716e-07,1.5117548352285139e-06,0.0,2.61664865345831e-07,1.372753507577549e-06,0.06669853725675674,0.1493738016434113,-0.08124878762961693,0.00031939274504572693,0.5
2021-08-27,-0.0008314397115928921,4.491852594825402e-07,5.276001640041619e-07,0.0,1.409246836967337e-07,1.365656214096088e-06,0.042048996687690604,0.15352714565047149,-0.07590309831767128,-0.0008339230779141716,0.5
2021-08-30,-0.00022425215127907085,5.497310321085252e-07,4.532574304987471e-07,0.0,1.6190498106651374e-07,1.37402896892375e-06,0.044469464540314085,0.17038067289539283,-0.06045619388379713,-0.00022679107369166839,0.5
2021-08-31,8.739511009074173e-06,3.840241332001016e-07,3.6083152385827593e-07,0.0,9.281473136221103e-08,1.372047853266282e-06,0.025277880115375254,0.1718880377733147,-0.05861600157542059,6.529792767387302e-06,0.5
2021-09-01,5.534419404458635e-05,6.17403165533942e-07,1.1856525768828009e-06,0.0,1.7010011587261923e-07,7.247357329917544e-07,0.10443758904582938,0.08676513403389101,-0.03499046910872372,5.2646302453305237e-05,0.5
2021-09-02,3.460213751363422e-05,4.632668232869031e-07,7.468239964175968e-07,0.0,1.2153964082834643e-07,5.06279960386415e-07,0.05367442764107123,0.051504774292185376,-0.033550259052732345,3.276422709271496e-05,0.5
2021-09-03,2.0422690206766322e-05,1.5889988324372714e-07,1.470523174807169e-07,0.0,4.8185626468106106e-08,4.501572933372703e-07,0.012846450800982328,0.04582631994824463,-0.029800105332416768,1.96183950862365e-05,0.5
2021-09-07,8.240710327570035e-05,1.4936783850128306e-07,2.270676355723817e-07,0.0,3.7265051358909244e-08,4.4016318178324696e-07,0.012844361929998941,0.04023078332410212,-0.033716631215483364,8.155323956848454e-05,0.5
2021-09-08,4.3607643568366545e-05,1.8685217393333563e-07,2.96506772090993e-07,0.0,4.906139447044283e-08,5.347142505345608e-07,0.016217263019827927,0.050054785404474146,-0.03977720868533206,4.2540508977337215e-05,0.5
2021-09-09,0.00011621661154980815,3.037576817761569e-07,4.487229258881213e-07,0.0,4.340755880717516e-08,2.695131195489759e-07,0.0959804887624594,0.08345625214400557,0.038178048059777606,0.00011515121026378771,0.5
2021-09-10,-0.0003525902314223189,2.743377002723693e-07,3.533346282056047e-07,0.0,4.973479091048899e-08,2.3201342063964674e-07,0.04122766111042392,0.09676790718617226,0.057789652518711605,-0.00035349965196234697,0.5
2021-09-13,0.0002884228130462407,4.5147925580923523e-07,8.834438203936355e-07,0.0,1.498798778549415e-07,5.19483649071027e-07,0.04006545946388222,0.11939589731952399,0.032122644275591444,0.0002864185264431119,0.5
2021-09-14,-0.0002645597884788579,2.2037323134534486e-07,3.617306923777761e-07,0.0,8.716796426300704e-08,5.921487416627067e-07,0.020432679916979474,0.1252438411478454,0.02576285254851067,-0.00026582120910850673,0.5
2021-09-15,0.00016822276107476077,5.95741352315241e-07,2.9772638411214247e-07,0.0,2.3753111447650447e-07,3.2506133494883333e-07,0.05877289054539666,0.1276652285094998,0.07305492423809581,0.00016676670088890805,0.5
2021-09-16,-0.00013288082882905426,7.838931816383261e-07,3.059158607436105e-06,0.0,1.7283259869578383e-07,7.63566226337817e-07,0.1582654760021058,0.10914352475860307,-0.019135601266150222,-0.0001376602794431623,0.5
2021-09-17,0.0002716693763968093,5.35478191349552e-07,6.86967275643181e-07,0.0,1.5658102499502652e-07,4.841235642577976e-07,0.06582093016583813,0.08505845458740602,0.0037256957920960045,0.00026980622634056373,0.5
2021-09-20,-4.482998654428111e-05,1.2687984280961095e-06,2.9322068673136297e-06,0.0,5.347259660431016e-07,1.4155599170168096e-06,0.11742098588162085,0.13226877208946855,-0.10554529396935547,-5.098127772275076e-05,0.5
2021-09-21,0.00010619287910192495,7.817873023871114e-07,7.005730034328328e-07,0.0,1.4643773838365725e-07,1.0312610381602628e-06,0.17589436920949775,0.22177009887452623,0.04851824446360206,0.00010353282001956108,0.5
2021-09-22,0.0007710066728167384,1.2170254118663143e-06,4.214188981883196e-07,0.0,3.8199656500745636e-07,4.985242676048452e-07,0.08333014407091854,0.19847743604618356,0.11472535908856957,0.0007684877076740715,0.5
2021-09-23,0.0020631470509847698,1.3227071596370754e-06,1.022983801380831e-06,0.0,5.055982370078092e-07,3.5456201688933147e-07,0.10217357192196092,0.22127452820511412,0.1617081093677064,0.0020599411997698548,0.5
2021-09-24,0.00012313923232260237,8.00979406588078e-07,6.295099984970145e-07,0.0,4.7049763626976394e-07,2.369564673959423e-07,0.0894077278453057,0.25906071884596704,0.21925203232344875,0.00012100128881385158,0.5
2021-09-27,-0.0008190752838330221,1.0033005250789967e-06,6.314404395708379e-06,0.0,1.8853538000060104e-07,1.3739206993441418e-06,0.27791824403258486,0.20492795455743915,-0.025890722932376646,-0.0008279554448331543,0.5
2021-09-28,0.0007227632773354748,9.48345091894854e-07,1.4125245266862412e-06,0.0,1.9444350904730815e-07,1.0623480409929324e-07,0.228026598366558,0.14776718311881426,0.129919736030133,0.000720101729403747,0.5
2021-09-29,0.0004043397084999621,1.0426401185664563e-06,2.4212111932217914e-06,0.0,4.543681107323748e-07,7.03044294251995e-07,0.1028614681220826,0.1638847106379429,0.04577326920360774,0.00039971844478318947,0.5
2021-09-30,-0.0005028865779954153,5.46992598387404e-07,5.955430406577602e-07,0.0,1.280916884463567e-07,6.165322553797285e-07,0.060482285656453416,0.17100143410581148,0.06742401520201707,-0.0005047737375782866,0.5
2021-10-01,0.001083477387185724,5.862120320704813e-07,4.1528520253875067e-07,0.0,1.9736061788847168e-07,3.6636114462568447e-07,0.05448875542824541,0.16129640320483404,0.09974773090771909,0.0010819121681886006,0.5
2021-10-04,-0.0013733697834923475,4.773019355829884e-07,6.638966528190655e-07,0.0,1.1577871135152526e-07,3.561134017601883e-07,0.03906829220614939,0.1495106614859635,0.08968360999025186,-0.0013749828741938613,0.5
2021-10-05,0.0008953939478727549,8.810668000032596e-07,5.465175936339744e-07,0.0,2.924815915237815e-07,2.218375690284178e-07,0.08266730152797795,0.183955646489598,0.14668693489282383,0.0008934520443185654,0.5
2021-10-06,0.0006635738232456589,8.921032889783953e-07,3.967095907738944e-06,0.0,2.0326905905696288e-07,4.3831180682416284e-07,0.1685671653376696,0.06633774588379941,-0.007298637662659943,0.0006580730431830604,0.5
2021-10-07,-2.4338877209073785e-05,3.8656045931598497e-07,3.160449691953759e-07,0.0,1.1570720289911274e-07,2.587821953877728e-07,0.035181881792574476,0.052333025914813716,0.008857617089667886,-2.541597203587203e-05,0.5
2021-10-08,-8.94083980649842e-05,8.131431516309764e-07,2.0424109180241817e-06,0.0,1.8827309480100248e-07,8.997733893471867e-07,0.12008848399555223,0.12155404777964074,-0.02960788163068663,-9.335199861878754e-05,0.5
2021-10-11,0.00017054580719555261,3.654182391668074e-07,5.734960220607284e-07,0.0,1.0052064256118653e-07,5.026542494816692e-07,0.06617031901238185,0.0854872871125908,0.00104137319967036,0.00016900371804228222,0.5
2021-10-12,5.6260825583269087e-05,5.711806006415132e-07,1.1535072368438382e-06,0.0,1.7150727627028832e-07,5.770139109697516e-07,0.05054764554400243,0.060337670746269556,-0.03660066629664874,5.3787616558543693e-05,0.5
2021-10-13,-6.197086502063775e-05,4.083569960243746e-07,7.060267132742813e-07,0.0,7.36473302598026e-08,3.381847864275523e-07,0.11425155772327483,0.09803395919446348,0.041218915074634696,-6.349708084662377e-05,0.5
2021-10-14,0.0007890422225979186,3.409495531924366e-07,4.0935212667172246e-07,0.0,1.0424635602317943e-07,3.5902536173501365e-07,0.02802921347696461,0.1030558999330342,0.04273963916155192,0.0007878286492002962,0.5
2021-10-15,0.000325363964549796,4.59611738443506e-07,3.1007752807390443e-07,0.0,2.3093578799980393e-07,3.357072222662793e-07,0.04490159110568079,0.12808668883364976,0.07168787549291486,0.0003240276322730125,0.5
2021-10-18,0.0004632372272862788,4.948425261673666e-07,4.1993628064007955e-07,0.0,1.855983447210368e-07,3.4660573734537313e-07,0.05262460972867607,0.159144739231954,0.10091497535793133,0.00046179024439740494,0.5
2021-10-19,0.0010932003970680444,8.84184717838558e-07,5.007606168337087e-06,0.0,2.7637778132839487e-07,1.5611881916164395e-06,0.2349362603946668,0.18619637826686003,-0.07608323792470181,0.0010854710402089238,0.5
2021-10-20,-3.3739669258032263e-05,7.589979601758671e-07,1.0513896227199967e-06,0.0,2.735663127841216e-07,1.0767329644351087e-06,0.10201998125985329,0.13778865364164766,-0.04310248438345063,-3.690035611814736e-05,0.5
2021-10-21,0.00015270384901906595,2.7789157002301747e-07,4.3296473330830046e-07,0.0,6.925835582714735e-08,9.525728497847866e-07,0.02955191003855053,0.11721947163355889,-0.042812767130285256,0.0001509711615101227,0.5
2021-10-22,5.3376783597596774e-05,3.6356350080860846e-07,7.207277076061509e-07,0.0,1.3977710447151378e-07,5.98355104359e-07,0.06297266756828486,0.07145672462587882,-0.029066932906433206,5.15543601803515e-05,0.5
2021-10-25,-0.00021551886847636972,2.9847968032227006e-07,4.295116415387615e-07,0.0,9.432273620351561e-08,5.989103454769137e-07,0.025315286766444303,0.06464836176689902,-0.035968576273222475,-0.0002169400928799112,0.5
2021-10-26,-1.5309740560181285e-05,3.5805363251864505e-07,2.345643812882702e-07,0.0,1.5080702488844207e-07,6.046696828374367e-07,0.039050337363810216,0.09374458109304981,-0.00783992562363955,-1.665783528171408e-05,0.5
2021-10-27,-8.591307696831516e-05,4.1869933273278183e-07,3.415556468373021e-07,0.0,1.2321284870595666e-07,5.997302138852146e-07,0.03173721305089519,0.10252773604014667,0.0017730601074306164,-8.739627501047642e-05,0.5
2021-10-28,0.0001465578814091415,3.830379784005349e-07,1.4900796284664775e-06,0.0,8.659686484773628e-08,1.061925610875323e-06,0.06606430582336306,0.12572249904195318,-0.0526810035851011,0.00014353624132655142,0.5
2021-10-29,-5.511184343942653e-05,3.2716396965493363e-07,5.385360961800055e-07,0.0,1.2991131314068225e-07,8.858733648194396e-07,0.04715959594033693,0.10632295199541,-0.04250377329425582,-5.6993328183221594e-05,0.5
2021-11-01,-0.0001593794030606098,2.1080432824761448e-07,3.2295165905409295e-07,0.0,6.166923301229714e-08,8.849896716198265e-07,0.017366318303295356,0.1004109688070803,-0.04826729602505058,-0.00016085981795254365,0.5
2021-11-02,-0.00017574718079837155,2.6424285311226523e-07,4.364642749564497e-07,0.0,1.1499508215284655e-07,8.250711949614331e-07,0.03423571436671042,0.09371504344968468,-0.044896917303836076,-0.00017738795420355454,0.5
2021-11-03,-0.00028328921585890507,2.3271208640262342e-07,2.6350448078349245e-07,0.0,1.0738826531081135e-07,8.49036305199346e-07,0.022573657140403044,0.10316248748607255,-0.039475611787417535,-0.0002847418569966013,0.5
2021-11-04,8.568074529420781e-05,4.480287039133185e-07,1.2075370084723927e-06,0.0,1.9191940757526103e-07,1.2043128143781184e-06,0.07382018485710341,0.14358375960302158,-0.05874079321250225,8.262894735986872e-05,0.5
2021-11-05,-0.0002738707873906618,3.854120532547085e-07,5.142423106997141e-07,0.0,1.3247922845825217e-07,1.1928268019515995e-06,0.037464839418080695,0.1423775619258256,-0.05801734080204308,-0.0002760957477850261,0.5
2021-11-08,4.5885674335501025e-05,4.4991569941410473e-07,8.890856313995004e-07,0.0,1.4973355507707106e-07,8.031373030782779e-07,0.07633673236987404,0.09208079512051243,-0.042846271796638274,4.359380214653207e-05,0.5
2021-11-09,0.000292973713851365,4.1770519553638884e-07,6.501067789705087e-07,0.0,1.1138191870190047e-07,2.55373509776226e-07,0.08166473532400897,0.04492104162334594,0.002018291980939971,0.00029153914644837995,0.5
2021-11-10,-9.94794238065078e-06,4.1059959958890496e-07,1.118850831633336e-06,0.0,2.0342472044042508e-07,5.301980321731445e-07,0.05008571924424536,0.053039214281487786,-0.036034055123600514,-1.2211015564486591e-05,0.5
2021-11-11,4.0625726369852665e-05,6.039774540556842e-07,7.609296864991099e-07,0.0,1.3352351555679852e-07,5.46369100362873e-07,0.11753101629078952,0.1339397909897166,0.04214978212875395,3.85809266133782e-05,0.5
2021-11-12,0.0004126955428693338,5.503358186199694e-07,1.950459098191024e-06,0.0,1.2878511923447291e-07,5.063457062922866e-07,0.09983881818695639,0.07042864588746284,-0.014637432769641301,0.00040955961712699603,0.5
2021-11-15,2.7113732825796657e-05,5.11518710437111e-07,4.841027097812733e-07,0.0,1.3544049769383209e-07,3.384634834131148e-07,0.037158179334080506,0.047311867645586855,-0.009549997567816429,2.5644207424471327e-05,0.5
2021-11-16,1.5586606617617964e-06,3.772921758575535e-07,2.1749973163098786e-07,0.0,1.4721543758176243e-07,2.2802416997236797e-07,0.037522268785282226,0.056359540223833576,0.018051479668475756,5.886291467191244e-07,0.5
2021-11-17,-6.554015382770642e-05,3.785480192541893e-07,1.5267833449478014e-06,0.0,1.2159426008203526e-07,5.014673560493053e-07,0.07868799494187603,0.05824006975606081,-0.026006446060222482,-6.806854680803975e-05,0.5
2021-11-18,-0.00010718970124713769,3.3449490652489756e-07,4.3675149571646177e-07,0.0,1.2152637139763202e-07,5.611414411863213e-07,0.029228466913912024,0.06607518434008108,-0.028196577779220883,-0.000108643615461963,0.5
2021-11-19,5.638635501848348e-05,3.926151916753384e-07,4.963605810563409e-07,0.0,1.104028869279968e-07,5.899604279521724e-07,0.03078801031154836,0.06714019780390024,-0.03197315409206474,5.4797015930871637e-05,0.5
2021-11-22,-1.4817428809301351e-05,5.379934592797737e-07,4.4386770012431996e-07,0.0,1.8859220937113033e-07,5.761616511044608e-07,0.05530509826189159,0.09428727207164708,-0.0025078853139023256,-1.6564043829181037e-05,0.5
2021-11-23,-1.9816000839218948e-05,3.6432765634597506e-07,9.250141074545113e-07,0.0,1.1053358240877714e-07,7.539440227280829e-07,0.04664778096414211,0.09829265601473833,-0.02836993980357957,-2.1969820208156296e-05,0.5
2021-11-24,-0.00016931980268377453,4.570168017284277e-07,6.888849462770871e-07,0.0,1.6320995090037744e-07,6.687081670706514e-07,0.03771777117120595,0.07139869775863446,-0.04094427430923499,-0.00017129762254975109,0.5
2021-11-29,0.00032908401280905763,5.010380164574255e-07,5.994566891681674e-07,0.0,7.782290696339808e-08,1.155809766604933e-07,0.1478345846947883,0.10834545088056759,0.08892784680160469,0.00032779011421980815,0.5
2021-11-30,-0.0019095124143311637,5.913523827682876e-07,8.049049168043816e-07,0.0,1.905980128023152e-07,3.541148435216518e-07,0.08972839302426189,0.18533255036268187,0.1258412566510444,-0.0019114533844870603,0.5
2021-12-01,-0.0015235329974018384,7.679326723625196e-07,2.262566414330311e-06,0.0,4.7039882534841573e-07,1.2838184254486555e-06,0.09944466102727366,0.2602356772216022,0.044554181746228064,-0.0015283177137393282,0.5
2021-12-02,0.000627452828361912,1.0216496213113807e-06,2.2021429350745284e-06,0.0,4.6127103641862867e-07,4.026158725316945e-07,0.17627517605666365,0.1272678034751629,0.05962833688983821,0.0006233651488965757,0.5
2021-12-03,-0.0006610925984162539,9.888764319681573e-07,1.8643912258656426e-06,0.0,3.3175731878980535e-07,8.982131428305549e-07,0.08436006961356962,0.15463181164802287,0.003732003652489664,-0.0006651758365357081,0.5
2021-12-06,-2.918175509360329e-05,7.971886711744847e-07,3.488173071976641e-07,0.0,3.195634857259364e-07,3.9459296078246276e-07,0.07867757127369071,0.1366316096319437,0.07033999222048995,-3.104191751848384e-05,0.5
2021-12-07,0.0017636143357872523,9.472847642749518e-07,4.3752517051541285e-06,0.0,2.0986501836377235e-07,1.437262271203762e-06,0.22620228691194855,0.183757101227663,-0.05770296033456898,0.0017566446720282557,0.5
2021-12-08,-0.0001450572814714985,3.2271193017469146e-07,3.9500513567714304e-07,0.0,9.552519087571812e-08,1.3811397540164202e-06,0.029756851710777632,0.176219704702278,-0.05581177397248055,-0.00014725166348224247,0.5
2021-12-09,0.00042712323656385375,6.114959476141147e-07,7.808792917354677e-07,0.0,2.0728765277988923e-07,1.0741008403029217e-06,0.08315289589700584,0.16025310909264648,-0.020195832078244352,0.00042444947283142134,0.5
2021-12-10,-0.0002089638337712481,6.574568926438779e-07,1.4139118504443883e-06,0.0,2.090190703075709e-07,6.13933145062677e-07,0.0963777295902726,0.07647550140110197,-0.026665266969427736,-0.00021185815472970663,0.5
2021-12-13,0.00034000632599572326,4.032262799414048e-07,5.83981813139709e-07,0.0,5.4339936973711014e-08,1.243222902826604e-07,0.11110668483136461,0.07937341800730967,0.05848727323982273,0.0003388404556753858,0.5
2021-12-14,-0.0003928020156459225,2.9740608322700255e-07,5.976041994278094e-07,0.0,8.74539261829397e-08,3.0491946945141285e-07,0.027250229834970822,0.09071153870284797,0.0394850678350106,-0.00039408939932421164,0.5
2021-12-15,0.0006032130885148906,4.0312483665165653e-07,8.585902457320203e-07,0.0,1.438749559834782e-07,5.495848356398385e-07,0.04526764453178518,0.11281375521240888,0.020483502824916004,0.0006012579136408837,0.5
2021-12-16,-0.0005152430807447992,3.306447599741481e-07,3.059167574595598e-07,0.0,7.616065723489357e-08,5.309439946215248e-07,0.02797945954527254,0.11839267858276123,0.02919408748634503,-0.0005164867469140893,0.5
2021-12-17,-0.00022611168124484052,5.141253650317339e-07,5.799644003357823e-07,0.0,1.4941308504658515e-07,5.154640896586384e-07,0.04532736301877022,0.12124909926253943,0.034651132199888204,-0.00022787064818491327,0.5
2021-12-20,-0.0005867027086673986,6.763703873406481e-07,1.4539203167528422e-06,0.0,2.764561242586056e-07,8.753545659767478e-07,0.06912588665701254,0.13834173361250654,-0.0087178334715871,-0.0005899848100617274,0.5
2021-12-21,0.00030631832161719726,7.418589076214528e-07,1.0827486479974975e-06,0.0,3.018852733067188e-07,8.43610285840985e-07,0.07388826835894943,0.13198060489731706,-0.009745923123968405,0.0003033482185024306,0.5
2021-12-22,-9.074260122606047e-05,7.196752556053788e-07,3.033345965796021e-06,0.0,1.4643115595161764e-07,1.3023179500936114e-06,0.15521401885034306,0.11569129790148444,-0.10309811771424227,-9.594437155350709e-05,0.5
2021-12-23,-0.0005290277662733666,6.449813488097636e-07,3.23452266661918e-07,0.0,3.7529780946238366e-07,1.0721759261516447e-06,0.07395506332486751,0.14034040536936557,-0.03978515022411072,-0.0005314436736244524,0.5
2021-12-27,-0.0003797705126106924,2.6651505560980373e-07,1.0668515725833526e-06,0.0,1.1392467852779631e-07,1.3163857012845966e-06,0.054361878004294886,0.14998745727762297,-0.07116534053818926,-0.000382534189618698,0.5
2021-12-28,0.0001022120739057731,3.6697020780871277e-07,2.832022982565315e-07,0.0,1.606982753599762e-07,1.076933786320507e-06,0.05394857792493947,0.15165775153131655,-0.0292671245705286,0.00010032426933802738,0.5
2021-12-29,0.00010191017880311849,2.2272501531933537e-07,5.982632506130028e-07,0.0,6.467675239059536e-08,8.013420191312265e-07,0.04531516320220258,0.1073795892256694,-0.02724586998837665,0.00010022317176566433,0.5
2021-12-30,4.37759605861443e-05,4.7163001801756467e-07,1.1544393539967035e-06,0.0,1.40607611181891e-07,6.85121884830393e-08,0.10136712597351641,0.0057550238325753,-0.0057550238325753,4.19407714144651e-05,0.5
2021-12-31,0.0,0.0,0.0,0.0,0.0,6.85121884830393e-08,0.0,0.0057550238325753,-0.0057550238325753,-6.85121884830393e-08,0.5
2022-01-03,0.0,1.2555883461408965e-07,1.3348144967219007e-06,0.0,3.854401815966767e-09,7.377494271861984e-07,0.05621592805106536,0.06197095188364066,-0.06197095188364066,-2.2019771603381555e-06,0.5
2022-01-04,-3.0280517958838117e-05,1.3903750948266557e-07,1.17901161230875e-07,0.0,5.17657102399298e-08,7.696317407573806e-07,0.018510744091097917,0.08007692124978923,-0.04922121119745072,-3.135885408054897e-05,0.5
2022-01-05,0.0008216782175897919,6.165697718430421e-07,4.576741253105119e-07,0.0,1.6117434328446772e-07,1.1558566286143904e-07,0.13235060986361874,0.09310443444706684,0.0736860430863451,0.0008203272136864925,0.5
2022-01-06,6.077805981494758e-05,7.526554130712657e-07,1.6376055877554982e-06,0.0,2.6008803709484664e-07,4.674209183456546e-07,0.0703556313052644,0.09672406549515049,0.01819735121308052,5.766028985868031e-05,0.5
2022-01-07,-4.7653701395373354e-05,2.5984208536968205e-07,1.7088066620470726e-07,0.0,8.182110829028612e-08,3.0333528748747584e-07,0.021649941908884796,0.08081849643333434,0.02985816813543841,-4.8469580542725505e-05,0.5
2022-01-10,-0.00015646860628212202,5.668717747781073e-07,1.2558224471767308e-06,0.0,2.1851831227853063e-07,4.902090293671885e-07,0.07971753923322629,0.09943305221428457,0.017077935280596892,-0.00015900002784572257,0.5
2022-01-11,0.00025576815930249396,2.398391555824134e-07,1.3904924468340474e-07,0.0,8.941437397318653e-08,2.600246309895977e-07,0.02734931483040475,0.08247980887248935,0.03879567086623695,0.00025503983189726536,0.5
2022-01-12,6.415286757699473e-05,4.0037642077588607e-07,2.630253705185425e-06,0.0,5.752938791066592e-08,8.291736736338245e-07,0.11762691767343547,0.07800647634922926,-0.06129470082125328,6.023553438948893e-05,0.5
2022-01-13,0.0007741123390111134,2.8266258772717713e-07,2.5761116079134097e-07,0.0,1.0082751169375628e-07,7.419208832439532e-07,0.03206639323136969,0.08096883022418044,-0.0436738781608037,0.0007727293168676572,0.5
2022-01-14,-0.00016634517529214097,3.3257147258363107e-07,5.259755940217544e-07,0.0,1.0174162102173987e-07,7.789757923449364e-07,0.028994521629499594,0.07712785913169733,-0.05374007398225198,-0.00016808443977211302,0.5
2022-01-18,0.0008894136324276178,3.5850873534062505e-07,9.843382232536011e-07,0.0,1.9192787645289838e-07,1.1726394622782416e-06,0.04352933807129665,0.11022489067572677,-0.08677853898701782,0.0008867062181302924,0.5
2022-01-19,0.0007607641067557338,8.912440270469166e-07,1.2743903298572346e-06,0.0,2.3226795916728166e-07,8.065551844025834e-07,0.19831410716222145,0.1811364751302841,0.0456352041506501,0.0007575596492552598,0.5
2022-01-20,-0.0007544618230189134,3.5681950777929117e-07,6.26990795694375e-07,0.0,1.5787293770402733e-07,9.339832091394657e-07,0.04711045702095633,0.20389672313275659,0.046987543997326305,-0.0007565374894692306,0.5
2022-01-21,-0.0017309935220674135,4.3590778097582863e-07,7.490493132039781e-07,0.0,1.5439489508035904e-07,8.442887328833983e-07,0.05026150584473462,0.18180391764906026,0.039963410524649357,-0.001733177162789557,0.5
2022-01-24,9.26995209709086e-05,3.867637545470146e-07,9.322772782134037e-07,0.0,1.686836035075972e-07,1.0980916910978107e-06,0.04785397834010522,0.20116164133349201,0.016682237229059815,9.011370464354277e-05,0.5
2022-01-25,-8.493566350067689e-07,1.6673090100102859e-07,1.1090691230398119e-07,0.0,3.536292935230751e-08,9.716483715029745e-07,0.017239470626614073,0.19185451359576372,0.02861758718326398,-2.1340057491670605e-06,0.5
2022-01-26,0.00020241721835385102,4.728135753552033e-07,1.1819987596368922e-06,0.0,1.4644144633478346e-07,6.012370628957609e-07,0.08043387497320226,0.12120662770656597,0.02019880114007814,0.00020001472750962837,0.5
2022-01-27,-0.0001368394043343252,3.283666734923128e-07,5.69102864659594e-07,0.0,1.1193305811547952e-07,3.0545342986150405e-07,0.04869608900391921,0.07917219995712158,0.02785602374038889,-0.0001381542603604541,0.5
2022-01-28,0.0009944222194393196,6.151188667332668e-07,3.0359037226859524e-06,0.0,7.812718448991246e-08,1.0200194913806778e-06,0.13586938741421933,0.08779470088072124,-0.08356857367123269,0.0009896730501740298,0.5
2022-01-31,-0.0012886046074401965,2.3223093638858705e-07,9.305555656555249e-07,0.0,2.325606108974116e-08,1.4069573405469341e-06,0.04518791919205021,0.12090326922480438,-0.11546556398708058,-0.0012911976073438772,0.5
2022-02-01,-0.0008052893674829344,4.453610237408521e-07,1.6539113150252188e-07,0.0,1.5409000579834892e-07,1.3498195549495387e-06,0.040953455249652715,0.14629243772433698,-0.08047724750718549,-0.0008074040291989257,0.5
2022-02-02,-0.0005922806347558462,4.332202950982626e-07,3.51920795789589e-07,0.0,1.8888202078612644e-07,1.2533776421928486e-06,0.048951528198368885,0.15913444650340403,-0.05143299738499456,-0.0005945080355097131,0.5
2022-02-03,0.0016168347457513495,5.402415358836791e-07,8.012361492054423e-07,0.0,1.6003341666318155e-07,7.064689206479285e-07,0.08736360734593257,0.10662075729293054,-0.012066021375921452,0.0016146267657289493,0.5
2022-02-04,-0.0003366740476921585,6.50358205255549e-07,9.56321043640794e-07,0.0,1.8764391812510351e-07,8.243840633620003e-07,0.06091849709661766,0.11716544108517694,-0.02133108155963913,-0.00033929275492254195,0.5
2022-02-07,7.837092589023503e-05,3.765762309822459e-07,6.944793178066781e-07,0.0,9.294213052723878e-08,7.880952113385744e-07,0.03320781918691672,0.0919064715520195,-0.040493523952860995,7.64188329995803e-05,0.5
2022-02-08,-0.0003662906030632735,3.413183527459146e-07,4.782037747667708e-07,0.0,6.77509456200513e-08,6.742470808469995e-07,0.029983531967700927,0.06836101120608502,-0.04491249837621087,-0.00036785212321725324,0.5
2022-02-09,-0.000512602146127526,2.481745011233423e-07,2.1432658001590783e-07,0.0,6.379555212117857e-08,6.707492075099911e-07,0.021969495514218944,0.0760512843518211,-0.03663458250985742,-0.0005137991919682964,0.5
2022-02-10,0.000488361400834876,2.2580154435565337e-07,4.4649881755491344e-07,0.0,5.489322997889787e-08,7.283016642028385e-07,0.025658356033199943,0.07869193404699831,-0.04366274553907854,0.0004869059055787837,0.5
2022-02-11,0.0008738363751680569,2.5122007245355707e-07,4.196109167271128e-07,0.0,6.256960912043311e-08,8.078042226275541e-07,0.02272505334133643,0.08436770006327056,-0.051343409338158535,0.0008722951703471283,0.5
2022-02-14,0.00012107349151228031,2.429289088296962e-07,2.661185663002441e-07,0.0,4.519235395080694e-08,8.214022549483485e-07,0.018153129274949734,0.08639222888990628,-0.05160334994141626,0.00011969784942825121,0.5
2022-02-15,-0.0008031125401921584,4.796951674693204e-07,8.69898506992875e-07,0.0,8.847227045991082e-08,3.71054807640706e-07,0.11467340150877467,0.07442746978637327,0.012090262102734674,-0.0008049216609447213,0.5
2022-02-16,-3.4133237206996145e-05,3.3692787039336045e-07,2.1829934093405685e-07,0.0,7.136123178538244e-08,1.7575622327555434e-07,0.028567837648754094,0.05847024891974299,0.02894320340944987,-3.49355818733845e-05,0.5
2022-02-17,-0.0006113440178078433,2.574266590076026e-07,1.0740546753689708e-06,0.0,4.9417288539852655e-08,1.7632288116650767e-07,0.057526364699858806,0.02867999438699514,-0.0009422496489781516,-0.0006129012393119262,0.5
2022-02-18,-3.453103104780237e-05,1.9932351279162214e-07,2.6811327553131804e-07,0.0,3.372087080144484e-08,1.8040019844906868e-07,0.01613422179917454,0.02611227431115623,-0.004194959028287312,-3.521258890537582e-05,0.5
2022-02-22,1.7069064356044892e-05,1.1933050457158037e-07,1.1093000129899991e-07,0.0,1.5378318076908596e-08,1.8144123984835743e-07,0.00856469177183233,0.027238230400167464,-0.003243897894356582,1.6641984292249047e-05,0.5
2022-02-23,-3.81412430280198e-05,4.4426458129812164e-07,9.75951924959936e-07,0.0,9.380389911173577e-08,4.3122789315438775e-07,0.10336714298439595,0.10984064646873319,0.037394360418796055,-4.008649132654398e-05,0.5
2022-02-24,0.0009032154065714122,3.481348753847222e-07,8.586318260902971e-07,0.0,8.830361378408239e-08,4.775302397465898e-07,0.04705364935546347,0.09938415807332415,0.019159077795897074,0.0009014428060164065,0.5
2022-02-25,0.00037673618266030747,2.381247210299357e-07,2.565866878696742e-07,0.0,4.046101539058986e-08,4.5596666666511177e-07,0.018354086046306683,0.09744040297009135,0.020838002970352563,0.00037574504356935215,0.5
2022-02-28,-0.00010837317545663474,4.7598314577280685e-07,2.843253280982635e-06,0.0,6.114162352686746e-08,1.067921035033712e-06,0.13236878392112428,0.09784226709237362,-0.08156846679329001,-0.00011282147454195076,0.5
2022-03-01,0.0011403325733043805,2.823443807965474e-07,3.189519551075973e-07,0.0,5.953288011713225e-08,9.995778043212096e-07,0.027747721206565847,0.09408323090087921,-0.07384584022508403,0.001138672166284038,0.5
2022-03-02,-0.0012451833907534335,2.702338217527116e-07,1.913714917130583e-07,0.0,4.7156751864000414e-08,9.367967440435643e-07,0.02049630399700115,0.09075969980235166,-0.06662215319696715,-0.001246628949562807,0.5
2022-03-03,0.00023258362566377385,4.847917576455403e-07,7.023211938793848e-07,0.0,5.94009876037936e-08,3.5549562409393864e-07,0.11925818120559321,0.07984257099230484,0.020119306144523154,0.0002309816161005512,0.5
2022-03-04,-0.00048314718460822965,2.3578768302187728e-07,4.168577969720433e-07,0.0,5.0659533020664876e-08,4.487340405497682e-07,0.022063122630592756,0.08621451690020103,0.010827198087839988,-0.000484299223661794,0.5
2022-03-07,-0.0009719001386847325,3.790570587511862e-07,2.166189416735107e-07,0.0,5.108336390628187e-08,2.9588539259447954e-07,0.05757941078918563,0.11145563766764044,0.06174689171176789,-0.0009728427834416579,0.5
2022-03-08,-0.00023347622958247986,3.720392674016846e-07,9.88860776383757e-07,0.0,1.20195470186868e-07,6.281656379773346e-07,0.044735926840433156,0.13369000022924407,0.028158173049051875,-0.0002355854907344295,0.5
2022-03-09,0.001227442589033108,4.977774966838525e-07,1.1575140583048578e-06,0.0,1.3585159967506132e-07,2.6549634521586557e-07,0.08522584156137976,0.07184420162428418,0.027240815628018764,0.0012253859495332284,0.5
2022-03-10,-0.00022768218893875187,3.501687261549773e-07,4.5369539792265994e-07,0.0,7.086178371772335e-08,2.658327400601136e-07,0.02557618129388658,0.06568384829026343,0.021023947960164352,-0.00022882274758660734,0.5
2022-03-11,-0.0003962354204294521,2.592882400408043e-07,1.8657009738970841e-07,0.0,5.186482462536443e-08,2.2959387573671647e-07,0.028005330922456127,0.0775585248627316,0.03898675373896325,-0.0003969627374672447,0.5
2022-03-14,-0.0003023500596122588,3.5876252875717115e-07,4.4141861042360497e-07,0.0,6.120407358506687e-08,1.875577162363387e-07,0.026124934428002948,0.06428393192295861,0.03277423559525372,-0.000303399002541261,0.5
2022-03-15,0.000981913130361103,1.4946654367340806e-07,4.345581978796535e-07,0.0,3.303984722023472e-08,2.417278171935363e-07,0.022027963656067035,0.06226913513577768,0.021658861847263587,0.0009810543379551362,0.5
2022-03-16,0.0007745670807707076,4.801728410286957e-07,2.7227881891205076e-06,0.0,4.44857294221723e-08,1.0471300762081771e-06,0.11720242986565607,0.09083485933011316,-0.08508299347286064,0.0007702725039349281,0.5
2022-03-17,-0.0010163843199933631,1.9502387410362093e-07,1.0508393107637565e-07,0.0,3.522002622902527e-08,1.034292314368759e-06,0.01471863530582945,0.09699297638835698,-0.07676813242559456,-0.001017753940139141,0.5
2022-03-18,-0.0007964097800769017,4.4347158244154203e-07,2.832351891162182e-07,0.0,1.649181450186374e-07,9.474092140051008e-07,0.049479413103392066,0.11791340603665891,-0.041251341916198,-0.0007982488142074832,0.5
2022-03-21,0.00011874021117144083,2.99571176157838e-07,5.793537953259369e-07,0.0,7.028698350528026e-08,7.032434930629742e-07,0.04574788595422554,0.08260889630570892,-0.035536010528870746,0.0001170877557233888,0.5
2022-03-22,-0.0005008263042399689,9.571096214262941e-08,1.7271229982764364e-07,0.0,2.477826690331431e-08,6.959422865535305e-07,0.011165407208958941,0.07933778162034534,-0.03758052252064779,-0.000501815448055396,0.5
2022-03-23,0.00043988845887053986,2.3381328420851916e-07,3.3332346250762466e-07,0.0,4.406203919761101e-08,3.6998861677548434e-07,0.044144150575747526,0.04981492710905197,-0.012343160509229404,0.00043890727146785063,0.5
2022-03-24,-0.0001810985126281861,1.1358379191196071e-07,2.1641231516764648e-07,0.0,1.6920120782218556e-08,4.1322238868413996e-07,0.00916036071487445,0.04972689856973711,-0.01969446272919841,-0.00018185865124473207,0.5
2022-03-25,-8.656340673202773e-05,2.25059517692845e-07,5.330495342268348e-07,0.0,4.4556908465018835e-08,5.548335454844986e-07,0.029902985312755717,0.06221106228582011,-0.03100097335557567,-8.792090623789692e-05,0.5
2022-03-28,-0.0001628588605215486,1.409885218929392e-07,1.873636640287585e-07,0.0,2.923060923772746e-08,4.963977216218451e-07,0.013245072012192795,0.05205577484548388,-0.03133904238698609,-0.00016371284103832988,0.5
2022-03-29,-0.0003325066830392401,1.3003456041255667e-07,3.7907494874193757e-07,0.0,2.4822469790437444e-08,5.867159777444147e-07,0.02202596660594411,0.05948251353196864,-0.03908577072909301,-0.00033362733099592947,0.5
2022-03-30,0.0002259835455304069,1.5160903153303696e-07,2.9085695145904744e-07,0.0,2.853042749648781e-08,5.524756291066717e-07,0.02243176992770018,0.05580412579715999,-0.03701177989276084,0.00022496007349081165,0.5
2022-03-31,0.0004643861754452903,2.9891372606685105e-07,3.170179416966107e-07,0.0,3.096758827114293e-08,1.2999533911881295e-07,0.0825485420088475,0.058754680069219974,0.0369154630972594,0.0004636092808501369,0.5
2022-04-01,0.00010474798767317788,3.047247660779352e-07,6.405046827283237e-07,0.0,7.239815671924907e-08,2.916380492485553e-07,0.029101243721310233,0.06590176931988195,0.01690657704612466,0.00010343872201840381,0.5
2022-04-04,0.00025924823139523545,1.4596972419951475e-07,2.910852350675068e-07,0.0,3.09231781453901e-08,2.0421057650359753e-07,0.021325303045447976,0.051316308154660165,0.017008931302055774,0.0002585760426813194,0.5
2022-04-05,-0.0003680387516637088,1.2621339390463803e-07,1.1913009236935846e-07,0.0,2.2546355570609283e-08,1.759562987643176e-07,0.011055264479127736,0.049354780262017006,0.019794122069611654,-0.00036848259780431777,0.5
2022-04-06,-0.0003358126230967773,1.1374823207313758e-07,2.0449151483078578e-07,0.0,2.1071684121446082e-08,2.3202630064026587e-07,0.010543902576227396,0.05360182417454926,0.014621405666984607,-0.00033638396082844295,0.5
2022-04-07,0.00010661328314731381,1.522242447179699e-07,1.794628910392451e-07,0.0,1.9111864408218346e-08,2.4279011483288745e-07,0.03210497166865225,0.07913245642063588,0.03834371712871079,0.0001060196940323155,0.5
2022-04-08,-0.00011396959510903197,2.2250441384373604e-07,6.795127632682186e-07,0.0,4.08335710026285e-08,2.527610161712213e-07,0.03659272132473134,0.06359292060175856,0.021129069884993388,-0.00011516520687331776,0.5
2022-04-11,-0.0004559005745631472,1.4101890524098238e-07,1.5902321389277957e-07,0.0,2.381206937255121e-08,1.997269663664673e-07,0.012888177469181007,0.056724299870954065,0.023170169521387562,-0.00045642415571801995,0.5
2022-04-12,-0.00012232333324358374,1.202158040080451e-07,1.9418339707528198e-07,0.0,2.178140818269958e-08,2.1808923860602159e-07,0.011407098826250912,0.056819439561091305,0.02018044747527968,-0.00012287760309145579,0.5
2022-04-13,0.00038855933725418646,1.386392032477628e-07,2.4290892454081535e-07,0.0,2.6748191082007732e-08,2.2805282813262458e-07,0.014376029419587611,0.05560947214310321,0.017296597016822294,0.0003879229881071832,0.5
2022-04-14,-0.0003169972823492623,2.3470141833832864e-07,1.64374984763504e-07,0.0,4.999014343460813e-08,1.5322217622605305e-07,0.02097252881240514,0.05467733490674287,0.028936009300765963,-0.0003175995710720248,0.5
2022-04-18,-2.8710484994878217e-05,2.9798131266367183e-07,1.4892003720803243e-06,0.0,4.2255667609296165e-08,4.656535204778567e-07,0.06449122122449799,0.049416611858653633,-0.028813179581626297,-3.1005575867709365e-05,0.5
2022-04-19,-0.00034596830469685585,1.5976993639673963e-07,1.7372845683250987e-07,0.0,2.9099530976709643e-08,4.2828850720473937e-07,0.012814898383088968,0.043641429600817024,-0.028311039609579196,-0.00034675919112826657,0.5
2022-04-20,-2.2175158484663053e-05,1.9961670836539808e-07,9.543413321770119e-08,0.0,3.283709661144991e-08,3.5833095984644616e-07,0.014666068176788566,0.04184448689329062,-0.018355114360912327,-2.286137738270405e-05,0.5
2022-04-21,0.00017203413410842987,1.6530150989118425e-07,4.228314782973377e-07,0.0,3.2697888600723135e-08,4.804415407475434e-07,0.026935321570693286,0.05693830629510746,-0.02377587255047985,0.0001709328616908931,0.5
2022-04-22,0.0004708959297699283,4.734361540461639e-07,4.951523903665223e-07,0.0,4.483663729772778e-08,9.488640993873085e-08,0.11469566935966574,0.09057218970026021,0.07463127283055342,0.0004697876181782792,0.5
2022-04-25,0.00038947193129264875,2.317418973248178e-07,7.200642297807445e-07,0.0,8.246928008282203e-08,3.3533598743428537e-07,0.029941534967643096,0.10375283428719301,0.04741638839823306,0.00038810231989802607,0.5
2022-04-26,-0.0016334307756320683,2.5472148968337225e-07,4.4383049748721973e-07,0.0,7.047308713905495e-08,4.455578957160797e-07,0.031760312079103806,0.12075921982583226,0.045905493345530866,-0.001634645358602094,0.5
2022-04-27,0.00014195926670975773,4.612191440116674e-07,1.134564222330817e-06,0.0,9.904999969002828e-08,3.606162336486285e-07,0.06611321237967555,0.08535099948171898,0.0247674722287494,0.00013990381711007657,0.5
2022-04-28,0.0008924648248812756,3.52699271926863e-07,2.857184059596205e-07,0.0,6.896427901207608e-08,2.605563684799307e-07,0.02490133903194152,0.07615709760016914,0.03238362769554078,0.0008914968865558971,0.5
2022-04-29,-0.0013749708214286574,4.138215741359252e-07,3.226968903013002e-07,0.0,8.658172373975334e-08,1.6602036218118325e-07,0.036289228407093706,0.07646973730410256,0.04857831645766377,-0.0013759599419790156,0.5
2022-05-02,0.0002085735353364971,4.771119238823463e-07,1.7514033178535732e-06,0.0,6.998837840255107e-08,4.2468498395284784e-07,0.07409606587139778,0.052468841789405966,-0.018878235514672465,0.00020585034673240577,0.5
2022-05-03,-0.0001934666024672277,3.9359370079224087e-07,5.097230984034871e-07,0.0,8.262254778326916e-08,3.7507183523249283e-07,0.030320844914034563,0.037735695924259724,-0.025276372394799067,-0.0001948276136494392,0.5
2022-05-04,-0.0005283499644888622,2.0472706444837355e-07,1.4653810947896866e-07,0.0,4.215051608351854e-08,2.9360815498217e-07,0.015515228014176461,0.030343608109433633,-0.01898256192757091,-0.0005290369883338552,0.5
2022-05-05,0.00046513227828756513,3.6976302482379524e-07,1.0634357949772713e-06,0.0,6.642704314923375e-08,6.767345123977563e-07,0.05474068733499313,0.06666523742176049,-0.04702616066106257,0.0004629559179122171,0.5
2022-05-06,0.0003114431243092554,1.8417956405979368e-07,1.7511737297909025e-07,0.0,4.109766405013977e-08,6.474546913520445e-07,0.017336128927101305,0.06776967896467559,-0.04100270918246787,0.0003103952750168143,0.5
2022-05-09,0.001124459557384625,2.6027806566084565e-07,3.0069571325368843e-07,0.0,4.8984517579781817e-08,6.369129705904159e-07,0.019167414870710477,0.06484192063108274,-0.0421594584281071,0.0011232126861175403,0.5
2022-05-10,-0.00013067096979055282,6.715648862538871e-07,1.089575770572635e-06,0.0,1.3512161365446073e-07,4.5928514264836337e-07,0.13183056303480825,0.10246709677514937,0.025307192810224328,-0.00013302651720368215,0.5
2022-05-11,-0.0007500689153933982,1.3679657506405835e-07,1.7924127588764183e-07,0.0,3.211558591710204e-08,4.722320855035817e-07,0.012758802469387624,0.10364604349991786,0.024311053135316143,-0.0007508893009157706,0.5
2022-05-12,-0.0001876081807965718,4.846557493000014e-07,6.938459782182438e-07,0.0,1.2195523860360973e-07,4.731144002313039e-07,0.04354845838273346,0.09697935778982361,0.017496138550964553,-0.00018938175216292496,0.5
2022-05-13,0.0006729582154732263,2.4390510314536413e-07,3.160502822866125e-07,0.0,6.35426595172278e-08,2.821347953851268e-07,0.030410473300059422,0.07404161624746078,0.026642970622759467,0.0006720525826328919,0.5
2022-05-16,-0.00024393143034389097,3.7490576372108253e-07,1.469499722134448e-06,0.0,6.821677226718395e-08,3.847143331980397e-07,0.06653663886666705,0.0389485497432316,-0.025683458234039065,-0.0002462287669352117,0.5
2022-05-17,-0.00033875553125729433,3.5430966617036544e-07,2.6811023598196036e-07,0.0,7.472387583757325e-08,3.2158863682639985e-07,0.025684996219502668,0.03717380959786391,-0.016853081388971257,-0.0003397742636721106,0.5
2022-05-18,0.0002969407879781641,4.008743724508041e-07,9.627704163475848e-07,0.0,7.240312946146009e-08,5.956429278750392e-07,0.05519878493574,0.06432418073082136,-0.03574383115218522,0.0002949090971320292,0.5
2022-05-19,0.00020093013247266876,5.27917928896568e-07,5.019182999791543e-07,0.0,1.3616501307801186e-07,6.694596963833173e-07,0.0412919215787396,0.08501985152545703,-0.02744937746694025,0.0001990946715343317,0.5
2022-05-20,1.066253559260705e-06,6.17714909122154e-07,9.142063970299758e-07,0.0,1.412048035795919e-07,6.8771598646369e-07,0.04622007331268311,0.06640173482589438,-0.04913455090000554,-1.2945885369347066e-06,0.5
2022-05-23,-0.0008117001585790228,2.864248121686845e-07,5.407452733775269e-07,0.0,5.91472012063369e-08,6.982109528353857e-07,0.03588196610357178,0.06265839043732041,-0.05464104963902438,-0.0008132846868186107,0.5
2022-05-24,0.00045012064202928003,3.327576977769842e-07,1.8874218774040918e-07,0.0,7.270419265586921e-08,2.4449172941376825e-07,0.0524912264245147,0.035224420981085726,-0.005850189560427338,0.000449281946221693,0.5
2022-05-25,6.537195642231523e-06,2.477547198630962e-07,2.908928394788251e-07,0.0,5.998444772181015e-08,2.7851214952727667e-07,0.020028485549537844,0.04128807036714178,-0.005501970753440693,5.660051485640515e-06,0.5
2022-05-26,5.17800411959238e-05,3.1511597421254125e-07,1.9031750667087204e-07,0.0,8.088750327322959e-08,2.4003762258246223e-07,0.02546744947175442,0.050016911571443515,0.009690590977589855,5.095368258918469e-05,0.5
2022-05-27,0.0002935399756367591,1.5615619350704946e-07,2.231929123762294e-07,0.0,3.551738865043186e-08,2.7757090294654053e-07,0.011283290948150136,0.0513703512075656,0.0047384395125468,0.0002928475382392788,0.5
2022-05-31,-0.00012150354221550323,4.739044118936393e-07,1.5724375109481787e-06,0.0,1.0313662715354069e-07,9.842005720150304e-07,0.0925974413187691,0.13749924217553322,-0.027846453922991857,-0.00012463722133751362,0.5
2022-06-01,0.0002322640441878014,4.557384123522029e-07,8.010983045798533e-07,0.0,1.1476509705042264e-07,6.220150188397571e-07,0.06447005852293054,0.08591904178160334,-0.018579481383475864,0.00023027042735497918,0.5
2022-06-02,-0.0003209182447165862,3.215649773888248e-07,5.941820595364289e-07,0.0,7.932965495162234e-08,6.54121237954987e-07,0.02923679801307232,0.07620634720515204,-0.033686020771285755,-0.00032256744264641806,0.5
2022-06-03,0.0005267585165591884,3.088081547596887e-07,3.678089084010882e-07,0.0,5.509027425894428e-08,6.109541360490353e-07,0.021014485165749996,0.0645230484617236,-0.03811724639451432,0.0005254158550857197,0.5
2022-06-06,-0.00017275661360522524,9.785395444698767e-08,1.4190142525941573e-07,0.0,2.040919159826107e-08,6.257069883293781e-07,0.00772146997582545,0.06455339509329672,-0.04056537894603881,-0.00017364248516485927,0.5
2022-06-07,-0.0003370222203500965,2.0388537610309631e-07,2.3530344959688198e-07,0.0,6.172033160277908e-08,5.770870426608332e-07,0.020320866077380602,0.06073229661665799,-0.036218326550361966,-0.0003381002165500601,0.5
2022-06-08,0.0003694230746114156,2.7138671262556404e-07,3.6297760951467145e-07,0.0,7.379208177361815e-08,5.56366019599959e-07,0.023214469859924723,0.05466525889694349,-0.03880423239584962,0.0003681585521879018,0.5
2022-06-09,0.0008230202928805189,4.7552328532952744e-07,4.2164908043704064e-07,0.0,6.012437976664432e-08,1.799832080831731e-07,0.10080714945487342,0.07958936876757257,0.04935218980959949,0.0008218830129269025,0.5
2022-06-10,-0.0015280197376332095,3.326167170812275e-07,2.5047326263327875e-07,0.0,4.2516242542390824e-08,1.3802855311635847e-07,0.056579889324900795,0.11858049934293166,0.09539170241938343,-0.0015287833724085828,0.5
2022-06-13,-0.003970960810083006,7.261054621698797e-07,1.7821750497893295e-06,0.0,3.468403529615618e-07,8.943454797345822e-07,0.07078089769972763,0.1741045873479928,0.023854546752582997,-0.003974710276427661,0.5
2022-06-14,-0.00010943421291335686,6.919454135894181e-07,9.690513654649813e-07,0.0,1.8696378587542128e-07,8.037227087647936e-07,0.06404221314041261,0.15382136496715249,0.018795949894667183,-0.00011208589618705148,0.5
2022-06-15,0.0008090988816665992,7.120195525550677e-07,1.9231189569332585e-07,0.0,2.547607791764743e-07,2.680125862827495e-07,0.06375015945512612,0.12603174299805675,0.08100562850255484,0.0008076717768528915,0.5
2022-06-16,-0.0030778971050009554,8.993442092970808e-07,3.262348777815216e-06,0.0,1.483511809185661e-07,7.388081321915599e-07,0.1507593893609465,0.08957045232371817,-0.03454931388446388,-0.0030829459573011777,0.5
2022-06-17,-0.0001759780329870692,4.559359145714176e-07,2.581597497564128e-07,0.0,8.586812595002428e-08,6.589679462400371e-07,0.02862246862006367,0.08947013266806952,-0.021236482300256713,-0.00017743696472358707,0.5
2022-06-21,-0.0006022905463364324,3.441358853993069e-07,5.558879066057496e-07,0.0,6.247505489416111e-08,7.723205173217442e-07,0.030533322286128192,0.09711886817350783,-0.032630978736545226,-0.0006040253657006534,0.5
2022-06-22,-2.9531400011404397e-05,5.7627081957357e-07,5.818761689078511e-07,0.0,1.4422913982321252e-07,7.326114872559859e-07,0.040041854650275634,0.09108782017015316,-0.03199090968885246,-3.156638762696502e-05,0.5
2022-06-23,-0.0005760177487955677,1.8729640548095716e-07,2.1230419581268122e-07,0.0,4.077819975287672e-08,7.493192125285568e-07,0.014550817892299433,0.09340308310207555,-0.032482544602722,-0.0005772074468091428,0.5
2022-06-24,-0.0009423617013001738,3.119193224210862e-07,6.259695156121233e-07,0.0,7.371408308390672e-08,8.688125554551301e-07,0.033396717014773085,0.09848049225742173,-0.04748001705904014,-0.000944242116776746,0.5
2022-06-27,0.0004187962891741768,2.7779330634989383e-07,2.395314891824067e-07,0.0,8.205988678958055e-08,8.43272039338552e-07,0.028237647990982585,0.10856754127275031,-0.03310216133612639,0.0004173536324525164,0.5
2022-06-28,0.000840496502296761,3.291235425041945e-07,5.602001772671971e-07,0.0,7.961583882414969e-08,8.208045669837645e-07,0.02610156076654193,0.08917470646020792,-0.04872046079306454,0.0008387067581711817,0.5
2022-06-29,2.0416614356034465e-05,2.391283446287789e-07,3.012196047790901e-07,0.0,4.4981778789691895e-08,8.049510396585873e-07,0.017445786303442175,0.0822752889358065,-0.05295648572683616,1.9026333588178318e-05,0.5
2022-06-30,0.00045256141000494626,3.093481025108714e-07,6.47302861715229e-07,0.0,1.2131184273489278e-07,9.585053937229867e-07,0.030641080759986818,0.08972492093535187,-0.0713039852101099,0.0004505249418042623,0.5
2022-07-01,-0.00068111503672511,4.24199930515181e-07,4.7229999724715553e-07,0.0,8.664387823664549e-08,1.827489396246737e-07,0.10216588836792392,0.04282885241849282,0.012127030561547635,-0.0006822809294707336,0.5
2022-07-05,8.869341953683351e-05,3.2771528847284114e-07,4.7166708785380276e-07,0.0,6.782538675067503e-08,2.648647929352561e-07,0.024952586352944416,0.046517354230489645,0.0020200690173666136,8.756134698082093e-05,0.5
2022-07-06,-2.470417824260357e-05,4.3497199917128836e-07,2.0449253929686999e-07,0.0,1.1354754756413457e-07,1.244632640379008e-07,0.0317346332195656,0.04555023326309661,0.024640404904729275,-2.5581653592673765e-05,0.5
2022-07-07,0.0004425394886156856,1.6630591691523638e-07,2.0118461418970252e-07,0.0,2.9546085330288903e-08,1.2744130913510598e-07,0.010542380698832383,0.04328917717178602,0.021879037237088214,0.00044201501069011527,0.5
2022-07-08,-2.936299388641026e-05,3.7274826791251803e-07,1.7099561398281555e-06,0.0,7.032950071014618e-08,6.853283288800865e-07,0.0816996784374397,0.07941326706312274,-0.03572189218873176,-3.2201356123741166e-05,0.5
2022-07-11,0.0005209085759142067,3.340841008612183e-07,5.531048761288635e-07,0.0,5.718820685916304e-08,1.6903002399650052e-07,0.06410535604208716,0.02415129599759539,-0.004245748033816699,0.0005197951687063609,0.5
2022-07-12,-7.603322420615094e-05,3.89894702599754e-07,6.848940670423285e-07,0.0,1.1876233659636774e-07,3.297447578604823e-07,0.03143831940986364,0.031078167752675814,-0.02431895156788521,-7.755652007024987e-05,0.5
2022-07-13,4.0990227129909965e-05,1.415766054240117e-07,3.24567861977557e-08,0.0,2.0165863269549766e-08,2.9206564011034897e-07,0.0076738951146647725,0.031410636412660384,-0.017656391125878246,4.05039622349083e-05,0.5
2022-07-14,1.7507458956398863e-05,3.2844555652520456e-07,3.78099285405734e-07,0.0,5.9276379740962756e-08,2.2848924662362607e-07,0.05611585775202085,0.057270095959337665,0.018883902526568484,1.6513148488103336e-05,0.5
2022-07-15,0.0004809676972171314,1.5178624686322472e-07,1.4929751793657824e-07,0.0,3.087326142742853e-08,2.1327673562226058e-07,0.011108373845616606,0.05632840408805274,0.020497912503512964,0.00048042246345528195,0.5
2022-07-18,-0.00021208382036422413,5.192980315550253e-07,1.6002519163593605e-06,0.0,9.03121666926505e-08,4.794436965701332e-07,0.08300336824469837,0.0554865570220504,-0.025059984001731976,-0.0002147731261754013,0.5
2022-07-19,-0.0005550680056165766,3.8736485840357784e-07,2.960687288284802e-07,0.0,8.26718682190387e-08,5.463334852647856e-07,0.02418656672314754,0.07129953000289747,-0.020484495521586495,-0.0005563804445572924,0.5
2022-07-20,-0.00020446543724928181,4.798957125561661e-07,9.141462383552601e-07,0.0,9.780119351857364e-08,8.123176163282404e-07,0.057150624093742386,0.10344888470163861,-0.033020474841505776,-0.00020676959801004005,0.5
2022-07-21,-0.00020915971541624184,2.6921681211327255e-07,5.391064637360665e-07,0.0,4.088361580118509e-08,9.434835148949071e-07,0.02520609559261989,0.10900381547123657,-0.04950141503110783,-0.00021095240582278728,0.5
2022-07-22,0.0005729750634017994,4.730662831341255e-07,8.28825488059505e-07,0.0,1.0949425483830535e-07,5.93331836490885e-07,0.06644435671272264,0.060752844224519445,-0.038926904305949216,0.0005709703455392766,0.5
2022-07-25,9.660027885197216e-06,3.076547238451417e-07,4.0359747155498416e-07,0.0,7.354043613076374e-08,6.13424385719738e-07,0.02565531210860372,0.06071212539112063,-0.04234317140979535,8.261810867946587e-06,0.5
2022-07-26,0.00038707402164946635,1.4138450035369966e-07,1.3354697100481276e-07,0.0,4.2321266280086046e-08,5.688515285692208e-07,0.011712870598404384,0.056409502196773875,-0.03915755460285521,0.0003861879173832585,0.5
2022-07-27,-0.0008056305427855844,5.104013159714393e-07,3.91956759942468e-07,0.0,1.1062504051623958e-07,1.762186907610836e-07,0.08152468574477038,0.05566892483282882,0.026064184784966773,-0.0008068197445927756,0.5
2022-07-28,0.000445389873678102,3.8398501701259915e-07,4.6244873969296183e-07,0.0,8.315305708671391e-08,2.7912419627177624e-07,0.0251992828987385,0.06614869247206814,0.01925582749840974,0.00044418116266803793,0.5
2022-07-29,0.00020290754258944207,4.2637155505349066e-07,3.5359561546674683e-07,0.0,1.3459990844809132e-07,2.2760549481597815e-07,0.03389543018803842,0.06941848992117236,0.031180766792088043,0.00020176537001565778,0.5
2022-08-01,-0.00013915252328134428,6.173126291770843e-07,2.094397792668653e-06,0.0,1.267155692390559e-07,7.295373007922053e-07,0.10646584076023315,0.09193623682674998,-0.030626029706340523,-0.00014272048657322126,0.5
2022-08-02,0.0002918704617950569,3.336174703223522e-07,4.336410195225796e-07,0.0,7.978588544629383e-08,5.844181359799139e-07,0.03314714543122467,0.07168395844341381,-0.02649828840121174,0.0002904389992837858,0.5
2022-08-03,-0.0003027328604787925,3.303072253942375e-07,3.7652909075969726e-07,0.0,8.946610845187151e-08,5.663754294581957e-07,0.02692708190730097,0.06958244413913224,-0.025568628009844645,-0.0003040955383328565,0.5
2022-08-04,-5.1628428386776276e-05,1.7015633937979874e-07,1.6840982144378404e-07,0.0,3.845477062734873e-08,6.114409968072489e-07,0.012552808657498443,0.07845810788084581,-0.024263979582771995,-5.261689031503446e-05,0.5
2022-08-05,0.00015391078340173334,1.520351654967793e-07,3.4960974329094553e-07,0.0,3.454869781509828e-08,7.05673310403471e-07,0.016525867733707407,0.08380732079496298,-0.03474579535282016,0.00015266891648472704,0.5
2022-08-08,1.1834654790712788e-05,4.53049728938131e-07,6.272659085195452e-07,0.0,9.430944250935366e-08,5.978461741726144e-07,0.03413156953380951,0.05376924347946484,-0.046668913781534385,1.0062183536573143e-05,0.5
2022-08-09,0.00023600255607207402,1.0114299624594967e-07,1.5828777505113472e-07,0.0,3.003922668325343e-08,6.342587275568589e-07,0.006847942469664444,0.05541377173984486,-0.051141694489707436,0.00023507882734653682,0.5
2022-08-10,-0.0009425585937318037,1.4346128599150886e-07,1.0202625214481596e-07,0.0,4.09424317622069e-08,6.525159559778268e-07,0.010992047968251093,0.06220375146302799,-0.04741892914124693,-0.00094349753965768,0.5
2022-08-11,5.936597663255522e-05,2.785640954307732e-07,4.268462887537374e-07,0.0,6.788000672882949e-08,8.158010162655438e-07,0.023530477020601456,0.08230437223725304,-0.05475019849535831,5.7776885225376336e-05,0.5
2022-08-12,-0.0008744030642061604,2.513393395154959e-07,2.4883598467565106e-07,0.0,4.849579070361957e-08,7.87294907276562e-07,0.01888618436678587,0.07899541541845098,-0.05327012900401143,-0.0008757390302283317,0.5
2022-08-15,-0.00014927539901070573,4.004930126096568e-07,3.147854793268484e-07,0.0,9.955920942224206e-08,7.178183447269369e-07,0.03758531086107811,0.08596100451793554,-0.03463247739618987,-0.0001508080550567914,0.5
2022-08-16,-2.4700748043683424e-05,2.966361683374713e-08,4.335110826908189e-08,0.0,4.236735711129136e-09,7.214068373901199e-07,0.0021425219538886314,0.08549209089617153,-0.035704257785368614,-2.5499406341887504e-05,0.5
2022-08-17,0.0003695299223191704,3.448582635247539e-07,5.835033110460714e-07,0.0,9.07734019633986e-08,6.728069752729629e-07,0.028933104217502607,0.06299628837189994,-0.05003528347395781,0.0003678379803673632,0.5
2022-08-18,-0.00012229912383176594,1.6327809336701666e-07,2.746134551367746e-07,0.0,4.952023440880349e-08,7.431285536473656e-07,0.014622668253238692,0.06853737862944309,-0.05630821838331434,-0.0001235296641683259,0.5
2022-08-19,0.0006115345000097407,1.2862985194822297e-07,1.338651055821025e-07,0.0,2.6205979440175365e-08,7.589275715434328e-07,0.008244872039098093,0.07066324626860761,-0.05683658575068912,0.0006104868715012268,0.5
2022-08-22,0.0009399051812170831,5.132328845424423e-07,9.997795795103626e-07,0.0,1.8617953635132717e-07,1.1409366383547394e-06,0.041145931852881734,0.10148357764495455,-0.0901937775986417,0.0009370650525783242,0.5
2022-08-23,0.00010845298311318886,8.585335090251093e-07,1.0785246742838605e-06,0.0,1.771530166519257e-07,8.291113904373724e-07,0.17404731470764973,0.16838935641705932,0.029098642823580767,0.00010550966052279059,0.5
2022-08-24,8.806775381226589e-05,4.531718309189721e-07,1.0788417527463347e-06,0.0,1.1261020194630573e-07,5.138887670928653e-07,0.0757148211079248,0.10855764441022903,0.022224331538627663,8.590924125956141e-05,0.5
2022-08-25,0.0005660480611555804,6.763924656698346e-07,2.8239548391793183e-06,0.0,1.2193903433296517e-07,9.184721782559917e-07,0.13543860483237813,0.083809124117071,-0.0704942018299356,0.0005615073026381422,0.5
2022-08-26,0.002063060513625054,4.865704891687664e-07,1.5031471851567735e-07,0.0,1.726117420854057e-07,7.344575788922555e-07,0.04676138290346762,0.0992139245438,-0.024174948710098926,0.0020615165590963922,0.5
2022-08-29,0.00014961964094410053,6.482120997256926e-07,4.4825277610488477e-07,0.0,1.8007143692906313e-07,7.399474079059051e-07,0.04877995936885027,0.12268216365495643,-0.0016290008732356073,0.00014760315722343498,0.5
2022-08-30,6.77275079653841e-05,6.660397571326643e-07,1.153647551055763e-06,0.0,1.8672246704536308e-07,7.028515792498137e-07,0.049356609119081116,0.07879911600864635,-0.039279949305322324,6.501824661090049e-05,0.5
2022-08-31,0.00023550606342170709,5.649210187740572e-07,7.734908877597562e-07,0.0,8.135229298488858e-08,1.9420964865071984e-07,0.10999593046643993,0.062354805249855275,0.029727584276534345,0.00023389208957353766,0.5
2022-09-01,0.00013019157747102365,1.643881720001078e-07,4.086539492663556e-07,0.0,5.775053816422612e-08,3.0242508541251833e-07,0.017532380647816467,0.06644894107618107,0.01564152672687799,0.00012925835972618044,0.5
2022-09-02,-0.00025331724378429893,2.0464085202514704e-07,4.7257723512193626e-07,0.0,8.124898534561611e-08,4.577633602311186e-07,0.022399100006226295,0.07848233471540633,0.0015780901965783897,-0.00025453347421702273,0.5
2022-09-06,-0.00014410079565630354,1.194541985359565e-07,1.1617574740277976e-07,0.0,1.9497956614247994e-08,4.736734739051969e-07,0.008903452325572193,0.08217654014484964,0.0025993965287765507,-0.00014482959703276174,0.5
2022-09-07,0.0001703867900616883,2.049936157223884e-07,2.535855828029539e-07,0.0,4.6244681742184604e-08,4.4003536027740177e-07,0.018846932924287088,0.07765609714666045,0.003730156620056966,0.00016944193082114335,0.5
2022-09-08,5.657905107024741e-05,5.366331046348282e-07,2.5328610492137805e-06,0.0,7.229603175251797e-08,1.0902482328075009e-06,0.11402947131628959,0.09426515837155472,-0.0888965447401054,5.2347012651838784e-05,0.5
2022-09-09,-0.0011937851564293674,7.321982725421929e-07,2.351550110143915e-07,0.0,4.2053692168029073e-07,9.46642527116923e-07,0.07705525364809508,0.14319216294450804,-0.015843781611135012,-0.0011961196891617212,0.5
2022-09-12,-0.00028271890912539785,6.688567869976352e-07,1.6675316191272825e-06,0.0,2.1745399597687393e-07,1.4270179344807265e-06,0.09660848938942614,0.19111218246868955,-0.04862683052407249,-0.00028669976946198037,0.5
2022-09-13,0.0026522220682958265,5.089969587095568e-07,8.038096614745729e-07,0.0,2.059650583291961e-07,1.3926296865795454e-06,0.04634177746545559,0.17652214446580752,-0.05743964287955604,0.0026493106669307335,0.5
2022-09-14,-0.0003548644315924062,1.2257902132312548e-06,1.9570295928171545e-06,0.0,3.5550614955532845e-07,1.1269024781511616e-06,0.14498128933061827,0.14066546078203807,-0.04865415554735709,-0.0003595296600261611,0.5
2022-09-15,0.0004250334104445724,6.883149999692222e-07,8.687507678457868e-07,0.0,1.6824575320242768e-07,1.0436234235849842e-06,0.049612205544469073,0.1129246602657123,-0.062404074896565034,0.00042226447549996996,0.5
2022-09-16,0.0005692496286178082,9.232381881660476e-07,1.1518781919236663e-06,0.0,1.7677668048863793e-07,3.960969055271009e-07,0.1634205690008257,0.10672590857226419,0.04018162844371124,0.0005666016386517027,0.5
2022-09-19,0.00037069811754772907,4.0665199528257955e-07,7.75240436690471e-07,0.0,1.0406339598730299e-07,4.873833847879363e-07,0.040372834391612905,0.10285560024324092,0.020975191598867612,0.0003689247783349808,0.5
2022-09-20,-0.00033375095811485065,4.3116016678419954e-07,3.223896412326704e-07,0.0,9.987418073208068e-08,2.8461151669213095e-07,0.03503042287663141,0.08318950106496374,0.03537476626068573,-0.0003348889936202917,0.5
2022-09-21,-0.0008245502309687838,2.9036453719983276e-07,2.2744016525296162e-07,0.0,4.739585268002607e-08,2.449211515605839e-07,0.033978742513057936,0.09789254687532084,0.05674579341314274,-0.0008253603526754772,0.5
2022-09-22,-0.0007270347996674366,2.3218789350804935e-07,1.9913862794631618e-07,0.0,2.9337442450799506e-08,2.31893857941672e-07,0.02328195788950807,0.10753575235037166,0.06857758421617076,-0.0007277273574892835,0.5
2022-09-23,-0.0011934559442791026,2.7494868395114547e-07,6.376810400070802e-07,0.0,9.911975912441698e-08,4.874438062735238e-07,0.027008356261372206,0.1273335205716074,0.0454429611176554,-0.0011949551375684587,0.5
2022-09-26,-0.0005268203129936093,5.309872861623264e-07,8.065937900035329e-07,0.0,1.7103845538435847e-07,6.505108558625437e-07,0.048386718066948615,0.14341928581012836,0.03413346202522107,-0.0005289794433810221,0.5
2022-09-27,3.4753081407959174e-05,2.5587799600363226e-07,3.420419512611941e-07,0.0,4.611131731568551e-08,6.812238708165206e-07,0.018392985028639747,0.14271821689276495,0.028272606595589528,3.342782627256214e-05,0.5
2022-09-28,0.0006547603763790538,1.1910563158845844e-06,1.6041459434877463e-06,0.0,3.750243718781762e-07,1.700321964207742e-07,0.14088936359142373,0.08231956179069806,0.05375415279200799,0.0006514201175513825,0.5
2022-09-29,-0.0012372971672866765,5.899365955232256e-07,7.762738397251466e-07,0.0,1.2511563319699714e-07,1.929641772387966e-07,0.03661881484868389,0.0659000483632424,0.033482066587124576,-0.0012389814575323606,0.5
2022-09-30,-0.0005323125156071317,4.477276359530939e-07,3.965567094362333e-07,0.0,5.941579660273231e-08,1.6147115362787035e-07,0.05597293720314995,0.09585356862110868,0.06872641481162645,-0.0005333776869027516,0.5
2022-10-03,0.002026968092252641,2.845467687370875e-07,5.779883091861423e-07,0.0,8.05131559515643e-08,2.6176806154869434e-07,0.02579196962408191,0.09622374968496708,0.05224671534478642,0.0020257632759572174,0.5
2022-10-04,0.001960779950773379,8.396330376853348e-07,3.7741965389471448e-06,0.0,1.574731504160488e-07,1.322990846404916e-06,0.15617373804222473,0.12511986883261209,-0.09714259336341383,0.0019546856571999254,0.5
2022-10-05,0.0002468658858244741,1.0800788215975133e-06,5.419158738352694e-07,0.0,3.5968381891662505e-07,9.972023099340672e-07,0.0917771815757468,0.13868699472554813,-0.028842993343375183,0.00024388700500019061,0.5
2022-10-06,0.00011430142520058194,6.402222365213166e-07,8.794118295994772e-07,0.0,1.5008294169950615e-07,5.465548332057666e-07,0.0797536659376814,0.08475043406642727,-0.007070777912141538,0.00011208515335955587,0.5
2022-10-07,5.941880507604955e-06,5.239380167396412e-07,8.063110129420035e-07,0.0,1.8127889293057252e-07,6.181510918913855e-07,0.037534316650657845,0.07460052744458837,-0.02924885599316441,3.812201493101352e-06,0.5
2022-10-10,0.0001365618840658922,7.156630996896602e-07,7.029293162830676e-07,0.0,1.2828488296736063e-07,3.4230737606066557e-07,0.1277064116673697,0.12480296096962307,0.06729532179143127,0.00013467269939089146,0.5
2022-10-11,-0.0005064061281375458,3.0171942212439695e-07,5.143887351808613e-07,0.0,8.380452270041394e-08,4.2613029382598076e-07,0.024836806979344487,0.12479920105240294,0.05320931168963816,-0.0005077321711113775,0.5
2022-10-12,-8.244540424582204e-05,6.680243451948749e-07,1.3517446830108159e-06,0.0,1.5811071637508594e-07,2.650545729198226e-07,0.07762375535992513,0.07143788704651602,0.026908718795985817,-8.488833856332263e-05,0.5
2022-10-13,0.0009227489139762152,2.461922770344926e-07,1.38977604542154e-07,0.0,6.079803633482767e-08,2.1646460673585948e-07,0.0184012814876438,0.07499211080932416,0.03862605687769977,0.0009220864814515679,0.5
2022-10-14,-0.0009212672051083428,6.357672411396549e-07,1.5093169776273032e-06,0.0,1.1074916344053792e-07,3.0970006271451177e-07,0.08026231215448913,0.05211515583286398,8.554529682599891e-05,-0.0009238327385532647,0.5
2022-10-17,0.0003204536658518945,4.0914710720966196e-07,3.5570661473718643e-07,0.0,9.631273243709723e-08,3.3477808106789987e-07,0.028821736310090024,0.06229979042757024,0.006057072808163057,0.00031925772131644265,0.5
2022-10-18,0.00021276131450401344,5.258214037710993e-07,1.3392414722749836e-06,0.0,9.450772484187672e-08,7.092001138440305e-07,0.06504271245034088,0.08537147517757263,-0.033774143948224485,0.00021009254378928145,0.5
2022-10-19,0.0002966477006133845,2.6670038803939667e-07,3.3446784171523193e-07,0.0,5.385351905255886e-08,7.236391632181781e-07,0.018399183283840936,0.08249220869150299,-0.03907917072915092,0.00029526903970135914,0.5
2022-10-20,0.0002701585553646283,3.7123547368034234e-07,4.6133801037975e-07,0.0,8.233662341363884e-08,6.896689813581462e-07,0.02685013045144164,0.07112000218156672,-0.044744386686601835,0.0002685539762757964,0.5
2022-10-21,-0.000978570578031981,2.9119141296964874e-07,3.1495656220322653e-07,0.0,6.128363762737244e-08,7.457393616133668e-07,0.02016427232440981,0.07818999723197902,-0.04709421551906662,-0.0009799837490063947,0.5
2022-10-24,-0.0004777468767457529,3.9535936481698973e-07,3.904720065837857e-07,0.0,7.563324378144713e-08,7.877925155816685e-07,0.02615247566870672,0.0842474430740317,-0.04810169954368863,-0.0004793961338765168,0.5
2022-10-25,-0.000619573966642463,3.244323213159848e-07,1.9940854741279066e-07,0.0,7.350888674604352e-08,7.811419460077466e-07,0.021389897284152515,0.09217147192515972,-0.03906037500414171,-0.0006209524583439456,0.5
2022-10-26,0.0004665177049509555,5.554393898233823e-07,5.932725915357447e-07,0.0,1.6529727334121043e-07,8.162097991932893e-07,0.05367854164376436,0.11181277401209402,-0.02531047225237855,0.0004643874858970619,0.5
2022-10-27,0.00045344236841008095,4.144850019561872e-07,6.317532399726077e-07,0.0,8.97718960169324e-08,4.5723252104636644e-07,0.05574018785592918,0.06646410828224739,-0.010350955253542167,0.00045184912575108884,0.5
2022-10-28,-0.0002684620199884281,4.851257810051339e-07,6.082894332957151e-07,0.0,1.1585974025113058e-07,5.145631953720387e-07,0.03327625153102362,0.06529023417517663,-0.021156382647325885,-0.0002701858581383521,0.5
2022-10-31,0.00017055494466048304,4.842032309372115e-07,4.4610180636600976e-07,0.0,1.1477545333946821e-07,5.604667116125139e-07,0.03438565748179811,0.07775103262072669,-0.016407374930175633,0.00016894939745822784,0.5
2022-11-01,6.966790885644896e-05,2.7689691432788976e-07,2.7228205979364775e-07,0.0,5.5563890444556704e-08,5.090506578168677e-07,0.017593051396793735,0.06822392635423424,-0.017296584158999533,6.8554115334066e-05,0.5
2022-11-02,0.0002782658812009477,7.108637308507057e-07,5.953257145606244e-07,0.0,1.0645957942644155e-07,1.0029080119124404e-07,0.10319160807260831,0.07672856112893978,0.05987970652881078,0.0002767529413749187,0.5
2022-11-03,-0.0007315949874716727,2.3727167027212697e-07,2.751987011620359e-07,0.0,4.3555844199466286e-08,1.413225509571123e-07,0.019800837216579124,0.08429930112669455,0.060557112565899684,-0.0007322923362382634,0.5
2022-11-04,0.0009348490694612976,4.811561549823321e-07,1.0547518517696704e-06,0.0,1.0967395527995868e-07,3.3522196019406686e-07,0.04489305375133164,0.0812634077879752,0.024946118475371953,0.0009328682655390715,0.5
2022-11-07,0.0003004774317454921,3.9326158604623635e-07,3.026794744726274e-07,0.0,8.386711794351253e-08,2.290184746034298e-07,0.02834568528434727,0.07389499302771364,0.03541988929433743,0.0002994686050924263,0.5
2022-11-08,0.0002419234185790015,3.406394106669399e-07,2.4368153095622874e-07,0.0,1.1254741733499463e-07,1.8176339824331485e-07,0.033897696031800865,0.08741232070980318,0.05687606980492628,0.0002410447868218,0.5
2022-11-09,-0.001117264863857985,4.408840018144247e-07,1.98055157310971e-06,0.0,8.394241103368378e-08,4.911221912374352e-07,0.09091778745370176,0.06694686871679667,-0.015561659411092431,-0.0011202613640351803,0.5
2022-11-10,-0.0006249456471666085,5.228387904836984e-07,7.926056835869964e-07,0.0,1.45142571324429e-07,6.795234702412553e-07,0.04086237605668547,0.0802029823498147,-0.0339569606507162,-0.0006270857576822448,0.5
2022-11-11,-0.00022702375937327872,4.7378046717134317e-07,5.925697467111794e-07,0.0,1.4961539100345737e-07,7.268414802191467e-07,0.04115899237765283,0.0870251154721757,-0.035084253204640946,-0.00022896656645838385,0.5
2022-11-14,0.00022206998303782958,7.652055598665008e-07,5.608470087983039e-07,0.0,2.14473661951504e-07,5.717259285228336e-07,0.06554568708101827,0.09386741506482385,-0.0021825409270122,0.00021995773087869045,0.5
2022-11-15,-5.555142078400009e-05,4.154855516919313e-07,1.1076247630074176e-06,0.0,1.0523229315507698e-07,7.14891949407746e-07,0.05603062215708675,0.08717600611418783,-0.03292584138631351,-5.789465534126226e-05,0.5
2022-11-16,0.000458751020981866,2.295085609097496e-07,3.7609446596919206e-07,0.0,5.979326561236176e-08,6.850846474247367e-07,0.01985338822393987,0.0745771381108911,-0.040517082656464656,0.00045740054004194997,0.5
2022-11-17,0.00011347402380721398,4.3105591546552836e-07,7.383840490285293e-07,0.0,1.2692871530334228e-07,8.692510196019223e-07,0.03239468501473438,0.08261273552070522,-0.06342143577241771,0.00011130840410781466,0.5
2022-11-18,-0.00030222246814746155,2.3476976500616695e-07,1.5094838356379765e-07,0.0,5.5661044860936945e-08,7.856772670557703e-07,0.015012600798020685,0.07431127152639655,-0.05768250933897288,-0.00030344952460794824,0.5
2022-11-21,0.00016156791378145197,3.6978340549747514e-07,5.24584183654028e-07,0.0,4.748486801661044e-08,2.395692722115534e-07,0.09717533654059923,0.056662806243805874,0.016415168512264898,0.0001603864920520723,0.5
2022-11-22,0.0002998591233869944,1.380882553154274e-07,1.0937529408085159e-07,0.0,3.0377691067778696e-08,1.7834714816072872e-07,0.010090254496718996,0.04969054942540619,0.01972822853440377,0.0002994029349983696,0.5
2022-11-23,0.00018154245053570863,3.3325986200983245e-07,1.917429291183237e-06,0.0,5.206203917097112e-08,6.85527558908175e-07,0.09063336391835175,0.06806284825881015,-0.04710578163776325,0.0001785541717844364,0.5
2022-11-28,0.0006655924845837592,1.8764506319849672e-07,2.0550851696567474e-07,0.0,4.2826357509964154e-08,5.515540996176531e-07,0.023543291494951178,0.05740980187050129,-0.03525128686526443,0.0006646049505464674,0.5
2022-11-29,2.2140824678214892e-05,2.0901908492440339e-07,3.128651709415579e-07,0.0,4.782797265285818e-08,5.851286590902622e-07,0.01778702787920723,0.05826974736524142,-0.040031867361922636,2.098598379060581e-05,0.5
2022-11-30,-0.0010236777849105584,4.1935539015225044e-07,6.524093075968418e-07,0.0,8.61677725843509e-08,3.0997008192148634e-07,0.07941714989107004,0.05172166601555037,-0.0003533077472593262,-0.0010251456874628133,0.5
2022-12-01,-3.99859364956178e-05,3.7424214163295165e-07,1.874219017710645e-07,0.0,9.773758585928016e-08,1.407923044049698e-07,0.03342372372526392,0.04835281121538572,0.024699704075350788,-4.078613042928606e-05,0.5
2022-12-02,-5.314810558376932e-05,1.0483562982690783e-07,1.0813844820234347e-07,0.0,2.5857892414920612e-08,1.573633072499382e-07,0.00868074427136604,0.05286832489088745,0.02643128927289784,-5.354430086146343e-05,0.5
2022-12-05,-0.0005191417267462574,1.7936581393263802e-07,3.3012112980065166e-07,0.0,4.527954621280804e-08,1.670187744258858e-07,0.016685795991394213,0.04561023581288093,0.01755108170933211,-0.0005198635120106294,0.5
2022-12-06,-0.0003220374822596822,2.0230162672251312e-07,4.0744595160115806e-07,0.0,8.073132787973226e-08,3.0225697829570535e-07,0.018552426454135337,0.05519177774707458,0.004412605393396078,-0.0003230302181441813,0.5
2022-12-07,-8.201975522878165e-05,3.4956791227194874e-07,6.277939722821595e-07,0.0,1.1317776052714804e-07,4.992548207906543e-07,0.032772175922333696,0.07320174065275649,-0.010673069240073423,-8.360954969465357e-05,0.5
2022-12-08,6.371700014655036e-05,4.7251621431439717e-07,5.397760296241956e-07,0.0,1.236147451043099e-07,3.591923327865824e-07,0.05980386754682578,0.07716569087469381,0.01682137896654796,6.222190082472087e-05,0.5
2022-12-09,-0.00010565020000949171,3.370988470913083e-07,2.3019810963660953e-07,0.0,9.21324804904592e-08,1.346901447844809e-07,0.029247242264758833,0.05619834135732094,0.033570397033528154,-0.00010644431959149457,0.5
2022-12-12,0.0005862664986693663,3.604645704203532e-07,2.325513903253901e-06,0.0,3.481783610411887e-08,7.477707333985732e-07,0.09974274955214904,0.06598887501164544,-0.05963660819931486,0.0005827979316261894,0.5
2022-12-13,-0.00044797571275004635,1.813464619209311e-07,1.1425607839176234e-07,0.0,5.3010794826064506e-08,7.50585397934347e-07,0.01660333149079555,0.07677433086027133,-0.04932401599269899,-0.00044907491148311944,0.5
2022-12-14,0.0003223717552101513,3.0558319483777504e-07,3.6001480724498133e-07,0.0,1.0464308322928969e-07,8.312979897194377e-07,0.03382308240691097,0.10040282828851979,-0.03925523398434576,0.00032077021613511985,0.5
2022-12-15,0.001035851631133315,3.4353341385556993e-07,7.422091441240521e-07,0.0,1.4155396784312718e-07,9.439008695376202e-07,0.03472967737302607,0.09817941613593291,-0.06039592994638728,0.0010336804337379548,0.5
