date,gross_ret,commission,fees,spread,impact,borrow,turnover,gross_exposure,net_exposure,net_ret
2013-10-23,0.0,0.0,0.0,0.0,0.0,0.0,0.0,0.0,0.0,0.0
2013-10-24,0.0,1.707271773443811e-05,1.8154045801526717e-06,0.0,0.0,7.142857142857143e-07,0.17,0.17,0.05,-1.9602408028876497e-05
2013-10-25,0.00392613906433393,2.5232893286292028e-05,8.314031368323612e-06,0.0,0.0,1.6666666666666665e-06,0.39930549853197256,0.32999999999999996,0.049999999999999996,0.0038909254730126477
2013-10-28,0.0006889395652069113,9.016621932618659e-06,5.7096823349345656e-06,0.0,0.0,0.0,0.3315977220933753,0.0,0.0,0.000674213260939358
2013-10-29,0.0,1.0515239702206692e-05,4.14258015911601e-06,0.0,0.0,1.7308101536561938e-06,0.28538805290712027,0.28538805290712027,-0.0053880529071203,-1.6388630014978896e-05
2013-10-30,0.0010778316383014675,1.0515239702206692e-05,4.941797050809905e-06,0.0,0.0,0.0,0.2855072255768193,0.0,0.0,0.0010623746015484509
2013-10-31,0.0,8.738846474948529e-06,6.29292656801194e-06,0.0,0.0,2.738095238095239e-06,0.41000000000000014,0.41000000000000014,-0.050000000000000155,-1.7769868281055706e-05
2013-11-01,-0.0006937700702330264,8.738846474948529e-06,5.714649166487571e-06,0.0,0.0,0.0,0.4112913964375019,0.0,0.0,-0.0007082235658744625
2013-11-04,0.0,0.0,0.0,0.0,0.0,0.0,0.0,0.0,0.0,0.0
2013-11-05,0.0,7.121200035404347e-06,3.999255120979413e-06,0.0,0.0,1.4285714285714286e-06,0.2899999999999999,0.2899999999999999,0.049999999999999975,-1.2549026584955188e-05
2013-11-06,0.0003902612632919061,7.121200035404347e-06,4.690725478269774e-06,0.0,0.0,0.0,0.29362526375845543,0.0,0.0,0.000378449337778232
2013-11-07,0.0,1.0322302413292245e-05,3.0374478748788845e-06,0.0,0.0,1.3095238095238098e-06,0.17,0.17,-0.050000000000000024,-1.466927409769494e-05
2013-11-08,0.0009734866425662221,1.0322302413292245e-05,3.080464326434397e-06,0.0,0.0,0.0,0.17345047649107437,0.0,0.0,0.0009600838758264955
2013-11-11,0.0,0.0,0.0,0.0,0.0,0.0,0.0,0.0,0.0,0.0
2013-11-12,0.0,0.0,0.0,0.0,0.0,0.0,0.0,0.0,0.0,0.0
2013-11-13,0.0,0.0,0.0,0.0,0.0,0.0,0.0,0.0,0.0,0.0
2013-11-14,0.0,0.0,0.0,0.0,0.0,0.0,0.0,0.0,0.0,0.0
2013-11-15,0.0,0.0,0.0,0.0,0.0,0.0,0.0,0.0,0.0,0.0
2013-11-18,0.0,0.0,0.0,0.0,0.0,0.0,0.0,0.0,0.0,0.0
2013-11-19,0.0,0.0,0.0,0.0,0.0,0.0,0.0,0.0,0.0,0.0
2013-11-20,0.0,0.0,0.0,0.0,0.0,0.0,0.0,0.0,0.0,0.0
2013-11-21,0.0,0.0,0.0,0.0,0.0,0.0,0.0,0.0,0.0,0.0
2013-11-22,0.0,0.0,0.0,0.0,0.0,0.0,0.0,0.0,0.0,0.0
2013-11-25,0.0,0.0,0.0,0.0,0.0,0.0,0.0,0.0,0.0,0.0
2013-11-26,0.0,0.0,0.0,0.0,0.0,0.0,0.0,0.0,0.0,0.0
2013-11-27,0.0,0.0,0.0,0.0,0.0,0.0,0.0,0.0,0.0,0.0
2013-12-02,0.0,0.0,0.0,0.0,0.0,0.0,0.0,0.0,0.0,0.0
2013-12-03,0.0,0.0,0.0,0.0,0.0,0.0,0.0,0.0,0.0,0.0
2013-12-04,0.0,0.0,0.0,0.0,0.0,0.0,0.0,0.0,0.0,0.0
2013-12-05,0.0,0.0,0.0,0.0,0.0,0.0,0.0,0.0,0.0,0.0
2013-12-06,0.0,0.0,0.0,0.0,0.0,0.0,0.0,0.0,0.0,0.0
2013-12-09,0.0,0.0,0.0,0.0,0.0,0.0,0.0,0.0,0.0,0.0
2013-12-10,0.0,0.0,0.0,0.0,0.0,0.0,0.0,0.0,0.0,0.0
2013-12-11,0.0,0.0,0.0,0.0,0.0,0.0,0.0,0.0,0.0,0.0
2013-12-12,0.0,0.0,0.0,0.0,0.0,0.0,0.0,0.0,0.0,0.0
2013-12-13,0.0,0.0,0.0,0.0,0.0,0.0,0.0,0.0,0.0,0.0
2013-12-16,0.0,0.0,0.0,0.0,0.0,0.0,0.0,0.0,0.0,0.0
2013-12-17,0.0,0.0,0.0,0.0,0.0,0.0,0.0,0.0,0.0,0.0
2013-12-18,0.0,0.0,0.0,0.0,0.0,0.0,0.0,0.0,0.0,0.0
2013-12-19,0.0,0.0,0.0,0.0,0.0,0.0,0.0,0.0,0.0,0.0
2013-12-20,0.0,0.0,0.0,0.0,0.0,0.0,0.0,0.0,0.0,0.0
2013-12-23,0.0,0.0,0.0,0.0,0.0,0.0,0.0,0.0,0.0,0.0
2013-12-26,0.0,0.0,0.0,0.0,0.0,0.0,0.0,0.0,0.0,0.0
2013-12-27,0.0,0.0,0.0,0.0,0.0,0.0,0.0,0.0,0.0,0.0
2013-12-30,0.0,0.0,0.0,0.0,0.0,0.0,0.0,0.0,0.0,0.0
2013-12-31,0.0,0.0,0.0,0.0,0.0,0.0,0.0,0.0,0.0,0.0
2014-01-02,0.0,0.0,0.0,0.0,0.0,0.0,0.0,0.0,0.0,0.0
2014-01-03,0.0,0.0,0.0,0.0,0.0,0.0,0.0,0.0,0.0,0.0
2014-01-06,0.0,0.0,0.0,0.0,0.0,0.0,0.0,0.0,0.0,0.0
2014-01-07,0.0,0.0,0.0,0.0,0.0,0.0,0.0,0.0,0.0,0.0
2014-01-08,0.0,0.0,0.0,0.0,0.0,0.0,0.0,0.0,0.0,0.0
2014-01-09,0.0,0.0,0.0,0.0,0.0,0.0,0.0,0.0,0.0,0.0
2014-01-10,0.0,0.0,0.0,0.0,0.0,0.0,0.0,0.0,0.0,0.0
2014-01-13,0.0,0.0,0.0,0.0,0.0,0.0,0.0,0.0,0.0,0.0
2014-01-14,0.0,0.0,0.0,0.0,0.0,0.0,0.0,0.0,0.0,0.0
2014-01-15,0.0,0.0,0.0,0.0,0.0,0.0,0.0,0.0,0.0,0.0
2014-01-16,0.0,0.0,0.0,0.0,0.0,0.0,0.0,0.0,0.0,0.0
2014-01-17,0.0,2.149429644055823e-06,2.6060266990229682e-06,0.0,2.6986849995069823e-06,1.1738891633228882e-06,0.15860668971912262,0.15860668971912262,-0.03860668971912261,-8.62803050590866e-06
2014-01-21,-0.0002661279118633971,1.3124665007388022e-05,3.456556793913232e-06,0.0,9.85771413554162e-06,1.181646827515611e-06,0.23907892562244565,0.1592583335113113,-0.03925833351131132,-0.00029374849462775556
2014-01-22,0.0011364482256394127,1.1598049474550148e-05,3.3215236814037642e-06,0.0,7.331510992397304e-06,0.0,0.15981680053990918,0.0,0.0,0.0011141971414910614
2014-01-23,0.0,0.0,0.0,0.0,0.0,0.0,0.0,0.0,0.0,0.0
2014-01-24,0.0,0.0,0.0,0.0,0.0,0.0,0.0,0.0,0.0,0.0
2014-01-27,0.0,0.0,0.0,0.0,0.0,0.0,0.0,0.0,0.0,0.0
2014-01-28,0.0,4.210509547269106e-06,2.1836179775280895e-06,0.0,6.6437839708748215e-06,7.142857142857143e-07,0.16999999999999998,0.16999999999999998,0.05,-1.3752197209957733e-05
2014-01-29,-0.0019474985536152385,4.210509547269107e-06,2.8601390588421536e-06,0.0,6.5730689543570486e-06,0.0,0.16950453256133724,0.0,0.0,-0.001961142271175707
2014-01-30,0.0,0.0,0.0,0.0,0.0,0.0,0.0,0.0,0.0,0.0
2014-01-31,0.0,0.0,0.0,0.0,0.0,0.0,0.0,0.0,0.0,0.0
2014-02-03,0.0,0.0,0.0,0.0,0.0,0.0,0.0,0.0,0.0,0.0
2014-02-04,0.0,0.0,0.0,0.0,0.0,0.0,0.0,0.0,0.0,0.0
2014-02-05,0.0,0.0,0.0,0.0,0.0,0.0,0.0,0.0,0.0,0.0
2014-02-06,0.0,0.0,0.0,0.0,0.0,0.0,0.0,0.0,0.0,0.0
2014-02-07,0.0,0.0,0.0,0.0,0.0,0.0,0.0,0.0,0.0,0.0
2014-02-10,0.0,0.0,0.0,0.0,0.0,0.0,0.0,0.0,0.0,0.0
2014-02-11,0.0,0.0,0.0,0.0,0.0,0.0,0.0,0.0,0.0,0.0
2014-02-12,0.0,9.79856082685786e-06,2.900744603263924e-06,0.0,8.074163638532157e-06,1.3095238095238096e-06,0.16999999999999998,0.16999999999999998,-0.05000000000000001,-2.208299287817775e-05
2014-02-13,-0.0012007493547613515,1.221058020816396e-05,4.67957261535093e-06,0.0,1.957707736264335e-05,1.0987052201893771e-06,0.25733056349043265,0.15229123849590767,-0.032291238495907676,-0.0012383152901676991
2014-02-14,-0.0017004091453036467,2.93474278876717e-06,1.9432501521563404e-06,0.0,1.1876694436669946e-05,0.0,0.15613910648158355,0.0,0.0,-0.0017171638326812402
2014-02-18,0.0,0.0,0.0,0.0,0.0,0.0,0.0,0.0,0.0,0.0
2014-02-19,0.0,0.0,0.0,0.0,0.0,0.0,0.0,0.0,0.0,0.0
2014-02-20,0.0,0.0,0.0,0.0,0.0,0.0,0.0,0.0,0.0,0.0
2014-02-21,0.0,1.4409743253731756e-06,1.7595842688794366e-06,0.0,5.925932500162059e-06,7.142857142857143e-07,0.16999999999999998,0.16999999999999998,0.049999999999999996,-9.840776808700385e-06
2014-02-24,0.0026369018917160583,1.4409743253731758e-06,2.8767382590268343e-06,0.0,5.795001539621064e-06,0.0,0.16914760546887248,0.0,0.0,0.002626789177592037
2014-02-25,0.0,0.0,0.0,0.0,0.0,0.0,0.0,0.0,0.0,0.0
2014-02-26,0.0,0.0,0.0,0.0,0.0,0.0,0.0,0.0,0.0,0.0
2014-02-27,0.0,3.0907757988247947e-06,1.9887569721115535e-06,0.0,4.016012161156411e-06,7.142857142857143e-07,0.16999999999999998,0.16999999999999998,0.05,-9.809830646378475e-06
2014-02-28,-0.00017166581352109125,3.0907757988247947e-06,2.8897552730249812e-06,0.0,3.974690079731362e-06,0.0,0.16938211904703668,0.0,0.0,-0.0001816210346726724
2014-03-03,0.0,0.0,0.0,0.0,0.0,0.0,0.0,0.0,0.0,0.0
2014-03-04,0.0,0.0,0.0,0.0,0.0,0.0,0.0,0.0,0.0,0.0
2014-03-05,0.0,0.0,0.0,0.0,0.0,0.0,0.0,0.0,0.0,0.0
2014-03-06,0.0,0.0,0.0,0.0,0.0,0.0,0.0,0.0,0.0,0.0
2014-03-07,0.0,0.0,0.0,0.0,0.0,0.0,0.0,0.0,0.0,0.0
2014-03-10,0.0,0.0,0.0,0.0,0.0,0.0,0.0,0.0,0.0,0.0
2014-03-11,0.0,0.0,0.0,0.0,0.0,0.0,0.0,0.0,0.0,0.0
2014-03-12,0.0,0.0,0.0,0.0,0.0,0.0,0.0,0.0,0.0,0.0
2014-03-13,0.0,0.0,0.0,0.0,0.0,0.0,0.0,0.0,0.0,0.0
2014-03-14,0.0,0.0,0.0,0.0,0.0,0.0,0.0,0.0,0.0,0.0
2014-03-17,0.0,0.0,0.0,0.0,0.0,0.0,0.0,0.0,0.0,0.0
2014-03-18,0.0,0.0,0.0,0.0,0.0,0.0,0.0,0.0,0.0,0.0
2014-03-19,0.0,0.0,0.0,0.0,0.0,0.0,0.0,0.0,0.0,0.0
2014-03-20,0.0,0.0,0.0,0.0,0.0,0.0,0.0,0.0,0.0,0.0
2014-03-21,0.0,0.0,0.0,0.0,0.0,0.0,0.0,0.0,0.0,0.0
2014-03-24,0.0,0.0,0.0,0.0,0.0,0.0,0.0,0.0,0.0,0.0
2014-03-25,0.0,0.0,0.0,0.0,0.0,0.0,0.0,0.0,0.0,0.0
2014-03-26,0.0,0.0,0.0,0.0,0.0,0.0,0.0,0.0,0.0,0.0
2014-03-27,0.0,0.0,0.0,0.0,0.0,0.0,0.0,0.0,0.0,0.0
2014-03-28,0.0,0.0,0.0,0.0,0.0,0.0,0.0,0.0,0.0,0.0
2014-03-31,0.0,0.0,0.0,0.0,0.0,0.0,0.0,0.0,0.0,0.0
2014-04-01,0.0,0.0,0.0,0.0,0.0,0.0,0.0,0.0,0.0,0.0
2014-04-02,0.0,0.0,0.0,0.0,0.0,0.0,0.0,0.0,0.0,0.0
2014-04-03,0.0,0.0,0.0,0.0,0.0,0.0,0.0,0.0,0.0,0.0
2014-04-04,0.0,0.0,0.0,0.0,0.0,0.0,0.0,0.0,0.0,0.0
2014-04-07,0.0,0.0,0.0,0.0,0.0,0.0,0.0,0.0,0.0,0.0
2014-04-08,0.0,0.0,0.0,0.0,0.0,0.0,0.0,0.0,0.0,0.0
2014-04-09,0.0,0.0,0.0,0.0,0.0,0.0,0.0,0.0,0.0,0.0
2014-04-10,0.0,0.0,0.0,0.0,0.0,0.0,0.0,0.0,0.0,0.0
2014-04-11,0.0,0.0,0.0,0.0,0.0,0.0,0.0,0.0,0.0,0.0
2014-04-14,0.0,0.0,0.0,0.0,0.0,0.0,0.0,0.0,0.0,0.0
2014-04-15,0.0,0.0,0.0,0.0,0.0,0.0,0.0,0.0,0.0,0.0
2014-04-16,0.0,9.080040550053107e-06,2.5530779503679956e-06,0.0,5.798469705488442e-06,7.142857142857143e-07,0.1471435223214333,0.1471435223214333,0.0271435223214333,-1.8145873920195257e-05
2014-04-17,0.00038296444616034826,2.1968005110022096e-05,8.162340037049717e-06,0.0,2.1628136573163355e-05,2.380952380952381e-06,0.4977181800583285,0.35,-0.05,0.00032882501205916073
2014-04-21,-0.0005010724726681684,1.2887964559968991e-05,5.696758481245842e-06,0.0,1.5783771138410832e-05,0.0,0.3507655961441137,0.0,0.0,-0.000535440966847794
2014-04-22,0.0,3.317869292653206e-06,1.9893358169238953e-06,0.0,1.0929186436202432e-05,7.142857142857143e-07,0.17,0.17,0.05,-1.6950677260065248e-05
2014-04-23,-0.0011543707430057375,4.127690581835143e-06,3.08213506128522e-06,0.0,1.3520018488490718e-05,7.142857142857143e-07,0.22028038253957316,0.16999999999999998,0.049999999999999996,-0.0011758148728516344
2014-04-24,0.0022562065183570363,1.633127313970318e-05,1.173341775442833e-05,0.0,2.929206875846887e-05,4.4523809523809525e-06,0.7798747946983857,0.7980000000000002,0.050000000000000155,0.002194397377752055
2014-04-25,-0.0004137419462122278,2.6198068344627967e-05,1.5652588206482387e-05,0.0,3.0819157187723975e-05,1.3095238095238098e-06,0.9592469909671802,0.17,-0.05000000000000001,-0.0004877212837605859
2014-04-28,-0.0012156088597590122,1.0164915546079692e-05,2.090298514069856e-06,0.0,4.5688322265351995e-06,0.0,0.1703535398942418,0.0,0.0,-0.001232432906045697
2014-04-29,0.0,0.0,0.0,0.0,0.0,0.0,0.0,0.0,0.0,0.0
2014-04-30,0.0,1.0626071671995957e-05,5.971560649415016e-06,0.0,1.6931535773739357e-05,2.1428571428571427e-06,0.41000000000000003,0.41000000000000003,0.050000000000000044,-3.567202523800747e-05
2014-05-01,0.0018617016433573566,2.4583104261087727e-05,1.3571124194143169e-05,0.0,4.011005217500451e-05,3.023809523809524e-06,0.8659097119231348,0.458,-0.05000000000000002,0.0017804135532033117
2014-05-02,5.9943122363468335e-05,3.088232579417836e-05,1.1105633760979783e-05,0.0,4.327851714689043e-05,2.976190476190476e-06,0.7137096413228313,0.45,-0.04999999999999996,-2.8299544814770712e-05
2014-05-05,-0.0004423873872665239,1.8456579125928163e-05,7.739382196223708e-06,0.0,1.978819575162694e-05,0.0,0.4524684669433279,0.0,0.0,-0.0004883715443403027
2014-05-06,0.0,3.545243694753767e-06,2.0628684210526315e-06,0.0,3.5964858042278624e-06,7.142857142857143e-07,0.16999999999999998,0.16999999999999998,0.049999999999999996,-9.918883634319975e-06
2014-05-07,0.0019676871841040017,3.545243694753767e-06,2.9158590220160683e-06,0.0,3.5737082099346172e-06,0.0,0.16971768718410402,0.0,0.0,0.001957652373177297
2014-05-08,0.0,0.0,0.0,0.0,0.0,0.0,0.0,0.0,0.0,0.0
2014-05-09,0.0,0.0,0.0,0.0,0.0,0.0,0.0,0.0,0.0,0.0
2014-05-12,0.0,0.0,0.0,0.0,0.0,0.0,0.0,0.0,0.0,0.0
2014-05-13,0.0,0.0,0.0,0.0,0.0,0.0,0.0,0.0,0.0,0.0
2014-05-14,0.0,0.0,0.0,0.0,0.0,0.0,0.0,0.0,0.0,0.0
2014-05-15,0.0,0.0,0.0,0.0,0.0,0.0,0.0,0.0,0.0,0.0
2014-05-16,0.0,0.0,0.0,0.0,0.0,0.0,0.0,0.0,0.0,0.0
2014-05-19,0.0,0.0,0.0,0.0,0.0,0.0,0.0,0.0,0.0,0.0
2014-05-20,0.0,0.0,0.0,0.0,0.0,0.0,0.0,0.0,0.0,0.0
2014-05-21,0.0,0.0,0.0,0.0,0.0,0.0,0.0,0.0,0.0,0.0
2014-05-22,0.0,0.0,0.0,0.0,0.0,0.0,0.0,0.0,0.0,0.0
2014-05-23,0.0,0.0,0.0,0.0,0.0,0.0,0.0,0.0,0.0,0.0
2014-05-27,0.0,0.0,0.0,0.0,0.0,0.0,0.0,0.0,0.0,0.0
2014-05-28,0.0,0.0,0.0,0.0,0.0,0.0,0.0,0.0,0.0,0.0
2014-05-29,0.0,0.0,0.0,0.0,0.0,0.0,0.0,0.0,0.0,0.0
2014-05-30,0.0,0.0,0.0,0.0,0.0,0.0,0.0,0.0,0.0,0.0
2014-06-02,0.0,0.0,0.0,0.0,0.0,0.0,0.0,0.0,0.0,0.0
2014-06-03,0.0,0.0,0.0,0.0,0.0,0.0,0.0,0.0,0.0,0.0
2014-06-04,0.0,0.0,0.0,0.0,0.0,0.0,0.0,0.0,0.0,0.0
2014-06-05,0.0,0.0,0.0,0.0,0.0,0.0,0.0,0.0,0.0,0.0
2014-06-06,0.0,0.0,0.0,0.0,0.0,0.0,0.0,0.0,0.0,0.0
2014-06-09,0.0,0.0,0.0,0.0,0.0,0.0,0.0,0.0,0.0,0.0
2014-06-10,0.0,0.0,0.0,0.0,0.0,0.0,0.0,0.0,0.0,0.0
2014-06-11,0.0,0.0,0.0,0.0,0.0,0.0,0.0,0.0,0.0,0.0
2014-06-12,0.0,0.0,0.0,0.0,0.0,0.0,0.0,0.0,0.0,0.0
2014-06-13,0.0,0.0,0.0,0.0,0.0,0.0,0.0,0.0,0.0,0.0
2014-06-16,0.0,0.0,0.0,0.0,0.0,0.0,0.0,0.0,0.0,0.0
2014-06-17,0.0,0.0,0.0,0.0,0.0,0.0,0.0,0.0,0.0,0.0
2014-06-18,0.0,0.0,0.0,0.0,0.0,0.0,0.0,0.0,0.0,0.0
2014-06-19,0.0,0.0,0.0,0.0,0.0,0.0,0.0,0.0,0.0,0.0
2014-06-20,0.0,0.0,0.0,0.0,0.0,0.0,0.0,0.0,0.0,0.0
2014-06-23,0.0,0.0,0.0,0.0,0.0,0.0,0.0,0.0,0.0,0.0
2014-06-24,0.0,0.0,0.0,0.0,0.0,0.0,0.0,0.0,0.0,0.0
2014-06-25,0.0,0.0,0.0,0.0,0.0,0.0,0.0,0.0,0.0,0.0
2014-06-26,0.0,0.0,0.0,0.0,0.0,0.0,0.0,0.0,0.0,0.0
2014-06-27,0.0,0.0,0.0,0.0,0.0,0.0,0.0,0.0,0.0,0.0
2014-06-30,0.0,0.0,0.0,0.0,0.0,0.0,0.0,0.0,0.0,0.0
2014-07-01,0.0,0.0,0.0,0.0,0.0,0.0,0.0,0.0,0.0,0.0
2014-07-02,0.0,0.0,0.0,0.0,0.0,0.0,0.0,0.0,0.0,0.0
2014-07-07,0.0,0.0,0.0,0.0,0.0,0.0,0.0,0.0,0.0,0.0
2014-07-08,0.0,0.0,0.0,0.0,0.0,0.0,0.0,0.0,0.0,0.0
2014-07-09,0.0,0.0,0.0,0.0,0.0,0.0,0.0,0.0,0.0,0.0
2014-07-10,0.0,0.0,0.0,0.0,0.0,0.0,0.0,0.0,0.0,0.0
2014-07-11,0.0,0.0,0.0,0.0,0.0,0.0,0.0,0.0,0.0,0.0
2014-07-14,0.0,0.0,0.0,0.0,0.0,0.0,0.0,0.0,0.0,0.0
2014-07-15,0.0,0.0,0.0,0.0,0.0,0.0,0.0,0.0,0.0,0.0
2014-07-16,0.0,0.0,0.0,0.0,0.0,0.0,0.0,0.0,0.0,0.0
2014-07-17,0.0,1.1685614062880747e-05,2.9792022200759803e-06,0.0,7.452867873962466e-06,7.142857142857143e-07,0.14291256818685683,0.14291256818685683,0.02291256818685683,-2.2831969871204905e-05
2014-07-18,0.0005233441292589005,3.204175725664216e-05,6.564284497538097e-06,0.0,2.04921485692629e-05,1.6666666666666665e-06,0.37413931208164913,0.23,-0.05,0.00046257927226879065
2014-07-21,7.530355725808268e-05,2.2344408591311472e-05,6.397922514084136e-06,0.0,2.2192788073177534e-05,1.3095238095238098e-06,0.2578073107429269,0.17,-0.05000000000000001,2.305891426998573e-05
2014-07-22,-0.0012161142714822392,1.2973786918808542e-05,5.368817054299837e-06,0.0,1.3869715685806006e-05,9.523809523809522e-07,0.37919815508780874,0.20999999999999996,0.049999999999999996,-0.0012492789720935345
2014-07-23,-0.0008185348840513067,1.4292218168034861e-05,3.877295355599409e-06,0.0,1.204476123901859e-05,9.523809523809522e-07,0.25982362661589997,0.21,0.05000000000000002,-0.0008497015397663405
2014-07-24,-0.0026789494230802396,5.540680823268395e-06,3.7842859756570316e-06,0.0,6.530642370247753e-06,0.0,0.21250013298185166,0.0,0.0,-0.002694805032249413
2014-07-25,0.0,0.0,0.0,0.0,0.0,0.0,0.0,0.0,0.0,0.0
2014-07-28,0.0,0.0,0.0,0.0,0.0,0.0,0.0,0.0,0.0,0.0
2014-07-29,0.0,0.0,0.0,0.0,0.0,0.0,0.0,0.0,0.0,0.0
2014-07-30,0.0,0.0,0.0,0.0,0.0,0.0,0.0,0.0,0.0,0.0
2014-07-31,0.0,2.7245651387010694e-05,8.038376924327875e-06,0.0,2.4604719948591947e-05,3.2142857142857143e-06,0.4899999999999999,0.4899999999999999,-0.05,-6.310303397421623e-05
2014-08-01,-0.0014360640321650648,2.7245651387010697e-05,9.012046360398306e-06,0.0,2.4791567211793082e-05,0.0,0.4896741390595538,0.0,0.0,-0.0014971132971242668
2014-08-04,0.0,0.0,0.0,0.0,0.0,0.0,0.0,0.0,0.0,0.0
2014-08-05,0.0,0.0,0.0,0.0,0.0,0.0,0.0,0.0,0.0,0.0
2014-08-06,0.0,6.885650758843665e-06,4.4832783617632365e-06,0.0,1.7846584897946494e-05,1.8404461435948062e-06,0.2745974760619637,0.2745974760619637,-0.03459747606196374,-3.10559601621482e-05
2014-08-07,0.00200211432216675,6.885650758843664e-06,3.7422578266602866e-06,0.0,1.8246215108357644e-05,0.0,0.2747045520460292,0.0,0.0,0.0019732401984728885
2014-08-08,0.0,0.0,0.0,0.0,0.0,0.0,0.0,0.0,0.0,0.0
2014-08-11,0.0,0.0,0.0,0.0,0.0,0.0,0.0,0.0,0.0,0.0
2014-08-12,0.0,0.0,0.0,0.0,0.0,0.0,0.0,0.0,0.0,0.0
2014-08-13,0.0,0.0,0.0,0.0,0.0,0.0,0.0,0.0,0.0,0.0
2014-08-14,0.0,0.0,0.0,0.0,0.0,0.0,0.0,0.0,0.0,0.0
2014-08-15,0.0,0.0,0.0,0.0,0.0,0.0,0.0,0.0,0.0,0.0
2014-08-18,0.0,0.0,0.0,0.0,0.0,0.0,0.0,0.0,0.0,0.0
2014-08-19,0.0,0.0,0.0,0.0,0.0,0.0,0.0,0.0,0.0,0.0
2014-08-20,0.0,0.0,0.0,0.0,0.0,0.0,0.0,0.0,0.0,0.0
2014-08-21,0.0,0.0,0.0,0.0,0.0,0.0,0.0,0.0,0.0,0.0
2014-08-22,0.0,0.0,0.0,0.0,0.0,0.0,0.0,0.0,0.0,0.0
2014-08-25,0.0,0.0,0.0,0.0,0.0,0.0,0.0,0.0,0.0,0.0
2014-08-26,0.0,0.0,0.0,0.0,0.0,0.0,0.0,0.0,0.0,0.0
2014-08-27,0.0,0.0,0.0,0.0,0.0,0.0,0.0,0.0,0.0,0.0
2014-08-28,0.0,0.0,0.0,0.0,0.0,0.0,0.0,0.0,0.0,0.0
2014-08-29,0.0,0.0,0.0,0.0,0.0,0.0,0.0,0.0,0.0,0.0
2014-09-02,0.0,0.0,0.0,0.0,0.0,0.0,0.0,0.0,0.0,0.0
2014-09-03,0.0,0.0,0.0,0.0,0.0,0.0,0.0,0.0,0.0,0.0
2014-09-04,0.0,0.0,0.0,0.0,0.0,0.0,0.0,0.0,0.0,0.0
2014-09-05,0.0,0.0,0.0,0.0,0.0,0.0,0.0,0.0,0.0,0.0
2014-09-08,0.0,0.0,0.0,0.0,0.0,0.0,0.0,0.0,0.0,0.0
2014-09-09,0.0,0.0,0.0,0.0,0.0,0.0,0.0,0.0,0.0,0.0
2014-09-10,0.0,0.0,0.0,0.0,0.0,0.0,0.0,0.0,0.0,0.0
2014-09-11,0.0,0.0,0.0,0.0,0.0,0.0,0.0,0.0,0.0,0.0
2014-09-12,0.0,0.0,0.0,0.0,0.0,0.0,0.0,0.0,0.0,0.0
2014-09-15,0.0,0.0,0.0,0.0,0.0,0.0,0.0,0.0,0.0,0.0
2014-09-16,0.0,0.0,0.0,0.0,0.0,0.0,0.0,0.0,0.0,0.0
2014-09-17,0.0,0.0,0.0,0.0,0.0,0.0,0.0,0.0,0.0,0.0
2014-09-18,0.0,0.0,0.0,0.0,0.0,0.0,0.0,0.0,0.0,0.0
2014-09-19,0.0,0.0,0.0,0.0,0.0,0.0,0.0,0.0,0.0,0.0
2014-09-22,0.0,0.0,0.0,0.0,0.0,0.0,0.0,0.0,0.0,0.0
2014-09-23,0.0,0.0,0.0,0.0,0.0,0.0,0.0,0.0,0.0,0.0
2014-09-24,0.0,0.0,0.0,0.0,0.0,0.0,0.0,0.0,0.0,0.0
2014-09-25,0.0,0.0,0.0,0.0,0.0,0.0,0.0,0.0,0.0,0.0
2014-09-26,0.0,0.0,0.0,0.0,0.0,0.0,0.0,0.0,0.0,0.0
2014-09-29,0.0,0.0,0.0,0.0,0.0,0.0,0.0,0.0,0.0,0.0
2014-09-30,0.0,0.0,0.0,0.0,0.0,0.0,0.0,0.0,0.0,0.0
2014-10-01,0.0,0.0,0.0,0.0,0.0,0.0,0.0,0.0,0.0,0.0
2014-10-02,0.0,0.0,0.0,0.0,0.0,0.0,0.0,0.0,0.0,0.0
2014-10-03,0.0,0.0,0.0,0.0,0.0,0.0,0.0,0.0,0.0,0.0
2014-10-06,0.0,0.0,0.0,0.0,0.0,0.0,0.0,0.0,0.0,0.0
2014-10-07,0.0,0.0,0.0,0.0,0.0,0.0,0.0,0.0,0.0,0.0
2014-10-08,0.0,0.0,0.0,0.0,0.0,0.0,0.0,0.0,0.0,0.0
2014-10-09,0.0,0.0,0.0,0.0,0.0,0.0,0.0,0.0,0.0,0.0
2014-10-10,0.0,0.0,0.0,0.0,0.0,0.0,0.0,0.0,0.0,0.0
2014-10-13,0.0,0.0,0.0,0.0,0.0,0.0,0.0,0.0,0.0,0.0
2014-10-14,0.0,0.0,0.0,0.0,0.0,0.0,0.0,0.0,0.0,0.0
2014-10-15,0.0,0.0,0.0,0.0,0.0,0.0,0.0,0.0,0.0,0.0
2014-10-16,0.0,0.0,0.0,0.0,0.0,0.0,0.0,0.0,0.0,0.0
2014-10-17,0.0,0.0,0.0,0.0,0.0,0.0,0.0,0.0,0.0,0.0
2014-10-20,0.0,0.0,0.0,0.0,0.0,0.0,0.0,0.0,0.0,0.0
2014-10-21,0.0,5.542513281206523e-06,2.7811342207925005e-06,0.0,3.578035852450245e-06,1.0625677860423305e-06,0.14925569402755576,0.14925569402755576,-0.029255694027555765,-1.29642511404916e-05
2014-10-22,-0.0002805071963413825,7.486758688447474e-06,3.7865722794871767e-06,0.0,1.1718740786364576e-05,7.142857142857143e-07,0.31914555310315135,0.16999999999999998,0.05,-0.0003042135538099674
2014-10-23,0.001710055244123432,1.944245407240951e-06,2.940856976594736e-06,0.0,8.022273348037819e-06,0.0,0.17324533000956757,0.0,0.0,0.0016971478683915585
2014-10-24,0.0,5.004276939192092e-06,3.855461545023189e-06,0.0,1.0282036224712463e-05,1.5476190476190479e-06,0.21000000000000002,0.21000000000000002,-0.05000000000000002,-2.0689393756546792e-05
2014-10-27,-9.299315741010422e-05,5.004276939192092e-06,2.3716471876146715e-06,0.0,1.0000847811001185e-05,0.0,0.2097574852356953,0.0,0.0,-0.00011036992934791217
2014-10-28,0.0,2.2740992285245977e-06,2.6859732983888674e-06,0.0,1.336413924289516e-05,1.1814082481338847e-06,0.17923829284324627,0.17923829284324627,-0.019238292843246324,-1.950562001794251e-05
2014-10-29,0.0015576089974467752,4.727480101823779e-06,4.387770648674552e-06,0.0,2.241745046866683e-05,1.1204029240265766e-06,0.2923631099184069,0.15411384561823244,-0.03411384561823244,0.0015249558933035834
2014-10-30,-0.0008327766141388712,1.3040622944342964e-05,8.931978482618731e-06,0.0,2.904217628593261e-05,2.7380952380952382e-06,0.6653096823101701,0.51,0.05000000000000007,-0.0008865294870898607
2014-10-31,-0.0026938715803801728,1.1949732982663083e-05,8.194327929630409e-06,0.0,3.032154727187246e-05,7.142857142857143e-07,0.5791468713761494,0.16999999999999998,0.05,-0.0027450514742786243
2014-11-03,0.000542398445462259,2.4413908283267004e-06,2.907061886809345e-06,0.0,9.65619985576479e-06,0.0,0.16953110567620555,0.0,0.0,0.0005273937928913582
2014-11-04,0.0,4.832587454606241e-06,2.071693251852765e-06,0.0,8.813716203305863e-06,7.142857142857143e-07,0.1475410378960522,0.1475410378960522,0.027541037896052188,-1.643228262405058e-05
2014-11-05,0.0006648219884955385,4.832587454606241e-06,2.558314378237525e-06,0.0,9.037961420457508e-06,0.0,0.14996783824621698,0.0,0.0,0.0006483931252422372
2014-11-06,0.0,0.0,0.0,0.0,0.0,0.0,0.0,0.0,0.0,0.0
2014-11-07,0.0,0.0,0.0,0.0,0.0,0.0,0.0,0.0,0.0,0.0
2014-11-10,0.0,0.0,0.0,0.0,0.0,0.0,0.0,0.0,0.0,0.0
2014-11-11,0.0,0.0,0.0,0.0,0.0,0.0,0.0,0.0,0.0,0.0
2014-11-12,0.0,0.0,0.0,0.0,0.0,0.0,0.0,0.0,0.0,0.0
2014-11-13,0.0,0.0,0.0,0.0,0.0,0.0,0.0,0.0,0.0,0.0
2014-11-14,0.0,0.0,0.0,0.0,0.0,0.0,0.0,0.0,0.0,0.0
2014-11-17,0.0,0.0,0.0,0.0,0.0,0.0,0.0,0.0,0.0,0.0
2014-11-18,0.0,0.0,0.0,0.0,0.0,0.0,0.0,0.0,0.0,0.0
2014-11-19,0.0,0.0,0.0,0.0,0.0,0.0,0.0,0.0,0.0,0.0
2014-11-20,0.0,0.0,0.0,0.0,0.0,0.0,0.0,0.0,0.0,0.0
2014-11-21,0.0,0.0,0.0,0.0,0.0,0.0,0.0,0.0,0.0,0.0
2014-11-24,0.0,0.0,0.0,0.0,0.0,0.0,0.0,0.0,0.0,0.0
2014-11-25,0.0,0.0,0.0,0.0,0.0,0.0,0.0,0.0,0.0,0.0
2014-11-26,0.0,0.0,0.0,0.0,0.0,0.0,0.0,0.0,0.0,0.0
2014-12-01,0.0,0.0,0.0,0.0,0.0,0.0,0.0,0.0,0.0,0.0
2014-12-02,0.0,0.0,0.0,0.0,0.0,0.0,0.0,0.0,0.0,0.0
2014-12-03,0.0,0.0,0.0,0.0,0.0,0.0,0.0,0.0,0.0,0.0
2014-12-04,0.0,0.0,0.0,0.0,0.0,0.0,0.0,0.0,0.0,0.0
2014-12-05,0.0,0.0,0.0,0.0,0.0,0.0,0.0,0.0,0.0,0.0
2014-12-08,0.0,0.0,0.0,0.0,0.0,0.0,0.0,0.0,0.0,0.0
2014-12-09,0.0,0.0,0.0,0.0,0.0,0.0,0.0,0.0,0.0,0.0
2014-12-10,0.0,0.0,0.0,0.0,0.0,0.0,0.0,0.0,0.0,0.0
2014-12-11,0.0,0.0,0.0,0.0,0.0,0.0,0.0,0.0,0.0,0.0
2014-12-12,0.0,0.0,0.0,0.0,0.0,0.0,0.0,0.0,0.0,0.0
2014-12-15,0.0,0.0,0.0,0.0,0.0,0.0,0.0,0.0,0.0,0.0
2014-12-16,0.0,0.0,0.0,0.0,0.0,0.0,0.0,0.0,0.0,0.0
2014-12-17,0.0,0.0,0.0,0.0,0.0,0.0,0.0,0.0,0.0,0.0
2014-12-18,0.0,0.0,0.0,0.0,0.0,0.0,0.0,0.0,0.0,0.0
2014-12-19,0.0,0.0,0.0,0.0,0.0,0.0,0.0,0.0,0.0,0.0
2014-12-22,0.0,0.0,0.0,0.0,0.0,0.0,0.0,0.0,0.0,0.0
2014-12-23,0.0,0.0,0.0,0.0,0.0,0.0,0.0,0.0,0.0,0.0
2014-12-26,0.0,0.0,0.0,0.0,0.0,0.0,0.0,0.0,0.0,0.0
2014-12-29,0.0,0.0,0.0,0.0,0.0,0.0,0.0,0.0,0.0,0.0
2014-12-30,0.0,0.0,0.0,0.0,0.0,0.0,0.0,0.0,0.0,0.0
2014-12-31,0.0,0.0,0.0,0.0,0.0,0.0,0.0,0.0,0.0,0.0
2015-01-02,0.0,0.0,0.0,0.0,0.0,0.0,0.0,0.0,0.0,0.0
2015-01-05,0.0,0.0,0.0,0.0,0.0,0.0,0.0,0.0,0.0,0.0
2015-01-06,0.0,0.0,0.0,0.0,0.0,0.0,0.0,0.0,0.0,0.0
2015-01-07,0.0,0.0,0.0,0.0,0.0,0.0,0.0,0.0,0.0,0.0
2015-01-08,0.0,0.0,0.0,0.0,0.0,0.0,0.0,0.0,0.0,0.0
2015-01-09,0.0,0.0,0.0,0.0,0.0,0.0,0.0,0.0,0.0,0.0
2015-01-12,0.0,0.0,0.0,0.0,0.0,0.0,0.0,0.0,0.0,0.0
2015-01-13,0.0,0.0,0.0,0.0,0.0,0.0,0.0,0.0,0.0,0.0
2015-01-14,0.0,0.0,0.0,0.0,0.0,0.0,0.0,0.0,0.0,0.0
2015-01-15,0.0,0.0,0.0,0.0,0.0,0.0,0.0,0.0,0.0,0.0
2015-01-16,0.0,0.0,0.0,0.0,0.0,0.0,0.0,0.0,0.0,0.0
2015-01-20,0.0,0.0,0.0,0.0,0.0,0.0,0.0,0.0,0.0,0.0
2015-01-21,0.0,0.0,0.0,0.0,0.0,0.0,0.0,0.0,0.0,0.0
2015-01-22,0.0,0.0,0.0,0.0,0.0,0.0,0.0,0.0,0.0,0.0
2015-01-23,0.0,0.0,0.0,0.0,0.0,0.0,0.0,0.0,0.0,0.0
2015-01-26,0.0,0.0,0.0,0.0,0.0,0.0,0.0,0.0,0.0,0.0
2015-01-27,0.0,2.0655683749610398e-06,2.9276754794878703e-06,0.0,6.1572474255096916e-06,1.3095238095238096e-06,0.16999999999999998,0.16999999999999998,-0.05,-1.246001508948241e-05
2015-01-28,-0.00021568330479044477,2.0655683749610398e-06,1.7399120850777843e-06,0.0,5.95822290313137e-06,0.0,0.16598094896696333,0.0,0.0,-0.00022544700815361497
2015-01-29,0.0,1.6751184994095332e-05,5.954556088481119e-06,0.0,2.9275238654383592e-05,2.3809523809523808e-06,0.4317724245736418,0.4317724245736418,0.03177242457364181,-5.436193211791243e-05
2015-01-30,-0.0004788278606655517,1.6751184994095332e-05,7.853349884883789e-06,0.0,2.9686361302080613e-05,0.0,0.4279772140921932,0.0,0.0,-0.0005331187568466115
2015-02-02,0.0,0.0,0.0,0.0,0.0,0.0,0.0,0.0,0.0,0.0
2015-02-03,0.0,2.4822747694250045e-06,1.8588066759388037e-06,0.0,5.435201666843651e-06,7.142857142857143e-07,0.16999999999999998,0.16999999999999998,0.05,-1.0490568826493174e-05
2015-02-04,-0.0010623032007207988,4.051053076528392e-06,2.8055451894658795e-06,0.0,9.0348418597662e-06,7.142857142857143e-07,0.1849621770190169,0.16999999999999998,0.05,-0.001078908926560845
2015-02-05,0.0006134530834732796,5.2386195835630996e-06,5.687773529711006e-06,0.0,7.634735815505292e-06,1.3095238095238096e-06,0.34085710790580825,0.16999999999999998,-0.04999999999999999,0.0005935824307349764
2015-02-06,0.0013499078923527956,2.5739340773755756e-06,1.9942544025150016e-06,0.0,4.300421389490254e-06,0.0,0.17018815926991326,0.0,0.0,0.0013410392824834147
2015-02-09,0.0,0.0,0.0,0.0,0.0,0.0,0.0,0.0,0.0,0.0
2015-02-10,0.0,0.0,0.0,0.0,0.0,0.0,0.0,0.0,0.0,0.0
2015-02-11,0.0,0.0,0.0,0.0,0.0,0.0,0.0,0.0,0.0,0.0
2015-02-12,0.0,0.0,0.0,0.0,0.0,0.0,0.0,0.0,0.0,0.0
2015-02-13,0.0,3.3536297026040894e-06,1.9922811920763362e-06,0.0,1.1874475724288679e-05,7.142857142857143e-07,0.1506030673533579,0.1506030673533579,0.030603067353357907,-1.793467233325482e-05
2015-02-17,-0.0003486448792345849,3.3536297026040886e-06,2.4311192983970147e-06,0.0,1.178597466369651e-05,0.0,0.15032923544170437,0.0,0.0,-0.0003662156028992825
2015-02-18,0.0,0.0,0.0,0.0,0.0,0.0,0.0,0.0,0.0,0.0
2015-02-19,0.0,2.4353886644160757e-06,2.946026203936876e-06,0.0,7.5714887693771165e-06,1.3095238095238098e-06,0.16999999999999998,0.16999999999999998,-0.05,-1.4262427447253879e-05
2015-02-20,-0.003176308343890315,2.4353886644160757e-06,1.8421047214568538e-06,0.0,7.69891371191396e-06,0.0,0.17303071654016963,0.0,0.0,-0.003188284750988102
2015-02-23,0.0,0.0,0.0,0.0,0.0,0.0,0.0,0.0,0.0,0.0
2015-02-24,0.0,0.0,0.0,0.0,0.0,0.0,0.0,0.0,0.0,0.0
2015-02-25,0.0,0.0,0.0,0.0,0.0,0.0,0.0,0.0,0.0,0.0
2015-02-26,0.0,0.0,0.0,0.0,0.0,0.0,0.0,0.0,0.0,0.0
2015-02-27,0.0,0.0,0.0,0.0,0.0,0.0,0.0,0.0,0.0,0.0
2015-03-02,0.0,0.0,0.0,0.0,0.0,0.0,0.0,0.0,0.0,0.0
2015-03-03,0.0,0.0,0.0,0.0,0.0,0.0,0.0,0.0,0.0,0.0
2015-03-04,0.0,0.0,0.0,0.0,0.0,0.0,0.0,0.0,0.0,0.0
2015-03-05,0.0,0.0,0.0,0.0,0.0,0.0,0.0,0.0,0.0,0.0
2015-03-06,0.0,0.0,0.0,0.0,0.0,0.0,0.0,0.0,0.0,0.0
2015-03-09,0.0,0.0,0.0,0.0,0.0,0.0,0.0,0.0,0.0,0.0
2015-03-10,0.0,0.0,0.0,0.0,0.0,0.0,0.0,0.0,0.0,0.0
2015-03-11,0.0,0.0,0.0,0.0,0.0,0.0,0.0,0.0,0.0,0.0
2015-03-12,0.0,0.0,0.0,0.0,0.0,0.0,0.0,0.0,0.0,0.0
2015-03-13,0.0,0.0,0.0,0.0,0.0,0.0,0.0,0.0,0.0,0.0
2015-03-16,0.0,0.0,0.0,0.0,0.0,0.0,0.0,0.0,0.0,0.0
2015-03-17,0.0,0.0,0.0,0.0,0.0,0.0,0.0,0.0,0.0,0.0
2015-03-18,0.0,2.753827178893776e-06,1.9903331553657233e-06,0.0,2.6460472308008465e-06,7.142857142857143e-07,0.17000000000000007,0.17000000000000007,0.05000000000000008,-8.104493279346061e-06
2015-03-19,-0.00048303714879257816,2.7538271788937755e-06,2.8331970217230577e-06,0.0,1.8775446123512452e-06,0.0,0.1696130653605508,0.0,0.0,-0.0004905017176055462
2015-03-20,0.0,0.0,0.0,0.0,0.0,0.0,0.0,0.0,0.0,0.0
2015-03-23,0.0,0.0,0.0,0.0,0.0,0.0,0.0,0.0,0.0,0.0
2015-03-24,0.0,0.0,0.0,0.0,0.0,0.0,0.0,0.0,0.0,0.0
2015-03-25,0.0,0.0,0.0,0.0,0.0,0.0,0.0,0.0,0.0,0.0
2015-03-26,0.0,0.0,0.0,0.0,0.0,0.0,0.0,0.0,0.0,0.0
2015-03-27,0.0,0.0,0.0,0.0,0.0,0.0,0.0,0.0,0.0,0.0
2015-03-30,0.0,0.0,0.0,0.0,0.0,0.0,0.0,0.0,0.0,0.0
2015-03-31,0.0,0.0,0.0,0.0,0.0,0.0,0.0,0.0,0.0,0.0
2015-04-01,0.0,0.0,0.0,0.0,0.0,0.0,0.0,0.0,0.0,0.0
2015-04-02,0.0,0.0,0.0,0.0,0.0,0.0,0.0,0.0,0.0,0.0
2015-04-06,0.0,0.0,0.0,0.0,0.0,0.0,0.0,0.0,0.0,0.0
2015-04-07,0.0,0.0,0.0,0.0,0.0,0.0,0.0,0.0,0.0,0.0
2015-04-08,0.0,0.0,0.0,0.0,0.0,0.0,0.0,0.0,0.0,0.0
2015-04-09,0.0,0.0,0.0,0.0,0.0,0.0,0.0,0.0,0.0,0.0
2015-04-10,0.0,0.0,0.0,0.0,0.0,0.0,0.0,0.0,0.0,0.0
2015-04-13,0.0,0.0,0.0,0.0,0.0,0.0,0.0,0.0,0.0,0.0
2015-04-14,0.0,3.639359428245192e-06,2.8387565232660287e-06,0.0,3.011695291100122e-06,1.2007554608508042e-06,0.16086345871146754,0.16086345871146754,-0.04086345871146754,-1.0690566703462146e-05
2015-04-15,0.00024097145443597375,1.1841062861470627e-05,4.696084648946768e-06,0.0,1.0549728045466587e-05,1.5476190476190474e-06,0.2907477233494135,0.21,-0.04999999999999999,0.00021233695983247073
2015-04-16,2.071317985024294e-05,8.765953481597349e-06,2.9713593193850844e-06,0.0,7.660067119694178e-06,0.0,0.2098994465007885,0.0,0.0,1.3157999295663324e-06
2015-04-17,0.0,0.0,0.0,0.0,0.0,0.0,0.0,0.0,0.0,0.0
2015-04-20,0.0,0.0,0.0,0.0,0.0,0.0,0.0,0.0,0.0,0.0
2015-04-21,0.0,0.0,0.0,0.0,0.0,0.0,0.0,0.0,0.0,0.0
2015-04-22,0.0,1.8927571413924064e-06,1.975790563142109e-06,0.0,1.2145902383714542e-05,8.616061903943072e-07,0.1323749199931218,0.1323749199931218,-0.012374919993121805,-1.6876056278643362e-05
2015-04-23,-0.0007562491212435384,8.700618478745844e-06,6.332269108241503e-06,0.0,2.548929564151632e-05,1.6666666666666665e-06,0.4651166205478271,0.33000000000000007,0.05000000000000002,-0.0007984379711387088
2015-04-24,-0.004459376498305499,6.8078613373534375e-06,5.085488924687661e-06,0.0,1.3434149718287915e-05,0.0,0.33533164063396803,0.0,0.0,-0.004484703998285829
2015-04-27,0.0,0.0,0.0,0.0,0.0,0.0,0.0,0.0,0.0,0.0
2015-04-28,0.0,8.698255428078018e-06,6.340755744827547e-06,0.0,1.1803986169609407e-05,2.3809523809523808e-06,0.45000000000000007,0.45000000000000007,0.0500000000000001,-2.9223949723467355e-05
2015-04-29,-0.0015385582021323928,2.0368148534931474e-05,1.261372058804557e-05,0.0,2.9561008092223804e-05,2.3809523809523808e-06,0.7983736133722805,0.35,-0.05000000000000002,-0.001603482031728546
2015-04-30,0.0011984752586413094,1.1669893106853456e-05,4.922356408488248e-06,0.0,1.7663653237187274e-05,0.0,0.34623967800391764,0.0,0.0,0.0011642193558887804
2015-05-01,0.0,6.250784115606004e-06,2.8152169976759483e-06,0.0,6.797675121486616e-06,1.171234047214417e-06,0.188383659966011,0.188383659966011,-0.00838365996601102,-1.7034910281982983e-05
2015-05-04,0.0004913326494372931,6.250784115606004e-06,3.0659600183526037e-06,0.0,7.0294017466897e-06,0.0,0.1883887331311497,0.0,0.0,0.00047498650355664484
2015-05-05,0.0,0.0,0.0,0.0,0.0,0.0,0.0,0.0,0.0,0.0
2015-05-06,0.0,4.195409377053084e-06,3.5637237672484337e-06,0.0,1.0198418700984638e-05,1.5476190476190474e-06,0.21000000000000002,0.21000000000000002,-0.05,-1.95051708929052e-05
2015-05-07,-0.0006274071492304574,4.195409377053084e-06,2.506889316031542e-06,0.0,1.0038772155865832e-05,0.0,0.2082419653601491,0.0,0.0,-0.0006441482200794078
2015-05-08,0.0,0.0,0.0,0.0,0.0,0.0,0.0,0.0,0.0,0.0
2015-05-11,0.0,4.219795303578115e-06,3.1106293910777546e-06,0.0,5.541447469056949e-06,1.3095238095238098e-06,0.17,0.17,-0.05000000000000002,-1.4181395973236629e-05
2015-05-12,0.0003687356192845713,4.219795303578114e-06,1.950390428449623e-06,0.0,5.443336757966276e-06,0.0,0.16887636479203894,0.0,0.0,0.00035712209679457726
2015-05-13,0.0,0.0,0.0,0.0,0.0,0.0,0.0,0.0,0.0,0.0
2015-05-14,0.0,0.0,0.0,0.0,0.0,0.0,0.0,0.0,0.0,0.0
2015-05-15,0.0,0.0,0.0,0.0,0.0,0.0,0.0,0.0,0.0,0.0
2015-05-18,0.0,0.0,0.0,0.0,0.0,0.0,0.0,0.0,0.0,0.0
2015-05-19,0.0,3.2353749082345206e-06,3.03517408450257e-06,0.0,5.209259451344784e-06,1.3095238095238094e-06,0.16999999999999998,0.16999999999999998,-0.05,-1.2789332253605683e-05
2015-05-20,2.362225330537621e-05,3.2353749082345206e-06,1.883343877457088e-06,0.0,5.225984597499409e-06,0.0,0.17050590931492274,0.0,0.0,1.3277549922185194e-05
2015-05-21,0.0,0.0,0.0,0.0,0.0,0.0,0.0,0.0,0.0,0.0
2015-05-22,0.0,0.0,0.0,0.0,0.0,0.0,0.0,0.0,0.0,0.0
2015-05-26,0.0,0.0,0.0,0.0,0.0,0.0,0.0,0.0,0.0,0.0
2015-05-27,0.0,0.0,0.0,0.0,0.0,0.0,0.0,0.0,0.0,0.0
2015-05-28,0.0,0.0,0.0,0.0,0.0,0.0,0.0,0.0,0.0,0.0
2015-05-29,0.0,0.0,0.0,0.0,0.0,0.0,0.0,0.0,0.0,0.0
2015-06-01,0.0,0.0,0.0,0.0,0.0,0.0,0.0,0.0,0.0,0.0
2015-06-02,0.0,0.0,0.0,0.0,0.0,0.0,0.0,0.0,0.0,0.0
2015-06-03,0.0,0.0,0.0,0.0,0.0,0.0,0.0,0.0,0.0,0.0
2015-06-04,0.0,0.0,0.0,0.0,0.0,0.0,0.0,0.0,0.0,0.0
2015-06-05,0.0,0.0,0.0,0.0,0.0,0.0,0.0,0.0,0.0,0.0
2015-06-08,0.0,0.0,0.0,0.0,0.0,0.0,0.0,0.0,0.0,0.0
2015-06-09,0.0,0.0,0.0,0.0,0.0,0.0,0.0,0.0,0.0,0.0
2015-06-10,0.0,0.0,0.0,0.0,0.0,0.0,0.0,0.0,0.0,0.0
2015-06-11,0.0,0.0,0.0,0.0,0.0,0.0,0.0,0.0,0.0,0.0
2015-06-12,0.0,0.0,0.0,0.0,0.0,0.0,0.0,0.0,0.0,0.0
2015-06-15,0.0,0.0,0.0,0.0,0.0,0.0,0.0,0.0,0.0,0.0
2015-06-16,0.0,0.0,0.0,0.0,0.0,0.0,0.0,0.0,0.0,0.0
2015-06-17,0.0,0.0,0.0,0.0,0.0,0.0,0.0,0.0,0.0,0.0
2015-06-18,0.0,0.0,0.0,0.0,0.0,0.0,0.0,0.0,0.0,0.0
2015-06-19,0.0,0.0,0.0,0.0,0.0,0.0,0.0,0.0,0.0,0.0
2015-06-22,0.0,0.0,0.0,0.0,0.0,0.0,0.0,0.0,0.0,0.0
2015-06-23,0.0,0.0,0.0,0.0,0.0,0.0,0.0,0.0,0.0,0.0
2015-06-24,0.0,0.0,0.0,0.0,0.0,0.0,0.0,0.0,0.0,0.0
2015-06-25,0.0,0.0,0.0,0.0,0.0,0.0,0.0,0.0,0.0,0.0
2015-06-26,0.0,0.0,0.0,0.0,0.0,0.0,0.0,0.0,0.0,0.0
2015-06-29,0.0,0.0,0.0,0.0,0.0,0.0,0.0,0.0,0.0,0.0
2015-06-30,0.0,0.0,0.0,0.0,0.0,0.0,0.0,0.0,0.0,0.0
2015-07-01,0.0,0.0,0.0,0.0,0.0,0.0,0.0,0.0,0.0,0.0
2015-07-02,0.0,0.0,0.0,0.0,0.0,0.0,0.0,0.0,0.0,0.0
2015-07-06,0.0,0.0,0.0,0.0,0.0,0.0,0.0,0.0,0.0,0.0
2015-07-07,0.0,0.0,0.0,0.0,0.0,0.0,0.0,0.0,0.0,0.0
2015-07-08,0.0,0.0,0.0,0.0,0.0,0.0,0.0,0.0,0.0,0.0
2015-07-09,0.0,0.0,0.0,0.0,0.0,0.0,0.0,0.0,0.0,0.0
2015-07-10,0.0,0.0,0.0,0.0,0.0,0.0,0.0,0.0,0.0,0.0
2015-07-13,0.0,0.0,0.0,0.0,0.0,0.0,0.0,0.0,0.0,0.0
2015-07-14,0.0,0.0,0.0,0.0,0.0,0.0,0.0,0.0,0.0,0.0
2015-07-15,0.0,0.0,0.0,0.0,0.0,0.0,0.0,0.0,0.0,0.0
2015-07-16,0.0,2.7068468053663705e-06,1.778357195772392e-06,0.0,5.174493498611287e-06,7.142857142857143e-07,0.16164566602521063,0.16164566602521063,0.04164566602521063,-1.0373983214035764e-05
2015-07-17,1.4805037614565826e-05,2.7068468053663705e-06,2.8371526463826684e-06,0.0,5.426333092772997e-06,0.0,0.16203609710623088,0.0,0.0,3.83470507004379e-06
2015-07-20,0.0,0.0,0.0,0.0,0.0,0.0,0.0,0.0,0.0,0.0
2015-07-21,0.0,0.0,0.0,0.0,0.0,0.0,0.0,0.0,0.0,0.0
2015-07-22,0.0,8.709520876277209e-06,2.8701425878981923e-06,0.0,1.7238437745980953e-05,7.142857142857143e-07,0.1487722435002888,0.1487722435002888,0.02877224350028882,-2.9532386924442066e-05
2015-07-23,-0.0008797129775211066,1.4507821585700616e-05,7.894266477523662e-06,0.0,2.7774263007057754e-05,2.3809523809523808e-06,0.49917184821999583,0.35,-0.05,-0.0009322702809723411
2015-07-24,0.0010584640684904874,8.629069506835068e-06,5.4419445006957296e-06,0.0,1.5809330501432226e-05,1.3095238095238096e-06,0.3702179124691769,0.16999999999999998,-0.05,0.0010272742001720006
2015-07-27,0.0004665401800868085,3.824117156157301e-06,2.03386351268217e-06,0.0,5.617208961505158e-06,0.0,0.17062404908992201,0.0,0.0,0.0004550649904564639
2015-07-28,0.0,1.6083574940001524e-06,1.7676002450604993e-06,0.0,5.758613668756001e-06,7.142857142857143e-07,0.16999999999999998,0.16999999999999998,0.05000000000000001,-9.848857122102368e-06
2015-07-29,-0.0014449590863338908,4.774780005112416e-06,5.8848226791089875e-06,0.0,1.4664075342098078e-05,1.3095238095238096e-06,0.34112817615642915,0.17,-0.05,-0.001471592288169734
2015-07-30,0.00015821135237388081,1.5896373371781282e-05,8.76106291768219e-06,0.0,3.2129055212946584e-05,2.6190476190476192e-06,0.6598640603625481,0.48999999999999994,0.04999999999999999,9.880581325242314e-05
2015-07-31,-0.003944269504496857,1.2729950860669019e-05,7.766148021372033e-06,0.0,2.263994465451605e-05,0.0,0.48706935844926547,0.0,0.0,-0.003987405548033414
2015-08-03,0.0,0.0,0.0,0.0,0.0,0.0,0.0,0.0,0.0,0.0
2015-08-04,0.0,0.0,0.0,0.0,0.0,0.0,0.0,0.0,0.0,0.0
2015-08-05,0.0,6.572269096714492e-06,2.3598181818181813e-06,0.0,1.2551103045914546e-05,7.142857142857143e-07,0.16999999999999998,0.16999999999999998,0.05,-2.2197476038732933e-05
2015-08-06,0.004244760395108327,6.572269096714492e-06,3.1664931484035974e-06,0.0,1.2677261827688578e-05,0.0,0.1722167883671363,0.0,0.0,0.00422234437103552
2015-08-07,0.0,0.0,0.0,0.0,0.0,0.0,0.0,0.0,0.0,0.0
2015-08-10,0.0,6.1656487236013025e-06,1.9424665461121154e-06,0.0,5.0434293389117846e-06,7.142857142857143e-07,0.16999999999999998,0.16999999999999998,0.04999999999999999,-1.3865830322910917e-05
2015-08-11,-0.002112233820618061,6.1656487236013025e-06,3.412893297286836e-06,0.0,4.968798035331233e-06,0.0,0.16916263055551212,0.0,0.0,-0.0021267811606742806
2015-08-12,0.0,0.0,0.0,0.0,0.0,0.0,0.0,0.0,0.0,0.0
2015-08-13,0.0,0.0,0.0,0.0,0.0,0.0,0.0,0.0,0.0,0.0
2015-08-14,0.0,0.0,0.0,0.0,0.0,0.0,0.0,0.0,0.0,0.0
2015-08-17,0.0,0.0,0.0,0.0,0.0,0.0,0.0,0.0,0.0,0.0
2015-08-18,0.0,0.0,0.0,0.0,0.0,0.0,0.0,0.0,0.0,0.0
2015-08-19,0.0,0.0,0.0,0.0,0.0,0.0,0.0,0.0,0.0,0.0
2015-08-20,0.0,0.0,0.0,0.0,0.0,0.0,0.0,0.0,0.0,0.0
2015-08-21,0.0,0.0,0.0,0.0,0.0,0.0,0.0,0.0,0.0,0.0
2015-08-24,0.0,0.0,0.0,0.0,0.0,0.0,0.0,0.0,0.0,0.0
2015-08-25,0.0,0.0,0.0,0.0,0.0,0.0,0.0,0.0,0.0,0.0
2015-08-26,0.0,0.0,0.0,0.0,0.0,0.0,0.0,0.0,0.0,0.0
2015-08-27,0.0,0.0,0.0,0.0,0.0,0.0,0.0,0.0,0.0,0.0
2015-08-28,0.0,0.0,0.0,0.0,0.0,0.0,0.0,0.0,0.0,0.0
2015-08-31,0.0,0.0,0.0,0.0,0.0,0.0,0.0,0.0,0.0,0.0
2015-09-01,0.0,0.0,0.0,0.0,0.0,0.0,0.0,0.0,0.0,0.0
2015-09-02,0.0,0.0,0.0,0.0,0.0,0.0,0.0,0.0,0.0,0.0
2015-09-03,0.0,0.0,0.0,0.0,0.0,0.0,0.0,0.0,0.0,0.0
2015-09-04,0.0,0.0,0.0,0.0,0.0,0.0,0.0,0.0,0.0,0.0
2015-09-08,0.0,0.0,0.0,0.0,0.0,0.0,0.0,0.0,0.0,0.0
2015-09-09,0.0,0.0,0.0,0.0,0.0,0.0,0.0,0.0,0.0,0.0
2015-09-10,0.0,0.0,0.0,0.0,0.0,0.0,0.0,0.0,0.0,0.0
2015-09-11,0.0,0.0,0.0,0.0,0.0,0.0,0.0,0.0,0.0,0.0
2015-09-14,0.0,0.0,0.0,0.0,0.0,0.0,0.0,0.0,0.0,0.0
2015-09-15,0.0,0.0,0.0,0.0,0.0,0.0,0.0,0.0,0.0,0.0
2015-09-16,0.0,0.0,0.0,0.0,0.0,0.0,0.0,0.0,0.0,0.0
2015-09-17,0.0,0.0,0.0,0.0,0.0,0.0,0.0,0.0,0.0,0.0
2015-09-18,0.0,0.0,0.0,0.0,0.0,0.0,0.0,0.0,0.0,0.0
2015-09-21,0.0,0.0,0.0,0.0,0.0,0.0,0.0,0.0,0.0,0.0
2015-09-22,0.0,0.0,0.0,0.0,0.0,0.0,0.0,0.0,0.0,0.0
2015-09-23,0.0,0.0,0.0,0.0,0.0,0.0,0.0,0.0,0.0,0.0
2015-09-24,0.0,0.0,0.0,0.0,0.0,0.0,0.0,0.0,0.0,0.0
2015-09-25,0.0,0.0,0.0,0.0,0.0,0.0,0.0,0.0,0.0,0.0
2015-09-28,0.0,0.0,0.0,0.0,0.0,0.0,0.0,0.0,0.0,0.0
2015-09-29,0.0,0.0,0.0,0.0,0.0,0.0,0.0,0.0,0.0,0.0
2015-09-30,0.0,0.0,0.0,0.0,0.0,0.0,0.0,0.0,0.0,0.0
2015-10-01,0.0,0.0,0.0,0.0,0.0,0.0,0.0,0.0,0.0,0.0
2015-10-02,0.0,0.0,0.0,0.0,0.0,0.0,0.0,0.0,0.0,0.0
2015-10-05,0.0,0.0,0.0,0.0,0.0,0.0,0.0,0.0,0.0,0.0
2015-10-06,0.0,0.0,0.0,0.0,0.0,0.0,0.0,0.0,0.0,0.0
2015-10-07,0.0,0.0,0.0,0.0,0.0,0.0,0.0,0.0,0.0,0.0
2015-10-08,0.0,0.0,0.0,0.0,0.0,0.0,0.0,0.0,0.0,0.0
2015-10-09,0.0,0.0,0.0,0.0,0.0,0.0,0.0,0.0,0.0,0.0
2015-10-12,0.0,0.0,0.0,0.0,0.0,0.0,0.0,0.0,0.0,0.0
2015-10-13,0.0,0.0,0.0,0.0,0.0,0.0,0.0,0.0,0.0,0.0
2015-10-14,0.0,1.5636241105294866e-05,6.090551430616793e-06,0.0,1.5265256312133522e-05,1.986842571059335e-06,0.3068947759689841,0.3068947759689841,-0.026894775968984135,-3.897889141910452e-05
2015-10-15,-0.0015172508376482387,1.5636241105294866e-05,4.430953179092198e-06,0.0,1.5577523360961946e-05,0.0,0.31296903129662446,0.0,0.0,-0.0015528955552935877
2015-10-16,0.0,6.017256559374832e-06,2.48119209998411e-06,0.0,9.054430536581982e-06,9.418606561770268e-07,0.13911629511887025,0.13911629511887025,-0.019116295118870245,-1.8494739852117948e-05
2015-10-19,0.0006502137479478923,6.017256559374832e-06,2.0912258290863008e-06,0.0,9.130457455208758e-06,0.0,0.13901676973137292,0.0,0.0,0.0006329748081042223
2015-10-20,0.0,1.3285000804867209e-05,4.8299760022585326e-06,0.0,3.114245112284584e-05,1.6666666666666665e-06,0.2844144923359183,0.2844144923359183,0.004414492335918334,-5.092409459663825e-05
2015-10-21,-0.00027824090849545055,4.864408116348907e-05,1.246345186457705e-05,0.0,8.493060627310472e-05,3.2142857142857147e-06,0.7715835944198276,0.49,-0.049999999999999996,-0.0004274933335109071
2015-10-22,-0.0038046794847877343,5.5602314915069655e-05,2.0865772285394683e-05,0.0,0.00010374991429166606,3.5714285714285718e-06,1.1515777861804721,0.65,0.04999999999999999,-0.003988468914851293
2015-10-23,0.015005627512357152,2.024323455644779e-05,9.937625946328583e-06,0.0,4.855236822087828e-05,0.0,0.6443724534779407,0.0,0.0,0.014926894283633498
2015-10-26,0.0,0.0,0.0,0.0,0.0,0.0,0.0,0.0,0.0,0.0
2015-10-27,0.0,0.0,0.0,0.0,0.0,0.0,0.0,0.0,0.0,0.0
2015-10-28,0.0,1.131019832278056e-05,6.735677441737673e-06,0.0,3.46525733213691e-05,2.7380952380952382e-06,0.41,0.41,-0.04999999999999999,-5.5436544323982564e-05
2015-10-29,0.009891352228922318,1.2329166358161349e-05,7.80694943499067e-06,0.0,5.036118741300525e-05,1.5476190476190476e-06,0.5189985603868577,0.21,-0.05,0.00981930730666854
2015-10-30,-0.0001221914452412001,1.779801153739261e-06,2.294567202394228e-06,0.0,1.3855804635215077e-05,0.0,0.20830876511568583,0.0,0.0,-0.00014012161823254865
2015-11-02,0.0,0.0,0.0,0.0,0.0,0.0,0.0,0.0,0.0,0.0
2015-11-03,0.0,0.0,0.0,0.0,0.0,0.0,0.0,0.0,0.0,0.0
2015-11-04,0.0,0.0,0.0,0.0,0.0,0.0,0.0,0.0,0.0,0.0
2015-11-05,0.0,0.0,0.0,0.0,0.0,0.0,0.0,0.0,0.0,0.0
2015-11-06,0.0,0.0,0.0,0.0,0.0,0.0,0.0,0.0,0.0,0.0
2015-11-09,0.0,0.0,0.0,0.0,0.0,0.0,0.0,0.0,0.0,0.0
2015-11-10,0.0,0.0,0.0,0.0,0.0,0.0,0.0,0.0,0.0,0.0
2015-11-11,0.0,0.0,0.0,0.0,0.0,0.0,0.0,0.0,0.0,0.0
2015-11-12,0.0,0.0,0.0,0.0,0.0,0.0,0.0,0.0,0.0,0.0
2015-11-13,0.0,0.0,0.0,0.0,0.0,0.0,0.0,0.0,0.0,0.0
2015-11-16,0.0,0.0,0.0,0.0,0.0,0.0,0.0,0.0,0.0,0.0
2015-11-17,0.0,0.0,0.0,0.0,0.0,0.0,0.0,0.0,0.0,0.0
2015-11-18,0.0,0.0,0.0,0.0,0.0,0.0,0.0,0.0,0.0,0.0
2015-11-19,0.0,0.0,0.0,0.0,0.0,0.0,0.0,0.0,0.0,0.0
2015-11-20,0.0,0.0,0.0,0.0,0.0,0.0,0.0,0.0,0.0,0.0
2015-11-23,0.0,0.0,0.0,0.0,0.0,0.0,0.0,0.0,0.0,0.0
2015-11-24,0.0,0.0,0.0,0.0,0.0,0.0,0.0,0.0,0.0,0.0
2015-11-25,0.0,0.0,0.0,0.0,0.0,0.0,0.0,0.0,0.0,0.0
2015-11-30,0.0,0.0,0.0,0.0,0.0,0.0,0.0,0.0,0.0,0.0
2015-12-01,0.0,0.0,0.0,0.0,0.0,0.0,0.0,0.0,0.0,0.0
2015-12-02,0.0,0.0,0.0,0.0,0.0,0.0,0.0,0.0,0.0,0.0
2015-12-03,0.0,0.0,0.0,0.0,0.0,0.0,0.0,0.0,0.0,0.0
2015-12-04,0.0,0.0,0.0,0.0,0.0,0.0,0.0,0.0,0.0,0.0
2015-12-07,0.0,0.0,0.0,0.0,0.0,0.0,0.0,0.0,0.0,0.0
2015-12-08,0.0,0.0,0.0,0.0,0.0,0.0,0.0,0.0,0.0,0.0
2015-12-09,0.0,0.0,0.0,0.0,0.0,0.0,0.0,0.0,0.0,0.0
2015-12-10,0.0,0.0,0.0,0.0,0.0,0.0,0.0,0.0,0.0,0.0
2015-12-11,0.0,0.0,0.0,0.0,0.0,0.0,0.0,0.0,0.0,0.0
2015-12-14,0.0,0.0,0.0,0.0,0.0,0.0,0.0,0.0,0.0,0.0
2015-12-15,0.0,0.0,0.0,0.0,0.0,0.0,0.0,0.0,0.0,0.0
2015-12-16,0.0,0.0,0.0,0.0,0.0,0.0,0.0,0.0,0.0,0.0
2015-12-17,0.0,0.0,0.0,0.0,0.0,0.0,0.0,0.0,0.0,0.0
2015-12-18,0.0,0.0,0.0,0.0,0.0,0.0,0.0,0.0,0.0,0.0
2015-12-21,0.0,0.0,0.0,0.0,0.0,0.0,0.0,0.0,0.0,0.0
2015-12-22,0.0,0.0,0.0,0.0,0.0,0.0,0.0,0.0,0.0,0.0
2015-12-23,0.0,0.0,0.0,0.0,0.0,0.0,0.0,0.0,0.0,0.0
2015-12-28,0.0,0.0,0.0,0.0,0.0,0.0,0.0,0.0,0.0,0.0
2015-12-29,0.0,0.0,0.0,0.0,0.0,0.0,0.0,0.0,0.0,0.0
2015-12-30,0.0,0.0,0.0,0.0,0.0,0.0,0.0,0.0,0.0,0.0
2015-12-31,0.0,0.0,0.0,0.0,0.0,0.0,0.0,0.0,0.0,0.0
2016-01-04,0.0,0.0,0.0,0.0,0.0,0.0,0.0,0.0,0.0,0.0
2016-01-05,0.0,0.0,0.0,0.0,0.0,0.0,0.0,0.0,0.0,0.0
2016-01-06,0.0,0.0,0.0,0.0,0.0,0.0,0.0,0.0,0.0,0.0
2016-01-07,0.0,0.0,0.0,0.0,0.0,0.0,0.0,0.0,0.0,0.0
2016-01-08,0.0,0.0,0.0,0.0,0.0,0.0,0.0,0.0,0.0,0.0
2016-01-11,0.0,0.0,0.0,0.0,0.0,0.0,0.0,0.0,0.0,0.0
2016-01-12,0.0,0.0,0.0,0.0,0.0,0.0,0.0,0.0,0.0,0.0
2016-01-13,0.0,0.0,0.0,0.0,0.0,0.0,0.0,0.0,0.0,0.0
2016-01-14,0.0,0.0,0.0,0.0,0.0,0.0,0.0,0.0,0.0,0.0
2016-01-15,0.0,0.0,0.0,0.0,0.0,0.0,0.0,0.0,0.0,0.0
2016-01-19,0.0,7.668264403343865e-06,2.717076376554174e-06,0.0,6.645951836537211e-06,7.142857142857143e-07,0.16999999999999998,0.16999999999999998,0.05,-1.7745578330720963e-05
2016-01-20,0.000743324160042824,1.1744588535765998e-05,6.527617463261971e-06,0.0,1.4015902717985016e-05,1.5476190476190474e-06,0.3761607309095988,0.21,-0.05000000000000001,0.000709488432278192
2016-01-21,-0.0013981225654593702,4.0763241324221325e-06,2.374800295484391e-06,0.0,7.247047837427606e-06,0.0,0.20715267388221142,0.0,0.0,-0.0014118207377247043
2016-01-22,0.0,0.0,0.0,0.0,0.0,0.0,0.0,0.0,0.0,0.0
2016-01-25,0.0,0.0,0.0,0.0,0.0,0.0,0.0,0.0,0.0,0.0
2016-01-26,0.0,0.0,0.0,0.0,0.0,0.0,0.0,0.0,0.0,0.0
2016-01-27,0.0,0.0,0.0,0.0,0.0,0.0,0.0,0.0,0.0,0.0
2016-01-28,0.0,7.933068710702765e-06,4.218312831604863e-06,0.0,3.4056861121606287e-05,1.6666666666666665e-06,0.29297793183640164,0.29297793183640164,0.012977931836401627,-4.7874909330580584e-05
2016-01-29,-0.0011844473455107315,2.3908045130676857e-05,9.395461817843667e-06,0.0,4.814806786772844e-05,2.0238095238095237e-06,0.5917502036073347,0.29,-0.05,-0.00126792272985079
2016-02-01,0.0009588447965123239,1.5974976419974093e-05,5.421739842128254e-06,0.0,1.2461296734521875e-05,0.0,0.28990604006761844,0.0,0.0,0.0009249867835156997
2016-02-02,0.0,5.386578616138047e-06,3.830723548501717e-06,0.0,1.5159482470995927e-05,1.537463234364984e-06,0.20914691168665864,0.20914691168665864,-0.049146911686658655,-2.5914247870000674e-05
2016-02-03,-0.0020140947012455943,5.386578616138047e-06,2.4596482816803214e-06,0.0,1.5842236464558555e-05,0.0,0.21223277672283247,0.0,0.0,-0.0020377831646079714
2016-02-04,0.0,0.0,0.0,0.0,0.0,0.0,0.0,0.0,0.0,0.0
2016-02-05,0.0,0.0,0.0,0.0,0.0,0.0,0.0,0.0,0.0,0.0
2016-02-08,0.0,0.0,0.0,0.0,0.0,0.0,0.0,0.0,0.0,0.0
2016-02-09,0.0,0.0,0.0,0.0,0.0,0.0,0.0,0.0,0.0,0.0
2016-02-10,0.0,0.0,0.0,0.0,0.0,0.0,0.0,0.0,0.0,0.0
2016-02-11,0.0,0.0,0.0,0.0,0.0,0.0,0.0,0.0,0.0,0.0
2016-02-12,0.0,0.0,0.0,0.0,0.0,0.0,0.0,0.0,0.0,0.0
2016-02-16,0.0,5.200526305349526e-06,2.3469536878216126e-06,0.0,2.2958200456046086e-06,7.142857142857143e-07,0.16999999999999998,0.16999999999999998,0.049999999999999996,-1.0557585753061461e-05
2016-02-17,0.0019938930492254935,5.200526305349526e-06,2.9215393836700773e-06,0.0,2.3223784783861382e-06,0.0,0.1713077867027418,0.0,0.0,0.001983448605058088
2016-02-18,0.0,1.3639185214094632e-05,6.257638363507383e-06,0.0,2.8870517500612176e-05,2.608567520549446e-06,0.3991196717261535,0.3991196717261535,-0.03911967172615348,-5.137590859876364e-05
2016-02-19,-0.0036859281397285844,1.3639185214094632e-05,6.151331026685559e-06,0.0,2.8673293367980677e-05,0.0,0.3939475261608055,0.0,0.0,-0.0037343919493373454
2016-02-22,0.0,0.0,0.0,0.0,0.0,0.0,0.0,0.0,0.0,0.0
2016-02-23,0.0,0.0,0.0,0.0,0.0,0.0,0.0,0.0,0.0,0.0
2016-02-24,0.0,0.0,0.0,0.0,0.0,0.0,0.0,0.0,0.0,0.0
2016-02-25,0.0,0.0,0.0,0.0,0.0,0.0,0.0,0.0,0.0,0.0
2016-02-26,0.0,0.0,0.0,0.0,0.0,0.0,0.0,0.0,0.0,0.0
2016-02-29,0.0,0.0,0.0,0.0,0.0,0.0,0.0,0.0,0.0,0.0
2016-03-01,0.0,0.0,0.0,0.0,0.0,0.0,0.0,0.0,0.0,0.0
2016-03-02,0.0,0.0,0.0,0.0,0.0,0.0,0.0,0.0,0.0,0.0
2016-03-03,0.0,0.0,0.0,0.0,0.0,0.0,0.0,0.0,0.0,0.0
2016-03-04,0.0,0.0,0.0,0.0,0.0,0.0,0.0,0.0,0.0,0.0
2016-03-07,0.0,0.0,0.0,0.0,0.0,0.0,0.0,0.0,0.0,0.0
2016-03-08,0.0,0.0,0.0,0.0,0.0,0.0,0.0,0.0,0.0,0.0
2016-03-09,0.0,0.0,0.0,0.0,0.0,0.0,0.0,0.0,0.0,0.0
2016-03-10,0.0,0.0,0.0,0.0,0.0,0.0,0.0,0.0,0.0,0.0
2016-03-11,0.0,0.0,0.0,0.0,0.0,0.0,0.0,0.0,0.0,0.0
2016-03-14,0.0,0.0,0.0,0.0,0.0,0.0,0.0,0.0,0.0,0.0
2016-03-15,0.0,0.0,0.0,0.0,0.0,0.0,0.0,0.0,0.0,0.0
2016-03-16,0.0,0.0,0.0,0.0,0.0,0.0,0.0,0.0,0.0,0.0
2016-03-17,0.0,0.0,0.0,0.0,0.0,0.0,0.0,0.0,0.0,0.0
2016-03-18,0.0,0.0,0.0,0.0,0.0,0.0,0.0,0.0,0.0,0.0
2016-03-21,0.0,0.0,0.0,0.0,0.0,0.0,0.0,0.0,0.0,0.0
2016-03-22,0.0,0.0,0.0,0.0,0.0,0.0,0.0,0.0,0.0,0.0
2016-03-23,0.0,0.0,0.0,0.0,0.0,0.0,0.0,0.0,0.0,0.0
2016-03-24,0.0,0.0,0.0,0.0,0.0,0.0,0.0,0.0,0.0,0.0
2016-03-28,0.0,0.0,0.0,0.0,0.0,0.0,0.0,0.0,0.0,0.0
2016-03-29,0.0,0.0,0.0,0.0,0.0,0.0,0.0,0.0,0.0,0.0
2016-03-30,0.0,0.0,0.0,0.0,0.0,0.0,0.0,0.0,0.0,0.0
2016-03-31,0.0,0.0,0.0,0.0,0.0,0.0,0.0,0.0,0.0,0.0
2016-04-01,0.0,0.0,0.0,0.0,0.0,0.0,0.0,0.0,0.0,0.0
2016-04-04,0.0,0.0,0.0,0.0,0.0,0.0,0.0,0.0,0.0,0.0
2016-04-05,0.0,0.0,0.0,0.0,0.0,0.0,0.0,0.0,0.0,0.0
2016-04-06,0.0,0.0,0.0,0.0,0.0,0.0,0.0,0.0,0.0,0.0
2016-04-07,0.0,0.0,0.0,0.0,0.0,0.0,0.0,0.0,0.0,0.0
2016-04-08,0.0,0.0,0.0,0.0,0.0,0.0,0.0,0.0,0.0,0.0
2016-04-11,0.0,0.0,0.0,0.0,0.0,0.0,0.0,0.0,0.0,0.0
2016-04-12,0.0,0.0,0.0,0.0,0.0,0.0,0.0,0.0,0.0,0.0
2016-04-13,0.0,0.0,0.0,0.0,0.0,0.0,0.0,0.0,0.0,0.0
2016-04-14,0.0,1.0621416392967443e-05,3.559605832306407e-06,0.0,6.1199644510144205e-06,1.5476190476190476e-06,0.21000000000000002,0.21000000000000002,-0.05,-2.1848605723907316e-05
2016-04-15,-0.00018543684402656186,1.0621416392967444e-05,3.5646211732276246e-06,0.0,6.07516829394914e-06,0.0,0.20861680939304617,0.0,0.0,-0.00020569804988670608
2016-04-18,0.0,0.0,0.0,0.0,0.0,0.0,0.0,0.0,0.0,0.0
2016-04-19,0.0,0.0,0.0,0.0,0.0,0.0,0.0,0.0,0.0,0.0
2016-04-20,0.0,1.470350397126345e-05,5.889419628619982e-06,0.0,1.3743097405196991e-05,2.0238095238095237e-06,0.29000000000000004,0.29000000000000004,-0.05,-3.6359830528889946e-05
2016-04-21,0.0005970595839895293,2.63944725220235e-05,8.170864001484327e-06,0.0,4.415998933605354e-05,1.690335071452656e-06,0.5662536404906096,0.2819881460020231,-0.0019881460020231487,0.0005166439230585153
2016-04-22,-0.004450256088436637,1.1717912762205394e-05,4.901817225240442e-06,0.0,3.1279075021623926e-05,0.0,0.2840950244188324,0.0,0.0,-0.004498154893445707
2016-04-25,0.0,0.0,0.0,0.0,0.0,0.0,0.0,0.0,0.0,0.0
2016-04-26,0.0,0.0,0.0,0.0,0.0,0.0,0.0,0.0,0.0,0.0
2016-04-27,0.0,8.706823170695185e-06,5.885537470385565e-06,0.0,2.7209502424055552e-05,2.3668901626660176e-06,0.35881877366394543,0.35881877366394543,-0.03881877366394553,-4.4168753227802316e-05
2016-04-28,0.0025386038475717597,3.315804048781382e-05,1.6706973838355427e-05,0.0,8.207066236174684e-05,5.595238095238095e-06,1.165715647055739,0.8899999999999998,-0.04999999999999993,0.0024010729327886057
2016-04-29,0.004884304105843399,3.1572911868823575e-05,1.8098757654411098e-05,0.0,7.653632188888085e-05,1.7662054590347111e-06,1.1542826200297147,0.2883612585589157,-0.008361258558915757,0.004756329908972249
2016-05-02,0.0012998186632022723,6.71132178479776e-06,4.213407127146746e-06,0.0,2.2805143094642942e-05,0.0,0.29038589332324316,0.0,0.0,0.0012660887911956848
2016-05-03,0.0,9.577610347831182e-06,6.920177406399828e-06,0.0,3.0344244426999528e-05,2.9761904761904767e-06,0.45000000000000007,0.45000000000000007,-0.050000000000000024,-4.9818222657421014e-05
2016-05-04,-0.0005929356978702689,9.969680349664692e-06,6.673879094528518e-06,0.0,3.5098357561180075e-05,1.3095238095238096e-06,0.4365856591315097,0.16999999999999998,-0.05,-0.000645987138685166
2016-05-05,-0.0010414630882540255,6.134781440376645e-06,4.158492215767715e-06,0.0,2.2219988151101518e-05,2.0238095238095237e-06,0.2804922458755512,0.29,-0.04999999999999999,-0.001076000159585081
2016-05-06,0.0015086840733139221,9.620539082844278e-06,5.5334765170399426e-06,0.0,2.1979193027701605e-05,7.142857142857143e-07,0.4626535677005801,0.16999999999999998,0.05,0.0014708365789720505
2016-05-09,-0.00041779953584924383,3.877827644301147e-06,3.1068125626279886e-06,0.0,5.173876428425631e-06,0.0,0.16988289437317156,0.0,0.0,-0.0004299580524845986
2016-05-10,0.0,0.0,0.0,0.0,0.0,0.0,0.0,0.0,0.0,0.0
2016-05-11,0.0,0.0,0.0,0.0,0.0,0.0,0.0,0.0,0.0,0.0
2016-05-12,0.0,0.0,0.0,0.0,0.0,0.0,0.0,0.0,0.0,0.0
2016-05-13,0.0,0.0,0.0,0.0,0.0,0.0,0.0,0.0,0.0,0.0
2016-05-16,0.0,0.0,0.0,0.0,0.0,0.0,0.0,0.0,0.0,0.0
2016-05-17,0.0,0.0,0.0,0.0,0.0,0.0,0.0,0.0,0.0,0.0
2016-05-18,0.0,0.0,0.0,0.0,0.0,0.0,0.0,0.0,0.0,0.0
2016-05-19,0.0,0.0,0.0,0.0,0.0,0.0,0.0,0.0,0.0,0.0
2016-05-20,0.0,0.0,0.0,0.0,0.0,0.0,0.0,0.0,0.0,0.0
2016-05-23,0.0,0.0,0.0,0.0,0.0,0.0,0.0,0.0,0.0,0.0
2016-05-24,0.0,0.0,0.0,0.0,0.0,0.0,0.0,0.0,0.0,0.0
2016-05-25,0.0,0.0,0.0,0.0,0.0,0.0,0.0,0.0,0.0,0.0
2016-05-26,0.0,0.0,0.0,0.0,0.0,0.0,0.0,0.0,0.0,0.0
2016-05-27,0.0,0.0,0.0,0.0,0.0,0.0,0.0,0.0,0.0,0.0
2016-05-31,0.0,0.0,0.0,0.0,0.0,0.0,0.0,0.0,0.0,0.0
2016-06-01,0.0,0.0,0.0,0.0,0.0,0.0,0.0,0.0,0.0,0.0
2016-06-02,0.0,0.0,0.0,0.0,0.0,0.0,0.0,0.0,0.0,0.0
2016-06-03,0.0,0.0,0.0,0.0,0.0,0.0,0.0,0.0,0.0,0.0
2016-06-06,0.0,0.0,0.0,0.0,0.0,0.0,0.0,0.0,0.0,0.0
2016-06-07,0.0,0.0,0.0,0.0,0.0,0.0,0.0,0.0,0.0,0.0
2016-06-08,0.0,0.0,0.0,0.0,0.0,0.0,0.0,0.0,0.0,0.0
2016-06-09,0.0,0.0,0.0,0.0,0.0,0.0,0.0,0.0,0.0,0.0
2016-06-10,0.0,0.0,0.0,0.0,0.0,0.0,0.0,0.0,0.0,0.0
2016-06-13,0.0,0.0,0.0,0.0,0.0,0.0,0.0,0.0,0.0,0.0
2016-06-14,0.0,0.0,0.0,0.0,0.0,0.0,0.0,0.0,0.0,0.0
2016-06-15,0.0,0.0,0.0,0.0,0.0,0.0,0.0,0.0,0.0,0.0
2016-06-16,0.0,0.0,0.0,0.0,0.0,0.0,0.0,0.0,0.0,0.0
2016-06-17,0.0,0.0,0.0,0.0,0.0,0.0,0.0,0.0,0.0,0.0
2016-06-20,0.0,0.0,0.0,0.0,0.0,0.0,0.0,0.0,0.0,0.0
2016-06-21,0.0,0.0,0.0,0.0,0.0,0.0,0.0,0.0,0.0,0.0
2016-06-22,0.0,0.0,0.0,0.0,0.0,0.0,0.0,0.0,0.0,0.0
2016-06-23,0.0,0.0,0.0,0.0,0.0,0.0,0.0,0.0,0.0,0.0
2016-06-24,0.0,0.0,0.0,0.0,0.0,0.0,0.0,0.0,0.0,0.0
2016-06-27,0.0,0.0,0.0,0.0,0.0,0.0,0.0,0.0,0.0,0.0
2016-06-28,0.0,0.0,0.0,0.0,0.0,0.0,0.0,0.0,0.0,0.0
2016-06-29,0.0,0.0,0.0,0.0,0.0,0.0,0.0,0.0,0.0,0.0
2016-06-30,0.0,0.0,0.0,0.0,0.0,0.0,0.0,0.0,0.0,0.0
2016-07-01,0.0,0.0,0.0,0.0,0.0,0.0,0.0,0.0,0.0,0.0
2016-07-05,0.0,0.0,0.0,0.0,0.0,0.0,0.0,0.0,0.0,0.0
2016-07-06,0.0,0.0,0.0,0.0,0.0,0.0,0.0,0.0,0.0,0.0
2016-07-07,0.0,0.0,0.0,0.0,0.0,0.0,0.0,0.0,0.0,0.0
2016-07-08,0.0,0.0,0.0,0.0,0.0,0.0,0.0,0.0,0.0,0.0
2016-07-11,0.0,0.0,0.0,0.0,0.0,0.0,0.0,0.0,0.0,0.0
2016-07-12,0.0,0.0,0.0,0.0,0.0,0.0,0.0,0.0,0.0,0.0
2016-07-13,0.0,0.0,0.0,0.0,0.0,0.0,0.0,0.0,0.0,0.0
2016-07-14,0.0,0.0,0.0,0.0,0.0,0.0,0.0,0.0,0.0,0.0
2016-07-15,0.0,0.0,0.0,0.0,0.0,0.0,0.0,0.0,0.0,0.0
2016-07-18,0.0,0.0,0.0,0.0,0.0,0.0,0.0,0.0,0.0,0.0
2016-07-19,0.0,0.0,0.0,0.0,0.0,0.0,0.0,0.0,0.0,0.0
2016-07-20,0.0,0.0,0.0,0.0,0.0,0.0,0.0,0.0,0.0,0.0
2016-07-21,0.0,6.338286596913425e-06,2.4269465410957293e-06,0.0,1.2063862150951699e-05,1.0421704234871516e-06,0.14754231557292072,0.14754231557292072,-0.027542315572920723,-2.1871265712448004e-05
2016-07-22,-0.0005999860886603441,8.512971536817119e-06,4.144461846841607e-06,0.0,1.886496379010067e-05,8.611722652485279e-07,0.25645204204917194,0.13233847028087634,-0.012338470280876347,-0.0006323696580993521
2016-07-25,-0.0009717249990788869,2.33470833181995e-06,1.7212505755244933e-06,0.0,6.681733597012756e-06,0.0,0.13185741077632324,0.0,0.0,-0.0009824626915832441
2016-07-26,0.0,0.0,0.0,0.0,0.0,0.0,0.0,0.0,0.0,0.0
2016-07-27,0.0,1.9000779263912572e-06,3.404111001975539e-06,0.0,3.7174429455142045e-06,1.5476190476190476e-06,0.21,0.21,-0.05000000000000002,-1.056925092150005e-05
2016-07-28,-0.0008237914304356961,1.9254352425686737e-05,1.3485169779123872e-05,0.0,6.167602031869324e-05,4.166666666666667e-06,0.9593392273736251,0.75,0.05000000000000002,-0.0009223736396258667
2016-07-29,-0.003942456031318284,1.9652211329532288e-05,1.1721495109367885e-05,0.0,6.36614392763657e-05,7.142857142857143e-07,0.835588690835334,0.15859876256453065,0.03859876256453067,-0.004038205462747836
2016-08-01,0.0003041393124524444,2.7988129056889456e-06,2.8092774281305466e-06,0.0,4.687157742265734e-06,0.0,0.15965113972263645,0.0,0.0,0.00029384406437635914
2016-08-02,0.0,2.8567058659959325e-06,2.995183382298329e-06,0.0,3.4177363747305066e-06,1.3095238095238096e-06,0.16999999999999998,0.16999999999999998,-0.05,-1.0579149432548578e-05
2016-08-03,-0.0011493787882072067,2.8567058659959325e-06,1.8439661424526066e-06,0.0,3.4355887784759706e-06,0.0,0.17005995527481638,0.0,0.0,-0.0011575150489941313
2016-08-04,0.0,0.0,0.0,0.0,0.0,0.0,0.0,0.0,0.0,0.0
2016-08-05,0.0,0.0,0.0,0.0,0.0,0.0,0.0,0.0,0.0,0.0
2016-08-08,0.0,0.0,0.0,0.0,0.0,0.0,0.0,0.0,0.0,0.0
2016-08-09,0.0,0.0,0.0,0.0,0.0,0.0,0.0,0.0,0.0,0.0
2016-08-10,0.0,0.0,0.0,0.0,0.0,0.0,0.0,0.0,0.0,0.0
2016-08-11,0.0,0.0,0.0,0.0,0.0,0.0,0.0,0.0,0.0,0.0
2016-08-12,0.0,0.0,0.0,0.0,0.0,0.0,0.0,0.0,0.0,0.0
2016-08-15,0.0,0.0,0.0,0.0,0.0,0.0,0.0,0.0,0.0,0.0
2016-08-16,0.0,0.0,0.0,0.0,0.0,0.0,0.0,0.0,0.0,0.0
2016-08-17,0.0,0.0,0.0,0.0,0.0,0.0,0.0,0.0,0.0,0.0
2016-08-18,0.0,0.0,0.0,0.0,0.0,0.0,0.0,0.0,0.0,0.0
2016-08-19,0.0,0.0,0.0,0.0,0.0,0.0,0.0,0.0,0.0,0.0
2016-08-22,0.0,0.0,0.0,0.0,0.0,0.0,0.0,0.0,0.0,0.0
2016-08-23,0.0,0.0,0.0,0.0,0.0,0.0,0.0,0.0,0.0,0.0
2016-08-24,0.0,0.0,0.0,0.0,0.0,0.0,0.0,0.0,0.0,0.0
2016-08-25,0.0,0.0,0.0,0.0,0.0,0.0,0.0,0.0,0.0,0.0
2016-08-26,0.0,0.0,0.0,0.0,0.0,0.0,0.0,0.0,0.0,0.0
2016-08-29,0.0,0.0,0.0,0.0,0.0,0.0,0.0,0.0,0.0,0.0
2016-08-30,0.0,0.0,0.0,0.0,0.0,0.0,0.0,0.0,0.0,0.0
2016-08-31,0.0,0.0,0.0,0.0,0.0,0.0,0.0,0.0,0.0,0.0
2016-09-01,0.0,0.0,0.0,0.0,0.0,0.0,0.0,0.0,0.0,0.0
2016-09-02,0.0,0.0,0.0,0.0,0.0,0.0,0.0,0.0,0.0,0.0
2016-09-06,0.0,0.0,0.0,0.0,0.0,0.0,0.0,0.0,0.0,0.0
2016-09-07,0.0,0.0,0.0,0.0,0.0,0.0,0.0,0.0,0.0,0.0
2016-09-08,0.0,0.0,0.0,0.0,0.0,0.0,0.0,0.0,0.0,0.0
2016-09-09,0.0,0.0,0.0,0.0,0.0,0.0,0.0,0.0,0.0,0.0
2016-09-12,0.0,0.0,0.0,0.0,0.0,0.0,0.0,0.0,0.0,0.0
2016-09-13,0.0,0.0,0.0,0.0,0.0,0.0,0.0,0.0,0.0,0.0
2016-09-14,0.0,0.0,0.0,0.0,0.0,0.0,0.0,0.0,0.0,0.0
2016-09-15,0.0,0.0,0.0,0.0,0.0,0.0,0.0,0.0,0.0,0.0
2016-09-16,0.0,0.0,0.0,0.0,0.0,0.0,0.0,0.0,0.0,0.0
2016-09-19,0.0,0.0,0.0,0.0,0.0,0.0,0.0,0.0,0.0,0.0
2016-09-20,0.0,0.0,0.0,0.0,0.0,0.0,0.0,0.0,0.0,0.0
2016-09-21,0.0,0.0,0.0,0.0,0.0,0.0,0.0,0.0,0.0,0.0
2016-09-22,0.0,0.0,0.0,0.0,0.0,0.0,0.0,0.0,0.0,0.0
2016-09-23,0.0,0.0,0.0,0.0,0.0,0.0,0.0,0.0,0.0,0.0
2016-09-26,0.0,0.0,0.0,0.0,0.0,0.0,0.0,0.0,0.0,0.0
2016-09-27,0.0,0.0,0.0,0.0,0.0,0.0,0.0,0.0,0.0,0.0
2016-09-28,0.0,0.0,0.0,0.0,0.0,0.0,0.0,0.0,0.0,0.0
2016-09-29,0.0,0.0,0.0,0.0,0.0,0.0,0.0,0.0,0.0,0.0
2016-09-30,0.0,0.0,0.0,0.0,0.0,0.0,0.0,0.0,0.0,0.0
2016-10-03,0.0,0.0,0.0,0.0,0.0,0.0,0.0,0.0,0.0,0.0
2016-10-04,0.0,0.0,0.0,0.0,0.0,0.0,0.0,0.0,0.0,0.0
2016-10-05,0.0,0.0,0.0,0.0,0.0,0.0,0.0,0.0,0.0,0.0
2016-10-06,0.0,0.0,0.0,0.0,0.0,0.0,0.0,0.0,0.0,0.0
2016-10-07,0.0,0.0,0.0,0.0,0.0,0.0,0.0,0.0,0.0,0.0
2016-10-10,0.0,0.0,0.0,0.0,0.0,0.0,0.0,0.0,0.0,0.0
2016-10-11,0.0,0.0,0.0,0.0,0.0,0.0,0.0,0.0,0.0,0.0
2016-10-12,0.0,0.0,0.0,0.0,0.0,0.0,0.0,0.0,0.0,0.0
2016-10-13,0.0,0.0,0.0,0.0,0.0,0.0,0.0,0.0,0.0,0.0
2016-10-14,0.0,0.0,0.0,0.0,0.0,0.0,0.0,0.0,0.0,0.0
2016-10-17,0.0,0.0,0.0,0.0,0.0,0.0,0.0,0.0,0.0,0.0
2016-10-18,0.0,0.0,0.0,0.0,0.0,0.0,0.0,0.0,0.0,0.0
2016-10-19,0.0,1.931557355877007e-05,8.603971171841311e-06,0.0,4.405515005383903e-05,2.8571428571428573e-06,0.53,0.53,0.05000000000000002,-7.483183764159327e-05
2016-10-20,0.00017273129224984043,1.931557355877007e-05,8.208444888182299e-06,0.0,4.395872305945854e-05,0.0,0.5298338158459921,0.0,0.0,0.00010124855074342952
2016-10-21,0.0,0.0,0.0,0.0,0.0,0.0,0.0,0.0,0.0,0.0
2016-10-24,0.0,0.0,0.0,0.0,0.0,0.0,0.0,0.0,0.0,0.0
2016-10-25,0.0,3.8323457211518144e-06,3.827960696088294e-06,0.0,3.6344559923772885e-06,1.7380952380952383e-06,0.242,0.242,-0.05,-1.3032857647712635e-05
2016-10-26,-0.001914144288430574,7.752102473159212e-06,5.197584049465508e-06,0.0,7.224171720848574e-06,7.142857142857143e-07,0.4097715369033224,0.16999999999999998,0.04999999999999999,-0.001935032432388333
2016-10-27,0.0009436875282419204,1.3182082262758707e-05,9.823396547396486e-06,0.0,2.565420469684583e-05,2.9761904761904763e-06,0.6176842941375673,0.45,-0.04999999999999999,0.0008920516542587288
2016-10-28,-0.0003306935367374684,9.262325510751312e-06,6.074933320033706e-06,0.0,2.2382032663150864e-05,0.0,0.4493373405604181,0.0,0.0,-0.0003684128282314043
2016-10-31,0.0,0.0,0.0,0.0,0.0,0.0,0.0,0.0,0.0,0.0
2016-11-01,0.0,1.8749066468661679e-06,2.896738917511709e-06,0.0,3.72584329708541e-06,1.3095238095238094e-06,0.16999999999999998,0.16999999999999998,-0.049999999999999975,-9.807012670987096e-06
2016-11-02,0.0006777833723719192,1.8749066468661676e-06,1.790177121139086e-06,0.0,3.792398710147328e-06,0.0,0.16916763874415597,0.0,0.0,0.0006703258898937666
2016-11-03,0.0,0.0,0.0,0.0,0.0,0.0,0.0,0.0,0.0,0.0
2016-11-04,0.0,1.0286940832584458e-05,4.7099390562570624e-06,0.0,1.4254674164663955e-05,2.0238095238095237e-06,0.29,0.29,-0.04999999999999999,-3.1275363577315e-05
2016-11-07,-0.0007677840559413231,1.0286940832584458e-05,4.530384445356043e-06,0.0,1.4761308261977584e-05,0.0,0.2973336272941338,0.0,0.0,-0.0007973626894812411
2016-11-08,0.0,0.0,0.0,0.0,0.0,0.0,0.0,0.0,0.0,0.0
2016-11-09,0.0,0.0,0.0,0.0,0.0,0.0,0.0,0.0,0.0,0.0
2016-11-10,0.0,0.0,0.0,0.0,0.0,0.0,0.0,0.0,0.0,0.0
2016-11-11,0.0,0.0,0.0,0.0,0.0,0.0,0.0,0.0,0.0,0.0
2016-11-14,0.0,0.0,0.0,0.0,0.0,0.0,0.0,0.0,0.0,0.0
2016-11-15,0.0,0.0,0.0,0.0,0.0,0.0,0.0,0.0,0.0,0.0
2016-11-16,0.0,0.0,0.0,0.0,0.0,0.0,0.0,0.0,0.0,0.0
2016-11-17,0.0,0.0,0.0,0.0,0.0,0.0,0.0,0.0,0.0,0.0
2016-11-18,0.0,0.0,0.0,0.0,0.0,0.0,0.0,0.0,0.0,0.0
2016-11-21,0.0,0.0,0.0,0.0,0.0,0.0,0.0,0.0,0.0,0.0
2016-11-22,0.0,0.0,0.0,0.0,0.0,0.0,0.0,0.0,0.0,0.0
2016-11-23,0.0,0.0,0.0,0.0,0.0,0.0,0.0,0.0,0.0,0.0
2016-11-28,0.0,0.0,0.0,0.0,0.0,0.0,0.0,0.0,0.0,0.0
2016-11-29,0.0,0.0,0.0,0.0,0.0,0.0,0.0,0.0,0.0,0.0
2016-11-30,0.0,0.0,0.0,0.0,0.0,0.0,0.0,0.0,0.0,0.0
2016-12-01,0.0,0.0,0.0,0.0,0.0,0.0,0.0,0.0,0.0,0.0
2016-12-02,0.0,0.0,0.0,0.0,0.0,0.0,0.0,0.0,0.0,0.0
2016-12-05,0.0,0.0,0.0,0.0,0.0,0.0,0.0,0.0,0.0,0.0
2016-12-06,0.0,0.0,0.0,0.0,0.0,0.0,0.0,0.0,0.0,0.0
2016-12-07,0.0,0.0,0.0,0.0,0.0,0.0,0.0,0.0,0.0,0.0
2016-12-08,0.0,0.0,0.0,0.0,0.0,0.0,0.0,0.0,0.0,0.0
2016-12-09,0.0,0.0,0.0,0.0,0.0,0.0,0.0,0.0,0.0,0.0
2016-12-12,0.0,0.0,0.0,0.0,0.0,0.0,0.0,0.0,0.0,0.0
2016-12-13,0.0,0.0,0.0,0.0,0.0,0.0,0.0,0.0,0.0,0.0
2016-12-14,0.0,0.0,0.0,0.0,0.0,0.0,0.0,0.0,0.0,0.0
2016-12-15,0.0,0.0,0.0,0.0,0.0,0.0,0.0,0.0,0.0,0.0
2016-12-16,0.0,0.0,0.0,0.0,0.0,0.0,0.0,0.0,0.0,0.0
2016-12-19,0.0,0.0,0.0,0.0,0.0,0.0,0.0,0.0,0.0,0.0
2016-12-20,0.0,0.0,0.0,0.0,0.0,0.0,0.0,0.0,0.0,0.0
2016-12-21,0.0,0.0,0.0,0.0,0.0,0.0,0.0,0.0,0.0,0.0
2016-12-22,0.0,0.0,0.0,0.0,0.0,0.0,0.0,0.0,0.0,0.0
2016-12-23,0.0,0.0,0.0,0.0,0.0,0.0,0.0,0.0,0.0,0.0
2016-12-27,0.0,0.0,0.0,0.0,0.0,0.0,0.0,0.0,0.0,0.0
2016-12-28,0.0,0.0,0.0,0.0,0.0,0.0,0.0,0.0,0.0,0.0
2016-12-29,0.0,0.0,0.0,0.0,0.0,0.0,0.0,0.0,0.0,0.0
2016-12-30,0.0,0.0,0.0,0.0,0.0,0.0,0.0,0.0,0.0,0.0
2017-01-03,0.0,0.0,0.0,0.0,0.0,0.0,0.0,0.0,0.0,0.0
2017-01-04,0.0,0.0,0.0,0.0,0.0,0.0,0.0,0.0,0.0,0.0
2017-01-05,0.0,0.0,0.0,0.0,0.0,0.0,0.0,0.0,0.0,0.0
2017-01-06,0.0,0.0,0.0,0.0,0.0,0.0,0.0,0.0,0.0,0.0
2017-01-09,0.0,0.0,0.0,0.0,0.0,0.0,0.0,0.0,0.0,0.0
2017-01-10,0.0,2.0070261857394767e-06,2.282496307307883e-06,0.0,1.3089295293228364e-05,9.826870045557055e-07,0.14254570838267927,0.14254570838267927,-0.022545708382679264,-1.836150479083143e-05
2017-01-11,0.004652951988496953,2.0070261857394767e-06,1.7239482254484034e-06,0.0,1.304559916697561e-05,0.0,0.13903393286477053,0.0,0.0,0.00463617541491879
2017-01-12,0.0,0.0,0.0,0.0,0.0,0.0,0.0,0.0,0.0,0.0
2017-01-13,0.0,4.778266525891691e-06,2.7309527379836655e-06,0.0,1.815057781617741e-06,9.523809523809522e-07,0.20999999999999996,0.20999999999999996,0.05,-1.027665799787405e-05
2017-01-17,0.0019289940323138908,4.778266525891691e-06,3.427727144185419e-06,0.0,1.7431294687849872e-06,0.0,0.20568549869603503,0.0,0.0,0.0019190449091750286
2017-01-18,0.0,0.0,0.0,0.0,0.0,0.0,0.0,0.0,0.0,0.0
2017-01-19,0.0,6.3570048234357795e-06,4.869562761360002e-06,0.0,1.0078214406290088e-05,2.0238095238095233e-06,0.29,0.29,-0.04999999999999999,-2.3328591514895392e-05
2017-01-20,0.0007933468652187936,1.04383308324314e-05,5.135532781342825e-06,0.0,1.6386430552828398e-05,1.5476190476190479e-06,0.35332017012986244,0.21000000000000002,-0.05000000000000003,0.000759838952004572
2017-01-23,-7.526509197570115e-05,4.983479533662184e-06,2.7694704843516178e-06,0.0,6.164768258782591e-06,0.0,0.20921014387329884,0.0,0.0,-8.918281025249754e-05
2017-01-24,0.0,0.0,0.0,0.0,0.0,0.0,0.0,0.0,0.0,0.0
2017-01-25,0.0,8.624147108391548e-06,5.564481243639931e-06,0.0,1.321529937917815e-05,2.2619047619047617e-06,0.32999999999999996,0.32999999999999996,-0.05,-2.966583249311439e-05
2017-01-26,-0.00037838584948330885,1.0027378237880199e-05,5.4804851891496926e-06,0.0,2.246176849737406e-05,2.023809523809524e-06,0.3655701979444226,0.29000000000000004,-0.05000000000000002,-0.00041837929093152234
2017-01-27,-0.00020032189956641354,2.93960659977225e-06,3.4132147656103964e-06,0.0,8.42914540492138e-06,0.0,0.2896904545826438,0.0,0.0,-0.00021510386633671758
2017-01-30,0.0,0.0,0.0,0.0,0.0,0.0,0.0,0.0,0.0,0.0
2017-01-31,0.0,4.0205022140861005e-06,2.9007570123268803e-06,0.0,1.160670069600417e-05,1.2528300334281153e-06,0.16523772280796167,0.16523772280796167,-0.04523772280796169,-1.9780789955845265e-05
2017-02-01,0.001517491886497767,8.037961677471778e-06,3.7699669274383322e-06,0.0,1.7747049718521138e-05,1.3095238095238096e-06,0.2453263371650512,0.16999999999999998,-0.05,0.001486627384364812
2017-02-02,0.0004647076123053355,1.0636963174692038e-05,4.531660858654869e-06,0.0,1.2076010301798923e-05,7.142857142857143e-07,0.3406801319366972,0.16999999999999998,0.049999999999999975,0.000436748692255904
2017-02-03,0.01043846664968886,6.0654027888856805e-06,3.0263924331880247e-06,0.0,4.950794149727991e-06,0.0,0.1606958813111326,0.0,0.0,0.010424424060317058
2017-02-06,0.0,0.0,0.0,0.0,0.0,0.0,0.0,0.0,0.0,0.0
2017-02-07,0.0,0.0,0.0,0.0,0.0,0.0,0.0,0.0,0.0,0.0
2017-02-08,0.0,2.261926966966257e-06,2.837564759471317e-06,0.0,4.278167566264381e-06,1.3095238095238096e-06,0.16999999999999998,0.16999999999999998,-0.049999999999999996,-1.0687183102225765e-05
2017-02-09,0.001248045484424603,4.725177041437819e-06,3.844645739092961e-06,0.0,1.3607971314927126e-05,7.142857142857143e-07,0.3420473165985697,0.16999999999999998,0.05,0.0012251534046148593
2017-02-10,-0.0002847468761461071,2.4632500744715616e-06,2.908189082745771e-06,0.0,9.20599168813851e-06,0.0,0.17110278699919268,0.0,0.0,-0.00029932430699146297
2017-02-13,0.0,0.0,0.0,0.0,0.0,0.0,0.0,0.0,0.0,0.0
2017-02-14,0.0,0.0,0.0,0.0,0.0,0.0,0.0,0.0,0.0,0.0
2017-02-15,0.0,5.932798794732392e-06,2.0571315618924176e-06,0.0,1.236998989647865e-05,7.142857142857143e-07,0.16999999999999998,0.16999999999999998,0.05,-2.1074205967389173e-05
2017-02-16,-0.00022202023016473248,5.932798794732393e-06,3.283784411148975e-06,0.0,1.2364450769616035e-05,0.0,0.1694668974626415,0.0,0.0,-0.00024360126414022987
2017-02-17,0.0,0.0,0.0,0.0,0.0,0.0,0.0,0.0,0.0,0.0
2017-02-21,0.0,0.0,0.0,0.0,0.0,0.0,0.0,0.0,0.0,0.0
2017-02-22,0.0,5.290447090657234e-06,3.706156509927832e-06,0.0,1.0869422702319064e-05,1.5476190476190476e-06,0.21,0.21,-0.05,-2.1413645350523176e-05
2017-02-23,-0.00021169582142904403,9.314908963186148e-06,4.0681021791163675e-06,0.0,2.2146673425496486e-05,1.3095238095238098e-06,0.2544152292424309,0.17,-0.05000000000000001,-0.0002485350298063668
2017-02-24,0.0002938716305929384,9.263148405092664e-06,3.871699595416792e-06,0.0,2.2932953638127172e-05,1.0089487020650236e-06,0.26557830014614003,0.14475169097346197,-0.024751690973461977,0.00025679488025223674
2017-02-27,0.0006766516154952348,4.7799998679983245e-06,1.965033151406751e-06,0.0,1.1249125488598032e-05,0.0,0.14407503935796676,0.0,0.0,0.0006586574569872317
2017-02-28,0.0,6.267254187846167e-06,3.6720170221289115e-06,0.0,5.700156446408757e-06,1.5476190476190479e-06,0.21,0.21,-0.05000000000000002,-1.718704670400288e-05
2017-03-01,-0.001595316504505175,6.267254187846168e-06,2.7766627640384973e-06,0.0,5.7859024141799975e-06,0.0,0.21222346826657434,0.0,0.0,-0.0016101463238712397
2017-03-02,0.0,0.0,0.0,0.0,0.0,0.0,0.0,0.0,0.0,0.0
2017-03-03,0.0,0.0,0.0,0.0,0.0,0.0,0.0,0.0,0.0,0.0
2017-03-06,0.0,0.0,0.0,0.0,0.0,0.0,0.0,0.0,0.0,0.0
2017-03-07,0.0,0.0,0.0,0.0,0.0,0.0,0.0,0.0,0.0,0.0
2017-03-08,0.0,0.0,0.0,0.0,0.0,0.0,0.0,0.0,0.0,0.0
2017-03-09,0.0,0.0,0.0,0.0,0.0,0.0,0.0,0.0,0.0,0.0
2017-03-10,0.0,0.0,0.0,0.0,0.0,0.0,0.0,0.0,0.0,0.0
2017-03-13,0.0,0.0,0.0,0.0,0.0,0.0,0.0,0.0,0.0,0.0
2017-03-14,0.0,0.0,0.0,0.0,0.0,0.0,0.0,0.0,0.0,0.0
2017-03-15,0.0,0.0,0.0,0.0,0.0,0.0,0.0,0.0,0.0,0.0
2017-03-16,0.0,0.0,0.0,0.0,0.0,0.0,0.0,0.0,0.0,0.0
2017-03-17,0.0,0.0,0.0,0.0,0.0,0.0,0.0,0.0,0.0,0.0
2017-03-20,0.0,0.0,0.0,0.0,0.0,0.0,0.0,0.0,0.0,0.0
2017-03-21,0.0,0.0,0.0,0.0,0.0,0.0,0.0,0.0,0.0,0.0
2017-03-22,0.0,0.0,0.0,0.0,0.0,0.0,0.0,0.0,0.0,0.0
2017-03-23,0.0,0.0,0.0,0.0,0.0,0.0,0.0,0.0,0.0,0.0
2017-03-24,0.0,0.0,0.0,0.0,0.0,0.0,0.0,0.0,0.0,0.0
2017-03-27,0.0,0.0,0.0,0.0,0.0,0.0,0.0,0.0,0.0,0.0
2017-03-28,0.0,0.0,0.0,0.0,0.0,0.0,0.0,0.0,0.0,0.0
2017-03-29,0.0,0.0,0.0,0.0,0.0,0.0,0.0,0.0,0.0,0.0
2017-03-30,0.0,0.0,0.0,0.0,0.0,0.0,0.0,0.0,0.0,0.0
2017-03-31,0.0,0.0,0.0,0.0,0.0,0.0,0.0,0.0,0.0,0.0
2017-04-03,0.0,0.0,0.0,0.0,0.0,0.0,0.0,0.0,0.0,0.0
2017-04-04,0.0,0.0,0.0,0.0,0.0,0.0,0.0,0.0,0.0,0.0
2017-04-05,0.0,0.0,0.0,0.0,0.0,0.0,0.0,0.0,0.0,0.0
2017-04-06,0.0,0.0,0.0,0.0,0.0,0.0,0.0,0.0,0.0,0.0
2017-04-07,0.0,0.0,0.0,0.0,0.0,0.0,0.0,0.0,0.0,0.0
2017-04-10,0.0,0.0,0.0,0.0,0.0,0.0,0.0,0.0,0.0,0.0
2017-04-11,0.0,0.0,0.0,0.0,0.0,0.0,0.0,0.0,0.0,0.0
2017-04-12,0.0,0.0,0.0,0.0,0.0,0.0,0.0,0.0,0.0,0.0
2017-04-13,0.0,0.0,0.0,0.0,0.0,0.0,0.0,0.0,0.0,0.0
2017-04-17,0.0,0.0,0.0,0.0,0.0,0.0,0.0,0.0,0.0,0.0
2017-04-18,0.0,6.372258678961786e-06,2.126935704877998e-06,0.0,4.085560624120993e-06,8.08260206951577e-07,0.12789385738393244,0.12789385738393244,-0.00789385738393246,-1.3393015214912353e-05
2017-04-19,0.00033222181159794304,1.7217790549438627e-05,5.241987756433051e-06,0.0,1.4007439313645366e-05,7.142857142857143e-07,0.2891523111901621,0.16139384674959362,0.04139384674959361,0.0002950403082641403
2017-04-20,0.0003945139992285046,2.1552517049800625e-05,4.4769830994189496e-06,0.0,2.206783152718054e-05,9.523809523809522e-07,0.28818156041716536,0.20872805244925177,0.04872805244925182,0.0003454642865997235
2017-04-21,0.00035461275985727234,1.119903684945268e-05,4.517609565200802e-06,0.0,1.2680587462934175e-05,0.0,0.20753374244524345,0.0,0.0,0.0003262155259796847
2017-04-24,0.0,0.0,0.0,0.0,0.0,0.0,0.0,0.0,0.0,0.0
2017-04-25,0.0,3.6468689043544965e-06,3.6519669005216767e-06,0.0,9.80023580128926e-06,1.4285714285714286e-06,0.29,0.29,0.04999999999999999,-1.8527643034736865e-05
2017-04-26,0.0007243316760683806,1.0525325045009573e-05,8.059970387209218e-06,0.0,2.375604319388419e-05,2.8571428571428573e-06,0.5454259878348996,0.53,0.04999999999999993,0.0006791331945851347
2017-04-27,0.0031838788869820033,4.2320520321097475e-05,2.254939304329253e-05,0.0,6.29889013068098e-05,5.119047619047619e-06,1.3377103525842742,0.8100000000000003,-0.05000000000000001,0.003050901024691756
2017-04-28,-0.0033232830596043677,4.397867033624339e-05,1.7038386925653147e-05,0.0,6.378297421512663e-05,2.9761904761904763e-06,1.1474909326604672,0.44999999999999996,-0.05,-0.0034510592815575813
2017-05-01,4.125939060174186e-05,1.0739225740714063e-05,6.3946813731927085e-06,0.0,1.8586846744435406e-05,0.0,0.450852324915149,0.0,0.0,5.538636743399679e-06
2017-05-02,0.0,2.3364894906812895e-06,2.9386349562484478e-06,0.0,3.296928141264735e-06,1.3095238095238094e-06,0.16999999999999998,0.16999999999999998,-0.04999999999999999,-9.88157639771828e-06
2017-05-03,-0.0011573575897538355,6.382435197223116e-06,3.912239324685105e-06,0.0,1.1260445710003097e-05,7.142857142857143e-07,0.33848219835408505,0.16999999999999998,0.049999999999999996,-0.0011796269957000326
2017-05-04,0.0006331300051000205,1.0065200593037668e-05,5.932646902162859e-06,0.0,1.8849180800863175e-05,1.3095238095238098e-06,0.33689859682174794,0.17,-0.05000000000000002,0.000596973452994433
2017-05-05,0.0011863955693162136,6.019254886495842e-06,2.3755919884352008e-06,0.0,1.116488599985717e-05,0.0,0.17299270890829574,0.0,0.0,0.0011668358364414254
2017-05-08,0.0,0.0,0.0,0.0,0.0,0.0,0.0,0.0,0.0,0.0
2017-05-09,0.0,0.0,0.0,0.0,0.0,0.0,0.0,0.0,0.0,0.0
2017-05-10,0.0,0.0,0.0,0.0,0.0,0.0,0.0,0.0,0.0,0.0
2017-05-11,0.0,0.0,0.0,0.0,0.0,0.0,0.0,0.0,0.0,0.0
2017-05-12,0.0,0.0,0.0,0.0,0.0,0.0,0.0,0.0,0.0,0.0
2017-05-15,0.0,0.0,0.0,0.0,0.0,0.0,0.0,0.0,0.0,0.0
2017-05-16,0.0,0.0,0.0,0.0,0.0,0.0,0.0,0.0,0.0,0.0
2017-05-17,0.0,0.0,0.0,0.0,0.0,0.0,0.0,0.0,0.0,0.0
2017-05-18,0.0,0.0,0.0,0.0,0.0,0.0,0.0,0.0,0.0,0.0
2017-05-19,0.0,0.0,0.0,0.0,0.0,0.0,0.0,0.0,0.0,0.0
2017-05-22,0.0,0.0,0.0,0.0,0.0,0.0,0.0,0.0,0.0,0.0
2017-05-23,0.0,0.0,0.0,0.0,0.0,0.0,0.0,0.0,0.0,0.0
2017-05-24,0.0,0.0,0.0,0.0,0.0,0.0,0.0,0.0,0.0,0.0
2017-05-25,0.0,0.0,0.0,0.0,0.0,0.0,0.0,0.0,0.0,0.0
2017-05-26,0.0,0.0,0.0,0.0,0.0,0.0,0.0,0.0,0.0,0.0
2017-05-30,0.0,0.0,0.0,0.0,0.0,0.0,0.0,0.0,0.0,0.0
2017-05-31,0.0,0.0,0.0,0.0,0.0,0.0,0.0,0.0,0.0,0.0
2017-06-01,0.0,0.0,0.0,0.0,0.0,0.0,0.0,0.0,0.0,0.0
2017-06-02,0.0,0.0,0.0,0.0,0.0,0.0,0.0,0.0,0.0,0.0
2017-06-05,0.0,0.0,0.0,0.0,0.0,0.0,0.0,0.0,0.0,0.0
2017-06-06,0.0,0.0,0.0,0.0,0.0,0.0,0.0,0.0,0.0,0.0
2017-06-07,0.0,0.0,0.0,0.0,0.0,0.0,0.0,0.0,0.0,0.0
2017-06-08,0.0,0.0,0.0,0.0,0.0,0.0,0.0,0.0,0.0,0.0
2017-06-09,0.0,0.0,0.0,0.0,0.0,0.0,0.0,0.0,0.0,0.0
2017-06-12,0.0,0.0,0.0,0.0,0.0,0.0,0.0,0.0,0.0,0.0
2017-06-13,0.0,0.0,0.0,0.0,0.0,0.0,0.0,0.0,0.0,0.0
2017-06-14,0.0,0.0,0.0,0.0,0.0,0.0,0.0,0.0,0.0,0.0
2017-06-15,0.0,0.0,0.0,0.0,0.0,0.0,0.0,0.0,0.0,0.0
2017-06-16,0.0,0.0,0.0,0.0,0.0,0.0,0.0,0.0,0.0,0.0
2017-06-19,0.0,0.0,0.0,0.0,0.0,0.0,0.0,0.0,0.0,0.0
2017-06-20,0.0,0.0,0.0,0.0,0.0,0.0,0.0,0.0,0.0,0.0
2017-06-21,0.0,0.0,0.0,0.0,0.0,0.0,0.0,0.0,0.0,0.0
2017-06-22,0.0,0.0,0.0,0.0,0.0,0.0,0.0,0.0,0.0,0.0
2017-06-23,0.0,0.0,0.0,0.0,0.0,0.0,0.0,0.0,0.0,0.0
2017-06-26,0.0,0.0,0.0,0.0,0.0,0.0,0.0,0.0,0.0,0.0
2017-06-27,0.0,0.0,0.0,0.0,0.0,0.0,0.0,0.0,0.0,0.0
2017-06-28,0.0,0.0,0.0,0.0,0.0,0.0,0.0,0.0,0.0,0.0
2017-06-29,0.0,0.0,0.0,0.0,0.0,0.0,0.0,0.0,0.0,0.0
2017-06-30,0.0,0.0,0.0,0.0,0.0,0.0,0.0,0.0,0.0,0.0
2017-07-05,0.0,0.0,0.0,0.0,0.0,0.0,0.0,0.0,0.0,0.0
2017-07-06,0.0,0.0,0.0,0.0,0.0,0.0,0.0,0.0,0.0,0.0
2017-07-07,0.0,0.0,0.0,0.0,0.0,0.0,0.0,0.0,0.0,0.0
2017-07-10,0.0,0.0,0.0,0.0,0.0,0.0,0.0,0.0,0.0,0.0
2017-07-11,0.0,0.0,0.0,0.0,0.0,0.0,0.0,0.0,0.0,0.0
2017-07-12,0.0,0.0,0.0,0.0,0.0,0.0,0.0,0.0,0.0,0.0
2017-07-13,0.0,0.0,0.0,0.0,0.0,0.0,0.0,0.0,0.0,0.0
2017-07-14,0.0,0.0,0.0,0.0,0.0,0.0,0.0,0.0,0.0,0.0
2017-07-17,0.0,0.0,0.0,0.0,0.0,0.0,0.0,0.0,0.0,0.0
2017-07-18,0.0,0.0,0.0,0.0,0.0,0.0,0.0,0.0,0.0,0.0
2017-07-19,0.0,0.0,0.0,0.0,0.0,0.0,0.0,0.0,0.0,0.0
2017-07-20,0.0,2.0065156529618925e-06,1.8790309278350514e-06,0.0,5.9901222007793395e-06,7.142857142857143e-07,0.17,0.17,0.05000000000000002,-1.0589954495862e-05
2017-07-21,-0.0007408259381805439,3.4104529498955553e-06,5.635231052259943e-06,0.0,1.0132851279087382e-05,1.3095238095238096e-06,0.3388261843710978,0.16999999999999998,-0.049999999999999996,-0.0007613139972713106
2017-07-24,0.00027875454186753666,1.4039372969336626e-06,1.784909252442926e-06,0.0,3.661026833262489e-06,0.0,0.16944761125385693,0.0,0.0,0.0002719046684848976
2017-07-25,0.0,0.0,0.0,0.0,0.0,0.0,0.0,0.0,0.0,0.0
2017-07-26,0.0,3.053420070222727e-06,2.8661281754533776e-06,0.0,2.4321891298713115e-06,1.3095238095238096e-06,0.16999999999999998,0.16999999999999998,-0.05,-9.661261185071226e-06
2017-07-27,0.0003710405998101582,3.026526473280799e-05,1.622645650722674e-05,0.0,5.327250552074094e-05,5.778911564625852e-06,1.160086922633974,0.9894871455510335,0.01863000269389073,0.00026549746148475667
2017-07-28,-0.0026280291566852716,2.7211844662585268e-05,1.572121477765801e-05,0.0,5.1454768974688476e-05,0.0,0.9892108233654556,0.0,0.0,-0.0027224169851002033
2017-07-31,0.0,0.0,0.0,0.0,0.0,0.0,0.0,0.0,0.0,0.0
2017-08-01,0.0,0.0,0.0,0.0,0.0,0.0,0.0,0.0,0.0,0.0
2017-08-02,0.0,1.6795053110497914e-05,6.515374055580033e-06,0.0,1.9857031582542086e-05,2.3809523809523808e-06,0.44999999999999996,0.44999999999999996,0.04999999999999999,-4.5548411129572415e-05
2017-08-03,0.002546767370119753,1.9260326168893833e-05,8.834375588002562e-06,0.0,3.0948248232839804e-05,7.142857142857143e-07,0.5415990060127777,0.14518160909447111,0.025181609094471126,0.002487010134415731
2017-08-04,0.002580414081392802,2.746841553675133e-06,2.5539475872046696e-06,0.0,1.1575588733076062e-05,0.0,0.14779687144071074,0.0,0.0,0.002563537703518846
2017-08-07,0.0,0.0,0.0,0.0,0.0,0.0,0.0,0.0,0.0,0.0
2017-08-08,0.0,0.0,0.0,0.0,0.0,0.0,0.0,0.0,0.0,0.0
2017-08-09,0.0,0.0,0.0,0.0,0.0,0.0,0.0,0.0,0.0,0.0
2017-08-10,0.0,0.0,0.0,0.0,0.0,0.0,0.0,0.0,0.0,0.0
2017-08-11,0.0,0.0,0.0,0.0,0.0,0.0,0.0,0.0,0.0,0.0
2017-08-14,0.0,0.0,0.0,0.0,0.0,0.0,0.0,0.0,0.0,0.0
2017-08-15,0.0,3.1338903179548184e-06,2.8395941682751463e-06,0.0,3.2207286528244177e-06,1.3095238095238094e-06,0.16999999999999998,0.16999999999999998,-0.05,-1.0503736948578192e-05
2017-08-16,0.0005179066258676086,3.1338903179548184e-06,2.0862957926759075e-06,0.0,3.331690785178699e-06,0.0,0.17196111209588838,0.0,0.0,0.0005093547489717991
2017-08-17,0.0,0.0,0.0,0.0,0.0,0.0,0.0,0.0,0.0,0.0
2017-08-18,0.0,0.0,0.0,0.0,0.0,0.0,0.0,0.0,0.0,0.0
2017-08-21,0.0,0.0,0.0,0.0,0.0,0.0,0.0,0.0,0.0,0.0
2017-08-22,0.0,0.0,0.0,0.0,0.0,0.0,0.0,0.0,0.0,0.0
2017-08-23,0.0,1.5776082696733844e-06,2.8364785150974735e-06,0.0,3.141036304102472e-06,1.3095238095238094e-06,0.16999999999999998,0.16999999999999998,-0.049999999999999996,-8.86464689839714e-06
2017-08-24,0.0009095732803081681,1.577608269673384e-06,1.8214530130672199e-06,0.0,3.1629013680216414e-06,0.0,0.17048074260120893,0.0,0.0,0.0009030113176574058
2017-08-25,0.0,0.0,0.0,0.0,0.0,0.0,0.0,0.0,0.0,0.0
2017-08-28,0.0,0.0,0.0,0.0,0.0,0.0,0.0,0.0,0.0,0.0
2017-08-29,0.0,0.0,0.0,0.0,0.0,0.0,0.0,0.0,0.0,0.0
2017-08-30,0.0,0.0,0.0,0.0,0.0,0.0,0.0,0.0,0.0,0.0
2017-08-31,0.0,0.0,0.0,0.0,0.0,0.0,0.0,0.0,0.0,0.0
2017-09-01,0.0,0.0,0.0,0.0,0.0,0.0,0.0,0.0,0.0,0.0
2017-09-05,0.0,0.0,0.0,0.0,0.0,0.0,0.0,0.0,0.0,0.0
2017-09-06,0.0,0.0,0.0,0.0,0.0,0.0,0.0,0.0,0.0,0.0
2017-09-07,0.0,0.0,0.0,0.0,0.0,0.0,0.0,0.0,0.0,0.0
2017-09-08,0.0,0.0,0.0,0.0,0.0,0.0,0.0,0.0,0.0,0.0
2017-09-11,0.0,0.0,0.0,0.0,0.0,0.0,0.0,0.0,0.0,0.0
2017-09-12,0.0,0.0,0.0,0.0,0.0,0.0,0.0,0.0,0.0,0.0
2017-09-13,0.0,0.0,0.0,0.0,0.0,0.0,0.0,0.0,0.0,0.0
2017-09-14,0.0,0.0,0.0,0.0,0.0,0.0,0.0,0.0,0.0,0.0
2017-09-15,0.0,0.0,0.0,0.0,0.0,0.0,0.0,0.0,0.0,0.0
2017-09-18,0.0,0.0,0.0,0.0,0.0,0.0,0.0,0.0,0.0,0.0
2017-09-19,0.0,0.0,0.0,0.0,0.0,0.0,0.0,0.0,0.0,0.0
2017-09-20,0.0,0.0,0.0,0.0,0.0,0.0,0.0,0.0,0.0,0.0
2017-09-21,0.0,0.0,0.0,0.0,0.0,0.0,0.0,0.0,0.0,0.0
2017-09-22,0.0,0.0,0.0,0.0,0.0,0.0,0.0,0.0,0.0,0.0
2017-09-25,0.0,0.0,0.0,0.0,0.0,0.0,0.0,0.0,0.0,0.0
2017-09-26,0.0,0.0,0.0,0.0,0.0,0.0,0.0,0.0,0.0,0.0
2017-09-27,0.0,0.0,0.0,0.0,0.0,0.0,0.0,0.0,0.0,0.0
2017-09-28,0.0,0.0,0.0,0.0,0.0,0.0,0.0,0.0,0.0,0.0
2017-09-29,0.0,0.0,0.0,0.0,0.0,0.0,0.0,0.0,0.0,0.0
2017-10-02,0.0,0.0,0.0,0.0,0.0,0.0,0.0,0.0,0.0,0.0
2017-10-03,0.0,0.0,0.0,0.0,0.0,0.0,0.0,0.0,0.0,0.0
2017-10-04,0.0,0.0,0.0,0.0,0.0,0.0,0.0,0.0,0.0,0.0
2017-10-05,0.0,0.0,0.0,0.0,0.0,0.0,0.0,0.0,0.0,0.0
2017-10-06,0.0,0.0,0.0,0.0,0.0,0.0,0.0,0.0,0.0,0.0
2017-10-09,0.0,0.0,0.0,0.0,0.0,0.0,0.0,0.0,0.0,0.0
2017-10-10,0.0,0.0,0.0,0.0,0.0,0.0,0.0,0.0,0.0,0.0
2017-10-11,0.0,0.0,0.0,0.0,0.0,0.0,0.0,0.0,0.0,0.0
2017-10-12,0.0,0.0,0.0,0.0,0.0,0.0,0.0,0.0,0.0,0.0
2017-10-13,0.0,4.2144329563832785e-06,1.9050745672816007e-06,0.0,3.3584467184522285e-06,8.321210496362182e-07,0.12989816816944233,0.12989816816944233,-0.009898168169442324,-1.0310075291753326e-05
2017-10-16,1.6803529104477965e-05,4.214432956383278e-06,2.1554371412044688e-06,0.0,3.4374954330701034e-06,0.0,0.13176797731303913,0.0,0.0,6.996163573820117e-06
2017-10-17,0.0,4.617486385819586e-06,2.6046472508232035e-06,0.0,4.966169819940796e-06,9.523809523809522e-07,0.20999999999999996,0.20999999999999996,0.05,-1.3140684408964536e-05
2017-10-18,0.0014691492523720832,4.617486385819586e-06,3.590294647521615e-06,0.0,5.001008738883223e-06,0.0,0.21088900181005454,0.0,0.0,0.0014559404625998588
2017-10-19,0.0,1.047800245726973e-05,5.1344676212731375e-06,0.0,1.8159474380420677e-05,1.6666666666666665e-06,0.29045377291316643,0.29045377291316643,0.010453772913166428,-3.543861112563021e-05
2017-10-20,0.0009081696489125734,1.047800245726973e-05,4.130180557168378e-06,0.0,1.8322288218973917e-05,0.0,0.2950205396257005,0.0,0.0,0.0008752391776791614
2017-10-23,0.0,0.0,0.0,0.0,0.0,0.0,0.0,0.0,0.0,0.0
2017-10-24,0.0,8.749733062388228e-06,2.38991995761045e-06,0.0,9.27901359218166e-06,9.654957771133736e-07,0.14110164527752336,0.14110164527752336,-0.021101645277523375,-2.1384162389293714e-05
2017-10-25,0.0010777145786272035,1.4969737725663156e-05,5.965626518255621e-06,0.0,1.8732444956352586e-05,1.0714285714285714e-06,0.3710111336239418,0.23,0.05,0.0010369753408555034
2017-10-26,0.0013025213749232223,2.5054824486788973e-05,8.414813644885922e-06,0.0,2.5403322395991397e-05,2.1428571428571427e-06,0.4658238662095112,0.41,0.04999999999999999,0.0012415055572526988
2017-10-27,-0.0013448082880590558,2.2320879868559145e-05,9.690726710081126e-06,0.0,2.2851998795609423e-05,1.307801936956833e-06,0.582055500491729,0.16985536270437396,-0.04985536270437396,-0.0014009796953702624
2017-10-30,-0.0048115204752204824,2.54475533998262e-06,1.840770299584274e-06,0.0,7.1482339052461834e-06,0.0,0.17314789583782228,0.0,0.0,-0.004823054234765295
2017-10-31,0.0,0.0,0.0,0.0,0.0,0.0,0.0,0.0,0.0,0.0
2017-11-01,0.0,1.0123354153759375e-05,4.329752515900596e-06,0.0,1.7624274490245413e-05,1.6666666666666665e-06,0.32999999999999996,0.32999999999999996,0.04999999999999999,-3.374404782657205e-05
2017-11-02,-0.0008845816966302053,1.2420778753991865e-05,7.263831695312929e-06,0.0,3.077824210665412e-05,9.523809523809523e-07,0.46337184851866886,0.1919313962636295,0.03193139626362952,-0.0009359969301385452
2017-11-03,-0.00023701711922865374,9.462634346768263e-06,8.002906992899148e-06,0.0,2.3327393974856484e-05,2.0238095238095237e-06,0.483877535317745,0.29000000000000004,-0.05,-0.0002798338640669872
2017-11-06,-0.00047272789292195577,6.824593047870452e-06,3.753203458568976e-06,0.0,1.0602561973547304e-05,0.0,0.2895000892808656,0.0,0.0,-0.0004939082514019425
2017-11-07,0.0,0.0,0.0,0.0,0.0,0.0,0.0,0.0,0.0,0.0
2017-11-08,0.0,0.0,0.0,0.0,0.0,0.0,0.0,0.0,0.0,0.0
2017-11-09,0.0,0.0,0.0,0.0,0.0,0.0,0.0,0.0,0.0,0.0
2017-11-10,0.0,0.0,0.0,0.0,0.0,0.0,0.0,0.0,0.0,0.0
2017-11-13,0.0,0.0,0.0,0.0,0.0,0.0,0.0,0.0,0.0,0.0
2017-11-14,0.0,0.0,0.0,0.0,0.0,0.0,0.0,0.0,0.0,0.0
2017-11-15,0.0,0.0,0.0,0.0,0.0,0.0,0.0,0.0,0.0,0.0
2017-11-16,0.0,0.0,0.0,0.0,0.0,0.0,0.0,0.0,0.0,0.0
2017-11-17,0.0,0.0,0.0,0.0,0.0,0.0,0.0,0.0,0.0,0.0
2017-11-20,0.0,0.0,0.0,0.0,0.0,0.0,0.0,0.0,0.0,0.0
2017-11-21,0.0,0.0,0.0,0.0,0.0,0.0,0.0,0.0,0.0,0.0
2017-11-22,0.0,0.0,0.0,0.0,0.0,0.0,0.0,0.0,0.0,0.0
2017-11-27,0.0,0.0,0.0,0.0,0.0,0.0,0.0,0.0,0.0,0.0
2017-11-28,0.0,0.0,0.0,0.0,0.0,0.0,0.0,0.0,0.0,0.0
2017-11-29,0.0,0.0,0.0,0.0,0.0,0.0,0.0,0.0,0.0,0.0
2017-11-30,0.0,0.0,0.0,0.0,0.0,0.0,0.0,0.0,0.0,0.0
2017-12-01,0.0,0.0,0.0,0.0,0.0,0.0,0.0,0.0,0.0,0.0
2017-12-04,0.0,0.0,0.0,0.0,0.0,0.0,0.0,0.0,0.0,0.0
2017-12-05,0.0,0.0,0.0,0.0,0.0,0.0,0.0,0.0,0.0,0.0
2017-12-06,0.0,0.0,0.0,0.0,0.0,0.0,0.0,0.0,0.0,0.0
2017-12-07,0.0,0.0,0.0,0.0,0.0,0.0,0.0,0.0,0.0,0.0
2017-12-08,0.0,0.0,0.0,0.0,0.0,0.0,0.0,0.0,0.0,0.0
2017-12-11,0.0,0.0,0.0,0.0,0.0,0.0,0.0,0.0,0.0,0.0
2017-12-12,0.0,0.0,0.0,0.0,0.0,0.0,0.0,0.0,0.0,0.0
2017-12-13,0.0,0.0,0.0,0.0,0.0,0.0,0.0,0.0,0.0,0.0
2017-12-14,0.0,0.0,0.0,0.0,0.0,0.0,0.0,0.0,0.0,0.0
2017-12-15,0.0,0.0,0.0,0.0,0.0,0.0,0.0,0.0,0.0,0.0
2017-12-18,0.0,0.0,0.0,0.0,0.0,0.0,0.0,0.0,0.0,0.0
2017-12-19,0.0,0.0,0.0,0.0,0.0,0.0,0.0,0.0,0.0,0.0
2017-12-20,0.0,0.0,0.0,0.0,0.0,0.0,0.0,0.0,0.0,0.0
2017-12-21,0.0,0.0,0.0,0.0,0.0,0.0,0.0,0.0,0.0,0.0
2017-12-22,0.0,0.0,0.0,0.0,0.0,0.0,0.0,0.0,0.0,0.0
2017-12-26,0.0,0.0,0.0,0.0,0.0,0.0,0.0,0.0,0.0,0.0
2017-12-27,0.0,0.0,0.0,0.0,0.0,0.0,0.0,0.0,0.0,0.0
2017-12-28,0.0,0.0,0.0,0.0,0.0,0.0,0.0,0.0,0.0,0.0
2017-12-29,0.0,0.0,0.0,0.0,0.0,0.0,0.0,0.0,0.0,0.0
2018-01-02,0.0,0.0,0.0,0.0,0.0,0.0,0.0,0.0,0.0,0.0
2018-01-03,0.0,0.0,0.0,0.0,0.0,0.0,0.0,0.0,0.0,0.0
2018-01-04,0.0,2.8826310186317936e-06,2.8263014960874835e-06,0.0,5.377224668765598e-06,1.2353745161851086e-06,0.16377145935954912,0.16377145935954912,-0.04377145935954912,-1.2321531699669984e-05
2018-01-05,0.0012478439996845535,2.882631018631793e-06,1.9327434737493563e-06,0.0,5.728266386258177e-06,0.0,0.16783820235459215,0.0,0.0,0.0012373003588059142
2018-01-08,0.0,2.1117444460235443e-06,2.787763605301879e-06,0.0,4.9547924256478755e-06,1.3095238095238096e-06,0.16999999999999998,0.16999999999999998,-0.05,-1.116382428649711e-05
2018-01-09,-9.785200826286042e-05,2.1117444460235447e-06,1.934679448990056e-06,0.0,4.947141390938232e-06,0.0,0.16955755484482296,0.0,0.0,-0.00010684557354881226
2018-01-10,0.0,2.901894630467526e-06,1.9453063742289236e-06,0.0,1.916208365008232e-05,7.142857142857143e-07,0.16999999999999998,0.16999999999999998,0.05,-2.4723570369064486e-05
2018-01-11,-0.001498109440638609,2.9018946304675257e-06,2.9517654121773002e-06,0.0,2.0225448914385303e-05,0.0,0.17425925861967667,0.0,0.0,-0.001524188549595639
2018-01-12,0.0,0.0,0.0,0.0,0.0,0.0,0.0,0.0,0.0,0.0
2018-01-16,0.0,0.0,0.0,0.0,0.0,0.0,0.0,0.0,0.0,0.0
2018-01-17,0.0,0.0,0.0,0.0,0.0,0.0,0.0,0.0,0.0,0.0
2018-01-18,0.0,3.0930293094030803e-06,2.9399092572250156e-06,0.0,3.275590726425763e-06,1.3095238095238096e-06,0.16999999999999998,0.16999999999999998,-0.05,-1.061805310257767e-05
2018-01-19,0.0013275280018571647,3.0930293094030803e-06,1.990385539643112e-06,0.0,3.2398904150774236e-06,0.0,0.17217085237759677,0.0,0.0,0.001319204696593041
2018-01-22,0.0,0.0,0.0,0.0,0.0,0.0,0.0,0.0,0.0,0.0
2018-01-23,0.0,0.0,0.0,0.0,0.0,0.0,0.0,0.0,0.0,0.0
2018-01-24,0.0,0.0,0.0,0.0,0.0,0.0,0.0,0.0,0.0,0.0
2018-01-25,0.0,9.263464383992961e-07,1.6467374569475368e-06,0.0,4.659864533473236e-06,7.142857142857143e-07,0.13227927983592055,0.13227927983592055,0.012279279835920559,-7.947234143105783e-06
2018-01-26,0.0004907093792691966,9.263464383992961e-07,1.9574197605137862e-06,0.0,4.778206749215083e-06,0.0,0.13505185307996817,0.0,0.0,0.0004830474063210685
2018-01-29,0.0,0.0,0.0,0.0,0.0,0.0,0.0,0.0,0.0,0.0
2018-01-30,0.0,0.0,0.0,0.0,0.0,0.0,0.0,0.0,0.0,0.0
2018-01-31,0.0,4.757128360573285e-06,5.290504494527174e-06,0.0,1.0248926650848752e-05,2.2619047619047626e-06,0.33000000000000007,0.33000000000000007,-0.05000000000000003,-2.2558464267853975e-05
2018-02-01,-0.001701339296088853,4.757128360573285e-06,3.935465373156908e-06,0.0,1.0452003633135504e-05,0.0,0.32662482975508816,0.0,0.0,-0.0017204838934557186
2018-02-02,0.0,1.2028643983225495e-06,1.7888290839670855e-06,0.0,3.7896451433408067e-06,7.826836392993517e-07,0.12574542570114555,0.12574542570114555,-0.005745425701145543,-7.564022264929793e-06
2018-02-05,0.0011794320390135123,1.2028643983225495e-06,1.6126676153868666e-06,0.0,3.7604922865939624e-06,0.0,0.12184241031627302,0.0,0.0,0.0011728560147132088
2018-02-06,0.0,0.0,0.0,0.0,0.0,0.0,0.0,0.0,0.0,0.0
2018-02-07,0.0,1.3950235958076153e-06,1.7255938656795344e-06,0.0,4.105013947771387e-06,7.142857142857143e-07,0.16999999999999998,0.16999999999999998,0.049999999999999996,-7.939917123544251e-06
2018-02-08,-0.004190406497159658,5.388598479454086e-06,2.8913494646724193e-06,0.0,9.032454221266085e-06,7.142857142857143e-07,0.19363105501753924,0.16999999999999998,0.05,-0.004208433185039336
2018-02-09,0.002211460242073249,6.139645259596585e-06,2.9744170006903692e-06,0.0,1.3389029678651406e-05,7.142857142857143e-07,0.186651980698643,0.16999999999999998,0.05,0.002188242864420025
2018-02-12,0.00111749063019984,2.1967604097342244e-06,2.9258427454288625e-06,0.0,8.59423671139649e-06,0.0,0.1704591204977229,0.0,0.0,0.0011037737903332805
2018-02-13,0.0,0.0,0.0,0.0,0.0,0.0,0.0,0.0,0.0,0.0
2018-02-14,0.0,1.677483405702856e-06,1.8345217391304348e-06,0.0,7.3564388800762296e-06,7.142857142857143e-07,0.16999999999999998,0.16999999999999998,0.049999999999999996,-1.1582729739195236e-05
2018-02-15,0.0010940475454375507,1.677483405702856e-06,2.8306059999591254e-06,0.0,7.280120633701512e-06,0.0,0.16963317798022015,0.0,0.0,0.0010822593353981872
2018-02-16,0.0,2.8044969571463633e-06,1.86952757760688e-06,0.0,8.183247929801917e-06,7.142857142857143e-07,0.14190054519166614,0.14190054519166614,0.02190054519166615,-1.3571558178840875e-05
2018-02-20,2.3581276053102076e-05,2.8044969571463633e-06,2.2138277487461223e-06,0.0,8.099128374371708e-06,0.0,0.139291833387665,0.0,0.0,1.0463822972837882e-05
2018-02-21,0.0,0.0,0.0,0.0,0.0,0.0,0.0,0.0,0.0,0.0
2018-02-22,0.0,0.0,0.0,0.0,0.0,0.0,0.0,0.0,0.0,0.0
2018-02-23,0.0,0.0,0.0,0.0,0.0,0.0,0.0,0.0,0.0,0.0
2018-02-26,0.0,0.0,0.0,0.0,0.0,0.0,0.0,0.0,0.0,0.0
2018-02-27,0.0,1.827962284053934e-06,2.9019964869769776e-06,0.0,4.5410123842908155e-06,1.3095238095238094e-06,0.16999999999999998,0.16999999999999998,-0.04999999999999998,-1.0580494964845535e-05
2018-02-28,0.00016903880039479232,1.827962284053934e-06,1.7656105255413797e-06,0.0,4.526172796646591e-06,0.0,0.16866837532678502,0.0,0.0,0.00016091905478855041
2018-03-01,0.0,0.0,0.0,0.0,0.0,0.0,0.0,0.0,0.0,0.0
2018-03-02,0.0,0.0,0.0,0.0,0.0,0.0,0.0,0.0,0.0,0.0
2018-03-05,0.0,0.0,0.0,0.0,0.0,0.0,0.0,0.0,0.0,0.0
2018-03-06,0.0,0.0,0.0,0.0,0.0,0.0,0.0,0.0,0.0,0.0
2018-03-07,0.0,0.0,0.0,0.0,0.0,0.0,0.0,0.0,0.0,0.0
2018-03-08,0.0,0.0,0.0,0.0,0.0,0.0,0.0,0.0,0.0,0.0
2018-03-09,0.0,0.0,0.0,0.0,0.0,0.0,0.0,0.0,0.0,0.0
2018-03-12,0.0,0.0,0.0,0.0,0.0,0.0,0.0,0.0,0.0,0.0
2018-03-13,0.0,0.0,0.0,0.0,0.0,0.0,0.0,0.0,0.0,0.0
2018-03-14,0.0,0.0,0.0,0.0,0.0,0.0,0.0,0.0,0.0,0.0
2018-03-15,0.0,0.0,0.0,0.0,0.0,0.0,0.0,0.0,0.0,0.0
2018-03-16,0.0,0.0,0.0,0.0,0.0,0.0,0.0,0.0,0.0,0.0
2018-03-19,0.0,0.0,0.0,0.0,0.0,0.0,0.0,0.0,0.0,0.0
2018-03-20,0.0,0.0,0.0,0.0,0.0,0.0,0.0,0.0,0.0,0.0
2018-03-21,0.0,0.0,0.0,0.0,0.0,0.0,0.0,0.0,0.0,0.0
2018-03-22,0.0,0.0,0.0,0.0,0.0,0.0,0.0,0.0,0.0,0.0
2018-03-23,0.0,0.0,0.0,0.0,0.0,0.0,0.0,0.0,0.0,0.0
2018-03-26,0.0,0.0,0.0,0.0,0.0,0.0,0.0,0.0,0.0,0.0
2018-03-27,0.0,0.0,0.0,0.0,0.0,0.0,0.0,0.0,0.0,0.0
2018-03-28,0.0,0.0,0.0,0.0,0.0,0.0,0.0,0.0,0.0,0.0
2018-03-29,0.0,0.0,0.0,0.0,0.0,0.0,0.0,0.0,0.0,0.0
2018-04-02,0.0,0.0,0.0,0.0,0.0,0.0,0.0,0.0,0.0,0.0
2018-04-03,0.0,0.0,0.0,0.0,0.0,0.0,0.0,0.0,0.0,0.0
2018-04-04,0.0,0.0,0.0,0.0,0.0,0.0,0.0,0.0,0.0,0.0
2018-04-05,0.0,0.0,0.0,0.0,0.0,0.0,0.0,0.0,0.0,0.0
2018-04-06,0.0,0.0,0.0,0.0,0.0,0.0,0.0,0.0,0.0,0.0
2018-04-09,0.0,0.0,0.0,0.0,0.0,0.0,0.0,0.0,0.0,0.0
2018-04-10,0.0,0.0,0.0,0.0,0.0,0.0,0.0,0.0,0.0,0.0
2018-04-11,0.0,0.0,0.0,0.0,0.0,0.0,0.0,0.0,0.0,0.0
2018-04-12,0.0,0.0,0.0,0.0,0.0,0.0,0.0,0.0,0.0,0.0
2018-04-13,0.0,0.0,0.0,0.0,0.0,0.0,0.0,0.0,0.0,0.0
2018-04-16,0.0,0.0,0.0,0.0,0.0,0.0,0.0,0.0,0.0,0.0
2018-04-17,0.0,0.0,0.0,0.0,0.0,0.0,0.0,0.0,0.0,0.0
2018-04-18,0.0,0.0,0.0,0.0,0.0,0.0,0.0,0.0,0.0,0.0
2018-04-19,0.0,0.0,0.0,0.0,0.0,0.0,0.0,0.0,0.0,0.0
2018-04-20,0.0,3.6980684749871085e-06,2.8998452180944955e-06,0.0,5.7127460763007545e-06,1.3095238095238094e-06,0.16999999999999998,0.16999999999999998,-0.04999999999999998,-1.3620183578906168e-05
2018-04-23,-0.0009997936896936235,3.6980684749871085e-06,2.0691225405162804e-06,0.0,5.6237797218445e-06,0.0,0.169405388095288,0.0,0.0,-0.0010111846604309715
2018-04-24,0.0,0.0,0.0,0.0,0.0,0.0,0.0,0.0,0.0,0.0
2018-04-25,0.0,8.240268907961591e-06,5.01386982498903e-06,0.0,1.7177270860737107e-05,2.0238095238095237e-06,0.29,0.29,-0.04999999999999999,-3.245521911749725e-05
2018-04-26,-0.0017581149210657047,2.8862172059682107e-05,1.3871731045205887e-05,0.0,6.509961246410722e-05,3.928571428571428e-06,1.0017440674699762,0.71,0.04999999999999995,-0.0018698770080632712
2018-04-27,-0.0029795360911441787,2.979471112022148e-05,1.6812993620583053e-05,0.0,6.907040198220016e-05,2.2619047619047617e-06,1.0399649487783957,0.32999999999999996,-0.05000000000000001,-0.003097476102629088
2018-04-30,0.000982806137276999,9.172807968500966e-06,4.726164996054009e-06,0.0,2.0629291353426677e-05,0.0,0.32586851355504176,0.0,0.0,0.0009482778729590173
2018-05-01,0.0,7.060022121393881e-06,2.487688581314879e-06,0.0,1.1853526173728376e-05,7.142857142857143e-07,0.16999999999999998,0.16999999999999998,0.04999999999999999,-2.2115522590722846e-05
2018-05-02,0.0012002018973918732,1.3591773847981111e-05,5.138263112642917e-06,0.0,2.5028174103544503e-05,1.6666666666666665e-06,0.3231217714161478,0.32999999999999996,0.05000000000000002,0.001154777019661038
2018-05-03,0.0013280193335613965,7.437383508160065e-06,5.303237943386989e-06,0.0,1.3152133889542067e-05,0.0,0.3302040523137935,0.0,0.0,0.0013021265782203074
2018-05-04,0.0,0.0,0.0,0.0,0.0,0.0,0.0,0.0,0.0,0.0
2018-05-07,0.0,0.0,0.0,0.0,0.0,0.0,0.0,0.0,0.0,0.0
2018-05-08,0.0,0.0,0.0,0.0,0.0,0.0,0.0,0.0,0.0,0.0
2018-05-09,0.0,0.0,0.0,0.0,0.0,0.0,0.0,0.0,0.0,0.0
2018-05-10,0.0,0.0,0.0,0.0,0.0,0.0,0.0,0.0,0.0,0.0
2018-05-11,0.0,0.0,0.0,0.0,0.0,0.0,0.0,0.0,0.0,0.0
2018-05-14,0.0,0.0,0.0,0.0,0.0,0.0,0.0,0.0,0.0,0.0
2018-05-15,0.0,0.0,0.0,0.0,0.0,0.0,0.0,0.0,0.0,0.0
2018-05-16,0.0,0.0,0.0,0.0,0.0,0.0,0.0,0.0,0.0,0.0
2018-05-17,0.0,0.0,0.0,0.0,0.0,0.0,0.0,0.0,0.0,0.0
2018-05-18,0.0,0.0,0.0,0.0,0.0,0.0,0.0,0.0,0.0,0.0
2018-05-21,0.0,0.0,0.0,0.0,0.0,0.0,0.0,0.0,0.0,0.0
2018-05-22,0.0,0.0,0.0,0.0,0.0,0.0,0.0,0.0,0.0,0.0
2018-05-23,0.0,0.0,0.0,0.0,0.0,0.0,0.0,0.0,0.0,0.0
2018-05-24,0.0,3.810190213997769e-06,4.493403903818809e-06,0.0,1.2360397028952999e-05,2.0238095238095237e-06,0.29000000000000004,0.29000000000000004,-0.05,-2.26878006705791e-05
2018-05-25,-0.0015914983357817713,3.810190213997769e-06,3.5786992655133836e-06,0.0,1.2355293918647466e-05,0.0,0.28901858080745024,0.0,0.0,-0.0016112425191799299
2018-05-29,0.0,0.0,0.0,0.0,0.0,0.0,0.0,0.0,0.0,0.0
2018-05-30,0.0,0.0,0.0,0.0,0.0,0.0,0.0,0.0,0.0,0.0
2018-05-31,0.0,0.0,0.0,0.0,0.0,0.0,0.0,0.0,0.0,0.0
2018-06-01,0.0,0.0,0.0,0.0,0.0,0.0,0.0,0.0,0.0,0.0
2018-06-04,0.0,0.0,0.0,0.0,0.0,0.0,0.0,0.0,0.0,0.0
2018-06-05,0.0,0.0,0.0,0.0,0.0,0.0,0.0,0.0,0.0,0.0
2018-06-06,0.0,0.0,0.0,0.0,0.0,0.0,0.0,0.0,0.0,0.0
2018-06-07,0.0,0.0,0.0,0.0,0.0,0.0,0.0,0.0,0.0,0.0
2018-06-08,0.0,0.0,0.0,0.0,0.0,0.0,0.0,0.0,0.0,0.0
2018-06-11,0.0,0.0,0.0,0.0,0.0,0.0,0.0,0.0,0.0,0.0
2018-06-12,0.0,0.0,0.0,0.0,0.0,0.0,0.0,0.0,0.0,0.0
2018-06-13,0.0,0.0,0.0,0.0,0.0,0.0,0.0,0.0,0.0,0.0
2018-06-14,0.0,0.0,0.0,0.0,0.0,0.0,0.0,0.0,0.0,0.0
2018-06-15,0.0,0.0,0.0,0.0,0.0,0.0,0.0,0.0,0.0,0.0
2018-06-18,0.0,0.0,0.0,0.0,0.0,0.0,0.0,0.0,0.0,0.0
2018-06-19,0.0,0.0,0.0,0.0,0.0,0.0,0.0,0.0,0.0,0.0
2018-06-20,0.0,0.0,0.0,0.0,0.0,0.0,0.0,0.0,0.0,0.0
2018-06-21,0.0,0.0,0.0,0.0,0.0,0.0,0.0,0.0,0.0,0.0
2018-06-22,0.0,0.0,0.0,0.0,0.0,0.0,0.0,0.0,0.0,0.0
2018-06-25,0.0,0.0,0.0,0.0,0.0,0.0,0.0,0.0,0.0,0.0
2018-06-26,0.0,0.0,0.0,0.0,0.0,0.0,0.0,0.0,0.0,0.0
2018-06-27,0.0,0.0,0.0,0.0,0.0,0.0,0.0,0.0,0.0,0.0
2018-06-28,0.0,0.0,0.0,0.0,0.0,0.0,0.0,0.0,0.0,0.0
2018-06-29,0.0,0.0,0.0,0.0,0.0,0.0,0.0,0.0,0.0,0.0
2018-07-02,0.0,0.0,0.0,0.0,0.0,0.0,0.0,0.0,0.0,0.0
2018-07-05,0.0,0.0,0.0,0.0,0.0,0.0,0.0,0.0,0.0,0.0
2018-07-06,0.0,0.0,0.0,0.0,0.0,0.0,0.0,0.0,0.0,0.0
2018-07-09,0.0,0.0,0.0,0.0,0.0,0.0,0.0,0.0,0.0,0.0
2018-07-10,0.0,0.0,0.0,0.0,0.0,0.0,0.0,0.0,0.0,0.0
2018-07-11,0.0,0.0,0.0,0.0,0.0,0.0,0.0,0.0,0.0,0.0
2018-07-12,0.0,0.0,0.0,0.0,0.0,0.0,0.0,0.0,0.0,0.0
2018-07-13,0.0,0.0,0.0,0.0,0.0,0.0,0.0,0.0,0.0,0.0
2018-07-16,0.0,0.0,0.0,0.0,0.0,0.0,0.0,0.0,0.0,0.0
2018-07-17,0.0,1.5205189511343616e-06,1.7389279800031243e-06,0.0,2.265805274919737e-06,7.142857142857143e-07,0.16999999999999998,0.16999999999999998,0.05,-6.239537920342937e-06
2018-07-18,0.0006104655179521404,1.5205189511343611e-06,2.9097701728503117e-06,0.0,2.2671814547001552e-06,0.0,0.17072294794257328,0.0,0.0,0.0006037680473734556
2018-07-19,0.0,0.0,0.0,0.0,0.0,0.0,0.0,0.0,0.0,0.0
2018-07-20,0.0,7.582156975425271e-06,4.484303442712078e-06,0.0,1.1413977116487796e-05,1.6666666666666665e-06,0.32999999999999996,0.32999999999999996,0.04999999999999999,-2.514710420129181e-05
2018-07-23,0.0010891233739152625,7.582156975425269e-06,5.288970938981513e-06,0.0,1.1464568778102686e-05,0.0,0.3312368916616789,0.0,0.0,0.001064787677222753
2018-07-24,0.0,0.0,0.0,0.0,0.0,0.0,0.0,0.0,0.0,0.0
2018-07-25,0.0,1.5509300688716188e-06,2.138516889207891e-06,0.0,3.856810036663746e-06,9.429363598429928e-07,0.1392066542268114,0.1392066542268114,-0.019206654226811386,-8.489193354586248e-06
2018-07-26,0.002069819555140161,1.5857737044520055e-05,7.874477621310913e-06,0.0,3.5854678922322346e-05,2.0238095238095237e-06,0.5312781748401076,0.3899999999999999,0.04999999999999996,0.002008208852028198
2018-07-27,0.0016082657990760599,2.1767204495800122e-05,1.2242646366271921e-05,0.0,4.9732502704434514e-05,2.6190476190476196e-06,0.7760279120507257,0.38999999999999996,-0.05000000000000001,0.0015219043978905056
2018-07-30,0.0019404095416165074,7.460397520151685e-06,5.322075272258903e-06,0.0,1.9300964294495102e-05,0.0,0.3930724360035484,0.0,0.0,0.0019083261045296017
2018-07-31,0.0,1.8778515567145808e-06,1.7685292479108634e-06,0.0,3.059399691336156e-06,7.142857142857143e-07,0.17000000000000004,0.17000000000000004,0.05000000000000003,-7.4200662102473145e-06
2018-08-01,-0.0020859708360500603,2.663153872291166e-06,5.714307278278329e-06,0.0,8.33640834760045e-06,1.3095238095238096e-06,0.34132164290582556,0.16999999999999998,-0.05,-0.0021039942293577542
2018-08-02,-0.0005646450435961377,1.5862537281528965e-05,1.1495861816613908e-05,0.0,4.025947044788888e-05,3.8095238095238094e-06,0.8619093190006637,0.69,0.04999999999999996,-0.0006360724369516933
2018-08-03,-0.003382881440598825,1.5077234965952377e-05,1.0567420788897377e-05,0.0,3.547731820908375e-05,0.0,0.6985094232008305,0.0,0.0,-0.0034440034145627584
2018-08-06,0.0,0.0,0.0,0.0,0.0,0.0,0.0,0.0,0.0,0.0
2018-08-07,0.0,0.0,0.0,0.0,0.0,0.0,0.0,0.0,0.0,0.0
2018-08-08,0.0,0.0,0.0,0.0,0.0,0.0,0.0,0.0,0.0,0.0
2018-08-09,0.0,0.0,0.0,0.0,0.0,0.0,0.0,0.0,0.0,0.0
2018-08-10,0.0,0.0,0.0,0.0,0.0,0.0,0.0,0.0,0.0,0.0
2018-08-13,0.0,0.0,0.0,0.0,0.0,0.0,0.0,0.0,0.0,0.0
2018-08-14,0.0,0.0,0.0,0.0,0.0,0.0,0.0,0.0,0.0,0.0
2018-08-15,0.0,0.0,0.0,0.0,0.0,0.0,0.0,0.0,0.0,0.0
2018-08-16,0.0,2.9672170003923427e-06,2.8640858060420164e-06,0.0,2.545139294096267e-06,1.3095238095238096e-06,0.16999999999999998,0.16999999999999998,-0.049999999999999996,-9.685965910054434e-06
2018-08-17,7.445467219957059e-06,2.9672170003923427e-06,2.0282281334240236e-06,0.0,2.701779306327538e-06,0.0,0.17186546423177668,0.0,0.0,-2.5175722018684626e-07
2018-08-20,0.0,0.0,0.0,0.0,0.0,0.0,0.0,0.0,0.0,0.0
2018-08-21,0.0,0.0,0.0,0.0,0.0,0.0,0.0,0.0,0.0,0.0
2018-08-22,0.0,0.0,0.0,0.0,0.0,0.0,0.0,0.0,0.0,0.0
2018-08-23,0.0,0.0,0.0,0.0,0.0,0.0,0.0,0.0,0.0,0.0
2018-08-24,0.0,0.0,0.0,0.0,0.0,0.0,0.0,0.0,0.0,0.0
2018-08-27,0.0,0.0,0.0,0.0,0.0,0.0,0.0,0.0,0.0,0.0
2018-08-28,0.0,0.0,0.0,0.0,0.0,0.0,0.0,0.0,0.0,0.0
2018-08-29,0.0,0.0,0.0,0.0,0.0,0.0,0.0,0.0,0.0,0.0
2018-08-30,0.0,0.0,0.0,0.0,0.0,0.0,0.0,0.0,0.0,0.0
2018-08-31,0.0,0.0,0.0,0.0,0.0,0.0,0.0,0.0,0.0,0.0
2018-09-04,0.0,0.0,0.0,0.0,0.0,0.0,0.0,0.0,0.0,0.0
2018-09-05,0.0,0.0,0.0,0.0,0.0,0.0,0.0,0.0,0.0,0.0
2018-09-06,0.0,0.0,0.0,0.0,0.0,0.0,0.0,0.0,0.0,0.0
2018-09-07,0.0,0.0,0.0,0.0,0.0,0.0,0.0,0.0,0.0,0.0
2018-09-10,0.0,0.0,0.0,0.0,0.0,0.0,0.0,0.0,0.0,0.0
2018-09-11,0.0,0.0,0.0,0.0,0.0,0.0,0.0,0.0,0.0,0.0
2018-09-12,0.0,0.0,0.0,0.0,0.0,0.0,0.0,0.0,0.0,0.0
2018-09-13,0.0,0.0,0.0,0.0,0.0,0.0,0.0,0.0,0.0,0.0
2018-09-14,0.0,0.0,0.0,0.0,0.0,0.0,0.0,0.0,0.0,0.0
2018-09-17,0.0,0.0,0.0,0.0,0.0,0.0,0.0,0.0,0.0,0.0
2018-09-18,0.0,0.0,0.0,0.0,0.0,0.0,0.0,0.0,0.0,0.0
2018-09-19,0.0,0.0,0.0,0.0,0.0,0.0,0.0,0.0,0.0,0.0
2018-09-20,0.0,0.0,0.0,0.0,0.0,0.0,0.0,0.0,0.0,0.0
2018-09-21,0.0,0.0,0.0,0.0,0.0,0.0,0.0,0.0,0.0,0.0
2018-09-24,0.0,0.0,0.0,0.0,0.0,0.0,0.0,0.0,0.0,0.0
2018-09-25,0.0,0.0,0.0,0.0,0.0,0.0,0.0,0.0,0.0,0.0
2018-09-26,0.0,0.0,0.0,0.0,0.0,0.0,0.0,0.0,0.0,0.0
2018-09-27,0.0,0.0,0.0,0.0,0.0,0.0,0.0,0.0,0.0,0.0
2018-09-28,0.0,0.0,0.0,0.0,0.0,0.0,0.0,0.0,0.0,0.0
2018-10-01,0.0,0.0,0.0,0.0,0.0,0.0,0.0,0.0,0.0,0.0
2018-10-02,0.0,0.0,0.0,0.0,0.0,0.0,0.0,0.0,0.0,0.0
2018-10-03,0.0,0.0,0.0,0.0,0.0,0.0,0.0,0.0,0.0,0.0
2018-10-04,0.0,0.0,0.0,0.0,0.0,0.0,0.0,0.0,0.0,0.0
2018-10-05,0.0,0.0,0.0,0.0,0.0,0.0,0.0,0.0,0.0,0.0
2018-10-08,0.0,0.0,0.0,0.0,0.0,0.0,0.0,0.0,0.0,0.0
2018-10-09,0.0,0.0,0.0,0.0,0.0,0.0,0.0,0.0,0.0,0.0
2018-10-10,0.0,0.0,0.0,0.0,0.0,0.0,0.0,0.0,0.0,0.0
2018-10-11,0.0,0.0,0.0,0.0,0.0,0.0,0.0,0.0,0.0,0.0
2018-10-12,0.0,0.0,0.0,0.0,0.0,0.0,0.0,0.0,0.0,0.0
2018-10-15,0.0,0.0,0.0,0.0,0.0,0.0,0.0,0.0,0.0,0.0
2018-10-16,0.0,0.0,0.0,0.0,0.0,0.0,0.0,0.0,0.0,0.0
2018-10-17,0.0,0.0,0.0,0.0,0.0,0.0,0.0,0.0,0.0,0.0
2018-10-18,0.0,0.0,0.0,0.0,0.0,0.0,0.0,0.0,0.0,0.0
2018-10-19,0.0,0.0,0.0,0.0,0.0,0.0,0.0,0.0,0.0,0.0
2018-10-22,0.0,0.0,0.0,0.0,0.0,0.0,0.0,0.0,0.0,0.0
2018-10-23,0.0,0.0,0.0,0.0,0.0,0.0,0.0,0.0,0.0,0.0
2018-10-24,0.0,5.968636628341238e-06,5.064939344294608e-06,0.0,1.7254396304555915e-05,2.1428571428571427e-06,0.41000000000000003,0.41000000000000003,0.05000000000000004,-3.0430829420048903e-05
2018-10-25,0.0023796842255125357,2.126295433661007e-05,1.2484358553910776e-05,0.0,5.1183001057777775e-05,3.095238095238095e-06,0.7739556329032953,0.5700000000000001,0.05000000000000002,0.002291658673468999
2018-10-26,0.003977770193160589,2.661566640406942e-05,1.3703040865763357e-05,0.0,4.995902677374065e-05,2.261904761904762e-06,0.8879168114520855,0.33,-0.05000000000000002,0.0038852305543551112
2018-10-29,0.001780585802614941,1.0269846980943613e-05,5.027380504583307e-06,0.0,2.0162705375259637e-05,0.0,0.33017272819021426,0.0,0.0,0.0017451258697541545
2018-10-30,0.0,0.0,0.0,0.0,0.0,0.0,0.0,0.0,0.0,0.0
2018-10-31,0.0,4.1005569946237125e-06,3.5676190457549294e-06,0.0,1.0437817717524185e-05,1.4285714285714286e-06,0.29000000000000004,0.29000000000000004,0.05,-1.9534565186474258e-05
2018-11-01,0.0007721710552627348,4.1005569946237125e-06,4.5912519823926464e-06,0.0,1.0414184879252035e-05,0.0,0.2901997794303888,0.0,0.0,0.0007530650614064664
2018-11-02,0.0,5.708271429829469e-06,2.529528384279476e-06,0.0,6.776640616539581e-06,7.142857142857143e-07,0.17,0.17,0.05,-1.572872614493424e-05
2018-11-05,-0.0009630800084778742,5.7082714298294685e-06,2.809041044163702e-06,0.0,7.22393554469983e-06,0.0,0.17270504226226446,0.0,0.0,-0.0009788212564965672
2018-11-06,0.0,1.6409673188262055e-06,1.7671836268008232e-06,0.0,6.090052041982133e-06,7.142857142857143e-07,0.16999999999999998,0.16999999999999998,0.05,-1.0212488701894878e-05
2018-11-07,0.0006311576266321982,1.6409673188262058e-06,2.928435651095056e-06,0.0,6.024918595344367e-06,0.0,0.1728264469017294,0.0,0.0,0.0006205633050669325
2018-11-08,0.0,2.8339504824631246e-06,1.8007315640407007e-06,0.0,6.888119741776211e-06,7.142857142857143e-07,0.16999999999999998,0.16999999999999998,0.05,-1.2237087502565752e-05
2018-11-09,0.001155112305717694,2.833950482463124e-06,3.021595638615975e-06,0.0,6.775753066871618e-06,0.0,0.167202526550971,0.0,0.0,0.0011424810065297432
2018-11-12,0.0,0.0,0.0,0.0,0.0,0.0,0.0,0.0,0.0,0.0
2018-11-13,0.0,0.0,0.0,0.0,0.0,0.0,0.0,0.0,0.0,0.0
2018-11-14,0.0,0.0,0.0,0.0,0.0,0.0,0.0,0.0,0.0,0.0
2018-11-15,0.0,0.0,0.0,0.0,0.0,0.0,0.0,0.0,0.0,0.0
2018-11-16,0.0,0.0,0.0,0.0,0.0,0.0,0.0,0.0,0.0,0.0
2018-11-19,0.0,0.0,0.0,0.0,0.0,0.0,0.0,0.0,0.0,0.0
2018-11-20,0.0,3.820559088706857e-06,2.0042688232013386e-06,0.0,6.762559381415476e-06,7.142857142857143e-07,0.16999999999999998,0.16999999999999998,0.04999999999999999,-1.3301673007609386e-05
2018-11-21,-0.0013199988146063845,3.820559088706857e-06,2.9883518487411486e-06,0.0,6.929586176289631e-06,0.0,0.16995161300915268,0.0,0.0,-0.0013337373117201221
2018-11-26,0.0,0.0,0.0,0.0,0.0,0.0,0.0,0.0,0.0,0.0
2018-11-27,0.0,0.0,0.0,0.0,0.0,0.0,0.0,0.0,0.0,0.0
2018-11-28,0.0,0.0,0.0,0.0,0.0,0.0,0.0,0.0,0.0,0.0
2018-11-29,0.0,0.0,0.0,0.0,0.0,0.0,0.0,0.0,0.0,0.0
2018-11-30,0.0,0.0,0.0,0.0,0.0,0.0,0.0,0.0,0.0,0.0
2018-12-03,0.0,0.0,0.0,0.0,0.0,0.0,0.0,0.0,0.0,0.0
2018-12-04,0.0,0.0,0.0,0.0,0.0,0.0,0.0,0.0,0.0,0.0
2018-12-06,0.0,0.0,0.0,0.0,0.0,0.0,0.0,0.0,0.0,0.0
2018-12-07,0.0,0.0,0.0,0.0,0.0,0.0,0.0,0.0,0.0,0.0
2018-12-10,0.0,0.0,0.0,0.0,0.0,0.0,0.0,0.0,0.0,0.0
2018-12-11,0.0,0.0,0.0,0.0,0.0,0.0,0.0,0.0,0.0,0.0
2018-12-12,0.0,0.0,0.0,0.0,0.0,0.0,0.0,0.0,0.0,0.0
2018-12-13,0.0,0.0,0.0,0.0,0.0,0.0,0.0,0.0,0.0,0.0
2018-12-14,0.0,0.0,0.0,0.0,0.0,0.0,0.0,0.0,0.0,0.0
2018-12-17,0.0,0.0,0.0,0.0,0.0,0.0,0.0,0.0,0.0,0.0
2018-12-18,0.0,0.0,0.0,0.0,0.0,0.0,0.0,0.0,0.0,0.0
2018-12-19,0.0,0.0,0.0,0.0,0.0,0.0,0.0,0.0,0.0,0.0
2018-12-20,0.0,0.0,0.0,0.0,0.0,0.0,0.0,0.0,0.0,0.0
2018-12-21,0.0,0.0,0.0,0.0,0.0,0.0,0.0,0.0,0.0,0.0
2018-12-26,0.0,0.0,0.0,0.0,0.0,0.0,0.0,0.0,0.0,0.0
2018-12-27,0.0,0.0,0.0,0.0,0.0,0.0,0.0,0.0,0.0,0.0
2018-12-28,0.0,0.0,0.0,0.0,0.0,0.0,0.0,0.0,0.0,0.0
2018-12-31,0.0,0.0,0.0,0.0,0.0,0.0,0.0,0.0,0.0,0.0
2019-01-02,0.0,0.0,0.0,0.0,0.0,0.0,0.0,0.0,0.0,0.0
2019-01-03,0.0,0.0,0.0,0.0,0.0,0.0,0.0,0.0,0.0,0.0
2019-01-04,0.0,0.0,0.0,0.0,0.0,0.0,0.0,0.0,0.0,0.0
2019-01-07,0.0,7.452911937948125e-07,1.707777811712606e-06,0.0,5.513267203984875e-06,7.142857142857143e-07,0.17,0.17,0.05000000000000002,-8.680621923778009e-06
2019-01-08,0.0009655426945362839,7.452911937948125e-07,2.8241752945930865e-06,0.0,5.5260995200953025e-06,0.0,0.1711548990356831,0.0,0.0,0.0009564471285278006
2019-01-09,0.0,0.0,0.0,0.0,0.0,0.0,0.0,0.0,0.0,0.0
2019-01-10,0.0,0.0,0.0,0.0,0.0,0.0,0.0,0.0,0.0,0.0
2019-01-11,0.0,0.0,0.0,0.0,0.0,0.0,0.0,0.0,0.0,0.0
2019-01-14,0.0,0.0,0.0,0.0,0.0,0.0,0.0,0.0,0.0,0.0
2019-01-15,0.0,0.0,0.0,0.0,0.0,0.0,0.0,0.0,0.0,0.0
2019-01-16,0.0,0.0,0.0,0.0,0.0,0.0,0.0,0.0,0.0,0.0
2019-01-17,0.0,0.0,0.0,0.0,0.0,0.0,0.0,0.0,0.0,0.0
2019-01-18,0.0,8.515960740943634e-06,3.004167256363359e-06,0.0,1.3220040051062172e-05,1.0388795843181458e-06,0.16726588508272422,0.16726588508272422,-0.007265885082724239,-2.577904763268731e-05
2019-01-22,7.104195865310975e-05,8.515960740943634e-06,2.680370642358064e-06,0.0,1.3407858569434683e-05,0.0,0.1660645448509157,0.0,0.0,4.6437768700373364e-05
2019-01-23,0.0,0.0,0.0,0.0,0.0,0.0,0.0,0.0,0.0,0.0
2019-01-24,0.0,2.430638263082097e-06,2.8985748951257316e-06,0.0,1.2216298773126353e-05,1.278573915910114e-06,0.16740020893644958,0.16740020893644958,-0.047400208936449584,-1.8824085847244293e-05
2019-01-25,-0.001436936988097938,4.891464082424343e-06,3.550973918402603e-06,0.0,1.740211375292661e-05,1.3095238095238094e-06,0.24515778803600974,0.16999999999999998,-0.049999999999999996,-0.0014640910636612155
2019-01-28,0.0012861556894846647,2.9433116173212046e-06,1.876993804394619e-06,0.0,4.767606484038801e-06,0.0,0.16837462169567433,0.0,0.0,0.00127656777757891
2019-01-29,0.0,2.4687304108735575e-06,1.7986169350943804e-06,0.0,1.1337333571277478e-05,7.142857142857143e-07,0.162787793563812,0.162787793563812,0.04278779356381201,-1.6318966631531127e-05
2019-01-30,-7.861257964782044e-05,2.468730410873557e-06,2.82554640769307e-06,0.0,1.1487823549761e-05,0.0,0.16463890105563528,0.0,0.0,-9.539468001614806e-05
2019-01-31,0.0,4.758653844303801e-06,4.141559015133799e-06,0.0,2.072332257559534e-05,1.6666666666666665e-06,0.33,0.33,0.05,-3.129020210169961e-05
2019-02-01,0.0018405573411593161,9.446071341032193e-06,8.85988818088773e-06,0.0,3.195225858138733e-05,1.5476190476190474e-06,0.5381857727667207,0.20999999999999996,-0.04999999999999999,0.0017887515040083898
2019-02-04,-0.0017721360067989704,4.687417496728391e-06,2.460583279914977e-06,0.0,1.183025787058144e-05,0.0,0.2113754011305552,0.0,0.0,-0.001791114265446195
2019-02-05,0.0,0.0,0.0,0.0,0.0,0.0,0.0,0.0,0.0,0.0
2019-02-06,0.0,2.074149879403387e-06,2.2561323553810603e-06,0.0,6.924912516071807e-06,9.523809523809522e-07,0.20999999999999996,0.20999999999999996,0.05,-1.2207575703237205e-05
2019-02-07,-0.0002773280223682934,7.393001393047164e-06,8.665331529540543e-06,0.0,2.2081885472346556e-05,2.2619047619047617e-06,0.5387334571488951,0.32999999999999996,-0.05000000000000003,-0.0003177301455251324
2019-02-08,0.0022821580814295986,7.4449067329533304e-06,5.490011931224892e-06,0.0,2.8740109388186754e-05,1.3095238095238096e-06,0.3775166510301311,0.17,-0.05,0.0022391735295677097
2019-02-11,0.00025569088483832624,2.7385689740382666e-06,1.934008834055421e-06,0.0,1.3439544668145058e-05,0.0,0.17030708890625101,0.0,0.0,0.0002375787623620875
2019-02-12,0.0,0.0,0.0,0.0,0.0,0.0,0.0,0.0,0.0,0.0
2019-02-13,0.0,0.0,0.0,0.0,0.0,0.0,0.0,0.0,0.0,0.0
2019-02-14,0.0,2.9625203633081627e-06,2.889409559037576e-06,0.0,4.580562933120789e-06,1.3095238095238094e-06,0.16999999999999998,0.16999999999999998,-0.04999999999999999,-1.1742016664990336e-05
2019-02-15,0.00024466414687981453,2.9625203633081623e-06,2.010308488602728e-06,0.0,4.201209228504573e-06,0.0,0.17230918200696632,0.0,0.0,0.00023549010879939908
2019-02-19,0.0,1.4976865692939672e-06,2.816643528588114e-06,0.0,6.744914658316223e-06,1.3095238095238094e-06,0.16999999999999998,0.16999999999999998,-0.049999999999999996,-1.2368768565722113e-05
2019-02-20,9.750704779746153e-05,9.791244618754387e-06,7.224226425365731e-06,0.0,2.7800214588566153e-05,2.1428571428571427e-06,0.5798195818513273,0.41000000000000003,0.049999999999999996,5.054850502191812e-05
2019-02-21,-0.00311942079137872,8.293558049460419e-06,6.507123159298324e-06,0.0,2.107876483597891e-05,0.0,0.41204410607607334,0.0,0.0,-0.0031553002374234574
2019-02-22,0.0,3.185375837274305e-06,1.9466294182721186e-06,0.0,9.761889969899798e-06,7.142857142857143e-07,0.14876877176618247,0.14876877176618247,0.028768771766182467,-1.5608180939731934e-05
2019-02-25,0.0007774902081979332,3.1853758372743048e-06,2.4156980138315622e-06,0.0,9.721325917539185e-06,0.0,0.14864950028049717,0.0,0.0,0.0007621678084292881
2019-02-26,0.0,0.0,0.0,0.0,0.0,0.0,0.0,0.0,0.0,0.0
2019-02-27,0.0,0.0,0.0,0.0,0.0,0.0,0.0,0.0,0.0,0.0
2019-02-28,0.0,0.0,0.0,0.0,0.0,0.0,0.0,0.0,0.0,0.0
2019-03-01,0.0,0.0,0.0,0.0,0.0,0.0,0.0,0.0,0.0,0.0
2019-03-04,0.0,0.0,0.0,0.0,0.0,0.0,0.0,0.0,0.0,0.0
2019-03-05,0.0,0.0,0.0,0.0,0.0,0.0,0.0,0.0,0.0,0.0
2019-03-06,0.0,0.0,0.0,0.0,0.0,0.0,0.0,0.0,0.0,0.0
2019-03-07,0.0,0.0,0.0,0.0,0.0,0.0,0.0,0.0,0.0,0.0
2019-03-08,0.0,0.0,0.0,0.0,0.0,0.0,0.0,0.0,0.0,0.0
2019-03-11,0.0,0.0,0.0,0.0,0.0,0.0,0.0,0.0,0.0,0.0
2019-03-12,0.0,0.0,0.0,0.0,0.0,0.0,0.0,0.0,0.0,0.0
2019-03-13,0.0,0.0,0.0,0.0,0.0,0.0,0.0,0.0,0.0,0.0
2019-03-14,0.0,0.0,0.0,0.0,0.0,0.0,0.0,0.0,0.0,0.0
2019-03-15,0.0,0.0,0.0,0.0,0.0,0.0,0.0,0.0,0.0,0.0
2019-03-18,0.0,0.0,0.0,0.0,0.0,0.0,0.0,0.0,0.0,0.0
2019-03-19,0.0,0.0,0.0,0.0,0.0,0.0,0.0,0.0,0.0,0.0
2019-03-20,0.0,0.0,0.0,0.0,0.0,0.0,0.0,0.0,0.0,0.0
2019-03-21,0.0,0.0,0.0,0.0,0.0,0.0,0.0,0.0,0.0,0.0
2019-03-22,0.0,0.0,0.0,0.0,0.0,0.0,0.0,0.0,0.0,0.0
2019-03-25,0.0,0.0,0.0,0.0,0.0,0.0,0.0,0.0,0.0,0.0
2019-03-26,0.0,0.0,0.0,0.0,0.0,0.0,0.0,0.0,0.0,0.0
2019-03-27,0.0,0.0,0.0,0.0,0.0,0.0,0.0,0.0,0.0,0.0
2019-03-28,0.0,0.0,0.0,0.0,0.0,0.0,0.0,0.0,0.0,0.0
2019-03-29,0.0,0.0,0.0,0.0,0.0,0.0,0.0,0.0,0.0,0.0
2019-04-01,0.0,0.0,0.0,0.0,0.0,0.0,0.0,0.0,0.0,0.0
2019-04-02,0.0,0.0,0.0,0.0,0.0,0.0,0.0,0.0,0.0,0.0
2019-04-03,0.0,0.0,0.0,0.0,0.0,0.0,0.0,0.0,0.0,0.0
2019-04-04,0.0,0.0,0.0,0.0,0.0,0.0,0.0,0.0,0.0,0.0
2019-04-05,0.0,0.0,0.0,0.0,0.0,0.0,0.0,0.0,0.0,0.0
2019-04-08,0.0,0.0,0.0,0.0,0.0,0.0,0.0,0.0,0.0,0.0
2019-04-09,0.0,0.0,0.0,0.0,0.0,0.0,0.0,0.0,0.0,0.0
2019-04-10,0.0,0.0,0.0,0.0,0.0,0.0,0.0,0.0,0.0,0.0
2019-04-11,0.0,0.0,0.0,0.0,0.0,0.0,0.0,0.0,0.0,0.0
2019-04-12,0.0,0.0,0.0,0.0,0.0,0.0,0.0,0.0,0.0,0.0
2019-04-15,0.0,2.123622110166655e-06,1.745232557817616e-06,0.0,6.037324365215165e-06,7.142857142857143e-07,0.16105858328345105,0.16105858328345105,0.04105858328345106,-1.062046474748515e-05
2019-04-16,7.854228305221339e-05,2.123622110166655e-06,2.80008609968814e-06,0.0,5.785422386018506e-06,0.0,0.16447793447532702,0.0,0.0,6.783315245634009e-05
2019-04-17,0.0,0.0,0.0,0.0,0.0,0.0,0.0,0.0,0.0,0.0
2019-04-18,0.0,8.958028400778006e-06,2.7813056075313354e-06,0.0,9.832215547337566e-06,8.340573457495528e-07,0.13006081704296243,0.13006081704296243,-0.010060817042962432,-2.240560690139646e-05
2019-04-22,-0.00013700795971162465,8.958028400778004e-06,2.0453752721592706e-06,0.0,9.997314617094795e-06,0.0,0.13136650439496078,0.0,0.0,-0.00015800867800165673
2019-04-23,0.0,4.890684471958423e-06,2.665726640459631e-06,0.0,1.5765801120725292e-05,9.523809523809523e-07,0.21,0.21,0.05,-2.42745931855243e-05
2019-04-24,0.00254988014377649,4.8906844719584226e-06,3.5456261342659308e-06,0.0,1.5410116311842116e-05,0.0,0.20785680484894734,0.0,0.0,0.0025260337168584233
2019-04-25,0.0,8.474649804931447e-06,8.97375981886405e-06,0.0,2.9906605266850947e-05,3.928571428571428e-06,0.6099999999999999,0.6099999999999999,-0.04999999999999995,-5.1283586319217864e-05
2019-04-26,-0.004159631755909866,1.1498540035519493e-05,9.148741703410423e-06,0.0,3.908331447300369e-05,1.3095238095238096e-06,0.6301366572955119,0.16999999999999998,-0.05,-0.004220671875931324
2019-04-29,0.0008714641140569994,3.705809018605473e-06,1.9485059929323946e-06,0.0,8.461327458423486e-06,0.0,0.1692398531401174,0.0,0.0,0.000857348471587038
2019-04-30,0.0,6.722693622221568e-06,3.5907411374989166e-06,0.0,1.4412334764075398e-05,1.4289380368635864e-06,0.24003079509654124,0.24003079509654124,-3.0795096541261224e-05,-2.6154707560659468e-05
2019-05-01,0.0008233269525942547,1.759201129286772e-05,1.3854039674555709e-05,0.0,4.054384267577064e-05,4.333333333333334e-06,0.9150961829043959,0.6780000000000002,-0.05000000000000002,0.0007470037256177272
2019-05-02,0.001826600529702778,2.696264951036969e-05,1.6822241175606073e-05,0.0,6.632503363356173e-05,4.166666666666666e-06,1.136695751531852,0.6499999999999999,-0.05000000000000002,0.0017123239387165738
2019-05-03,-0.0015889741840348177,1.6976469484089627e-05,9.291993915170938e-06,0.0,4.027198297583771e-05,0.0,0.6541047814136227,0.0,0.0,-0.001655514630409916
2019-05-06,0.0,0.0,0.0,0.0,0.0,0.0,0.0,0.0,0.0,0.0
2019-05-07,0.0,1.5397907336888574e-06,2.1204671508869196e-06,0.0,5.878315579217067e-06,8.968900305596359e-07,0.1353387625670094,0.1353387625670094,-0.015338762567009412,-1.0435463494352481e-05
2019-05-08,0.002714330758024726,1.5397907336888572e-06,1.655696242664294e-06,0.0,6.217709515818111e-06,0.0,0.1358232368530774,0.0,0.0,0.0027049175615325547
2019-05-09,0.0,2.3965754250586144e-06,2.814150528363792e-06,0.0,7.082774512208185e-06,1.3095238095238098e-06,0.16999999999999998,0.16999999999999998,-0.05,-1.3603024275154402e-05
2019-05-10,-0.0009799580341818773,2.3965754250586144e-06,1.9237353000898414e-06,0.0,6.7746100682974e-06,0.0,0.16787099919640946,0.0,0.0,-0.0009910529549753233
2019-05-13,0.0,0.0,0.0,0.0,0.0,0.0,0.0,0.0,0.0,0.0
2019-05-14,0.0,0.0,0.0,0.0,0.0,0.0,0.0,0.0,0.0,0.0
2019-05-15,0.0,0.0,0.0,0.0,0.0,0.0,0.0,0.0,0.0,0.0
2019-05-16,0.0,0.0,0.0,0.0,0.0,0.0,0.0,0.0,0.0,0.0
2019-05-17,0.0,0.0,0.0,0.0,0.0,0.0,0.0,0.0,0.0,0.0
2019-05-20,0.0,0.0,0.0,0.0,0.0,0.0,0.0,0.0,0.0,0.0
2019-05-21,0.0,0.0,0.0,0.0,0.0,0.0,0.0,0.0,0.0,0.0
2019-05-22,0.0,0.0,0.0,0.0,0.0,0.0,0.0,0.0,0.0,0.0
2019-05-23,0.0,0.0,0.0,0.0,0.0,0.0,0.0,0.0,0.0,0.0
2019-05-24,0.0,0.0,0.0,0.0,0.0,0.0,0.0,0.0,0.0,0.0
2019-05-28,0.0,0.0,0.0,0.0,0.0,0.0,0.0,0.0,0.0,0.0
2019-05-29,0.0,0.0,0.0,0.0,0.0,0.0,0.0,0.0,0.0,0.0
2019-05-30,0.0,0.0,0.0,0.0,0.0,0.0,0.0,0.0,0.0,0.0
2019-05-31,0.0,0.0,0.0,0.0,0.0,0.0,0.0,0.0,0.0,0.0
2019-06-03,0.0,0.0,0.0,0.0,0.0,0.0,0.0,0.0,0.0,0.0
2019-06-04,0.0,0.0,0.0,0.0,0.0,0.0,0.0,0.0,0.0,0.0
2019-06-05,0.0,0.0,0.0,0.0,0.0,0.0,0.0,0.0,0.0,0.0
2019-06-06,0.0,0.0,0.0,0.0,0.0,0.0,0.0,0.0,0.0,0.0
2019-06-07,0.0,0.0,0.0,0.0,0.0,0.0,0.0,0.0,0.0,0.0
2019-06-10,0.0,0.0,0.0,0.0,0.0,0.0,0.0,0.0,0.0,0.0
2019-06-11,0.0,0.0,0.0,0.0,0.0,0.0,0.0,0.0,0.0,0.0
2019-06-12,0.0,0.0,0.0,0.0,0.0,0.0,0.0,0.0,0.0,0.0
2019-06-13,0.0,0.0,0.0,0.0,0.0,0.0,0.0,0.0,0.0,0.0
2019-06-14,0.0,0.0,0.0,0.0,0.0,0.0,0.0,0.0,0.0,0.0
2019-06-17,0.0,0.0,0.0,0.0,0.0,0.0,0.0,0.0,0.0,0.0
2019-06-18,0.0,0.0,0.0,0.0,0.0,0.0,0.0,0.0,0.0,0.0
2019-06-19,0.0,0.0,0.0,0.0,0.0,0.0,0.0,0.0,0.0,0.0
2019-06-20,0.0,0.0,0.0,0.0,0.0,0.0,0.0,0.0,0.0,0.0
2019-06-21,0.0,0.0,0.0,0.0,0.0,0.0,0.0,0.0,0.0,0.0
2019-06-24,0.0,0.0,0.0,0.0,0.0,0.0,0.0,0.0,0.0,0.0
2019-06-25,0.0,0.0,0.0,0.0,0.0,0.0,0.0,0.0,0.0,0.0
2019-06-26,0.0,0.0,0.0,0.0,0.0,0.0,0.0,0.0,0.0,0.0
2019-06-27,0.0,0.0,0.0,0.0,0.0,0.0,0.0,0.0,0.0,0.0
2019-06-28,0.0,0.0,0.0,0.0,0.0,0.0,0.0,0.0,0.0,0.0
2019-07-01,0.0,0.0,0.0,0.0,0.0,0.0,0.0,0.0,0.0,0.0
2019-07-02,0.0,0.0,0.0,0.0,0.0,0.0,0.0,0.0,0.0,0.0
2019-07-05,0.0,0.0,0.0,0.0,0.0,0.0,0.0,0.0,0.0,0.0
2019-07-08,0.0,0.0,0.0,0.0,0.0,0.0,0.0,0.0,0.0,0.0
2019-07-09,0.0,0.0,0.0,0.0,0.0,0.0,0.0,0.0,0.0,0.0
2019-07-10,0.0,0.0,0.0,0.0,0.0,0.0,0.0,0.0,0.0,0.0
2019-07-11,0.0,0.0,0.0,0.0,0.0,0.0,0.0,0.0,0.0,0.0
2019-07-12,0.0,0.0,0.0,0.0,0.0,0.0,0.0,0.0,0.0,0.0
2019-07-15,0.0,0.0,0.0,0.0,0.0,0.0,0.0,0.0,0.0,0.0
2019-07-16,0.0,0.0,0.0,0.0,0.0,0.0,0.0,0.0,0.0,0.0
2019-07-17,0.0,0.0,0.0,0.0,0.0,0.0,0.0,0.0,0.0,0.0
2019-07-18,0.0,1.3997046305167716e-06,1.6729901470161695e-06,0.0,1.1164645754906613e-05,7.299326200799157e-07,0.12131434008671291,0.12131434008671291,-0.0013143400867129135,-1.4967273152519469e-05
2019-07-19,0.0010872837025139163,1.3997046305167716e-06,1.6957935284170995e-06,0.0,1.1207657063557751e-05,0.0,0.12133160183874447,0.0,0.0,0.0010729805472914247
2019-07-22,0.0,0.0,0.0,0.0,0.0,0.0,0.0,0.0,0.0,0.0
2019-07-23,0.0,0.0,0.0,0.0,0.0,0.0,0.0,0.0,0.0,0.0
2019-07-24,0.0,1.1956013279743063e-06,1.7747181945937007e-06,0.0,6.25494783236281e-06,7.142857142857143e-07,0.16999999999999998,0.16999999999999998,0.05,-9.939553069216533e-06
2019-07-25,0.0009908370421342545,1.9439329432649066e-05,9.53856903494643e-06,0.0,3.559788513673438e-05,3.333333333333333e-06,0.641723681459681,0.6099999999999999,0.04999999999999999,0.0009229279251965912
2019-07-26,0.00590143557344245,1.8847740345905062e-05,1.0272845676239218e-05,0.0,2.9699500375832285e-05,0.0,0.6074372077212083,0.0,0.0,0.005842615487044473
2019-07-29,0.0,0.0,0.0,0.0,0.0,0.0,0.0,0.0,0.0,0.0
2019-07-30,0.0,1.4678594392162862e-06,1.6155232857040564e-06,0.0,4.691098468489804e-06,7.205949896518098e-07,0.12052997913075202,0.12052997913075202,-0.0005299791307520202,-8.495076183061957e-06
2019-07-31,0.0005753154332578073,1.2235080367354241e-05,7.953935807169101e-06,0.0,2.51950666779074e-05,2.3809523809523808e-06,0.5695410650761563,0.45,0.05000000000000002,0.0005275503980244242
2019-08-01,0.001342905414142752,2.0635544430568947e-05,1.3482633690108089e-05,0.0,5.550208982980532e-05,2.469937842242374e-06,0.8521287150647636,0.40747477874835936,-0.007474778748359431,0.001250815208350027
2019-08-02,-0.003372620018834735,1.5105417856181373e-05,1.0065138773194199e-05,0.0,4.562513224600728e-05,2.0238095238095237e-06,0.6776204526056409,0.29,-0.05,-0.003445439517233928
2019-08-05,0.0029391006752232697,5.304477702719557e-06,3.6619479559466606e-06,0.0,1.075699452865063e-05,0.0,0.2852636042625938,0.0,0.0,0.0029193772550359528
2019-08-06,0.0,8.294374730887014e-07,1.7173356643356644e-06,0.0,4.352256557008982e-06,7.142857142857143e-07,0.16999999999999998,0.16999999999999998,0.05,-7.613315408719061e-06
2019-08-07,-3.0349962567263323e-05,1.8573100463184475e-06,2.482376489924028e-06,0.0,1.1829252142088158e-05,7.142857142857143e-07,0.18092337874503608,0.17,0.05000000000000001,-4.7233186959879666e-05
2019-08-08,0.0010087185905248677,1.7655065302135623e-06,2.9276628133408105e-06,0.0,7.459518749384916e-06,0.0,0.17276283282092178,0.0,0.0,0.0009965659024319285
2019-08-09,0.0,0.0,0.0,0.0,0.0,0.0,0.0,0.0,0.0,0.0
2019-08-12,0.0,0.0,0.0,0.0,0.0,0.0,0.0,0.0,0.0,0.0
2019-08-13,0.0,0.0,0.0,0.0,0.0,0.0,0.0,0.0,0.0,0.0
2019-08-14,0.0,0.0,0.0,0.0,0.0,0.0,0.0,0.0,0.0,0.0
2019-08-15,0.0,0.0,0.0,0.0,0.0,0.0,0.0,0.0,0.0,0.0
2019-08-16,0.0,0.0,0.0,0.0,0.0,0.0,0.0,0.0,0.0,0.0
2019-08-19,0.0,0.0,0.0,0.0,0.0,0.0,0.0,0.0,0.0,0.0
2019-08-20,0.0,0.0,0.0,0.0,0.0,0.0,0.0,0.0,0.0,0.0
2019-08-21,0.0,0.0,0.0,0.0,0.0,0.0,0.0,0.0,0.0,0.0
2019-08-22,0.0,0.0,0.0,0.0,0.0,0.0,0.0,0.0,0.0,0.0
2019-08-23,0.0,0.0,0.0,0.0,0.0,0.0,0.0,0.0,0.0,0.0
2019-08-26,0.0,0.0,0.0,0.0,0.0,0.0,0.0,0.0,0.0,0.0
2019-08-27,0.0,0.0,0.0,0.0,0.0,0.0,0.0,0.0,0.0,0.0
2019-08-28,0.0,0.0,0.0,0.0,0.0,0.0,0.0,0.0,0.0,0.0
2019-08-29,0.0,0.0,0.0,0.0,0.0,0.0,0.0,0.0,0.0,0.0
2019-08-30,0.0,0.0,0.0,0.0,0.0,0.0,0.0,0.0,0.0,0.0
2019-09-03,0.0,0.0,0.0,0.0,0.0,0.0,0.0,0.0,0.0,0.0
2019-09-04,0.0,0.0,0.0,0.0,0.0,0.0,0.0,0.0,0.0,0.0
2019-09-05,0.0,0.0,0.0,0.0,0.0,0.0,0.0,0.0,0.0,0.0
2019-09-06,0.0,0.0,0.0,0.0,0.0,0.0,0.0,0.0,0.0,0.0
2019-09-09,0.0,0.0,0.0,0.0,0.0,0.0,0.0,0.0,0.0,0.0
2019-09-10,0.0,0.0,0.0,0.0,0.0,0.0,0.0,0.0,0.0,0.0
2019-09-11,0.0,0.0,0.0,0.0,0.0,0.0,0.0,0.0,0.0,0.0
2019-09-12,0.0,0.0,0.0,0.0,0.0,0.0,0.0,0.0,0.0,0.0
2019-09-13,0.0,0.0,0.0,0.0,0.0,0.0,0.0,0.0,0.0,0.0
2019-09-16,0.0,0.0,0.0,0.0,0.0,0.0,0.0,0.0,0.0,0.0
2019-09-17,0.0,0.0,0.0,0.0,0.0,0.0,0.0,0.0,0.0,0.0
2019-09-18,0.0,0.0,0.0,0.0,0.0,0.0,0.0,0.0,0.0,0.0
2019-09-19,0.0,0.0,0.0,0.0,0.0,0.0,0.0,0.0,0.0,0.0
2019-09-20,0.0,0.0,0.0,0.0,0.0,0.0,0.0,0.0,0.0,0.0
2019-09-23,0.0,0.0,0.0,0.0,0.0,0.0,0.0,0.0,0.0,0.0
2019-09-24,0.0,0.0,0.0,0.0,0.0,0.0,0.0,0.0,0.0,0.0
2019-09-25,0.0,0.0,0.0,0.0,0.0,0.0,0.0,0.0,0.0,0.0
2019-09-26,0.0,0.0,0.0,0.0,0.0,0.0,0.0,0.0,0.0,0.0
2019-09-27,0.0,0.0,0.0,0.0,0.0,0.0,0.0,0.0,0.0,0.0
2019-09-30,0.0,0.0,0.0,0.0,0.0,0.0,0.0,0.0,0.0,0.0
2019-10-01,0.0,0.0,0.0,0.0,0.0,0.0,0.0,0.0,0.0,0.0
2019-10-02,0.0,0.0,0.0,0.0,0.0,0.0,0.0,0.0,0.0,0.0
2019-10-03,0.0,0.0,0.0,0.0,0.0,0.0,0.0,0.0,0.0,0.0
2019-10-04,0.0,0.0,0.0,0.0,0.0,0.0,0.0,0.0,0.0,0.0
2019-10-07,0.0,0.0,0.0,0.0,0.0,0.0,0.0,0.0,0.0,0.0
2019-10-08,0.0,0.0,0.0,0.0,0.0,0.0,0.0,0.0,0.0,0.0
2019-10-09,0.0,0.0,0.0,0.0,0.0,0.0,0.0,0.0,0.0,0.0
2019-10-10,0.0,0.0,0.0,0.0,0.0,0.0,0.0,0.0,0.0,0.0
2019-10-11,0.0,0.0,0.0,0.0,0.0,0.0,0.0,0.0,0.0,0.0
2019-10-14,0.0,0.0,0.0,0.0,0.0,0.0,0.0,0.0,0.0,0.0
2019-10-15,0.0,0.0,0.0,0.0,0.0,0.0,0.0,0.0,0.0,0.0
2019-10-16,0.0,2.044674517163108e-06,2.789546541155668e-06,0.0,6.927617605413343e-06,1.2350685878580295e-06,0.16374576138007446,0.16374576138007446,-0.04374576138007448,-1.299690725159015e-05
2019-10-17,0.0015405995705468506,1.0001066374505401e-05,5.798869412466981e-06,0.0,2.3003237779046296e-05,2.0238095238095237e-06,0.3654732904920067,0.29000000000000004,-0.05,0.0014997725874570224
2019-10-18,-0.001505547808038702,8.344266200892531e-06,3.6458624237017946e-06,0.0,1.621436664811155e-05,0.0,0.2907212014535022,0.0,0.0,-0.0015337523033114079
2019-10-21,0.0,0.0,0.0,0.0,0.0,0.0,0.0,0.0,0.0,0.0
2019-10-22,0.0,2.4348471219069945e-06,1.783334510957271e-06,0.0,1.2577006099004187e-05,7.142857142857143e-07,0.16798421191972868,0.16798421191972868,0.04798421191972867,-1.7509473446154166e-05
2019-10-23,-0.0012891772593317695,3.811436822539206e-06,5.641942803347074e-06,0.0,2.1435887453495094e-05,1.2280999416555252e-06,0.35232778586946956,0.1831603950990641,-0.02316039509906411,-0.0013212946263528064
2019-10-24,-0.0009083160014090382,1.239269575707544e-05,8.876654459988057e-06,0.0,3.1319477798733056e-05,2.738095238095238e-06,0.5459060915963965,0.4099999999999999,-0.05,-0.00096364292466293
2019-10-25,-0.0019231129851507234,1.2445694156024945e-05,6.737666113634539e-06,0.0,3.05156950092654e-05,8.460749248037634e-07,0.5210853755814895,0.1310702936835161,-0.011070293683516119,-0.001973658115354452
2019-10-28,0.0014418695422917863,1.3223616357144298e-06,1.746079060941537e-06,0.0,7.849529561710098e-06,0.0,0.13209159728780728,0.0,0.0,0.0014309515720334202
2019-10-29,0.0,6.605098168949726e-06,4.912879027111388e-06,0.0,2.6292422168527297e-05,2.1428571428571427e-06,0.3611990577896921,0.3611990577896921,0.001199057789692072,-3.9953256507445555e-05
2019-10-30,0.0011851538538517113,1.1273632338237555e-05,1.1084235459522159e-05,0.0,4.068783018684741e-05,2.3809523809523808e-06,0.8079806917579624,0.44999999999999996,0.04999999999999999,0.0011197272034861518
2019-10-31,0.0010264037297577256,1.421476398115106e-05,1.4666844166022165e-05,0.0,3.212917162370617e-05,3.3333333333333333e-06,0.9560418238540593,0.51,-0.05000000000000002,0.0009620596166535128
2019-11-01,0.000396038973256843,9.535766829405183e-06,6.822527802712342e-06,0.0,1.7333020588220414e-05,0.0,0.5164257699134541,0.0,0.0,0.00036234765803650507
2019-11-04,0.0,0.0,0.0,0.0,0.0,0.0,0.0,0.0,0.0,0.0
2019-11-05,0.0,4.047903572583414e-06,2.9064203729476317e-06,0.0,5.414440062366347e-06,1.3095238095238096e-06,0.16999999999999998,0.16999999999999998,-0.05,-1.3678287817421203e-05
2019-11-06,-0.0006491659388329036,4.047903572583415e-06,2.127504085857927e-06,0.0,5.459260932896799e-06,0.0,0.16975399514966918,0.0,0.0,-0.0006608006074242418
2019-11-07,0.0,0.0,0.0,0.0,0.0,0.0,0.0,0.0,0.0,0.0
2019-11-08,0.0,0.0,0.0,0.0,0.0,0.0,0.0,0.0,0.0,0.0
2019-11-11,0.0,0.0,0.0,0.0,0.0,0.0,0.0,0.0,0.0,0.0
2019-11-12,0.0,0.0,0.0,0.0,0.0,0.0,0.0,0.0,0.0,0.0
2019-11-13,0.0,0.0,0.0,0.0,0.0,0.0,0.0,0.0,0.0,0.0
2019-11-14,0.0,0.0,0.0,0.0,0.0,0.0,0.0,0.0,0.0,0.0
2019-11-15,0.0,0.0,0.0,0.0,0.0,0.0,0.0,0.0,0.0,0.0
2019-11-18,0.0,0.0,0.0,0.0,0.0,0.0,0.0,0.0,0.0,0.0
2019-11-19,0.0,0.0,0.0,0.0,0.0,0.0,0.0,0.0,0.0,0.0
2019-11-20,0.0,0.0,0.0,0.0,0.0,0.0,0.0,0.0,0.0,0.0
2019-11-21,0.0,0.0,0.0,0.0,0.0,0.0,0.0,0.0,0.0,0.0
2019-11-22,0.0,0.0,0.0,0.0,0.0,0.0,0.0,0.0,0.0,0.0
2019-11-25,0.0,0.0,0.0,0.0,0.0,0.0,0.0,0.0,0.0,0.0
2019-11-26,0.0,0.0,0.0,0.0,0.0,0.0,0.0,0.0,0.0,0.0
2019-11-27,0.0,0.0,0.0,0.0,0.0,0.0,0.0,0.0,0.0,0.0
2019-12-02,0.0,0.0,0.0,0.0,0.0,0.0,0.0,0.0,0.0,0.0
2019-12-03,0.0,0.0,0.0,0.0,0.0,0.0,0.0,0.0,0.0,0.0
2019-12-04,0.0,0.0,0.0,0.0,0.0,0.0,0.0,0.0,0.0,0.0
2019-12-05,0.0,0.0,0.0,0.0,0.0,0.0,0.0,0.0,0.0,0.0
2019-12-06,0.0,0.0,0.0,0.0,0.0,0.0,0.0,0.0,0.0,0.0
2019-12-09,0.0,0.0,0.0,0.0,0.0,0.0,0.0,0.0,0.0,0.0
2019-12-10,0.0,0.0,0.0,0.0,0.0,0.0,0.0,0.0,0.0,0.0
2019-12-11,0.0,0.0,0.0,0.0,0.0,0.0,0.0,0.0,0.0,0.0
2019-12-12,0.0,0.0,0.0,0.0,0.0,0.0,0.0,0.0,0.0,0.0
2019-12-13,0.0,0.0,0.0,0.0,0.0,0.0,0.0,0.0,0.0,0.0
2019-12-16,0.0,0.0,0.0,0.0,0.0,0.0,0.0,0.0,0.0,0.0
2019-12-17,0.0,0.0,0.0,0.0,0.0,0.0,0.0,0.0,0.0,0.0
2019-12-18,0.0,1.9463784350773586e-06,1.8479099622422305e-06,0.0,3.8089144604384387e-06,7.142857142857143e-07,0.16999999999999998,0.16999999999999998,0.04999999999999999,-8.317488572043743e-06
2019-12-19,0.00039665981918386907,1.9463784350773586e-06,2.8678503163137333e-06,0.0,3.8110199988408893e-06,0.0,0.17072776641227128,0.0,0.0,0.00038803457043363706
2019-12-20,0.0,0.0,0.0,0.0,0.0,0.0,0.0,0.0,0.0,0.0
2019-12-23,0.0,0.0,0.0,0.0,0.0,0.0,0.0,0.0,0.0,0.0
2019-12-26,0.0,0.0,0.0,0.0,0.0,0.0,0.0,0.0,0.0,0.0
2019-12-27,0.0,0.0,0.0,0.0,0.0,0.0,0.0,0.0,0.0,0.0
2019-12-30,0.0,0.0,0.0,0.0,0.0,0.0,0.0,0.0,0.0,0.0
2019-12-31,0.0,0.0,0.0,0.0,0.0,0.0,0.0,0.0,0.0,0.0
2020-01-02,0.0,0.0,0.0,0.0,0.0,0.0,0.0,0.0,0.0,0.0
2020-01-03,0.0,0.0,0.0,0.0,0.0,0.0,0.0,0.0,0.0,0.0
2020-01-06,0.0,0.0,0.0,0.0,0.0,0.0,0.0,0.0,0.0,0.0
2020-01-07,0.0,0.0,0.0,0.0,0.0,0.0,0.0,0.0,0.0,0.0
2020-01-08,0.0,0.0,0.0,0.0,0.0,0.0,0.0,0.0,0.0,0.0
2020-01-09,0.0,0.0,0.0,0.0,0.0,0.0,0.0,0.0,0.0,0.0
2020-01-10,0.0,0.0,0.0,0.0,0.0,0.0,0.0,0.0,0.0,0.0
2020-01-13,0.0,1.5141732278457855e-06,2.6741110735098475e-06,0.0,1.5804718272868656e-05,1.2415935526264095e-06,0.1642938584206184,0.1642938584206184,-0.04429385842061839,-2.12345961268507e-05
2020-01-14,-0.001697939328508926,1.5141732278457855e-06,1.8122097751692973e-06,0.0,1.6913841453520308e-05,0.0,0.16576478299316816,0.0,0.0,-0.0017181795529654614
2020-01-15,0.0,2.995726803251403e-06,3.631186016061137e-06,0.0,2.673848915634469e-06,1.5476190476190474e-06,0.20999999999999996,0.20999999999999996,-0.04999999999999999,-1.0848380782566057e-05
2020-01-16,0.0003323314049763285,2.995726803251403e-06,2.30001702275059e-06,0.0,2.7111601310261728e-06,0.0,0.21178096277613312,0.0,0.0,0.00032432450101930034
2020-01-17,0.0,6.299248709482006e-06,2.9981615881600743e-06,0.0,6.345227597147725e-06,9.523809523809522e-07,0.21,0.21,0.05,-1.6595018847170755e-05
2020-01-21,-0.0007858417834282392,6.299248709482006e-06,3.418453252287459e-06,0.0,6.28536739868359e-06,0.0,0.2086884570175208,0.0,0.0,-0.0008018448527886922
2020-01-22,0.0,0.0,0.0,0.0,0.0,0.0,0.0,0.0,0.0,0.0
2020-01-23,0.0,0.0,0.0,0.0,0.0,0.0,0.0,0.0,0.0,0.0
2020-01-24,0.0,0.0,0.0,0.0,0.0,0.0,0.0,0.0,0.0,0.0
2020-01-27,0.0,0.0,0.0,0.0,0.0,0.0,0.0,0.0,0.0,0.0
2020-01-28,0.0,0.0,0.0,0.0,0.0,0.0,0.0,0.0,0.0,0.0
2020-01-29,0.0,1.0762608208749094e-05,7.046541549429051e-06,0.0,3.184409214486081e-05,2.864423708297107e-06,0.480611591496957,0.480611591496957,-0.0006115914969570292,-5.251766561133606e-05
2020-01-30,-0.0016763646715834187,1.3092437960501655e-05,1.1051494718372925e-05,0.0,4.793342340579912e-05,1.6666666666666665e-06,0.8132895046868014,0.33000000000000007,0.05000000000000001,-0.0017501086943347592
2020-01-31,0.00041351820120279724,2.3298297517525627e-06,4.85150265128835e-06,0.0,1.5092176167527506e-05,0.0,0.321217126231259,0.0,0.0,0.0003912446926322288
2020-02-03,0.0,0.0,0.0,0.0,0.0,0.0,0.0,0.0,0.0,0.0
2020-02-04,0.0,3.378902294904683e-06,3.5995475983665024e-06,0.0,7.254279868723968e-06,1.4285714285714286e-06,0.29,0.29,0.04999999999999999,-1.5661301190566582e-05
2020-02-05,-0.0033415409203849276,1.158122000353363e-05,6.80322320579989e-06,0.0,1.6463663359693742e-05,1.4285714285714286e-06,0.45337578893379005,0.29,0.05,-0.0033778175983825262
2020-02-06,-0.001321284990656987,9.402591722805719e-06,4.760685145108169e-06,0.0,1.350697858826028e-05,7.142857142857143e-07,0.32248572277354404,0.1699999999999999,0.049999999999999906,-0.0013496695318274468
2020-02-07,0.0005880642667316333,5.508825143418999e-06,3.605007450565834e-06,0.0,1.1735889822407826e-05,7.142857142857143e-07,0.23508949843591642,0.16999999999999998,0.05,0.0005665002586009549
2020-02-10,-0.0002303616625159565,4.71963271036945e-06,2.991835036734862e-06,0.0,7.66753790878772e-06,0.0,0.17146050084815867,0.0,0.0,-0.0002457406681718485
2020-02-11,0.0,2.3055071151892545e-06,2.977447999187144e-06,0.0,6.050955225869133e-06,1.3095238095238098e-06,0.16999999999999998,0.16999999999999998,-0.049999999999999996,-1.2643434149769343e-05
2020-02-12,2.2187935394014e-05,2.3055071151892545e-06,1.7935779884044799e-06,0.0,6.1973688047445285e-06,0.0,0.17078701904176838,0.0,0.0,1.1891481485675738e-05
2020-02-13,0.0,6.765127251338716e-06,2.6538131776480397e-06,0.0,6.661137899652132e-06,7.142857142857143e-07,0.16999999999999998,0.16999999999999998,0.049999999999999996,-1.6794364042924602e-05
2020-02-14,0.001021128417441743,6.765127251338716e-06,2.8280975861509595e-06,0.0,6.522505541764808e-06,0.0,0.1689193769578921,0.0,0.0,0.0010050126870624885
2020-02-18,0.0,0.0,0.0,0.0,0.0,0.0,0.0,0.0,0.0,0.0
2020-02-19,0.0,0.0,0.0,0.0,0.0,0.0,0.0,0.0,0.0,0.0
2020-02-20,0.0,2.5771913497675935e-06,2.3859763721388134e-06,0.0,3.7423074949264127e-06,9.523809523809523e-07,0.21,0.21,0.05,-9.657856169213772e-06
2020-02-21,-0.00046146261527996087,2.577191349767593e-06,3.4266493156130217e-06,0.0,3.7747371598212826e-06,0.0,0.20849497351565777,0.0,0.0,-0.0004712411931051628
2020-02-24,0.0,0.0,0.0,0.0,0.0,0.0,0.0,0.0,0.0,0.0
2020-02-25,0.0,0.0,0.0,0.0,0.0,0.0,0.0,0.0,0.0,0.0
2020-02-26,0.0,0.0,0.0,0.0,0.0,0.0,0.0,0.0,0.0,0.0
2020-02-27,0.0,0.0,0.0,0.0,0.0,0.0,0.0,0.0,0.0,0.0
2020-02-28,0.0,0.0,0.0,0.0,0.0,0.0,0.0,0.0,0.0,0.0
2020-03-02,0.0,0.0,0.0,0.0,0.0,0.0,0.0,0.0,0.0,0.0
2020-03-03,0.0,0.0,0.0,0.0,0.0,0.0,0.0,0.0,0.0,0.0
2020-03-04,0.0,0.0,0.0,0.0,0.0,0.0,0.0,0.0,0.0,0.0
2020-03-05,0.0,0.0,0.0,0.0,0.0,0.0,0.0,0.0,0.0,0.0
2020-03-06,0.0,0.0,0.0,0.0,0.0,0.0,0.0,0.0,0.0,0.0
2020-03-09,0.0,0.0,0.0,0.0,0.0,0.0,0.0,0.0,0.0,0.0
2020-03-10,0.0,0.0,0.0,0.0,0.0,0.0,0.0,0.0,0.0,0.0
2020-03-11,0.0,0.0,0.0,0.0,0.0,0.0,0.0,0.0,0.0,0.0
2020-03-12,0.0,0.0,0.0,0.0,0.0,0.0,0.0,0.0,0.0,0.0
2020-03-13,0.0,0.0,0.0,0.0,0.0,0.0,0.0,0.0,0.0,0.0
2020-03-16,0.0,0.0,0.0,0.0,0.0,0.0,0.0,0.0,0.0,0.0
2020-03-17,0.0,0.0,0.0,0.0,0.0,0.0,0.0,0.0,0.0,0.0
2020-03-18,0.0,0.0,0.0,0.0,0.0,0.0,0.0,0.0,0.0,0.0
2020-03-19,0.0,0.0,0.0,0.0,0.0,0.0,0.0,0.0,0.0,0.0
2020-03-20,0.0,0.0,0.0,0.0,0.0,0.0,0.0,0.0,0.0,0.0
2020-03-23,0.0,0.0,0.0,0.0,0.0,0.0,0.0,0.0,0.0,0.0
2020-03-24,0.0,0.0,0.0,0.0,0.0,0.0,0.0,0.0,0.0,0.0
2020-03-25,0.0,0.0,0.0,0.0,0.0,0.0,0.0,0.0,0.0,0.0
2020-03-26,0.0,0.0,0.0,0.0,0.0,0.0,0.0,0.0,0.0,0.0
2020-03-27,0.0,0.0,0.0,0.0,0.0,0.0,0.0,0.0,0.0,0.0
2020-03-30,0.0,0.0,0.0,0.0,0.0,0.0,0.0,0.0,0.0,0.0
2020-03-31,0.0,0.0,0.0,0.0,0.0,0.0,0.0,0.0,0.0,0.0
2020-04-01,0.0,0.0,0.0,0.0,0.0,0.0,0.0,0.0,0.0,0.0
2020-04-02,0.0,0.0,0.0,0.0,0.0,0.0,0.0,0.0,0.0,0.0
2020-04-03,0.0,2.3666026585675727e-06,2.888846656551446e-06,0.0,1.53254269197827e-05,1.3095238095238096e-06,0.16999999999999998,0.16999999999999998,-0.05000000000000001,-2.189040004442553e-05
2020-04-06,-0.00250766601287869,2.366602658567573e-06,2.013045789199217e-06,0.0,1.6507350140502394e-05,0.0,0.18218205222217698,0.0,0.0,-0.002528553011466959
2020-04-07,0.0,6.002958768030408e-06,2.3580709879799475e-06,0.0,3.1962773981808694e-05,7.142857142857143e-07,0.14143036808929668,0.14143036808929668,0.021430368089296693,-4.103808945210476e-05
2020-04-08,0.0011855712078744872,6.002958768030408e-06,2.368673492853278e-06,0.0,3.3554548603336584e-05,0.0,0.1484186472275387,0.0,0.0,0.0011436450270102668
2020-04-09,0.0,0.0,0.0,0.0,0.0,0.0,0.0,0.0,0.0,0.0
2020-04-13,0.0,7.124331020915419e-07,1.5846540314472673e-06,0.0,1.5547003985759028e-05,7.142857142857143e-07,0.12758332934850872,0.12758332934850872,0.007583329348508718,-1.855837683358355e-05
2020-04-14,0.0008706583966958347,7.12433102091542e-07,1.890002955579455e-06,0.0,1.6199340900107976e-05,0.0,0.1321003006089238,0.0,0.0,0.0008518566197380557
2020-04-15,0.0,0.0,0.0,0.0,0.0,0.0,0.0,0.0,0.0,0.0
2020-04-16,0.0,0.0,0.0,0.0,0.0,0.0,0.0,0.0,0.0,0.0
2020-04-17,0.0,0.0,0.0,0.0,0.0,0.0,0.0,0.0,0.0,0.0
2020-04-20,0.0,0.0,0.0,0.0,0.0,0.0,0.0,0.0,0.0,0.0
2020-04-21,0.0,0.0,0.0,0.0,0.0,0.0,0.0,0.0,0.0,0.0
2020-04-22,0.0,5.0945890891713006e-06,2.6697787148815905e-06,0.0,2.5863050289659772e-05,9.523809523809522e-07,0.21000000000000002,0.21000000000000002,0.05000000000000003,-3.4579799046093616e-05
2020-04-23,0.0013509578632439091,5.094589089171301e-06,3.5636132731699104e-06,0.0,2.540648657609722e-05,0.0,0.2079539841139343,0.0,0.0,0.0013168931743054706
2020-04-24,0.0,0.0,0.0,0.0,0.0,0.0,0.0,0.0,0.0,0.0
2020-04-27,0.0,0.0,0.0,0.0,0.0,0.0,0.0,0.0,0.0,0.0
2020-04-28,0.0,5.257247736373135e-06,6.0650313570082294e-06,0.0,7.205307905800118e-05,2.738095238095238e-06,0.41,0.41,-0.04999999999999999,-8.611345338947778e-05
2020-04-29,-0.0005569218345366045,2.0932058102682376e-05,1.1642831424383317e-05,0.0,0.00010880772787420885,1.6666666666666665e-06,0.7574490693734479,0.32999999999999996,0.05000000000000002,-0.0006999711186045456
2020-04-30,0.0014983174465058584,3.924623976269468e-05,1.944006208304247e-05,0.0,0.000129664061048895,6.19047619047619e-06,1.3162497072635237,0.9900000000000002,-0.04999999999999993,0.0013037766074207502
2020-05-01,-0.0013424241170249668,2.9056314095268743e-05,1.7118799995905053e-05,0.0,0.0001339248856082182,3.333333333333334e-06,1.0985147385561986,0.51,-0.0500000000000001,-0.001525857450057692
2020-05-04,0.0014873400579880358,7.2206279225345e-06,6.828706590101338e-06,0.0,3.972938779828762e-05,0.0,0.5123680989429921,0.0,0.0,0.0014335613356771123
2020-05-05,0.0,4.938280047656115e-06,6.005033806665377e-06,0.0,5.239782562401278e-05,2.5e-06,0.47000000000000003,0.47000000000000003,0.050000000000000044,-6.584113947833429e-05
2020-05-06,0.00359297489324836,3.2752236791672595e-05,1.580848348959477e-05,0.0,0.00019814200744297045,4.642857142857143e-06,1.037638997955604,0.8300000000000001,0.04999999999999999,0.003341629308381265
2020-05-07,-0.003166581668504011,4.140768628560315e-05,2.329703014687366e-05,0.0,0.00026002546228127564,3.88095238095238e-06,1.448196581343396,0.602,-0.04999999999999999,-0.003495192799598716
2020-05-08,-0.0030468812179084864,1.7740477153521402e-05,1.3049714368982034e-05,0.0,0.00014022717626340961,2.0952380952380947e-06,0.9973323453103087,0.4020000000000001,0.050000000000000044,-0.0032199938237896376
2020-05-11,-0.002044734498792365,6.515022313441621e-06,5.7294065653539265e-06,0.0,4.6379229625553256e-05,7.142857142857143e-07,0.39415970525451605,0.17,0.05000000000000002,-0.0021040724430109996
2020-05-12,-0.0008159953580988084,1.636065061785809e-06,2.7896176127070026e-06,0.0,1.2511932215399444e-05,0.0,0.16471298348274757,0.0,0.0,-0.0008329329729887007
2020-05-13,0.0,0.0,0.0,0.0,0.0,0.0,0.0,0.0,0.0,0.0
2020-05-14,0.0,0.0,0.0,0.0,0.0,0.0,0.0,0.0,0.0,0.0
2020-05-15,0.0,0.0,0.0,0.0,0.0,0.0,0.0,0.0,0.0,0.0
2020-05-18,0.0,0.0,0.0,0.0,0.0,0.0,0.0,0.0,0.0,0.0
2020-05-19,0.0,3.425220529514976e-06,3.6495169143169166e-06,0.0,2.7483899751133222e-05,1.5476190476190474e-06,0.20999999999999996,0.20999999999999996,-0.049999999999999975,-3.610625624258416e-05
2020-05-20,-0.0006452417022042938,3.4252205295149766e-06,2.3251981729177906e-06,0.0,2.6940592430216158e-05,0.0,0.21052424346676188,0.0,0.0,-0.0006779327133369427
2020-05-21,0.0,3.1225754324721758e-06,3.505147422489541e-06,0.0,2.3226244551106658e-05,1.4285714285714286e-06,0.29,0.29,0.05,-3.12825388346398e-05
2020-05-22,-8.975592670443779e-08,3.1225754324721753e-06,4.489157835373593e-06,0.0,2.3329774302118326e-05,0.0,0.2903788895017404,0.0,0.0,-3.103126349666853e-05
2020-05-26,0.0,0.0,0.0,0.0,0.0,0.0,0.0,0.0,0.0,0.0
2020-05-27,0.0,0.0,0.0,0.0,0.0,0.0,0.0,0.0,0.0,0.0
2020-05-28,0.0,1.0856251989708446e-06,1.7477383322405672e-06,0.0,6.082760269154795e-06,7.142857142857143e-07,0.17000000000000004,0.17000000000000004,0.05000000000000003,-9.630409514651921e-06
2020-05-29,-0.0019673944507008247,1.0856251989708446e-06,2.831221637335817e-06,0.0,6.25522278367339e-06,0.0,0.17285349128572405,0.0,0.0,-0.0019775665203208047
2020-06-01,0.0,0.0,0.0,0.0,0.0,0.0,0.0,0.0,0.0,0.0
2020-06-02,0.0,0.0,0.0,0.0,0.0,0.0,0.0,0.0,0.0,0.0
2020-06-03,0.0,0.0,0.0,0.0,0.0,0.0,0.0,0.0,0.0,0.0
2020-06-04,0.0,0.0,0.0,0.0,0.0,0.0,0.0,0.0,0.0,0.0
2020-06-05,0.0,0.0,0.0,0.0,0.0,0.0,0.0,0.0,0.0,0.0
2020-06-08,0.0,0.0,0.0,0.0,0.0,0.0,0.0,0.0,0.0,0.0
2020-06-09,0.0,0.0,0.0,0.0,0.0,0.0,0.0,0.0,0.0,0.0
2020-06-10,0.0,0.0,0.0,0.0,0.0,0.0,0.0,0.0,0.0,0.0
2020-06-11,0.0,0.0,0.0,0.0,0.0,0.0,0.0,0.0,0.0,0.0
2020-06-12,0.0,0.0,0.0,0.0,0.0,0.0,0.0,0.0,0.0,0.0
2020-06-15,0.0,0.0,0.0,0.0,0.0,0.0,0.0,0.0,0.0,0.0
2020-06-16,0.0,0.0,0.0,0.0,0.0,0.0,0.0,0.0,0.0,0.0
2020-06-17,0.0,0.0,0.0,0.0,0.0,0.0,0.0,0.0,0.0,0.0
2020-06-18,0.0,0.0,0.0,0.0,0.0,0.0,0.0,0.0,0.0,0.0
2020-06-19,0.0,0.0,0.0,0.0,0.0,0.0,0.0,0.0,0.0,0.0
2020-06-22,0.0,0.0,0.0,0.0,0.0,0.0,0.0,0.0,0.0,0.0
2020-06-23,0.0,0.0,0.0,0.0,0.0,0.0,0.0,0.0,0.0,0.0
2020-06-24,0.0,0.0,0.0,0.0,0.0,0.0,0.0,0.0,0.0,0.0
2020-06-25,0.0,0.0,0.0,0.0,0.0,0.0,0.0,0.0,0.0,0.0
2020-06-26,0.0,0.0,0.0,0.0,0.0,0.0,0.0,0.0,0.0,0.0
2020-06-29,0.0,0.0,0.0,0.0,0.0,0.0,0.0,0.0,0.0,0.0
2020-06-30,0.0,0.0,0.0,0.0,0.0,0.0,0.0,0.0,0.0,0.0
2020-07-01,0.0,1.590624954112469e-06,2.896100615193652e-06,0.0,6.996998998141214e-06,1.3095238095238096e-06,0.16999999999999998,0.16999999999999998,-0.05,-1.2793248376971145e-05
2020-07-02,-0.001024616097406084,1.5906249541124692e-06,1.7503881522291957e-06,0.0,6.922043178527638e-06,0.0,0.1709740897816166,0.0,0.0,-0.0010348791536909532
2020-07-06,0.0,0.0,0.0,0.0,0.0,0.0,0.0,0.0,0.0,0.0
2020-07-07,0.0,0.0,0.0,0.0,0.0,0.0,0.0,0.0,0.0,0.0
2020-07-08,0.0,0.0,0.0,0.0,0.0,0.0,0.0,0.0,0.0,0.0
2020-07-09,0.0,0.0,0.0,0.0,0.0,0.0,0.0,0.0,0.0,0.0
2020-07-10,0.0,0.0,0.0,0.0,0.0,0.0,0.0,0.0,0.0,0.0
2020-07-13,0.0,0.0,0.0,0.0,0.0,0.0,0.0,0.0,0.0,0.0
2020-07-14,0.0,0.0,0.0,0.0,0.0,0.0,0.0,0.0,0.0,0.0
2020-07-15,0.0,0.0,0.0,0.0,0.0,0.0,0.0,0.0,0.0,0.0
2020-07-16,0.0,0.0,0.0,0.0,0.0,0.0,0.0,0.0,0.0,0.0
2020-07-17,0.0,0.0,0.0,0.0,0.0,0.0,0.0,0.0,0.0,0.0
2020-07-20,0.0,0.0,0.0,0.0,0.0,0.0,0.0,0.0,0.0,0.0
2020-07-21,0.0,0.0,0.0,0.0,0.0,0.0,0.0,0.0,0.0,0.0
2020-07-22,0.0,8.676651218057896e-06,7.890790538168829e-06,0.0,6.019271960688768e-05,3.2142857142857143e-06,0.5899999999999999,0.5899999999999999,0.04999999999999997,-7.997444707740012e-05
2020-07-23,-0.006505639187452081,2.0326279981007557e-05,1.7727923479175063e-05,0.0,0.00010680729158114276,3.928571428571429e-06,1.199660832635164,0.61,-0.050000000000000044,-0.006654429253921978
2020-07-24,0.0018759493007145583,1.2250080986069442e-05,9.738309781622028e-06,0.0,5.385461285003785e-05,1.3095238095238098e-06,0.6525736634422155,0.16999999999999998,-0.05000000000000001,0.0017987967732873051
2020-07-27,-0.001917494545789955,1.1101623773406984e-06,1.7494805546599874e-06,0.0,7.940797719986159e-06,0.0,0.1726439860993492,0.0,0.0,-0.001928294986441942
2020-07-28,0.0,1.0153316385931557e-05,7.4794737611393735e-06,0.0,2.2306652029077004e-05,3.0952380952380944e-06,0.47,0.47,-0.04999999999999995,-4.303468027138603e-05
2020-07-29,-0.00011431775971513215,1.259187072542311e-05,9.598224955672432e-06,0.0,4.284833191881935e-05,1.6625684417418998e-06,0.6979562413670453,0.25965574910631956,-0.01965574910631957,-0.00018101875575678893
2020-07-30,0.00048115534293062735,3.2966194664204457e-05,1.586742238781374e-05,0.0,0.00013715638978009303,4.880952380952381e-06,1.1265940596528468,0.8699999999999999,0.05,0.0002902843837175637
2020-07-31,0.0026136089489558704,5.6146299249731556e-05,3.0097893717061823e-05,0.0,0.00017249357499309585,5.666666666666668e-06,1.7655528663024262,0.9020000000000001,-0.050000000000000044,0.0023492045143293145
2020-08-03,0.002035317752681722,2.937453374049644e-05,1.5843307455683973e-05,0.0,7.714401906448639e-05,1.4285714285714286e-06,1.1933080911826317,0.29,0.04999999999999996,0.0019115273209924838
2020-08-04,-0.00027901056044360277,5.045875838633069e-05,1.6550592410651238e-05,0.0,0.00012806930617378855,3.8095238095238094e-06,0.7259644035952412,0.69,0.04999999999999996,-0.0004778987412238971
2020-08-05,-0.00384047518242574,4.8546148311978644e-05,1.04992482327733e-05,0.0,0.00012336565980978226,7.142857142857143e-07,0.7573721153684787,0.17,0.05,-0.00402360052449456
2020-08-06,0.0007674878203132726,5.100272661828354e-06,6.949991869345341e-06,0.0,3.955451349388191e-05,2.3809523809523808e-06,0.5072701188681725,0.44999999999999996,0.050000000000000044,0.0007135020899072645
2020-08-07,-0.001383472328488621,4.425096455416724e-06,6.688177531710482e-06,0.0,2.4101567572369086e-05,0.0,0.45196992797086843,0.0,0.0,-0.0014186871700481174
2020-08-10,0.0,0.0,0.0,0.0,0.0,0.0,0.0,0.0,0.0,0.0
2020-08-11,0.0,0.0,0.0,0.0,0.0,0.0,0.0,0.0,0.0,0.0
2020-08-12,0.0,0.0,0.0,0.0,0.0,0.0,0.0,0.0,0.0,0.0
2020-08-13,0.0,0.0,0.0,0.0,0.0,0.0,0.0,0.0,0.0,0.0
2020-08-14,0.0,0.0,0.0,0.0,0.0,0.0,0.0,0.0,0.0,0.0
2020-08-17,0.0,0.0,0.0,0.0,0.0,0.0,0.0,0.0,0.0,0.0
2020-08-18,0.0,0.0,0.0,0.0,0.0,0.0,0.0,0.0,0.0,0.0
2020-08-19,0.0,0.0,0.0,0.0,0.0,0.0,0.0,0.0,0.0,0.0
2020-08-20,0.0,0.0,0.0,0.0,0.0,0.0,0.0,0.0,0.0,0.0
2020-08-21,0.0,0.0,0.0,0.0,0.0,0.0,0.0,0.0,0.0,0.0
2020-08-24,0.0,0.0,0.0,0.0,0.0,0.0,0.0,0.0,0.0,0.0
2020-08-25,0.0,0.0,0.0,0.0,0.0,0.0,0.0,0.0,0.0,0.0
2020-08-26,0.0,0.0,0.0,0.0,0.0,0.0,0.0,0.0,0.0,0.0
2020-08-27,0.0,0.0,0.0,0.0,0.0,0.0,0.0,0.0,0.0,0.0
2020-08-28,0.0,0.0,0.0,0.0,0.0,0.0,0.0,0.0,0.0,0.0
2020-08-31,0.0,0.0,0.0,0.0,0.0,0.0,0.0,0.0,0.0,0.0
2020-09-01,0.0,0.0,0.0,0.0,0.0,0.0,0.0,0.0,0.0,0.0
2020-09-02,0.0,0.0,0.0,0.0,0.0,0.0,0.0,0.0,0.0,0.0
2020-09-03,0.0,0.0,0.0,0.0,0.0,0.0,0.0,0.0,0.0,0.0
2020-09-04,0.0,0.0,0.0,0.0,0.0,0.0,0.0,0.0,0.0,0.0
2020-09-08,0.0,0.0,0.0,0.0,0.0,0.0,0.0,0.0,0.0,0.0
2020-09-09,0.0,0.0,0.0,0.0,0.0,0.0,0.0,0.0,0.0,0.0
2020-09-10,0.0,0.0,0.0,0.0,0.0,0.0,0.0,0.0,0.0,0.0
2020-09-11,0.0,0.0,0.0,0.0,0.0,0.0,0.0,0.0,0.0,0.0
2020-09-14,0.0,0.0,0.0,0.0,0.0,0.0,0.0,0.0,0.0,0.0
2020-09-15,0.0,0.0,0.0,0.0,0.0,0.0,0.0,0.0,0.0,0.0
2020-09-16,0.0,0.0,0.0,0.0,0.0,0.0,0.0,0.0,0.0,0.0
2020-09-17,0.0,0.0,0.0,0.0,0.0,0.0,0.0,0.0,0.0,0.0
2020-09-18,0.0,0.0,0.0,0.0,0.0,0.0,0.0,0.0,0.0,0.0
2020-09-21,0.0,0.0,0.0,0.0,0.0,0.0,0.0,0.0,0.0,0.0
2020-09-22,0.0,0.0,0.0,0.0,0.0,0.0,0.0,0.0,0.0,0.0
2020-09-23,0.0,0.0,0.0,0.0,0.0,0.0,0.0,0.0,0.0,0.0
2020-09-24,0.0,0.0,0.0,0.0,0.0,0.0,0.0,0.0,0.0,0.0
2020-09-25,0.0,0.0,0.0,0.0,0.0,0.0,0.0,0.0,0.0,0.0
2020-09-28,0.0,0.0,0.0,0.0,0.0,0.0,0.0,0.0,0.0,0.0
2020-09-29,0.0,0.0,0.0,0.0,0.0,0.0,0.0,0.0,0.0,0.0
2020-09-30,0.0,0.0,0.0,0.0,0.0,0.0,0.0,0.0,0.0,0.0
2020-10-01,0.0,0.0,0.0,0.0,0.0,0.0,0.0,0.0,0.0,0.0
2020-10-02,0.0,0.0,0.0,0.0,0.0,0.0,0.0,0.0,0.0,0.0
2020-10-05,0.0,0.0,0.0,0.0,0.0,0.0,0.0,0.0,0.0,0.0
2020-10-06,0.0,0.0,0.0,0.0,0.0,0.0,0.0,0.0,0.0,0.0
2020-10-07,0.0,0.0,0.0,0.0,0.0,0.0,0.0,0.0,0.0,0.0
2020-10-08,0.0,0.0,0.0,0.0,0.0,0.0,0.0,0.0,0.0,0.0
2020-10-09,0.0,0.0,0.0,0.0,0.0,0.0,0.0,0.0,0.0,0.0
2020-10-12,0.0,0.0,0.0,0.0,0.0,0.0,0.0,0.0,0.0,0.0
2020-10-13,0.0,2.894486214941087e-06,1.9080790847164704e-06,0.0,3.7330778815012385e-06,7.142857142857143e-07,0.1319096771791683,0.1319096771791683,0.011909677179168299,-9.249928895444512e-06
2020-10-14,0.000472582056757781,6.1296843939308125e-06,4.797844993044071e-06,0.0,1.1207210332042407e-05,1.3095238095238098e-06,0.3006269849743227,0.16999999999999998,-0.05,0.00044913779322923995
2020-10-15,0.001131370613642192,3.235198178989726e-06,2.100894545665023e-06,0.0,7.403071316409375e-06,0.0,0.17166676396330652,0.0,0.0,0.001118631449601128
2020-10-16,0.0,0.0,0.0,0.0,0.0,0.0,0.0,0.0,0.0,0.0
2020-10-19,0.0,0.0,0.0,0.0,0.0,0.0,0.0,0.0,0.0,0.0
2020-10-20,0.0,1.2136840810557525e-05,3.665323972245529e-06,0.0,2.0458005201635316e-05,1.5476190476190474e-06,0.21,0.21,-0.04999999999999999,-3.7807789032057416e-05
2020-10-21,0.0002600290384159087,2.221495138908458e-05,8.5930719279223e-06,0.0,4.661833498179723e-05,2.7380952380952382e-06,0.5007941798525977,0.41,-0.05000000000000001,0.00017986458487900933
2020-10-22,-0.00595145715407781,1.632003972879305e-05,1.1019540057104577e-05,0.0,4.4895081522384685e-05,2.0238095238095237e-06,0.8101721409730235,0.39,0.04999999999999999,-0.006025715624909902
2020-10-23,0.0010912052688263616,5.7986679433136795e-06,5.935507401638851e-06,0.0,1.7727728543521296e-05,0.0,0.3916381396126789,0.0,0.0,0.0010617433649378878
2020-10-26,0.0,0.0,0.0,0.0,0.0,0.0,0.0,0.0,0.0,0.0
2020-10-27,0.0,1.5793543099962368e-06,3.7957211246539877e-06,0.0,9.392311060817575e-06,1.7380952380952383e-06,0.24200000000000002,0.24200000000000002,-0.05000000000000002,-1.650548173356304e-05
2020-10-28,0.0016301773635480656,1.5793543099962368e-06,2.630465485398939e-06,0.0,9.184831301316813e-06,0.0,0.2349574192119374,0.0,0.0,0.0016167827124513535
2020-10-29,0.0,9.108239621933686e-06,1.000422807559713e-05,0.0,3.830171544821167e-05,4.166666666666667e-06,0.75,0.75,0.04999999999999999,-6.158084981240915e-05
2020-10-30,-0.003922584277153239,1.2278479124083393e-05,1.632195572201125e-05,0.0,4.931989250773506e-05,2.5e-06,1.117061480803844,0.37,-0.04999999999999996,-0.0040030046045070695
2020-11-02,-0.0013449409279632644,3.1702395021497077e-06,4.5161503521027955e-06,0.0,1.1444596526677454e-05,0.0,0.3733522247512201,0.0,0.0,-0.0013640719143441942
2020-11-03,0.0,3.270390987624949e-06,3.4795227689863524e-06,0.0,1.0960566031897965e-05,1.4285714285714286e-06,0.29,0.29,0.04999999999999999,-1.9139051217080697e-05
2020-11-04,-0.0011473451570426713,3.270390987624949e-06,4.582500435387315e-06,0.0,1.1319139294181891e-05,0.0,0.2946823506978414,0.0,0.0,-0.0011665171877598655
2020-11-05,0.0,6.404626136278419e-06,2.280249792668768e-06,0.0,8.844060152452823e-06,9.523809523809523e-07,0.21000000000000002,0.21000000000000002,0.05000000000000001,-1.848131703378096e-05
2020-11-06,-0.001632571710760662,6.4046261362784185e-06,4.14667439163274e-06,0.0,8.837778238968815e-06,0.0,0.2088362733160542,0.0,0.0,-0.001651960789527542
2020-11-09,0.0,0.0,0.0,0.0,0.0,0.0,0.0,0.0,0.0,0.0
2020-11-10,0.0,0.0,0.0,0.0,0.0,0.0,0.0,0.0,0.0,0.0
2020-11-11,0.0,0.0,0.0,0.0,0.0,0.0,0.0,0.0,0.0,0.0
2020-11-12,0.0,0.0,0.0,0.0,0.0,0.0,0.0,0.0,0.0,0.0
2020-11-13,0.0,0.0,0.0,0.0,0.0,0.0,0.0,0.0,0.0,0.0
2020-11-16,0.0,0.0,0.0,0.0,0.0,0.0,0.0,0.0,0.0,0.0
2020-11-17,0.0,0.0,0.0,0.0,0.0,0.0,0.0,0.0,0.0,0.0
2020-11-18,0.0,0.0,0.0,0.0,0.0,0.0,0.0,0.0,0.0,0.0
2020-11-19,0.0,6.109185088711959e-06,2.552439461883408e-06,0.0,8.936428428517886e-06,7.142857142857143e-07,0.16999999999999998,0.16999999999999998,0.05,-1.8312338693398967e-05
2020-11-20,0.00039867781407237516,6.109185088711959e-06,2.7950591667761643e-06,0.0,8.746497646897742e-06,0.0,0.16725966436115758,0.0,0.0,0.0003810270721699893
2020-11-23,0.0,0.0,0.0,0.0,0.0,0.0,0.0,0.0,0.0,0.0
2020-11-24,0.0,0.0,0.0,0.0,0.0,0.0,0.0,0.0,0.0,0.0
2020-11-25,0.0,0.0,0.0,0.0,0.0,0.0,0.0,0.0,0.0,0.0
2020-11-30,0.0,0.0,0.0,0.0,0.0,0.0,0.0,0.0,0.0,0.0
2020-12-01,0.0,0.0,0.0,0.0,0.0,0.0,0.0,0.0,0.0,0.0
2020-12-02,0.0,0.0,0.0,0.0,0.0,0.0,0.0,0.0,0.0,0.0
2020-12-03,0.0,0.0,0.0,0.0,0.0,0.0,0.0,0.0,0.0,0.0
2020-12-04,0.0,0.0,0.0,0.0,0.0,0.0,0.0,0.0,0.0,0.0
2020-12-07,0.0,0.0,0.0,0.0,0.0,0.0,0.0,0.0,0.0,0.0
2020-12-08,0.0,0.0,0.0,0.0,0.0,0.0,0.0,0.0,0.0,0.0
2020-12-09,0.0,0.0,0.0,0.0,0.0,0.0,0.0,0.0,0.0,0.0
2020-12-10,0.0,0.0,0.0,0.0,0.0,0.0,0.0,0.0,0.0,0.0
2020-12-11,0.0,3.168456548555829e-06,2.0023692819517605e-06,0.0,2.998077296020344e-06,7.142857142857143e-07,0.16999999999999998,0.16999999999999998,0.05,-8.883188840813649e-06
2020-12-14,-0.001069511659458824,3.168456548555829e-06,2.896438008798904e-06,0.0,3.071903732707387e-06,0.0,0.17069372648858666,0.0,0.0,-0.001078648457748886
2020-12-15,0.0,0.0,0.0,0.0,0.0,0.0,0.0,0.0,0.0,0.0
2020-12-16,0.0,0.0,0.0,0.0,0.0,0.0,0.0,0.0,0.0,0.0
2020-12-17,0.0,0.0,0.0,0.0,0.0,0.0,0.0,0.0,0.0,0.0
2020-12-18,0.0,0.0,0.0,0.0,0.0,0.0,0.0,0.0,0.0,0.0
2020-12-21,0.0,0.0,0.0,0.0,0.0,0.0,0.0,0.0,0.0,0.0
2020-12-22,0.0,0.0,0.0,0.0,0.0,0.0,0.0,0.0,0.0,0.0
2020-12-23,0.0,0.0,0.0,0.0,0.0,0.0,0.0,0.0,0.0,0.0
2020-12-28,0.0,0.0,0.0,0.0,0.0,0.0,0.0,0.0,0.0,0.0
2020-12-29,0.0,0.0,0.0,0.0,0.0,0.0,0.0,0.0,0.0,0.0
2020-12-30,0.0,0.0,0.0,0.0,0.0,0.0,0.0,0.0,0.0,0.0
2020-12-31,0.0,0.0,0.0,0.0,0.0,0.0,0.0,0.0,0.0,0.0
2021-01-04,0.0,0.0,0.0,0.0,0.0,0.0,0.0,0.0,0.0,0.0
2021-01-05,0.0,0.0,0.0,0.0,0.0,0.0,0.0,0.0,0.0,0.0
2021-01-06,0.0,0.0,0.0,0.0,0.0,0.0,0.0,0.0,0.0,0.0
2021-01-07,0.0,9.647291279695573e-07,1.7346723177524824e-06,0.0,5.35500315629226e-06,7.142857142857143e-07,0.16999999999999998,0.16999999999999998,0.049999999999999996,-8.768690316300014e-06
2021-01-08,0.0004311782786529571,9.64729127969557e-07,2.8271723037385854e-06,0.0,5.405310194078686e-06,0.0,0.17113449627332478,0.0,0.0,0.00042198106702717026
2021-01-11,0.0,0.0,0.0,0.0,0.0,0.0,0.0,0.0,0.0,0.0
2021-01-12,0.0,0.0,0.0,0.0,0.0,0.0,0.0,0.0,0.0,0.0
2021-01-13,0.0,0.0,0.0,0.0,0.0,0.0,0.0,0.0,0.0,0.0
2021-01-14,0.0,0.0,0.0,0.0,0.0,0.0,0.0,0.0,0.0,0.0
2021-01-15,0.0,0.0,0.0,0.0,0.0,0.0,0.0,0.0,0.0,0.0
2021-01-19,0.0,0.0,0.0,0.0,0.0,0.0,0.0,0.0,0.0,0.0
2021-01-20,0.0,6.2405049846291635e-06,4.070707927928035e-06,0.0,2.1707621106531587e-05,1.4285714285714286e-06,0.29,0.29,0.049999999999999975,-3.3447405447660214e-05
2021-01-21,0.0014142460665719913,6.2405049846291635e-06,4.413008936591033e-06,0.0,2.1274119927691682e-05,0.0,0.2879122534907858,0.0,0.0,0.0013823184327230794
2021-01-22,0.0,0.0,0.0,0.0,0.0,0.0,0.0,0.0,0.0,0.0
2021-01-25,0.0,0.0,0.0,0.0,0.0,0.0,0.0,0.0,0.0,0.0
2021-01-26,0.0,2.7325965303970867e-06,2.5139900392073752e-06,0.0,6.959150862794771e-06,1.0714285714285714e-06,0.22999999999999998,0.22999999999999998,0.05,-1.3277166003827804e-05
2021-01-27,-0.003123944635579634,7.94498434541184e-06,8.590622729775546e-06,0.0,3.6539081454550784e-05,2.0238095238095237e-06,0.5178678959917384,0.29,-0.05,-0.0031790431336331817
2021-01-28,0.001770617990349522,2.0660182045271807e-05,1.9330666723126462e-05,0.0,8.048769363563956e-05,6.2499999999999995e-06,1.3928651869149649,1.1,0.050000000000000155,0.001643889447945484
2021-01-29,0.0068165606309080525,1.7577610620762563e-05,1.978333710657967e-05,0.0,5.732536201951898e-05,2.2619047619047613e-06,1.4022636231016468,0.32999999999999996,-0.04999999999999999,0.006719612416399286
2021-02-01,-0.0029104505502047726,2.1298163905055083e-06,3.962929732473289e-06,0.0,8.834550669896217e-06,0.0,0.33357933893534203,0.0,0.0,-0.0029253778469976476
2021-02-02,0.0,2.001099006382014e-06,2.3544751666598984e-06,0.0,8.466925207444439e-06,9.523809523809522e-07,0.20421207860766105,0.20421207860766105,0.04421207860766109,-1.3774880332867304e-05
2021-02-03,9.278326296996649e-05,8.653111123730353e-06,9.473961157391386e-06,0.0,2.8185095174192368e-05,3.0952380952380953e-06,0.6851167319597031,0.5700000000000001,0.050000000000000044,4.337585741941429e-05
2021-02-04,0.0023258142023217503,8.884349257422413e-06,1.027858128688675e-05,0.0,3.935417662380551e-05,1.7142857142857147e-06,0.7435797785850679,0.338,0.04999999999999999,0.00226558280943935
2021-02-05,0.0012959258028336239,2.5022538579094453e-06,5.170645915175952e-06,0.0,1.9486413644493318e-05,0.0,0.33985015970492893,0.0,0.0,0.0012687664894160452
2021-02-08,0.0,0.0,0.0,0.0,0.0,0.0,0.0,0.0,0.0,0.0
2021-02-09,0.0,3.6291420698202584e-06,4.120346413773068e-06,0.0,1.8042005685956403e-05,1.6666666666666665e-06,0.32999999999999996,0.32999999999999996,0.05,-2.7458160836216396e-05
2021-02-10,0.007448811036019887,5.486864648459252e-06,7.948728201809829e-06,0.0,2.3982984961642004e-05,1.3095238095238098e-06,0.49681571882335457,0.17,-0.05000000000000002,0.007410082934398452
2021-02-11,-0.0005538124001942226,2.7615752889775494e-06,3.5025356398756543e-06,0.0,1.2850824739862459e-05,7.142857142857143e-07,0.34022484248723417,0.16999999999999998,0.04999999999999998,-0.000573641621577224
2021-02-12,0.0011454473612719537,2.077818104407235e-06,2.8809653997772882e-06,0.0,1.3864146838878906e-05,9.523809523809523e-07,0.20954811718326904,0.20999999999999996,0.04999999999999995,0.0011256720499765093
2021-02-16,0.0013352557000296558,1.739276838018138e-06,3.361322737757932e-06,0.0,6.854182232557151e-06,0.0,0.20807303959541845,0.0,0.0,0.0013233009182213227
2021-02-17,0.0,4.329503401369331e-06,1.853913396481732e-06,0.0,9.428034524678567e-06,7.142857142857143e-07,0.17,0.17,0.05000000000000001,-1.6325737036815345e-05
2021-02-18,-3.833431195367313e-05,6.545223240640245e-06,6.066407611397336e-06,0.0,1.3945919296916522e-05,1.3095238095238096e-06,0.34026838648191193,0.16999999999999998,-0.049999999999999996,-6.620138591215104e-05
2021-02-19,-0.001142034800511606,5.32972500317166e-06,5.1729371916976544e-06,0.0,1.7968302634861688e-05,1.9595867673121768e-06,0.36508235029041364,0.28460528845422284,-0.044605288454222854,-0.001172465352108649
2021-02-22,0.0013121473672647547,3.4095920217027037e-06,3.4189419161058715e-06,0.0,1.3514411425984927e-05,0.0,0.2810214920434759,0.0,0.0,0.0012918044219009611
2021-02-23,0.0,4.250257479200608e-06,2.0263179517713603e-06,0.0,1.0271177014080054e-05,7.142857142857143e-07,0.16999999999999998,0.16999999999999998,0.049999999999999996,-1.7262038159337735e-05
2021-02-24,-0.00044862161314773133,5.46224939832399e-06,3.2397705808973402e-06,0.0,1.3549493673630843e-05,7.142857142857143e-07,0.22128125045576086,0.16999999999999998,0.05,-0.0004715874125148692
2021-02-25,-0.0015976666075285825,5.660240209495593e-06,6.1561355286549745e-06,0.0,1.458820213101109e-05,1.5476190476190476e-06,0.37559694683153083,0.21,-0.04999999999999999,-0.0016256188044453633
2021-02-26,0.00277807286643076,5.904872949400179e-06,4.507001416425008e-06,0.0,1.6014328834958994e-05,7.142857142857143e-07,0.3816725530028321,0.16999999999999998,0.05,0.00275093237751569
2021-03-01,0.0007877552379785122,1.8561786480266415e-06,3.0318975605210826e-06,0.0,4.272860335893316e-06,0.0,0.17438340741189154,0.0,0.0,0.0007785943014340711
2021-03-02,0.0,0.0,0.0,0.0,0.0,0.0,0.0,0.0,0.0,0.0
2021-03-03,0.0,0.0,0.0,0.0,0.0,0.0,0.0,0.0,0.0,0.0
2021-03-04,0.0,0.0,0.0,0.0,0.0,0.0,0.0,0.0,0.0,0.0
2021-03-05,0.0,0.0,0.0,0.0,0.0,0.0,0.0,0.0,0.0,0.0
2021-03-08,0.0,0.0,0.0,0.0,0.0,0.0,0.0,0.0,0.0,0.0
2021-03-09,0.0,0.0,0.0,0.0,0.0,0.0,0.0,0.0,0.0,0.0
2021-03-10,0.0,0.0,0.0,0.0,0.0,0.0,0.0,0.0,0.0,0.0
2021-03-11,0.0,0.0,0.0,0.0,0.0,0.0,0.0,0.0,0.0,0.0
2021-03-12,0.0,0.0,0.0,0.0,0.0,0.0,0.0,0.0,0.0,0.0
2021-03-15,0.0,0.0,0.0,0.0,0.0,0.0,0.0,0.0,0.0,0.0
2021-03-16,0.0,0.0,0.0,0.0,0.0,0.0,0.0,0.0,0.0,0.0
2021-03-17,0.0,0.0,0.0,0.0,0.0,0.0,0.0,0.0,0.0,0.0
2021-03-18,0.0,0.0,0.0,0.0,0.0,0.0,0.0,0.0,0.0,0.0
2021-03-19,0.0,0.0,0.0,0.0,0.0,0.0,0.0,0.0,0.0,0.0
2021-03-22,0.0,0.0,0.0,0.0,0.0,0.0,0.0,0.0,0.0,0.0
2021-03-23,0.0,0.0,0.0,0.0,0.0,0.0,0.0,0.0,0.0,0.0
2021-03-24,0.0,0.0,0.0,0.0,0.0,0.0,0.0,0.0,0.0,0.0
2021-03-25,0.0,0.0,0.0,0.0,0.0,0.0,0.0,0.0,0.0,0.0
2021-03-26,0.0,0.0,0.0,0.0,0.0,0.0,0.0,0.0,0.0,0.0
2021-03-29,0.0,0.0,0.0,0.0,0.0,0.0,0.0,0.0,0.0,0.0
2021-03-30,0.0,0.0,0.0,0.0,0.0,0.0,0.0,0.0,0.0,0.0
2021-03-31,0.0,0.0,0.0,0.0,0.0,0.0,0.0,0.0,0.0,0.0
2021-04-01,0.0,0.0,0.0,0.0,0.0,0.0,0.0,0.0,0.0,0.0
2021-04-05,0.0,0.0,0.0,0.0,0.0,0.0,0.0,0.0,0.0,0.0
2021-04-06,0.0,0.0,0.0,0.0,0.0,0.0,0.0,0.0,0.0,0.0
2021-04-07,0.0,0.0,0.0,0.0,0.0,0.0,0.0,0.0,0.0,0.0
2021-04-08,0.0,0.0,0.0,0.0,0.0,0.0,0.0,0.0,0.0,0.0
2021-04-09,0.0,0.0,0.0,0.0,0.0,0.0,0.0,0.0,0.0,0.0
2021-04-12,0.0,0.0,0.0,0.0,0.0,0.0,0.0,0.0,0.0,0.0
2021-04-13,0.0,0.0,0.0,0.0,0.0,0.0,0.0,0.0,0.0,0.0
2021-04-14,0.0,0.0,0.0,0.0,0.0,0.0,0.0,0.0,0.0,0.0
2021-04-15,0.0,0.0,0.0,0.0,0.0,0.0,0.0,0.0,0.0,0.0
2021-04-16,0.0,1.7584081588807808e-06,1.806626396892458e-06,0.0,6.401041842745164e-06,7.142857142857143e-07,0.14478289443198605,0.14478289443198605,0.024782894431986068,-1.0680362112804117e-05
2021-04-19,-0.0015587642759899974,1.7584081588807808e-06,2.205584796889518e-06,0.0,6.4622491643091795e-06,0.0,0.14533533347549815,0.0,0.0,-0.0015691905181100768
2021-04-20,0.0,0.0,0.0,0.0,0.0,0.0,0.0,0.0,0.0,0.0
2021-04-21,0.0,0.0,0.0,0.0,0.0,0.0,0.0,0.0,0.0,0.0
2021-04-22,0.0,2.1492608241388423e-06,3.929458112636811e-06,0.0,1.0202941634841538e-05,1.7857142857142848e-06,0.24999999999999994,0.24999999999999994,-0.04999999999999993,-1.8067374857331477e-05
2021-04-23,0.0007388086531179309,2.1492608241388423e-06,2.939759831747571e-06,0.0,1.0385814824849124e-05,0.0,0.25483359157633384,0.0,0.0,0.0007233338176371954
2021-04-26,0.0,0.0,0.0,0.0,0.0,0.0,0.0,0.0,0.0,0.0
2021-04-27,0.0,5.978321312359336e-06,9.095998870600567e-06,0.0,1.8727644265343906e-05,4.0476190476190474e-06,0.6299999999999999,0.6299999999999999,-0.04999999999999996,-3.7849583495922853e-05
2021-04-28,0.0004511824442897128,1.1841435248368224e-05,1.9317036942871076e-05,0.0,4.432971472988446e-05,4.809523809523809e-06,1.4888153841993503,0.8580000000000001,0.04999999999999996,0.00037088473355906525
2021-04-29,-0.0063697849024150375,1.9247082791026216e-05,2.219854773872646e-05,0.0,7.551506216681758e-05,7.3299319727891165e-06,1.5922684342830475,1.2814285714285716,0.04999999999999999,-0.006494075527084397
2021-04-30,-0.0021772824027478,1.9355531631230266e-05,2.391556323719402e-05,0.0,6.150762980377095e-05,2.6904761904761898e-06,1.6784416296150662,0.40199999999999997,-0.05,-0.0022847516036104713
2021-05-03,0.0032374770928209284,4.254238963759301e-06,5.077390155227697e-06,0.0,1.3190259050639446e-05,0.0,0.40307951209306825,0.0,0.0,0.003214955204651302
2021-05-04,0.0,8.776218729424776e-06,7.345741186763882e-06,0.0,2.9924250681966718e-05,3.0952380952380953e-06,0.47000000000000003,0.47000000000000003,-0.049999999999999975,-4.914144869339347e-05
2021-05-05,0.0034831259831494027,2.418870498487665e-05,1.766193010911686e-05,0.0,7.631210467198244e-05,4.642857142857143e-06,1.3100929197073272,0.8300000000000001,0.05000000000000003,0.0033603203862405694
2021-05-06,0.005147906825843266,2.4135365431223813e-05,1.7642536751218292e-05,0.0,7.752965819382977e-05,3.80952380952381e-06,1.1897005254060555,0.6900000000000001,0.04999999999999999,0.005024789741657471
2021-05-07,-0.0036522989609760574,1.0924852093251934e-05,1.0332535775102415e-05,0.0,3.74474023397275e-05,0.0,0.704967805887876,0.0,0.0,-0.0037110037511841392
2021-05-10,0.0,0.0,0.0,0.0,0.0,0.0,0.0,0.0,0.0,0.0
2021-05-11,0.0,0.0,0.0,0.0,0.0,0.0,0.0,0.0,0.0,0.0
2021-05-12,0.0,0.0,0.0,0.0,0.0,0.0,0.0,0.0,0.0,0.0
2021-05-13,0.0,0.0,0.0,0.0,0.0,0.0,0.0,0.0,0.0,0.0
2021-05-14,0.0,0.0,0.0,0.0,0.0,0.0,0.0,0.0,0.0,0.0
2021-05-17,0.0,0.0,0.0,0.0,0.0,0.0,0.0,0.0,0.0,0.0
2021-05-18,0.0,0.0,0.0,0.0,0.0,0.0,0.0,0.0,0.0,0.0
2021-05-19,0.0,0.0,0.0,0.0,0.0,0.0,0.0,0.0,0.0,0.0
2021-05-20,0.0,0.0,0.0,0.0,0.0,0.0,0.0,0.0,0.0,0.0
2021-05-21,0.0,0.0,0.0,0.0,0.0,0.0,0.0,0.0,0.0,0.0
2021-05-24,0.0,0.0,0.0,0.0,0.0,0.0,0.0,0.0,0.0,0.0
2021-05-25,0.0,0.0,0.0,0.0,0.0,0.0,0.0,0.0,0.0,0.0
2021-05-26,0.0,0.0,0.0,0.0,0.0,0.0,0.0,0.0,0.0,0.0
2021-05-27,0.0,0.0,0.0,0.0,0.0,0.0,0.0,0.0,0.0,0.0
2021-05-28,0.0,0.0,0.0,0.0,0.0,0.0,0.0,0.0,0.0,0.0
2021-06-01,0.0,0.0,0.0,0.0,0.0,0.0,0.0,0.0,0.0,0.0
2021-06-02,0.0,0.0,0.0,0.0,0.0,0.0,0.0,0.0,0.0,0.0
2021-06-03,0.0,0.0,0.0,0.0,0.0,0.0,0.0,0.0,0.0,0.0
2021-06-04,0.0,0.0,0.0,0.0,0.0,0.0,0.0,0.0,0.0,0.0
2021-06-07,0.0,0.0,0.0,0.0,0.0,0.0,0.0,0.0,0.0,0.0
2021-06-08,0.0,0.0,0.0,0.0,0.0,0.0,0.0,0.0,0.0,0.0
2021-06-09,0.0,0.0,0.0,0.0,0.0,0.0,0.0,0.0,0.0,0.0
2021-06-10,0.0,0.0,0.0,0.0,0.0,0.0,0.0,0.0,0.0,0.0
2021-06-11,0.0,0.0,0.0,0.0,0.0,0.0,0.0,0.0,0.0,0.0
2021-06-14,0.0,0.0,0.0,0.0,0.0,0.0,0.0,0.0,0.0,0.0
2021-06-15,0.0,0.0,0.0,0.0,0.0,0.0,0.0,0.0,0.0,0.0
2021-06-16,0.0,0.0,0.0,0.0,0.0,0.0,0.0,0.0,0.0,0.0
2021-06-17,0.0,0.0,0.0,0.0,0.0,0.0,0.0,0.0,0.0,0.0
2021-06-18,0.0,0.0,0.0,0.0,0.0,0.0,0.0,0.0,0.0,0.0
2021-06-21,0.0,0.0,0.0,0.0,0.0,0.0,0.0,0.0,0.0,0.0
2021-06-22,0.0,0.0,0.0,0.0,0.0,0.0,0.0,0.0,0.0,0.0
2021-06-23,0.0,0.0,0.0,0.0,0.0,0.0,0.0,0.0,0.0,0.0
2021-06-24,0.0,0.0,0.0,0.0,0.0,0.0,0.0,0.0,0.0,0.0
2021-06-25,0.0,0.0,0.0,0.0,0.0,0.0,0.0,0.0,0.0,0.0
2021-06-28,0.0,0.0,0.0,0.0,0.0,0.0,0.0,0.0,0.0,0.0
2021-06-29,0.0,0.0,0.0,0.0,0.0,0.0,0.0,0.0,0.0,0.0
2021-06-30,0.0,0.0,0.0,0.0,0.0,0.0,0.0,0.0,0.0,0.0
2021-07-01,0.0,0.0,0.0,0.0,0.0,0.0,0.0,0.0,0.0,0.0
2021-07-02,0.0,0.0,0.0,0.0,0.0,0.0,0.0,0.0,0.0,0.0
2021-07-06,0.0,0.0,0.0,0.0,0.0,0.0,0.0,0.0,0.0,0.0
2021-07-07,0.0,0.0,0.0,0.0,0.0,0.0,0.0,0.0,0.0,0.0
2021-07-08,0.0,0.0,0.0,0.0,0.0,0.0,0.0,0.0,0.0,0.0
2021-07-09,0.0,0.0,0.0,0.0,0.0,0.0,0.0,0.0,0.0,0.0
2021-07-12,0.0,0.0,0.0,0.0,0.0,0.0,0.0,0.0,0.0,0.0
2021-07-13,0.0,0.0,0.0,0.0,0.0,0.0,0.0,0.0,0.0,0.0
2021-07-14,0.0,0.0,0.0,0.0,0.0,0.0,0.0,0.0,0.0,0.0
2021-07-15,0.0,3.4713735566930975e-06,2.7973881539200906e-06,0.0,4.543387402573375e-06,1.0714285714285718e-06,0.23000000000000007,0.23000000000000007,0.050000000000000024,-1.1883577684615135e-05
2021-07-16,-0.0030480652980763847,3.4713735566930975e-06,3.6624212146041784e-06,0.0,4.559783613939312e-06,0.0,0.22946559985518034,0.0,0.0,-0.0030597588764616213
2021-07-19,0.0,0.0,0.0,0.0,0.0,0.0,0.0,0.0,0.0,0.0
2021-07-20,0.0,0.0,0.0,0.0,0.0,0.0,0.0,0.0,0.0,0.0
2021-07-21,0.0,8.140208222658123e-07,1.6679262435697634e-06,0.0,2.294222405770871e-06,7.142857142857143e-07,0.1518388569232774,0.1518388569232774,0.031838856923277405,-5.490455185892161e-06
2021-07-22,-0.0015996020688317522,3.7279977588812936e-06,6.09034668833705e-06,0.0,1.3842054929951249e-05,1.9047619047619053e-06,0.46010470201445497,0.37,0.04999999999999996,-0.0016251672301136838
2021-07-23,-0.00040167479138089395,3.1021127860734936e-06,5.557689443868439e-06,0.0,1.1619010292215393e-05,0.0,0.3737533289575212,0.0,0.0,-0.0004219536039030513
2021-07-26,0.0,0.0,0.0,0.0,0.0,0.0,0.0,0.0,0.0,0.0
2021-07-27,0.0,2.2761759380791765e-06,3.954204848654434e-06,0.0,9.044286902025857e-06,1.6666666666666665e-06,0.3299999999999999,0.3299999999999999,0.049999999999999975,-1.6941334355426134e-05
2021-07-28,0.0012125561596024535,1.3159228655024045e-05,1.2904651131673258e-05,0.0,3.45613988653419e-05,4.404761904761904e-06,0.8943602227433093,0.79,0.050000000000000155,0.0011475261190456523
2021-07-29,-0.0018097858306984232,1.4766700155022693e-05,1.2240911283403145e-05,0.0,3.443233296289782e-05,2.1428571428571427e-06,0.8885274238867719,0.41000000000000003,0.050000000000000044,-0.001873368632242604
2021-07-30,-0.0009699161239182988,7.2830547469410245e-06,1.2298901119467146e-05,0.0,1.9539684425044106e-05,2.7380952380952382e-06,0.82089629159387,0.41,-0.05,-0.0010117758594478464
2021-08-02,-0.0025227606404682277,3.1268257570458194e-06,4.959693897034816e-06,0.0,1.062868449596991e-05,0.0,0.40736059780582523,0.0,0.0,-0.002541475844618278
2021-08-03,0.0,2.8879187459420413e-06,4.088140884000517e-06,0.0,1.0268507752602525e-05,1.6666666666666665e-06,0.32999999999999996,0.32999999999999996,0.05000000000000002,-1.891123404921175e-05
2021-08-04,0.0014875563056383164,7.126876863740075e-06,1.1016496903111491e-05,0.0,2.4678770799924017e-05,2.7380952380952382e-06,0.7403429037543698,0.41,-0.05000000000000003,0.0014419960658334455
2021-08-05,-0.0014097159581916894,8.496558559810217e-06,1.0727010514316366e-05,0.0,2.6411696237763662e-05,2.3809523809523808e-06,0.8622560938695051,0.45000000000000007,0.05000000000000013,-0.001457732175884532
2021-08-06,-0.0018647206738334416,6.051796793299448e-06,6.495122097791983e-06,0.0,1.8420993121444077e-05,7.142857142857143e-07,0.45596760286927374,0.16999999999999998,0.05,-0.0018964028715602627
2021-08-09,0.0004487427550518359,2.2808144354285603e-06,2.8282767543166796e-06,0.0,5.960696217712184e-06,0.0,0.16862392523680364,0.0,0.0,0.0004376729676443785
2021-08-10,0.0,0.0,0.0,0.0,0.0,0.0,0.0,0.0,0.0,0.0
2021-08-11,0.0,0.0,0.0,0.0,0.0,0.0,0.0,0.0,0.0,0.0
2021-08-12,0.0,0.0,0.0,0.0,0.0,0.0,0.0,0.0,0.0,0.0
2021-08-13,0.0,0.0,0.0,0.0,0.0,0.0,0.0,0.0,0.0,0.0
2021-08-16,0.0,0.0,0.0,0.0,0.0,0.0,0.0,0.0,0.0,0.0
2021-08-17,0.0,0.0,0.0,0.0,0.0,0.0,0.0,0.0,0.0,0.0
2021-08-18,0.0,0.0,0.0,0.0,0.0,0.0,0.0,0.0,0.0,0.0
2021-08-19,0.0,0.0,0.0,0.0,0.0,0.0,0.0,0.0,0.0,0.0
2021-08-20,0.0,0.0,0.0,0.0,0.0,0.0,0.0,0.0,0.0,0.0
2021-08-23,0.0,0.0,0.0,0.0,0.0,0.0,0.0,0.0,0.0,0.0
2021-08-24,0.0,0.0,0.0,0.0,0.0,0.0,0.0,0.0,0.0,0.0
2021-08-25,0.0,0.0,0.0,0.0,0.0,0.0,0.0,0.0,0.0,0.0
2021-08-26,0.0,0.0,0.0,0.0,0.0,0.0,0.0,0.0,0.0,0.0
2021-08-27,0.0,0.0,0.0,0.0,0.0,0.0,0.0,0.0,0.0,0.0
2021-08-30,0.0,0.0,0.0,0.0,0.0,0.0,0.0,0.0,0.0,0.0
2021-08-31,0.0,0.0,0.0,0.0,0.0,0.0,0.0,0.0,0.0,0.0
2021-09-01,0.0,0.0,0.0,0.0,0.0,0.0,0.0,0.0,0.0,0.0
2021-09-02,0.0,0.0,0.0,0.0,0.0,0.0,0.0,0.0,0.0,0.0
2021-09-03,0.0,0.0,0.0,0.0,0.0,0.0,0.0,0.0,0.0,0.0
2021-09-07,0.0,0.0,0.0,0.0,0.0,0.0,0.0,0.0,0.0,0.0
2021-09-08,0.0,0.0,0.0,0.0,0.0,0.0,0.0,0.0,0.0,0.0
2021-09-09,0.0,0.0,0.0,0.0,0.0,0.0,0.0,0.0,0.0,0.0
2021-09-10,0.0,0.0,0.0,0.0,0.0,0.0,0.0,0.0,0.0,0.0
2021-09-13,0.0,0.0,0.0,0.0,0.0,0.0,0.0,0.0,0.0,0.0
2021-09-14,0.0,0.0,0.0,0.0,0.0,0.0,0.0,0.0,0.0,0.0
2021-09-15,0.0,0.0,0.0,0.0,0.0,0.0,0.0,0.0,0.0,0.0
2021-09-16,0.0,0.0,0.0,0.0,0.0,0.0,0.0,0.0,0.0,0.0
2021-09-17,0.0,0.0,0.0,0.0,0.0,0.0,0.0,0.0,0.0,0.0
2021-09-20,0.0,0.0,0.0,0.0,0.0,0.0,0.0,0.0,0.0,0.0
2021-09-21,0.0,0.0,0.0,0.0,0.0,0.0,0.0,0.0,0.0,0.0
2021-09-22,0.0,0.0,0.0,0.0,0.0,0.0,0.0,0.0,0.0,0.0
2021-09-23,0.0,0.0,0.0,0.0,0.0,0.0,0.0,0.0,0.0,0.0
2021-09-24,0.0,0.0,0.0,0.0,0.0,0.0,0.0,0.0,0.0,0.0
2021-09-27,0.0,0.0,0.0,0.0,0.0,0.0,0.0,0.0,0.0,0.0
2021-09-28,0.0,0.0,0.0,0.0,0.0,0.0,0.0,0.0,0.0,0.0
2021-09-29,0.0,0.0,0.0,0.0,0.0,0.0,0.0,0.0,0.0,0.0
2021-09-30,0.0,0.0,0.0,0.0,0.0,0.0,0.0,0.0,0.0,0.0
2021-10-01,0.0,0.0,0.0,0.0,0.0,0.0,0.0,0.0,0.0,0.0
2021-10-04,0.0,0.0,0.0,0.0,0.0,0.0,0.0,0.0,0.0,0.0
2021-10-05,0.0,0.0,0.0,0.0,0.0,0.0,0.0,0.0,0.0,0.0
2021-10-06,0.0,0.0,0.0,0.0,0.0,0.0,0.0,0.0,0.0,0.0
2021-10-07,0.0,0.0,0.0,0.0,0.0,0.0,0.0,0.0,0.0,0.0
2021-10-08,0.0,0.0,0.0,0.0,0.0,0.0,0.0,0.0,0.0,0.0
2021-10-11,0.0,0.0,0.0,0.0,0.0,0.0,0.0,0.0,0.0,0.0
2021-10-12,0.0,0.0,0.0,0.0,0.0,0.0,0.0,0.0,0.0,0.0
2021-10-13,0.0,0.0,0.0,0.0,0.0,0.0,0.0,0.0,0.0,0.0
2021-10-14,0.0,0.0,0.0,0.0,0.0,0.0,0.0,0.0,0.0,0.0
2021-10-15,0.0,0.0,0.0,0.0,0.0,0.0,0.0,0.0,0.0,0.0
2021-10-18,0.0,0.0,0.0,0.0,0.0,0.0,0.0,0.0,0.0,0.0
2021-10-19,0.0,0.0,0.0,0.0,0.0,0.0,0.0,0.0,0.0,0.0
2021-10-20,0.0,0.0,0.0,0.0,0.0,0.0,0.0,0.0,0.0,0.0
2021-10-21,0.0,8.574740220374328e-06,7.543170808836807e-06,0.0,1.855554497027357e-05,3.2142857142857143e-06,0.49,0.49,-0.05000000000000002,-3.788774171377042e-05
2021-10-22,0.0018304942209929585,8.574740220374328e-06,6.470574419828225e-06,0.0,1.862920037121735e-05,0.0,0.4868601435951919,0.0,0.0,0.0017968197059815387
2021-10-25,0.0,0.0,0.0,0.0,0.0,0.0,0.0,0.0,0.0,0.0
2021-10-26,0.0,4.601745276891636e-06,5.208818372199176e-06,0.0,1.0015978630446547e-05,2.1428571428571427e-06,0.4099999999999999,0.4099999999999999,0.049999999999999906,-2.19693994223945e-05
2021-10-27,-0.0008018884698007701,9.143050936610541e-06,1.4857272560716085e-05,0.0,2.0773236860651416e-05,3.962585034013607e-06,1.0237025185808901,0.6157142857142859,-0.050000000000000155,-0.0008506246151927617
2021-10-28,-0.0002534313906752675,1.161570305573066e-05,1.4856495671881303e-05,0.0,3.824474871936397e-05,3.928571428571428e-06,1.074207057855785,0.6099999999999999,-0.049999999999999975,-0.0003220769095508149
2021-10-29,0.005680271026525805,7.509810679022746e-06,8.001309741921192e-06,0.0,2.7609489122702196e-05,0.0,0.608799467471207,0.0,0.0,0.0056371504169821585
2021-11-01,0.0,0.0,0.0,0.0,0.0,0.0,0.0,0.0,0.0,0.0
2021-11-02,0.0,2.7250163746333537e-06,5.718581119898295e-06,0.0,1.7673451402751084e-05,2.619047619047619e-06,0.3899999999999999,0.3899999999999999,-0.049999999999999906,-2.873609651633035e-05
2021-11-03,-0.0019062332019137887,3.374929619174018e-06,6.956995895459176e-06,0.0,2.1058975186514457e-05,9.523809523809523e-07,0.5969584621197632,0.21000000000000002,0.05000000000000003,-0.0019385764835673173
2021-11-04,0.0016695128549155487,6.220846337878522e-06,8.236485390930927e-06,0.0,2.405624582826161e-05,3.333333333333333e-06,0.598558990236663,0.61,0.04999999999999999,0.0016276659440251442
2021-11-05,0.00011372522686284414,9.89918280016709e-06,1.3485402991980198e-05,0.0,3.0265839571974123e-05,2.0238095238095237e-06,0.9034625121492849,0.29,-0.04999999999999999,5.805099197491321e-05
2021-11-08,-8.890289089316605e-05,3.722324499844156e-06,3.5654778948523435e-06,0.0,9.026412949944916e-06,0.0,0.29065677949112184,0.0,0.0,-0.00010521710623780747
2021-11-09,0.0,0.0,0.0,0.0,0.0,0.0,0.0,0.0,0.0,0.0
2021-11-10,0.0,0.0,0.0,0.0,0.0,0.0,0.0,0.0,0.0,0.0
2021-11-11,0.0,0.0,0.0,0.0,0.0,0.0,0.0,0.0,0.0,0.0
2021-11-12,0.0,0.0,0.0,0.0,0.0,0.0,0.0,0.0,0.0,0.0
2021-11-15,0.0,0.0,0.0,0.0,0.0,0.0,0.0,0.0,0.0,0.0
2021-11-16,0.0,0.0,0.0,0.0,0.0,0.0,0.0,0.0,0.0,0.0
2021-11-17,0.0,0.0,0.0,0.0,0.0,0.0,0.0,0.0,0.0,0.0
2021-11-18,0.0,0.0,0.0,0.0,0.0,0.0,0.0,0.0,0.0,0.0
2021-11-19,0.0,0.0,0.0,0.0,0.0,0.0,0.0,0.0,0.0,0.0
2021-11-22,0.0,0.0,0.0,0.0,0.0,0.0,0.0,0.0,0.0,0.0
2021-11-23,0.0,0.0,0.0,0.0,0.0,0.0,0.0,0.0,0.0,0.0
2021-11-24,0.0,0.0,0.0,0.0,0.0,0.0,0.0,0.0,0.0,0.0
2021-11-29,0.0,0.0,0.0,0.0,0.0,0.0,0.0,0.0,0.0,0.0
2021-11-30,0.0,0.0,0.0,0.0,0.0,0.0,0.0,0.0,0.0,0.0
2021-12-01,0.0,0.0,0.0,0.0,0.0,0.0,0.0,0.0,0.0,0.0
2021-12-02,0.0,0.0,0.0,0.0,0.0,0.0,0.0,0.0,0.0,0.0
2021-12-03,0.0,0.0,0.0,0.0,0.0,0.0,0.0,0.0,0.0,0.0
2021-12-06,0.0,0.0,0.0,0.0,0.0,0.0,0.0,0.0,0.0,0.0
2021-12-07,0.0,0.0,0.0,0.0,0.0,0.0,0.0,0.0,0.0,0.0
2021-12-08,0.0,0.0,0.0,0.0,0.0,0.0,0.0,0.0,0.0,0.0
2021-12-09,0.0,0.0,0.0,0.0,0.0,0.0,0.0,0.0,0.0,0.0
2021-12-10,0.0,0.0,0.0,0.0,0.0,0.0,0.0,0.0,0.0,0.0
2021-12-13,0.0,0.0,0.0,0.0,0.0,0.0,0.0,0.0,0.0,0.0
2021-12-14,0.0,0.0,0.0,0.0,0.0,0.0,0.0,0.0,0.0,0.0
2021-12-15,0.0,0.0,0.0,0.0,0.0,0.0,0.0,0.0,0.0,0.0
2021-12-16,0.0,0.0,0.0,0.0,0.0,0.0,0.0,0.0,0.0,0.0
2021-12-17,0.0,0.0,0.0,0.0,0.0,0.0,0.0,0.0,0.0,0.0
2021-12-20,0.0,0.0,0.0,0.0,0.0,0.0,0.0,0.0,0.0,0.0
2021-12-21,0.0,0.0,0.0,0.0,0.0,0.0,0.0,0.0,0.0,0.0
2021-12-22,0.0,0.0,0.0,0.0,0.0,0.0,0.0,0.0,0.0,0.0
2021-12-23,0.0,0.0,0.0,0.0,0.0,0.0,0.0,0.0,0.0,0.0
2021-12-27,0.0,0.0,0.0,0.0,0.0,0.0,0.0,0.0,0.0,0.0
2021-12-28,0.0,0.0,0.0,0.0,0.0,0.0,0.0,0.0,0.0,0.0
2021-12-29,0.0,0.0,0.0,0.0,0.0,0.0,0.0,0.0,0.0,0.0
2021-12-30,0.0,0.0,0.0,0.0,0.0,0.0,0.0,0.0,0.0,0.0
2021-12-31,0.0,0.0,0.0,0.0,0.0,0.0,0.0,0.0,0.0,0.0
2022-01-03,0.0,0.0,0.0,0.0,0.0,0.0,0.0,0.0,0.0,0.0
2022-01-04,0.0,0.0,0.0,0.0,0.0,0.0,0.0,0.0,0.0,0.0
2022-01-05,0.0,0.0,0.0,0.0,0.0,0.0,0.0,0.0,0.0,0.0
2022-01-06,0.0,0.0,0.0,0.0,0.0,0.0,0.0,0.0,0.0,0.0
2022-01-07,0.0,0.0,0.0,0.0,0.0,0.0,0.0,0.0,0.0,0.0
2022-01-10,0.0,1.301033847325672e-06,3.316549450572276e-06,0.0,5.391053231977298e-06,1.5476190476190472e-06,0.20999999999999996,0.20999999999999996,-0.04999999999999998,-1.1556255577494294e-05
2022-01-11,-0.0023668966945107066,1.301033847325672e-06,2.311301400310517e-06,0.0,5.564368253358522e-06,0.0,0.21176836330587848,0.0,0.0,-0.002376073398011701
2022-01-12,0.0,0.0,0.0,0.0,0.0,0.0,0.0,0.0,0.0,0.0
2022-01-13,0.0,0.0,0.0,0.0,0.0,0.0,0.0,0.0,0.0,0.0
2022-01-14,0.0,0.0,0.0,0.0,0.0,0.0,0.0,0.0,0.0,0.0
2022-01-18,0.0,0.0,0.0,0.0,0.0,0.0,0.0,0.0,0.0,0.0
2022-01-19,0.0,0.0,0.0,0.0,0.0,0.0,0.0,0.0,0.0,0.0
2022-01-20,0.0,0.0,0.0,0.0,0.0,0.0,0.0,0.0,0.0,0.0
2022-01-21,0.0,0.0,0.0,0.0,0.0,0.0,0.0,0.0,0.0,0.0
2022-01-24,0.0,0.0,0.0,0.0,0.0,0.0,0.0,0.0,0.0,0.0
2022-01-25,0.0,0.0,0.0,0.0,0.0,0.0,0.0,0.0,0.0,0.0
2022-01-26,0.0,0.0,0.0,0.0,0.0,0.0,0.0,0.0,0.0,0.0
2022-01-27,0.0,5.7496152949691605e-06,7.0214254059136165e-06,0.0,2.388743321637954e-05,3.214285714285715e-06,0.4900000000000001,0.4900000000000001,-0.050000000000000044,-3.987275963154803e-05
2022-01-28,-0.0014973279389691246,5.7496152949691605e-06,6.677664004690722e-06,0.0,2.4296551322132616e-05,0.0,0.5007131320111032,0.0,0.0,-0.001534051769590917
2022-01-31,0.0,0.0,0.0,0.0,0.0,0.0,0.0,0.0,0.0,0.0
2022-02-01,0.0,0.0,0.0,0.0,0.0,0.0,0.0,0.0,0.0,0.0
2022-02-02,0.0,0.0,0.0,0.0,0.0,0.0,0.0,0.0,0.0,0.0
2022-02-03,0.0,4.29657850511717e-06,6.8891982332049005e-06,0.0,1.3492298118139697e-05,3.023809523809524e-06,0.45799999999999996,0.45799999999999996,-0.05000000000000002,-2.770188438027129e-05
2022-02-04,-0.0027133078665827104,4.29657850511717e-06,5.608714358719871e-06,0.0,1.3841261486605396e-05,0.0,0.45887330665651416,0.0,0.0,-0.002737054420933153
2022-02-07,0.0,0.0,0.0,0.0,0.0,0.0,0.0,0.0,0.0,0.0
2022-02-08,0.0,1.9672289560890253e-06,1.949272895896128e-06,0.0,4.953717100667625e-06,7.142857142857143e-07,0.16999999999999998,0.16999999999999998,0.049999999999999975,-9.584504666938493e-06
2022-02-09,-0.0010679347208613472,1.967228956089025e-06,2.7962304074593094e-06,0.0,5.121175441158818e-06,0.0,0.1739401802802979,0.0,0.0,-0.0010778193556660544
2022-02-10,0.0,0.0,0.0,0.0,0.0,0.0,0.0,0.0,0.0,0.0
2022-02-11,0.0,6.946663969818583e-07,2.204905964024301e-06,0.0,1.2156371798278414e-05,9.523809523809523e-07,0.21000000000000002,0.21000000000000002,0.05,-1.6008325111665525e-05
2022-02-14,0.0007657068051635308,6.946663969818583e-07,3.3231220688603924e-06,0.0,1.2254042954739583e-05,0.0,0.2091672839753455,0.0,0.0,0.000749434973742949
2022-02-15,0.0,8.046219369570665e-07,1.7367762483673263e-06,0.0,5.484047580646243e-06,7.142857142857143e-07,0.16999999999999998,0.16999999999999998,0.049999999999999996,-8.739731480256351e-06
2022-02-16,0.000506516837128486,8.046219369570666e-07,2.7902484625506204e-06,0.0,5.4907349725906564e-06,0.0,0.17039197850697677,0.0,0.0,0.0004974312317563877
2022-02-17,0.0,0.0,0.0,0.0,0.0,0.0,0.0,0.0,0.0,0.0
2022-02-18,0.0,0.0,0.0,0.0,0.0,0.0,0.0,0.0,0.0,0.0
2022-02-22,0.0,1.3561488134081333e-06,2.7979393995701262e-06,0.0,2.420560456251507e-06,1.3095238095238098e-06,0.17,0.17,-0.050000000000000024,-7.884172478753576e-06
2022-02-23,0.0008374600126658522,1.356148813408133e-06,1.7959028715255966e-06,0.0,2.4936683007273567e-06,0.0,0.16835986440204986,0.0,0.0,0.0008318142926801911
2022-02-24,0.0,1.1913357299399923e-06,2.212754679882119e-06,0.0,7.739010390585304e-06,9.857555609973795e-07,0.14280346712377986,0.14280346712377986,-0.022803467123779876,-1.2128856361404794e-05
2022-02-25,-0.003070588457941835,3.881941079087052e-06,3.5737851182641138e-06,0.0,1.445481144487002e-05,7.142857142857143e-07,0.310534946898272,0.16366954825446772,0.04366954825446772,-0.003093213281298342
2022-02-28,0.001207371826161635,2.690605349147059e-06,2.796469269072182e-06,0.0,6.763962207154803e-06,0.0,0.1645983900999717,0.0,0.0,0.0011951207893362609
2022-03-01,0.0,0.0,0.0,0.0,0.0,0.0,0.0,0.0,0.0,0.0
2022-03-02,0.0,0.0,0.0,0.0,0.0,0.0,0.0,0.0,0.0,0.0
2022-03-03,0.0,0.0,0.0,0.0,0.0,0.0,0.0,0.0,0.0,0.0
2022-03-04,0.0,0.0,0.0,0.0,0.0,0.0,0.0,0.0,0.0,0.0
2022-03-07,0.0,0.0,0.0,0.0,0.0,0.0,0.0,0.0,0.0,0.0
2022-03-08,0.0,0.0,0.0,0.0,0.0,0.0,0.0,0.0,0.0,0.0
2022-03-09,0.0,0.0,0.0,0.0,0.0,0.0,0.0,0.0,0.0,0.0
2022-03-10,0.0,0.0,0.0,0.0,0.0,0.0,0.0,0.0,0.0,0.0
2022-03-11,0.0,0.0,0.0,0.0,0.0,0.0,0.0,0.0,0.0,0.0
2022-03-14,0.0,0.0,0.0,0.0,0.0,0.0,0.0,0.0,0.0,0.0
2022-03-15,0.0,0.0,0.0,0.0,0.0,0.0,0.0,0.0,0.0,0.0
2022-03-16,0.0,0.0,0.0,0.0,0.0,0.0,0.0,0.0,0.0,0.0
2022-03-17,0.0,0.0,0.0,0.0,0.0,0.0,0.0,0.0,0.0,0.0
2022-03-18,0.0,0.0,0.0,0.0,0.0,0.0,0.0,0.0,0.0,0.0
2022-03-21,0.0,0.0,0.0,0.0,0.0,0.0,0.0,0.0,0.0,0.0
2022-03-22,0.0,0.0,0.0,0.0,0.0,0.0,0.0,0.0,0.0,0.0
2022-03-23,0.0,0.0,0.0,0.0,0.0,0.0,0.0,0.0,0.0,0.0
2022-03-24,0.0,0.0,0.0,0.0,0.0,0.0,0.0,0.0,0.0,0.0
2022-03-25,0.0,0.0,0.0,0.0,0.0,0.0,0.0,0.0,0.0,0.0
2022-03-28,0.0,0.0,0.0,0.0,0.0,0.0,0.0,0.0,0.0,0.0
2022-03-29,0.0,0.0,0.0,0.0,0.0,0.0,0.0,0.0,0.0,0.0
2022-03-30,0.0,0.0,0.0,0.0,0.0,0.0,0.0,0.0,0.0,0.0
2022-03-31,0.0,0.0,0.0,0.0,0.0,0.0,0.0,0.0,0.0,0.0
2022-04-01,0.0,0.0,0.0,0.0,0.0,0.0,0.0,0.0,0.0,0.0
2022-04-04,0.0,0.0,0.0,0.0,0.0,0.0,0.0,0.0,0.0,0.0
2022-04-05,0.0,0.0,0.0,0.0,0.0,0.0,0.0,0.0,0.0,0.0
2022-04-06,0.0,0.0,0.0,0.0,0.0,0.0,0.0,0.0,0.0,0.0
2022-04-07,0.0,0.0,0.0,0.0,0.0,0.0,0.0,0.0,0.0,0.0
2022-04-08,0.0,0.0,0.0,0.0,0.0,0.0,0.0,0.0,0.0,0.0
2022-04-11,0.0,0.0,0.0,0.0,0.0,0.0,0.0,0.0,0.0,0.0
2022-04-12,0.0,0.0,0.0,0.0,0.0,0.0,0.0,0.0,0.0,0.0
2022-04-13,0.0,0.0,0.0,0.0,0.0,0.0,0.0,0.0,0.0,0.0
2022-04-14,0.0,3.662702657960355e-06,2.570993716771387e-06,0.0,3.983248292020164e-06,9.523809523809523e-07,0.21,0.21,0.04999999999999999,-1.1169325619132858e-05
2022-04-18,-0.00018104613063624976,6.804076283973144e-06,3.965437187885761e-06,0.0,1.0097626515032216e-05,9.523809523809522e-07,0.26396572367405147,0.21000000000000002,0.05000000000000004,-0.00020286565157552183
2022-04-19,0.0015906418792285223,3.6019823001025886e-06,3.478475719310322e-06,0.0,6.1036167852997655e-06,0.0,0.2126467520500987,0.0,0.0,0.0015774578044238097
2022-04-20,0.0,0.0,0.0,0.0,0.0,0.0,0.0,0.0,0.0,0.0
2022-04-21,0.0,3.903605440818325e-06,6.1240805600703945e-06,0.0,1.7351701312603748e-05,2.738095238095239e-06,0.41000000000000003,0.41000000000000003,-0.05000000000000002,-3.0117482551587704e-05
2022-04-22,0.0006558196081923407,3.903605440818325e-06,4.960540035070128e-06,0.0,1.6705297870064267e-05,0.0,0.39957595108861743,0.0,0.0,0.0006302501648463879
2022-04-25,0.0,0.0,0.0,0.0,0.0,0.0,0.0,0.0,0.0,0.0
2022-04-26,0.0,0.0,0.0,0.0,0.0,0.0,0.0,0.0,0.0,0.0
2022-04-27,0.0,1.0530666382586118e-05,9.885891732642564e-06,0.0,3.511664707324515e-05,4.404761904761903e-06,0.69,0.69,-0.04999999999999995,-5.993796709323574e-05
2022-04-28,-0.003738830229018946,1.2758397241509867e-05,1.4719862076399777e-05,0.0,5.2507918896918406e-05,2.1428571428571427e-06,1.1174049077525665,0.41000000000000003,0.05000000000000003,-0.0038209592643766313
2022-04-29,-0.004069246624201535,4.3645082040144445e-06,8.814051308064989e-06,0.0,2.2186045326270766e-05,1.3095238095238094e-06,0.5687265204156154,0.16999999999999998,-0.05,-0.004105920752849409
2022-05-02,-0.001762634019523003,2.1367773450906943e-06,1.7054399060009575e-06,0.0,5.714117145074654e-06,0.0,0.166764500108946,0.0,0.0,-0.0017721903539191692
2022-05-03,0.0,7.798814970937034e-06,1.0065404057172101e-05,0.0,3.4090269124201745e-05,4.238095238095238e-06,0.7619999999999999,0.7619999999999999,0.04999999999999988,-5.619258339040612e-05
2022-05-04,0.00887684790406058,7.798814970937034e-06,1.1165167945092662e-05,0.0,3.407888826119898e-05,0.0,0.7784521733391996,0.0,0.0,0.008823805032883351
2022-05-05,0.0,1.8604601773122658e-06,2.9517603579502934e-06,0.0,1.0020599645221048e-05,1.3095238095238098e-06,0.16999999999999998,0.16999999999999998,-0.05,-1.6142343990007417e-05
2022-05-06,0.0012923365171949653,5.293690996087425e-06,6.264363011247139e-06,0.0,2.6647159751052004e-05,1.9047619047619045e-06,0.5368035689788506,0.37,0.05,0.0012522265415318167
2022-05-09,-0.0055996615245428455,3.4332308187751594e-06,5.356305985108924e-06,0.0,1.6632387744777935e-05,0.0,0.35959720737912093,0.0,0.0,-0.005625083449091507
2022-05-10,0.0,0.0,0.0,0.0,0.0,0.0,0.0,0.0,0.0,0.0
2022-05-11,0.0,0.0,0.0,0.0,0.0,0.0,0.0,0.0,0.0,0.0
2022-05-12,0.0,0.0,0.0,0.0,0.0,0.0,0.0,0.0,0.0,0.0
2022-05-13,0.0,0.0,0.0,0.0,0.0,0.0,0.0,0.0,0.0,0.0
2022-05-16,0.0,0.0,0.0,0.0,0.0,0.0,0.0,0.0,0.0,0.0
2022-05-17,0.0,0.0,0.0,0.0,0.0,0.0,0.0,0.0,0.0,0.0
2022-05-18,0.0,0.0,0.0,0.0,0.0,0.0,0.0,0.0,0.0,0.0
2022-05-19,0.0,0.0,0.0,0.0,0.0,0.0,0.0,0.0,0.0,0.0
2022-05-20,0.0,0.0,0.0,0.0,0.0,0.0,0.0,0.0,0.0,0.0
2022-05-23,0.0,0.0,0.0,0.0,0.0,0.0,0.0,0.0,0.0,0.0
2022-05-24,0.0,0.0,0.0,0.0,0.0,0.0,0.0,0.0,0.0,0.0
2022-05-25,0.0,0.0,0.0,0.0,0.0,0.0,0.0,0.0,0.0,0.0
2022-05-26,0.0,0.0,0.0,0.0,0.0,0.0,0.0,0.0,0.0,0.0
2022-05-27,0.0,0.0,0.0,0.0,0.0,0.0,0.0,0.0,0.0,0.0
2022-05-31,0.0,0.0,0.0,0.0,0.0,0.0,0.0,0.0,0.0,0.0
2022-06-01,0.0,0.0,0.0,0.0,0.0,0.0,0.0,0.0,0.0,0.0
2022-06-02,0.0,0.0,0.0,0.0,0.0,0.0,0.0,0.0,0.0,0.0
2022-06-03,0.0,0.0,0.0,0.0,0.0,0.0,0.0,0.0,0.0,0.0
2022-06-06,0.0,0.0,0.0,0.0,0.0,0.0,0.0,0.0,0.0,0.0
2022-06-07,0.0,0.0,0.0,0.0,0.0,0.0,0.0,0.0,0.0,0.0
2022-06-08,0.0,0.0,0.0,0.0,0.0,0.0,0.0,0.0,0.0,0.0
2022-06-09,0.0,0.0,0.0,0.0,0.0,0.0,0.0,0.0,0.0,0.0
2022-06-10,0.0,0.0,0.0,0.0,0.0,0.0,0.0,0.0,0.0,0.0
2022-06-13,0.0,0.0,0.0,0.0,0.0,0.0,0.0,0.0,0.0,0.0
2022-06-14,0.0,0.0,0.0,0.0,0.0,0.0,0.0,0.0,0.0,0.0
2022-06-15,0.0,0.0,0.0,0.0,0.0,0.0,0.0,0.0,0.0,0.0
2022-06-16,0.0,0.0,0.0,0.0,0.0,0.0,0.0,0.0,0.0,0.0
2022-06-17,0.0,0.0,0.0,0.0,0.0,0.0,0.0,0.0,0.0,0.0
2022-06-21,0.0,0.0,0.0,0.0,0.0,0.0,0.0,0.0,0.0,0.0
2022-06-22,0.0,0.0,0.0,0.0,0.0,0.0,0.0,0.0,0.0,0.0
2022-06-23,0.0,0.0,0.0,0.0,0.0,0.0,0.0,0.0,0.0,0.0
2022-06-24,0.0,0.0,0.0,0.0,0.0,0.0,0.0,0.0,0.0,0.0
2022-06-27,0.0,0.0,0.0,0.0,0.0,0.0,0.0,0.0,0.0,0.0
2022-06-28,0.0,0.0,0.0,0.0,0.0,0.0,0.0,0.0,0.0,0.0
2022-06-29,0.0,0.0,0.0,0.0,0.0,0.0,0.0,0.0,0.0,0.0
2022-06-30,0.0,0.0,0.0,0.0,0.0,0.0,0.0,0.0,0.0,0.0
2022-07-01,0.0,0.0,0.0,0.0,0.0,0.0,0.0,0.0,0.0,0.0
2022-07-05,0.0,0.0,0.0,0.0,0.0,0.0,0.0,0.0,0.0,0.0
2022-07-06,0.0,0.0,0.0,0.0,0.0,0.0,0.0,0.0,0.0,0.0
2022-07-07,0.0,0.0,0.0,0.0,0.0,0.0,0.0,0.0,0.0,0.0
2022-07-08,0.0,0.0,0.0,0.0,0.0,0.0,0.0,0.0,0.0,0.0
2022-07-11,0.0,0.0,0.0,0.0,0.0,0.0,0.0,0.0,0.0,0.0
2022-07-12,0.0,0.0,0.0,0.0,0.0,0.0,0.0,0.0,0.0,0.0
2022-07-13,0.0,0.0,0.0,0.0,0.0,0.0,0.0,0.0,0.0,0.0
2022-07-14,0.0,1.869316172973197e-06,1.7973512190145873e-06,0.0,3.827523379208636e-06,7.142857142857143e-07,0.16999999999999998,0.16999999999999998,0.05,-8.208476485482135e-06
2022-07-15,0.0006700510635843989,1.869316172973197e-06,2.978859812553781e-06,0.0,3.995683260765861e-06,0.0,0.1761663277135895,0.0,0.0,0.000661207204338106
2022-07-18,0.0,1.7853966260163201e-06,2.78986778476432e-06,0.0,6.349838892752346e-06,1.3095238095238096e-06,0.16999999999999998,0.16999999999999998,-0.05,-1.2234627113056795e-05
2022-07-19,-0.00046954273558830276,1.78539662601632e-06,1.9621521033873605e-06,0.0,6.626467561372396e-06,0.0,0.1762580795814409,0.0,0.0,-0.00047991675187907884
2022-07-20,0.0,1.1596268217170334e-06,2.7791696381721973e-06,0.0,4.190994910666094e-06,1.3095238095238096e-06,0.16999999999999998,0.16999999999999998,-0.05,-9.439315180079134e-06
2022-07-21,-0.0004654372115751706,1.9380021722926908e-05,1.0000254661313051e-05,0.0,4.75343887866066e-05,4.214285714285715e-06,0.6757905091973838,0.6580000000000001,-0.050000000000000044,-0.0005465661624603029
2022-07-22,0.005605307557787833,1.871369256597775e-05,9.814341884484554e-06,0.0,4.3453501313959236e-05,0.0,0.654325115156554,0.0,0.0,0.005533326022023412
2022-07-25,0.0,0.0,0.0,0.0,0.0,0.0,0.0,0.0,0.0,0.0
2022-07-26,0.0,2.021135976707396e-06,2.571958988380041e-06,0.0,6.183250185837317e-06,1.0714285714285714e-06,0.22999999999999998,0.22999999999999998,0.05000000000000002,-1.1847773722353326e-05
2022-07-27,0.0015310803902575877,3.898683791582769e-06,8.673098366084183e-06,0.0,1.5383521035494194e-05,2.2619047619047617e-06,0.5638810462139077,0.33,-0.05,0.0015008631823025219
2022-07-28,0.0003516488096400286,5.767934741462884e-06,9.582281043368007e-06,0.0,3.3675530319252195e-05,3.690476190476191e-06,0.7030136451386707,0.57,-0.04999999999999996,0.0002989325873454693
2022-07-29,0.002504421731871243,4.528395143808761e-06,7.291871885874612e-06,0.0,2.4755730792552973e-05,0.0,0.5772495311092608,0.0,0.0,0.0024678457340490067
2022-08-01,0.0,0.0,0.0,0.0,0.0,0.0,0.0,0.0,0.0,0.0
2022-08-02,0.0,3.1628548237537974e-06,4.994627579438822e-06,0.0,1.568094973514876e-05,2.2619047619047617e-06,0.33,0.33,-0.05000000000000002,-2.610033690024614e-05
2022-08-03,-0.0010970647414831483,4.438609048487904e-06,5.429368591517305e-06,0.0,2.256294447568632e-05,1.6666666666666669e-06,0.3908746218834286,0.23,-0.05000000000000002,-0.0011311623302655066
2022-08-04,-0.002532772912800613,7.834382818217818e-06,1.064831856401361e-05,0.0,3.5917718730799874e-05,3.4523809523809523e-06,0.8637432267101443,0.63,0.05000000000000003,-0.002590625713866025
2022-08-05,-7.409513260275071e-05,6.032352456618003e-06,9.207994464693518e-06,0.0,2.8789627756704073e-05,0.0,0.6304339751791512,0.0,0.0,-0.0001181251072807663
2022-08-08,0.0,0.0,0.0,0.0,0.0,0.0,0.0,0.0,0.0,0.0
2022-08-09,0.0,0.0,0.0,0.0,0.0,0.0,0.0,0.0,0.0,0.0
2022-08-10,0.0,0.0,0.0,0.0,0.0,0.0,0.0,0.0,0.0,0.0
2022-08-11,0.0,0.0,0.0,0.0,0.0,0.0,0.0,0.0,0.0,0.0
2022-08-12,0.0,0.0,0.0,0.0,0.0,0.0,0.0,0.0,0.0,0.0
2022-08-15,0.0,0.0,0.0,0.0,0.0,0.0,0.0,0.0,0.0,0.0
2022-08-16,0.0,0.0,0.0,0.0,0.0,0.0,0.0,0.0,0.0,0.0
2022-08-17,0.0,0.0,0.0,0.0,0.0,0.0,0.0,0.0,0.0,0.0
2022-08-18,0.0,2.178371787782612e-06,1.9073218345746764e-06,0.0,5.401845098977279e-06,7.142857142857143e-07,0.16999999999999998,0.16999999999999998,0.049999999999999996,-1.0201824435620281e-05
2022-08-19,-0.00043595530450862163,2.178371787782612e-06,2.79342201685619e-06,0.0,5.35176842010958e-06,0.0,0.16730610663198686,0.0,0.0,-0.00044627886673337
2022-08-22,0.0,0.0,0.0,0.0,0.0,0.0,0.0,0.0,0.0,0.0
2022-08-23,0.0,0.0,0.0,0.0,0.0,0.0,0.0,0.0,0.0,0.0
2022-08-24,0.0,0.0,0.0,0.0,0.0,0.0,0.0,0.0,0.0,0.0
2022-08-25,0.0,0.0,0.0,0.0,0.0,0.0,0.0,0.0,0.0,0.0
2022-08-26,0.0,0.0,0.0,0.0,0.0,0.0,0.0,0.0,0.0,0.0
2022-08-29,0.0,0.0,0.0,0.0,0.0,0.0,0.0,0.0,0.0,0.0
2022-08-30,0.0,0.0,0.0,0.0,0.0,0.0,0.0,0.0,0.0,0.0
2022-08-31,0.0,0.0,0.0,0.0,0.0,0.0,0.0,0.0,0.0,0.0
2022-09-01,0.0,0.0,0.0,0.0,0.0,0.0,0.0,0.0,0.0,0.0
2022-09-02,0.0,0.0,0.0,0.0,0.0,0.0,0.0,0.0,0.0,0.0
2022-09-06,0.0,0.0,0.0,0.0,0.0,0.0,0.0,0.0,0.0,0.0
2022-09-07,0.0,0.0,0.0,0.0,0.0,0.0,0.0,0.0,0.0,0.0
2022-09-08,0.0,0.0,0.0,0.0,0.0,0.0,0.0,0.0,0.0,0.0
2022-09-09,0.0,0.0,0.0,0.0,0.0,0.0,0.0,0.0,0.0,0.0
2022-09-12,0.0,0.0,0.0,0.0,0.0,0.0,0.0,0.0,0.0,0.0
2022-09-13,0.0,0.0,0.0,0.0,0.0,0.0,0.0,0.0,0.0,0.0
2022-09-14,0.0,0.0,0.0,0.0,0.0,0.0,0.0,0.0,0.0,0.0
2022-09-15,0.0,0.0,0.0,0.0,0.0,0.0,0.0,0.0,0.0,0.0
2022-09-16,0.0,0.0,0.0,0.0,0.0,0.0,0.0,0.0,0.0,0.0
2022-09-19,0.0,0.0,0.0,0.0,0.0,0.0,0.0,0.0,0.0,0.0
2022-09-20,0.0,0.0,0.0,0.0,0.0,0.0,0.0,0.0,0.0,0.0
2022-09-21,0.0,0.0,0.0,0.0,0.0,0.0,0.0,0.0,0.0,0.0
2022-09-22,0.0,1.5657332776822198e-06,2.8015405685144497e-06,0.0,6.339867410058061e-06,1.3095238095238098e-06,0.17000000000000004,0.17000000000000004,-0.050000000000000024,-1.2016665065778541e-05
2022-09-23,0.0017803990120439923,1.5657332776822198e-06,1.8272372992023491e-06,0.0,6.140728170091617e-06,0.0,0.1676750465325105,0.0,0.0,0.001770865313297016
2022-09-26,0.0,0.0,0.0,0.0,0.0,0.0,0.0,0.0,0.0,0.0
2022-09-27,0.0,0.0,0.0,0.0,0.0,0.0,0.0,0.0,0.0,0.0
2022-09-28,0.0,0.0,0.0,0.0,0.0,0.0,0.0,0.0,0.0,0.0
2022-09-29,0.0,0.0,0.0,0.0,0.0,0.0,0.0,0.0,0.0,0.0
2022-09-30,0.0,0.0,0.0,0.0,0.0,0.0,0.0,0.0,0.0,0.0
2022-10-03,0.0,0.0,0.0,0.0,0.0,0.0,0.0,0.0,0.0,0.0
2022-10-04,0.0,0.0,0.0,0.0,0.0,0.0,0.0,0.0,0.0,0.0
2022-10-05,0.0,0.0,0.0,0.0,0.0,0.0,0.0,0.0,0.0,0.0
2022-10-06,0.0,0.0,0.0,0.0,0.0,0.0,0.0,0.0,0.0,0.0
2022-10-07,0.0,0.0,0.0,0.0,0.0,0.0,0.0,0.0,0.0,0.0
2022-10-10,0.0,0.0,0.0,0.0,0.0,0.0,0.0,0.0,0.0,0.0
2022-10-11,0.0,0.0,0.0,0.0,0.0,0.0,0.0,0.0,0.0,0.0
2022-10-12,0.0,0.0,0.0,0.0,0.0,0.0,0.0,0.0,0.0,0.0
2022-10-13,0.0,0.0,0.0,0.0,0.0,0.0,0.0,0.0,0.0,0.0
2022-10-14,0.0,0.0,0.0,0.0,0.0,0.0,0.0,0.0,0.0,0.0
2022-10-17,0.0,0.0,0.0,0.0,0.0,0.0,0.0,0.0,0.0,0.0
2022-10-18,0.0,0.0,0.0,0.0,0.0,0.0,0.0,0.0,0.0,0.0
2022-10-19,0.0,0.0,0.0,0.0,0.0,0.0,0.0,0.0,0.0,0.0
2022-10-20,0.0,0.0,0.0,0.0,0.0,0.0,0.0,0.0,0.0,0.0
2022-10-21,0.0,0.0,0.0,0.0,0.0,0.0,0.0,0.0,0.0,0.0
2022-10-24,0.0,0.0,0.0,0.0,0.0,0.0,0.0,0.0,0.0,0.0
2022-10-25,0.0,0.0,0.0,0.0,0.0,0.0,0.0,0.0,0.0,0.0
2022-10-26,0.0,8.946345665709291e-06,5.159852986553584e-06,0.0,1.2756311648228413e-05,2.2619047619047626e-06,0.33000000000000007,0.33000000000000007,-0.05000000000000002,-2.9124415062396055e-05
2022-10-27,0.0018269635814389623,2.0106142959959104e-05,1.3473292096367785e-05,0.0,4.3217677728992674e-05,5.000000000000001e-06,0.9278679385661585,0.79,-0.0500000000000001,0.0017451664686536428
2022-10-28,0.002155050281368215,1.3933489621259467e-05,1.3042734265394407e-05,0.0,4.5609353908100434e-05,1.246971790182236e-06,0.8865183715272305,0.16474563037530782,-0.04474563037530781,0.0020812177317832787
2022-10-31,0.002001573207272128,2.4263893960882945e-06,1.850230890100307e-06,0.0,1.4589698731954925e-05,0.0,0.16373186204608445,0.0,0.0,0.001982706888253984
2022-11-01,0.0,1.3439366447812497e-06,2.5033638492156403e-06,0.0,4.863831060525488e-06,1.0714285714285714e-06,0.22999999999999998,0.22999999999999998,0.049999999999999996,-9.782560125950949e-06
2022-11-02,-0.0043861100967703594,2.4332117911255395e-06,6.3552490063136595e-06,0.0,9.056307799461121e-06,1.3095238095238098e-06,0.39683081802310793,0.17,-0.05000000000000001,-0.0044052643891767836
2022-11-03,-0.0014027319704497374,3.2182377415192227e-06,3.444509492934594e-06,0.0,1.3349333870151307e-05,8.70186832325767e-07,0.27640499335703494,0.1330956939153644,-0.013095693915364427,-0.0014236142383866684
2022-11-04,-9.086471625594632e-05,2.2179606566130606e-06,1.7771117033856085e-06,0.0,9.252697383756519e-06,0.0,0.1349200491976581,0.0,0.0,-0.00010411248599970151
2022-11-07,0.0,0.0,0.0,0.0,0.0,0.0,0.0,0.0,0.0,0.0
2022-11-08,0.0,0.0,0.0,0.0,0.0,0.0,0.0,0.0,0.0,0.0
2022-11-09,0.0,0.0,0.0,0.0,0.0,0.0,0.0,0.0,0.0,0.0
2022-11-10,0.0,0.0,0.0,0.0,0.0,0.0,0.0,0.0,0.0,0.0
2022-11-11,0.0,0.0,0.0,0.0,0.0,0.0,0.0,0.0,0.0,0.0
2022-11-14,0.0,0.0,0.0,0.0,0.0,0.0,0.0,0.0,0.0,0.0
2022-11-15,0.0,0.0,0.0,0.0,0.0,0.0,0.0,0.0,0.0,0.0
2022-11-16,0.0,0.0,0.0,0.0,0.0,0.0,0.0,0.0,0.0,0.0
2022-11-17,0.0,0.0,0.0,0.0,0.0,0.0,0.0,0.0,0.0,0.0
2022-11-18,0.0,0.0,0.0,0.0,0.0,0.0,0.0,0.0,0.0,0.0
2022-11-21,0.0,0.0,0.0,0.0,0.0,0.0,0.0,0.0,0.0,0.0
2022-11-22,0.0,0.0,0.0,0.0,0.0,0.0,0.0,0.0,0.0,0.0
2022-11-23,0.0,0.0,0.0,0.0,0.0,0.0,0.0,0.0,0.0,0.0
2022-11-28,0.0,0.0,0.0,0.0,0.0,0.0,0.0,0.0,0.0,0.0
2022-11-29,0.0,0.0,0.0,0.0,0.0,0.0,0.0,0.0,0.0,0.0
2022-11-30,0.0,0.0,0.0,0.0,0.0,0.0,0.0,0.0,0.0,0.0
2022-12-01,0.0,0.0,0.0,0.0,0.0,0.0,0.0,0.0,0.0,0.0
2022-12-02,0.0,0.0,0.0,0.0,0.0,0.0,0.0,0.0,0.0,0.0
2022-12-05,0.0,0.0,0.0,0.0,0.0,0.0,0.0,0.0,0.0,0.0
2022-12-06,0.0,0.0,0.0,0.0,0.0,0.0,0.0,0.0,0.0,0.0
2022-12-07,0.0,0.0,0.0,0.0,0.0,0.0,0.0,0.0,0.0,0.0
2022-12-08,0.0,0.0,0.0,0.0,0.0,0.0,0.0,0.0,0.0,0.0
2022-12-09,0.0,0.0,0.0,0.0,0.0,0.0,0.0,0.0,0.0,0.0
2022-12-12,0.0,0.0,0.0,0.0,0.0,0.0,0.0,0.0,0.0,0.0
2022-12-13,0.0,0.0,0.0,0.0,0.0,0.0,0.0,0.0,0.0,0.0
2022-12-14,0.0,0.0,0.0,0.0,0.0,0.0,0.0,0.0,0.0,0.0
2022-12-15,0.0,0.0,0.0,0.0,0.0,0.0,0.0,0.0,0.0,0.0
