date,gross_ret,commission,fees,spread,impact,borrow,turnover,gross_exposure,net_exposure,net_ret
2005-01-03,0.0,0.0,0.0,0.0,0.0,0.0,0.0,0.0,0.0,0.0
2005-01-04,0.0,0.0,0.0,0.0,0.0,0.0,0.0,0.0,0.0,0.0
2005-01-05,0.0,0.0,0.0,0.0,0.0,0.0,0.0,0.0,0.0,0.0
2005-01-06,0.0,0.0,0.0,0.0,0.0,0.0,0.0,0.0,0.0,0.0
2005-01-07,0.0,0.0,0.0,0.0,0.0,0.0,0.0,0.0,0.0,0.0
2005-01-10,0.0,0.0,0.0,0.0,0.0,0.0,0.0,0.0,0.0,0.0
2005-01-11,0.0,0.0,0.0,0.0,0.0,0.0,0.0,0.0,0.0,0.0
2005-01-12,0.0,0.0,0.0,0.0,0.0,0.0,0.0,0.0,0.0,0.0
2005-01-13,0.0,0.0,0.0,0.0,0.0,0.0,0.0,0.0,0.0,0.0
2005-01-14,0.0,0.0,0.0,0.0,0.0,0.0,0.0,0.0,0.0,0.0
2005-01-18,0.0,0.0,0.0,0.0,0.0,0.0,0.0,0.0,0.0,0.0
2005-01-19,0.0,0.0,0.0,0.0,0.0,0.0,0.0,0.0,0.0,0.0
2005-01-20,0.0,0.0,0.0,0.0,0.0,0.0,0.0,0.0,0.0,0.0
2005-01-21,0.0,0.0,0.0,0.0,0.0,0.0,0.0,0.0,0.0,0.0
2005-01-24,0.0,0.0,0.0,0.0,0.0,0.0,0.0,0.0,0.0,0.0
2005-01-25,0.0,0.0,0.0,0.0,0.0,0.0,0.0,0.0,0.0,0.0
2005-01-26,0.0,0.0,0.0,0.0,0.0,0.0,0.0,0.0,0.0,0.0
2005-01-27,0.0,0.0,0.0,0.0,0.0,0.0,0.0,0.0,0.0,0.0
2005-01-28,0.0,0.0,0.0,0.0,0.0,0.0,0.0,0.0,0.0,0.0
2005-01-31,0.0,0.0,0.0,0.0,0.0,0.0,0.0,0.0,0.0,0.0
2005-02-01,0.0,0.0,0.0,0.0,0.0,0.0,0.0,0.0,0.0,0.0
2005-02-02,0.0,0.0,0.0,0.0,0.0,0.0,0.0,0.0,0.0,0.0
2005-02-03,0.0,0.0,0.0,0.0,0.0,0.0,0.0,0.0,0.0,0.0
2005-02-04,0.0,0.0,0.0,0.0,0.0,0.0,0.0,0.0,0.0,0.0
2005-02-07,0.0,0.0,0.0,0.0,0.0,0.0,0.0,0.0,0.0,0.0
2005-02-08,0.0,0.0,0.0,0.0,0.0,0.0,0.0,0.0,0.0,0.0
2005-02-09,0.0,0.0,0.0,0.0,0.0,0.0,0.0,0.0,0.0,0.0
2005-02-10,0.0,0.0,0.0,0.0,0.0,0.0,0.0,0.0,0.0,0.0
2005-02-11,0.0,0.0,0.0,0.0,0.0,0.0,0.0,0.0,0.0,0.0
2005-02-14,0.0,0.0,0.0,0.0,0.0,0.0,0.0,0.0,0.0,0.0
2005-02-15,0.0,0.0,0.0,0.0,0.0,0.0,0.0,0.0,0.0,0.0
2005-02-16,0.0,0.0,0.0,0.0,0.0,0.0,0.0,0.0,0.0,0.0
2005-02-17,0.0,0.0,0.0,0.0,0.0,0.0,0.0,0.0,0.0,0.0
2005-02-18,0.0,0.0,0.0,0.0,0.0,0.0,0.0,0.0,0.0,0.0
2005-02-22,0.0,0.0,0.0,0.0,0.0,0.0,0.0,0.0,0.0,0.0
2005-02-23,0.0,0.0,0.0,0.0,0.0,0.0,0.0,0.0,0.0,0.0
2005-02-24,0.0,0.0,0.0,0.0,0.0,0.0,0.0,0.0,0.0,0.0
2005-02-25,0.0,0.0,0.0,0.0,0.0,0.0,0.0,0.0,0.0,0.0
2005-02-28,0.0,0.0,0.0,0.0,0.0,0.0,0.0,0.0,0.0,0.0
2005-03-01,0.0,0.0,0.0,0.0,0.0,0.0,0.0,0.0,0.0,0.0
2005-03-02,0.0,0.0,0.0,0.0,0.0,0.0,0.0,0.0,0.0,0.0
2005-03-03,0.0,0.0,0.0,0.0,0.0,0.0,0.0,0.0,0.0,0.0
2005-03-04,0.0,0.0,0.0,0.0,0.0,0.0,0.0,0.0,0.0,0.0
2005-03-07,0.0,0.0,0.0,0.0,0.0,0.0,0.0,0.0,0.0,0.0
2005-03-08,0.0,0.0,0.0,0.0,0.0,0.0,0.0,0.0,0.0,0.0
2005-03-09,0.0,0.0,0.0,0.0,0.0,0.0,0.0,0.0,0.0,0.0
2005-03-10,0.0,0.0,0.0,0.0,0.0,0.0,0.0,0.0,0.0,0.0
2005-03-11,0.0,0.0,0.0,0.0,0.0,0.0,0.0,0.0,0.0,0.0
2005-03-14,0.0,0.0,0.0,0.0,0.0,0.0,0.0,0.0,0.0,0.0
2005-03-15,0.0,0.0,0.0,0.0,0.0,0.0,0.0,0.0,0.0,0.0
2005-03-16,0.0,0.0,0.0,0.0,0.0,0.0,0.0,0.0,0.0,0.0
2005-03-17,0.0,0.0,0.0,0.0,0.0,0.0,0.0,0.0,0.0,0.0
2005-03-18,0.0,0.0,0.0,0.0,0.0,0.0,0.0,0.0,0.0,0.0
2005-03-21,0.0,0.0,0.0,0.0,0.0,0.0,0.0,0.0,0.0,0.0
2005-03-22,0.0,0.0,0.0,0.0,0.0,0.0,0.0,0.0,0.0,0.0
2005-03-23,0.0,0.0,0.0,0.0,0.0,0.0,0.0,0.0,0.0,0.0
2005-03-24,0.0,0.0,0.0,0.0,0.0,0.0,0.0,0.0,0.0,0.0
2005-03-28,0.0,0.0,0.0,0.0,0.0,0.0,0.0,0.0,0.0,0.0
2005-03-29,0.0,0.0,0.0,0.0,0.0,0.0,0.0,0.0,0.0,0.0
2005-03-30,0.0,0.0,0.0,0.0,0.0,0.0,0.0,0.0,0.0,0.0
2005-03-31,0.0,0.0,0.0,0.0,0.0,0.0,0.0,0.0,0.0,0.0
2005-04-01,0.0,0.0,0.0,0.0,0.0,0.0,0.0,0.0,0.0,0.0
2005-04-04,0.0,0.0,0.0,0.0,0.0,0.0,0.0,0.0,0.0,0.0
2005-04-05,0.0,0.0,0.0,0.0,0.0,0.0,0.0,0.0,0.0,0.0
2005-04-06,0.0,0.0,0.0,0.0,0.0,0.0,0.0,0.0,0.0,0.0
2005-04-07,0.0,0.0,0.0,0.0,0.0,0.0,0.0,0.0,0.0,0.0
2005-04-08,0.0,0.0,0.0,0.0,0.0,0.0,0.0,0.0,0.0,0.0
2005-04-11,0.0,0.0,0.0,0.0,0.0,0.0,0.0,0.0,0.0,0.0
2005-04-12,0.0,0.0,0.0,0.0,0.0,0.0,0.0,0.0,0.0,0.0
2005-04-13,0.0,0.0,0.0,0.0,0.0,0.0,0.0,0.0,0.0,0.0
2005-04-14,0.0,0.0,0.0,0.0,0.0,0.0,0.0,0.0,0.0,0.0
2005-04-15,0.0,0.0,0.0,0.0,0.0,0.0,0.0,0.0,0.0,0.0
2005-04-18,0.0,0.0,0.0,0.0,0.0,0.0,0.0,0.0,0.0,0.0
2005-04-19,0.0,0.0,0.0,0.0,0.0,0.0,0.0,0.0,0.0,0.0
2005-04-20,0.0,0.0,0.0,0.0,0.0,0.0,0.0,0.0,0.0,0.0
2005-04-21,0.0,0.0,0.0,0.0,0.0,0.0,0.0,0.0,0.0,0.0
2005-04-22,0.0,0.0,0.0,0.0,0.0,0.0,0.0,0.0,0.0,0.0
2005-04-25,0.0,0.0,0.0,0.0,0.0,0.0,0.0,0.0,0.0,0.0
2005-04-26,0.0,0.0,0.0,0.0,0.0,0.0,0.0,0.0,0.0,0.0
2005-04-27,0.0,0.0,0.0,0.0,0.0,0.0,0.0,0.0,0.0,0.0
2005-04-28,0.0,0.0,0.0,0.0,0.0,0.0,0.0,0.0,0.0,0.0
2005-04-29,0.0,0.0,0.0,0.0,0.0,0.0,0.0,0.0,0.0,0.0
2005-05-02,0.0,0.0,0.0,0.0,0.0,0.0,0.0,0.0,0.0,0.0
2005-05-03,0.0,0.0,0.0,0.0,0.0,0.0,0.0,0.0,0.0,0.0
2005-05-04,0.0,0.0,0.0,0.0,0.0,0.0,0.0,0.0,0.0,0.0
2005-05-05,0.0,0.0,0.0,0.0,0.0,0.0,0.0,0.0,0.0,0.0
2005-05-06,0.0,0.0,0.0,0.0,0.0,0.0,0.0,0.0,0.0,0.0
2005-05-09,0.0,0.0,0.0,0.0,0.0,0.0,0.0,0.0,0.0,0.0
2005-05-10,0.0,0.0,0.0,0.0,0.0,0.0,0.0,0.0,0.0,0.0
2005-05-11,0.0,0.0,0.0,0.0,0.0,0.0,0.0,0.0,0.0,0.0
2005-05-12,0.0,0.0,0.0,0.0,0.0,0.0,0.0,0.0,0.0,0.0
2005-05-13,0.0,0.0,0.0,0.0,0.0,0.0,0.0,0.0,0.0,0.0
2005-05-16,0.0,0.0,0.0,0.0,0.0,0.0,0.0,0.0,0.0,0.0
2005-05-17,0.0,0.0,0.0,0.0,0.0,0.0,0.0,0.0,0.0,0.0
2005-05-18,0.0,0.0,0.0,0.0,0.0,0.0,0.0,0.0,0.0,0.0
2005-05-19,0.0,0.0,0.0,0.0,0.0,0.0,0.0,0.0,0.0,0.0
2005-05-20,0.0,0.0,0.0,0.0,0.0,0.0,0.0,0.0,0.0,0.0
2005-05-23,0.0,0.0,0.0,0.0,0.0,0.0,0.0,0.0,0.0,0.0
2005-05-24,0.0,0.0,0.0,0.0,0.0,0.0,0.0,0.0,0.0,0.0
2005-05-25,0.0,0.0,0.0,0.0,0.0,0.0,0.0,0.0,0.0,0.0
2005-05-26,0.0,0.0,0.0,0.0,0.0,0.0,0.0,0.0,0.0,0.0
2005-05-27,0.0,0.0,0.0,0.0,0.0,0.0,0.0,0.0,0.0,0.0
2005-05-31,0.0,0.0,0.0,0.0,0.0,0.0,0.0,0.0,0.0,0.0
2005-06-01,0.0,0.0,0.0,0.0,0.0,0.0,0.0,0.0,0.0,0.0
2005-06-02,0.0,0.0,0.0,0.0,0.0,0.0,0.0,0.0,0.0,0.0
2005-06-03,0.0,0.0,0.0,0.0,0.0,0.0,0.0,0.0,0.0,0.0
2005-06-06,0.0,0.0,0.0,0.0,0.0,0.0,0.0,0.0,0.0,0.0
2005-06-07,0.0,0.0,0.0,0.0,0.0,0.0,0.0,0.0,0.0,0.0
2005-06-08,0.0,0.0,0.0,0.0,0.0,0.0,0.0,0.0,0.0,0.0
2005-06-09,0.0,0.0,0.0,0.0,0.0,0.0,0.0,0.0,0.0,0.0
2005-06-10,0.0,0.0,0.0,0.0,0.0,0.0,0.0,0.0,0.0,0.0
2005-06-13,0.0,0.0,0.0,0.0,0.0,0.0,0.0,0.0,0.0,0.0
2005-06-14,0.0,0.0,0.0,0.0,0.0,0.0,0.0,0.0,0.0,0.0
2005-06-15,0.0,0.0,0.0,0.0,0.0,0.0,0.0,0.0,0.0,0.0
2005-06-16,0.0,0.0,0.0,0.0,0.0,0.0,0.0,0.0,0.0,0.0
2005-06-17,0.0,0.0,0.0,0.0,0.0,0.0,0.0,0.0,0.0,0.0
2005-06-20,0.0,0.0,0.0,0.0,0.0,0.0,0.0,0.0,0.0,0.0
2005-06-21,0.0,0.0,0.0,0.0,0.0,0.0,0.0,0.0,0.0,0.0
2005-06-22,0.0,0.0,0.0,0.0,0.0,0.0,0.0,0.0,0.0,0.0
2005-06-23,0.0,0.0,0.0,0.0,0.0,0.0,0.0,0.0,0.0,0.0
2005-06-24,0.0,0.0,0.0,0.0,0.0,0.0,0.0,0.0,0.0,0.0
2005-06-27,0.0,0.0,0.0,0.0,0.0,0.0,0.0,0.0,0.0,0.0
2005-06-28,0.0,0.0,0.0,0.0,0.0,0.0,0.0,0.0,0.0,0.0
2005-06-29,0.0,0.0,0.0,0.0,0.0,0.0,0.0,0.0,0.0,0.0
2005-06-30,0.0,0.0,0.0,0.0,0.0,0.0,0.0,0.0,0.0,0.0
2005-07-01,0.0,0.0,0.0,0.0,0.0,0.0,0.0,0.0,0.0,0.0
2005-07-05,0.0,0.0,0.0,0.0,0.0,0.0,0.0,0.0,0.0,0.0
2005-07-06,0.0,0.0,0.0,0.0,0.0,0.0,0.0,0.0,0.0,0.0
2005-07-07,0.0,0.0,0.0,0.0,0.0,0.0,0.0,0.0,0.0,0.0
2005-07-08,0.0,0.0,0.0,0.0,0.0,0.0,0.0,0.0,0.0,0.0
2005-07-11,0.0,0.0,0.0,0.0,0.0,0.0,0.0,0.0,0.0,0.0
2005-07-12,0.0,0.0,0.0,0.0,0.0,0.0,0.0,0.0,0.0,0.0
2005-07-13,0.0,0.0,0.0,0.0,0.0,0.0,0.0,0.0,0.0,0.0
2005-07-14,0.0,0.0,0.0,0.0,0.0,0.0,0.0,0.0,0.0,0.0
2005-07-15,0.0,0.0,0.0,0.0,0.0,0.0,0.0,0.0,0.0,0.0
2005-07-18,0.0,0.0,0.0,0.0,0.0,0.0,0.0,0.0,0.0,0.0
2005-07-19,0.0,0.0,0.0,0.0,0.0,0.0,0.0,0.0,0.0,0.0
2005-07-20,0.0,0.0,0.0,0.0,0.0,0.0,0.0,0.0,0.0,0.0
2005-07-21,0.0,0.0,0.0,0.0,0.0,0.0,0.0,0.0,0.0,0.0
2005-07-22,0.0,0.0,0.0,0.0,0.0,0.0,0.0,0.0,0.0,0.0
2005-07-25,0.0,0.0,0.0,0.0,0.0,0.0,0.0,0.0,0.0,0.0
2005-07-26,0.0,0.0,0.0,0.0,0.0,0.0,0.0,0.0,0.0,0.0
2005-07-27,0.0,0.0,0.0,0.0,0.0,0.0,0.0,0.0,0.0,0.0
2005-07-28,0.0,0.0,0.0,0.0,0.0,0.0,0.0,0.0,0.0,0.0
2005-07-29,0.0,0.0,0.0,0.0,0.0,0.0,0.0,0.0,0.0,0.0
2005-08-01,0.0,0.0,0.0,0.0,0.0,0.0,0.0,0.0,0.0,0.0
2005-08-02,0.0,0.0,0.0,0.0,0.0,0.0,0.0,0.0,0.0,0.0
2005-08-03,0.0,0.0,0.0,0.0,0.0,0.0,0.0,0.0,0.0,0.0
2005-08-04,0.0,0.0,0.0,0.0,0.0,0.0,0.0,0.0,0.0,0.0
2005-08-05,0.0,0.0,0.0,0.0,0.0,0.0,0.0,0.0,0.0,0.0
2005-08-08,0.0,0.0,0.0,0.0,0.0,0.0,0.0,0.0,0.0,0.0
2005-08-09,0.0,0.0,0.0,0.0,0.0,0.0,0.0,0.0,0.0,0.0
2005-08-10,0.0,0.0,0.0,0.0,0.0,0.0,0.0,0.0,0.0,0.0
2005-08-11,0.0,0.0,0.0,0.0,0.0,0.0,0.0,0.0,0.0,0.0
2005-08-12,0.0,0.0,0.0,0.0,0.0,0.0,0.0,0.0,0.0,0.0
2005-08-15,0.0,0.0,0.0,0.0,0.0,0.0,0.0,0.0,0.0,0.0
2005-08-16,0.0,0.0,0.0,0.0,0.0,0.0,0.0,0.0,0.0,0.0
2005-08-17,0.0,0.0,0.0,0.0,0.0,0.0,0.0,0.0,0.0,0.0
2005-08-18,0.0,0.0,0.0,0.0,0.0,0.0,0.0,0.0,0.0,0.0
2005-08-19,0.0,0.0,0.0,0.0,0.0,0.0,0.0,0.0,0.0,0.0
2005-08-22,0.0,0.0,0.0,0.0,0.0,0.0,0.0,0.0,0.0,0.0
2005-08-23,0.0,0.0,0.0,0.0,0.0,0.0,0.0,0.0,0.0,0.0
2005-08-24,0.0,0.0,0.0,0.0,0.0,0.0,0.0,0.0,0.0,0.0
2005-08-25,0.0,0.0,0.0,0.0,0.0,0.0,0.0,0.0,0.0,0.0
2005-08-26,0.0,0.0,0.0,0.0,0.0,0.0,0.0,0.0,0.0,0.0
2005-08-29,0.0,0.0,0.0,0.0,0.0,0.0,0.0,0.0,0.0,0.0
2005-08-30,0.0,0.0,0.0,0.0,0.0,0.0,0.0,0.0,0.0,0.0
2005-08-31,0.0,0.0,0.0,0.0,0.0,0.0,0.0,0.0,0.0,0.0
2005-09-01,0.0,0.0,0.0,0.0,0.0,0.0,0.0,0.0,0.0,0.0
2005-09-02,0.0,0.0,0.0,0.0,0.0,0.0,0.0,0.0,0.0,0.0
2005-09-06,0.0,0.0,0.0,0.0,0.0,0.0,0.0,0.0,0.0,0.0
2005-09-07,0.0,0.0,0.0,0.0,0.0,0.0,0.0,0.0,0.0,0.0
2005-09-08,0.0,0.0,0.0,0.0,0.0,0.0,0.0,0.0,0.0,0.0
2005-09-09,0.0,0.0,0.0,0.0,0.0,0.0,0.0,0.0,0.0,0.0
2005-09-12,0.0,0.0,0.0,0.0,0.0,0.0,0.0,0.0,0.0,0.0
2005-09-13,0.0,0.0,0.0,0.0,0.0,0.0,0.0,0.0,0.0,0.0
2005-09-14,0.0,0.0,0.0,0.0,0.0,0.0,0.0,0.0,0.0,0.0
2005-09-15,0.0,0.0,0.0,0.0,0.0,0.0,0.0,0.0,0.0,0.0
2005-09-16,0.0,0.0,0.0,0.0,0.0,0.0,0.0,0.0,0.0,0.0
2005-09-19,0.0,0.0,0.0,0.0,0.0,0.0,0.0,0.0,0.0,0.0
2005-09-20,0.0,0.0,0.0,0.0,0.0,0.0,0.0,0.0,0.0,0.0
2005-09-21,0.0,0.0,0.0,0.0,0.0,0.0,0.0,0.0,0.0,0.0
2005-09-22,0.0,0.0,0.0,0.0,0.0,0.0,0.0,0.0,0.0,0.0
2005-09-23,0.0,0.0,0.0,0.0,0.0,0.0,0.0,0.0,0.0,0.0
2005-09-26,0.0,0.0,0.0,0.0,0.0,0.0,0.0,0.0,0.0,0.0
2005-09-27,0.0,0.0,0.0,0.0,0.0,0.0,0.0,0.0,0.0,0.0
2005-09-28,0.0,0.0,0.0,0.0,0.0,0.0,0.0,0.0,0.0,0.0
2005-09-29,0.0,0.0,0.0,0.0,0.0,0.0,0.0,0.0,0.0,0.0
2005-09-30,0.0,0.0,0.0,0.0,0.0,0.0,0.0,0.0,0.0,0.0
2005-10-03,0.0,0.0,0.0,0.0,0.0,0.0,0.0,0.0,0.0,0.0
2005-10-04,0.0,0.0,0.0,0.0,0.0,0.0,0.0,0.0,0.0,0.0
2005-10-05,0.0,0.0,0.0,0.0,0.0,0.0,0.0,0.0,0.0,0.0
2005-10-06,0.0,0.0,0.0,0.0,0.0,0.0,0.0,0.0,0.0,0.0
2005-10-07,0.0,0.0,0.0,0.0,0.0,0.0,0.0,0.0,0.0,0.0
2005-10-10,0.0,0.0,0.0,0.0,0.0,0.0,0.0,0.0,0.0,0.0
2005-10-11,0.0,0.0,0.0,0.0,0.0,0.0,0.0,0.0,0.0,0.0
2005-10-12,0.0,0.0,0.0,0.0,0.0,0.0,0.0,0.0,0.0,0.0
2005-10-13,0.0,0.0,0.0,0.0,0.0,0.0,0.0,0.0,0.0,0.0
2005-10-14,0.0,0.0,0.0,0.0,0.0,0.0,0.0,0.0,0.0,0.0
2005-10-17,0.0,0.0,0.0,0.0,0.0,0.0,0.0,0.0,0.0,0.0
2005-10-18,0.0,0.0,0.0,0.0,0.0,0.0,0.0,0.0,0.0,0.0
2005-10-19,0.0,0.0,0.0,0.0,0.0,0.0,0.0,0.0,0.0,0.0
2005-10-20,0.0,0.0,0.0,0.0,0.0,0.0,0.0,0.0,0.0,0.0
2005-10-21,0.0,0.0,0.0,0.0,0.0,0.0,0.0,0.0,0.0,0.0
2005-10-24,0.0,0.0,0.0,0.0,0.0,0.0,0.0,0.0,0.0,0.0
2005-10-25,0.0,0.0,0.0,0.0,0.0,0.0,0.0,0.0,0.0,0.0
2005-10-26,0.0,0.0,0.0,0.0,0.0,0.0,0.0,0.0,0.0,0.0
2005-10-27,0.0,0.0,0.0,0.0,0.0,0.0,0.0,0.0,0.0,0.0
2005-10-28,0.0,0.0,0.0,0.0,0.0,0.0,0.0,0.0,0.0,0.0
2005-10-31,0.0,0.0,0.0,0.0,0.0,0.0,0.0,0.0,0.0,0.0
2005-11-01,0.0,0.0,0.0,0.0,0.0,0.0,0.0,0.0,0.0,0.0
2005-11-02,0.0,0.0,0.0,0.0,0.0,0.0,0.0,0.0,0.0,0.0
2005-11-03,0.0,0.0,0.0,0.0,0.0,0.0,0.0,0.0,0.0,0.0
2005-11-04,0.0,0.0,0.0,0.0,0.0,0.0,0.0,0.0,0.0,0.0
2005-11-07,0.0,0.0,0.0,0.0,0.0,0.0,0.0,0.0,0.0,0.0
2005-11-08,0.0,0.0,0.0,0.0,0.0,0.0,0.0,0.0,0.0,0.0
2005-11-09,0.0,0.0,0.0,0.0,0.0,0.0,0.0,0.0,0.0,0.0
2005-11-10,0.0,0.0,0.0,0.0,0.0,0.0,0.0,0.0,0.0,0.0
2005-11-11,0.0,0.0,0.0,0.0,0.0,0.0,0.0,0.0,0.0,0.0
2005-11-14,0.0,0.0,0.0,0.0,0.0,0.0,0.0,0.0,0.0,0.0
2005-11-15,0.0,0.0,0.0,0.0,0.0,0.0,0.0,0.0,0.0,0.0
2005-11-16,0.0,0.0,0.0,0.0,0.0,0.0,0.0,0.0,0.0,0.0
2005-11-17,0.0,0.0,0.0,0.0,0.0,0.0,0.0,0.0,0.0,0.0
2005-11-18,0.0,0.0,0.0,0.0,0.0,0.0,0.0,0.0,0.0,0.0
2005-11-21,0.0,0.0,0.0,0.0,0.0,0.0,0.0,0.0,0.0,0.0
2005-11-22,0.0,0.0,0.0,0.0,0.0,0.0,0.0,0.0,0.0,0.0
2005-11-23,0.0,0.0,0.0,0.0,0.0,0.0,0.0,0.0,0.0,0.0
2005-11-28,0.0,0.0,0.0,0.0,0.0,0.0,0.0,0.0,0.0,0.0
2005-11-29,0.0,0.0,0.0,0.0,0.0,0.0,0.0,0.0,0.0,0.0
2005-11-30,0.0,0.0,0.0,0.0,0.0,0.0,0.0,0.0,0.0,0.0
2005-12-01,0.0,0.0,0.0,0.0,0.0,0.0,0.0,0.0,0.0,0.0
2005-12-02,0.0,0.0,0.0,0.0,0.0,0.0,0.0,0.0,0.0,0.0
2005-12-05,0.0,0.0,0.0,0.0,0.0,0.0,0.0,0.0,0.0,0.0
2005-12-06,0.0,0.0,0.0,0.0,0.0,0.0,0.0,0.0,0.0,0.0
2005-12-07,0.0,0.0,0.0,0.0,0.0,0.0,0.0,0.0,0.0,0.0
2005-12-08,0.0,0.0,0.0,0.0,0.0,0.0,0.0,0.0,0.0,0.0
2005-12-09,0.0,0.0,0.0,0.0,0.0,0.0,0.0,0.0,0.0,0.0
2005-12-12,0.0,0.0,0.0,0.0,0.0,0.0,0.0,0.0,0.0,0.0
2005-12-13,0.0,0.0,0.0,0.0,0.0,0.0,0.0,0.0,0.0,0.0
2005-12-14,0.0,0.0,0.0,0.0,0.0,0.0,0.0,0.0,0.0,0.0
2005-12-15,0.0,0.0,0.0,0.0,0.0,0.0,0.0,0.0,0.0,0.0
2005-12-16,0.0,0.0,0.0,0.0,0.0,0.0,0.0,0.0,0.0,0.0
2005-12-19,0.0,0.0,0.0,0.0,0.0,0.0,0.0,0.0,0.0,0.0
2005-12-20,0.0,0.0,0.0,0.0,0.0,0.0,0.0,0.0,0.0,0.0
2005-12-21,0.0,0.0,0.0,0.0,0.0,0.0,0.0,0.0,0.0,0.0
2005-12-22,0.0,0.0,0.0,0.0,0.0,0.0,0.0,0.0,0.0,0.0
2005-12-23,0.0,0.0,0.0,0.0,0.0,0.0,0.0,0.0,0.0,0.0
2005-12-27,0.0,0.0,0.0,0.0,0.0,0.0,0.0,0.0,0.0,0.0
2005-12-28,0.0,0.0,0.0,0.0,0.0,0.0,0.0,0.0,0.0,0.0
2005-12-29,0.0,0.0,0.0,0.0,0.0,0.0,0.0,0.0,0.0,0.0
2005-12-30,0.0,0.0,0.0,0.0,0.0,0.0,0.0,0.0,0.0,0.0
2006-01-03,0.0,0.0,0.0,0.0,0.0,0.0,0.0,0.0,0.0,0.0
2006-01-04,0.0,0.0,0.0,0.0,0.0,0.0,0.0,0.0,0.0,0.0
2006-01-05,0.0,2.388261882656885e-06,1.5129197198614742e-06,0.0,5.0246666292328565e-06,4.761904761904762e-07,0.04750760237063391,0.04750760237063391,-0.03249239762936609,-9.402038707941692e-06
2006-01-06,8.237926463172432e-05,1.5609828516131997e-06,1.234805022904655e-06,0.0,2.7650215486377235e-06,7.539682539682542e-07,0.0663555685595225,0.07666666666666667,-0.05000000000000001,7.606448695460049e-05
2006-01-09,0.0006064663625053231,1.257766084175737e-05,5.165577119331728e-06,0.0,4.891572695062439e-05,2.7743051628892543e-06,0.368773587148267,0.4165358865562605,-0.049547380809134095,0.0005370330924307203
2006-01-10,0.0022584340396180685,5.72296930269956e-06,3.456518452208247e-06,0.0,1.164478339241965e-05,1.9047619047619051e-06,0.18428298266645854,0.27014714898835074,-0.049852851011649324,0.0022357050065659793
2006-01-11,-0.0013881502547976234,8.454743270301336e-06,5.2694710553724716e-06,0.0,3.006524305242228e-05,2.7418062039713426e-06,0.2986694410197881,0.41031172113359277,-0.05031172113359278,-0.0014346815183796909
2006-01-12,0.0016941593011985869,8.889281737094496e-06,5.434183939498852e-06,0.0,2.5620430275533446e-05,2.4999999999999994e-06,0.3414962114352421,0.36999999999999994,-0.04999999999999999,0.00165171540524646
2006-01-13,-0.001427355703455207,4.5607596514016815e-06,3.2355063753893494e-06,0.0,2.1876694895486027e-05,1.7795302001331952e-06,0.21608157303898523,0.24913441894402283,-0.04982665467835398,-0.0014588081945776173
2006-01-17,0.0008877804938677845,1.5490173160943567e-05,7.3153128055761915e-06,0.0,5.7118244676360096e-05,2.1428571428571427e-06,0.3972582129311924,0.3097848456501403,-0.05021515434985968,0.0008057139060820475
2006-01-18,0.0007255089893996241,1.546947852050494e-05,8.615442334403058e-06,0.0,4.8696432204098366e-05,1.5476190476190476e-06,0.5191578398551382,0.21000000000000002,-0.05000000000000001,0.0006511800172929987
2006-01-19,0.009130482484241817,1.7678129513188295e-06,5.901893495412912e-07,0.0,9.600166332481378e-06,1.5982492593375707e-06,0.09721291510281917,0.2952670222913982,0.026761146722686355,0.009116926066349139
2006-01-20,0.0012649967238061695,1.1460316293260604e-05,7.136833854440138e-06,0.0,4.874582266187017e-05,1.5e-06,0.43555934501489907,0.2924137773436211,0.04041377734362108,0.0011961537509965986
2006-01-23,-0.0012371206463147038,1.3149596825459983e-05,6.54468897889026e-06,0.0,6.539784605512862e-05,2.0829009604531445e-06,0.3380689355167747,0.33728971099985994,-0.012637650356268352,-0.0013242956791346358
2006-01-24,0.00023169716971948058,1.27400436245836e-05,7.694906012963002e-06,0.0,8.300162060204065e-05,1.6666666666666665e-06,0.4321738056276111,0.22999999999999995,-0.05000000000000001,0.00012659393281322666
2006-01-25,-0.0014167335477318851,4.189844370789799e-06,2.6101947510406886e-06,0.0,1.3900386617583077e-05,1.239590757781068e-06,0.19317470579157456,0.1654433806629555,-0.04280786664426388,-0.0014386735642290798
2006-01-26,-0.0009510746741029106,1.1732341278078565e-05,7.514836676391822e-06,0.0,2.656914801584757e-05,1.7786464675572525e-06,0.4177304263726581,0.2488126065496184,-0.04999999999999999,-0.0009986696465407857
2006-01-27,-0.0013735552296077994,8.421077182274841e-06,6.357185424257611e-06,0.0,7.558589860261285e-05,3.3809523809523814e-06,0.4385940821709987,0.518,-0.05,-0.0014673003431978971
2006-01-30,0.00661490855180715,1.96383033513655e-05,6.8359968668471665e-06,0.0,5.006516855860051e-05,3.7879720852331046e-06,0.528082844661155,0.6881896551595809,0.05181034484041919,0.006534581110945104
2006-01-31,-0.0029642300772015945,1.671899331806736e-05,9.537569772805345e-06,0.0,0.00010530206440133474,3.5425434908247983e-06,0.5374956888273003,0.6446217570210762,0.04947445056251004,-0.003099331248184627
2006-02-01,-0.0004213067430138199,7.438326166128096e-06,4.388223660511991e-06,0.0,3.5537052066570594e-05,3.0636469384864464e-06,0.2883658969594395,0.5647383965157347,0.050045710850011665,-0.000471733991845517
2006-02-02,-0.00010805113436446638,1.0913957725736675e-05,6.08158746262011e-06,0.0,4.923721567995611e-05,2.39860722613807e-06,0.36923965390919644,0.45344144743214787,0.05047543344095215,-0.00017668250245891736
2006-02-03,-0.000776531638026692,1.2074470242156613e-05,8.16548043394527e-06,0.0,4.0406898163336354e-05,1.8266256005636707e-06,0.39373433286709136,0.28143655044734833,-0.025436550447348313,-0.0008390051124666939
2006-02-06,-0.002489415698115656,2.533796948787518e-05,8.281393021618743e-06,0.0,7.510156140086878e-05,1.9862907703393935e-06,0.5802040831077974,0.38284842470850905,0.049151575291490945,-0.0026001229127963583
2006-02-07,0.0011149606418530721,1.2278373314657384e-05,5.920961531901832e-06,0.0,2.9822222397771667e-05,3.785344701016105e-06,0.3598434949281147,0.68511181202821,0.04917390225750434,0.0010631537399077252
2006-02-08,-0.003567143537832397,2.3732736956090868e-05,1.2313095708802737e-05,0.0,6.148799888205571e-05,1.2857142857142858e-06,0.6289607228286308,0.2648967425986246,0.0488967425986246,-0.003665963083665061
2006-02-09,0.0020141907589649815,2.3398374289941704e-05,1.2525555471861665e-05,0.0,8.025660055972573e-05,3.5016743759047813e-06,0.5303088308384276,0.5385346785095677,-0.049746616642435626,0.0018945085542675477
2006-02-10,-0.0025002603415186036,8.508882056756283e-06,3.785861394999076e-06,0.0,1.866036955420095e-05,2.400368555383393e-06,0.26586275599037534,0.35358737035910265,-0.04967454694530739,-0.002533615823079943
2006-02-13,0.0005967034957534129,2.0941290848038624e-05,5.650399656919372e-06,0.0,6.530515811270392e-05,0.0,0.35066391372921735,0.0,0.0,0.000504806647135751
2006-02-14,0.0,4.7139740393599e-06,3.1996002756334117e-06,0.0,1.6822719229765516e-05,1.1428571428571428e-06,0.2011977427110077,0.2011977427110077,0.00919774271100772,-2.587915068761597e-05
2006-02-15,-0.0009710676078328827,9.615437835531814e-06,5.614645455803317e-06,0.0,5.238269900524619e-05,1.9268137265523908e-06,0.27648241206746427,0.27370470606080155,-0.05000000000000003,-0.0010406072038560165
2006-02-16,-0.0026473428680589143,4.531393928427848e-06,2.0441625632891293e-06,0.0,1.2111177379023606e-05,1.6715362114794888e-06,0.1331322450649011,0.230409041764277,-0.050409041764277046,-0.002667701138141134
2006-02-17,-0.0022418588609726753,5.159543634749241e-06,3.047386037913351e-06,0.0,2.5292556165361904e-05,8.174294469053389e-07,0.17935841543493664,0.08610815655929346,-0.05121999052080348,-0.002276175776257605
2006-02-21,-0.0006220359033754869,2.0282019533394215e-06,8.028642842337901e-07,0.0,4.6340082749467314e-06,5.411811904817713e-07,0.06252456044802338,0.04545922000046879,-0.04545922000046879,-0.0006300421590784886
2006-02-22,0.0005438435997314803,3.444051879001788e-06,2.725498340652908e-06,0.0,5.4823659382459234e-06,1.3592987856924293e-06,0.15445631991219572,0.17790313950778655,-0.05045905648854157,0.0005308323847878873
2006-02-23,0.0005871209350077594,4.339857657450787e-06,1.9112810387542022e-06,0.0,8.517116160345926e-06,0.0,0.17712936094780696,0.0,0.0,0.0005723526801512085
2006-02-24,0.0,0.0,0.0,0.0,0.0,0.0,0.0,0.0,0.0,0.0
2006-02-27,0.0,1.7486423990301925e-05,4.360228894266678e-06,0.0,4.815762632609415e-05,1.5476190476190476e-06,0.31,0.31,0.04999999999999999,-7.155189825828181e-05
2006-02-28,-0.00019329906540038736,1.898444437796872e-05,8.006623636845223e-06,0.0,5.4759009111866123e-05,1.1904761904761899e-07,0.3583354778177854,0.06999999999999999,0.05,-0.00027516819014611506
2006-03-01,0.001500291824350497,6.09675596677373e-06,5.164850650299331e-06,0.0,1.6023869198741007e-05,1.7142857142857147e-06,0.21367746388567932,0.23800000000000002,-0.05000000000000001,0.0014712920628203972
2006-03-02,0.0012191365459071088,9.364166452587337e-06,1.638391335175827e-06,0.0,2.8334148963418545e-05,8.484643941950724e-07,0.1816532596433062,0.1761078951273731,0.03356587690260092,0.001178951374761732
2006-03-03,-0.00026360643561578563,4.060295077381148e-06,1.963510521838112e-06,0.0,4.712478738358109e-06,3.57142857142857e-07,0.1257475078715144,0.1102425789977657,0.05024257899776573,-0.00027469986281050587
2006-03-06,0.00038081968779444327,7.772238308895596e-06,5.514733062499894e-06,0.0,3.304725747016159e-05,1.0714285714285714e-06,0.22035193618131857,0.13,-0.05,0.00033341403038145763
2006-03-07,-0.0008227767332672366,2.521281352294153e-06,1.9588742194873825e-06,0.0,7.927255679727021e-06,1.5930989244520273e-06,0.116362673309778,0.2176406193079406,-0.04999999999999999,-0.0008367772434431973
2006-03-08,-0.0007071638531761854,1.0852531571477573e-05,4.140546204822233e-06,0.0,3.598784083652696e-05,1.0714285714285714e-06,0.36878882240477273,0.23,0.049999999999999996,-0.0007592162003604408
2006-03-09,-0.0004306729423042044,2.039783725441278e-05,2.5543929841222404e-06,0.0,1.0184462800119079e-05,2.1428571428571427e-06,0.18242856346043756,0.41000000000000003,0.04999999999999999,-0.0004659524924857156
2006-03-10,0.0005742994556705107,5.238271597422e-06,4.467105388375148e-06,0.0,1.4714849202327773e-05,1.9047619047619047e-06,0.2830885834880802,0.37000000000000005,0.05,0.0005479744675776239
2006-03-13,0.00010449353273223717,2.3800974656332373e-05,1.0161769836339414e-05,0.0,2.6154908468327594e-05,7.142857142857143e-07,0.3204462510891334,0.12945155246198503,0.00945155246198505,4.3661594056952075e-05
2006-03-14,0.00030191069725782186,1.972169601878959e-06,1.8669966857524312e-06,0.0,2.724889027518173e-06,7.142857142857143e-07,0.05975346315924288,0.06999999999999999,-0.05,0.0002946323562283866
2006-03-15,0.0007534091519687668,2.8257632079009595e-06,1.4784240309287217e-06,0.0,8.680047635062647e-06,4.691398013475802e-07,0.10874382963051982,0.039407743313196734,-0.039407743313196734,0.0007399557772935269
2006-03-16,-0.0002304442436468471,5.417133888842314e-06,9.72782435912102e-07,0.0,3.234615247204048e-05,5.634370829631487e-07,0.12843039281712035,0.1273287149689045,0.03267128503109551,-0.00026974374952660514
2006-03-17,0.0009036614402932327,2.8777130791177423e-06,2.640381321171169e-06,0.0,1.183529514519718e-05,1.1666666666666668e-06,0.08357494647138874,0.146,-0.049999999999999996,0.00088514138408108
2006-03-20,0.0004891342835775113,7.97424831458718e-06,2.1202697048454787e-06,0.0,2.2620720222944896e-05,1.1904761904761902e-06,0.21705738637093375,0.25,0.05,0.0004552285691446576
2006-03-21,0.0014697271359837992,5.5063761895605124e-06,3.4809518726028208e-06,0.0,1.905339873755957e-05,3.6456234289971686e-07,0.15969536645585636,0.09050628504052785,0.02925981143337542,0.0014413218468411766
2006-03-22,0.0002927066872554806,2.8191598688730353e-06,2.1008846323921396e-06,0.0,3.2108735579470766e-06,0.0,0.09117608296794827,0.0,0.0,0.00028457576919626833
2006-03-23,0.0,0.0,0.0,0.0,0.0,0.0,0.0,0.0,0.0,0.0
2006-03-24,0.0,0.0,0.0,0.0,0.0,0.0,0.0,0.0,0.0,0.0
2006-03-27,0.0,2.390097071876275e-06,1.8993304853667052e-06,0.0,1.5224557535242322e-05,7.142857142857143e-07,0.15942315399292023,0.15942315399292023,0.03942315399292023,-2.0228270806771014e-05
2006-03-28,-0.0018057464677132373,2.3900970718762745e-06,2.7515167363990927e-06,0.0,1.5354309088872673e-05,0.0,0.15738771803137458,0.0,0.0,-0.0018262423906103852
2006-03-29,0.0,0.0,0.0,0.0,0.0,0.0,0.0,0.0,0.0,0.0
2006-03-30,0.0,1.6564965409021194e-06,4.0979257934734e-07,0.0,9.026203561569617e-06,1.1904761904761899e-07,0.06999999999999999,0.06999999999999999,0.05,-1.1211540300866696e-05
2006-03-31,0.000859664961599882,1.8575788334338744e-06,2.7927290677586244e-06,0.0,1.053456285436491e-05,5.952380952380952e-07,0.10085966496159988,0.05,-0.05,0.0008438848527490864
2006-04-03,-0.0002507098466952869,5.28947255372095e-06,1.2608952212464343e-06,0.0,8.705259729445264e-06,5.952380952380951e-07,0.17174651736086807,0.14999999999999997,0.05000000000000001,-0.00026656071229493766
2006-04-04,0.00043436649808759276,5.164564861815774e-06,3.6181382434421466e-06,0.0,7.356569315198008e-06,0.0,0.15107173650815128,0.0,0.0,0.00041822722566713685
2006-04-05,0.0,1.3689631096332817e-06,1.6013889183384552e-06,0.0,7.432704901558473e-06,6.494745836641249e-07,0.05911173005557299,0.05911173005557299,-0.05,-1.1052531513194336e-05
2006-04-06,0.00042675210475103133,1.3689631096332817e-06,2.561387664372825e-07,0.0,7.465131123055416e-06,0.0,0.058674888558666524,0.0,0.0,0.00041766187175190536
2006-04-07,0.0,0.0,0.0,0.0,0.0,0.0,0.0,0.0,0.0,0.0
2006-04-10,0.0,4.402733245091437e-06,2.941751937984496e-06,0.0,1.2449286754353272e-05,9.523809523809523e-07,0.11,0.11,-0.05,-2.0746152889810158e-05
2006-04-11,0.00011016368091799175,6.336171388046696e-06,3.816702101213358e-06,0.0,1.2603333216914032e-05,2.2142857142857146e-06,0.2126133505309683,0.322,-0.05,8.519318849753194e-05
2006-04-12,0.0016945487580239818,4.305802144392147e-06,5.588207681797304e-07,0.0,6.977502159121708e-06,2.2142857142857146e-06,0.08449695383595186,0.37922438346538573,0.007224383465385731,0.0016804923472380025
2006-04-13,0.001317535763395367,7.8362117456521e-06,3.0418679375995355e-06,0.0,1.5010352085357533e-05,1.6666666666666665e-06,0.1496809555529768,0.284352704380616,0.004352704380615968,0.0012899806649600911
2006-04-17,0.0005048403543771656,9.954439227172782e-06,4.5247720386147645e-06,0.0,2.395071785863823e-05,0.0,0.28388676687337355,0.0,0.0,0.00046641042525273987
2006-04-18,0.0,2.0731207878959675e-06,2.3663130525250804e-06,0.0,4.603503900037259e-06,9.192517414320524e-07,0.18221714628029242,0.18221714628029242,0.027782853719707595,-9.962189481890358e-06
2006-04-19,6.550141101264347e-05,3.821272437528179e-06,2.678228718798898e-06,0.0,2.3767594904541734e-05,1.9386244454318072e-06,0.17831929245792316,0.3508444534162718,0.025155546583728206,3.329569050634285e-05
2006-04-20,0.0016980429352666687,1.8716553898374262e-06,1.7808156767686596e-06,0.0,2.4338739829221397e-06,2.6117741297918206e-06,0.06751654381424706,0.41605569356917954,-0.022722360235846256,0.0016893448160873487
2006-04-21,-0.0014474275902292486,5.437738167427442e-06,3.895635507657108e-06,0.0,1.611490414662455e-05,1.8201667172769605e-06,0.28628265925131646,0.3167503092366019,0.010962300734072568,-0.0014746960347682347
2006-04-24,0.0017659574559469005,7.04665451316605e-06,4.624154076731514e-06,0.0,3.943453474783138e-05,5.5594841485897335e-08,0.32713604080699393,0.04966996668481537,0.040330033315184616,0.0017147965177676857
2006-04-25,6.638108568109454e-05,4.161936819680779e-06,3.1116689138972743e-06,0.0,4.555366895271324e-06,5.952380952380952e-07,0.09039641440086572,0.05,-0.05,5.395687495700707e-05
2006-04-26,-0.00017272842054417254,8.101985902602434e-07,1.058049994440479e-07,0.0,2.6499077750841783e-06,5.890297364897753e-07,0.04069423055540304,0.08947849786514112,-0.009478497865141131,-0.00017688336164545078
2006-04-27,0.0008330503355258927,6.348305901837179e-06,5.78485538299068e-06,0.0,1.4074271491252901e-05,2.6279787277229736e-06,0.3193525208330463,0.3922074995608905,-0.04929292669656893,0.0008042149240220889
2006-04-28,0.001839012688814987,7.997789631606702e-06,4.950318828332265e-06,0.0,1.2521730397300417e-05,3.753572074516187e-06,0.3114704426629671,0.5826166371739325,-0.047983471344786865,0.0018097892778832314
2006-05-01,0.00021379577978146094,6.19625218989026e-06,4.038446713119943e-06,0.0,1.457782692690263e-05,4.369120648544362e-06,0.2675257085417351,0.685577563049155,-0.04843470590629795,0.00018461413330300374
2006-05-02,-0.0031304042606011538,2.3098581713978034e-05,1.1385017388828897e-05,0.0,8.335109618186527e-05,3.8135479543930247e-06,0.5833082059343905,0.5903380281690139,-0.05033802816901403,-0.003252052503840219
2006-05-03,-0.0002800157383445799,2.3127680509806716e-05,7.912235665916362e-06,0.0,7.782393804044314e-05,7.160742231164767e-07,0.6017289522845264,0.17015023474178403,0.04984976525821597,-0.0003895956667838626
2006-05-04,-0.0005542832320996279,6.675904907587644e-06,4.7260911365472235e-06,0.0,2.3000933088326013e-05,4.7619047619047607e-07,0.3011734162984168,0.12999999999999998,0.05,-0.0005891623517082792
2006-05-05,0.0008443727340732866,4.11347942865338e-06,2.683716319995366e-06,0.0,1.8505822551623182e-05,8.349404710104503e-08,0.1537935034562279,0.03701349995648778,0.022986500043512218,0.0008189862217259136
2006-05-08,2.3065257920122034e-05,1.512522524834155e-05,6.993258989897999e-06,0.0,3.094942091321755e-05,1.9047619047619047e-06,0.2329949454183914,0.270014619883041,-0.04998538011695906,-3.190740913609697e-05
2006-05-09,-0.0019639079654014294,1.7655102748897247e-05,3.475244715392162e-06,0.0,2.4055158674317188e-05,1.5470210463146497e-06,0.13320398483835888,0.20994976789043057,-0.04994976789043057,-0.002010640492586351
2006-05-10,0.004186317770339241,3.2234008401121294e-06,1.7620169211854787e-06,0.0,1.9725416460716825e-05,1.376964604847179e-06,0.17118132394522695,0.2577354250431256,0.026405371428799517,0.00416022997151238
2006-05-11,-0.0027712812796521686,7.519861408008929e-06,1.7841912073281143e-06,0.0,1.1732631878853053e-05,9.045614345713969e-07,0.1195623374775413,0.17599503110631007,0.02402871009831538,-0.00279322252558093
2006-05-12,0.003190539091537006,5.503845582011411e-06,4.214088529114504e-06,0.0,1.4319550875262806e-05,1.1677255313081777e-06,0.20799322490509345,0.1460805248818856,-0.05009736437788826,0.003165333881019309
2006-05-15,-0.0004814168432550475,4.657930645199679e-06,3.6851147337917434e-06,0.0,8.232940922856956e-06,2.4561057464170227e-06,0.21625747877411206,0.3623044629510286,-0.050321302447031285,-0.0005004489353033129
2006-05-16,-0.0012280750071119789,9.827229749702106e-06,5.282863763483659e-06,0.0,4.166450791312259e-05,2.621627820303317e-06,0.3307397946343703,0.40393773061118987,-0.03649574319976734,-0.0012874712363585906
2006-05-17,-0.0010468818761449124,1.1370241237948218e-05,5.813515408768917e-06,0.0,2.9434528013944647e-05,2.6328877295547724e-06,0.47804469731738286,0.49314096691512843,0.05081582834992657,-0.001096133048535129
2006-05-18,-0.0032472709205710873,8.790790144620564e-06,4.9368700085519645e-06,0.0,2.404126218747863e-05,2.2622456797264823e-06,0.30817572478212607,0.42962810629935594,0.04957083210530691,-0.003287302088591465
2006-05-19,-0.0011524866504574124,1.064347536907397e-05,8.748112102466609e-06,0.0,3.722398451497791e-05,2.8095238095238092e-06,0.4758528125092629,0.43933475329051463,-0.03266524670948538,-0.0012119117462534546
2006-05-22,0.001043959888650422,1.5637083545973504e-05,9.001367046754728e-06,0.0,4.466871402066788e-05,1.8236996626251256e-06,0.6742655914369555,0.35638154332102107,0.04999999999999999,0.0009728290243744008
2006-05-23,0.0013626096256312784,6.823326919638617e-06,3.913665436973062e-06,0.0,2.5347707294042348e-05,1.3095238095238094e-06,0.2134875066121445,0.26999999999999996,0.05,0.0013252154021711005
2006-05-24,-0.00027259393193381095,2.597326361975137e-06,2.3975093501673595e-06,0.0,1.0271708281765099e-05,1.0374149659863946e-06,0.15005822267843769,0.2242857142857143,0.05,-0.0002888978908937049
2006-05-25,0.0012397451353249377,6.330271529491118e-06,5.864704424324748e-06,0.0,2.273345076306091e-05,1.018007023606164e-06,0.2730127760382166,0.12102517996583555,-0.05,0.0012037987015844547
2006-05-26,-0.000741494720377294,5.054842647369656e-06,4.119885324915441e-06,0.0,4.0053335923263135e-05,1.6666666666666669e-06,0.273994297618397,0.22999999999999998,-0.05000000000000002,-0.0007923894509395089
2006-05-30,0.001417580706385122,1.4597848795542025e-05,6.104443032329125e-06,0.0,2.755635127330142e-05,2.7370609943093366e-06,0.37118363911934243,0.4099131235219843,-0.04991312352198432,0.00136658500228964
2006-05-31,-0.0025222745814588786,8.498022875114999e-06,3.615233456506721e-06,0.0,4.1164132287017604e-05,1.1279908469323875e-06,0.2722410069054172,0.19495074141592855,0.0054482791312874534,-0.0025766799609244504
2006-06-01,0.0011682896603012918,2.9516093269955724e-05,1.2539680091302181e-05,0.0,6.866691935325482e-05,2.514934584919968e-06,0.4495086711445575,0.3734767522020385,-0.049032258064516096,0.0010550520330018592
2006-06-02,1.849991276939652e-05,1.1725198380180366e-05,4.2907763411882015e-06,0.0,2.760855377561927e-05,2.502068487571802e-06,0.28408200938616385,0.3709049357517303,-0.04944257016033245,-2.7626684215163123e-05
2006-06-05,0.005186286751841054,1.1529574413169959e-05,4.123448202217582e-06,0.0,4.062388191207985e-05,2.2259647878795677e-06,0.35016376026518314,0.4269810421818837,0.05301895781811633,0.0051277838825257065
2006-06-06,-0.0002951234473586837,2.0272232020753777e-05,8.162000478406693e-06,0.0,5.458777140378396e-05,7.142857142857143e-07,0.4580694178384669,0.15107405691521048,0.031074056915210473,-0.00037885973697591383
2006-06-07,-0.0006634566507111457,3.776151700571726e-06,2.619911219165376e-06,0.0,1.186112690351174e-05,5.923967415931313e-07,0.2004089468743494,0.14952265258764602,0.04999999999999999,-0.0006823062372759876
2006-06-08,-3.316472623283846e-05,4.4926275225577725e-06,4.2880247364747e-06,0.0,2.2243827415331458e-05,1.2142857142857142e-06,0.29539771962481787,0.254,0.05,-6.54034916214881e-05
2006-06-09,0.0015961766696636044,4.466879017454861e-06,3.18492830405782e-06,0.0,2.2943900190246408e-05,1.5e-06,0.20980739779177582,0.30200000000000005,0.05000000000000001,0.0015640809621518454
2006-06-12,-0.00483445715385788,3.778213933512499e-06,3.3223360983197446e-06,0.0,1.3972034020272037e-05,2.3373840978916156e-07,0.2061257519090901,0.08926805284457914,0.05000000000000001,-0.0048557634763197735
2006-06-13,-0.002237999780021345,6.772931462733366e-06,4.238733875648413e-06,0.0,1.0208327118989946e-05,2.0238095238095237e-06,0.3034247892463833,0.39,0.050000000000000044,-0.002261243582002526
2006-06-14,0.005656628556312879,1.2366521117960205e-05,9.352876986420763e-06,0.0,1.9137454152828835e-05,2.214285714285714e-06,0.44697805986339095,0.33290620771365176,-0.03909379228634822,0.005613557418341383
2006-06-15,0.0017828805048123058,2.2756175030796945e-05,1.0091564729877984e-05,0.0,5.729378858800858e-05,2.3809523809523808e-06,0.7499788884688187,0.45,0.05000000000000002,0.00169035802408267
2006-06-16,-0.0003584704908630327,4.1803286801023625e-06,2.8723311174800793e-06,0.0,6.787013400313253e-06,1.4272536596762466e-06,0.15943819975877827,0.28986780781592214,0.050089192990312725,-0.0003737374177206046
2006-06-19,-0.0010010394638122722,1.1664282787832302e-05,7.025648323226573e-06,0.0,3.63554271739109e-05,2.857142857142857e-07,0.3146963351540423,0.027821332446243886,-0.020178667553756115,-0.0010563705363829563
2006-06-20,0.00010749179712724144,3.851060255424629e-06,2.0875993049883436e-06,0.0,1.7451231457887954e-05,7.142857142857143e-07,0.09007117575662886,0.06999999999999999,-0.05,8.33876203946548e-05
2006-06-21,1.1163357458372435e-05,1.1677923130078675e-05,3.067337831599153e-06,0.0,2.5489844818070497e-05,1.0714285714285712e-06,0.30013781243397547,0.22999999999999998,0.05,-3.0143176892804467e-05
2006-06-22,0.0011462409930653916,9.033660580633547e-06,3.0636721398841015e-06,0.0,1.567671274539416e-05,1.3095238095238092e-06,0.16152486936642513,0.26971280019806876,0.04971280019806887,0.001117157423789956
2006-06-23,-0.0007983332761527517,9.132394190966872e-06,6.2617318955236865e-06,0.0,3.841754525178531e-05,9.523809523809523e-07,0.35895758884277457,0.2099313501144165,0.04993135011441648,-0.0008530973284434086
2006-06-26,0.0011142187980278104,5.745253558545712e-06,2.8303334881039332e-06,0.0,2.833702355968095e-06,9.523809523809523e-07,0.08609063693192154,0.17436331568025767,0.014363315680257671,0.0011018571276728117
2006-06-27,0.00025265453128392196,8.309227320717274e-07,4.973587424047546e-07,0.0,2.866048126307086e-06,7.142857142857143e-07,0.0373328986859793,0.13694707824542793,0.016947078245427932,0.0002477459159688527
2006-06-28,-0.00039236230017779483,5.815118795565929e-06,4.383303693845607e-06,0.0,2.9661251253583642e-05,1.1904761904761904e-06,0.2436665019283247,0.17710363061501844,-0.02289636938498156,-0.0004334124501112662
2006-06-29,0.000402064685635638,5.791558642591212e-06,2.8335945599882055e-06,0.0,1.8234081484797817e-05,1.5163424791108438e-06,0.10937592495855239,0.20429576137817795,-0.050449775112443765,0.0003736891084691499
2006-06-30,-0.00011483662575370665,3.448942367747823e-06,2.2103387746922496e-06,0.0,1.4184292373579589e-05,1.1402664617331726e-06,0.14494501767754708,0.14156476557117298,-0.05,-0.00013582046573145949
2006-07-05,-0.0008220357881873343,1.5602929372435224e-06,1.681992396799045e-06,0.0,2.7876118151959805e-06,1.8062363435732975e-06,0.11045705308167307,0.25269839810176226,-0.050749307618551745,-0.0008298719216801462
2006-07-06,0.00010913805422035238,1.1350144282415408e-05,4.4447513792416146e-06,0.0,4.8019218404506634e-05,8.105039809364605e-07,0.3997173591980029,0.18664441505256674,0.0504797462552414,4.451343617325226e-05
2006-07-07,0.0019504127807581434,8.929212121749723e-06,4.804638490569894e-06,0.0,4.20494954318649e-05,1.5238095238095236e-06,0.30193622022848665,0.306,0.04999999999999999,0.0018931056251901494
2006-07-10,0.001329247526515277,3.910755348107091e-06,2.8211380253196585e-06,0.0,1.0659264657357716e-05,9.523809523809523e-07,0.15746541961384908,0.21033103448275858,0.050331034482758615,0.0013109039875321116
2006-07-11,-0.00011834486849330888,3.2588727585018606e-06,2.6664738175870616e-06,0.0,1.1991199195935379e-05,1.7212693722776652e-06,0.09734556608571025,0.2752486962368411,-0.013924558305806654,-0.00013798268363761086
2006-07-12,-0.0008075713233706065,8.097158969497461e-06,4.4260042569423706e-06,0.0,3.590988617406061e-05,7.142857142857143e-07,0.2631121519063892,0.11074654202571357,-0.009253457974286408,-0.0008567186584853926
2006-07-13,-0.0013528266704893666,5.00332774583685e-06,4.210704998751822e-06,0.0,1.6906016685475288e-05,2.047619047619048e-06,0.22808805800764703,0.294,-0.05,-0.0013809943389670497
2006-07-14,-0.0004472985329044414,1.8356495541015033e-05,9.091180469675121e-06,0.0,4.141779868178432e-05,4e-06,0.506492150684714,0.6771035518411803,0.005103551841180387,-0.0005201640075969159
2006-07-17,-0.002858507860139904,1.2496625483750379e-05,9.211708000760131e-06,0.0,6.36082720496937e-05,1.4285714285714284e-06,0.6703682870842395,0.28998650070937565,0.049986500709375735,-0.0029452530371026795
2006-07-18,-0.001429856326074115,1.0758380867242544e-05,5.7071033932111e-06,0.0,3.7543624614430466e-05,2.1428571428571427e-06,0.2653600778670132,0.37279810710220124,0.01279810710220123,-0.0014860082920918562
2006-07-19,0.004533384489113245,1.2461015352083194e-05,2.789200307166863e-06,0.0,1.9150655756966358e-05,1.7857142857142859e-06,0.20689836964280348,0.35,0.05,0.004497197903411314
2006-07-20,-0.009339435895501428,1.201287084668223e-05,8.124356707236425e-06,0.0,5.765320694771654e-05,1.608621689101501e-06,0.5140222605043536,0.2631242218845261,-0.007124221884526077,-0.009418834951692165
2006-07-21,-0.007727929991073282,1.3577385101570818e-05,5.658033810574738e-06,0.0,4.293637253291056e-05,3.0952380952380953e-06,0.4458699339467842,0.57,0.04999999999999993,-0.007793197020613577
2006-07-24,-0.00048766969195390117,7.973017388747153e-06,6.7100728551774575e-06,0.0,2.2773616956330517e-05,1.2142857142857144e-06,0.40496357113293246,0.254,0.04999999999999998,-0.000526340684868442
2006-07-25,-0.0019935422048275317,1.692012612382548e-05,7.234478211364744e-06,0.0,4.550772866873874e-05,3.5e-06,0.47238549230062915,0.6373483593798777,0.04934835937987775,-0.0020667045378314607
2006-07-26,-0.008310236962195038,2.317245574969137e-05,9.767165659237777e-06,0.0,8.859214158948462e-05,3.2857142857142853e-06,0.4937476497711409,0.6019999999999999,0.050000000000000044,-0.008435054439479166
2006-07-27,0.0008732584357309388,1.7287474955932706e-05,1.0283544070608954e-05,0.0,7.330087246715608e-05,3.30952380952381e-06,0.6047951840564263,0.6080564346227179,0.05205643462271785,0.0007690770204277172
2006-07-28,0.002571940556148389,1.573865061214961e-05,9.206908872302329e-06,0.0,7.317891873863475e-05,2.1428571428571427e-06,0.48713377421742887,0.4093075132393422,0.04930751323934226,0.002471673220782445
2006-07-31,0.0018604681787228767,1.2194076990639997e-05,5.106339985367721e-06,0.0,4.633758609923309e-05,2.5648597896926772e-06,0.32821694120089917,0.4795348327913815,0.04863838812301166,0.0017942653158579433
2006-08-01,0.002004434481635384,8.336405605528647e-06,5.544293143888984e-06,0.0,3.105117472812312e-05,8.702787406269416e-07,0.3639346332278307,0.1973465049152969,0.05113967648997069,0.0019586323294172167
2006-08-02,-0.00044072529193162443,3.1181736932441253e-06,2.2774605259748194e-06,0.0,5.775203017053287e-06,4.795484345517924e-07,0.1276387971216881,0.13028206850235055,0.049717931497649435,-0.00045237567760244847
2006-08-03,0.002516284301403373,1.3845215408763435e-05,7.046709715410666e-06,0.0,3.880928376109559e-05,1.7380952380952385e-06,0.47638330915029525,0.342,0.04999999999999999,0.002454844997280008
2006-08-04,-0.0012319573576175453,9.506829259947975e-06,7.144577160037737e-06,0.0,3.212290301472028e-05,1.8758812244071448e-06,0.3416528823072133,0.29357402285020023,-0.021574022850200183,-0.0012826075482766585
2006-08-07,-0.001401641516031045,1.3239996346194157e-05,7.493583612702089e-06,0.0,5.487849913628245e-05,2.7820572548599576e-06,0.390107962449374,0.41693244661103473,-0.05045317220543806,-0.0014800356523810838
2006-08-08,0.0007899156247594107,1.772452206166022e-05,7.617752535401141e-06,0.0,6.180032014558676e-05,3.4832913812057156e-06,0.3461309847264481,0.535149128485481,-0.05004382355707926,0.0006992897386355569
2006-08-09,0.002931778771306362,1.9701462395885226e-05,6.715232592768673e-06,0.0,7.002776884836659e-05,1.133804505792322e-06,0.464383045458155,0.17435651129585922,-0.016122645677250896,0.002834200502963549
2006-08-10,-0.0012906804919876076,4.405003527808802e-06,2.2777760635208873e-06,0.0,4.160995495615859e-05,4.909459396588834e-07,0.21517039247652403,0.13247891786269242,0.04999999999999999,-0.0013394641724747548
2006-08-11,-0.0018733639967400877,1.4404320817938988e-05,5.801822475653586e-06,0.0,6.507265693403841e-05,1.5476190476190476e-06,0.3581266360032599,0.31,0.05,-0.0019601904160153377
2006-08-14,0.0008930263342903922,1.0846907808193676e-05,6.487352231523363e-06,0.0,4.1209612693743815e-05,7.142857142857143e-07,0.3449858898196135,0.15375025900127506,0.03375025900127507,0.0008337681758426457
2006-08-15,0.000628604318470775,1.3052948824798426e-06,1.036788029605091e-06,0.0,2.379427619627959e-06,7.127164304022597e-07,0.030975103534509885,0.12314012009281561,0.003403759785235959,0.0006231700915086598
2006-08-16,0.000322886927212573,5.836081774136093e-06,2.7193460838155876e-06,0.0,2.4314074804549577e-05,1.3916607668485547e-07,0.19640350841571663,0.07337990088305572,0.05,0.0002898782584733869
2006-08-17,0.00016322831679067363,6.860204892640014e-06,2.7188073205801096e-06,0.0,3.3486670067616936e-05,4.761904761904761e-07,0.18016322831679066,0.13,0.05,0.0001196864440336461
2006-08-18,-0.00026550881823821814,1.4314813398828867e-06,9.576935285429928e-07,0.0,2.4435829619707757e-06,5.301240815308316e-07,0.047454947969361894,0.13453042284858985,0.04546957715141014,-0.00027087170015014565
2006-08-21,-0.0011111223219288837,1.799353927881197e-05,2.1290321177911976e-06,0.0,1.9550198056513295e-05,1.4285714285714284e-06,0.15686186098633287,0.29,0.05,-0.0011522236628105716
2006-08-22,-0.0002678354619413516,5.459682508354748e-06,2.193490007457153e-06,0.0,3.2362170600317655e-06,1.1142359586640415e-06,0.06979370238182847,0.2335958205277795,0.046404179472220516,-0.00027983908747585934
2006-08-23,0.0029152219509731565,1.617711285387224e-05,5.596520049378982e-06,0.0,1.921954913152347e-05,1.1904761904761892e-07,0.16632661447855243,0.06999999999999999,0.05,0.0028741097213193342
2006-08-24,-0.00038757204248882407,3.6132663592526947e-06,2.267809449425008e-06,0.0,1.3354191926653323e-05,0.0,0.0695946205006386,0.0,0.0,-0.0004068073102241551
2006-08-25,0.0,1.4988800444359723e-06,1.2577293644585432e-07,0.0,7.397236621170417e-06,0.0,0.04837420632532859,0.04837420632532859,0.04837420632532859,-9.021889602052244e-06
2006-08-28,0.00012713735245500297,1.626525745177868e-06,1.4741392507632557e-06,0.0,4.523244904743175e-06,5.312563467594805e-07,0.10674180687351037,0.13934034397551764,0.05008927771992493,0.00011898218620755919
2006-08-29,-0.0015419303091274315,9.567045009925762e-06,5.19626931300818e-06,0.0,1.7215610456573336e-05,1.4285714285714284e-06,0.2480909500127824,0.2899999999999999,0.049999999999999996,-0.0015753378053355103
2006-08-30,-0.003673253274517118,9.96467695424653e-06,5.113486525813937e-06,0.0,3.211622749179814e-05,1.9047619047619045e-06,0.19990662607207554,0.2696896465091634,-0.05031035349083658,-0.0037223524273937384
2006-08-31,-0.001440288124645774,1.0696722902894203e-05,4.757535778026926e-06,0.0,3.0201685028018198e-05,1.506923166849297e-06,0.3435192764238396,0.22658154601534095,-0.026581546015340962,-0.0014874509915215627
2006-09-01,0.0009032008286300444,6.637088340544005e-08,5.62230408548472e-08,0.0,1.928125939229877e-08,1.5072472797928947e-06,0.0024909907177340165,0.22660877150260314,-0.02660877150260315,0.0009015517061665989
2006-09-05,-0.002784097391015323,6.7869886558113e-06,3.0800409697972926e-06,0.0,3.106348171132008e-05,9.896842337172502e-07,0.2069734857688079,0.143133475632249,-0.023133475632249025,-0.002826017586585969
2006-09-06,0.00026266804285878485,8.198365237963404e-07,6.720708993083572e-07,0.0,1.4095952210948776e-06,9.907832936714148e-07,0.020354989079008595,0.12322579666839883,-0.04322579666839883,0.00025877575692091385
2006-09-07,-0.0006418164656945772,5.1218220042175625e-06,3.474631130819069e-06,0.0,3.39716593859821e-05,7.142857142857143e-07,0.20373295466973254,0.07995635404985985,-0.04004364595014015,-0.0006850988639298817
2006-09-08,-0.007198552091667026,2.5257895297365867e-06,2.326213241069983e-06,0.0,2.2403226653099953e-05,1.6666666666666665e-06,0.1572421980418072,0.23000000000000004,-0.05,-0.0072274739877575996
2006-09-11,0.0009804530396737327,1.4302846237549903e-05,6.775367313183087e-06,0.0,8.106727494862488e-05,1.4285714285714286e-06,0.43819581414204295,0.2704144020115752,0.030414402011575217,0.0008768789797458034
2006-09-12,-0.0036997852159391764,4.72901254793177e-06,2.5186612506921034e-06,0.0,8.229186318285077e-06,1.7261904761904766e-06,0.1992525055798674,0.33999999999999997,0.049999999999999996,-0.003716988266532276
2006-09-13,0.002492919420122479,1.1971992280395471e-05,6.135768415099676e-06,0.0,3.987424638577481e-05,3.7771819392393413e-06,0.2557963337031868,0.5872832828961047,-0.047283282896104645,0.00243116023110197
2006-09-14,-0.0021857576897816914,7.854882903582462e-06,4.007546170256123e-06,0.0,3.827556272946021e-05,4.46600264359611e-06,0.25249782029756684,0.7001442220620733,-0.05014422206207323,-0.0022403616842285863
2006-09-15,0.0008461860089871877,2.383420507680575e-05,1.0266691442914895e-05,0.0,8.495402896872297e-05,1.542421849291248e-06,0.6110686238709013,0.24956343534046485,-0.009563435340464853,0.0007255886616494528
2006-09-18,0.0013665714444420364,9.782256440178275e-06,6.934664004932867e-06,0.0,4.636581165279599e-05,1.6666666666666665e-06,0.3669596411561541,0.2360335426423305,-0.043966457357669464,0.0013018220456774625
2006-09-19,-0.0013736799559375828,5.426266283909499e-06,1.6853114557813768e-06,0.0,3.2811495644383095e-05,7.142857142857143e-07,0.13341990455749053,0.10283492734443168,-0.01716507265556831,-0.0014143173150359424
2006-09-20,-0.00038699510495091607,2.644928412488958e-08,1.235911332977728e-08,0.0,9.923787451519062e-09,7.142857142857143e-07,0.0010408945019789104,0.10263895560964371,-0.01736104439035628,-0.00038775812285010794
2006-09-21,-0.00023128502851626684,4.580284891990071e-09,1.1322714155466792e-09,0.0,6.988082773494126e-11,7.142857142857143e-07,0.0004354890059794919,0.10284315958710694,-0.01715684041289306,-0.00023200509666768782
2006-09-22,0.0002293205211131304,1.1650479602810303e-05,5.34761154869721e-06,0.0,4.3169514251207e-05,1.3956983588774453e-06,0.38682958279298263,0.28447732429141076,0.04999999999999999,0.00016775721735153845
2006-09-25,0.002213983627031481,4.1093123364905545e-06,2.1156014583886214e-06,0.0,5.488467873611745e-06,1.3405500443657323e-06,0.09284146256236517,0.27565920462132765,0.050446797167884645,0.0022009296953186246
2006-09-26,7.9756991847889e-05,1.4820762177468381e-05,7.982162960125216e-06,0.0,4.992478562808393e-05,1.7857142857142857e-06,0.40786635570201607,0.25,-0.05,5.243566796497192e-06
2006-09-27,-0.0005809083295605311,2.0442311682004527e-06,1.8364511858316095e-06,0.0,1.0230423492667924e-05,1.0714285714285714e-06,0.12018747627591277,0.12999999999999998,-0.05,-0.0005960908639786596
2006-09-28,-0.001235077436605495,3.2121681075971747e-06,1.3808916849979174e-06,0.0,1.8913186200596927e-05,0.0,0.1309621599549782,0.0,0.0,-0.001258583682598687
2006-09-29,0.0,0.0,0.0,0.0,0.0,0.0,0.0,0.0,0.0,0.0
2006-10-02,0.0,1.9430919735682254e-06,1.5056889036942417e-06,0.0,1.3276002660612328e-06,5.29587559080966e-07,0.04448535496280114,0.04448535496280114,-0.04448535496280114,-5.305968702404666e-06
2006-10-03,0.0001094594027284883,1.2006195700534858e-09,3.6191176164799765e-10,0.0,0.0,5.266273658174949e-07,0.000139196831403076,0.044236698728669574,-0.044236698728669574,0.0001089312128313391
2006-10-04,-0.00062556448238073,3.7855685885503302e-06,1.1074620750939234e-06,0.0,8.814007690954267e-06,7.44367806313443e-07,0.11414933216609856,0.13452689573032922,0.009473104269670806,-0.0006400158885416419
2006-10-05,-0.0010997856142357211,8.49758396427688e-06,2.590946189986192e-06,0.0,1.959878376626752e-05,1.6904761904761907e-06,0.21118594223516085,0.3327387387387387,0.04873873873873874,-0.0011321634043467278
2006-10-06,-0.0006039428735683132,4.435956016499718e-06,2.359437095092793e-06,0.0,9.100569593578716e-06,2.40591152006873e-06,0.1690246001390066,0.4521866577758634,0.04799352240431676,-0.0006222447477935531
2006-10-09,0.00034645239854089595,8.561704140417203e-06,6.021591143439801e-06,0.0,2.105414412109866e-05,1.1444508825735147e-06,0.3332125572951392,0.24219532250802048,0.04992757423567003,0.00030967050825336676
2006-10-10,-9.194980976655205e-06,7.3176801503060055e-06,4.969028035208209e-06,0.0,1.3066196459103988e-05,0.0,0.2412916916815036,0.0,0.0,-3.4547885621273406e-05
2006-10-11,0.0,0.0,0.0,0.0,0.0,0.0,0.0,0.0,0.0,0.0
2006-10-12,0.0,0.0,0.0,0.0,0.0,0.0,0.0,0.0,0.0,0.0
2006-10-13,0.0,0.0,0.0,0.0,0.0,0.0,0.0,0.0,0.0,0.0
2006-10-16,0.0,0.0,0.0,0.0,0.0,0.0,0.0,0.0,0.0,0.0
2006-10-17,0.0,1.7817334406329966e-06,1.252654592179997e-06,0.0,6.776267667778432e-06,4.761904761904761e-07,0.11679793116212647,0.11679793116212647,0.036797931162126485,-1.0286846176781902e-05
2006-10-18,0.0011450588479772943,1.1774476993592239e-05,6.45791817525174e-06,0.0,4.2424921272372265e-05,2.666666666666667e-06,0.2813358092980729,0.398932700926507,-0.049067299073493,0.0010817348648694113
2006-10-19,0.00099665981377023,8.101122430988203e-06,2.9623640969721537e-06,0.0,2.500731468097882e-05,1.977122159494956e-06,0.1567946448748525,0.2841757085651161,-0.04798081423003661,0.0009586118904017959
2006-10-20,0.0017893363318659252,6.274827230902128e-06,3.572801339261694e-06,0.0,2.655772275923602e-05,0.0,0.28235970191434984,0.0,0.0,0.0017529309805365254
2006-10-23,0.0,9.23024174525192e-07,1.3849871425405153e-06,0.0,4.0159489117607855e-06,5.952380952380952e-07,0.049999999999999996,0.049999999999999996,-0.049999999999999996,-6.919198324064588e-06
2006-10-24,-0.0020259168742017444,2.8672165673135876e-06,1.4802394046680397e-06,0.0,2.4501222238229323e-05,6.485887643461613e-07,0.15315802799173198,0.11448145620507755,0.005518543794922448,-0.0020554141411763013
2006-10-25,-0.00024183424968367124,6.006708683388912e-06,3.8603514628352954e-06,0.0,3.381847105888448e-05,8.700194448693557e-07,0.2015215770323664,0.1530816333690259,0.006918366630974115,-0.0002863898003336493
2006-10-26,0.0016565578670027403,5.753474957388396e-06,2.808430981417506e-06,0.0,2.079128508378542e-05,1.4301966520396553e-06,0.2154303001133224,0.260485821410848,0.020212783868185827,0.0016257744793281093
2006-10-27,0.0008672825133250835,5.757514121232499e-06,3.836410994085035e-06,0.0,9.918017289070797e-06,1.9047619047619047e-06,0.13612400662099705,0.26999999999999996,-0.05,0.0008458658090159334
2006-10-30,-0.001651694687501655,1.3014504908340651e-05,6.894717489357107e-06,0.0,3.267721670843851e-05,1.8095238095238095e-06,0.41562149983524155,0.254,-0.05,-0.001706090650417315
2006-10-31,-0.000558051137384323,7.944825884880996e-06,5.950382291005348e-06,0.0,3.505126952651844e-05,1.48931497746617e-06,0.4847055538273477,0.2751024581071583,0.0248975418928417,-0.000608486930064194
2006-11-01,0.0004959643869967312,7.215701288842248e-06,4.702839022095323e-06,0.0,1.198114971839911e-05,2.1571228199181815e-06,0.177156037622332,0.31319831687312716,-0.049198316873127215,0.00046990757414747635
2006-11-02,0.003004477989818098,9.256414425440253e-06,4.263836622614555e-06,0.0,2.7226070736157085e-05,1.5925022789457159e-06,0.35134326185655906,0.30828142599896985,0.0407410431360896,0.00296213916575494
2006-11-03,9.914851427069576e-05,6.5917112912624094e-06,4.645102439625272e-06,0.0,3.441929401919485e-05,7.142857142857143e-07,0.22930964348446606,0.0785633171741823,-0.041436682825817694,5.2778120806327515e-05
2006-11-06,0.00014865527164846748,5.160980467915997e-06,1.480892255812001e-06,0.0,1.9997599941155374e-05,3.7402082575609013e-07,0.15412352628119236,0.11283549872702314,0.049999999999999996,0.00012164177815782802
2006-11-07,0.00036883319220410636,5.493915398563309e-06,3.102429308244463e-06,0.0,2.369602701840151e-05,1.3712898622494067e-06,0.1981262400708897,0.26518834842895017,0.03481165157104984,0.0003351695306166477
2006-11-08,-0.0023661024865429406,8.839730588460192e-06,4.978580795444463e-06,0.0,3.8289508650838516e-05,0.0,0.3097160084751872,0.05,0.05,-0.002418210306577684
2006-11-09,-0.0006368726223457931,6.192073660738098e-06,3.6332998675030707e-06,0.0,1.8039260498936967e-05,1.1904761904761904e-06,0.16935049968660046,0.21871362706425468,0.01871362706425469,-0.0006659277325634474
2006-11-10,0.0015223073442825644,4.871594962311553e-06,3.36062122505708e-06,0.0,1.5640407300191576e-05,1.886575598629192e-06,0.13255937496089443,0.26755600200687296,-0.04938869856283132,0.001496548145196375
2006-11-13,-0.0002974109939876799,8.636547282091502e-06,4.648042529145801e-06,0.0,2.3361481397913034e-05,1.9253996111883037e-06,0.3164105127432989,0.27395617582936993,-0.04951095885026506,-0.00033598246480801854
2006-11-14,-0.002484766318197046,1.9488894719036446e-05,4.679210463341659e-06,0.0,3.4813447953395725e-05,2.3100387498190353e-06,0.3752445991087255,0.414043254984799,0.025956745015201052,-0.002546057910082639
2006-11-15,0.0034836744556258764,4.660443715445126e-06,3.843060077499441e-06,0.0,1.9227790542893413e-05,2.324649695554747e-06,0.17580880842930832,0.3552705744265987,-0.035270574426598714,0.0034536185115944837
2006-11-16,-0.0004762756431485607,1.9962268609104834e-05,7.5853289238686814e-06,0.0,2.936954837184215e-05,3.571428571428571e-07,0.4063107718896768,0.10999999999999999,0.05000000000000001,-0.0005335499319105192
2006-11-17,-0.0005866462994491718,3.0828248606507266e-06,1.7455311306493267e-06,0.0,5.773679812229531e-06,1.0714285714285714e-06,0.12056820934359544,0.23,0.049999999999999996,-0.0005983197638241299
2006-11-20,0.00022970355450552133,5.905782388002551e-06,4.641842727763269e-06,0.0,1.8436362743062964e-05,1.1304037460122526e-06,0.19481638178046526,0.15495391466502922,-0.03495391466502923,0.0001995891629006803
2006-11-21,-0.0018078872861312665,3.444349739190792e-06,2.177138223823604e-06,0.0,8.452786085005106e-06,0.0,0.15552178316299703,0.0,0.0,-0.001821961560179286
2006-11-22,0.0,8.143368870160523e-07,1.5965986872233246e-06,0.0,6.51925480007416e-06,7.142857142857143e-07,0.06999999999999999,0.06999999999999999,-0.05,-9.644476088599251e-06
2006-11-27,0.0017000430377985553,2.5144701544537866e-08,4.9790766091063345e-08,0.0,2.614512858552925e-08,7.142857142857143e-07,0.002055108847409814,0.06999999999999998,-0.05000000000000001,0.0016992276714880485
2006-11-28,0.0003745444113658846,1.0398862301068294e-05,1.998502798590446e-06,0.0,1.7885642973281184e-05,1.4285714285714286e-06,0.13411359475651116,0.20382630494159276,-0.03617369505840724,0.00034283283186437323
2006-11-29,-0.002459349551478483,4.599224502264713e-06,2.4263310465154358e-06,0.0,1.3619414290337873e-05,1.2065860348303097e-06,0.14447979881602765,0.19522116825640828,-0.007485285595083713,-0.0024812011073524314
2006-11-30,0.0012342741425132179,1.3684389169243374e-05,7.267181807219265e-06,0.0,3.641097309997316e-05,1.7857142857142857e-06,0.46387948781915017,0.35,0.05,0.0011751258841510679
2006-12-01,0.0007310521848043482,9.749299695692873e-06,9.417474105306553e-06,0.0,1.8948970901512303e-05,2.8205848086061936e-06,0.5021837481697946,0.4238582478458406,-0.050000000000000044,0.0006901158552932303
2006-12-04,-0.0019243905253964716,9.308928548860634e-06,6.016870703575426e-06,0.0,2.6035053067483964e-05,2.7139113170790445e-06,0.4525849094269207,0.4279685506346397,-0.02796855063463974,-0.0019684652890334707
2006-12-05,0.0006715078090910176,1.3068930416056878e-05,9.001403075628963e-06,0.0,3.202190411857888e-05,2.1498165181318387e-06,0.5018661030228031,0.31116917504614894,-0.05000000000000002,0.000615265754962621
2006-12-06,-0.0010845483771389202,1.1220869447026246e-05,4.442164773015392e-06,0.0,2.999934552555624e-05,1.1904761904761904e-06,0.33431688870535414,0.2128748083132946,0.012874808313294635,-0.0011314012330749942
2006-12-07,-0.0010332008101317527,2.924305604230757e-06,1.8422870548341443e-06,0.0,1.4281301079837817e-05,8.333333333333332e-07,0.16359151242198045,0.19,0.05,-0.0010530820372039887
2006-12-08,0.0007602244111956756,2.1584080533217127e-06,1.984553673655481e-06,0.0,1.0627699244088059e-05,7.142857142857143e-07,0.12205191991457028,0.16999999999999998,0.05,0.0007447394645103246
2006-12-11,0.001958073470964725,8.020772005939655e-08,6.497793629085966e-08,0.0,8.999240041034831e-09,7.142857142857143e-07,0.00195807347096473,0.16999999999999998,0.05,0.001957205000354048
2006-12-12,-0.0001873970987638063,7.727468740279724e-06,5.27160946776197e-06,0.0,9.917472062657881e-06,9.278538512829049e-07,0.21961850666185084,0.10587944701552802,-0.05,-0.0002112415028857888
2006-12-13,-0.00046307770335393716,4.417704574457503e-06,1.7039461655036942e-06,0.0,7.806671796093751e-06,1.311543810651421e-06,0.11970660239136542,0.17016968009471936,-0.050169680094719366,-0.0004783175697006435
2006-12-14,-0.0007189378560249278,1.022028272343775e-05,2.6064151312933462e-06,0.0,3.286878897126412e-05,7.532836555796193e-07,0.16920654088205625,0.12327582706868802,-0.0032758270686880243,-0.0007653866265065027
2006-12-15,-0.002665522977906357,6.04484384041445e-06,2.7576860422312373e-06,0.0,2.690046551615726e-05,0.0,0.1260636742056158,0.0,0.0,-0.00270122597330516
2006-12-18,0.0,4.4554949524883825e-06,2.9609043909433172e-06,0.0,1.2935963226525665e-05,1.0714285714285716e-06,0.15960574445049133,0.15960574445049133,-0.020394255549508678,-2.142379114138594e-05
2006-12-19,-0.00021080407119812195,4.698668404996516e-06,2.2791358263690002e-06,0.0,2.0734976158015553e-05,3.5714285714285726e-07,0.20316980839063573,0.11000000000000001,0.049999999999999996,-0.00023887399444464587
2006-12-20,0.00019040613259128147,1.5730875710339414e-06,8.914781266149383e-07,0.0,2.85995036402708e-06,7.478575978291069e-08,0.06047143657755616,0.062564007643529,0.05,0.0001850068307698226
2006-12-21,0.00036125531924947706,1.0901664703658266e-06,1.5832590491072055e-06,0.0,5.4122157444472e-06,0.0,0.06287850023439999,0.0,0.0,0.0003531696779855568
2006-12-22,0.0,0.0,0.0,0.0,0.0,0.0,0.0,0.0,0.0,0.0
2006-12-26,0.0,0.0,0.0,0.0,0.0,0.0,0.0,0.0,0.0,0.0
2006-12-27,0.0,0.0,0.0,0.0,0.0,0.0,0.0,0.0,0.0,0.0
2006-12-28,0.0,0.0,0.0,0.0,0.0,0.0,0.0,0.0,0.0,0.0
2006-12-29,0.0,0.0,0.0,0.0,0.0,0.0,0.0,0.0,0.0,0.0
2007-01-03,0.0,0.0,0.0,0.0,0.0,0.0,0.0,0.0,0.0,0.0
2007-01-04,0.0,2.2615697309385372e-06,1.9495765561108584e-06,0.0,1.051965644575879e-05,7.142857142857143e-07,0.07,0.07,-0.049999999999999996,-1.54450884470939e-05
2007-01-05,0.0012287625894714803,4.926935169875916e-08,4.241563671738554e-08,0.0,2.293010985688276e-08,7.142857142857143e-07,0.0013882296867665858,0.06999999999999999,-0.05,0.0012279336886589216
2007-01-08,-0.00014929374987624923,1.6194306083111135e-06,8.899913348192398e-07,0.0,7.202632500042645e-06,9.415448738437615e-07,0.08933062892750039,0.13908976940287596,-0.01908976940287596,-0.00015994734919326598
2007-01-09,0.0013900844328935788,6.742653851516203e-06,3.2573806945796877e-06,0.0,2.5598012877750137e-05,1.410021522550945e-06,0.28695217941534207,0.28688361578855875,0.05,0.0013530763639471818
2007-01-10,0.00043192054403622094,3.5395910294663453e-06,2.5443220805944456e-06,0.0,1.5673208733139958e-05,1.8248273543689415e-06,0.17001437555157423,0.35657099553398214,0.04999999999999999,0.00040833859483865127
2007-01-11,0.0015992900847134205,6.771107474712705e-06,5.719298401538602e-06,0.0,2.3898913789872607e-05,1.2048534599183291e-06,0.345401225106004,0.25284110377163793,0.050425722505358615,0.0015616959115873782
2007-01-12,-0.001937362589411325,7.916843561870254e-06,5.823197317156415e-06,0.0,3.737620063877136e-05,2.6428571428571434e-06,0.39349546267968816,0.49415524655162785,0.05015524655162784,-0.0019911216880719802
2007-01-16,0.0009032348888676398,5.191478944828009e-06,4.581790860349894e-06,0.0,1.775791265651086e-05,2.1528095365324545e-06,0.26069686147729154,0.39327940309028203,0.03160740095282962,0.0008735508968694186
2007-01-17,-0.000730306690037547,8.193276134747119e-06,8.45196645963101e-06,0.0,3.1487962304395774e-05,1.154440693949503e-06,0.5035764871359771,0.14355993516650656,-0.050386101417009985,-0.0007795943356302704
2007-01-18,-0.00036703941780310455,1.3616307917835834e-06,1.2930238693034708e-06,0.0,2.9809578351309517e-06,1.4285714285714286e-06,0.08680710425129651,0.18999999999999997,-0.05000000000000002,-0.000374103601727894
2007-01-19,-0.0004793108932959,3.4608529505413654e-06,2.8051634576445325e-06,0.0,9.836233320883319e-06,2.2734825126906398e-06,0.16758027557605798,0.33194506213202757,-0.04999999999999999,-0.0004976866255376599
2007-01-22,0.0004712671910440453,4.846799303364522e-06,3.7642294601783534e-06,0.0,8.926224542061115e-06,5.078730331847824e-07,0.2817901244129036,0.04880859073972464,-0.036514078835318806,0.00045322206470525654
2007-01-23,7.761640378756513e-06,1.5711684949404081e-06,9.456024560673117e-07,0.0,2.0841338732309427e-06,6.750455243579519e-07,0.038055248145910915,0.06340764809213592,-0.049999999999999996,2.485690030159899e-06
2007-01-24,0.000264051346231533,8.439577472698822e-07,4.862395668110653e-07,0.0,1.145101936457934e-06,4.2267505024466707e-07,0.04662393114971396,0.03550470422055203,-0.03550470422055203,0.0002611533719307494
2007-01-25,0.0004020566323705401,5.808645796244156e-06,2.5195245040110213e-06,0.0,2.418632189155161e-05,1.0714285714285712e-06,0.2131026475881815,0.22999999999999998,0.049999999999999996,0.00036847071160730474
2007-01-26,-0.0002594798735231414,3.81521960132734e-06,2.2421856551998833e-06,0.0,7.28195788477314e-06,1.0476190476190473e-06,0.1334640819771903,0.226,0.05,-0.00027386685571206083
2007-01-29,0.00045992640197160985,1.5363516700352977e-05,6.350864645533505e-06,0.0,2.630367627438094e-05,1.370530885780516e-06,0.3141794611686798,0.28024918881112665,0.049999999999999975,0.00041053781346556194
2007-01-30,0.001208690378533158,8.037813398403887e-06,6.2856442481702325e-06,0.0,1.7786071895348733e-05,2.0756203951537497e-06,0.2721676322851351,0.3040309491727394,-0.04467327721309053,0.0011745052285960815
2007-01-31,0.002850931887823357,4.003816779010747e-05,1.2904758332799313e-05,0.0,7.531708672873617e-05,5.255492302233302e-06,0.9684992714630679,0.9335441849881747,0.050621478212979965,0.0027174163826694806
2007-02-01,0.0035455004720500232,6.856173581064181e-06,5.0505569624427135e-06,0.0,1.6249512803826874e-05,3.7323900682650066e-06,0.2914262654703278,0.6783229848667942,0.05128145339827317,0.0035136118386344243
2007-02-02,-0.0007776862054674566,6.8710598961313625e-06,5.127659333283685e-06,0.0,1.3164071446976734e-05,2.322356943758919e-06,0.30886717962502497,0.43424499560589,0.044089029054391715,-0.0008051713530876074
2007-02-05,0.0003744658992365093,2.3032581640494495e-05,1.2075116836823135e-05,0.0,4.41424951698844e-05,1.537406716678117e-06,0.5485604657710521,0.21953159713195702,-0.0387527312699666,0.00029367829887262914
2007-02-06,0.0011637443733871732,8.375784744600316e-06,5.013584134612984e-06,0.0,1.4405910681314884e-05,1.4285714285714284e-06,0.2504438581434413,0.18999999999999995,-0.05,0.0011345205223980736
2007-02-07,-0.00012621049120074222,1.3279702270576517e-06,6.956369172319586e-07,0.0,2.2583224801660725e-06,1.4285714285714284e-06,0.040497451289674385,0.18999999999999995,-0.05,-0.00013192099225376933
2007-02-08,-0.000779042181324262,4.1737800048669785e-06,2.4318506732127603e-06,0.0,7.141121908438192e-06,8.352822711622166e-07,0.1604361093455986,0.09016371077762618,-0.0501637107776262,-0.0007936242161819422
2007-02-09,0.0011963123861131308,7.857829504953862e-06,4.584122942064882e-06,0.0,1.8992941781753048e-05,1.6666666666666665e-06,0.2789673983915131,0.22999999999999998,-0.05,0.0011632108252176924
2007-02-12,0.00018269457499875297,2.2590339093022162e-06,1.5288953347943872e-06,0.0,6.886736141536815e-06,1.0714285714285714e-06,0.11496697006207648,0.15407116878222324,-0.025928831217776754,0.00017094848104169097
2007-02-13,-0.001280413087455569,5.6030654867742365e-06,2.2696009167358457e-06,0.0,1.838643436435796e-05,1.1904761904761899e-07,0.22643731738532652,0.06999999999999999,0.05,-0.0013067912358424847
2007-02-14,0.000814131928143087,4.3599764705995945e-06,3.7763916141818874e-06,0.0,1.696702101036782e-05,1.5766349153327467e-06,0.18237209615769473,0.25331670154634983,-0.011557964229551652,0.0007874519041326049
2007-02-15,-0.0013981389555596285,5.9358971667053916e-06,2.3723415313017484e-06,0.0,1.8778327389902134e-05,9.470553789321733e-07,0.20403044148731042,0.19955265183030255,0.040447348169697445,-0.00142617257702647
2007-02-16,0.00038465647293408565,2.1272153339581787e-06,1.8339673728873845e-06,0.0,7.812792649669616e-06,9.060542836105254e-07,0.09012222360111194,0.15610855982328414,0.003891440176715867,0.00037197644329395996
2007-02-20,0.0011014428021722538,6.623448575730862e-06,2.9545289206497112e-06,0.0,1.857771721507641e-05,1.137535809453408e-07,0.18781313937691954,0.04955530079940862,0.03044469920059137,0.0010731733538798514
2007-02-21,-0.00014811788148494446,2.158162658322573e-06,2.3981686533435704e-06,0.0,1.4065845950014991e-05,9.523809523809523e-07,0.10621099948036469,0.13650758079947112,-0.023492419200528893,-0.00016769243969900655
2007-02-22,0.0003524968350214247,2.944148543802749e-06,1.5772584013173683e-06,0.0,2.3207690738097307e-06,7.142857142857143e-07,0.06298869093819984,0.08033657345074115,-0.03966342654925885,0.00034494037328820917
2007-02-23,4.886203899823539e-05,2.7392997763966933e-06,1.5004789722601857e-06,0.0,1.4695622656802931e-05,3.22268812924282e-07,0.16719882042939013,0.08707058028563969,0.03292941971436031,2.9604368779851295e-05
2007-02-26,-0.0008842663249678407,3.181165221520302e-06,2.315085035846869e-06,0.0,5.5811975721046705e-06,1.11255977563623e-06,0.06731665744322823,0.15345502115344334,-0.03345502115344333,-0.0008964563325729488
2007-02-27,0.0006598586621950558,3.752055614591315e-06,2.2821666312907023e-06,0.0,1.8810078112896977e-05,1.8537414965986398e-06,0.2270728480560792,0.3614285714285715,0.05,0.0006331606203396782
2007-02-28,0.0030631770125426417,5.448146341757044e-06,4.4476473231072244e-06,0.0,1.465092626236629e-05,2.6700680272108843e-06,0.30877156525439353,0.4985714285714285,0.04999999999999993,0.0030359602245882003
2007-03-01,0.0015710578892773647,3.052161816505245e-06,1.3334695485590622e-06,0.0,4.828244678997829e-06,2.463952259772507e-06,0.08951102090326385,0.4641981267820324,0.0502541471402512,0.00155938006097353
2007-03-02,-0.0014992927034275646,1.074151951169693e-05,7.992185738956893e-06,0.0,3.8232197183083666e-05,1.491183274251005e-06,0.5331147995739762,0.3005187900741688,0.05000000000000002,-0.0015577497891355531
2007-03-05,-0.0032437622214411426,9.579153264201522e-06,4.262005134174033e-06,0.0,2.047866095454543e-05,1.2309875769710724e-06,0.2471401041342385,0.2549193907822241,0.048113477851083886,-0.0032793130283710345
2007-03-06,-0.0001794928551411065,6.078827432795161e-06,4.7959062538721735e-06,0.0,2.2796930694643596e-05,2.562425384857053e-06,0.2598581016666403,0.45827955131856796,0.02779208666258308,-0.00021572694490727448
2007-03-07,0.002265226414008674,1.357767803702694e-05,8.021097338387867e-06,0.0,5.007501677619501e-05,0.0,0.4575875322970892,0.0,0.0,0.002193552621857064
2007-03-08,0.0,5.107726980488874e-07,8.580829347730836e-07,0.0,8.809797191377316e-07,3.764275911451495e-07,0.031619917656192556,0.031619917656192556,-0.031619917656192556,-2.626262943104852e-06
2007-03-09,-3.5579161963261995e-05,1.8420795506973413e-06,3.9485485164859307e-07,0.0,3.571300912826867e-06,1.9164000958120113e-07,0.08984147750034883,0.07609776080482089,0.043902239195179105,-4.1579037288015994e-05
2007-03-12,-9.01916607858539e-05,3.6846150258360203e-06,1.479328016054913e-06,0.0,5.392712823344882e-06,5.163027832685441e-07,0.10585536808786251,0.1367388675891154,0.05,-0.00010126461943435826
2007-03-13,-1.121900715577122e-05,7.661020195774798e-06,4.170702679109764e-06,0.0,1.134929431544675e-05,5.883423771570493e-07,0.225279109039146,0.14884151936238427,0.05000000000000001,-3.4988366723259586e-05
2007-03-14,0.0006878964107458215,1.4084401298062684e-05,9.452742011085788e-06,0.0,4.7218440149739173e-05,3.5714285714285718e-06,0.4893180274998389,0.6199447150352978,0.019944715035297766,0.0006135693987155053
2007-03-15,0.00011277629117914513,1.888734198020906e-05,8.483151079484721e-06,0.0,4.8940386719623334e-05,2.1428571428571427e-06,0.5161374950996138,0.3546453585052661,-0.005354641494733942,3.432255425697087e-05
2007-03-16,0.0013861728862288223,1.383575174427928e-05,5.9367681652568815e-06,0.0,2.4020580891154904e-05,0.0,0.35437880719301385,0.0,0.0,0.0013423797854281313
2007-03-19,0.0,4.041663816930251e-06,4.07809020723283e-07,0.0,8.134448224348315e-06,1.1904761904761896e-07,0.06999999999999999,0.06999999999999999,0.05,-1.270296868104947e-05
2007-03-20,0.001133263062185943,5.423903911671204e-06,3.868455388791423e-06,0.0,1.376568477648502e-05,5.952380952380952e-07,0.11792620512518455,0.049999999999999996,-0.049999999999999996,0.0011096097800137573
2007-03-21,-0.0006379044377113176,3.6975082148948146e-06,3.1975059589379006e-06,0.0,7.737583322293767e-06,1.5056715444494352e-06,0.20300016001171542,0.20295281946750515,-0.05,-0.0006540427067518935
2007-03-22,0.0007318173951055477,6.597927065759654e-07,6.152989750194186e-07,0.0,5.404499004387499e-07,1.7231182817402697e-06,0.03772497926016824,0.2398243609612588,-0.0496595103711065,0.0007282787352417733
2007-03-23,-0.0010629811369200414,6.31563144068183e-06,4.875265587627393e-06,0.0,9.97149151708498e-06,1.5559488934822792e-06,0.3515558490166999,0.21069970705251145,-0.05069970705251145,-0.001085699474358918
2007-03-26,0.0006291077335959312,2.57215266807369e-06,1.5076290272697653e-06,0.0,5.54241733554938e-06,1.9867007172264204e-07,0.1534833676474365,0.05708432562866232,0.02370775357925846,0.0006192868644933157
2007-03-27,-0.0006779889761520743,2.0897686335127598e-06,1.3351572654972696e-06,0.0,4.605541417974311e-06,5.953199104602024e-08,0.10632667104045795,0.0600013744957314,0.05,-0.0006860789754601047
2007-03-28,-0.0001424196938604739,1.4617487356728019e-06,1.161331698845453e-06,0.0,2.333535725040042e-06,2.0833742409443853e-07,0.08009945433055043,0.08475881322345476,0.04975812597558908,-0.00014758464744412663
2007-03-29,0.00025713045733920454,1.410445832684362e-10,4.569280319564259e-11,0.0,0.0,2.0833742409443856e-07,1.757415507524715e-05,0.08503351783586921,0.050032830588003535,0.00025692193317772364
2007-03-30,-2.298005192800849e-05,3.27055421601772e-06,1.0335940599085679e-06,0.0,7.0105738924841505e-06,2.8770048913223247e-07,0.06816716586725709,0.09851004901724857,0.05017636684303352,-3.458247458555116e-05
2007-04-02,-0.0004942088126714864,2.8527800335002e-06,1.497553964970044e-06,0.0,6.071017308978257e-06,0.0,0.0615091463951358,0.04358107798171236,0.04358107798171236,-0.0005046301639789349
2007-04-03,0.00039036410513748724,9.687580556083498e-07,1.256272232469452e-06,0.0,6.647706691581229e-07,0.0,0.04397144208684985,0.0,0.0,0.0003874743041802513
2007-04-04,0.0,0.0,0.0,0.0,0.0,0.0,0.0,0.0,0.0,0.0
2007-04-05,0.0,0.0,0.0,0.0,0.0,0.0,0.0,0.0,0.0,0.0
2007-04-09,0.0,1.3357358280120346e-06,9.103020337872919e-07,0.0,7.44186936651703e-06,3.574371759885578e-07,0.09002472278303884,0.09002472278303884,0.02997527721696115,-1.0045344404304915e-05
2007-04-10,0.0013793099554685164,1.046805684625201e-06,1.1982984577847924e-06,0.0,6.61282196177503e-06,8.333333333333333e-07,0.10135458717242966,0.19,0.05,0.001369618696030998
2007-04-11,-4.586344591343441e-05,2.712091678274402e-06,1.7198981769621036e-06,0.0,1.4354459504867967e-05,8.333333333333333e-07,0.11995413655408656,0.19,0.05,-6.548322860687221e-05
2007-04-12,0.0023028736051031637,3.6294058957229806e-06,3.777143207568971e-06,0.0,1.5276016117372662e-05,0.0,0.19292589575700186,0.0,0.0,0.002280191039882499
2007-04-13,0.0,0.0,0.0,0.0,0.0,0.0,0.0,0.0,0.0,0.0
2007-04-16,0.0,6.172003834472774e-07,1.310442593465274e-06,0.0,5.931037732400844e-06,5.952380952380952e-07,0.05,0.05,-0.05,-8.45391880455149e-06
2007-04-17,-0.00028249160724181266,1.3820497788477534e-07,1.7671843268435234e-07,0.0,3.3331319613368235e-07,5.952380952380953e-07,0.012994388570849946,0.05,-0.05,-0.00028373508194375356
2007-04-18,-0.00026279957188768004,5.890958174849975e-06,3.2192387147286877e-06,0.0,3.533932798475697e-05,1.8678347795426633e-06,0.25965412072707306,0.2968981214815837,-0.016898121481583706,-0.0003091169315415583
2007-04-19,0.000505925177333282,2.8881995193891984e-08,4.096871343649157e-08,0.0,6.5032663108210974e-09,1.877738375890812e-06,0.0016287363614868808,0.29773002357482825,-0.017730023574828224,0.00050397108498245
2007-04-20,0.00042539811274938525,6.290276044235718e-06,4.905876677563875e-06,0.0,3.840778417229915e-05,0.0,0.30123407675207803,0.0,0.0,0.00037579417585528654
2007-04-23,0.0,5.862891576454872e-06,2.2562543221605267e-06,0.0,1.6159137943706814e-05,7.142857142857143e-07,0.15888189669141675,0.15888189669141675,0.03888189669141675,-2.4992569556607925e-05
2007-04-24,-0.005903007238196637,1.8357522361112692e-05,3.6418985878949325e-06,0.0,3.215290677994558e-05,1.6904761904761907e-06,0.25860873225068104,0.3342020202020202,0.05020202020202019,-0.005958850042116067
2007-04-25,0.0023915777448056284,3.605372088681943e-06,1.6429749820182013e-06,0.0,7.699955259295606e-06,1.9285714285714285e-06,0.09722780759798397,0.37475757575757573,0.050757575757575765,0.002376700871047061
2007-04-26,-6.9056471839911575e-06,1.1418137862682822e-05,7.5031331257004615e-06,0.0,4.01915386245308e-05,3.1190476190476187e-06,0.480744531738348,0.5740000000000001,0.050000000000000044,-6.913750441595287e-05
2007-04-27,0.002640037679595341,1.7764170009951895e-05,7.28783147397812e-06,0.0,3.6126689341273014e-05,1.596776239796706e-06,0.25993503552228114,0.31617760031624914,0.04791919203040251,0.0025772622125303413
2007-04-30,0.00022421802297917533,8.150657075049412e-06,5.68625625578758e-06,0.0,2.4950606134136227e-05,2.5000000000000006e-06,0.38024244169473354,0.47,0.04999999999999993,0.0001829305035142021
2007-05-01,-0.001154429582143326,9.117889963520365e-06,9.796461086260985e-06,0.0,3.375777105866273e-05,1.4285714285714284e-06,0.540050412595161,0.18988428575200808,-0.050115714247991924,-0.0012085302756803414
2007-05-02,-0.0005692500709890096,5.195756798485358e-06,2.498265297487545e-06,0.0,2.810796064626385e-05,1.6326530612244901e-06,0.15835797510598587,0.2448158679298621,-0.029469846355852196,-0.0006066847067924708
2007-05-03,0.00025213046545327026,2.999838296501353e-06,2.5096874360597896e-06,0.0,1.0224871707751911e-05,2.1428571428571427e-06,0.17324422848284748,0.34328201174642486,-0.01671798825357515,0.00023425321087010005
2007-05-04,0.00031031156036369134,9.103660077985945e-06,5.6758077555942675e-06,0.0,4.330364274653342e-05,1.4285714285714286e-06,0.30922895518733995,0.19,-0.05,0.00025079987835500625
2007-05-07,-0.000801449919765076,5.727900004302563e-06,2.664485369869062e-06,0.0,1.3698895487953473e-05,1.0714285714285714e-06,0.23892808404429117,0.19202994029171783,0.012029940291717847,-0.0008246126291986297
2007-05-08,-0.0016162466770701096,6.6768713341104454e-06,3.1337869467932924e-06,0.0,1.821478580282905e-05,1.0760244321888158e-06,0.24179907406900253,0.2303860523038605,0.04961394769613949,-0.0016453481455860311
2007-05-09,0.0006859518941620199,4.803400884033703e-06,3.6939803895579178e-06,0.0,6.39758614147902e-06,1.1889528953631043e-06,0.14617191096736332,0.18003729453021616,-0.019706791890785363,0.0006698679738515862
2007-05-10,-0.00048385145238755866,1.0213104400383953e-05,4.565789574932626e-06,0.0,3.2722782710388354e-05,1.1904761904761902e-06,0.37185407887985705,0.25,0.05,-0.0005325436052637397
2007-05-11,0.0012320033328318215,6.8267223945859875e-06,4.928756222830609e-06,0.0,1.2704152292715111e-05,1.3761107082155897e-06,0.21871827066433136,0.22497070995842908,-0.006215889021789971,0.0012061675912134742
2007-05-14,-0.0021910319469599293,6.9961811952853295e-06,3.5286290062940017e-06,0.0,1.8798648224967978e-05,1.6959866762612755e-06,0.24546622515150462,0.2744628808059471,-0.010462880805947108,-0.002222051392062738
2007-05-15,0.000320616481716223,1.4007942429307685e-05,6.667179146079178e-06,0.0,3.460320106611218e-05,1.6666666666666665e-06,0.3600612555485343,0.30160953313362554,0.021609533133625538,0.00026367149240805724
2007-05-16,0.0003454020607497186,9.736553650160375e-06,6.834055661518134e-06,0.0,2.0595382785709165e-05,2.1428571428571427e-06,0.37611934600486324,0.34339777067782945,-0.016602229322170522,0.0003060932115094738
2007-05-17,-0.0010984413716002108,9.784392579607297e-06,5.621206981864709e-06,0.0,1.9328057286930674e-05,2.225635816403717e-06,0.39058696903391354,0.3769534085779122,0.0030465914220877757,-0.0011354006642650173
2007-05-18,5.010402153430134e-05,9.288675710310633e-06,3.7807989280293275e-06,0.0,1.8636700411299044e-05,1.1540772512077897e-06,0.2557785531057921,0.21094248910145433,0.017057510898545666,1.7243769233454546e-05
2007-05-21,0.0016736821097141862,1.1933722368044216e-05,3.389564926310989e-06,0.0,1.5202317956458401e-05,1.75945606078292e-06,0.25657582872873796,0.3457869163014282,0.050198298089897536,0.0016413970484025896
2007-05-22,0.001306480097167652,7.2343270980277075e-06,5.235976667127648e-06,0.0,1.9768050276753095e-05,2.785714285714286e-06,0.34432088773804415,0.5183392226148411,0.05033922261484097,0.0012714560288400293
2007-05-23,-0.0028402539290585905,3.255933425590095e-05,1.0408642180776849e-05,0.0,5.522486689217304e-05,4.404761904761906e-06,0.5991181590905801,0.79,0.04999999999999993,-0.002942851534292203
2007-05-24,-0.001550881620625094,1.7437719326898047e-05,1.189347113865964e-05,0.0,3.2938466318970494e-05,3.559037829683321e-06,0.6295546526529223,0.573959177693399,-0.023959177693398934,-0.0016167103152393055
2007-05-25,0.000192378527392698,1.3031196267027584e-05,7.828698095700328e-06,0.0,2.2438037513310828e-05,3.0749778412038874e-06,0.362453603328402,0.46515469814052746,-0.05144157918172568,0.00014600561767545538
2007-05-29,0.0010003133241763894,2.2118135159301046e-05,1.0920262656470015e-05,0.0,6.442996051815147e-05,1.7895205602450515e-06,0.5755269329549098,0.24927473624322977,-0.05136471787793888,0.0009010554452822218
2007-05-30,-0.007170353897543249,2.948704146367322e-06,2.6771120424306366e-06,0.0,1.653886580049692e-05,6.890038319506993e-07,0.189524903556645,0.0657526437677175,-0.049999999999999996,-0.007193207583364495
2007-05-31,-0.0007867410714488589,1.9444577619713064e-06,3.4927984874851385e-07,0.0,7.320390837389557e-06,0.0,0.06652184454732143,0.0,0.0,-0.0007963551998969682
2007-06-01,0.0,5.357493184464255e-07,1.290588896371316e-06,0.0,4.169877322726693e-06,5.952380952380952e-07,0.05,0.05,-0.05,-6.5914536327825295e-06
2007-06-04,0.0007161358563521385,5.357493184464255e-07,1.2813804677348445e-07,0.0,4.174048976619989e-06,0.0,0.04928386414364786,0.0,0.0,0.0007112979200102986
2007-06-05,0.0,3.309254334359089e-06,1.1215254643390438e-06,0.0,1.1256537334513847e-05,4.5960105653674787e-07,0.09860648874908681,0.09860648874908681,0.021393511250913176,-1.6146918189748725e-05
2007-06-06,-7.563663079645793e-05,4.106398186969769e-06,2.7186845774192726e-06,0.0,2.4079265081312265e-05,1.1666666666666666e-06,0.18769975762169688,0.24599999999999994,0.05000000000000001,-0.0001077076453088259
2007-06-07,0.0002089363525409897,8.002946984740821e-06,4.530273738943752e-06,0.0,2.8497086609635433e-05,5.263225091620602e-07,0.2830609330108319,0.13842218153922614,0.05000000000000001,0.00016737972269850764
2007-06-08,0.001200264957976689,4.7596041156765006e-06,4.7521995514041564e-06,0.0,2.112508169300772e-05,1.9047619047619045e-06,0.32057433454433726,0.371774599502314,0.051774599502314,0.0011677233107118387
2007-06-11,0.0025773657061955784,2.573904264540757e-06,1.9758826320429947e-06,0.0,5.539807647049736e-06,1.9047619047619045e-06,0.13811703168846903,0.37060552341141817,0.050605523411418135,0.002565371349747183
2007-06-12,0.0008377253599017194,7.689945925990233e-06,6.413435182583463e-06,0.0,2.0829015108138946e-05,2.1428571428571427e-06,0.2933022787664147,0.31,-0.05,0.0008006501065421496
2007-06-13,-0.0008857712314327594,1.0255836325707319e-05,9.285915973490292e-06,0.0,5.173118241874601e-05,3.603912179032532e-06,0.6067605119319388,0.5554572460774654,-0.04999999999999999,-0.0009606480783297355
2007-06-14,0.002889963780439965,1.2298080842716557e-05,6.9241262670715955e-06,0.0,3.7220679988497726e-05,4.026183688724095e-06,0.5569981147190229,0.6981994298528241,0.021800570147175985,0.002829494709652955
2007-06-15,0.0005970622804155462,1.614357774397089e-05,9.948916108127014e-06,0.0,6.949012663229017e-05,2.880952380952381e-06,0.5271955640118997,0.4340784518828452,-0.0499215481171548,0.0004985987075502058
2007-06-18,-0.0005555539869263991,5.882078059509378e-06,4.508053373459983e-06,0.0,2.222889022523486e-05,1.1438172077191392e-06,0.3688700137573257,0.24220008760760642,0.05003879671079101,-0.0005893168257923224
2007-06-19,-6.4142190275393084e-06,6.460440213308405e-06,3.920664087472983e-06,0.0,2.0812875967937373e-05,1.143586274916812e-06,0.18569448775579359,0.20960868899371995,0.017486194807695588,-3.875178557117488e-05
2007-06-20,-0.0010317244940712003,1.3285673405970623e-05,7.708597536049503e-06,0.0,2.7996568793684557e-05,2.7700424039532385e-06,0.5844325424089156,0.515367123864144,0.05000000000000002,-0.0010834853762108582
2007-06-21,-0.0008662230845563597,2.137634081183652e-06,2.1475950623256313e-06,0.0,3.1588036661072197e-06,2.549967949276542e-06,0.14170227624506432,0.4802577531928111,0.05186313771435208,-0.0008762170853152528
2007-06-22,-0.001153239142296736,1.2595139854788809e-05,1.130641642063526e-05,0.0,3.4371351825841416e-05,3.4523809523809523e-06,0.6275304078246842,0.5302069767534412,-0.04979302324655882,-0.0012149644313503823
2007-06-25,0.0018664853155606976,9.095305777204572e-06,5.302475008478865e-06,0.0,2.3845820051888513e-05,1.7840648527820039e-06,0.31653309320076967,0.2497228952673766,-0.05000000000000002,0.0018264576498703436
2007-06-26,0.0011711191121563274,6.670062673430857e-06,5.5004245235936464e-06,0.0,1.5217398536963957e-05,2.109219313783862e-06,0.3399400322994476,0.3065128358109735,-0.047836008904715344,0.001141622007108555
2007-06-27,-0.0013262938425774452,1.489194644633207e-05,1.0755678932963885e-05,0.0,2.8240582194199253e-05,4.4553763383081845e-06,0.631317876054191,0.698503224835775,-0.04999999999999999,-0.0013846374264892486
2007-06-28,-0.0029980511299824773,1.1858626312607709e-05,1.001270945834967e-05,0.0,3.802132496578867e-05,3.962585034013605e-06,0.8081170474498498,0.7157142857142859,0.050000000000000114,-0.0030619063757532368
2007-06-29,-9.270935262600851e-05,1.7768734140209185e-05,1.3931248015376587e-05,0.0,6.930644510688938e-05,3.1012027720606598e-06,0.7650673468908071,0.47148763838093066,-0.04951442732526015,-0.00019681698266054432
2007-07-02,0.0015661060136027683,1.1217340654901063e-05,5.397730477516693e-06,0.0,2.1093446872964193e-05,1.541035766187661e-06,0.37940659625150824,0.24611413901166623,-0.012779869707860811,0.0015268564598311986
2007-07-03,-0.0007286421289394645,2.0348267859773236e-06,1.8111274722970988e-07,0.0,1.3402249853297887e-05,8.571428571428573e-07,0.06432591693389626,0.194,0.05,-0.0007451174611831123
2007-07-05,0.0026350208960378946,5.3734025832625275e-06,1.9326709854524518e-06,0.0,2.1786090255913946e-05,0.0,0.14251973232727316,0.05108370962139633,0.05108370962139633,0.0026059287322132657
2007-07-06,0.0014442682429188349,1.3487065307216493e-06,1.5473963033155139e-06,0.0,6.7573203744056035e-06,0.0,0.05252797786431516,0.0,0.0,0.001434614819710392
2007-07-09,0.0,0.0,0.0,0.0,0.0,0.0,0.0,0.0,0.0,0.0
2007-07-10,0.0,9.838447125691646e-07,1.2129810967908741e-07,0.0,2.0063785032178874e-06,0.0,0.046653119107341316,0.046653119107341316,0.046653119107341316,-3.1115213254661395e-06
2007-07-11,0.00024835909586770795,2.5229530652621687e-06,2.0417100809995078e-06,0.0,5.4558057078341665e-06,7.142857142857143e-07,0.1045028240476638,0.1514043022508728,0.031404302250872825,0.0002376243412993264
2007-07-12,0.0008642568262438268,1.0325754459671117e-05,9.220535865347172e-06,0.0,2.7264989732512928e-05,3.904761904761905e-06,0.4945977456825985,0.6068663047597151,-0.04913369524028488,0.0008135407842815337
2007-07-13,-0.00026511228084110576,9.335281714986846e-06,6.922736709625496e-06,0.0,1.6162941833085682e-05,1e-06,0.4901969051086622,0.11799999999999998,-0.05,-0.0002985332410988038
2007-07-16,0.0006545204384124576,6.251073580885453e-06,3.8142919277641094e-06,0.0,1.629148332612533e-05,2.4289723372978755e-06,0.24069442444796108,0.35803367633302147,-0.05003367633302151,0.0006257346172403849
2007-07-17,0.001052522526863872,6.899325079444556e-06,4.742660493867109e-06,0.0,2.8844688908747313e-05,2.2095038555800853e-06,0.2930952523920995,0.32119664773745427,-0.04999999999999999,0.001009826348526233
2007-07-18,-0.0025344894707395546,1.2009190300111779e-05,8.649169009112753e-06,0.0,6.13422010522464e-05,2.976190476190476e-06,0.5463560271075856,0.44999999999999996,-0.04999999999999999,-0.0026194662215772158
2007-07-19,-0.0004001529079299586,2.3115762233541367e-06,2.578198069044686e-06,0.0,7.735032988189486e-06,1.9183673469387756e-06,0.18016566103859,0.27114285714285713,-0.05114285714285714,-0.0004146960825574857
2007-07-20,0.0024388715016363657,1.114154808601426e-05,4.6986636739510395e-06,0.0,4.433429195631167e-05,2.428571428571429e-06,0.31647078948209867,0.35800000000000004,-0.04999999999999999,0.0023762684264915174
2007-07-23,-7.881543875041738e-05,1.2235678534072508e-05,5.222861327868902e-06,0.0,4.2432970987713054e-05,8.712033599123504e-07,0.36303134349825994,0.19518108223263742,0.04881891776736257,-0.0001395781529599842
2007-07-24,-0.0015368321642440323,8.586565841193315e-06,7.74538304746992e-06,0.0,3.601139058059122e-05,3.465964655994481e-06,0.4226900395498493,0.5331410311035364,-0.049141031103536445,-0.0015926414683692812
2007-07-25,-0.003074614736161008,9.321742587547149e-06,8.85751177784826e-06,0.0,3.162788126118423e-05,5.047619047619047e-06,0.5612771434797853,0.7985904546614313,-0.04940954533856862,-0.0031294694908352064
2007-07-26,-1.6395491923310834e-05,1.2304516325520616e-05,8.30958960993187e-06,0.0,5.975492944323195e-05,6.757211945824044e-06,0.5253129226416924,1.08560580344922,-0.04960580344921983,-0.00010352173924781932
2007-07-27,-0.005861559704947338,4.45010066400304e-05,2.0274401033824685e-05,0.0,0.0001220757289064071,7.623055548655474e-06,1.5063560885934428,1.3338357756211674,0.0531624434470481,-0.006056033897076256
2007-07-30,-0.0014820654389236369,1.4764790658985147e-05,9.094754647332525e-06,0.0,4.2049650747801975e-05,7.31994107935221e-06,0.5409685204396737,1.2800638936153583,0.050313792284187336,-0.0015552945760571087
2007-07-31,0.003232543781132522,3.821645932610575e-05,2.3854115983059974e-05,0.0,0.00012630678649863357,8.621324816922939e-06,1.4884684200883913,1.5002045855719954,0.05182201632894157,0.0030355450945077998
2007-08-01,-0.001435839165874267,4.5301414579479855e-05,3.5663024901707284e-05,0.0,0.00014060101519296734,8.509918691977248e-06,1.9825674470540817,1.382309020488509,-0.047357319763669026,-0.0016659145392403988
2007-08-02,-0.006344053882695073,2.204527469791167e-05,1.3164888224103663e-05,0.0,6.335261952069066e-05,4.76218799692675e-06,0.7882886326054419,0.7495885603563598,-0.050459023127334135,-0.006447378853134705
2007-08-03,-3.811012864749927e-05,3.7581091030427626e-05,2.2683124078789486e-05,0.0,0.00011964484687973493,9.386423321247513e-06,1.690666712073642,1.631073708957869,0.0541545909882869,-0.00022740561395769883
2007-08-06,0.008717513760039692,3.5470251548724204e-05,3.321066818988905e-05,0.0,9.080555630040586e-05,1.1309523809523808e-05,2.003120055574943,1.8662335293684134,-0.033766470631587164,0.00854671776019115
2007-08-07,-0.008110136547893153,7.648710297500107e-05,3.252228224686837e-05,0.0,0.00022897407660250278,1.2226907463039992e-05,2.3201376086170287,2.0986316554667876,0.044511201676069256,-0.008460346917180565
2007-08-08,0.001563484515203718,5.1574310956255616e-05,3.499526026331979e-05,0.0,0.00017474810505204726,8.460484422670194e-06,1.9201313344488442,1.3725847502416104,-0.04877663276698317,0.0012937063545094252
2007-08-09,-0.006422416482239181,3.704690930767147e-05,2.06009029137346e-05,0.0,9.821736619086799e-05,1.1708309039290628e-05,1.2889696996833788,1.9523830204424044,-0.014612898158422205,-0.006589989969690746
2007-08-10,0.028345232340181357,2.8763875798997267e-05,1.383742050402546e-05,0.0,4.781923302337461e-05,1.0830584853790031e-05,0.672900407086225,1.77952770399104,-0.040010551445684606,0.02824398122600117
2007-08-13,0.016130844805431793,3.6644637668868247e-05,1.9678948792584687e-05,0.0,9.817266600136247e-05,1.1920759554963018e-05,1.3755403387675091,2.0622695622099494,0.059581956976162864,0.015964427793414015
2007-08-14,-0.0034877065789810156,3.9161995707193434e-05,2.3697831782983297e-05,0.0,0.00010540718341357372,6.903477864208204e-06,1.3520235657227224,1.212241852070228,0.05245757088325004,-0.003662877067748974
2007-08-15,-0.005238357164848836,1.8450931112906532e-05,1.1250558968047606e-05,0.0,4.649830942797627e-05,4.82544294929046e-06,0.6940269625049775,0.8584931004698484,0.047818684989051174,-0.005319382407307057
2007-08-16,0.0004529106352103212,2.5557279250014828e-05,2.117645881884683e-05,0.0,8.038582279906254e-05,5.221984616001571e-06,1.2645486103753072,0.931041176754667,0.053747761266403266,0.0003205690897263954
2007-08-17,-0.0019870554737049734,1.6435200243570577e-05,1.0492198792794441e-05,0.0,6.372376853274668e-05,4.42861620262668e-06,0.5642302858570939,0.6918606249381861,-0.05214689710309628,-0.002082135257476712
2007-08-20,-0.0026762344477537676,1.5463315237453766e-05,1.0551536242992547e-05,0.0,4.569289144628755e-05,3.4449188376685926e-06,0.752986437919186,0.5294889985200459,-0.049257366208277684,-0.0027513871095181702
2007-08-21,0.001510389435979511,9.652436999388558e-06,4.433605929159777e-06,0.0,3.1238653176949656e-05,2.2640609771672054e-06,0.27802911327735713,0.3689782788319801,-0.011383965332110557,0.0014628006788968459
2007-08-22,-1.1462500368191028e-05,6.316544426506688e-06,4.190009795639831e-06,0.0,1.597379992842134e-05,9.199782794695704e-07,0.2809859181591172,0.16649810470352275,0.011941753752634926,-3.886283279822846e-05
2007-08-23,0.000612199963400328,8.457985196894664e-06,5.825361424574558e-06,0.0,2.8840366658584887e-05,9.972743581082196e-07,0.2841423152721862,0.11754209216218085,-0.05,0.0005680789757621656
2007-08-24,-0.0011812971129839314,1.4785672133470824e-06,4.362827555207765e-07,0.0,4.639353282882598e-06,6.932134496014798e-07,0.06289218532629784,0.1038867433136944,-0.012573116219354214,-0.0011885445296852834
2007-08-27,-5.455353254041818e-05,7.2313818117895195e-06,3.8380493262412425e-06,0.0,3.159161783741735e-05,9.717242531899011e-07,0.3159205769887145,0.2132496745359034,0.05000000000000002,-9.81863057690562e-05
2007-08-28,-0.0017030556167736224,3.5827497551256973e-06,1.8349759419848379e-06,0.0,3.5554268698830774e-06,1.0410571206856575e-06,0.10862761466761883,0.2248975962751904,0.05,-0.0017130698264613017
2007-08-29,0.0003744554932136616,4.665344867709994e-06,4.5093222369801916e-06,0.0,2.1377977802007432e-05,1.2612132385478084e-06,0.2517466215453281,0.22603746752580084,0.014153643449769007,0.0003426416350684161
2007-08-30,-0.0014748072711610446,4.197540218799637e-07,6.298233769140037e-07,0.0,5.8577575334903474e-06,1.2710309371273646e-06,0.03094385427910283,0.21219759641251057,-0.0013356010248866748,-0.0014829856370304564
2007-08-31,-0.000289000952589689,9.040467414186273e-06,6.321280942712975e-06,0.0,3.692974327845605e-05,1.5734383710298245e-06,0.37186171432279136,0.2143376463330105,-0.05,-0.00034286588259607417
2007-09-04,-0.0033081306839185757,6.731811787224724e-07,2.0152066500815743e-07,0.0,2.1276188167620576e-06,1.4688244868415583e-06,0.024424637215151986,0.20558630440692519,-0.04117620938245664,-0.0033126018290659098
2007-09-05,-0.0004608986203472349,4.646850157460133e-06,3.174203735040055e-06,0.0,1.3170538069371749e-05,1.3486326666259915e-06,0.17000642646924746,0.17624943671825608,-0.05032085127491044,-0.0004832388449757328
2007-09-06,-0.001758260444689887,2.2265881444054334e-06,1.1910602215178007e-06,0.0,1.3095408694486093e-05,1.1469708052642754e-06,0.09263450319876748,0.17820740035556343,-0.014483694928834813,-0.0017759204725555605
2007-09-07,0.000633516966951894,1.1740940675396e-06,1.6196148703233606e-06,0.0,5.564817309264923e-06,8.178823432461987e-07,0.09724077947250717,0.10834308818484134,-0.029061145480520044,0.0006243405583615199
2007-09-10,0.0006439003675337691,4.708534764324667e-06,1.8513290669828318e-06,0.0,1.96981832458211e-05,9.256627248203733e-07,0.19796810845935525,0.20622571075730195,0.050714372987479266,0.0006167166577318202
2007-09-11,-0.0010341859685580584,5.282161927070009e-06,2.6751151227393044e-06,0.0,8.13815654016117e-06,3.072129087133765e-07,0.1538386171814594,0.10161176866384725,0.05000000000000001,-0.0010505886150567422
2007-09-12,-2.185830799059494e-05,2.5124911550380643e-06,1.5251961646605994e-06,0.0,4.3311538355669205e-06,0.0,0.08487470675363103,0.038451446498394604,0.038451446498394604,-3.0227149145860525e-05
2007-09-13,-0.00018798809874047653,1.0391681815094929e-06,1.1410094791149146e-06,0.0,3.159200679477002e-06,0.0,0.03826345839965413,0.0,0.0,-0.00019332747708057795
2007-09-14,0.0,0.0,0.0,0.0,0.0,0.0,0.0,0.0,0.0,0.0
2007-09-17,0.0,0.0,0.0,0.0,0.0,0.0,0.0,0.0,0.0,0.0
2007-09-18,0.0,0.0,0.0,0.0,0.0,0.0,0.0,0.0,0.0,0.0
2007-09-19,0.0,1.4176512632355073e-06,1.0894737160274151e-06,0.0,1.319108399564883e-06,4.7533195002075113e-07,0.07498485727498014,0.07498485727498014,-0.004870910328506048,-4.301565328848557e-06
2007-09-20,-1.3986172636943723e-05,1.7311822498031103e-08,3.6181941380658418e-09,0.0,5.787277585957506e-10,4.587533369291084e-07,0.0013916131300253237,0.07357727723297253,-0.003493283371117671,-1.4466434718267524e-05
2007-09-21,-8.993057137195442e-05,1.4183939926943365e-06,1.1895189342410815e-06,0.0,1.3187169632970017e-06,0.0,0.07369549028774314,0.0,0.0,-9.385720126218684e-05
2007-09-24,0.0,7.028428084337414e-07,4.609576073609688e-07,0.0,1.5108357715296678e-06,1.8185248882488052e-07,0.04560118514757256,0.04560118514757256,0.015049967024992632,-2.8564886761492583e-06
2007-09-25,-0.00041200003840267973,1.2415877999360375e-07,1.3275018717410096e-07,0.0,6.589584299263061e-08,1.1653957377107798e-07,0.009690040072683651,0.035439446927193016,0.015860798533651924,-0.0004124393827866111
2007-09-26,0.0006116698580085701,1.4155761569842373e-07,6.366523158227011e-08,0.0,1.3329655287911858e-07,1.3923442091857282e-07,0.008504741114021054,0.04465990255318794,0.021268519838867708,0.0006111921041874917
2007-09-27,0.0007620127121041617,7.202416441385617e-07,9.69056540336589e-07,0.0,1.7774004400084094e-06,0.0,0.04556074940177699,0.0,0.0,0.0007585460134796781
2007-09-28,0.0,0.0,0.0,0.0,0.0,0.0,0.0,0.0,0.0,0.0
2007-10-01,0.0,7.59985766354962e-07,1.8335397575849184e-06,0.0,1.027277390580944e-05,8.372831940321995e-07,0.09066357659740949,0.09066357659740949,-0.05,-1.3703582623781521e-05
2007-10-02,-0.0022661441928837666,5.088865983495306e-07,9.798675820373873e-07,0.0,9.123069862002136e-06,3.771967768952202e-07,0.087742384830354,0.03168452925919849,-0.03168452925919849,-0.0022771332137030507
2007-10-03,-0.0002955055049972719,4.489865503332414e-06,3.219275576154668e-06,0.0,1.2546216475106923e-05,1.0862782924682838e-06,0.16447478789886738,0.13249475313467163,-0.05000000000000001,-0.0003168471408443342
2007-10-04,0.00261137515785689,4.044185490427758e-06,1.2628782785697902e-06,0.0,1.086600508919469e-05,0.0,0.1300120985645421,0.0,0.0,0.0025952020889986977
2007-10-05,0.0,0.0,0.0,0.0,0.0,0.0,0.0,0.0,0.0,0.0
2007-10-08,0.0,0.0,0.0,0.0,0.0,0.0,0.0,0.0,0.0,0.0
2007-10-09,0.0,6.138672538757738e-07,9.89203482457157e-07,0.0,2.642200089964215e-06,4.3081554768315736e-07,0.036188506005385215,0.036188506005385215,-0.036188506005385215,-4.676086373980303e-06
2007-10-10,-0.000958603835774741,1.140579431169601e-07,1.1821005518016508e-07,0.0,2.697561880230894e-06,3.1374920268791773e-07,0.045465405838525035,0.061028162048935256,0.00831829599736508,-0.0009618474148559569
2007-10-11,0.001279269079462619,1.0445299085309655e-05,8.001952479150394e-07,0.0,4.602015603981219e-06,4.859887078858248e-07,0.06198571967066854,0.0986485671195671,0.017002464194748542,0.0012629355808175273
2007-10-12,-0.00029425212697363674,9.15183154534682e-06,3.790628963929757e-06,0.0,2.04357258244279e-05,1.1409569717561032e-06,0.16458988096968102,0.18257585775150176,-0.009104913503523555,-0.00032877127027909733
2007-10-15,0.0025603027406991214,9.714254397290386e-06,4.289315797023462e-06,0.0,2.5698689317757548e-05,0.0,0.18013245957075644,0.0,0.0,0.00252060048118705
2007-10-16,0.0,0.0,0.0,0.0,0.0,0.0,0.0,0.0,0.0,0.0
2007-10-17,0.0,0.0,0.0,0.0,0.0,0.0,0.0,0.0,0.0,0.0
2007-10-18,0.0,5.235232544374815e-06,3.4977484227291227e-06,0.0,1.6406810352096655e-05,1.1216535665034502e-06,0.13843779917257965,0.13843779917257965,-0.05,-2.6261444885704043e-05
2007-10-19,0.0015345597111377385,4.410841499114611e-06,1.9405531785587735e-06,0.0,9.780916367508102e-06,1.0453129728702033e-06,0.22036184602277803,0.22561257944219415,0.05000000000000002,0.001517382087119687
2007-10-22,0.0012798068695206281,6.767027748648418e-06,5.50123160494729e-06,0.0,2.388087280784311e-05,2.0857190782237185e-06,0.36067967669317963,0.4012848113070396,0.050884006165454826,0.0012415720182809655
2007-10-23,-0.0027340080856745816,8.775429498563345e-06,4.23534049542546e-06,0.0,2.448709019693122e-05,1.6999063434835174e-06,0.24542768792075315,0.33476154114826756,0.049177275443036655,-0.002773205852208985
2007-10-24,-0.0016463756393290134,1.061840680730118e-05,6.913960880421091e-06,0.0,3.054762351785681e-05,1.4069259941380794e-06,0.3362333626021683,0.18636356701519735,-0.05,-0.0016958625565287305
2007-10-25,0.0011316668045839732,1.2304697945551362e-05,3.821473434025136e-06,0.0,2.9622343080372358e-05,1.0653768538962627e-06,0.31629124793510033,0.20087876325469145,0.021895451800119304,0.001084852913270128
2007-10-26,0.005612843599274389,2.435894556345098e-06,1.429319033783481e-06,0.0,5.426880960423559e-06,1.1041636552774178e-06,0.12019896877985799,0.23752045665097005,0.052020962564363844,0.00560244734106856
2007-10-29,0.0004083624528766571,9.600446885063058e-06,4.847715224917686e-06,0.0,2.657546551635181e-05,9.218814369438244e-07,0.241379421961414,0.20487608140656255,0.05,0.0003664169438133807
2007-10-30,-0.002202742598897073,3.396884611948147e-06,3.6352068122492726e-06,0.0,1.2429547663163867e-05,9.689281335627238e-07,0.16942929390096811,0.13770060481433052,-0.025079321624207056,-0.002223173166117997
2007-10-31,0.0009598027049447044,6.126079365677823e-06,2.6062943056268454e-06,0.0,3.0091143565491086e-05,2.795231387253691e-07,0.23743547893713945,0.09695988730586201,0.05,0.0009206996645691833
2007-11-01,-0.0061342182439069635,5.8446503255442376e-06,3.432282870226366e-06,0.0,1.1876025889366208e-05,1.3849724920719718e-06,0.22976315382076345,0.27700061341237225,0.04432523474428099,-0.0061567561754841725
2007-11-02,-0.001858611502189713,5.517148077819247e-06,4.189852357780556e-06,0.0,1.0953017681288416e-05,7.614523619437103e-07,0.2591683721930787,0.17792399680654336,0.05000000000000001,-0.001880032972668545
2007-11-05,-0.0013109704528954994,5.476690575146441e-06,2.706028360270676e-06,0.0,8.94648721693766e-06,2.17692683189447e-07,0.15390869352628617,0.08655481006354848,0.04998243928772139,-0.0013283173517310437
2007-11-06,0.0021994613817564786,2.583126794654958e-05,1.9178824175487408e-05,0.0,0.00012875562561722752,6.492266648683465e-06,1.0370680416777103,1.041256515689745,-0.04944428128907702,0.0020192033973685307
2007-11-07,0.004028725108514148,3.202481464605721e-05,1.4979801536106773e-05,0.0,0.0001141785321446423,6.1078787256751516e-06,1.1156834588931197,1.0837180060463205,0.05759438013289468,0.0038614340814616664
2007-11-08,0.00570001960977368,2.1587046677408214e-05,1.1546209094564548e-05,0.0,0.00010607748332534959,4.063966255629732e-06,0.671157608994105,0.7369500510894237,0.054203720143628634,0.005556744904420728
2007-11-09,-0.008007437441807552,2.186851577656397e-05,1.0544887532499826e-05,0.0,6.874996866587387e-05,5.248801889388829e-06,0.6824092929270836,0.9324286335542499,0.05062991613692666,-0.008113849615671877
2007-11-12,0.004895833928229736,3.0515119136032902e-05,1.3153884482601705e-05,0.0,0.0001296160576904509,4.55491484007012e-06,0.789825485244674,0.8152256931317801,0.04999999999999999,0.00471799395208058
2007-11-13,0.00562027533311659,2.8944228367411965e-05,1.79278843601803e-05,0.0,8.143144671881483e-05,3.020488351821923e-06,0.960276508605286,0.5250602192472158,0.017618176141133042,0.005488951285318361
2007-11-14,0.0009377828158487417,1.3130379173251536e-05,8.024282771314481e-06,0.0,4.560257940020959e-05,5.391139611496568e-06,0.6020925061123766,0.9571414416514259,0.05142998692000261,0.0008656344348924696
2007-11-15,0.002184537798300584,3.4665088037774297e-05,1.9784980766395783e-05,0.0,0.00013641673076953407,5.201430389584912e-06,1.015427526845635,0.8258662243113091,-0.047974081138956154,0.001988469568337295
2007-11-16,0.007866077327994579,2.7006394005909925e-05,2.0042559987846162e-05,0.0,0.00010850424337827572,5.126654756878155e-06,1.1997237010700506,0.8117076252443773,-0.04957037391115254,0.007705397475865668
2007-11-19,0.007017683137599951,9.291498003235576e-06,4.809403617221488e-06,0.0,7.88849169207602e-06,2.8288814212299694e-06,0.366777827393315,0.4581704779103992,-0.01708160085623564,0.006992864862866188
2007-11-20,0.0014375608585660258,3.497599629262586e-05,1.8732893653736196e-05,0.0,0.00016138315761669798,6.4880952380952375e-06,1.2554931634218103,1.14,0.0500000000000001,0.0012159807157648705
2007-11-21,0.009319769063340597,3.5151475778919866e-05,1.6687938228919023e-05,0.0,0.00017978576660278235,7.544458124168705e-06,1.0058369560276397,1.320635300928917,0.05316633606857446,0.009080599424605807
2007-11-26,-0.0014258948085299414,3.492723223426352e-05,1.6873952950554553e-05,0.0,8.244599996687536e-05,8.392857142857141e-06,1.087593048226748,1.458668153253598,0.04866815325359841,-0.001568534850824492
2007-11-27,0.004394774634198777,2.7593420575395665e-05,2.0801287363855486e-05,0.0,7.222312251549934e-05,8.324829931972789e-06,1.0902744811612526,1.3505558296236218,-0.0480155989478071,0.004265831973812054
2007-11-28,-0.0025001689103781406,4.20637917344338e-05,2.3763113280981227e-05,0.0,0.00015420575266087558,3.762493631128047e-06,1.3372000497486978,0.5846036870901399,-0.04749524293937213,-0.002723964061685559
2007-11-29,0.0004982736828988096,1.846193439405476e-05,7.66245721182278e-06,0.0,2.8429880369331734e-05,2.7469137001462094e-06,0.4429910214360552,0.4126094459568387,-0.04887205566772435,0.0004409724972234541
2007-11-30,-0.0012907333000044812,7.659471901218894e-06,5.109989087570597e-06,0.0,3.238685604351582e-05,1.767499567077994e-06,0.3285964900097454,0.2488298476935062,-0.04811007957559682,-0.0013376571166038645
2007-12-03,0.0006432094704116974,8.012044916001764e-06,4.165237053243568e-06,0.0,2.704192156835696e-05,3.7242849320566685e-07,0.317722412401867,0.07128399342927601,0.00871600657072398,0.0006036178383808894
2007-12-04,-0.0005619486201403326,1.4610375178419005e-06,1.286950652077623e-06,0.0,1.691793223095434e-06,0.0,0.07016591150340641,0.0,0.0,-0.0005663884015333475
2007-12-05,0.0,7.659975627856874e-07,1.3467119059290114e-06,0.0,2.99773987797896e-06,5.952380952380953e-07,0.05,0.05,-0.05,-5.705687441931754e-06
2007-12-06,-0.00015229524251933268,1.69139310532776e-06,2.390777935558525e-06,0.0,8.072309880888738e-06,1.0242246314482494e-06,0.18616200526977755,0.1360097100272582,-0.03606002805604768,-0.00016547394807255595
2007-12-07,-0.0005209728606169823,3.875633445118479e-06,1.9243120016786735e-06,0.0,1.0130291122448674e-05,1.2746508453375034e-06,0.17492486708579005,0.21863547401424582,0.0044941319975452705,-0.0005381777480315657
2007-12-10,0.0018527438781840596,6.3254309445831585e-06,4.700591660901309e-06,0.0,1.0146593929446125e-05,1.4723064569217825e-06,0.21424654242071867,0.19728510417986517,-0.050062380582994274,0.0018300989551922073
2007-12-11,0.0020834341165229275,1.1826558180191379e-05,4.704093509564729e-06,0.0,7.788695939981622e-05,1.4285714285714286e-06,0.3380239922260288,0.29000000000000004,0.05000000000000002,0.0019875879340047835
2007-12-12,0.0023868510822965786,3.234279462490974e-06,2.533979359411319e-06,0.0,9.774130133493159e-06,1.7142857142857143e-06,0.1565373866915602,0.3346895990172546,0.04668959901725456,0.0023695944076268976
2007-12-13,0.0064263456107856,2.179757957199525e-06,1.3113479909118863e-06,0.0,1.954790992119733e-05,1.0947246203542978e-06,0.09227802459752948,0.23384256534094178,0.049928829121419764,0.006402211870295937
2007-12-14,0.0007877743661338079,1.1918789458706064e-05,4.216400479073879e-06,0.0,3.6275974593223745e-05,5.714285714285714e-07,0.25148091327467614,0.14406476549063532,0.048064765490635306,0.0007347917730313757
2007-12-17,-0.0009113261505623486,6.34265894742284e-06,3.6659781622158345e-06,0.0,1.9124719102470074e-05,1.3717076685673975e-06,0.26641532451329886,0.2804468883193228,0.05,-0.0009418312144430247
2007-12-18,0.00038300245022430837,7.268587150416097e-06,3.3102175536272594e-06,0.0,1.3549097188032328e-05,1.5569198283750133e-06,0.15423939869150183,0.31156253116700217,0.05000000000000002,0.0003573176285038577
2007-12-19,-0.004509844474261662,7.734383658983546e-06,3.874259645107675e-06,0.0,1.913129142894489e-05,1.5476190476190476e-06,0.24178065245829714,0.31,0.04999999999999999,-0.004542132028042317
2007-12-20,-0.0004318531256120406,9.816907800840768e-06,6.6913931153745915e-06,0.0,3.1952360282130574e-05,1.6666666666666665e-06,0.32847925908139763,0.29639968096043146,0.01639968096043153,-0.00048198045347705323
2007-12-21,0.013231011406872191,8.519612724828727e-06,5.150752397790894e-06,0.0,3.706454871521543e-05,1.9102292275073005e-06,0.24233350897945366,0.27045925511061325,-0.05045925511061329,0.013178366263806848
2007-12-26,0.0005344409972042812,5.793072783387033e-06,2.9666912455000385e-06,0.0,1.503922615921846e-05,7.142857142857143e-07,0.1973313962393224,0.07632724577866987,-0.04367275422133012,0.00050992772130189
2007-12-27,0.0016351981776585687,1.4373312489922697e-06,5.551307800606495e-07,0.0,5.196491781316409e-06,0.0,0.07428126071885927,0.0,0.0,0.0016280092238481992
2007-12-28,0.0,0.0,0.0,0.0,0.0,0.0,0.0,0.0,0.0,0.0
2007-12-31,0.0,0.0,0.0,0.0,0.0,0.0,0.0,0.0,0.0,0.0
2008-01-02,0.0,0.0,0.0,0.0,0.0,0.0,0.0,0.0,0.0,0.0
2008-01-03,0.0,0.0,0.0,0.0,0.0,0.0,0.0,0.0,0.0,0.0
2008-01-04,0.0,1.4123429803054675e-05,6.321200313594491e-06,0.0,4.068024430712422e-05,2.6572334617349153e-06,0.4964152215714658,0.4964152215714658,0.05000000000000002,-6.37821078855083e-05
2008-01-07,-0.0024419979410079426,2.3400618708510958e-05,1.9831236662393964e-05,0.0,6.462307967776315e-05,6.607142857142858e-06,1.09198910034248,1.06,-0.04999999999999993,-0.0025564600189137534
2008-01-08,-0.0001426283524943115,2.645336095141195e-05,1.2374470673455916e-05,0.0,7.536543718550551e-05,7.618880499320143e-06,0.9536848456529404,1.3346294305721058,0.05465750668632158,-0.00026444050180400504
2008-01-09,-0.006800741764664892,3.951638192986689e-05,2.1836183198118912e-05,0.0,0.00014474996353830373,5.615876038621503e-06,1.2158293640389242,0.9494355334465364,0.005968358958123997,-0.007012460169369803
2008-01-10,0.010614694468670098,2.6158642635423015e-05,1.2917725843394946e-05,0.0,8.945748685612945e-05,4.462052031578391e-06,0.7512107546821312,0.8009460202225451,0.05132127891737566,0.010481698561303572
2008-01-11,0.0032070594491668747,2.7124103329480832e-05,1.3579762268859419e-05,0.0,9.39572262631473e-05,4.916367919985789e-06,0.7934914843418728,0.8799133900176418,0.05396357946002946,0.0030674819893854012
2008-01-14,0.0028098777465701305,2.03431727960961e-05,1.0205823237810178e-05,0.0,8.444349701747904e-05,2.666666666666667e-06,0.6490513567726924,0.4983472668810289,0.05034726688102893,0.0026922185868520783
2008-01-15,-0.0013436311330237035,2.5275954037800452e-05,1.612907543205682e-05,0.0,7.823434542101373e-05,7.727877215768875e-06,1.1255226548909065,1.3466617506275496,0.04837837837837855,-0.0014709983851303433
2008-01-16,0.00777168166825729,1.3123662220069326e-05,6.972270990317653e-06,0.0,3.722977785217179e-05,8.819724599884615e-06,0.4440143482258495,1.5301849612400378,0.0484712284594222,0.007705536232594846
2008-01-17,0.004343538503017495,2.2930931565061336e-05,1.2708337691301836e-05,0.0,0.00011419085685461489,1.0893368473153904e-05,0.758562828672255,1.8781457682809184,0.04805986479106228,0.004182815008433363
2008-01-18,0.013041128990839274,3.58086243293584e-05,2.2469635175506716e-05,0.0,0.00011128954627825313,4.8761212341139636e-06,1.2208459780032166,0.8714230201559212,0.05223465282477535,0.012866685063822042
2008-01-22,-0.013896599725562255,2.379698921090617e-05,1.2642597179894594e-05,0.0,0.00010331846980027347,7.481475992762993e-06,0.8433088293709667,1.3033493214505207,0.04646135466633816,-0.014043839257746092
2008-01-23,-0.011574563033990968,3.0090985700153432e-05,2.6297794434358232e-05,0.0,0.00012047055085563173,4.338244449673841e-06,1.5522517950084551,0.6798229423393878,-0.04900212520581754,-0.011755760609430784
2008-01-24,0.001341314180194204,2.512968753120109e-05,1.2313830537617135e-05,0.0,4.9562715339608224e-05,4.643467539794024e-06,0.7325225631993519,0.7754212565561599,-0.004681290129236147,0.0012496644792459835
2008-01-25,0.002330303463139202,3.956152943863465e-05,1.7278096835599553e-05,0.0,9.503244339721904e-05,7.014018039185491e-06,1.1901369654321168,1.232497570351398,0.05414253976823602,0.0021714173754285634
2008-01-28,0.0015597525783879749,1.3830888502997497e-05,7.622743178303504e-06,0.0,2.1287698392556356e-05,4.890799895268605e-06,0.4310796443923458,0.8757851599043247,0.05413077749919892,0.001512120448418849
2008-01-29,0.003800763248857579,2.1962936282459746e-05,1.1873344940772255e-05,0.0,2.9924819238997767e-05,1.6617511900680215e-06,0.6484124982554376,0.3303531433945831,0.05117894346315552,0.0037353403972052814
2008-01-30,0.004001373571554602,1.0413844869238808e-05,5.954433019445402e-06,0.0,4.270040535218593e-05,1.256405669537919e-06,0.3260976045371861,0.26346678783821337,0.05239063535584305,0.0039410484826441945
2008-01-31,-0.0010272925265670586,5.6078335860838745e-06,4.907968235634346e-06,0.0,3.331202947708433e-05,1.7039774234829041e-06,0.3252170051989923,0.3351947749507556,0.04892656780562771,-0.001072824335289344
2008-02-01,-0.0012120938344565414,4.007254695487516e-06,3.06414833546444e-06,0.0,2.3967802640392216e-05,1.5514570815338312e-06,0.20612934878595326,0.3117252313817247,0.051080441684040995,-0.0012446844972094195
2008-02-04,0.003880686457007209,5.291932288021826e-06,3.3459786165375256e-06,0.0,1.8971999048479058e-05,1.9452733652054615e-06,0.22243781588317998,0.37802818190310894,0.05122225654859133,0.003851131273688965
2008-02-05,-0.0034351041543929325,9.539404685970306e-06,5.44442148949387e-06,0.0,3.1122647150345015e-05,1.9495668095083122e-06,0.30730970778017896,0.377082429952338,0.04955520595494156,-0.00348316019452825
2008-02-06,0.0008310983588482028,8.986896461132695e-06,4.572829459343402e-06,0.0,2.3006257079562848e-05,6.127599563510036e-07,0.2802146172334609,0.15174113954221935,0.048797466875250786,0.0007939196158918129
2008-02-07,0.0013046287409192003,1.0758628965262078e-05,8.02990741442918e-06,0.0,3.910853948945293e-05,2.6823229292102448e-06,0.3678382429360183,0.3994727174577952,-0.05115753464952587,0.0012440493421208459
2008-02-08,0.001506286427464305,1.4442151682590823e-05,7.3597804718093445e-06,0.0,4.2691323469722065e-05,1.25632753208586e-06,0.46659645920886905,0.16106302539042444,-0.05,0.0014405368443080968
2008-02-11,0.0011210630826155657,8.714438920111453e-07,5.124305365357676e-07,0.0,5.853213752610166e-06,8.421476321547403e-07,0.05066354803962397,0.11239856359826117,-0.02908223860373522,0.0011129838468022539
2008-02-12,0.000415675797313384,3.102993035943968e-06,2.076429056865271e-06,0.0,1.0603264644008432e-05,4.2078783205050775e-07,0.1349930174309681,0.03534617789224265,-0.03534617789224265,0.0003994723227445158
2008-02-13,-0.0004132586402148022,4.548363170511608e-07,9.297453498438936e-08,0.0,1.6910739332338596e-06,0.0,0.035759436532457445,0.0,0.0,-0.0004154975250000716
2008-02-14,0.0,1.5831609539470585e-06,1.1651817055467645e-06,0.0,1.5547775899251545e-05,4.4288757439320503e-07,0.12440511249805844,0.12440511249805844,0.05000000000000001,-1.873900613313857e-05
2008-02-15,-0.0005059209943118854,1.3351112692419673e-06,1.8506821674761385e-06,0.0,1.2703468187886308e-05,0.0,0.11257790544415001,0.032961418681905566,0.032961418681905566,-0.0005218102559364898
2008-02-19,-0.0002104843721128013,4.280442007606894e-07,8.641574499226101e-07,0.0,2.0377744416690685e-06,0.0,0.03275093430979276,0.0,0.0,-0.00021381434820515367
2008-02-20,0.0,0.0,0.0,0.0,0.0,0.0,0.0,0.0,0.0,0.0
2008-02-21,0.0,4.781125410816582e-06,2.544445581512412e-06,0.0,1.824313042977398e-05,7.049491066580872e-07,0.06843144991855864,0.06843144991855864,-0.05,-2.627365052876106e-05
2008-02-22,-0.0008832672595690207,2.8553391191137948e-06,8.813559166218905e-07,0.0,7.795863718398043e-06,7.049181675372061e-07,0.06021678766699333,0.06842625214625064,-0.049999999999999996,-0.0008955047364906915
2008-02-25,0.0003190134211045213,2.857359563256381e-06,3.8844452787468356e-07,0.0,7.334872053345589e-06,0.0,0.06833804374685382,0.0,0.0,0.00030843274496004464
2008-02-26,0.0,0.0,0.0,0.0,0.0,0.0,0.0,0.0,0.0,0.0
2008-02-27,0.0,6.01885240909917e-07,6.792025432659455e-07,0.0,8.30539212795334e-07,2.7287347530499633e-07,0.024079434447220473,0.024079434447220473,-0.021763309404018903,-2.3845004722761927e-06
2008-02-28,0.0003812221751786406,6.018852409099171e-07,8.747387051939659e-08,0.0,8.209179905724864e-07,0.0,0.023675627406206653,0.0,0.0,0.0003797118980766388
2008-02-29,0.0,1.6545293043808309e-06,1.4812740598732528e-06,0.0,6.216878468672557e-06,5.489104301324755e-07,0.061027661792752555,0.061027661792752555,-0.031189290469503347,-9.901592263059116e-06
2008-03-03,-0.0012387631877993587,3.7999742771371835e-08,9.178779395931742e-09,0.0,2.4421453311801427e-09,5.591155861026659e-07,0.0035302997676660546,0.06503366457561122,-0.028897753889636654,-0.0012393719240529598
2008-03-04,-0.001417602461724769,3.87512399463449e-06,1.2075330745884831e-06,0.0,9.887318996916666e-06,8.390294412713585e-07,0.08964658663634589,0.12523381862793007,-0.01572312750565818,-0.0014334114672321801
2008-03-05,-0.0007451775917465239,1.4678526652626896e-06,9.305912691147456e-07,0.0,6.6273812184092665e-06,5.667469848345784e-07,0.053495962999604574,0.07284198192395565,-0.022371511528253514,-0.0007547701638841452
2008-03-06,0.0005931262829304282,8.82521990729093e-06,2.3436946257721184e-06,0.0,3.497467432111284e-05,1.3012115452380181e-06,0.19738018295423948,0.2689169767881534,0.050313437188166395,0.0005456814825310144
2008-03-07,0.0002622374649414358,1.0198050045567193e-05,4.695631843416695e-06,0.0,5.326362079612998e-05,1.4143703016660717e-06,0.18950374981512336,0.26785594489245523,0.030241734212555188,0.00019266579195465584
2008-03-10,0.0012332676328648397,3.452402552930167e-06,1.1922278576252318e-06,0.0,5.735653721437197e-06,1.115126325420045e-06,0.04594593613027002,0.21668889317660628,0.02934767050603873,0.001221772222407427
2008-03-11,-0.0007382485062529201,1.5212180266773925e-05,6.758120737485398e-06,0.0,8.497066907368663e-05,1.3000998908232422e-06,0.27348621006359103,0.1684167816583047,-0.05,-0.0008464895762216893
2008-03-12,-0.00010970472171766787,5.584246415879092e-06,1.7255372037193304e-06,0.0,1.78622614435836e-05,5.952380952380951e-07,0.12385365181882291,0.05,-0.05,-0.00013547200487608798
2008-03-13,-0.0004108232784287807,6.15709018018208e-11,1.876388625135939e-11,0.0,0.0,6.000429333226349e-07,7.21687932744592e-06,0.05040360639910134,-0.05040360639910134,-0.00041142340169689136
2008-03-14,0.0012608813247799763,7.695724554291209e-06,3.915763535463858e-06,0.0,1.6692965586630257e-05,1.3043464207180717e-06,0.22597451490234077,0.1768317898280194,-0.042298408852616584,0.001231272524682873
2008-03-17,-2.1444713414471196e-05,2.6108981807309282e-05,6.3960539192569185e-06,0.0,2.4158564264163553e-05,2.382386308864099e-06,0.5335407341999969,0.4508125438857268,0.05057164399655814,-8.049069971406505e-05
2008-03-18,0.0033629561945690742,5.104486852317658e-06,4.881516110037901e-06,0.0,2.0176401054877013e-05,1.5348010955375997e-06,0.3033695397816727,0.30605510394966634,0.0482085198993496,0.003331258989456304
2008-03-19,0.0020924820297404823,3.0058570064093155e-05,1.1401629393770974e-05,0.0,3.929645287473514e-05,1.182066590436307e-06,0.47881201088200176,0.24825211320365131,0.04966492601035177,0.002010543310817447
2008-03-20,0.0047932902346461935,1.1631504797502965e-05,1.0074874828137624e-05,0.0,4.5171261628930514e-05,3.657329819982601e-06,0.5162606711775712,0.5707188874225692,-0.04371252233450784,0.00472275526357164
2008-03-24,0.00166537707385814,2.1087928752812927e-05,8.211968377295545e-06,0.0,6.301685957798863e-05,3.227142468629055e-06,0.32157295109869294,0.49940575211604543,-0.04275418261363579,0.001569833174681414
2008-03-25,0.003928322844817853,1.4724847346292041e-05,5.774495204578822e-06,0.0,4.208812984094933e-05,1.4090858484633824e-06,0.3538668370505586,0.18826565642183574,-0.048460766120012475,0.00386432628657757
2008-03-26,0.0012843138570235643,5.871706977456043e-06,2.062931072980387e-06,0.0,1.1971899331324026e-05,5.952380952380953e-07,0.14385268791161418,0.05,-0.05,0.0012638120815465657
2008-03-27,0.0005420348706962183,8.564785322126773e-06,1.5890178039246634e-06,0.0,1.7639153961771976e-05,5.404472105318675e-07,0.11456768779792403,0.06510972266862025,-0.025685408700733485,0.000513701466397863
2008-03-28,-6.202775876623152e-06,8.399252405604752e-09,1.3174772834817791e-08,0.0,8.681043334189764e-10,5.40436604700867e-07,0.0004796316836617083,0.06462210642947384,-0.026171243160271817,-6.765654610897861e-06
2008-03-31,4.907304247412194e-05,1.629577195516657e-06,6.055001706354041e-07,0.0,5.934412250009217e-06,0.0,0.06470783403375246,0.0,0.0,4.090355285796066e-05
2008-04-01,0.0,0.0,0.0,0.0,0.0,0.0,0.0,0.0,0.0,0.0
2008-04-02,0.0,0.0,0.0,0.0,0.0,0.0,0.0,0.0,0.0,0.0
2008-04-03,0.0,3.088977754320545e-06,2.245683270364411e-06,0.0,1.656370404366368e-05,8.061274037156017e-07,0.14324385407277523,0.14324385407277523,0.007814450248554173,-2.270449247206424e-05
2008-04-04,0.0002324539359737415,3.088977754320545e-06,2.2174477635326362e-06,0.0,1.669771113243963e-05,0.0,0.14418238086837856,0.0,0.0,0.0002104497993234487
2008-04-07,0.0,7.398140560711697e-06,2.9948407615989858e-06,0.0,8.922739298576812e-06,6.065522744855006e-07,0.066495127584765,0.066495127584765,-0.03540565452879908,-1.9922272895372993e-05
2008-04-08,-0.0006408826197447515,5.768149945254148e-06,1.6375136291342598e-06,0.0,8.10164037481234e-06,5.418177626442482e-07,0.05453459498963048,0.07080726537402104,-0.020218118750212656,-0.0006569317414565965
2008-04-09,0.0011396557801945507,1.5621511080825077e-08,4.935850748652895e-09,0.0,0.0,5.260672462883107e-07,0.0018984041340972674,0.07119923854051535,-0.017180058835920838,0.001139109155586433
2008-04-10,-9.61878317243872e-05,1.0806602410669884e-05,7.96872223869547e-07,0.0,6.069640242493892e-06,0.0,0.07136765938357072,0.0,0.0,-0.00011386094660142052
2008-04-11,0.0,0.0,0.0,0.0,0.0,0.0,0.0,0.0,0.0,0.0
2008-04-14,0.0,0.0,0.0,0.0,0.0,0.0,0.0,0.0,0.0,0.0
2008-04-15,0.0,1.0947683315699353e-06,8.304028506687023e-07,0.0,2.1503314262400846e-06,2.881296612087658e-07,0.027887149932755716,0.027887149932755716,-0.02051863315031693,-4.363632269687488e-06
2008-04-16,-0.0005785443759258217,3.625466676301298e-09,1.1182026869716091e-08,0.0,0.0,2.962036242426378e-07,0.0004438930761796402,0.028221138270340757,-0.021541070602422392,-0.0005788553870436104
2008-04-17,-0.0005404560617120173,8.987825280799495e-09,2.865251290829273e-09,0.0,0.0,3.0269445726986823e-07,0.001102019727242028,0.029873161884445477,-0.020979506936892378,-0.0005407706092458587
2008-04-18,0.00019297539446697624,3.6226616376850016e-06,3.0552722055306887e-06,0.0,2.4689518549557193e-05,1.54509438778375e-06,0.2290013970314096,0.249787928573835,-0.009787928573834995,0.0001600628476864196
2008-04-21,0.0002099903155981528,3.6388478487557352e-06,2.8206935327562206e-06,0.0,1.6345429173734525e-05,4.789055262393082e-07,0.17929016554449695,0.0702280642041019,-0.010228064204101883,0.000186706439516667
2008-04-22,-0.0004740623165842069,1.011409827681103e-06,9.524196903733603e-07,0.0,5.067542616409915e-06,0.0,0.06939703207306161,0.0,0.0,-0.00048109368871867127
2008-04-23,0.0,8.039390768911465e-06,4.310687022900763e-06,0.0,3.3723781588903985e-05,1.1904761904761904e-06,0.15000000000000002,0.15000000000000002,-0.05,-4.72643355711924e-05
2008-04-24,-0.003216995400641387,4.547558329686437e-06,3.7549111599087645e-06,0.0,2.9201570575558183e-05,2.5e-06,0.2432169954006414,0.37,-0.04999999999999996,-0.0032569994407065403
2008-04-25,0.0023096921409473574,6.34908970101355e-06,3.0372802329263262e-06,0.0,2.9159082829869238e-05,1.5693463676115086e-06,0.21701385547405672,0.21365018975873337,-0.05,0.0022695773418159367
2008-04-28,4.364944561869644e-05,1.0337654243915741e-05,3.4007803129994483e-06,0.0,4.8735742021290895e-05,4.735263702562264e-07,0.2435078315786154,0.09977621510152301,0.020223784898476982,-1.9298257329765878e-05
2008-04-29,-0.00011027484922715443,5.482249760168458e-06,3.0470769164479078e-06,0.0,2.9046133969166238e-05,5.450194717462773e-07,0.19647569904489692,0.10578163562668728,0.014218364373312711,-0.0001483953293446833
2008-04-30,-0.0006366275518955301,3.0140580796566417e-06,3.5577241972225967e-06,0.0,3.2963619346507195e-05,7.142857142857143e-07,0.2145830020894312,0.10998065930885835,-0.010019340691141645,-0.0006768772392332022
2008-05-01,0.0011756675589907127,1.1162843694966801e-05,6.4274155009780626e-06,0.0,7.576019943534498e-05,2.1428571428571427e-06,0.3188436731321509,0.30999999999999994,-0.05000000000000002,0.0010801742432165657
2008-05-02,0.0020070087038509274,9.918156171984413e-06,5.343259896956448e-06,0.0,4.165061920379336e-05,2.5e-06,0.2825775329191326,0.37,-0.04999999999999999,0.0019475966685781932
2008-05-05,0.0027279930420486616,7.5807794811573735e-06,3.4561885605406497e-06,0.0,2.9341825901906153e-05,2.0996641036107483e-06,0.243121045990575,0.3031700256787686,-0.04957354372783698,0.0026855145840014466
2008-05-06,0.00020565892560886243,8.36951753446126e-06,3.229838281503454e-06,0.0,3.703865125300538e-05,6.928887598418386e-07,0.20217781894211379,0.10213207459360782,-0.014273237059821087,0.0001563280297800505
2008-05-07,0.00024937742679340363,4.274956002049982e-06,1.2339191415428042e-06,0.0,5.502318395797979e-06,0.0,0.10031857307970757,0.0,0.0,0.00023836623325401287
2008-05-08,0.0,4.74618101375169e-06,2.3168816221019745e-06,0.0,1.222964879434763e-05,5.952380952380952e-07,0.05,0.05,-0.05,-1.988794952543939e-05
2008-05-09,0.0009519547006132423,5.478584755623898e-06,2.575249177784056e-07,0.0,1.8060547776394895e-05,1.1904761904761903e-07,0.09904804529938675,0.06999999999999999,0.05,0.0009280389955443975
2008-05-12,-2.0199630336892302e-05,8.88471547389027e-10,2.9028364514181134e-10,0.0,0.0,1.1904761904761908e-07,0.0001116475558237736,0.07009144792548688,0.05009144792548688,-2.031985671113245e-05
2008-05-13,-0.000601481411853339,8.973361038124858e-07,1.224945096139054e-06,0.0,2.0962715133154327e-05,6.35399002571462e-07,0.04337152676011899,0.11286547218552016,0.006118439753514549,-0.0006252018071890164
2008-05-14,0.0030823173146926567,6.56164765114978e-09,1.2241998219641892e-08,0.0,2.52624608327638e-09,6.095756969636979e-07,0.0005093636417109124,0.11120435854495062,0.008795641455049373,0.003081686409103739
2008-05-15,-0.00042860186634742763,8.99843214109616e-07,1.0824569706937496e-07,0.0,2.0079115820438854e-05,1.1904761904761903e-07,0.04163296041129806,0.06999999999999999,0.05,-0.0004498081186980931
2008-05-16,5.083372470047642e-05,8.869128198797897e-07,1.6165014856760616e-06,0.0,6.173131029898205e-06,0.0,0.07007043964568861,0.0,0.0,4.215717936502236e-05
2008-05-19,0.0,0.0,0.0,0.0,0.0,0.0,0.0,0.0,0.0,0.0
2008-05-20,0.0,0.0,0.0,0.0,0.0,0.0,0.0,0.0,0.0,0.0
2008-05-21,0.0,1.2365440635691066e-05,5.870329384622538e-06,0.0,1.0453404060243402e-05,1.4285714285714286e-06,0.2316958139870019,0.2316958139870019,-0.008304186012998108,-3.0117745509128436e-05
2008-05-22,0.00025181092895954307,6.151942895010868e-06,2.148845239643198e-06,0.0,6.03657532540064e-06,4.761904761904761e-07,0.15694604654970273,0.07452033147107735,-0.005479668528922635,0.0002369973750232979
2008-05-23,5.621317675399122e-05,7.468801190994282e-06,1.4905487633973014e-06,0.0,1.5055066205534957e-05,6.338590385466379e-07,0.15106486312366652,0.15648831847583516,0.049999999999999975,3.156490155551805e-05
2008-05-27,0.0015626882357565482,1.3129143895583102e-05,4.2919715779713506e-06,0.0,1.8151148700696677e-05,0.0,0.15914955178818166,0.0,0.0,0.0015271159715822972
2008-05-28,0.0,1.9632354240640957e-06,3.6190872348821504e-07,0.0,7.655674649333308e-06,9.94679098586389e-08,0.06671060885625134,0.06671060885625134,0.05,-1.0080286706744258e-05
2008-05-29,-0.0005870573879850711,1.622398949968886e-05,2.1807954289659537e-06,0.0,2.6833791194753602e-05,9.072286508795904e-07,0.1278100000169328,0.1940173559428533,0.041602942595082126,-0.0006332031927593592
2008-05-30,-0.0005579430166340178,2.6408000928566738e-05,8.936018514769552e-06,0.0,9.534974003663469e-05,1.1904761904761904e-06,0.3822788980686672,0.25,0.05,-0.0006898272523044649
2008-06-02,-0.0004783765141284683,3.7841345664372733e-06,3.107917442559929e-06,0.0,1.1707192075917727e-05,1.380235476808677e-06,0.09490696347447426,0.18793978005192888,-0.04393978005192886,-0.0004983559936901919
2008-06-03,0.0029602369031351515,4.76686408456162e-06,3.0566602498205026e-06,0.0,1.4332916902148453e-05,2.0811292873757056e-06,0.23005330413856728,0.35481486013955926,0.005185139860440724,0.0029359993326112453
2008-06-04,-0.0018320048014947698,8.097176450266418e-06,4.520931552939105e-06,0.0,4.614703457641584e-05,1.3846344494883854e-06,0.23372276836132527,0.23630929375702436,0.0036907062429756138,-0.0018921545785238795
2008-06-05,0.0031090966744980538,6.123928283534689e-06,5.333903153794395e-06,0.0,2.246126828473601e-05,2.4343442947304788e-06,0.28239109075432256,0.3635490466744727,-0.04542079484024781,0.0030727432304812584
2008-06-06,0.0034625782291079358,2.538225282484191e-05,9.098146635301759e-06,0.0,4.9115589121751355e-05,3.2657008967689215e-06,0.7250293848470932,0.6043188753285893,0.05568112467141054,0.0033757165396292718
2008-06-09,0.0016340811784883735,1.2011060803275023e-05,6.261590953471672e-06,0.0,2.9623344584543415e-05,3.7705626499077837e-06,0.35632171659507805,0.6867272625922538,0.05327273740774616,0.0015824146194971756
2008-06-10,0.003816318937736582,2.638186242634557e-05,1.4602230929482963e-05,0.0,4.5738961833286724e-05,7.142857142857143e-07,0.7009758932032845,0.16999999999999998,0.049999999999999996,0.003728881596833181
2008-06-11,0.0013718876701187294,8.636050551104987e-06,2.8475946798983538e-06,0.0,1.7646789877060013e-05,7.142857142857143e-07,0.18388701427344156,0.16999999999999998,0.05,0.0013420429492963803
2008-06-12,-0.002107829502749512,2.8570508315226793e-05,7.236966659534932e-06,0.0,5.440297136249509e-05,1.857142857142857e-06,0.3819245171710624,0.3613735151920669,0.04937351519206687,-0.002199897091943912
2008-06-13,-0.004497791015684682,1.645790154902467e-05,1.3804009494943355e-05,0.0,7.605791922749651e-05,6.28410404024331e-06,0.7380762635876315,1.0060239283556593,-0.0497055504052169,-0.00461039494999639
2008-06-16,-0.0010305358590147829,2.451618346921851e-05,1.2104565911310722e-05,0.0,7.929828742733389e-05,2.8258214398139534e-06,0.7157940166168753,0.4249606204869599,-0.04977738140178434,-0.0011492807172624598
2008-06-17,-0.0033114569995766475,1.7776059076237196e-05,8.189914583589367e-06,0.0,4.443336687553082e-05,1.921768707482993e-06,0.5283024411334236,0.27285714285714285,-0.05,-0.0033837781088194878
2008-06-18,-0.004119071765427498,9.887201891627957e-06,4.8111550434279035e-06,0.0,2.4018711488407567e-05,0.0,0.26684769672117803,0.0,0.0,-0.004157788833850961
2008-06-19,0.0,4.178237822909164e-06,4.1340977290392e-06,0.0,2.020494352202793e-05,1.5714285714285717e-06,0.22490610209674022,0.22490610209674022,-0.03909389790325979,-3.0088707645404867e-05
2008-06-20,0.00015792917032895408,4.055327376713559e-06,1.8792560508348301e-06,0.0,2.0489533597306385e-05,1.5714285714285717e-06,0.1710888555605917,0.26997517570647744,0.005975175706477463,0.00012993362473267072
2008-06-23,0.0013168142245877886,7.043938188057983e-06,2.9068245326452493e-06,0.0,4.383758391604604e-05,7.708558766293329e-07,0.2108790013409485,0.16075189363686396,0.03124810636313604,0.00126225502207441
2008-06-24,0.0012866210043879641,1.2337904148502387e-05,7.2914920292163705e-06,0.0,6.754882606160817e-05,3.810010734073383e-06,0.528817711085523,0.6930466220405818,0.05296481871625347,0.0011956327714145638
2008-06-25,0.0040309915421263475,2.3904316045975703e-05,1.0946183172229597e-05,0.0,8.326089425645884e-05,3.8398087678181426e-06,0.5331279780550238,0.6993027123783963,0.05421483938494817,0.003909040339883865
2008-06-26,0.00313688993777957,1.4659389423679157e-05,6.531599249999617e-06,0.0,5.901650648913037e-05,2.0662158080948626e-06,0.3928646323847969,0.3960247683371338,0.04890051257719685,0.003054616226808666
2008-06-27,5.9750908031719565e-06,1.0147289014306048e-05,4.0424289842234275e-06,0.0,2.7911128454312553e-05,1.568389348057782e-06,0.20725941646562177,0.3142183295278963,0.05072891905418894,-3.7694144997727856e-05
2008-06-30,0.002238706269623466,9.35158095468983e-06,6.763228558572083e-06,0.0,6.366380294508719e-05,3.9890309153169215e-06,0.4737054279380031,0.7229911916377267,0.052833997864483784,0.0021549386262497998
2008-07-01,-0.00031701825615236664,1.7460203172672184e-05,1.4336833323787109e-05,0.0,5.212364983606841e-05,1.9285714285714285e-06,0.7655904563981043,0.2737058823529412,-0.05029411764705883,-0.00040286751391346577
2008-07-02,0.0021645590836871864,1.6213642389741558e-05,6.4906259501008575e-06,0.0,7.534977406126909e-05,1.516004520110803e-06,0.49647945042560165,0.30597340952153085,0.05128465014291596,0.002064989036765964
2008-07-07,0.0001780456745045956,2.8274614469174026e-05,1.221314661137015e-05,0.0,5.705721917249175e-05,6.127335635080164e-06,0.8513789456135479,1.0805613126138949,0.05116892592042732,7.43733586164795e-05
2008-07-08,0.004402678662002124,3.3148925978546324e-05,2.039991552481055e-05,0.0,8.524898958775048e-05,3.923285103455704e-06,1.098753080011965,0.7126877127469424,0.05357581536638417,0.0042599575458075615
2008-07-09,-0.0013685581206701542,2.603950853563085e-05,1.0567556708140042e-05,0.0,0.00011927035922454043,3.1033418264884207e-06,0.5599653011295372,0.5696247429568908,0.04826331610683617,-0.001527538886964954
2008-07-10,0.008456539368899748,3.0238216481539106e-05,1.9297847108073942e-05,0.0,0.00011797104976927694,5.1975778993363945e-06,1.019650233045027,0.8225309215266865,-0.050662165561827954,0.008283834677641521
2008-07-11,0.0027619404794081946,1.6734200185178305e-05,7.747468404628953e-06,0.0,5.206888002111223e-05,3.036790155145255e-06,0.5425192942851292,0.5597687749693319,0.04958802890492911,0.00268235314064213
2008-07-14,0.004559769083651855,2.9997087580243358e-05,1.65972153410394e-05,0.0,0.00010115669344355834,4.874735871303658e-06,1.1690476786482913,0.8694778131895071,0.05052218681049275,0.00440714335141571
2008-07-15,0.0027626567914032173,5.5253922095868066e-05,1.8172782270244785e-05,0.0,0.00024807384445205854,8.355734225114733e-06,1.134747313798476,1.4529955682566658,0.04923221843739056,0.002432800508359931
2008-07-16,0.03400125249757555,4.802208752568525e-05,2.6155029980271605e-05,0.0,0.00016927045641800258,5.445578231292517e-06,1.4281531945812347,0.9678362341434099,0.052979091286267044,0.0337523593454203
2008-07-17,0.034891182182431875,3.9176768406555296e-05,2.051135742949473e-05,0.0,0.0002329688892520264,4.1287890206167185e-06,0.8861142933924339,0.6483544835682563,-0.04528207189535213,0.034594396378323185
2008-07-18,-0.0006310451432455593,1.4262863711513418e-05,7.6269939510778506e-06,0.0,4.08345740033978e-05,3.3276731383570626e-06,0.44281019421310497,0.5093701105962435,-0.049678976647742706,-0.0006970972480499054
2008-07-21,-0.0016131932539353265,2.023265473736219e-05,1.0891201305155826e-05,0.0,6.182930921139644e-05,3.059870005030552e-06,0.5915442059213042,0.4650800843299543,-0.04897807651517849,-0.0017092062891942714
2008-07-22,0.0011406648096820603,9.18385908166507e-06,4.508895848004423e-06,0.0,1.7579664035899288e-05,3.380297711824655e-06,0.258782632044802,0.5169969860878693,-0.050893029498672804,0.0011060120930046669
2008-07-23,0.0022226542391009766,7.929321781204753e-06,3.6173018972044065e-06,0.0,1.6726576500686086e-05,2.4155805538834497e-06,0.22210790866186922,0.35440663320852184,-0.051410899843897684,0.002191965458367998
2008-07-24,0.0014820202015818655,6.992722212119125e-06,3.1667833521383625e-06,0.0,1.1802841920388442e-05,2.263098188345533e-06,0.21841853677300915,0.33301458009254625,-0.0471859155495032,0.001457794755908874
2008-07-25,-1.2176886037470512e-05,2.1567294079974252e-05,1.2603721421341993e-05,0.0,0.00010905891115549708,3.833094223170192e-06,0.6959244841286913,0.6344740172216665,-0.009485812270925736,-0.00015923990691745404
2008-07-28,0.00674767355350507,1.772507599270141e-05,7.727736456954127e-06,0.0,0.00010990083605056416,1.4084881041520193e-06,0.5899926422364425,0.28662600149753914,0.04999999999999999,0.0066109114169006986
2008-07-29,-0.000921035789988419,1.2398107384558323e-05,8.735108757231008e-06,0.0,3.6587678587738776e-05,2.3738664050702036e-06,0.41585396576895584,0.35089458958827957,-0.04791496646351463,-0.0009811305511230174
2008-07-30,0.0017058514744115031,7.350582222809981e-06,3.516315072705e-06,0.0,2.3083474767446744e-05,1.237776993016422e-06,0.22652580707658787,0.15530738056244875,-0.052639154264310144,0.001670663325355525
2008-07-31,0.0010005522276988245,5.253824503516959e-06,2.5106932058563077e-06,0.0,2.040298057610461e-05,1.0820538312043796e-06,0.2280052613009849,0.1894538829755314,0.007668839333195593,0.0009713026755821422
2008-08-01,-0.002362400484187201,5.494130407214413e-06,2.1597669983424685e-06,0.0,1.909176225140629e-05,0.0,0.15640828003953589,0.05,0.05,-0.002389146143844164
2008-08-04,-0.0011860215278031638,2.7780763516392507e-06,7.761537303948792e-07,0.0,4.147503088529968e-06,2.2368116457734434e-08,0.05069290025464654,0.05375784356489939,0.05,-0.0011937456290901857
2008-08-05,0.002022605973815433,7.433230655184102e-06,4.7136431569999405e-06,0.0,2.3101235738214768e-05,1.4676027048978297e-06,0.2147167140612491,0.21791287461982645,-0.028644379803008956,0.0019858902615601365
2008-08-06,-0.00267704019086884,3.463481798687492e-06,2.992710026749111e-07,0.0,1.6446923570656657e-05,1.4995187950912791e-06,0.08944003599824721,0.3041594376581315,0.05224028008279666,-0.0026987493860359505
2008-08-07,-0.0066058163995421785,8.753020649960472e-06,5.332090103823541e-06,0.0,3.176456585046023e-05,1.6335383665733864e-06,0.2539333141686041,0.254325925000746,-0.02010852058358288,-0.006653299614512996
2008-08-08,-0.0018543814853944909,2.2612878253060856e-06,1.782082636778111e-06,0.0,5.0657203093730675e-06,1.6956011353976783e-06,0.11717308962313301,0.2595262532770527,-0.025334737469757222,-0.0018651861773013457
2008-08-11,0.002100670321572054,2.7552329688148415e-06,1.6201281872452519e-06,0.0,1.1274054286919599e-05,8.323968955426071e-07,0.14042613709375043,0.16540207949047114,0.025559401039313163,0.0020841885092335315
2008-08-12,-0.0010320639999898157,8.380290228269551e-06,4.127832755618694e-06,0.0,2.1383424913143914e-05,1.3270376320527366e-06,0.17457327481211693,0.24669788443181928,0.02375556224695955,-0.0010672825855189006
2008-08-13,0.0031392468747712112,1.2242319194888512e-05,8.878982049666719e-06,0.0,2.4805110782939267e-05,3.5068358424956128e-06,0.4350649643795116,0.5411313459287366,-0.048017075610526316,0.0030898136269012213
2008-08-14,-0.0012421641855008846,1.1403965223221122e-05,3.5370569297475747e-06,0.0,3.34474726498129e-05,2.252408793481358e-06,0.2867817932016903,0.38203247931434764,0.003627802009479486,-0.0012928050890971476
2008-08-15,-0.0003946833867136868,9.631624448166206e-06,5.667729740448264e-06,0.0,1.4320883433539832e-05,3.194551206842313e-07,0.3572142282892361,0.029936806753118564,-0.02373165352183229,-0.00042462307945652535
2008-08-18,-0.0001579649208103867,1.0507136784767222e-06,1.4751769143848545e-07,0.0,3.452847457151524e-06,0.0,0.030009288465168173,0.0,0.0,-0.00016261599963745342
2008-08-19,0.0,0.0,0.0,0.0,0.0,0.0,0.0,0.0,0.0,0.0
2008-08-20,0.0,0.0,0.0,0.0,0.0,0.0,0.0,0.0,0.0,0.0
2008-08-21,0.0,0.0,0.0,0.0,0.0,0.0,0.0,0.0,0.0,0.0
2008-08-22,0.0,0.0,0.0,0.0,0.0,0.0,0.0,0.0,0.0,0.0
2008-08-25,0.0,0.0,0.0,0.0,0.0,0.0,0.0,0.0,0.0,0.0
2008-08-26,0.0,0.0,0.0,0.0,0.0,0.0,0.0,0.0,0.0,0.0
2008-08-27,0.0,0.0,0.0,0.0,0.0,0.0,0.0,0.0,0.0,0.0
2008-08-28,0.0,0.0,0.0,0.0,0.0,0.0,0.0,0.0,0.0,0.0
2008-08-29,0.0,0.0,0.0,0.0,0.0,0.0,0.0,0.0,0.0,0.0
2008-09-02,0.0,7.159760424846643e-06,3.985445094169105e-06,0.0,2.8385471452842003e-05,1.1251344635127844e-06,0.19323926186577506,0.19323926186577506,0.004216671995627294,-4.065581143537054e-05
2008-09-03,-0.002850880080364876,5.1987902344858895e-06,1.9171945008893143e-06,0.0,2.908437894344247e-05,9.626853904637023e-07,0.12012707002425665,0.15665707445137722,-0.00507407114652475,-0.0028880431294341573
2008-09-04,0.0023039898571849647,9.176479529990982e-06,3.2391498247917055e-06,0.0,2.834754543222734e-05,8.877182520864037e-07,0.27135241435632557,0.19913666635051583,0.05000000000000002,0.002262338964145868
2008-09-05,-0.003114379566303466,3.390808749949202e-06,1.8924902241850955e-06,0.0,3.8378445557297145e-06,1.0521997718646681e-06,0.05333477616306482,0.18511108822378175,0.008341526550517495,-0.0031245529096051946
2008-09-08,0.00015540614290124912,9.738449341209256e-06,6.372602458188481e-06,0.0,5.6879029079049656e-05,2.023086739503025e-06,0.3553579830326992,0.3132668848972024,-0.02661168733930576,8.039297528329871e-05
2008-09-09,-0.0011542993078903334,1.2908483999019088e-05,7.747180242116002e-06,0.0,5.947762879084583e-05,3.2194225163169097e-06,0.6083145827971853,0.591846535474307,0.050983552733066234,-0.0012376520234386311
2008-09-10,0.007681390090969774,1.010176668096227e-05,3.861054662479741e-06,0.0,2.3182170522604984e-05,3.778973646873616e-06,0.2193423530833776,0.6917744721465232,0.056906899471755784,0.0076404661254568535
2008-09-11,0.0018690004626429014,2.861560094543459e-05,1.8755533345368144e-05,0.0,5.357606430808341e-05,4.9911403250282325e-06,0.9866450089092866,0.7899333829247415,-0.04857819168000144,0.001763062123718987
2008-09-12,0.0014040845846010617,2.5160110899751354e-05,1.1871849758523428e-05,0.0,7.546056660308544e-05,1.4686483551798316e-06,0.6890254766957744,0.19772651866607693,-0.04900640500413485,0.0012901234089845216
2008-09-15,-0.0026125339866272194,1.0121906873509154e-05,2.7771332313060694e-06,0.0,2.1958456059643838e-05,1.519758401041908e-06,0.27610029299147937,0.3065512867458703,0.051231875370829724,-0.00264891124119272
2008-09-16,0.00016384651989566365,1.3704676691963165e-05,8.595217337118286e-06,0.0,2.7290724111940813e-05,2.4555830367720563e-06,0.46299732896433526,0.4591458034228083,0.04660785324510287,0.00011180031871786932
2008-09-17,5.1446545786244665e-05,2.6032940869033444e-05,9.533225144675842e-06,0.0,5.516630822228122e-05,2.651464026143977e-06,0.656519094292144,0.500300099086932,0.054854142694744035,-4.193739247588982e-05
2008-09-18,0.007217884747608895,2.352855536406313e-05,1.1685286845373903e-05,0.0,9.543207049270858e-05,3.860495535744133e-06,0.6340286309064046,0.6749419857370701,0.026378735732055722,0.007083378339371005
2008-09-19,0.016993881622811815,5.007335990035446e-05,1.7705707800939753e-05,0.0,0.00011715323293743632,6.954202281294132e-06,0.8859427037057168,1.2015910304685733,0.03328504721115885,0.01680199511989179
2008-09-22,-0.0034066339279591657,4.9881919452668454e-05,1.7220848370254453e-05,0.0,0.00011679097390959976,6.435927783528826e-06,0.9693056888263771,1.136181236959149,0.05494536932630617,-0.003596963597475217
2008-09-23,0.006724593065820567,3.548797749727456e-05,1.8063852526281052e-05,0.0,9.839537016841434e-05,1.9586898221346424e-06,0.940093775607026,0.37905989011861996,0.050000000000000044,0.006570687175806463
2008-09-24,-0.0005727784877346305,1.2520851893457781e-05,8.261971447808087e-06,0.0,2.033406287335934e-05,1.4790994505770612e-06,0.4616710536017709,0.29771179390037994,0.04922308620343375,-0.0006153744733998327
2008-09-25,-0.0002035154340653703,1.2456495682565368e-05,5.476209763733514e-06,0.0,4.296502113145943e-05,1.5938087888932416e-06,0.30366392136378045,0.2944638164869302,0.02670393995286572,-0.00026600696943202185
2008-09-26,0.003212558252643057,1.1074546304776538e-05,6.798696833764222e-06,0.0,4.407939360151912e-05,7.592725507049077e-07,0.31116703871174956,0.07796968830586205,-0.04958810021256246,0.0031498463433522923
2008-09-29,0.006698436302519099,8.577064507545235e-06,2.8085576273241525e-06,0.0,1.8055237810397336e-05,1.3146751301852756e-06,0.21637727775133858,0.23002779768040466,0.009162375809278325,0.0066676807674436464
2008-09-30,0.001198500083697985,2.3480976594430587e-05,1.2895990094169117e-05,0.0,7.99521363983536e-05,3.1809807384245722e-06,0.6208817630339691,0.5009886266989446,-0.033416137356383435,0.0010789899998726073
2008-10-01,-0.008173935070073447,1.1064858585085872e-05,4.576603718928268e-06,0.0,4.30803945047492e-05,2.431076417859856e-06,0.29756279544829456,0.3637872605647669,-0.04463357763568896,-0.00823508800330007
2008-10-02,-0.0009759004981909417,8.81117669753922e-06,3.4305343993191874e-06,0.0,2.4802805262006535e-05,1.8099860690460085e-06,0.25283295098430275,0.30432794730447066,0.0002502877047412602,-0.0010147550006188526
2008-10-03,-0.0010950862054963718,2.5896858462932e-05,1.097170267677383e-05,0.0,5.207478839187637e-05,2.4544966384183714e-06,0.4150120531845104,0.3896116932315577,-0.022743742022728733,-0.0011864840516663724
2008-10-06,-0.0019503630971136683,1.8671457992472355e-05,9.513271250771332e-06,0.0,5.34993145498801e-05,4.498695287593642e-06,0.5625355734770296,0.7868563068274602,0.031075498511728167,-0.0020365458361943857
2008-10-07,0.003764648711635318,3.0702731639982904e-05,9.76339363838682e-06,0.0,5.984404888664066e-05,2.8552680114140645e-06,0.670216772320757,0.5293372171838117,0.04965219126624865,0.0036614832694588937
2008-10-08,0.003448278615997978,3.072836026525743e-05,1.1383752237662118e-05,0.0,5.33908182790724e-05,4.616923148630923e-06,0.7466774906970732,0.8256430889699952,0.0500000000000001,0.003348158762067355
2008-10-09,0.002408656113077274,3.087666452452363e-05,1.0252414240271541e-05,0.0,7.696636602779308e-05,5.483851488831912e-06,0.5417806721540305,0.9764285663767179,0.0551415162529566,0.0022850768167958536
2008-10-10,-0.009877722365893949,2.3020493400963346e-05,9.966500446986642e-06,0.0,5.839579965787162e-05,4.64485525789348e-06,0.547506186061345,0.8241416568197517,0.04380597349364718,-0.009973750014657664
2008-10-13,0.00029686645942991047,4.728875277650573e-05,2.617659858162278e-05,0.0,0.00013846298280961028,6.204712534451386e-06,1.3205483274079899,1.0110418180056264,-0.031349887782206154,7.873341272772029e-05
2008-10-14,0.00186503457030314,1.8199417277750323e-05,7.817540469726987e-06,0.0,6.612465208434047e-05,5.297170901016982e-06,0.3809924882139563,0.843264532669318,-0.04666017870153491,0.0017675957895703052
2008-10-15,0.014712390943776459,4.530215688039349e-05,1.3061132872549026e-05,0.0,0.000153558379194614,3.867129209054468e-06,0.9364215244541383,0.7342151033183881,0.08453739619723757,0.014496602145619847
2008-10-16,7.437631910457292e-05,4.089699339227101e-05,1.846007141851002e-05,0.0,0.0001353762823953111,2.4322375359757956e-06,0.8044551560336761,0.3682420361220717,-0.04037386992186187,-0.00012278926563749498
2008-10-17,0.007965402051031977,2.0443751403281566e-05,6.092389193631741e-06,0.0,4.891105963055709e-05,2.943551832137578e-06,0.4395103714679376,0.5481960466550905,0.0536793388559776,0.007887011298972369
2008-10-20,0.0005279005969737499,1.992502515079765e-05,1.127424170487702e-05,0.0,7.572892396274939e-05,2.164649469558389e-06,0.4768613113752759,0.3167979731203995,-0.04686313776540998,0.0004188077566857675
2008-10-21,0.0008877957312043643,2.424427576911621e-05,6.478509723753676e-06,0.0,7.580541299788026e-05,2.4015177455656872e-06,0.4455730442386313,0.43165555913979947,0.028200577884764058,0.0007788660149680485
2008-10-22,-0.0021856662058237436,2.521328430101711e-05,1.3339475095205155e-05,0.0,7.253218351218557e-05,3.7460302524870307e-06,0.5765781792835788,0.5738289650198959,-0.0555041173979252,-0.0023004971789846386
2008-10-23,0.009028259076495931,1.6500760519971968e-05,5.321649071380165e-06,0.0,4.658995613037658e-05,2.3247402616804916e-06,0.24476234557431348,0.3440724447916721,-0.04648391917065052,0.008957521970512522
2008-10-24,0.00354749972331376,1.209548830178525e-05,2.907886793894848e-06,0.0,3.079569465440302e-05,1.2458152643275988e-06,0.2330187280838711,0.2356503836841581,0.026353419277121565,0.0035004548382993493
2008-10-27,0.0006656725321391716,1.9729796835074453e-05,5.997846842325465e-06,0.0,3.8955947913132105e-05,1.4617501295360272e-06,0.4000847069839085,0.2955740217620526,0.05000000000000002,0.0005995271904191035
2008-10-28,0.006999000742833821,3.0486475492313762e-05,1.5911498798567704e-05,0.0,7.246928328885258e-05,3.193413536240044e-06,0.6518073694322927,0.4939232727238053,-0.04257020136452208,0.006876940071717848
2008-10-29,-0.0008638218058401042,4.0512858845038864e-05,1.1830963161779737e-05,0.0,0.00011690443744717217,2.7407754383133244e-06,0.7437322678921727,0.4104502736366385,-0.049999999999999975,-0.0010358108407324085
2008-10-30,-0.004772040360567549,1.2816798414297465e-05,6.620880014987617e-06,0.0,2.5009822288982138e-05,2.1837268271305455e-06,0.3196552152362683,0.3157853461348782,-0.05108076082305349,-0.004818671588112946
2008-10-31,-0.004333816707080029,1.8366064519905803e-05,6.542488791180645e-06,0.0,5.222205678127014e-05,9.253665720586047e-07,0.29982750941416303,0.10546158410584557,-0.049999999999999996,-0.004411872683744444
2008-11-03,0.0021663193672458443,3.1845117112081986e-06,1.152119874407445e-06,0.0,9.767824141017688e-06,1.0014331174978053e-06,0.08721581330705608,0.1394911317888969,-0.028749631950734343,0.002151213478401713
2008-11-04,-0.002632301269286067,4.827365899469528e-06,2.772714535994605e-06,0.0,2.268439423491381e-05,7.905657148912871e-07,0.15841460431280147,0.09363308546125555,-0.03918195464048067,-0.002663376309671336
2008-11-05,0.0010401057968271378,1.2420611427035468e-06,8.874583199814386e-07,0.0,5.297637629199911e-06,6.182343089669216e-07,0.049248672615781405,0.06414913224584746,-0.039714231660595345,0.001032060405426286
2008-11-06,0.0010976347341171634,3.7689097802552343e-06,3.5801538391846843e-07,0.0,2.022728084331039e-05,2.333787548090145e-07,0.09921469156987975,0.09131415227509587,0.05210652146718144,0.0010730471493548704
2008-11-07,0.003109380547825063,5.088002902576284e-06,3.6667041060343974e-06,0.0,2.85934981596097e-05,3.8593872470143106e-07,0.12807996705981023,0.032418852874920204,-0.032418852874920204,0.003071646403932141
2008-11-10,0.000955743573707792,4.8027448933302433e-08,3.577510244803703e-08,0.0,2.8107368271399577e-08,3.869112005124552e-07,0.0010374315418338175,0.03250054084304623,-0.03250054084304623,0.0009552447525876268
2008-11-11,0.0006007750596394388,1.5059746982994056e-06,8.293939103685767e-08,0.0,6.8631010914964335e-06,0.0,0.031899765783406794,0.0,0.0,0.0005923230444586061
2008-11-12,0.0,7.81371104722126e-06,1.0891532401315742e-06,0.0,2.414219013155019e-05,3.9454918094975114e-07,0.11628426239955819,0.11628426239955819,0.049999999999999996,-3.3439603599852774e-05
2008-11-13,0.0053877234893677985,7.480864472987235e-06,5.163523063907055e-06,0.0,2.1509317875971724e-05,1.209544735816453e-06,0.2125652987471911,0.18114478931790734,-0.022058726299256703,0.005352360239219116
2008-11-14,-0.0007107859376026295,1.1039637701943816e-05,3.3465032282110166e-06,0.0,2.776669063427538e-05,7.478441629589495e-07,0.18378086467006308,0.11819105341232966,-0.007446765964773841,-0.0007536866133300187
2008-11-17,-0.0003151363928383799,3.699974268554444e-06,1.1440266561015147e-06,0.0,1.2933937973425616e-05,0.0,0.09421490444071244,0.03388706090555362,0.03388706090555362,-0.0003329143317364615
2008-11-18,0.0006478826111157337,9.490951409690848e-06,4.459863144598867e-06,0.0,2.0535362223571903e-05,7.678045821449651e-07,0.10085161309259172,0.07899116980035413,-0.05,0.0006126286297557271
2008-11-19,0.0030309949332010533,6.686766321511934e-06,2.3467952954751558e-07,0.0,1.989510318076529e-05,2.0743561752875123e-07,0.07247839170721819,0.05649065900342712,0.02164147525859691,0.0030039709485516998
2008-11-20,-0.0011641734412850013,4.146596970601579e-06,1.3350254107271746e-06,0.0,8.311569697312237e-06,1.557489912765558e-08,0.0683022573673098,0.014426244527084254,0.011809661473638116,-0.0011779822082627698
2008-11-21,0.0010562359782539336,1.4865746965288567e-05,8.515161170565118e-06,0.0,4.132847197528328e-05,2.5726130652901816e-06,0.3704597928665827,0.38332569031847474,-0.04887330465027567,0.0009889539850775064
2008-11-24,0.0017895704429393084,3.278187723020949e-05,8.086516636423678e-06,0.0,9.855251425213827e-05,2.7785472007246387e-06,0.6379314945448632,0.5167959297217394,0.049999999999999975,0.0016473709876198123
2008-11-25,0.005624911898984621,1.3096893086695387e-05,6.2224905368307315e-06,0.0,7.298070937872657e-05,1.9737802219619772e-06,0.24889961064106614,0.3228619863111867,-0.008733090978425534,0.005530638025760406
2008-11-26,-0.0010024755196922212,2.1307148243041724e-05,8.972237700362924e-06,0.0,5.65384806474469e-05,1.2756349566446629e-06,0.35666724891332086,0.1672625225581232,-0.04704415015818022,-0.0010905690212397175
2008-12-01,0.006682760630336989,7.210731063149169e-06,1.8202570372546449e-06,0.0,3.0737962121547844e-05,5.95579180097275e-07,0.17453696788474174,0.14524949119673075,0.04519218894038857,0.006642396100934939
2008-12-02,-0.0019729982547573082,5.3695492187271605e-06,2.9034494217532122e-06,0.0,1.2708694680870356e-05,8.782740231023078e-07,0.10799472914366137,0.15944275340305653,0.011892717521868816,-0.0019948582221017614
2008-12-03,-0.002949300727961149,9.410234215089084e-06,2.914742989132147e-06,0.0,3.1388366309625385e-05,4.277665755097596e-07,0.13757543197835465,0.11794356980020304,0.04607878511456344,-0.002993441838050505
2008-12-04,-0.0014217562575706752,8.054434882899153e-06,2.4328931046218e-06,0.0,3.334348607032382e-05,0.0,0.11668704659012802,0.0,0.0,-0.00146558707162852
2008-12-05,0.0,0.0,0.0,0.0,0.0,0.0,0.0,0.0,0.0,0.0
2008-12-08,0.0,8.080459108530613e-07,3.3490176675462945e-07,0.0,3.648142655052208e-06,1.19767471629901e-07,0.03763838131565589,0.03763838131565589,0.017517446081832522,-4.910857804289799e-06
2008-12-09,-0.0005449682609354716,8.123950924666886e-09,1.72349618866808e-08,0.0,0.0,1.2561245215245148e-07,0.0006575322779652261,0.03741783750454367,0.016314945542931822,-0.0005451192323004354
2008-12-10,-3.7410720359558336e-05,1.4089287874439496e-06,1.0589031834512786e-06,0.0,4.6814062284965205e-06,1.638653637187777e-07,0.04885509686694013,0.030385409369961838,0.0028560282652071844,-4.472382392266886e-05
2008-12-11,0.0004333563889151764,8.829253888389385e-07,3.14895390371533e-07,0.0,2.785958412258263e-06,4.476485706811798e-08,0.02387694772323405,0.013320714942604091,0.005800218955160271,0.00042932784486663956
2008-12-12,-9.046014576771231e-05,1.0815574554718793e-09,2.2629967419565863e-10,0.0,0.0,4.426344420085801e-08,8.703833622909947e-05,0.013233055771365803,0.005796797145621658,-9.050571706904283e-05
2008-12-15,-3.057283472692074e-05,2.890849057172453e-07,2.8758065655215874e-07,0.0,6.788255526995039e-07,0.0,0.0130996828406943,0.0,0.0,-3.182832584188965e-05
2008-12-16,0.0,0.0,0.0,0.0,0.0,0.0,0.0,0.0,0.0,0.0
2008-12-17,0.0,0.0,0.0,0.0,0.0,0.0,0.0,0.0,0.0,0.0
2008-12-18,0.0,0.0,0.0,0.0,0.0,0.0,0.0,0.0,0.0,0.0
2008-12-19,0.0,0.0,0.0,0.0,0.0,0.0,0.0,0.0,0.0,0.0
2008-12-22,0.0,0.0,0.0,0.0,0.0,0.0,0.0,0.0,0.0,0.0
2008-12-23,0.0,0.0,0.0,0.0,0.0,0.0,0.0,0.0,0.0,0.0
2008-12-26,0.0,0.0,0.0,0.0,0.0,0.0,0.0,0.0,0.0,0.0
2008-12-29,0.0,0.0,0.0,0.0,0.0,0.0,0.0,0.0,0.0,0.0
2008-12-30,0.0,0.0,0.0,0.0,0.0,0.0,0.0,0.0,0.0,0.0
2008-12-31,0.0,0.0,0.0,0.0,0.0,0.0,0.0,0.0,0.0,0.0
2009-01-02,0.0,0.0,0.0,0.0,0.0,0.0,0.0,0.0,0.0,0.0
2009-01-05,0.0,0.0,0.0,0.0,0.0,0.0,0.0,0.0,0.0,0.0
2009-01-06,0.0,0.0,0.0,0.0,0.0,0.0,0.0,0.0,0.0,0.0
2009-01-07,0.0,0.0,0.0,0.0,0.0,0.0,0.0,0.0,0.0,0.0
2009-01-08,0.0,0.0,0.0,0.0,0.0,0.0,0.0,0.0,0.0,0.0
2009-01-09,0.0,0.0,0.0,0.0,0.0,0.0,0.0,0.0,0.0,0.0
2009-01-12,0.0,0.0,0.0,0.0,0.0,0.0,0.0,0.0,0.0,0.0
2009-01-13,0.0,0.0,0.0,0.0,0.0,0.0,0.0,0.0,0.0,0.0
2009-01-14,0.0,0.0,0.0,0.0,0.0,0.0,0.0,0.0,0.0,0.0
2009-01-15,0.0,0.0,0.0,0.0,0.0,0.0,0.0,0.0,0.0,0.0
2009-01-16,0.0,0.0,0.0,0.0,0.0,0.0,0.0,0.0,0.0,0.0
2009-01-20,0.0,7.0210502850177195e-06,1.3000000000000003e-07,0.0,1.070601241662783e-05,0.0,0.05,0.05,0.05,-1.785706270164555e-05
2009-01-21,0.004739210795364138,1.0741486375075575e-05,6.254420559675741e-06,0.0,6.935892248094879e-05,1.6680282822310327e-06,0.21280152990572904,0.2315677548350787,-0.04866099657973484,0.004651187937666207
2009-01-22,0.005132189345146436,6.187384567391597e-06,2.379389533015048e-06,0.0,3.740899887766744e-05,7.775941992179038e-07,0.1744379708160086,0.12274940208142157,-0.007886423387186262,0.005085435977969144
2009-01-23,-0.0010919548729777769,2.6480435664558157e-06,1.5185841289267915e-06,0.0,4.470373004811888e-06,7.794141973436332e-07,0.03889955450808847,0.08552798043056856,-0.045413604723161805,-0.001101371287875315
2009-01-26,0.0009798034841126577,3.3222908512743344e-06,7.011077725896496e-07,0.0,2.7391692483041723e-05,0.0,0.08482610564650721,0.0,0.0,0.0009483883930057521
2009-01-27,0.0,0.0,0.0,0.0,0.0,0.0,0.0,0.0,0.0,0.0
2009-01-28,0.0,0.0,0.0,0.0,0.0,0.0,0.0,0.0,0.0,0.0
2009-01-29,0.0,0.0,0.0,0.0,0.0,0.0,0.0,0.0,0.0,0.0
2009-01-30,0.0,4.3628414677078465e-06,2.390118214645383e-06,0.0,1.9320922309106785e-05,6.859621702579271e-07,0.07376258045393262,0.07376258045393262,-0.04147906414939913,-2.6759844161717944e-05
2009-02-02,-0.00015448809869014188,4.4941864723005e-06,7.048897476720982e-07,0.0,1.8501109490453018e-05,4.6566029856825585e-07,0.09987261522704788,0.0991154650797335,0.0208845349202665,-0.00017865394469913576
2009-02-03,-0.000942135859913633,5.3788463054370526e-08,8.716900747084561e-08,0.0,4.330144455302168e-09,5.14878084668081e-07,0.0031921581724716716,0.10324975911211881,0.016750240887881195,-0.0009427960256132817
2009-02-04,-2.011809187938709e-05,2.785638176155573e-06,3.7626064897855957e-07,0.0,9.520875891810877e-06,1.8969745325105076e-07,0.04837678436460355,0.07593458607308826,0.04406541392691174,-3.299056404958315e-05
2009-02-05,-0.0005453912868940325,2.9370073251416076e-06,2.091704759317772e-06,0.0,1.3976381495347948e-05,0.0,0.07586634099634593,0.0,0.0,-0.0005643963804738398
2009-02-06,0.0,0.0,0.0,0.0,0.0,0.0,0.0,0.0,0.0,0.0
2009-02-09,0.0,0.0,0.0,0.0,0.0,0.0,0.0,0.0,0.0,0.0
2009-02-10,0.0,2.117454207335441e-06,1.8910716645355193e-06,0.0,1.691911285140834e-05,7.142857142857143e-07,0.08765710241845534,0.08765710241845534,-0.032342897581544655,-2.1641924437565016e-05
2009-02-11,0.0003613976572658956,2.117454207335441e-06,8.899089386173094e-07,0.0,1.6748970015226918e-05,0.0,0.0876241955850312,0.0,0.0,0.0003416413241047159
2009-02-12,0.0,0.0,0.0,0.0,0.0,0.0,0.0,0.0,0.0,0.0
2009-02-13,0.0,9.592715191566111e-06,1.0097768662628788e-06,0.0,5.3348031504932315e-05,3.6114012036531835e-07,0.11033577011068674,0.11033577011068674,0.049664229889313245,-6.431166368312662e-05
2009-02-17,-0.006894245273372692,8.204056867560143e-06,2.148396268089165e-06,0.0,4.563490580771496e-05,2.0632009384045346e-07,0.07428937140390038,0.07733088788259809,0.0426691121174019,-0.006950438952409896
2009-02-18,0.001627778044734123,7.716592424819635e-06,3.2962486463261098e-06,0.0,1.9163488446479026e-05,0.0,0.0788806799313219,0.0,0.0,0.0015976017152164981
2009-02-19,0.0,0.0,0.0,0.0,0.0,0.0,0.0,0.0,0.0,0.0
2009-02-20,0.0,4.20356355659566e-06,2.3891275902584027e-06,0.0,1.3889646190923174e-05,7.142857142857143e-07,0.09222255543175825,0.09222255543175825,-0.02777744456824175,-2.119662305206295e-05
2009-02-23,0.002734948155427339,2.776590823919058e-07,1.566656649194895e-07,0.0,1.7152506941949948e-07,7.142857142857143e-07,0.0051163804104128775,0.09229870835357036,-0.027701291646429635,0.0027336280198963225
2009-02-24,-0.002784724826476803,1.5536164762472683e-05,5.543589145156668e-06,0.0,4.3881238796976146e-05,1.7143652118610382e-06,0.19678507919007504,0.294312418309823,0.006299062717168624,-0.0028514001843932693
2009-02-25,-0.002193966577732596,2.0195755562196663e-05,4.442748273011007e-06,0.0,6.492033681975802e-05,9.523809523809523e-07,0.34123281660348337,0.21000000000000002,0.04999999999999999,-0.002284477799339943
2009-02-26,0.0017256215571132948,3.4380794980904e-05,8.059276038952413e-06,0.0,0.00014351880061247386,5.476190476190477e-07,0.34601073686109657,0.14200000000000002,0.05,0.0015391150664333456
2009-02-27,-0.0029019339466814496,1.2950112005471004e-05,3.589807567159275e-06,0.0,8.775248537590624e-05,1.499777886623249e-06,0.2210275316881104,0.301791127390629,0.04982844243792321,-0.0030077261295166093
2009-03-02,-0.006688961077331246,6.542519808923255e-06,2.7593645639571588e-06,0.0,1.2961883186821259e-05,1.0140480076420335e-06,0.11335965221820067,0.22031491855699933,0.04995485327313767,-0.00671223889289859
2009-03-03,-0.008103532300576826,1.609834868980741e-05,8.407554061842121e-06,0.0,4.361346887272561e-05,2.8574653337633017e-06,0.4107620566642278,0.5244988427032282,0.044444666630993473,-0.008174509137534964
2009-03-04,0.007057170087736231,2.8843518707404392e-05,1.0995281791593337e-05,0.0,7.968335874099344e-05,3.590216100520009e-06,0.7227004520403648,0.6530482378801142,0.04989193299275277,0.00693405771239572
2009-03-05,-0.004099289460782737,5.036077142012022e-05,2.190031793515808e-05,0.0,0.0001495423076597353,4.775510204081633e-06,0.9977356613010309,0.7802749391794829,-0.022010775106231395,-0.004325868368001832
2009-03-06,0.0040160262246833325,3.199913409082912e-05,1.2481083476115736e-05,0.0,0.00013075328248723418,4.897959183673469e-06,0.4881287205972491,0.7730175423838503,-0.049839600473292445,0.00383589476544548
2009-03-09,-0.0009195685901325043,2.9864029368580275e-05,9.907155065508375e-06,0.0,0.00014063203301571762,4.933170646409354e-06,0.574317871891435,0.7781505789856606,-0.05062208961111092,-0.00110490497822872
2009-03-10,-0.010980909956973572,3.055134919379276e-05,1.102802132767775e-05,0.0,0.00016308362499286224,6.0726246032913434e-06,0.4719068673816457,0.9665048011665069,-0.053696132186438816,-0.011191645577091196
2009-03-11,0.0024509710731472996,6.350335408740097e-05,2.7035686208395493e-05,0.0,0.0003349899931559527,7.0318995131999385e-06,1.7660995885607305,1.2332385591635946,0.051879440946005106,0.0020184101401823505
2009-03-12,-0.008098827337706255,2.312870844438283e-05,7.187652677156264e-06,0.0,0.0001193639301272056,5.578277350959106e-06,0.421192575853421,0.9928329027770931,0.05568230781596317,-0.008254085906305959
2009-03-13,0.002436442271235134,2.6292471095310987e-05,1.38520564087756e-05,0.0,0.00011927919108818126,1.8609614451178916e-06,0.763154609097448,0.36801620180622285,0.055374679026417115,0.0022751575911977486
2009-03-16,-5.740780344200968e-05,1.5685693974546777e-05,7.22242869740169e-06,0.0,5.929583626620047e-05,1.0397388824025532e-06,0.4012119233410476,0.2073380661218145,0.03266193387818554,-0.00014065150126256118
2009-03-17,0.01350238767335181,3.2343247413224916e-05,1.685405225938045e-05,0.0,9.090051058350716e-05,4.779723944299235e-06,0.6998877266563125,0.7543689313517348,-0.04862469129053676,0.013357510139151398
2009-03-18,0.007078976594939014,3.8472086850029224e-05,1.0581272220869389e-05,0.0,0.00012792590292171939,2.5410257108957015e-06,0.5950023064026947,0.3762150405866248,-0.05067727884385306,0.0068994563072355
2009-03-19,-0.0014723166076376342,7.904865241398068e-06,4.593841747865294e-06,0.0,2.4999742841651834e-05,1.662429675457833e-06,0.3178200398378752,0.23082400371456763,-0.048464181762348305,-0.0015114774871440072
2009-03-20,-0.0016058560751178446,8.363817427028371e-06,3.512946349425406e-06,0.0,3.920024346369629e-05,8.121576850392983e-07,0.23992380974834684,0.12152110051836088,-0.014921390568241237,-0.001657745240043034
2009-03-23,-0.0011483083614251192,1.2590564582193703e-05,6.327231573621197e-06,0.0,3.2358321593906335e-05,2.1445274168048214e-06,0.33356909608348634,0.31028060602320995,-0.05000000000000002,-0.0012017290065916453
2009-03-24,-0.0019352867811971322,5.540914757166776e-06,2.7575393541813016e-06,0.0,2.3349261114757064e-05,8.556158608088229e-07,0.19591189347732055,0.11090539094595904,-0.03283807366992318,-0.0019677901122840463
2009-03-25,-0.0005151880651427919,1.3061644818477116e-05,5.110459666723827e-06,0.0,4.0291281661012186e-05,1.6664165220181863e-06,0.1907430736115684,0.22995797569905535,-0.05,-0.0005753178678110231
2009-03-26,-0.004662839897076966,1.3425758337199254e-05,3.1807385283429843e-06,0.0,3.6720144237709735e-05,8.43309042550002e-07,0.25030116997097973,0.12465558437546599,-0.017020334772934374,-0.004717009847222768
2009-03-27,-0.0002822673093561243,4.884698076395093e-06,7.17584005560146e-07,0.0,1.1991591162359883e-05,8.3129357587638e-07,0.04984348754747546,0.12289527197399422,-0.0167620487732376,-0.0003006924761763158
2009-03-30,0.0002292809260382268,1.0484092723189917e-05,4.545341725417441e-06,0.0,2.8329825255974772e-05,1.1409037468581596e-06,0.18601469816277155,0.1416718294721708,-0.05000000000000001,0.0001847807625867865
2009-03-31,0.0024489259412652097,1.103996214014411e-05,2.812831836178372e-06,0.0,3.0501135556834222e-05,0.0,0.1440434790352762,0.0,0.0,0.002404572011732053
2009-04-01,0.0,1.9643796558829956e-06,1.0819769035670205e-06,0.0,2.0637482199820758e-06,3.143749193829147e-07,0.04048258186823129,0.04048258186823129,-0.01233240458809838,-5.424479698815007e-06
2009-04-02,0.0011879530131296246,7.905846111503955e-06,2.1573628716077457e-06,0.0,8.5597259581838e-05,9.33885070999411e-07,0.16387511028085588,0.20399226320761885,0.047099571279717825,0.0010913586594936756
2009-04-03,-0.003922201004425029,2.224415442124771e-05,1.243651946927147e-05,0.0,0.00016485973827180087,3.2999076127577765e-06,0.5800374981604258,0.5043844789433065,-0.04999999999999999,-0.004125041324200107
2009-04-06,-0.00021874964731516657,4.516423288766631e-06,2.3679866567140766e-06,0.0,2.2790343045975714e-05,2.3925322104848892e-06,0.14620142696735572,0.3543563606776834,-0.047589050683777945,-0.00025081693251710786
2009-04-07,0.007766447871869366,1.389873488974926e-05,4.470548404209193e-06,0.0,8.732725362222585e-05,5.297844722488959e-07,0.38537820903389763,0.14370761865204096,0.05470382731422647,0.007660221550480933
2009-04-08,-0.001529823712237931,9.520515347677276e-06,3.918682266642474e-06,0.0,3.226054297899322e-05,5.820353857417297e-07,0.20645766980460076,0.13670641149105378,0.0389244666864432,-0.0015761054882169857
2009-04-09,0.0017105992798878869,1.0917467343557895e-05,6.03329868756259e-06,0.0,5.492268452583418e-05,2.328048706489428e-06,0.20353525709561698,0.34194836873450407,-0.04916381395571989,0.0016363977806244428
2009-04-13,-0.0012225251630377351,1.190023031026769e-05,5.929269733997234e-06,0.0,2.985112593426873e-05,1.9507549658657545e-06,0.3769312932994217,0.277311346819246,-0.05041548744620067,-0.0012721565439821345
2009-04-14,0.0066558368474918805,1.091262054999789e-05,1.3885712198119618e-06,0.0,3.668652612423821e-05,1.7178538780860447e-06,0.13014740978510117,0.28966864672793213,0.0010691952094766394,0.006605131275719747
2009-04-15,-8.354658489165616e-05,1.2205811502846374e-05,8.2214377958116e-06,0.0,6.053139606511999e-05,2.521830494263437e-06,0.42934506348790485,0.3736675230362574,-0.04999999999999999,-0.00016702706074969758
2009-04-16,-0.002713473644022807,8.2075055744784e-06,4.233762893153268e-06,0.0,2.512770112378989e-05,1.137335402408485e-06,0.28995011407847315,0.18484321823650152,-0.006229129368123913,-0.002752179949016637
2009-04-17,-0.0020324436092702684,5.348899138295387e-06,3.46419368932325e-06,0.0,3.314477091426579e-05,2.8666557450248895e-07,0.2588994934684544,0.07242960350741835,0.02426978699100021,-0.0020746881385866555
2009-04-20,0.00035787785727354896,1.4091250082936406e-06,1.4366672689502376e-06,0.0,2.4323351521341243e-06,0.0,0.0707698432802148,0.0,0.0,0.000352599729844171
2009-04-21,0.0,3.5861068316753666e-06,2.195418978687144e-06,0.0,3.01476946457135e-05,6.799093965415242e-07,0.06422477861897603,0.06422477861897603,-0.05,-3.660912985261753e-05
2009-04-22,0.00045623545941851174,1.307898158801164e-05,5.6173842695460984e-06,0.0,5.198138373344084e-05,2.5025358806949184e-06,0.37064183774859305,0.3721155727226654,-0.048310455234080896,0.00038305517394681825
2009-04-23,-0.0003290303970335714,1.3163473479299463e-05,5.870599203499943e-06,0.0,6.458447680141746e-05,1.057774834628582e-06,0.32236081442500514,0.12770617221760178,-0.05,-0.00041370672135241683
2009-04-24,0.0009763463128521697,9.868293314385763e-06,4.28159910978041e-06,0.0,3.0631026913755504e-05,1.863309863839495e-06,0.23633617102813687,0.2630360571250352,-0.04999999999999999,0.0009297020836504086
2009-04-27,0.0005275637615289865,1.420172709388961e-05,5.236612877973519e-06,0.0,7.924001091928565e-05,3.3420901187856833e-06,0.3500644066729106,0.5120046415342914,-0.04946649842170331,0.00042554332051905196
2009-04-28,-0.000924188013420458,2.5848344635395337e-06,1.073732773681302e-06,0.0,8.830379008023483e-06,2.7114332783052086e-06,0.0792621727587104,0.42982467716717626,-0.025696113588098812,-0.0009393883929440076
2009-04-29,0.003463984159972123,1.4315886754641214e-05,7.518822852413021e-06,0.0,5.8268368820679535e-05,0.0,0.41816926600812787,0.03953341568969012,0.03953341568969012,0.0033838810815443893
2009-04-30,-0.0002974720055628001,2.7068679812801795e-06,1.757252793908242e-06,0.0,1.3108197186093805e-05,1.469101577719074e-07,0.08363528976654858,0.04439934608242125,0.019718439576740805,-0.0003151912336818543
2009-05-01,0.00029768795125970337,4.2796606597851e-06,2.7294354331331533e-06,0.0,3.023604950332881e-05,9.768915813045363e-07,0.07582858633126605,0.11448272927280878,-0.04963505638635329,0.0002594659140821518
2009-05-04,-0.00031753879790381184,1.7699783719499235e-05,1.0573253787545992e-05,0.0,6.084697041520375e-05,3.990945200463138e-06,0.559355520669113,0.6204787936778071,-0.04999999999999999,-0.000410649751026524
2009-05-05,0.0006480158222524153,6.673519787358231e-06,2.76931411186922e-06,0.0,1.7168802624100048e-05,4.515588312236057e-06,0.17316478157345294,0.7070022242953317,-0.05161661216032587,0.0006168885974168518
2009-05-06,0.003938078426530454,1.8816941856843982e-05,7.523190559773034e-06,0.0,8.075504562624742e-05,2.6806017327915914e-06,0.4605500475022664,0.39981815911035995,-0.050522931998627424,0.0038283026467547986
2009-05-07,0.003052192383514145,1.7791799958483024e-05,7.441301669568213e-06,0.0,8.486475023570905e-05,1.3307044649791941e-06,0.40014030383936566,0.18669272730971814,-0.03686562280678646,0.0029407638271854056
2009-05-08,0.0013655620643307019,4.011480663559831e-06,5.795953487699587e-07,0.0,1.504274766578801e-05,1.292550265207224e-06,0.09496848601414071,0.25471186270926305,0.037563418154449406,0.0013446356903873769
2009-05-11,0.0004600504369662338,1.4929482041946609e-05,5.116376482060785e-06,0.0,7.147654336456118e-05,7.969424717695524e-07,0.32111246752840095,0.18388633525728476,0.05,0.00036773109260589566
2009-05-12,0.0014597678675214358,3.6854983516824097e-06,3.0658390696652843e-06,0.0,1.6936547958781582e-05,0.0,0.1659447500049197,0.02859095917685214,0.02859095917685214,0.0014360799821413065
2009-05-13,-0.0008615920499550868,3.710721489595493e-07,7.337701536529018e-07,0.0,2.2984372924427374e-06,0.0,0.027729367126897053,0.0,0.0,-0.000864995329550142
2009-05-14,0.0,0.0,0.0,0.0,0.0,0.0,0.0,0.0,0.0,0.0
2009-05-15,0.0,5.218601542621299e-06,1.7836967372410072e-06,0.0,3.4738549224896565e-05,5.485096222253389e-07,0.13529727032498642,0.13529727032498642,0.043147653791129496,-4.228935712698421e-05
2009-05-18,0.003068604434285371,1.2848021088977425e-05,6.015051045245629e-06,0.0,4.07925805792989e-05,1.0970132420938714e-06,0.19236968140722485,0.14284783692957306,-0.04145038774219733,0.003007851768329755
2009-05-19,-0.0003698833450042576,8.688745095931194e-06,1.562710398093614e-06,0.0,5.2526964372513064e-06,0.0,0.14309668482344348,0.0,0.0,-0.0003853874969355337
2009-05-20,0.0,0.0,0.0,0.0,0.0,0.0,0.0,0.0,0.0,0.0
2009-05-21,0.0,1.5755699198537987e-06,1.8062338384426788e-06,0.0,1.6363447445682552e-05,7.319886887456942e-07,0.07297409970927661,0.07297409970927661,-0.05,-2.0477239892724724e-05
2009-05-22,-0.001011344532893048,7.034976294211111e-06,1.155687788129434e-06,0.0,3.58253905373552e-05,2.4248989696858915e-07,0.15578638144465995,0.08185001217898248,0.0411117094882595,-0.0010556030774097123
2009-05-26,0.0009126869663621313,3.7866174529723956e-06,2.5897975533251066e-06,0.0,8.679302485226851e-06,9.038895067490036e-07,0.071845239188064,0.12203259440039024,-0.02982084273344237,0.000896727359363858
2009-05-27,0.0007100079614294169,1.3167758682256932e-06,6.697831017455477e-07,0.0,1.998873028611307e-06,8.342857967449771e-07,0.020057819578542493,0.10088293766096926,-0.03927707619218687,0.0007051882436340894
2009-05-28,-0.00023925141596216104,2.8105780477617117e-06,1.3900990156410082e-06,0.0,6.220632125387399e-06,5.880876802515143e-07,0.0514666665076596,0.0493993651411272,-0.0493993651411272,-0.00025026081283120266
2009-05-29,0.00018862651861121217,2.334769013269089e-06,1.279479204185416e-07,0.0,6.207648706688542e-06,0.0,0.04921073862251599,0.0,0.0,0.000179956152970836
2009-06-01,0.0,0.0,0.0,0.0,0.0,0.0,0.0,0.0,0.0,0.0
2009-06-02,0.0,1.5583166848632793e-05,3.947630349626962e-06,0.0,6.605981985994974e-05,1.629522948706616e-06,0.286478592326453,0.286478592326453,0.01271873694374151,-8.722014000691612e-05
2009-06-03,-0.000740807744061249,6.515463345029004e-06,5.144315727286581e-06,0.0,8.374479021555938e-06,2.1689667697248077e-06,0.24704275204289822,0.3149657224875344,-0.04942069482623328,-0.0007630109689248454
2009-06-04,-0.002528914684420064,9.0744382944646e-06,3.8076022642624505e-06,0.0,2.8433274911839448e-05,1.2967969123868813e-06,0.19427035250590668,0.18978539132194186,-0.028076489959054166,-0.0025715267968030174
2009-06-05,-0.002075793643337402,8.780198746913416e-06,3.7227054760744325e-06,0.0,3.5414817212489035e-05,0.0,0.18755777510301205,0.0,0.0,-0.002123711364772879
2009-06-08,0.0,0.0,0.0,0.0,0.0,0.0,0.0,0.0,0.0,0.0
2009-06-09,0.0,0.0,0.0,0.0,0.0,0.0,0.0,0.0,0.0,0.0
2009-06-10,0.0,0.0,0.0,0.0,0.0,0.0,0.0,0.0,0.0,0.0
2009-06-11,0.0,0.0,0.0,0.0,0.0,0.0,0.0,0.0,0.0,0.0
2009-06-12,0.0,0.0,0.0,0.0,0.0,0.0,0.0,0.0,0.0,0.0
2009-06-15,0.0,0.0,0.0,0.0,0.0,0.0,0.0,0.0,0.0,0.0
2009-06-16,0.0,7.95364724627569e-06,2.7126951871657752e-06,0.0,1.992242414403206e-05,1.0714285714285716e-06,0.23000000000000004,0.23000000000000004,0.05,-3.1660195148902095e-05
2009-06-17,0.001080092190013986,4.9822892295049285e-06,3.1282267304815587e-06,0.0,1.7141454323409064e-05,9.864656941286061e-08,0.16517736363021251,0.06574230075231487,0.04916967709095429,0.0010547415731611777
2009-06-18,0.0008373827023535088,2.971358016770761e-06,2.075752969232027e-06,0.0,2.3594946506162867e-06,0.0,0.06670041770376244,0.0,0.0,0.0008299760967168898
2009-06-19,0.0,2.3162841649235085e-06,4.90686177172949e-07,0.0,8.518926984842835e-06,1.6147746199282737e-07,0.06629557921106116,0.06629557921106116,0.03916736559626617,-1.148737478893212e-05
2009-06-22,-0.0010488536412779877,7.431684548943743e-08,1.6558885586575993e-08,0.0,3.3296829117666514e-08,1.6223956709705332e-07,0.0021020243773139206,0.06653490353865324,0.03927865626634829,-0.0010491400534052785
2009-06-23,-0.0007335568207493965,2.390601010412946e-06,1.7885380941247887e-06,0.0,7.744446440051166e-06,0.0,0.06582200791201567,0.0,0.0,-0.0007454804062939854
2009-06-24,0.0,0.0,0.0,0.0,0.0,0.0,0.0,0.0,0.0,0.0
2009-06-25,0.0,0.0,0.0,0.0,0.0,0.0,0.0,0.0,0.0,0.0
2009-06-26,0.0,0.0,0.0,0.0,0.0,0.0,0.0,0.0,0.0,0.0
2009-06-29,0.0,0.0,0.0,0.0,0.0,0.0,0.0,0.0,0.0,0.0
2009-06-30,0.0,0.0,0.0,0.0,0.0,0.0,0.0,0.0,0.0,0.0
2009-07-01,0.0,0.0,0.0,0.0,0.0,0.0,0.0,0.0,0.0,0.0
2009-07-02,0.0,0.0,0.0,0.0,0.0,0.0,0.0,0.0,0.0,0.0
2009-07-06,0.0,0.0,0.0,0.0,0.0,0.0,0.0,0.0,0.0,0.0
2009-07-07,0.0,3.498490844543368e-06,4.1797233323086346e-07,0.0,9.814964362330688e-06,1.1904761904761888e-07,0.06999999999999998,0.06999999999999998,0.05000000000000001,-1.385047515915254e-05
2009-07-08,-0.00011889706483207863,3.498490844543368e-06,2.2378281197103354e-06,0.0,1.0082404413551203e-05,0.0,0.06986573250787004,0.0,0.0,-0.00013471578820988352
2009-07-09,0.0,0.0,0.0,0.0,0.0,0.0,0.0,0.0,0.0,0.0
2009-07-10,0.0,0.0,0.0,0.0,0.0,0.0,0.0,0.0,0.0,0.0
2009-07-13,0.0,0.0,0.0,0.0,0.0,0.0,0.0,0.0,0.0,0.0
2009-07-14,0.0,0.0,0.0,0.0,0.0,0.0,0.0,0.0,0.0,0.0
2009-07-15,0.0,0.0,0.0,0.0,0.0,0.0,0.0,0.0,0.0,0.0
2009-07-16,0.0,0.0,0.0,0.0,0.0,0.0,0.0,0.0,0.0,0.0
2009-07-17,0.0,3.4934099731645336e-06,1.9082465827966328e-06,0.0,2.8096866614417003e-06,5.422454340300584e-07,0.0455486164585249,0.0455486164585249,-0.0455486164585249,-8.753588651432925e-06
2009-07-20,-0.0005946241917592623,1.0111544193526375e-06,1.0097914288973864e-06,0.0,4.175050981231161e-06,7.395104344099864e-07,0.06713624235364285,0.07423775298087772,-0.05,-0.0006015596990231535
2009-07-21,9.657586676157258e-05,3.282153624848274e-06,6.086610541941403e-07,0.0,2.0866220569380263e-06,5.225225993717412e-07,0.04753791648594187,0.04389189834722626,-0.04389189834722626,9.00759074262204e-05
2009-07-22,0.00015177901106949035,2.0126790125796076e-06,1.5247239346854093e-06,0.0,1.4694770906294564e-05,9.523809523809522e-07,0.08342984522243216,0.10999999999999997,-0.05,0.00013259445626354982
2009-07-23,-0.002071758262410701,1.3125180505710538e-05,4.869742850413132e-06,0.0,6.764597638750995e-05,1.6666666666666667e-06,0.3433977251132394,0.23,-0.05000000000000002,-0.0021590658288210014
2009-07-24,-0.0005821205821205667,7.359275065485049e-06,3.7621342001521906e-06,0.0,8.838609904076866e-06,1.4523809523809526e-06,0.170940659089808,0.194,-0.05,-0.0006035329822426617
2009-07-27,0.0021135606409084886,2.293107193063815e-05,9.251253701103757e-06,0.0,0.00021794659016294076,3.0142452306614623e-06,0.3985230989163589,0.456450275445479,-0.049942923305646675,0.0018604174798831446
2009-07-28,0.008402401263870735,2.032146164687727e-05,7.32255042766089e-06,0.0,8.98283843503055e-05,1.6666666666666665e-06,0.32927825411858,0.2590866864218108,-0.020913313578189166,0.008283262200779224
2009-07-29,0.004016588752014661,1.9962173988234765e-05,4.68305438263924e-06,0.0,0.0002295046299024401,7.142857142857143e-07,0.3119704385665565,0.10779900205555476,-0.012200997944445222,0.0037617246080270616
2009-07-30,0.0001284474219076473,1.9643487332528834e-06,8.241990718464733e-07,0.0,6.39561054925742e-06,0.0,0.0870349271084156,0.023584425628773442,0.023584425628773442,0.00011926326355329053
2009-07-31,-0.00016997427051197047,2.4240686323246345e-05,4.3992341083155196e-06,0.0,5.189730008864897e-05,1.7069808594411575e-06,0.31453098867263457,0.33565624707174135,0.04888346268562689,-0.0002522184718916225
2009-08-03,0.004406599073226612,7.349410756866628e-06,4.5283565899754886e-06,0.0,1.84786693559714e-05,2.7529372395338853e-06,0.15517208864504867,0.41615220694234445,-0.0463412492993483,0.0043734896992842645
2009-08-04,0.005073028050960947,3.2103527670460495e-05,1.5022580014240097e-05,0.0,6.88770248138921e-05,1.8991959619239988e-06,0.6194589653374006,0.2690649216032318,-0.05,0.00495512572250043
2009-08-05,0.00024195142540447213,2.2950060149401007e-06,7.913343803975092e-07,0.0,1.588006636102207e-06,1.5602761458303135e-06,0.0557323277091063,0.21244286985107708,-0.04968352264841558,0.000235716802227202
2009-08-06,0.0015143588354785088,7.611798649169655e-06,2.3992013632962877e-06,0.0,2.3698666110815912e-05,1.404263551164528e-06,0.18559991222925806,0.2699265924753086,0.034010315879667866,0.0014792449058040624
2009-08-07,-0.004042158403771741,1.3166036225646522e-05,4.575284430355338e-06,0.0,2.0967037021855404e-05,9.497390941936327e-07,0.3351702766156059,0.2055079376047737,0.04595176978024341,-0.0040818165005437924
2009-08-10,0.0028925663314469407,5.579980334748196e-06,3.410135207654031e-06,0.0,1.921579134301548e-05,4.83619886445174e-07,0.1845324512015044,0.12164441982859715,0.04039627890580792,0.002863876804675078
2009-08-11,-2.207517051533028e-05,1.0008679548475713e-05,7.624665242498445e-06,0.0,2.7993704996978057e-05,2.1666666666666665e-06,0.4356223446580818,0.314,-0.04999999999999999,-6.986888696994916e-05
2009-08-12,0.0011182805611648242,1.2604672036226244e-05,2.4422547460825928e-06,0.0,1.304398386997885e-05,2.366771331992498e-06,0.17316293886978107,0.3688087918873698,-0.028808791887369817,0.001087822879180544
2009-08-13,0.0011799504402195168,1.0887797783033538e-05,4.563006638161967e-06,0.0,6.2744680825027436e-06,1.4553904971899114e-06,0.16036207470895658,0.2126700679510029,-0.03183553557690219,0.0011567697772186286
2009-08-14,-0.0019184133929622993,2.921253918759178e-06,2.3376190542527794e-06,0.0,6.420296496310174e-06,1.6666666666666665e-06,0.12152623917422468,0.22755393508322594,-0.05244606491677406,-0.0019317592290982882
2009-08-17,0.0008223751604016417,6.626095800504931e-06,4.689271678726309e-06,0.0,2.224322162971942e-05,1.2495208594739084e-06,0.3043338125215485,0.1809668157100805,-0.028952688681536116,0.0007875670504332171
2009-08-18,-0.000412855263774842,2.055141175573616e-06,1.4261266369272815e-06,0.0,1.2972987353255498e-05,5.774497883621058e-07,0.10663970312604196,0.07646314128587378,-0.020548423158959987,-0.0004298869687289605
2009-08-19,0.0003087508107678364,2.368639845060534e-06,1.4996685481732543e-06,0.0,1.0634028284397252e-05,5.979641445170252e-07,0.07534469109121887,0.06129850445971312,-0.03915947181914711,0.00029365050994568833
2009-08-20,-0.0005080777285277106,2.0191074292148796e-06,4.208971493248092e-07,0.0,8.576293873943466e-06,0.0,0.06203441786605845,0.0,0.0,-0.0005190940269801938
2009-08-21,0.0,0.0,0.0,0.0,0.0,0.0,0.0,0.0,0.0,0.0
2009-08-24,0.0,1.8918776286527357e-06,1.6211451719841044e-06,0.0,3.84273846989326e-06,5.952380952380952e-07,0.05,0.05,-0.05,-7.950999365768194e-06
2009-08-25,-0.00010773966820797787,3.2154194067392912e-06,1.6786733015765486e-07,0.0,1.633133678160171e-05,5.421831180388549e-07,0.06456435775294417,0.1055433819152638,0.014456618084736195,-0.0001279964748445154
2009-08-26,-0.0014323303796029616,1.7925059767651408e-06,1.6449025026938895e-07,0.0,3.5146038088222865e-06,1.1904761904761899e-07,0.041796395956063555,0.06999999999999999,0.05,-0.001437921027257866
2009-08-27,-2.2303857255314684e-05,1.1799097646663086e-05,3.567188250978053e-06,0.0,0.00012118677736019091,6.954900864964756e-07,0.16839886340844862,0.11842116726570395,0.0015788327342960498,-0.00015955241059964321
2009-08-28,-0.0003984436199017779,1.0807688750465301e-05,5.069503944774453e-06,0.0,0.0001052177747899023,5.381915021414147e-07,0.1840671550541411,0.06605972690965212,-0.024356445450105547,-0.0005200767788890614
2009-08-31,0.0004870312271523736,2.0740412867704506e-06,6.484780651702622e-07,0.0,2.5127222376964984e-06,0.0,0.06520141745007645,0.0,0.0,0.0004817959855627364
2009-09-01,0.0,1.6762865401756097e-06,3.376367866026504e-07,0.0,6.6784399630409054e-06,1.0552575919205388e-07,0.05064854201092264,0.05064854201092264,0.03292021446665759,-8.79788904901122e-06
2009-09-02,9.27951089339258e-05,5.3504658080269106e-06,2.0147237268572357e-06,0.0,1.890693946045659e-05,3.1679744315386594e-07,0.136234980025441,0.10322197044984947,0.05,6.62061824954312e-05
2009-09-03,0.00023964802546149594,7.522109704323902e-06,6.202431620987658e-06,0.0,2.5243350728414456e-05,2.1428571428571427e-06,0.3368688474818685,0.37019138774303395,0.010191387743033936,0.0001985372762649128
2009-09-04,0.001779583146158084,1.0049371127868141e-05,6.049949960054435e-06,0.0,3.5964747986450816e-05,0.0,0.37431573551678265,0.0,0.0,0.0017275190770837106
2009-09-08,0.0,2.872538906132958e-06,1.6288074267988516e-06,0.0,5.639803566010121e-06,4.761904761904761e-07,0.057440477663424,0.057440477663424,-0.022559522336575988,-1.0617340375132407e-05
2009-09-09,0.0005722789558781041,7.018543559377328e-06,2.620689545922227e-06,0.0,2.242129019336734e-05,7.500223011434574e-07,0.1182813501320912,0.09629410675139333,-0.02970963984070752,0.0005394684102782937
2009-09-10,0.0011198451003758335,5.243842575589348e-07,2.9905809639523755e-07,0.0,5.311131432521222e-07,8.284687197272246e-07,0.010366737622552497,0.10621865955789064,-0.03296408535628309,0.0011176620761588999
2009-09-11,0.0009805408177744983,1.4587817201627946e-05,5.951168369030285e-06,0.0,4.3304501266288864e-05,1.976190476190476e-06,0.4872191947994802,0.382,0.05000000000000002,0.0009147211404613607
2009-09-14,0.0015274278118583185,4.986795284646889e-06,3.950839940506803e-06,0.0,2.3601912815336024e-05,1.3095238095238094e-06,0.23424831106297409,0.2709090909090909,0.05090909090909091,0.001493578740008305
2009-09-15,-0.0011591614682300206,1.4932399637082184e-05,5.281161912160236e-06,0.0,4.660813359971565e-05,1.6945383031280572e-06,0.2806065185258862,0.3034397023112416,0.018757267385728027,-0.0012276777016821067
2009-09-16,-0.002030299534199828,1.9803163681003738e-05,9.90032558642688e-06,0.0,3.3766827636443755e-05,1.5803896594401037e-06,0.417191337132077,0.21550546278593738,-0.05000000000000002,-0.0020953502407631427
2009-09-17,0.0010264783726985534,2.5522959100847062e-05,6.789162099833389e-06,0.0,3.2647997330015015e-05,1.845238095238095e-06,0.46160567976787914,0.36,0.05,0.0009596730160726199
2009-09-18,0.0010752689233805492,2.0104633635453276e-05,1.0629134404519562e-05,0.0,5.462748432260058e-05,3.868786544715944e-06,0.5820486853065123,0.5998871606652303,-0.05006897884704836,0.0009860388844732599
2009-09-21,0.0002082659681908893,1.2995301987126215e-05,5.813984935861144e-06,0.0,2.9852596440977453e-05,3.188089648685905e-06,0.3623433882730997,0.4860346786907334,-0.049564382288498604,0.00015641599517823856
2009-09-22,-0.0009476568837914546,2.3295427224525206e-05,1.0844742812328028e-05,0.0,5.061320415556535e-05,2.2840056853174225e-06,0.6085557610035602,0.43383782866996523,0.05012487353663826,-0.0010346942636691905
2009-09-23,-0.001265366905875626,1.5210963054470484e-05,8.556627991260335e-06,0.0,4.95649491157128e-05,2.2947504536612708e-06,0.5475620479207447,0.43476344199377115,0.049245365778677636,-0.0013409941964907309
2009-09-24,0.0005769543720413643,7.194697969178157e-06,4.025038917294671e-06,0.0,2.0281836719280692e-05,8.384360766392968e-07,0.235837639204781,0.19079303755143334,0.049935776676031454,0.0005446143623589714
2009-09-25,-0.0005956415822631834,4.986995150355205e-06,2.226599551300431e-06,0.0,1.6262916530389118e-05,7.147436291735822e-07,0.11156476953573712,0.16924929963408258,0.04917236993292075,-0.0006198328371244017
2009-09-28,0.0028884026864365317,1.1460003227464625e-05,7.871691102839034e-06,0.0,2.6485555176747654e-05,1.9047619047619047e-06,0.4230809015556437,0.35964183213009726,0.039641832130097227,0.0028406806750247184
2009-09-29,0.003187432860853662,8.837327954780297e-06,5.396909187398313e-06,0.0,2.6888071904163315e-05,1.6666666666666665e-06,0.26947978261494426,0.25857899756479386,-0.02142100243520617,0.0031446438851406534
2009-09-30,-0.0017796196881451941,1.135440187205289e-05,4.611451525269719e-06,0.0,2.335192289768991e-05,1.1430215402711426e-06,0.23641458081553554,0.14202761876555192,-0.05,-0.0018200804859804778
2009-10-01,0.001674644569876731,9.542004467782424e-06,2.511351849172584e-06,0.0,2.9610251431100254e-05,4.4263450940933416e-07,0.2352564778800989,0.09718129879038406,0.022818701209615926,0.0016325383276192664
2009-10-02,-0.0007848918424314652,4.229129239041173e-06,2.4019440956453203e-06,0.0,2.085410645882894e-05,0.0,0.09604619063281555,0.0,0.0,-0.0008123770222249806
2009-10-05,0.0,3.1513090017701035e-06,2.1649798338771674e-06,0.0,1.3586495638819483e-05,7.142857142857143e-07,0.1248619195776774,0.1248619195776774,0.004861919577677398,-1.9617070188752466e-05
2009-10-06,-0.0014314129324834802,3.1513090017701035e-06,1.8521490754160777e-06,0.0,1.4039128925752097e-05,0.0,0.12814125044684682,0.0,0.0,-0.0014504555194864185
2009-10-07,0.0,0.0,0.0,0.0,0.0,0.0,0.0,0.0,0.0,0.0
2009-10-08,0.0,0.0,0.0,0.0,0.0,0.0,0.0,0.0,0.0,0.0
2009-10-09,0.0,0.0,0.0,0.0,0.0,0.0,0.0,0.0,0.0,0.0
2009-10-12,0.0,0.0,0.0,0.0,0.0,0.0,0.0,0.0,0.0,0.0
2009-10-13,0.0,0.0,0.0,0.0,0.0,0.0,0.0,0.0,0.0,0.0
2009-10-14,0.0,0.0,0.0,0.0,0.0,0.0,0.0,0.0,0.0,0.0
2009-10-15,0.0,5.249927196514332e-06,4.027128580789286e-06,0.0,1.0605735209410456e-05,1.4026653775666608e-06,0.185647783431199,0.185647783431199,-0.04999999999999999,-2.1285456364280737e-05
2009-10-16,0.001512059327784611,2.284099411774147e-05,9.095483669612887e-06,0.0,4.372026827481958e-05,3.6428571428571428e-06,0.7251196982206414,0.6619999999999999,0.04999999999999999,0.00143275972457958
2009-10-19,0.0025020431872533632,1.2169993803811126e-05,8.347425321052757e-06,0.0,2.210422236408569e-05,1.5473806561475723e-06,0.41729951111322844,0.2525858568169769,-0.007374093415815242,0.002457874165108266
2009-10-20,-0.0010422040138221038,6.052062080185313e-06,2.861534106741296e-06,0.0,1.3484906184498799e-05,2.059720116572197e-06,0.1970572241729987,0.36765139503014,0.021618415446010897,-0.0010666622363101014
2009-10-21,0.0018714265753995113,1.2755170098541393e-05,7.790690163670415e-06,0.0,2.5977734603112422e-05,1.1147210738511887e-06,0.365749153170132,0.1596100661158507,-0.02766307429114901,0.0018237882594603358
2009-10-22,-0.0022700106605093593,3.1311565012343192e-06,1.3379255534011116e-06,0.0,6.9697043663534934e-06,1.934793506551409e-07,0.13866254553356092,0.05625226545503183,0.023747734544968157,-0.0022816429262810032
2009-10-23,-0.0002882010970187564,2.1360481814602626e-06,1.7848788859868031e-06,0.0,5.9210687671581375e-06,4.264256364447341e-07,0.11927928690930706,0.09581975346135765,0.024180246538642335,-0.0002984695184898063
2009-10-26,0.0008266792083845528,9.56816159190663e-06,3.9984499397039645e-06,0.0,4.4706628501086836e-05,1.3095238095238096e-06,0.2950069257470269,0.27,0.05,0.0007670964445423315
2009-10-27,-0.0012758269486404762,7.599013006055131e-07,6.106173652257313e-07,0.0,2.016848799534849e-06,1.0714285714285716e-06,0.037726189180391764,0.23000000000000004,0.05,-0.0012802857446772707
2009-10-28,-0.00402379924862678,6.611211873658296e-06,3.05311548030133e-06,0.0,2.0179428460121574e-05,6.100095371617772e-07,0.1713404629209232,0.15248160224317858,0.05,-0.0040542530139780234
2009-10-29,0.0024978240277832102,1.5446507583054443e-05,1.0239800471968506e-05,0.0,2.745387694893849e-05,2.0620267667232834e-06,0.45359472968250775,0.29642049680951166,-0.05,0.0024426218160125256
2009-10-30,0.0007583399652483177,2.6603688192763304e-05,7.237093032381829e-06,0.0,0.0003351566347520179,3.524927385154664e-06,0.5868522403182401,0.6360939003529917,0.0439060996470082,0.00038581762188600005
2009-11-02,0.0012467483699392515,7.851743422807511e-06,4.2305311790409465e-06,0.0,2.349196587884102e-05,2.2619047619047617e-06,0.2772926003220165,0.43,0.05000000000000002,0.0012089122246966573
2009-11-03,0.0011221495066504896,2.820514713095587e-05,1.239420368384571e-05,0.0,4.527775590883656e-05,9.523809523809522e-07,0.520861081877442,0.21054368932038836,0.05054368932038836,0.0010353200189744706
2009-11-04,0.00168913609382496,8.715622411197715e-06,4.218199839748888e-06,0.0,0.0002832482139210454,0.0,0.21296118436451544,0.0,0.0,0.001392954057652968
2009-11-05,0.0,2.4015285921469396e-06,2.111785402816823e-06,0.0,4.656803591499552e-06,7.821171680218512e-07,0.081395684227671,0.081395684227671,-0.05,-9.952234754485166e-06
2009-11-06,0.0004158320643748924,1.2561442741048663e-06,5.362861029637885e-07,0.0,1.4827344300013827e-06,4.283244806011034e-07,0.04906541123275522,0.03597925637049268,-0.03597925637049268,0.0004121285750872213
2009-11-09,-0.00043389939715940596,1.8374134649734659e-06,1.1780199296781786e-06,0.0,1.7096768641551604e-06,6.741147497723845e-07,0.05391623958339428,0.0632512779617606,-0.05,-0.0004392986221679852
2009-11-10,-0.00016169921526056587,7.311949014399159e-07,4.3053681733231706e-08,0.0,2.754896653327868e-07,5.066775797229044e-07,0.01655910835893527,0.051519242537122624,-0.0336025908563253,-0.0001632556310887947
2009-11-11,-0.00011610236223905892,1.074752950011942e-06,3.488559229283421e-07,0.0,1.356542346163764e-06,2.8509775734955493e-07,0.03272280952071098,0.023948211617362613,-0.023948211617362613,-0.00011916761121551252
2009-11-12,0.0002532681440241032,2.9021427839976447e-06,2.8075481700445e-06,0.0,7.909081019414466e-06,1.3243862349808186e-06,0.1536811143527798,0.17248305835621885,-0.05001382912055867,0.00023832498581566577
2009-11-13,0.00026217481409361067,3.431126734241949e-06,1.8651263929927078e-06,0.0,1.0079956482348094e-05,0.0,0.17287151077923096,0.0,0.0,0.00024679860448402794
2009-11-16,0.0,1.4236074602969255e-05,8.942597515182418e-06,0.0,1.839642458887566e-05,2.785714285714286e-06,0.41800000000000004,0.41800000000000004,-0.04999999999999999,-4.436081099274162e-05
2009-11-17,0.003084663946942513,1.258181581631555e-05,5.626080535373099e-06,0.0,1.1712502309918392e-05,5.952380952380952e-07,0.3970738150951909,0.05,-0.05,0.003054148310185668
2009-11-18,0.00023555974271655388,5.514271310431753e-06,3.861250033309624e-06,0.0,6.942464254740887e-06,1.682267074781435e-06,0.21454993198849873,0.23262086856328104,-0.05000000000000002,0.0002175594900432902
2009-11-19,0.0009925336105615495,5.4439492245496765e-06,1.1402675729171931e-06,0.0,9.195898973588922e-06,7.15085392959508e-07,0.11558067103569548,0.11365988500602714,-0.006474461011170211,0.0009760384093975342
2009-11-20,1.911193043059222e-05,4.3694973913359594e-08,1.1016336638608911e-07,0.0,7.33659749402029e-11,7.142857142857143e-07,0.00428934122822016,0.10925530969104022,-0.010744690308959776,1.8243713010032114e-05
2009-11-23,-0.0004206909483082714,1.3062309635497097e-05,6.6383914456328726e-06,0.0,3.534641655935256e-05,2.2619047619047617e-06,0.26116538125726807,0.33,-0.04999999999999999,-0.0004779999707106587
2009-11-24,-0.0008339961995551269,6.126455729636814e-06,2.0547642954312926e-06,0.0,2.848457679541624e-06,9.523809523809523e-07,0.18011471973967036,0.1511276877884371,-0.0088723122115629,-0.0008459782582121176
2009-11-25,0.00016156817763867423,7.793862537571104e-06,2.0325459750091776e-06,0.0,2.7854672593828066e-05,0.0,0.1514668364322245,0.0,0.0,0.0001238870965322659
2009-11-30,0.0,2.2485648369573093e-06,4.1189413062124696e-07,0.0,4.599680061393585e-06,1.1904761904761883e-07,0.06999999999999998,0.06999999999999998,0.05000000000000002,-7.379186648019759e-06
2009-12-01,3.7530979362901054e-05,5.1167147978129185e-06,1.432512119991252e-06,0.0,8.845959070124544e-06,7.259812411951633e-07,0.10184108917756968,0.17212613884336805,0.050161290322580626,2.1409812133777174e-05
2009-12-02,-0.0009503369276501776,2.860188092121301e-10,7.546806494228498e-10,0.0,0.0,7.259812411951633e-07,2.9524291580922124e-05,0.17114627762413695,0.04918142910334952,-0.0009510639495908314
2009-12-03,-0.0002570786688286742,3.717274772853873e-05,9.702761493746004e-06,0.0,3.108866534450737e-05,3.2142857142857143e-06,0.5213974687140908,0.5875268817204301,0.04752688172043004,-0.000338257129109752
2009-12-04,-0.003516578144905872,1.891971073017088e-05,1.0662808719000391e-05,0.0,3.0295415187584776e-05,3.952380952380952e-06,0.43498379821441424,0.6106454517002224,-0.05335454829977758,-0.0035804084604950086
2009-12-07,-0.000594378262880355,2.8308230289971955e-05,7.353934122847604e-06,0.0,1.9384578474974325e-05,3.1908075828158687e-06,0.40663894531223693,0.5880245487897846,0.051968874876718724,-0.0006526158133509648
2009-12-08,-0.0012587881164529866,1.6399318635780243e-05,7.1940167369309746e-06,0.0,2.6562584734302577e-05,2.0955627049122665e-06,0.3056677742691463,0.3030938736665506,-0.04896066075871011,-0.0013110395992649126
2009-12-09,-0.0001823100560654802,6.572593730104826e-06,2.9558582054279357e-06,0.0,6.828039035013545e-06,5.475276015886891e-07,0.19991321328126999,0.1045894074208063,0.012604770353906544,-0.0001992140746376152
2009-12-10,0.0006352466418818331,3.7494372836258158e-06,1.4293748716473132e-06,0.0,3.542902751788376e-06,4.494541383097113e-07,0.06542043230432198,0.0997226114027582,0.024214316166726722,0.0006260754728364619
2009-12-11,-0.00024144102022800914,8.048883112681798e-07,8.878828925764707e-07,0.0,2.17506074610372e-06,4.4669875150092805e-07,0.030202638686904575,0.06960031305849682,-0.005445077193659088,-0.0002457555509294584
2009-12-14,0.00014671079761812146,3.822172978208112e-06,2.5123589625516877e-06,0.0,7.019483889253363e-06,5.952380952380953e-07,0.09106293013663769,0.05000000000000001,-0.05000000000000001,0.0001327615436928702
2009-12-15,0.00048618284981189337,1.6714115249865489e-06,1.1538868754456914e-06,0.0,7.01139715625759e-07,7.955910312041634e-07,0.06362488548769835,0.08407867952313236,-0.04958061371916712,0.0004818608206646312
2009-12-16,0.00018103179267415896,4.326695708127307e-06,6.148015425932096e-07,0.0,4.193751232315416e-06,0.0,0.08394772960677656,0.0,0.0,0.00017189654419112304
2009-12-17,0.0,9.291373109340927e-06,4.226163840865682e-06,0.0,2.2614121047278572e-05,1.7301869096525635e-06,0.34067140082163067,0.34067140082163067,0.04999999999999999,-3.786184490713774e-05
2009-12-18,-0.00047148810312412534,8.670692071109424e-06,6.548863164596409e-06,0.0,2.3288628436578175e-05,9.523809523809523e-07,0.3683160155403015,0.19901857107574394,0.039018571075743934,-0.0005109486677487903
2009-12-21,0.00022959559645485618,6.2686592218465256e-06,5.2732914760929856e-06,0.0,4.292484285870685e-05,2.0952380952380947e-06,0.26360605871286724,0.302854225385066,-0.049145774614933996,0.0001730335648029717
2009-12-22,-0.00028769621178502413,1.1115098347493343e-05,4.339403714492166e-06,0.0,3.461180457326152e-05,2.1455547050966005e-06,0.28444303139461247,0.3443952315203756,-0.01605795893585324,-0.0003399080731253678
2009-12-23,0.002352980438377194,3.110090495066446e-06,1.2355316685110581e-06,0.0,5.882619112212049e-06,1.559285452071245e-06,0.12319921303416584,0.31205386541261326,0.050093909464644114,0.0023411929116493335
2009-12-24,0.0003123961446700259,9.345594672358271e-06,6.073661440510273e-06,0.0,3.536460315264594e-05,0.0,0.3134935760508949,0.0,0.0,0.00026161228540451143
2009-12-28,0.0,0.0,0.0,0.0,0.0,0.0,0.0,0.0,0.0,0.0
2009-12-29,0.0,0.0,0.0,0.0,0.0,0.0,0.0,0.0,0.0,0.0
2009-12-30,0.0,0.0,0.0,0.0,0.0,0.0,0.0,0.0,0.0,0.0
2009-12-31,0.0,0.0,0.0,0.0,0.0,0.0,0.0,0.0,0.0,0.0
2010-01-04,0.0,0.0,0.0,0.0,0.0,0.0,0.0,0.0,0.0,0.0
2010-01-05,0.0,4.824609095764047e-06,5.384412731027842e-06,0.0,9.931851950770133e-06,2.139472090352602e-06,0.3094313111792371,0.3094313111792371,-0.04999999999999999,-2.2280345867914627e-05
2010-01-06,-0.0015443918564029225,5.149021450580887e-06,3.75451857489267e-06,0.0,8.152474096303458e-06,1.8033958732378607e-06,0.2672962393826896,0.2514852533519803,-0.051485253351980335,-0.0015632512663979374
2010-01-07,-0.003801582024878561,2.123457151819152e-05,7.9562594662541e-06,0.0,5.8971826756267e-05,3.324491339456179e-06,0.5567638940029498,0.6080311046278095,0.049516559599171506,-0.0038930691739587297
2010-01-08,0.005728327420480991,2.0608145272871816e-05,7.690078333037696e-06,0.0,2.7966256901989966e-05,3.1972789115646264e-06,0.27716829766651696,0.5904747130939262,0.05333185595106896,0.005668865661061527
2010-01-11,9.034432361222034e-05,4.263000112428189e-05,9.168018267636721e-06,0.0,8.152829549601096e-05,1.1904761904761906e-06,0.5005364578947534,0.25,0.04999999999999999,-4.417246746618543e-05
2010-01-12,0.0016888747424864457,2.33121349486785e-05,1.5100568201022965e-05,0.0,3.989843934337455e-05,4.926011264720943e-06,0.7735000624951136,0.8505136932734798,0.022943800800361625,0.0016056375887286488
2010-01-13,0.0010645535440578415,1.9505110084311235e-05,9.94822969373431e-06,0.0,4.4688280727042296e-05,3.4653537312835683e-06,0.5835140737999366,0.631918120322976,0.04973869346733667,0.00098694656982147
2010-01-14,0.0013086009648582398,1.446792561180135e-05,6.698424752315547e-06,0.0,3.539105589305208e-05,2.8511447686835254e-06,0.31041489623840024,0.4743157280695074,-0.0046765930693248026,0.0012491924138323873
2010-01-15,-0.0005039970857126611,2.0291358273057803e-05,8.084143294399803e-06,0.0,3.320182372151903e-05,5.751294320744547e-07,0.548392313641644,0.0783108722942542,-0.018310872294254196,-0.0005661495404337122
2010-01-19,-0.0003146580726085809,6.238841736999428e-06,2.239525174134566e-06,0.0,2.1650025785655608e-06,0.0,0.07920384361987483,0.0,0.0,-0.00032530144209828046
2010-01-20,0.0,5.234357822794986e-06,1.5936958739965864e-06,0.0,1.292945998735696e-05,4.676419814488483e-07,0.09928192644170325,0.09928192644170325,0.02071807355829674,-2.022515566559738e-05
2010-01-21,0.00045389032957772913,1.895035619221159e-05,7.692023672570504e-06,0.0,2.882246828545064e-05,2.6428571428571434e-06,0.5269769309552005,0.49400000000000005,0.04999999999999999,0.00039578262428463924
2010-01-22,0.004383688059671976,1.1191215703686885e-05,6.137670969434746e-06,0.0,1.8404733922438914e-05,1.939226274106382e-06,0.33082732583423013,0.37579001404987217,0.04999999999999999,0.004346015212802309
2010-01-25,-0.00031921698589781953,1.201784990231816e-05,7.953846621045e-06,0.0,3.287682444655413e-05,2.1598639455782315e-06,0.4569599318018412,0.4128571428571428,0.04999999999999999,-0.00037422537081331506
2010-01-26,-0.00804267690344451,6.382894188222513e-06,5.693123749988447e-06,0.0,1.743260340278076e-05,1.3583236127861923e-06,0.31583753825830396,0.22792087961236124,-0.00027748733571906353,-0.008073543848398288
2010-01-27,-0.0020497771692014172,1.0496468701306764e-05,6.052507311563558e-06,0.0,2.5763621769185452e-05,2.198148136650462e-06,0.3051865003136321,0.3192158720500674,-0.05007301490721023,-0.0020942879151201236
2010-01-28,0.0016659404664172068,2.3482546527931523e-05,7.511455608262059e-06,0.0,4.507288667239111e-05,2.1899096230284195e-06,0.6164426791198949,0.417837886337165,0.04993306966839059,0.0015876836679855938
2010-01-29,-0.003517428782505578,9.897369629553362e-06,4.4738210516177924e-06,0.0,1.5220731452174876e-05,2.5217411415213276e-06,0.25461635661024634,0.47365251177558304,0.04999999999999999,-0.0035495424457804453
2010-02-01,0.002315350011634184,2.1182887707487723e-05,1.2194205944217914e-05,0.0,2.9597619961589408e-05,1.7142857142857143e-06,0.6004245206382554,0.3399091191497477,0.051909119149747676,0.0022506610123066034
2010-02-02,0.0014284038858812242,1.477969415790642e-06,9.873317693438842e-07,0.0,9.140566921065848e-07,1.7142857142857143e-06,0.03933254928163184,0.32548194176589984,0.037481941765899876,0.0014233102422896973
2010-02-03,0.0060566347650417235,9.84340822921056e-06,5.8676296249711015e-06,0.0,9.480241473341523e-06,1.0327052409892947e-06,0.30600636260197045,0.13592497424463085,-0.037569506241570655,0.006030410780473211
2010-02-04,0.0018894065252123829,1.1292840132415067e-05,2.0701295041155626e-06,0.0,2.4294658540414943e-05,7.12035434202344e-07,0.18862482436126965,0.17061452591342857,0.05099257296743477,0.001851036861601235
2010-02-05,0.0010693237920481257,3.6514432760907754e-06,2.051717215861201e-06,0.0,4.7653858569933465e-06,9.769658517892124e-07,0.1274637409406348,0.2145955472778229,0.050465284177235246,0.001057878279847391
2010-02-08,0.0025091991246395896,9.307787460308336e-06,3.948026861215465e-06,0.0,1.8849615331816478e-05,1.2810846628989488e-06,0.22677051099427692,0.2671275155594851,0.05190529219246173,0.0024758126103233504
2010-02-09,6.169740383529968e-05,7.127724571087025e-06,3.4447530979127073e-06,0.0,2.1867094882216293e-05,2.0258107652351856e-06,0.2003600188879992,0.39073865119568146,0.05040244263617026,2.7232020518848467e-05
2010-02-10,1.044436073957713e-05,1.2539312426579873e-05,8.640970552607106e-06,0.0,2.1550160235771458e-05,1.7857142857142859e-06,0.41106842443716307,0.2789781620061033,-0.021021837993896654,-3.407179676109559e-05
2010-02-11,0.0004992235054165449,6.128466777660852e-06,3.812303579526753e-06,0.0,1.1867975699600958e-05,9.748376006614887e-07,0.24159718415170914,0.14188635845556502,-0.02188635845556504,0.00047643992175909483
2010-02-12,0.0008620346787645738,6.903329089730482e-06,3.840182936947014e-06,0.0,2.5185055132571895e-05,7.142857142857143e-07,0.22758347748758526,0.08520385959313773,-0.03479614040686226,0.0008253918258910387
2010-02-16,0.0004947933821046461,2.477926399010653e-06,4.3461185448813694e-07,0.0,2.1250384983899618e-06,7.131213289517944e-07,0.0390807878013283,0.0956031446774454,-0.024201238586456054,0.0004890426840238056
2010-02-17,-0.0008905527699389538,7.74099121501987e-06,4.625718537896087e-06,0.0,1.77027198707713e-05,1.4285714285714284e-06,0.2153546346260842,0.1902628432696892,-0.049737156730310775,-0.0009220507709912125
2010-02-18,-0.0003326771275772942,9.534763179696362e-06,5.077528889758036e-06,0.0,1.6016665124575595e-05,2.0238095238095233e-06,0.2733115362268659,0.29000000000000004,-0.05000000000000002,-0.00036532989429513367
2010-02-19,-0.004067348975456508,9.264643878483249e-06,3.626951542497067e-06,0.0,1.5525179109589354e-05,1.527902723275895e-06,0.241891828629666,0.20645879457697605,-0.050228862933374335,-0.004097293652710354
2010-02-22,0.0002963265277619978,1.0389720156582984e-05,3.154425768397043e-06,0.0,2.25619289711066e-05,1.5725094577553593e-06,0.25274567666114356,0.2947387801918808,0.030557191288980445,0.00025864794340815583
2010-02-23,-5.129512173619988e-05,1.3140069736750931e-05,4.84486879891755e-06,0.0,2.015215444782838e-05,8.474464639851747e-07,0.21947233466376362,0.14897627103835032,0.006605265088840958,-9.027966118368191e-05
2010-02-24,0.0007168451041570063,7.100723803919643e-06,2.674096985732401e-06,0.0,1.309289920845011e-05,1.281086231538828e-06,0.17632613017149343,0.2525952708612866,0.03737278396276347,0.0006926962979273653
2010-02-25,-0.0014905802415273789,5.601159133858727e-06,2.614143685801627e-06,0.0,1.211838155254234e-05,4.761904761904761e-07,0.14060592164213587,0.11079352900558963,0.030793529005589647,-0.0015113901163757721
2010-02-26,0.0007000042992922935,4.410481195556232e-06,2.504426413574629e-06,0.0,1.3104668827277289e-05,0.0,0.11163099034955545,0.0,0.0,0.0006799847228558853
2010-03-01,0.0,4.956384905342972e-07,7.056557246601677e-07,0.0,1.6217376291192462e-06,3.0010459903142074e-07,0.02520878631863934,0.02520878631863934,-0.02520878631863934,-3.123136443345132e-06
2010-03-02,0.00010936795243983766,5.190408684209281e-06,3.2053960466732185e-06,0.0,1.2490015253081923e-05,1.418800021705016e-06,0.16876562132893425,0.18835840364644274,-0.049999999999999996,8.706333243416822e-05
2010-03-03,0.0023134632906872074,1.7219713920003307e-06,1.4527947235049124e-06,0.0,3.727137186269724e-06,1.3074156371290027e-06,0.10112070798659349,0.16982291351883622,-0.049822913518836234,0.0023052539717483035
2010-03-04,-0.0002209996279526939,4.675284350538494e-06,2.154587225752027e-06,0.0,9.548642442750305e-06,0.0,0.17181204032786687,0.0,0.0,-0.00023737814197173472
2010-03-05,0.0,3.767483161108991e-06,1.691172320217096e-06,0.0,1.386436178327908e-05,4.761904761904761e-07,0.13,0.13,0.05,-1.9799207740795647e-05
2010-03-08,-0.0009088452450792639,5.772865309840941e-06,4.0206592582101985e-06,0.0,1.1594932001861001e-05,1.7857142857142857e-06,0.2409111907358732,0.35,0.05,-0.0009320194159348903
2010-03-09,0.0029098944158406723,1.8355669660059897e-05,6.634526845144584e-06,0.0,4.6948468952147146e-05,1.5476190476190474e-06,0.3329031938422008,0.30999999999999994,0.05000000000000001,0.0028364081313357018
2010-03-10,4.3689427750086614e-05,1.7774509866443502e-05,7.502139319344835e-06,0.0,5.1917673296482645e-05,8.637848682403451e-07,0.42128257262290214,0.172557928932189,0.027442071067811,-3.436867960042471e-05
2010-03-11,0.0016014702630973484,1.2150049277768314e-05,9.01649421137607e-06,0.0,3.6651056439259996e-05,2.333333333333333e-06,0.47414910519980846,0.379302227530686,-0.012697772469314028,0.0015413193298356106
2010-03-12,-0.0015696607165733808,8.067358602937815e-06,3.0649447490421933e-06,0.0,1.240522230728145e-05,2.8596087456846952e-06,0.12108568771778777,0.4328159689370896,-0.04759830033793916,-0.001596057850978327
2010-03-15,0.0022716756049730408,1.8104635518228508e-05,6.099580049513415e-06,0.0,3.684004308779854e-05,0.0,0.4306864986634835,0.0,0.0,0.0022106313463175
2010-03-16,0.0,1.677407200713985e-06,1.8277720230362972e-06,0.0,4.427446954188925e-06,7.142857142857143e-07,0.13567408287598615,0.13567408287598615,0.01567408287598615,-8.646911892224922e-06
2010-03-17,0.00231605523204735,6.952216740949805e-06,5.215546756501904e-06,0.0,1.1275385551475011e-05,2.483220634844313e-06,0.23291717982262417,0.3671810666538446,-0.04999999999999999,0.002290128862363579
2010-03-18,0.0007242923889511648,4.367206103386064e-06,3.14229796183829e-06,0.0,1.00262162164289e-05,1.2274224032476294e-06,0.2212678068324827,0.1562069637456017,-0.05000000000000002,0.0007055292462662639
2010-03-19,0.0019501225931041898,1.558209171144874e-05,1.0645229627507586e-05,0.0,3.1958696758298005e-05,3.857142857142858e-06,0.6460498774068958,0.5980000000000001,-0.04999999999999999,0.0018880794321497925
2010-03-22,0.0005552292011144648,1.857543321638946e-05,6.426026103325997e-06,0.0,1.615156183986536e-05,3.8621401167101915e-06,0.4050029564688248,0.5984197698036562,-0.050419769803656075,0.0005102140398381738
2010-03-23,0.001513815235382192,1.3464104240834728e-05,5.317573700206777e-06,0.0,1.9144275630395147e-05,4.224489795918367e-06,0.2371105963865414,0.6613474989611247,-0.048366786753161056,0.0014716647920148369
2010-03-24,0.0021018520252223645,2.8194126526749095e-05,9.326800386737206e-06,0.0,3.841616836901299e-05,2.0538064487888576e-07,0.6147558380936774,0.0772519741698264,0.04274802583017359,0.0020257095492949863
2010-03-25,-4.96358334583582e-05,6.050240647913297e-06,3.6341857964482706e-06,0.0,9.025541387713435e-06,1.3095238095238094e-06,0.23269838999671522,0.26999999999999996,0.04999999999999999,-6.9655325099957e-05
2010-03-26,0.0002251613765321092,7.505404762869502e-06,4.4301840602960394e-06,0.0,6.924710740532934e-06,0.0,0.2204819080042737,0.05,0.05,0.00020630107696841075
2010-03-29,0.0003398414901260453,1.260401179439737e-06,1.4745918305196262e-06,0.0,3.932063235499512e-06,0.0,0.09726425783939999,0.0473094006479563,0.0473094006479563,0.0003331744338805864
2010-03-30,-1.117559815688191e-05,1.1572019804874851e-05,5.039938639088596e-06,0.0,2.0975292765692523e-05,1.5232726392826094e-06,0.29588203023689186,0.3058859109300929,0.04997610753061446,-5.028612200582049e-05
2010-03-31,0.001245819975784492,2.1056316355547374e-06,3.193506906051136e-06,0.0,7.659858448715083e-06,2.137880875822998e-06,0.1504148449128356,0.3308933740179627,-0.028270613120300984,0.001230723097918348
2010-04-01,0.001928180322503039,1.6402690044313464e-05,7.309424376637057e-06,0.0,3.036260237610765e-05,1.6639871382636655e-06,0.43938449634436905,0.2810891951935336,0.0015393559652377847,0.0018724416185677173
2010-04-05,-0.00024640130919101615,1.1108670818277463e-05,5.141197880964331e-06,0.0,1.4399952348731787e-05,0.0,0.283879927902165,0.0,0.0,-0.00027705113023898973
2010-04-06,0.0,0.0,0.0,0.0,0.0,0.0,0.0,0.0,0.0,0.0
2010-04-07,0.0,8.15456587719104e-06,6.256038453985834e-06,0.0,2.4999968831048203e-05,2.1428571428571427e-06,0.41,0.41,0.04999999999999999,-4.1553430305082216e-05
2010-04-08,0.0029635070474167157,4.903895951722266e-06,3.38192033807821e-06,0.0,1.4483522250679466e-05,6.765854315335937e-07,0.2418109829946295,0.16683317624882188,0.05316682375117814,0.0029400611234447023
2010-04-09,-0.0001032077536110045,5.6113366240867834e-06,5.0527129830898635e-06,0.0,1.251661620968963e-05,2.543489969031911e-06,0.3112832266037523,0.4796531573986805,0.05234684260131944,-0.0001289319093969027
2010-04-12,-0.0035061384753175833,7.328488811801076e-06,6.9280771631288295e-06,0.0,1.6692325139191648e-05,7.142857142857143e-07,0.4147766324559584,0.06999999999999999,-0.05,-0.0035378016521459906
2010-04-13,-0.0005233170642695351,5.956331158116132e-11,1.6963333321756835e-10,0.0,0.0,7.205952743570776e-07,6.685981724985357e-06,0.07053000304599451,-0.05053000304599452,-0.000524037888740537
2010-04-14,0.001063936035471919,5.994997402045044e-06,4.638598163275871e-06,0.0,1.8392373472374957e-05,1.7142857142857147e-06,0.28746606701052263,0.23800000000000004,-0.05,0.0010331957807199373
2010-04-15,-0.000982165584737122,7.532026362706129e-06,5.722195448228493e-06,0.0,2.851523592942273e-05,3.019951334944202e-06,0.4126937465505759,0.46367591213531295,-0.04367591213531295,-0.0010269549938124235
2010-04-16,0.004895094234901171,4.523782741845144e-06,3.063456683407884e-06,0.0,1.3239988780119005e-05,1.9169963981457704e-06,0.24886470994553395,0.3447520151500752,0.02269662026158588,0.004872350010297653
2010-04-19,0.0003606672009032373,2.6625474159387037e-05,1.7301746519048434e-05,0.0,5.591687019599738e-05,5.4761904761904765e-06,0.8621315559295344,0.8704610579612757,-0.04953894203872422,0.000255346919552614
2010-04-20,-0.0030597128218800805,2.2289182151368648e-05,7.460816751090186e-06,0.0,3.872320406702398e-05,2.0286643026004727e-06,0.5415595666541397,0.33853158046904963,-0.002284022367829819,-0.003130214689152164
2010-04-21,-0.0013150519755331055,7.337684438905304e-06,5.851905001873052e-06,0.0,2.135893928235533e-05,1.554769898624554e-06,0.34849074034017763,0.21120134296892507,-0.05,-0.0013511552741548637
2010-04-22,-0.0005134072789434705,7.4859479922517045e-06,5.846795651937516e-06,0.0,1.1693242309355687e-05,1.8197278911564626e-06,0.4077953702542203,0.2557142857142857,-0.05,-0.000540252992788172
2010-04-23,-0.00032040595087279744,7.874399050562422e-06,5.0699532553701425e-06,0.0,1.3875313118150139e-05,1.738095238095238e-06,0.2926734309802458,0.242,-0.04999999999999999,-0.0003489637115349754
2010-04-26,-0.000689225289125646,2.8886219895194207e-06,2.263055018406863e-06,0.0,4.025612602770764e-06,2.5801588745575437e-06,0.1615463044295616,0.38247224182891704,-0.050994449096750175,-0.0007009827376109006
2010-04-27,0.003492075947135407,2.4709383353144246e-05,1.3148072751112862e-05,0.0,4.4841978162119126e-05,6.075246779513898e-06,0.9916960869105473,1.0753207294791673,0.0546792705208326,0.003403301266089517
2010-04-28,0.0020713991468610292,1.8668066513696482e-05,1.4398644538672336e-05,0.0,3.5298616340816024e-05,2.376459285268667e-06,0.8491856519153791,0.44996874256789715,0.05072358264276107,0.002000657360182576
2010-04-29,-5.595017981648979e-05,1.3153044650375657e-05,9.716171219551512e-06,0.0,2.1889010480812924e-05,9.74836307026142e-07,0.47473631728644683,0.1139019007360828,-0.04987059884430905,-0.00010168324247425601
2010-04-30,-0.0002290567354569216,1.3813896882342965e-05,6.0907698404864545e-06,0.0,2.3150257584730872e-05,2.5e-06,0.5167130976121095,0.47000000000000003,0.050000000000000044,-0.0002746116597644819
2010-05-03,0.0019846820787651092,1.7042115368506636e-05,1.165918597558432e-05,0.0,3.4640340101039176e-05,2.6457648267449107e-06,0.5474187263437876,0.3943453192851377,-0.05014317160800719,0.0019186946724932341
2010-05-04,0.004595084527031544,3.030411065885933e-05,2.187263277292746e-05,0.0,6.367682726847775e-05,8.344759275090714e-06,1.3121966883203204,1.3523013491699256,-0.04961820904531422,0.004470886197056189
2010-05-05,0.002750648435229103,3.442484595037507e-05,1.3454762454016297e-05,0.0,5.989457253570466e-05,7.186497182883826e-06,0.7170030132212869,1.1591500765180456,-0.04818145020643727,0.002635687757106123
2010-05-06,0.004975088447422709,4.38436274036257e-05,1.77809493562048e-05,0.0,8.527389648899472e-05,3.8033608407690506e-06,1.1827569107527671,0.58966813883714,-0.049296482412060305,0.004824386613333115
2010-05-07,0.00023051930692380844,2.1641392288046026e-05,1.0329942711668726e-05,0.0,4.01830483020698e-05,4.333461085201716e-06,0.5984615292640466,0.680171132815036,-0.04785032949885219,0.00015403146253682216
2010-05-10,-0.0036428991361087356,4.8059562982954446e-05,3.138115529623175e-05,0.0,8.239815792464251e-05,1.2111110975794451e-05,1.7397310100659102,1.9881895607954092,-0.04647708313805854,-0.003816849123288359
2010-05-11,0.010009468149822997,4.629018650556797e-05,2.6829625267010877e-05,0.0,8.012797084114752e-05,5.911392692834823e-06,1.8348495367832611,0.9425107746600172,-0.05060319773623309,0.009850308974516435
2010-05-12,-0.004083522029612379,3.0184427041546762e-05,1.3098687239285017e-05,0.0,4.6437137905777675e-05,3.4367606677323765e-06,0.7374958405798205,0.5283007908912473,-0.049075001287791964,-0.004176679042466721
2010-05-13,-9.164313184303027e-05,1.6467852737296113e-05,8.1103271455842e-06,0.0,2.9829165038177418e-05,1.7501208701309556e-06,0.44469909534431384,0.24537731189255976,-0.048642994289440786,-0.00014780059763421896
2010-05-14,0.0018642458778798834,1.2703966105680758e-05,7.1318684684688605e-06,0.0,2.0465549574050237e-05,2.823369798427699e-06,0.3722487294526376,0.4237859470673657,-0.05054017906848765,0.0018211211239332558
2010-05-17,0.0037358737852321157,1.3684758785007472e-05,4.867687538340178e-06,0.0,2.2819150534470566e-05,1.4897961429999301e-06,0.2693768175656537,0.20807406882601714,-0.0422116831979711,0.0036930123922312976
2010-05-18,0.002282797429405281,6.188271488549602e-06,2.1677708893823193e-06,0.0,1.1144370001824608e-05,2.08073473736269e-06,0.18719382458102415,0.3905181365384678,0.040954700661535795,0.0022612162822881615
2010-05-19,-0.00016666931344576884,1.4129489901863825e-05,6.927920513162063e-06,0.0,2.601567029335509e-05,5.648659534029565e-07,0.46256571583586065,0.14489748017169668,0.05,-0.00021430726010755277
2010-05-20,-0.001859650909829169,1.2005390764721519e-05,5.626028216109122e-06,0.0,1.9096774401441303e-05,1.9380745691326256e-06,0.3722534257833695,0.3755965276142811,0.05000000000000002,-0.0018983171777805735
2010-05-21,0.002956556185218004,2.7328710140948792e-05,2.0409607782284283e-05,0.0,4.918361183466536e-05,6.674879496358206e-06,1.0768761240828373,1.075090783086145,-0.04628897230203399,0.0028529593759637475
2010-05-24,0.001385244003146152,2.7509994942014932e-05,1.156114881906311e-05,0.0,3.402451389807895e-05,5.72046562710244e-06,0.8809225744653912,1.0159194417845656,0.05488121643135589,0.0013064278798598926
2010-05-25,0.001821543796940435,2.1987574119703748e-05,1.242036555523444e-05,0.0,3.596990771632936e-05,4.837392204124702e-06,0.6234440676679893,0.7867531300940378,-0.025928760198912312,0.0017463285573450426
2010-05-26,-0.0024785895855795833,3.282465490313001e-05,1.285653770714683e-05,0.0,4.486865809740814e-05,1.326498067135447e-06,0.8084079013328177,0.2722623340641067,0.04941065878535163,-0.002570465934354404
2010-05-27,0.00029158507401721187,1.3123714143651102e-05,8.04188112563975e-06,0.0,2.0615814399967042e-05,1.4216946192293523e-06,0.3444216307383704,0.1898423667218093,-0.04900232930872188,0.0002483819697287246
2010-05-28,0.003694176206956411,1.3411311514191168e-05,5.178134005071953e-06,0.0,1.527319095946418e-05,2.7265674160274416e-06,0.43574485067320373,0.5098602009715261,0.05179687507891581,0.0036575870030616563
2010-06-01,-0.00029676198898516973,1.1189570727263356e-05,4.28634403410509e-06,0.0,1.2391756560038429e-05,2.5203323155190582e-06,0.24369190688474676,0.47522404063044027,0.051808211623238454,-0.0003271499926220957
2010-06-02,-1.2368342554356106e-05,2.440875432846702e-05,1.3285932037285686e-05,0.0,2.434038528244669e-05,2.0385682632374623e-06,0.6584041966904923,0.392902301260999,0.05042283303710533,-7.644198246579297e-05
2010-06-03,-0.00020422311653720235,1.054446684362436e-05,3.281046944402056e-06,0.0,1.3695472294345675e-05,1.1152694987644058e-06,0.195636296726468,0.23492110572236558,0.0475558299299454,-0.00023285937211833883
2010-06-04,-0.0026823760200073775,7.406504332272762e-06,4.5745816512704405e-06,0.0,6.269051382581631e-06,1.0903944896789767e-06,0.21840598967113883,0.13337877840180878,-0.04980749586425928,-0.0027017165518631813
2010-06-07,-0.0009365827367468544,8.039332622271822e-06,3.835834984929583e-06,0.0,1.4993130725685082e-05,1.1907115896836707e-06,0.3013425416375003,0.25003954706685666,0.05000000000000002,-0.0009646417466694246
2010-06-08,0.0001229537672792044,3.923093297530925e-06,2.0480772525309202e-06,0.0,3.489399905585965e-06,1.1584674682076134e-06,0.10430713024100054,0.24484589262253495,0.05022335796365586,0.00011233472935534897
2010-06-09,0.0003196257971860885,5.149913017189374e-06,3.899931938497736e-06,0.0,8.441784355054149e-06,2.1706687269640834e-07,0.23511726509372405,0.044807966461563924,0.008340731848567318,0.0003019171010026508
2010-06-10,-9.420756777424566e-05,2.7235725209475913e-06,2.263084394483239e-06,0.0,3.5739226291985564e-06,7.566469380805711e-07,0.08210168649867194,0.07711668559753591,-0.05,-0.00010352479425695561
2010-06-11,-0.0004790180700720026,4.778461663454676e-06,3.7583312960270315e-06,0.0,5.381212538083838e-06,2.081045245541858e-06,0.22155655861146192,0.29928486220864214,-0.050330739042389994,-0.00049501712081511
2010-06-14,-0.0011449143437509324,5.157642467965848e-06,2.7837042737937324e-06,0.0,5.3422187559975725e-06,1.8180542987838564e-06,0.1978570257734025,0.2542801992324307,-0.05115292296325718,-0.0011600159635474733
2010-06-15,-0.0012107988018853944,8.49530777738185e-06,3.3977004858802354e-06,0.0,1.1598789589607898e-05,5.354060914797261e-07,0.23861133215357372,0.07833889049796336,-0.011609332870630618,-0.001234826005829744
2010-06-16,-0.0004979626310230308,2.3063249646547164e-06,1.3847476336677937e-06,0.0,3.9614997776697765e-06,3.2431372323897656e-07,0.06979416463701683,0.035841359453864165,-0.0186433460502839,-0.0005059395171222621
2010-06-17,-0.00011892893124127566,1.0910281808362899e-05,6.760008639228205e-06,0.0,2.3672405245070333e-05,2.115140301998181e-06,0.3241058457172197,0.3053435707356944,-0.05000000000000002,-0.00016238676723593528
2010-06-18,-0.0006965678636639516,7.259142889269611e-06,3.2427504748994256e-06,0.0,1.5545004247400782e-05,7.500981917050711e-07,0.23082157955028848,0.07552239480672777,-0.05049410139972417,-0.0007233648594672264
2010-06-21,-7.397168980047881e-05,7.5932497603362955e-06,4.063779925421966e-06,0.0,1.4534948577507433e-05,1.4307295343505242e-06,0.2409306348604127,0.19036256177088803,-0.05000000000000002,-0.00010159439759809504
2010-06-22,-0.00013297567739396245,6.330683962267709e-06,2.2214502740389615e-06,0.0,1.3661067083340246e-05,1.5722896917967496e-06,0.16825571825159402,0.26209693025451697,-0.0020477379673369267,-0.0001567611684054061
2010-06-23,-0.002258331564459761,1.920245409301719e-06,8.977275670539095e-07,0.0,4.435182678874082e-06,1.0001061773182398e-06,0.08989205245911842,0.20488315943486607,0.03686532164540179,-0.002266584826292309
2010-06-24,-0.001924215651324893,3.0436580408145327e-06,1.170631039380619e-06,0.0,2.3075974637490037e-06,6.850222103615576e-07,0.09276538505727164,0.16508373134074167,0.04999999999999999,-0.0019314225600791989
2010-06-25,0.0014491270691924644,1.1442140264384229e-05,5.425842313564954e-06,0.0,2.3520693411850388e-05,1.849050214829232e-06,0.29334815187129787,0.3478859070422812,0.037245470950970194,0.0014068893429878355
2010-06-28,0.003045633259441886,8.899036056375588e-06,4.90686234737745e-06,0.0,1.942653307759386e-05,1.8488400117475146e-06,0.3142131419771811,0.36022618343931484,0.04962106146573248,0.0030105519879487916
2010-06-29,0.0005387520213964372,8.973272557112844e-06,7.23325407036349e-06,0.0,2.3353798267894933e-05,3.5387546738463817e-06,0.35289743293950493,0.563346724371682,-0.03116406083451019,0.0004956529418272196
2010-06-30,-9.353300486302518e-05,1.0684635725081587e-05,5.6452736638796995e-06,0.0,1.8580335177854515e-05,2.508780850529089e-06,0.33133886649885963,0.3726827935671667,-0.04879238932172031,-0.00013095203028037008
2010-07-01,-0.000469396975090855,3.5300572319020353e-06,8.911444440151258e-07,0.0,7.916900452285401e-06,2.1735683921164e-06,0.05576488811508664,0.31587291215515617,-0.04928657772039906,-0.0004839086456111739
2010-07-02,0.0010175230369989406,1.4669421276124882e-05,7.72830652418413e-06,0.0,2.841098045939378e-05,1.5473710893877652e-06,0.6236065853126186,0.3099583430171446,0.050000000000000044,0.00096516695764985
2010-07-06,-0.0009964789801966707,1.2108350495749003e-05,6.921921007748035e-06,0.0,1.0933057499055197e-05,3.8513107383253543e-07,0.29239098446302914,0.06467728940046386,-2.4731003402087698e-05,-0.0010268274402730553
2010-07-07,-0.0005591651100268712,3.362627867001674e-06,2.1937865301107704e-06,0.0,5.646427419933772e-06,6.217660768972261e-07,0.08973821989842516,0.05445670091873396,-0.05,-0.0005709897179208146
2010-07-08,-0.0005276338169720048,2.481030942736135e-06,3.9393279185485254e-07,0.0,1.287761788980516e-06,4.388236921384868e-07,0.039069881560760134,0.03686119013963289,-0.03686119013963289,-0.0005322353661877149
2010-07-09,-0.0002387616689088041,7.75703080356314e-07,7.391639195051643e-08,0.0,2.2975225027956842e-06,1.2812687596753976e-07,0.028429381519429392,0.012854744873434373,-0.008670570289112304,-0.00024203693775987415
2010-07-12,-3.9735263841789926e-05,3.1892751131237626e-07,8.16737636059186e-08,0.0,8.553980791264879e-07,0.0,0.01289705343037845,0.0,0.0,-4.099126319583471e-05
2010-07-13,0.0,8.35311717441443e-06,2.431825990722976e-06,0.0,1.2396366853372304e-05,9.775967207596083e-07,0.2101089512100741,0.2101089512100741,0.04587270212245988,-2.415890673926932e-05
2010-07-14,-0.0017137067800927445,1.5345710764241736e-05,8.847546519922373e-06,0.0,2.388046927750149e-05,2.6055593485003995e-06,0.34185132435627513,0.38601031969864225,-0.05172365084942476,-0.0017643860660029106
2010-07-15,0.00047310050539057,9.840041229964274e-06,3.1186880407940685e-06,0.0,1.157214904109627e-05,1.8045841444890562e-06,0.16456429935890332,0.252672861040169,-0.050497275233992445,0.00044676504293422633
2010-07-16,0.0026556254732049574,1.4198227191632454e-05,3.53228831821339e-06,0.0,2.324584175794769e-05,4.975915795029161e-07,0.2572839805078673,0.13465668589409813,0.0510613005376082,0.002614151524357661
2010-07-19,-1.6336023997136913e-05,3.4535581014092734e-06,1.2383732719767294e-06,0.0,2.927420036633484e-06,5.562601532268301e-07,0.06763806585655865,0.13339990762354553,0.03994820188143808,-2.451163556038323e-05
2010-07-20,0.00045149995768784445,5.490776001089648e-06,3.6767265012808496e-06,0.0,8.1792106878376e-06,9.564776328987306e-07,0.13901054604655,0.11093611854726772,-0.049752123779719035,0.0004331967668647376
2010-07-21,0.001958564780125874,9.400234894806505e-06,2.6707680767879585e-06,0.0,1.5730985646103425e-05,1.151262819338818e-06,0.11286997674634552,0.14430512105280502,-0.04910703259611647,0.0019296115286888372
2010-07-22,0.0036394973715660815,8.532853896925492e-06,4.914810720040745e-06,0.0,1.5110035244675497e-05,2.088149888776392e-06,0.26544042399639367,0.3006258687541873,-0.050183312560246426,0.0036088515218156633
2010-07-23,-0.0015540593333090542,1.4171326142425284e-05,6.257388346000922e-06,0.0,1.905254983866311e-05,2.977074305993003e-06,0.32663119749875563,0.45009000317717923,-0.05005848022964515,-0.0015965176719421365
2010-07-26,-0.0014047359941958808,8.200581651392682e-06,3.821932074552647e-06,0.0,8.301610542593628e-06,1.9443052151629494e-06,0.2273754493697557,0.2764277335548907,-0.05021554259248484,-0.0014270044236795827
2010-07-27,0.001519799102184939,8.802460215483081e-06,3.8120324831224736e-06,0.0,9.697753820509688e-06,5.909475949806379e-07,0.2686217423536055,0.04963959797837358,-0.04963959797837358,0.0014968959080708432
2010-07-28,0.0006072030558232594,4.321606940180049e-07,2.3289684993254816e-07,0.0,4.658812753883612e-07,5.872015453780724e-07,0.01631634450291359,0.04932492981175807,-0.04932492981175807,0.0006054849154585424
2010-07-29,-0.002864977282689415,1.2999619898739274e-06,1.4522564051144667e-07,0.0,2.7624235823279138e-06,9.114482738935761e-08,0.055856015581325635,0.018978439488290234,0.003666108486878157,-0.002869276038729518
2010-07-30,0.00026561559691124165,5.744797182736971e-06,1.7354456086264628e-06,0.0,9.247854888735252e-06,7.741582035925695e-07,0.1610810605894939,0.18032327192623043,0.05026469372267878,0.0002481133410275504
2010-08-02,0.0008426587666332911,3.540956581975199e-06,2.352533596755818e-06,0.0,4.472529100141587e-06,1.3130163797234553e-06,0.09897593106062819,0.21956911028249504,-0.0010176415110454418,0.000830979730974695
2010-08-03,0.0004955858692310519,3.2886401448556355e-06,2.235697836772257e-06,0.0,5.3571832721228965e-06,1.4349756831145098e-06,0.0742403181989974,0.19107591476323763,-0.049999999999999996,0.0004832693722941866
2010-08-04,-0.00040754765513777917,6.601536162902474e-06,2.5070946263380943e-06,0.0,5.645172686254605e-06,2.5184159282536295e-07,0.15708934872300512,0.03548383366807722,-0.006825553926583759,-0.0004225533002060997
2010-08-05,0.00038514369112374516,4.639911588877301e-06,4.502524405283722e-06,0.0,2.8221157038008414e-05,1.539421226128523e-06,0.24444698203595025,0.2086227659895919,-0.05,0.0003462406768654472
2010-08-06,0.003489581409708674,8.923585468888963e-06,3.113995423957129e-06,0.0,2.1617889769354932e-05,1.656296523894212e-06,0.2219167648112405,0.23213119845416394,-0.04612661756006371,0.003454269642522579
2010-08-09,0.0036264128223035402,1.0024578379287361e-05,3.2519373396629195e-06,0.0,4.5126842657574247e-05,4.068347555682158e-07,0.23297519231136438,0.11834823893546025,0.05,0.0035676026291714476
2010-08-10,4.53137380679516e-05,2.2647552774918617e-05,1.128589063634737e-05,0.0,5.003506380756554e-05,4.635861718616309e-06,0.7657007026384299,0.8288247687275399,0.04999999999999999,-4.329063086949623e-05
2010-08-11,0.0006420036995977021,2.835998760352771e-05,1.0103473930100405e-05,0.0,4.696640698800477e-05,2.7376505031220314e-06,0.5571919499434599,0.5099252845245014,0.05000000000000002,0.0005538361805729472
2010-08-12,-0.003746760058452114,2.65167280104704e-05,1.55107468089499e-05,0.0,3.586410889858009e-05,3.2106786500531177e-06,0.7764321905324529,0.5894087517711747,0.05001473856225086,-0.0038278623208201673
2010-08-13,-0.00011835495751712239,1.5576612676120278e-05,7.47649885670556e-06,0.0,2.1683738042509725e-05,1.3799967695780597e-06,0.4915420668993693,0.28139013635132015,0.04955067906220605,-0.000164471803862036
2010-08-16,-0.00038846904677625497,9.200363261973428e-06,5.190216662966602e-06,0.0,1.7585608676818243e-05,1.585798402765484e-06,0.2708305375349297,0.31610151515855245,0.04968738349395116,-0.00042203103378077875
2010-08-17,0.0012573407927263553,1.1675020058472423e-05,5.889447471724885e-06,0.0,1.6221408637635576e-05,1.1249840938268215e-06,0.24023757755791325,0.16550640098230987,-0.023490926780596104,0.0012224299324646957
2010-08-18,3.819777370607943e-05,7.71977913393975e-06,1.950632741197487e-06,0.0,1.4821548533271398e-05,6.76534506287743e-07,0.15966109292979017,0.16360133516013797,0.049943538103797154,1.302927879138305e-05
2010-08-19,-0.0010786212118810456,7.775501635448426e-06,4.183265686095325e-06,0.0,1.2818579313080154e-05,3.529292145299298e-07,0.21981733218998464,0.05819800858097336,-0.0010940994600548357,-0.0011037514877301994
2010-08-20,9.744896623574539e-05,6.24939005533155e-06,1.3841462008543074e-06,0.0,8.879190755106268e-06,1.9702800856388234e-07,0.10828544050768597,0.0830231602787352,0.049922454840002975,8.073921121588938e-05
2010-08-23,-0.0002604613866510621,6.346664776380859e-07,3.5721929034361155e-07,0.0,3.118678750722676e-07,1.9702800856388234e-07,0.01757873738872213,0.0830231602787352,0.049922454840002975,-0.00026196216830268
2010-08-24,0.0001457043776191464,1.0608570890960152e-05,4.152183120192556e-06,0.0,1.487622255080514e-05,6.625256169144096e-07,0.24391927429799634,0.1613043036416208,0.04999999999999999,0.00011540487544027414
2010-08-25,0.00016008167452341053,7.262699875087007e-06,3.621861329696602e-06,0.0,1.3761032363470162e-05,1.752588882425138e-06,0.24357070239865639,0.34491732791336144,0.05048239566593826,0.00013368349207273163
2010-08-26,-0.0010597379398682154,1.178015192252944e-05,4.463645862087653e-06,0.0,1.4344307083371332e-05,3.3913819421339762e-06,0.3094502894758412,0.6197521662785078,0.04999999999999993,-0.0010937174266783378
2010-08-27,0.0033857005318027223,1.6464961255085597e-05,1.0777742472112016e-05,0.0,3.6843694955125354e-05,2.6065300451566045e-06,0.5238292164822598,0.410317104637512,-0.027579942948797537,0.0033190076030752426
2010-08-30,0.000686584918249468,5.589603709926484e-05,1.4662482275123694e-05,0.0,0.00013357876351455732,7.273715442860355e-06,1.0632137823345258,1.2737090124749475,0.05172481807440776,0.00047517391991766175
2010-08-31,-0.001268011160983371,2.2962215317483154e-05,1.2130196644923988e-05,0.0,7.134639101313577e-05,4.9962435002295e-06,0.4928376409345941,0.8167826240337328,-0.0225862840048231,-0.0013794462074591435
2010-09-01,0.001025451270024186,5.280360168279525e-05,2.163627701311171e-05,0.0,6.043312992001976e-05,1.0030228403110178e-06,0.9076347554979504,0.21850783717225097,0.04999999999999999,0.0008895752385679484
2010-09-02,0.0040151207305425315,1.3551664452754251e-05,6.001257909152873e-06,0.0,2.3698366740961668e-05,1.0886638646480552e-06,0.247771568589488,0.1328955292608733,-0.05000000000000002,0.003970780777575015
2010-09-03,-0.0008617043775524194,1.2405413818661777e-05,2.3092021608263087e-06,0.0,2.474971748260917e-05,9.11224697773905e-07,0.20445178046526621,0.15166366000644824,-0.0014220892195677681,-0.0009020799357122905
2010-09-07,-0.00300574881377433,2.042061273039082e-05,9.142845101166549e-06,0.0,2.3393997874564274e-05,4.4519073838377654e-06,0.5971929338007732,0.6987386257219321,-0.049181814762812526,-0.0030631581768642896
2010-09-08,0.0015477826383965344,2.3630739798213482e-05,1.1361933494479197e-05,0.0,3.664480938027886e-05,2.9650945017328606e-06,0.47682170208702535,0.448705293821628,-0.04943058246949261,0.0014731800612218298
2010-09-09,-0.0002928054882876635,1.6171056093395924e-05,6.79315408395673e-06,0.0,2.4080004230204477e-05,3.776638038177239e-07,0.4031353814038263,0.05029031625276851,-0.013157202788609101,-0.00034022736649903833
2010-09-10,-0.0004491199350859843,7.201725423722665e-07,5.565422239172371e-07,0.0,6.95061621231547e-07,2.867556562649677e-07,0.026186092747022383,0.024087475126257286,-0.024087475126257286,-0.0004513784671297703
2010-09-13,-0.00043142441735738863,2.3334658778156025e-06,1.8868897939279036e-07,0.0,1.0332010644062157e-05,0.0,0.07257268438184244,0.048053784838227774,0.048053784838227774,-0.00044427858285865917
2010-09-14,0.00044707229941116954,4.946226206281852e-08,4.3186428385182765e-08,0.0,2.4865948945850047e-08,0.0,0.003946220632871663,0.04983199084290468,0.04983199084290468,0.00044695478477177567
2010-09-15,0.00029365083752121125,1.1676867709552172e-06,1.1915989278286385e-06,0.0,2.9068705838538293e-06,4.3695724457582313e-07,0.0714794849561928,0.1123491447226758,0.03894032763393751,0.0002879477239939977
2010-09-16,-0.00033447953001175605,6.103216726913635e-06,2.0851611756204544e-06,0.0,1.1950627511437756e-05,1.3302963439094588e-06,0.12029231117028377,0.23232783123052125,0.008838045453732166,-0.00035594883176963735
2010-09-17,0.0003368138972516219,3.1052550292284625e-06,1.6594574048094524e-06,0.0,1.6412237742947743e-05,1.0983242471664912e-06,0.14426351836932544,0.23451847352397048,0.05,0.0003145386228274697
2010-09-20,0.0026230213680729416,6.724941605390633e-06,2.3592145607216734e-06,0.0,4.139895564839526e-06,1.998460794076044e-06,0.1688272460494947,0.38915371462696846,0.05341230122219312,0.002607798855547914
2010-09-21,-0.000490622124144235,1.9077152710735598e-05,8.939611682200065e-06,0.0,3.6429817071002606e-05,3.6961168604722702e-06,0.4364719830636016,0.5952382323316422,-0.02570940022769924,-0.0005587648224686455
2010-09-22,-0.0001081244008377779,1.2508408344516827e-05,5.308855498124192e-06,0.0,2.780621884109947e-05,5.124302662416342e-06,0.39957392194158364,0.9100116636575394,0.04912881637159405,-0.00015887218618393473
2010-09-23,-0.0028432622629316895,2.4831643830124007e-05,1.7247806496303198e-05,0.0,3.983117020676424e-05,1.3491473321859988e-06,0.9729558904530606,0.2766567518072478,0.049999999999999996,-0.002926522030797067
2010-09-24,0.0015972671705258435,1.534955769027188e-05,8.578813198945781e-06,0.0,3.471761333869288e-05,3.343281610820218e-06,0.39836114393913563,0.5101781385930313,-0.051493172024765166,0.0015352779046871128
2010-09-27,0.003183014813675091,2.0107450341638793e-05,9.154927710030947e-06,0.0,2.547305219979509e-05,4.332788744933472e-06,0.6908884915258517,0.7772024426765879,0.04929393352776443,0.0031239465946786924
2010-09-28,0.0012006676463529376,1.711507236519612e-05,1.0178587677373546e-05,0.0,3.124587584740357e-05,2.2626727875550277e-06,0.5179868945994133,0.33801937763611556,-0.042109650673129106,0.0011398654376754093
2010-09-29,0.0006804469265896569,1.151064954692968e-05,7.649656130319146e-06,0.0,2.3996222832653434e-05,1.5399149563410999e-06,0.4301673863998918,0.209912231985924,-0.04879348067938073,0.0006357504831234136
2010-09-30,0.0015955796527295672,1.0914091952647901e-05,6.423373021611774e-06,0.0,2.4051724770454976e-05,2.1340194482782254e-06,0.440532974719256,0.30851526731074186,-0.05000000000000003,0.0015520564435365742
2010-10-01,0.00041005204687311037,4.015238594057907e-06,3.0594079746251656e-06,0.0,6.86377221326024e-06,9.309252336099446e-07,0.18980267936586068,0.12032893883260656,-0.03606650041386411,0.0003951827028575571
2010-10-04,0.0004189333311329722,1.3656209102629283e-05,9.257708350843508e-06,0.0,2.698746135304834e-05,2.60313443346707e-06,0.5070596580290656,0.3873265848224677,-0.04999999999999999,0.000366428817892984
2010-10-05,-0.0026969500274547854,5.307984958707828e-06,9.841052953774869e-07,0.0,1.2094250012430334e-05,2.93815652924123e-06,0.140725361412596,0.537525196677554,0.04391489976502741,-0.0027182745242505424
2010-10-06,-0.00027343554530830517,8.51254037866757e-06,6.176893947737829e-06,0.0,1.5793097192612302e-05,4.2418551466995574e-06,0.30893170117827173,0.6853104781184078,-0.027321186527118013,-0.00030815993197402244
2010-10-07,0.00074249262769702,1.9362912141414034e-05,1.1780380260321343e-05,0.0,4.4547539656149485e-05,2.146980341648142e-06,0.772112039311855,0.31100304240695564,-0.04968965498993219,0.000664654815297487
2010-10-08,-0.0010794538574418887,5.313791117874395e-06,2.4177753445203407e-06,0.0,9.756079127930793e-06,1.3023105106003192e-06,0.20254025295038414,0.22059138166662995,0.0018032158857762964,-0.0010982438135428145
2010-10-11,0.000981935808083836,2.1648366685667138e-06,2.0206497091282603e-06,0.0,3.5531429009402715e-06,8.914004792583716e-07,0.10517860962772484,0.13041755345725387,-0.019337727058152593,0.0009733057783259423
2010-10-12,-0.0004823860440759147,4.076684898005631e-06,2.2250648323191434e-06,0.0,7.602972369294303e-06,1.600261512306782e-06,0.08815674335318326,0.2185770424642322,-0.050266891603307176,-0.0004978910276878406
2010-10-13,0.00016831911960672722,1.6679749514677368e-05,7.63217003820953e-06,0.0,2.8392193992058117e-05,3.5250795770878567e-06,0.5690006653589785,0.6064939742493498,0.014280605298589988,0.00011208992648469435
2010-10-14,-0.00017453136187378624,7.777694420922749e-06,7.694668910770522e-06,0.0,2.5708358458376854e-05,2.906594673396584e-06,0.4290642091842463,0.4378526291679499,-0.050455275962676155,-0.00021861867833725295
2010-10-15,0.00047338817240174093,4.691598261183344e-06,2.697827573911433e-06,0.0,1.1485524424393106e-05,2.4878337723362257e-06,0.15580301235980373,0.36712294925064615,-0.05083312450183976,0.00045202538836991684
2010-10-18,-0.0028833611245664705,7.115073192398483e-06,4.720777010587463e-06,0.0,1.6231834579882624e-05,1.2906735935467886e-06,0.26879769542691806,0.16476994807870218,-0.052063215637158274,-0.002912719482942886
2010-10-19,0.002129007370464028,1.2372911179956356e-05,7.791365973424251e-06,0.0,1.4451593142129958e-05,3.125910863529154e-06,0.42168917275739215,0.47379751697504846,-0.05135550809784936,0.002091265589304988
2010-10-20,0.0011621644241711965,1.4181137294526568e-05,6.435533805841575e-06,0.0,1.6669152223399453e-05,3.503142332523221e-06,0.37746476897598,0.537480218292921,-0.051047693570980116,0.0011213754585149057
2010-10-21,0.0016656898073263524,1.640279848622185e-05,8.504349329178428e-06,0.0,2.9058991876178615e-05,2.800927780671494e-06,0.4811887999078045,0.4192444660327798,-0.0513114011200311,0.001608922739854102
2010-10-22,-0.0003690550395289565,7.782292985885242e-06,2.9629631348724187e-06,0.0,6.9777491771581e-06,1.4577379730315664e-06,0.2267896804761373,0.22080115673737666,-0.024098822731926553,-0.00038823578279990385
2010-10-25,0.00021985089707526125,2.8959659502678676e-06,8.826856346446078e-07,0.0,2.734960507639329e-06,6.422211329495946e-07,0.12363076519921527,0.15834757395307025,0.05045442361753835,0.00021269506384975984
2010-10-26,0.0005615843706866333,3.564860014762758e-06,2.3620144969527876e-06,0.0,4.135883941630024e-06,0.0,0.1392229020492866,0.018972162018338602,0.018972162018338602,0.0005515216122332876
2010-10-27,-0.00020035686459589475,2.3411304653494e-06,1.8756396651020544e-06,0.0,1.749894723059749e-06,5.470341709069365e-07,0.06551668341912409,0.06403632531038936,-0.02786541540197598,-0.00020687056362031289
2010-10-28,-3.413935977032333e-05,1.1571329988329628e-05,4.541339172765243e-06,0.0,1.5480830645683317e-05,1.3903667749900337e-06,0.26538008181449385,0.2835315446018605,0.04994992640353485,-6.712322635209156e-05
2010-10-29,-0.0003911308797063084,1.780141479048856e-05,5.89755413230098e-06,0.0,2.366653170379607e-05,2.0401832744183873e-06,0.4021129583080131,0.3923134908551924,0.04956270075290334,-0.0004405365636073124
2010-11-01,0.00039235427080943367,1.8720841973384135e-05,1.2964944321912158e-05,0.0,2.7074185562128836e-05,4.804045775768519e-06,0.6247441278513897,0.7574258190064921,-0.04965387132261903,0.00032879025317624004
2010-11-02,0.0003636476857651544,1.592743708878168e-05,7.712664975456447e-06,0.0,2.1124484868476542e-05,2.5359531283171683e-06,0.4909365718322168,0.3769745747463681,-0.04906555081091614,0.00031634714570412257
2010-11-03,0.0011900634244627725,9.056815894698436e-06,4.418514551318043e-06,0.0,9.581998923082129e-06,2.3587315549172082e-06,0.23907237835309156,0.3466034006593155,-0.04966350056677546,0.0011646473635387568
2010-11-04,-0.0015773761142552811,7.896066283325747e-06,3.856283091669706e-06,0.0,1.2160507674995584e-05,1.45509407050229e-06,0.24419390568062194,0.19415878537925516,-0.0502970184651296,-0.0016027440653757744
2010-11-05,-0.0003267180591831417,1.0975932827289609e-05,8.010814744038404e-06,0.0,2.1023803930402695e-05,3.2110297078509565e-06,0.47056734224441854,0.48936141965497304,-0.050091571263987555,-0.0003699396403927234
2010-11-08,0.0016670015331797883,1.1391412156434207e-05,7.269071272614534e-06,0.0,1.7720411653304987e-05,2.683207648991168e-06,0.5263281125382762,0.4088649166483329,-0.041913968382183454,0.0016279374304484435
2010-11-09,-0.00017538252939170836,1.6991520443216332e-05,1.1116464125939446e-05,0.0,3.830045111721943e-05,2.737610677317759e-06,0.7422883274713743,0.5099185937893834,0.04999999999999996,-0.0002445285757554013
2010-11-10,0.0005616246780009871,2.351677686106112e-05,1.0739770426072726e-05,0.0,3.6909152618715505e-05,2.324040891549706e-06,0.37731177872827487,0.34043886978035065,-0.05000000000000002,0.00048813493720358805
2010-11-11,-0.0009082911454362172,4.475028967826627e-06,2.6543704652170347e-06,0.0,1.1767824611158713e-05,1.930800525215994e-06,0.19514889226784451,0.2743744882362871,-0.04999999999999996,-0.0009291191700056356
2010-11-12,0.003122860308035925,1.2201690563448161e-05,4.028582452532638e-06,0.0,7.666050138127725e-06,2.229916500107066e-06,0.17698578008522714,0.32462597201798715,-0.04999999999999996,0.0030967340683817094
2010-11-15,-3.438384304376964e-05,5.4880067836022815e-06,1.8176014020930038e-06,0.0,9.549076609768283e-06,1.5878829939499175e-06,0.17563343438144963,0.27269759777898744,0.005933254795401369,-5.2826410833183125e-05
2010-11-16,0.00045618856589616045,1.7077748854297673e-05,5.106568151525966e-06,0.0,1.5767425165836833e-05,2.0031684741680517e-06,0.3353640645942519,0.3865323036602327,0.05000000000000002,0.0004162336552503319
2010-11-17,-0.0004897994598640906,1.0423429576738756e-05,4.361232518652699e-06,0.0,1.3345101243605305e-05,9.923612583595893e-07,0.28047029356313724,0.2028436011870835,0.03612690978267251,-0.0005189215844614469
2010-11-18,0.00012776863475579323,2.41643997691968e-06,1.4981265116624346e-06,0.0,1.3921559608572652e-06,2.2668499539065446e-07,0.11796017805224976,0.08749972569991943,0.04941664647428948,0.00012223522731096318
2010-11-19,0.0010131071077116624,1.618280071093176e-05,5.0854480731254505e-06,0.0,3.145145996073899e-05,1.7358450345266864e-06,0.27410499326662346,0.30323661743290553,0.011614651632422219,0.0009586515539323395
2010-11-22,-0.0004914990664977589,2.0550562285373706e-05,5.2093963583286346e-06,0.0,2.9448405914831966e-05,1.6652488677248108e-06,0.26390016666254545,0.30917731828978867,0.029415508512020454,-0.000548372679924018
2010-11-23,-0.0025899278409705954,1.547295099183937e-05,5.7898151367854095e-06,0.0,1.97908434509918e-05,9.122012721601353e-07,0.25820343623701725,0.20392040964405841,0.050670595921155664,-0.0026318936518223723
2010-11-24,0.0005920734705805821,1.2224766141794664e-05,5.763679362355457e-06,0.0,2.0042785173484687e-05,1.7202263070190863e-06,0.2464030743802433,0.2860455923005063,-0.0029524272787001607,0.0005523220135959283
2010-11-26,5.6067745361517695e-05,9.076384940140365e-06,2.783690855260813e-06,0.0,1.0164063059398748e-05,8.582564449417175e-07,0.13547449292031027,0.15067126236844247,0.006484179618233898,3.318535006177605e-05
2010-11-29,0.0017147771284893025,7.859437263725955e-06,3.002114039164302e-06,0.0,1.4268219357722587e-05,4.075970990471714e-07,0.15539785325432565,0.06128162821197905,-0.007194684427945745,0.0016892397607296426
2010-11-30,-0.0003913748888507081,2.8739941089058405e-06,1.0959938918449572e-06,0.0,3.538959754114547e-06,1.8494737084342714e-08,0.11051071495354667,0.05310711583016958,0.05,-0.00039890233134265776
2010-12-01,0.0006996453195908944,2.8163972578256538e-06,1.3630776907628771e-06,0.0,1.1441830632088907e-06,3.3696720821736106e-07,0.05649206048446885,0.10661049098051667,0.05,0.0006939846943708796
2010-12-02,0.003202122323221902,6.750638906230742e-06,4.0472246548115895e-06,0.0,9.628232024116276e-06,1.4486216261040039e-06,0.12016876881040445,0.193573949676991,-0.04979448350848162,0.0031802476060106394
2010-12-03,0.00034131093156157505,1.3522877934116763e-05,6.1335592892649e-06,0.0,1.5947504432197877e-05,2.2751206914465547e-06,0.29969073862452633,0.33222027616302136,-0.05,0.00030343186921454897
2010-12-06,-0.0012077367209629539,2.4346274477668482e-05,8.190771159069476e-06,0.0,4.9004080002705944e-05,3.4798344562021086e-06,0.6481064928543077,0.6342940633354284,0.0496818746934741,-0.0012927576810586
2010-12-07,-0.0017857099766834224,2.233658386779323e-05,8.557006736526568e-06,0.0,3.4488845307366e-05,2.2857142857142856e-06,0.46463124944881884,0.434,0.04999999999999999,-0.0018533781268808224
2010-12-08,0.00038464360497194683,1.4661736147091158e-05,8.339077282822214e-06,0.0,3.3534437295573675e-05,1.3095238095238094e-06,0.4010216007786327,0.26941152142845953,0.04941152142845953,0.00032679883043693596
2010-12-09,0.0018586399268685414,1.1548693709988577e-05,2.9834535911796855e-06,0.0,2.2766022706089286e-05,2.6494935626354884e-07,0.17486820601766564,0.09522583662284255,0.05071434477056634,0.0018210768075050203
2010-12-10,-0.0004328050239967977,5.580022294224022e-06,4.746936553535547e-06,0.0,1.0648002105878103e-05,9.097175291919025e-07,0.19726534992823647,0.10283254490423963,-0.04999999999999999,-0.00045468970247962724
2010-12-13,0.00019482869928442133,4.85797180438505e-06,2.9657984050383995e-06,0.0,5.517780759606471e-06,1.7697372133257142e-06,0.2788527546186444,0.32865792591935994,0.031342074080640034,0.0001797174111020657
2010-12-14,-2.0333439912729765e-05,1.3913523225949518e-05,9.901927384290862e-06,0.0,2.148104861471765e-05,3.135702960500571e-06,0.47625611592949557,0.47768201913193953,-0.04911607823215641,-6.876564209818836e-05
2010-12-15,-0.0005116293063000288,3.1744395138246545e-05,1.2447024597909714e-05,0.0,6.431073746921909e-05,3.101452058946462e-06,0.8868582685825164,0.5713376826895378,0.050293736786532095,-0.0006232329155643506
2010-12-16,0.0013228647858107986,1.5568290603715456e-05,9.071701590168218e-06,0.0,3.4906082757287427e-05,2.479559455280945e-06,0.4997499910252793,0.46616050803353515,0.049594519546336396,0.0012608391514043465
2010-12-17,-0.0012697707398350102,1.1090874364841247e-05,6.281936794694076e-06,0.0,1.3393382913955032e-05,2.757041296197089e-06,0.24464378272265663,0.413756579667622,-0.04942635809348881,-0.0013032939752046977
2010-12-20,-0.0010374541291780066,1.4238418390161273e-05,5.879631488617373e-06,0.0,2.1923627495145573e-05,2.1390154664016784e-06,0.3354328820143273,0.3093395937881585,-0.050015004567323454,-0.0010816348220183325
2010-12-21,-0.00022910581121709213,9.998282876408202e-06,4.517405115433156e-06,0.0,1.604706034776663e-05,2.658018348297672e-06,0.3110833243011545,0.3960904152844016,-0.050456667229607316,-0.0002623265779049978
2010-12-22,0.000653472206226723,1.0289345670027095e-05,3.2540197542117565e-06,0.0,8.438692453953467e-06,1.192227682713844e-06,0.24510032944184795,0.2501471253479629,0.04985287465203711,0.0006302979206658168
2010-12-23,-0.0015433984815171426,2.9067226640962247e-06,2.2776584190662234e-06,0.0,5.234577321220087e-06,7.662021435887503e-07,0.13870181725535513,0.17852596952698402,0.04980400940407395,-0.001554583642065114
2010-12-27,0.0003483237902127178,1.1719805153753515e-05,4.369425468694276e-06,0.0,1.1098314046186306e-05,0.0,0.17820623867700813,0.0,0.0,0.0003211362455440837
2010-12-28,0.0,0.0,0.0,0.0,0.0,0.0,0.0,0.0,0.0,0.0
2010-12-29,0.0,0.0,0.0,0.0,0.0,0.0,0.0,0.0,0.0,0.0
2010-12-30,0.0,0.0,0.0,0.0,0.0,0.0,0.0,0.0,0.0,0.0
2010-12-31,0.0,0.0,0.0,0.0,0.0,0.0,0.0,0.0,0.0,0.0
2011-01-03,0.0,0.0,0.0,0.0,0.0,0.0,0.0,0.0,0.0,0.0
2011-01-04,0.0,3.291784218986646e-06,4.390289472434218e-06,0.0,1.910587152221605e-05,1.7857142857142857e-06,0.35,0.35,0.04999999999999999,-2.85736594993512e-05
2011-01-05,-6.729658421306212e-05,5.305893078260997e-06,4.5821765558931985e-06,0.0,1.9078526604050516e-05,2.9874297867719806e-06,0.19689921190791526,0.4509441020888464,-0.05094410208884642,-9.925061023803881e-05
2011-01-06,0.0003436090435912615,7.394080443914852e-06,5.200070843810012e-06,0.0,8.921540638926819e-06,4.526106993322648e-06,0.3186672357759487,0.7100333631819985,-0.05035261169620636,0.0003175672446712872
2011-01-07,-0.0029331055710639406,2.928680032410073e-05,1.4212522781309091e-05,0.0,5.082208463440906e-05,6.07947060141571e-06,0.7308952168630389,0.97151485278853,-0.0498362082493094,-0.003033506449405175
2011-01-10,0.00449791677922139,1.722535832622483e-05,8.250573689786984e-06,0.0,2.8628666867534624e-05,4.1487367924032786e-06,0.6247467815087614,0.7478705673820542,0.0508827862583032,0.00443966344354544
2011-01-11,-0.002009791147907113,2.5401187796874083e-05,1.2796514982598536e-05,0.0,4.262075115677767e-05,2.55952380952381e-06,0.6676987786978719,0.41591268347549226,-0.014087316524507745,-0.002093169125652887
2011-01-12,-0.00013777953529049036,1.9792097668817e-05,8.69136671433251e-06,0.0,3.424046441373381e-05,2.3478668151489258e-06,0.5135133799739,0.3444416249450195,-0.05000000000000002,-0.0002028513309025226
2011-01-13,-0.001081675047378461,7.173293927958196e-06,2.910657093678226e-06,0.0,5.691779902380124e-06,1.8828800030955553e-06,0.1723939123652679,0.2661541638818493,-0.050169676638204055,-0.0010993336583055731
2011-01-14,0.0011349317546796745,9.662072442595735e-06,4.865023922100503e-06,0.0,1.1585861925767452e-05,2.1275000432236046e-06,0.26403818804177503,0.30742000726156565,-0.04999999999999999,0.0011066912963459872
2011-01-18,-0.00044475711008527303,8.961236835612153e-06,5.5241576932854375e-06,0.0,1.3465769379546105e-05,1.3100310818278683e-06,0.3668687631135741,0.17004261087354094,-0.050042610873540935,-0.0004740183050755446
2011-01-19,0.0017582991551086781,5.251887474921121e-06,2.631728747275278e-06,0.0,9.745176157507991e-06,1.069306816530608e-06,0.15217773440850213,0.12982177258857105,-0.049821772588571074,0.0017396010559124432
2011-01-20,0.00675940019625713,1.5577660986796933e-05,1.1015435934010826e-05,0.0,3.3568198246606395e-05,3.5714285714285718e-06,0.6878424310433403,0.55,-0.04999999999999999,0.006695667472518287
2011-01-21,0.0008825102442073382,4.0104200674570884e-06,1.7168531007858443e-06,0.0,4.507216286658061e-06,2.840711142986616e-06,0.12115470940904186,0.4286197360108758,-0.048619736010875714,0.0008694350436094507
2011-01-24,0.002500964172342875,4.771508079080805e-06,4.681331723501277e-06,0.0,1.0321019077006166e-05,1.1813244577952916e-06,0.32052391993250284,0.14846250890960902,-0.05000000000000002,0.0024800089890054913
2011-01-25,-0.00048799431182019223,1.2348461886248437e-05,7.495223327907781e-06,0.0,1.8051946183118225e-05,2.6764355912765515e-06,0.397638293389308,0.3996556170937685,-0.04998556224069209,-0.0005285663788087432
2011-01-26,-0.0019586333439865983,5.370617580149449e-06,4.234808880036838e-06,0.0,1.4174775910296371e-05,1.2653457500003502e-06,0.38826701509977396,0.26316993443658443,0.050591848436525595,-0.0019836788921070814
2011-01-27,-0.005824558102233045,9.583146996433232e-06,4.253148748907193e-06,0.0,1.3062472061892068e-05,1.6326530612244897e-06,0.31079269108578106,0.32458018572872055,0.050294471443006306,-0.005853089523101502
2011-01-28,-0.0012419887431638368,9.089004156055271e-06,8.536747873902162e-06,0.0,1.751295756095791e-05,1.9047619047619047e-06,0.4372314133182359,0.27,-0.05,-0.001279032214659514
2011-01-31,0.0024619088537095176,3.83292797965551e-06,3.84658891030799e-06,0.0,9.302185354818767e-06,2.1828514146893112e-06,0.26413420587615266,0.3167190376678044,-0.04999999999999996,0.002442744300050046
2011-02-01,0.00043372345310830495,1.2190087364918023e-05,6.783891350787459e-06,0.0,2.1571803384082842e-05,1.4658438399504086e-06,0.5295206633555621,0.25913088255583433,0.012869117444165662,0.0003917118271685662
2011-02-02,-0.001435690646847307,6.120275461596322e-06,5.22995038653416e-06,0.0,7.999600029872715e-06,3.4266499682014735e-06,0.3350308052749499,0.5417283029687747,-0.033948891689072835,-0.0014584671226935116
2011-02-03,0.0009034577149439406,2.509964113453532e-05,4.099642626040951e-06,0.0,2.648901484939847e-05,4.000946932718469e-06,0.24981850520493265,0.6220795423483514,-0.050079542348351436,0.0008437684694012474
2011-02-04,0.0027446869632598283,2.8689823238937624e-05,1.5780285455059914e-05,0.0,3.12651701657351e-05,2.3792260086955974e-06,0.7736489506633994,0.3502417320631758,-0.049468237397684425,0.0026665724583914002
2011-02-07,-0.00222680671203588,1.1388254402226912e-05,3.5414263373575735e-06,0.0,1.3151462206351202e-05,3.802183876798192e-07,0.2815640118509327,0.08660283084553125,0.022726141715321634,-0.0022552680733694953
2011-02-08,-0.0003761604473110004,2.42610832833691e-05,7.648514567886773e-06,0.0,1.6123965588414826e-05,1.3095238095238098e-06,0.2434485136793867,0.17000000000000004,-0.05000000000000001,-0.0004255035345601949
2011-02-09,-0.0012799886664235029,2.2519313473356667e-05,1.1010989570287027e-05,0.0,3.539691943451055e-05,3.121776151590497e-06,0.5014590749067964,0.47432726169356765,-0.05013113177363582,-0.0013520376650532477
2011-02-10,-0.0016225451135010885,1.6657890141651818e-05,5.087051481597134e-06,0.0,2.0413674283328987e-05,2.6743809917771904e-06,0.29742834302686305,0.3995331647264171,-0.04976284189215087,-0.0016673781103994437
2011-02-11,0.0012287274375752842,1.4910179246871736e-05,7.847165983268924e-06,0.0,0.00011772695154129564,1.9827814743326017e-06,0.5284359641303296,0.2865536438439386,-0.04655364384393857,0.0010862603593295153
2011-02-14,-0.0004752516187474065,1.117811905301088e-05,4.968007986859946e-06,0.0,9.223324608522102e-05,1.0811018775007695e-06,0.2505448041003782,0.13081255771006461,-0.05081255771006464,-0.0005847120937499991
2011-02-15,0.00011237458764970707,4.808352675382085e-06,4.540703819779736e-06,0.0,1.138953505423237e-05,2.1428571428571427e-06,0.2900194525871371,0.31,-0.05,8.949313895745574e-05
2011-02-16,-0.0010865173431686625,1.3453233611394211e-05,7.0580089131404885e-06,0.0,3.5359759225185885e-05,2.151787419251032e-06,0.4151132470264155,0.31075014321708666,-0.050750143217086686,-0.0011445401323376342
2011-02-17,-0.0013770514909316493,1.766734588902275e-05,7.3671169341921985e-06,0.0,3.944010971264228e-05,2.8342325553134407e-06,0.5074223888530175,0.5229301344485922,0.04677906515593411,-0.00144436029602282
2011-02-18,-0.00016686695141750153,1.978620611278343e-05,1.1503508083443748e-05,0.0,3.827225070174467e-05,1.9465457916159464e-06,0.5779890173975224,0.27366252427417986,-0.05335716871729908,-0.00023837546210708934
2011-02-22,0.0014375832877196867,1.3698440538137331e-05,9.984917888425646e-06,0.0,4.492990871546001e-05,4.217472581507808e-06,0.6232730779467528,0.6615843542900592,-0.046951039403252515,0.001364752547996156
2011-02-23,0.001958333400583788,2.928717267750154e-05,1.2228786547376715e-05,0.0,0.00015240832758105878,5.226491513970011e-06,0.9437072464275931,0.9345538281638965,0.05650325381693472,0.001759182622263881
2011-02-24,0.005047938712981142,2.773956752644121e-05,1.4884144804926444e-05,0.0,6.909909760719309e-05,3.200685389884137e-06,0.7746910339211706,0.5882633325441186,0.05054818704358341,0.004933015217652697
2011-02-25,0.005532772546433361,1.4267730202803307e-05,1.0936019234202511e-05,0.0,3.2467021406874726e-05,3.253549325346112e-06,0.6151031993354636,0.5001161317038149,-0.04648015495433191,0.005471848226264135
2011-02-28,-0.0015172278375557712,8.592330303534419e-06,6.436807740817375e-06,0.0,0.00012140597974037738,2.589443874861845e-06,0.4052262177823909,0.3860912738221897,-0.04893529715460017,-0.0016562523992153621
2011-03-01,0.0027207358196913345,9.75901699667271e-06,7.836322331682007e-06,0.0,1.708155868482169e-05,4.581078320000603e-06,0.5596294740351778,0.7198561403353168,-0.04976501742478462,0.0026814778433581574
2011-03-02,-0.0003067800740816589,1.0107550707163126e-05,7.008835730125293e-06,0.0,1.557482232262952e-05,3.1736417941154313e-06,0.4159877199815866,0.4829151669969938,-0.05025665441439858,-0.0003426449246356923
2011-03-03,-0.001771575168939245,7.859802726333462e-06,6.374249143749658e-06,0.0,8.502592536336023e-06,2.9734719838275926e-07,0.4636269783657037,0.055939355016172636,0.005985025687869091,-0.001794609160544047
2011-03-04,-0.00025570388200216773,1.766944910448289e-05,1.4961173434045247e-05,0.0,3.3317687949228955e-05,5.142857142857143e-06,0.8402244096981455,0.8139999999999998,-0.050000000000000044,-0.00032679504963278194
2011-03-07,-0.0011356576770069308,2.54409368727761e-05,1.6543783050359987e-05,0.0,5.581033816588168e-05,6.581632653061226e-06,1.1921159264607553,1.0557142857142858,-0.04999999999999993,-0.0012400343677490097
2011-03-08,0.001404244658846678,3.310189982301109e-05,1.4096749396798414e-05,0.0,7.254449074399884e-05,2.700568904380129e-06,0.885567319515921,0.5036955759358617,0.04999999999999999,0.0012818009499784896
2011-03-09,-0.0010515533882846173,8.708253042273608e-06,7.607144254878428e-06,0.0,1.5219242775495428e-05,2.1586253094420006e-06,0.3832503304737281,0.3121259848944724,-0.05052306709178364,-0.0010852466536667067
2011-03-10,0.0011802435955405558,1.712091206529683e-05,1.0954593559724063e-05,0.0,3.953640870993433e-05,5.910665133898751e-06,0.8490345132259984,1.0449244426760667,0.051932700181076485,0.0011067210160717019
2011-03-11,0.00312436527037391,6.982422956870755e-06,4.742716565804387e-06,0.0,1.3113871173313447e-05,5.269760045950792e-06,0.26509671533502216,0.9367993246067376,0.05147963688700474,0.0030942564996319704
2011-03-14,0.004008509696226536,1.1434117525037465e-05,8.63659266865241e-06,0.0,1.9086159595809282e-05,2.5699828202453883e-06,0.5342568310092055,0.48181432188458595,0.05005720808336067,0.003966782843616791
2011-03-15,0.000979956305909644,1.7979743734857834e-05,9.674383796738504e-06,0.0,9.059122991836146e-05,3.642857142857143e-06,0.624837583012186,0.6619999999999999,0.04999999999999999,0.0008580680913168289
2011-03-16,0.00036213476587195273,1.4003283420697889e-05,7.6142112922454945e-06,0.0,3.534134384287038e-05,5.349729341499191e-06,0.5222269515393674,0.9493772646859322,0.050622735314068024,0.0002998261979746398
2011-03-17,0.004034676647287873,9.577670369612262e-06,8.114189270004633e-06,0.0,2.3962269160003664e-05,3.7402221663120613e-06,0.48294799373665237,0.6806511228148324,0.05229379887440605,0.00398928229632194
2011-03-18,0.0041744496669736,1.5608252595091216e-05,1.0273904367341854e-05,0.0,2.9902246752067332e-05,5.552803300232361e-06,0.5084107733991561,0.8861123351417561,-0.04675861929728034,0.004113112459958867
2011-03-21,0.0012701176760876703,3.13362188796861e-05,1.430288864143958e-05,0.0,8.894065507120708e-05,4.214521450647609e-06,0.7956571660889611,0.6587470710825335,-0.04929253262626476,0.00113132339204469
2011-03-22,-0.00017709038998781898,1.4378172556452282e-05,7.974540414367982e-06,0.0,2.1195485040560613e-05,2.9347486192994863e-07,0.5572115006965221,0.09924267719477022,0.049938900390538846,-0.00022093206286112979
2011-03-23,-9.12280935864212e-06,2.879924034857594e-08,1.9842198501917886e-08,0.0,3.0109327424450845e-09,2.8753644632634567e-07,0.0010879043482910668,0.09824841779611276,0.049942294813286686,-9.461998176561405e-06
2011-03-24,-0.00011024497147359838,3.7801496254600845e-06,2.6024155314343547e-06,0.0,8.127686547692691e-06,0.0,0.09852648916918248,0.0,0.0,-0.0001247552231781855
2011-03-25,0.0,6.367886074114102e-06,2.676289444861036e-06,0.0,4.4706162159798825e-06,1.1305142134074491e-06,0.20597448928648293,0.20597448928648293,0.0160481014340315,-1.464530594836247e-05
2011-03-28,0.0003608974365563574,1.3024000696106834e-06,1.6681650260616809e-06,0.0,3.0600456157024316e-06,1.1587493719875844e-06,0.05822004349543435,0.15285884986906767,-0.04181104462484649,0.00035370807647299503
2011-03-29,-0.0007152672400199615,5.1071731039352e-06,2.5969677344089555e-06,0.0,1.4521896655355496e-06,0.0,0.15346588338077943,0.0,0.0,-0.0007244235705238411
2011-03-30,0.0,2.6649070770411224e-06,3.153160949884641e-07,0.0,6.231755121533725e-06,7.958224271784863e-08,0.06336981677659857,0.06336981677659857,0.05,-9.291560536281162e-06
2011-03-31,0.0005316639324779305,6.76881616396769e-07,4.682602888724322e-07,0.0,6.000038638877056e-07,0.0,0.024902447794271476,0.05,0.05,0.0005299187867087736
2011-04-01,9.956047445672749e-05,3.7766586832754445e-06,1.8408144132036573e-06,0.0,9.890363057117312e-06,7.249176331236751e-07,0.13275277066464192,0.1717861623647774,0.04999999999999999,8.33277206700074e-05
2011-04-04,-0.0007779658860556105,5.764684143919798e-06,4.00284745481351e-06,0.0,1.5411949335005073e-05,0.0,0.1711158977130033,0.0,0.0,-0.000803145366989349
2011-04-05,0.0,8.597941407648978e-06,4.269704490323649e-06,0.0,1.0898923931345502e-05,1.8429578213246217e-06,0.2949960411061464,0.2949960411061464,-0.014620872876390023,-2.5609527650642748e-05
2011-04-06,0.0012446642951707643,5.805668281154335e-07,1.6685899940446887e-07,0.0,1.4777707645394375e-06,1.073661715653312e-06,0.064176538232488,0.23117549788102515,0.05080032965126875,0.0012413654368630517
2011-04-07,9.491914904400125e-05,4.5228242092381714e-06,2.712826127645976e-06,0.0,1.7779057409775768e-06,2.8313022628369785e-07,0.13363062510874701,0.09718073217445704,0.04961485415879581,8.562246273985583e-05
2011-04-08,-0.0005532736183923613,1.0436834487390282e-05,5.554739637056713e-06,0.0,1.0991228883223135e-05,6.682987083613043e-07,0.15873826513970904,0.06227418300469913,-0.05,-0.0005809247201083926
2011-04-11,-0.0007090965238410283,7.168023965871391e-07,2.1854167457142037e-06,0.0,1.1715785660853616e-05,1.6791488363749652e-06,0.1684608322508058,0.2314066425845507,-0.05069036192644341,-0.0007253936774805582
2011-04-12,0.0031058286743256562,1.270223216641062e-05,3.56378945499818e-06,0.0,1.2936568526157361e-05,2.001353284853613e-06,0.17312492023464376,0.28622735185540704,-0.049999999999999975,0.0030746247308932363
2011-04-13,-0.0007446659165551249,9.087436610202022e-06,4.4668007119677376e-06,0.0,2.0701248398306394e-05,1.3764284459733952e-06,0.3186742537268611,0.1812399789235304,-0.05,-0.0007802978307215744
2011-04-14,0.0005260977781777528,6.003699323618834e-06,1.9709469629091246e-06,0.0,7.106060407884512e-06,9.125993846692117e-07,0.1245524076971414,0.15513158915704256,0.00181489253261502,0.0005101044720986712
2011-04-15,-0.0006323781190931819,1.1555480059478017e-05,4.78171749320339e-06,0.0,1.4933794539636645e-05,5.952380952380951e-07,0.20165246204618859,0.049999999999999996,-0.049999999999999996,-0.000664244349280738
2011-04-18,0.0006327109869822646,7.150969563684031e-06,3.79728564956842e-06,0.0,1.4202555810140726e-05,1.1283256246309803e-06,0.27468884418079204,0.2253215551677743,0.035762850229769605,0.0006064318503342404
2011-04-19,0.0012027782770671048,8.732691929807083e-06,7.953655538671584e-06,0.0,2.5028916220622722e-05,4.058270696599253e-06,0.40615322388653374,0.6317894770286747,-0.04999999999999999,0.0011570047426814041
2011-04-20,-0.0006778684280556405,1.426080166913673e-05,7.549186974747057e-06,0.0,1.5662474195786333e-05,2.6883462035532677e-06,0.5452872014815897,0.4016421621969489,-0.05,-0.0007180292370988639
2011-04-21,-0.0002104246030920914,2.3678465063692478e-05,1.1188648328015926e-05,0.0,2.9087778549061674e-05,4.337019579700374e-06,0.7767319123133495,0.6786192893896629,-0.04999999999999999,-0.00027871651461256185
2011-04-25,-0.0004016013949471967,1.1599089219006642e-05,6.198341579436796e-06,0.0,6.435972741891512e-06,2.619775036161046e-06,0.28803317870517897,0.38868065423426323,-0.051441551840792465,-0.0004284545735236927
2011-04-26,-0.000185861355093782,1.0801191522767642e-05,7.421004881198142e-06,0.0,1.0444171328423893e-05,6.653737535486548e-07,0.4056552055758867,0.06167353139248557,-0.05010925920368844,-0.00021519309657972032
2011-04-27,-0.0003348321675220357,3.0691854851395986e-06,4.2342608495540955e-07,0.0,3.5903398063123734e-06,3.9506078406555604e-07,0.11197609409862903,0.11613302019248667,0.04976280846947327,-0.00034231017968250864
2011-04-28,-0.0001720536430578822,1.12925000111734e-05,9.520255613634084e-06,0.0,2.6468458295810032e-05,4.107543070226573e-06,0.617479402407436,0.6765880278594987,-0.013479207938565385,-0.0002234424000487263
2011-04-29,0.0032390305441205173,1.622660606496096e-05,1.0063288685438402e-05,0.0,2.063507134029362e-05,4.131858652070418e-06,0.5601423667540557,0.6437982222835656,-0.05035403126426452,0.0031879737193777537
2011-05-02,-0.0007271854207019816,1.710699792511477e-05,1.2771034564447997e-05,0.0,2.737020289866585e-05,4.481469886239419e-06,0.7899633447657037,0.7030024246653819,-0.04988451622284054,-0.0007889151259764496
2011-05-03,0.0019235842870246028,1.6576009402179575e-05,8.335023178562467e-06,0.0,2.8920243940340568e-05,2.230456388774495e-06,0.4915584277798237,0.3259698649943267,-0.048746808319788476,0.0018675225541147456
2011-05-04,0.00023339834318215682,3.6644602258928035e-06,3.258506825231063e-06,0.0,9.851845984512304e-06,2.049828810020438e-06,0.21835682593614783,0.30294126788071,-0.04142997220272358,0.0002145737013365002
2011-05-05,0.0006455234703915924,6.103601718704466e-06,2.0815975148180824e-06,0.0,6.150583719762802e-06,1.5826748465697045e-06,0.1736020474400819,0.31646440168745643,0.05057502746374608,0.0006296050125917373
2011-05-06,0.0006851477392112192,1.0843881947525798e-05,7.798835918354907e-06,0.0,2.5161398936249712e-05,1.7580321262336324e-06,0.5542826440420076,0.3459955706938792,0.05064617348662895,0.0006395855902828552
2011-05-09,0.0013703202480225237,9.079051712470883e-06,5.236769501123033e-06,0.0,1.0138833662148198e-05,3.6523270206391837e-06,0.3545972291161436,0.6648714156010336,0.051280476133650665,0.0013422132661261425
2011-05-10,0.00029978485432969335,1.6895363842608525e-05,1.0582792923022383e-05,0.0,3.151003361103536e-05,4.907438658885579e-06,0.6141503165966522,0.7751219382793086,-0.04932775641346854,0.0002358892252941415
2011-05-11,0.003907663999760791,1.3219207129812164e-05,1.1069804008277277e-05,0.0,2.084840766159051e-05,2.1439842801034734e-06,0.6561497272940195,0.3101893590573835,-0.04999999999999996,0.003860382596681008
2011-05-12,0.00013759584998423302,7.5699129509326586e-06,4.7539668342146715e-06,0.0,1.3677274867680916e-05,5.909513078485731e-07,0.2610921657584129,0.04963990985928014,-0.04963990985928014,0.0001110037440235562
2011-05-13,0.0001001528433359336,7.726959314906885e-06,1.906390199055131e-06,0.0,1.085601985406086e-05,6.283721186387866e-07,0.20330429560545873,0.15556651593131615,0.05,7.903510184927194e-05
2011-05-16,0.00044130493919692374,3.2105839511137194e-06,2.108843350033041e-06,0.0,2.894834718275189e-06,6.006765668511757e-07,0.11064050307957285,0.15091366323099756,0.05000000000000002,0.00043249000061065064
2011-05-17,0.00027952060818954496,1.1439840488119829e-05,7.622592936353767e-06,0.0,1.5173250115916683e-05,2.641637313346638e-06,0.4421085415186784,0.4941302448651988,0.0503351762229636,0.00024264328733580805
2011-05-18,0.0005268466101855938,7.690873726391294e-06,5.261901323654693e-06,0.0,1.4754873553368267e-05,1.28160959843422e-06,0.36333835968497186,0.2656969491007764,0.05038653656382748,0.0004978573519837453
2011-05-19,-0.0009221764996185295,6.186224695555138e-06,4.912120149976811e-06,0.0,1.0518593083121876e-05,1.2331476806199132e-06,0.2293118720906871,0.15692181274440153,-0.050246997599743826,-0.0009450265852278032
2011-05-20,0.0009004547991070936,1.1320214314237035e-05,7.106923723435704e-06,0.0,2.471638148268283e-05,2.9436720132470824e-06,0.5841115626457577,0.5454654656168642,0.050928567391354346,0.000854367607573491
2011-05-23,-0.00018767187351253673,8.307708736571688e-06,6.931884084099607e-06,0.0,1.530526487129051e-05,1.0405764191220248e-06,0.4304968113865474,0.22531459453433592,0.05049775612183574,-0.00021925730762362055
2011-05-24,0.0010030503354411977,4.362475379232151e-06,3.102688242414758e-06,0.0,7.352735704323787e-06,6.498409599554942e-07,0.1886718703948787,0.15917328127252303,0.05,0.0009875825951552715
2011-05-25,0.0002721310832914751,6.152171176936985e-06,3.684989298870348e-06,0.0,7.61193134625794e-06,1.9587716588040677e-06,0.25176126000915117,0.37927757000967194,0.050203931330588536,0.00025272321981060575
2011-05-26,0.000840403001775652,7.48344782326017e-06,5.220421632346234e-06,0.0,1.3776631110331272e-05,1.9156855995685616e-06,0.3457153837446211,0.37263331030137065,0.050798129573852296,0.0008120068156101457
2011-05-27,-3.915779640165111e-05,4.412858449592304e-06,3.4737946281656907e-06,0.0,7.388432028684188e-06,6.783458595372466e-07,0.20890176415484002,0.164782995095267,0.05082089069300956,-5.511122736763054e-05
2011-05-31,0.000517186475682135,5.392546164702492e-06,5.963593064415688e-06,0.0,1.2038823548859308e-05,1.347247030193087e-06,0.29424232565288205,0.1770435135423517,-0.04929398753008692,0.0004924442658739644
2011-06-01,0.0020380796668499016,1.5233382136855457e-05,5.356475108724126e-06,0.0,1.1247545879037308e-05,2.4483823639854057e-06,0.3114672646861995,0.4354221287153569,0.024093891565808642,0.0020037938813612993
2011-06-02,0.0005285232382433659,8.006001005022564e-06,3.750267409917014e-06,0.0,1.0612038368817205e-05,1.6584189195537133e-06,0.23854153788319934,0.33103559862590426,0.05242122014088042,0.0005044965125400554
2011-06-03,-0.00024451114646353134,8.580686513979791e-06,4.879170298396276e-06,0.0,1.1795416013735316e-05,7.255080600654035e-07,0.3106914145679128,0.1718853540909878,0.049999999999999975,-0.00027049192734970813
2011-06-06,-0.00017860537666196808,7.307656331509944e-06,3.069808349763734e-06,0.0,1.3173540674377263e-05,1.7848283691405473e-08,0.19982853348707527,0.052998511660156115,0.049999999999999996,-0.00020217423030131042
2011-06-07,-0.0002849114693579244,5.646867025897734e-07,5.659267718743806e-07,0.0,1.1419391445389911e-06,0.0,0.03096667366319298,0.04444942648291553,0.04444942648291553,-0.0002871840219769275
2011-06-08,-0.0005127221136689106,2.090844137246031e-06,2.688974799820241e-06,0.0,9.094639782196742e-06,7.142857142857143e-07,0.09393670436924662,0.06999999999999999,-0.05,-0.0005273108581024593
2011-06-09,-0.001139952048841648,1.0973682210297661e-05,4.830622264174445e-06,0.0,8.331146215179782e-06,2.2619047619047617e-06,0.4300858253208996,0.43,0.05000000000000002,-0.0011663494042932047
2011-06-10,0.0019465540203582033,1.1638359119436273e-05,4.326466693710856e-06,0.0,1.501653223455725e-05,2.757645145671293e-06,0.2452640184198403,0.5138515517627001,0.050567167289923,0.0019128150171648275
2011-06-13,0.0021899023202792815,2.2508885513001648e-06,1.8544823968830889e-06,0.0,2.2449832951167044e-06,2.712218994776674e-06,0.11531980979927361,0.5085080620827803,0.05285527096029917,0.002180839747041205
2011-06-14,-0.0008420272552712765,2.0043244553832057e-05,1.1208207596156216e-05,0.0,2.758702828576691e-05,2.899047150722581e-06,0.5735676377955802,0.5383476002717122,0.051307678950318666,-0.0009037647828577543
2011-06-15,-0.0014643019151954584,1.2641495523567703e-05,7.858323698922642e-06,0.0,3.115735429751284e-05,3.764599663069799e-06,0.5282918623072379,0.6835500707384173,0.05109732734269121,-0.0015197236883785314
2011-06-16,-0.004064286081706017,2.0066133712151463e-05,1.2353076917553885e-05,0.0,3.741002670642613e-05,3.563333590316861e-06,0.5800333115663067,0.5477149686421614,-0.05092507453107105,-0.004137678652632466
2011-06-17,-0.0029490185720010493,1.7512205480994356e-05,8.502453762269903e-06,0.0,3.203118742603414e-05,3.2662868885316612e-06,0.5911578388509706,0.5963680986366595,0.04763190136334047,-0.0030103307055588794
2011-06-20,0.001159015878112761,1.900771760362797e-05,8.183861403092002e-06,0.0,3.787482498882231e-05,6.403806184132138e-07,0.4865139616020083,0.1151423332165852,0.007558389323165264,0.0010933090934988055
2011-06-21,0.0011203917377619103,3.5534564404628263e-06,2.4965193776041293e-06,0.0,3.910635014623686e-06,9.76754702337609e-07,0.1241297634218306,0.11662395411054537,-0.04747083588217293,0.001109454372226882
2011-06-22,-0.0005287994110732436,2.006107214813634e-06,1.1934808953494584e-06,0.0,3.6414871818895974e-06,6.933345197908592e-07,0.06526135239035973,0.06648019932486432,-0.05000000000000001,-0.0005363338208850872
2011-06-23,-1.5552950980130885e-05,2.6466749339631114e-05,1.8955406074734508e-05,0.0,4.455804114238758e-05,6.88834079877573e-06,1.0526347916428025,1.107297454619966,-0.049943799574356684,-0.00011242148833565982
2011-06-24,-0.0014446359110396048,2.2183449098959482e-05,1.1905133633800212e-05,0.0,4.455127463029757e-05,1.2751461035723467e-06,0.9395679590484189,0.2651122727000771,0.05088772729992287,-0.0015245509145062344
2011-06-27,-0.0012272246301797743,2.6816543857476187e-05,1.0349229673018346e-05,0.0,2.5074010319684768e-05,3.546317566488942e-06,0.745297898824749,0.6458466741835287,0.050065323013386454,-0.0012930107315964425
2011-06-28,0.0007894006674373494,3.259252330579156e-05,1.318876071492907e-05,0.0,3.8540840404883854e-05,5.886455595895468e-06,0.650984526785669,0.9439202801828714,-0.04500425992756732,0.0006991920874158495
2011-06-29,-0.0012036432231433748,2.5082532084228753e-05,1.0412678816486914e-05,0.0,1.9750287904668085e-05,5.015244960112264e-06,0.5708895092554661,0.7988256362754078,-0.04373551702345252,-0.0012639039669088707
2011-06-30,-0.0002895455513883129,1.7716724452923586e-05,6.760581653500848e-06,0.0,2.613694696213466e-05,4.429592741908688e-06,0.36917810769286075,0.6955329892248178,-0.04863859141584187,-0.00034458939719878067
2011-07-01,-0.0007688916745364092,2.0153280618974203e-05,6.74187952086935e-06,0.0,2.081500909485116e-05,4.085902985382889e-06,0.3134450960288586,0.6399599720519811,-0.04647172949234435,-0.0008206877467564868
2011-07-05,-0.0019336887294976904,1.2001726416196696e-05,5.39851842245887e-06,0.0,1.4126213166914818e-05,5.773253960210128e-06,0.36574653783128813,0.9207630533657818,-0.04914361194951966,-0.0019709884414634707
2011-07-06,-0.00023705744238118606,2.0715005371124217e-05,1.2938346363172944e-05,0.0,2.4606997322755743e-05,2.9630720797298714e-06,0.6642165841644116,0.44829991629623794,-0.04949619309838048,-0.0002982808635179688
2011-07-07,-0.0004556058142158396,1.984667370999163e-05,6.867790525134722e-06,0.0,2.9200591623630286e-05,2.388722225191451e-06,0.3186747560372245,0.3512403725958576,-0.05006496123630613,-0.0005139095922997877
2011-07-08,-0.0005984957834495006,6.800600410456957e-06,6.775211663314244e-06,0.0,1.24962227335102e-05,2.3113802038118975e-06,0.429392841873093,0.33831187424039877,-0.05000000000000002,-0.0006268791984605939
2011-07-11,0.0022246833742815167,7.465599486481573e-06,2.245894432509608e-06,0.0,9.763952025562696e-06,2.4256573943454765e-06,0.12391528417812225,0.35751044225004003,-0.05000000000000003,0.0022027822709426172
2011-07-12,-0.0007210652597805044,1.5392734858980698e-05,6.16887060648196e-06,0.0,2.2232746651833467e-05,2.896769224708258e-07,0.38533778928983675,0.0986657229750987,0.049999999999999975,-0.0007651492888202713
2011-07-13,-0.0001453152307441711,1.8335631087690257e-05,9.540405493846224e-06,0.0,2.402859701006704e-05,2.3673803342779988e-06,0.43083027400314844,0.44773106381784034,0.050011167659136574,-0.00019958724467005265
2011-07-14,0.0005390395316749156,5.198054140221097e-06,2.878606545436938e-06,0.0,4.079881902212722e-06,1.5338995514244268e-06,0.18527086697263526,0.3076951246393037,0.04999999999999999,0.0005253490895356205
2011-07-15,-0.0011668345233666094,3.903928863482161e-06,2.0703278004177096e-06,0.0,4.107758815768076e-06,1.919814582646034e-06,0.1136008381828391,0.34817514504870484,0.025646295164171135,-0.0011788363534289234
2011-07-18,-0.001835391512185923,1.742034120467023e-05,9.082154085074802e-06,0.0,2.184080413824271e-05,4.384478016972124e-06,0.5441825353522952,0.7849959220764527,0.04840361522513603,-0.0018881192896308828
2011-07-19,0.004426562613242357,2.110289317226585e-05,1.127103325569908e-05,0.0,3.0075065329276303e-05,1.957780075845521e-06,0.7866438633594951,0.37887613348479215,0.049969080742744656,0.004362155841409271
2011-07-20,-0.0015075008292683644,9.35292937115334e-06,5.149605897499371e-06,0.0,1.8753631978424953e-05,2.79718758572395e-06,0.368477959069271,0.5196231206393809,0.0496956062377574,-0.001543554184101166
2011-07-21,-0.0010058547521028932,1.7737535748410475e-05,1.200715347296348e-05,0.0,3.642878864171409e-05,4.304562149812452e-06,0.7032077331077676,0.673959676825248,-0.04920676434324395,-0.0010763327921157937
2011-07-22,0.003729399180355762,2.079861533574644e-05,1.2111273846294224e-05,0.0,4.2616364688176596e-05,2.346740076261896e-06,0.6009102297206184,0.3440273195570034,-0.05022501325499512,0.003651526186409283
2011-07-25,0.0003848005447229139,2.3018729095793047e-06,2.4209815219475067e-06,0.0,9.690364429365336e-06,2.269751209026248e-06,0.16369978841832092,0.3325211438670013,-0.04879705924940832,0.0003681175746529955
2011-07-26,0.0003101115167998775,1.0635526192121077e-05,5.176214605851478e-06,0.0,2.1295008864980712e-05,6.668380468458801e-07,0.35844276862003144,0.07544595582539951,-0.03658283604470833,0.00027233792909007836
2011-07-27,0.0005142174309922381,8.534620311422426e-06,4.4879525904413e-06,0.0,1.4134350638627268e-05,1.212952287912457e-06,0.247521604680977,0.17369494616729939,-0.030081038201993378,0.00048584755516383463
2011-07-28,0.0007239607034343873,6.835647393565026e-06,3.090303365348663e-06,0.0,1.2449990580300687e-05,1.2222938430606875e-06,0.17635543666915704,0.16951658780020262,-0.03582877783399292,0.0007003624682521123
2011-07-29,0.0010280924389279053,1.014044433062641e-05,3.0840080987626875e-06,0.0,1.6326357457288598e-05,2.3472572598997493e-07,0.2569308578519081,0.08943392196631579,0.05,0.0009983069033152375
2011-08-01,-0.000772724142292489,3.6752295956350226e-06,2.25134907940339e-06,0.0,6.148691056309167e-06,7.125983938383655e-07,0.13994460416552984,0.16971653016484542,0.049999999999999996,-0.000785512010417675
2011-08-02,-0.002996220583959509,9.863653370803587e-06,4.444518089928541e-06,0.0,1.2418557818258746e-05,1.5070369949832967e-06,0.3010570929284933,0.30318221515719385,0.04999999999999999,-0.0030244543502334835
2011-08-03,-0.0004342571803766593,1.9384887628459737e-05,1.1286008921909095e-05,0.0,2.9148189878744092e-05,3.827950427570441e-06,0.5441089569197739,0.5936746997393971,-0.04942097209243687,-0.0004979042172333427
2011-08-04,0.0007831635912864528,2.19853171759375e-05,8.77704197351693e-06,0.0,2.6999233146396002e-05,3.7045397108723073e-06,0.6629835254321128,0.6723940185560229,0.05003134712947524,0.00072169745927973
2011-08-05,-0.00031099701249038755,1.4158461828006277e-05,6.742641425627576e-06,0.0,2.1026641443023725e-05,2.2173714835388444e-06,0.3874889151494853,0.42089876553892835,0.04838035630440249,-0.000355142128670584
2011-08-08,-0.0056000957115986275,1.840687066484309e-05,8.435772526560308e-06,0.0,2.463300547413774e-05,4.297611631798028e-06,0.5685650910171476,0.7711931712146778,0.049194417072609076,-0.005655868971895967
2011-08-09,0.004844514899751207,4.372191124031486e-05,3.0988252762087616e-05,0.0,7.108339604438736e-05,8.009469819531687e-06,1.6269914690441774,1.3029084547485508,-0.04268247493277244,0.004690711869884886
2011-08-10,-0.0012483128090109788,3.776583857795357e-05,1.628934957072881e-05,0.0,6.364342969652147e-05,5.225269710868938e-06,1.1812047885754753,0.9340411574602313,0.0561958460342495,-0.0013712366965670515
2011-08-11,0.005968354511528209,2.2155084776657408e-05,1.2797993067437361e-05,0.0,3.9953758411408106e-05,5.946257071557064e-06,0.7817925467233282,1.0524167939109743,0.05344560588938757,0.005887501418201149
2011-08-12,0.004722663747798227,1.893362450446257e-05,8.745391590179862e-06,0.0,3.784126227770591e-05,3.97276346401172e-06,0.46324153231608584,0.7191225255732399,0.05169826361927088,0.004653170705961867
2011-08-15,0.0006151302738750749,1.4341477791544488e-05,9.38104909292955e-06,0.0,2.6776115795151136e-05,3.697406665720968e-06,0.45081808466573775,0.5750258078507282,-0.04613851199039451,0.0005609342245297288
2011-08-16,0.0018327112990703558,2.6241541996032126e-05,1.0242280710887431e-05,0.0,5.6671487616234506e-05,4.036068323554539e-06,0.7525923910601537,0.7287675632075019,0.05070808485033945,0.0017355199204236473
2011-08-17,-0.0017640875211372507,2.259432373394757e-05,1.5146263655482983e-05,0.0,3.175576751394937e-05,1.502525569844986e-06,0.7405007047246013,0.20831465960792608,-0.04410963612603155,-0.0018350864016104757
2011-08-18,-0.00030239059440672424,1.3753953761685834e-05,6.03240471380328e-06,0.0,1.7008135480883877e-05,1.938085321819661e-06,0.3093460678341623,0.3088145048245752,-0.016783829241127896,-0.0003411231736849169
2011-08-19,-0.0008298036304327943,8.288513797617664e-06,2.3067525681521385e-06,0.0,8.12648767292754e-06,8.526757740637385e-07,0.1988564243306679,0.19358914419910112,0.05033961415639303,-0.0008493780602455554
2011-08-22,0.000142148900274424,2.2158746803027764e-05,1.1372140518398389e-05,0.0,3.339614035791165e-05,4.265256961441763e-06,0.7970887893145441,0.766589232648017,0.0500260631258011,7.095661563364443e-05
2011-08-23,0.006439112263409749,2.1466380252012e-05,1.7506454341068597e-05,0.0,3.7157518371874556e-05,5.929250393371756e-06,1.064042156667822,1.0606477306864597,0.06453366460000459,0.0063570526600514226
2011-08-24,0.0038507480742861633,2.2293312105204855e-05,1.4670007078660929e-05,0.0,4.060369476858254e-05,2.1509016702348614e-06,0.8546076385466426,0.32270158624479006,-0.03864989435466665,0.0037710301586634802
2011-08-25,-4.524778990736087e-05,1.3836135845431371e-05,7.686748318556505e-06,0.0,1.8695188971579192e-05,1.6081777183500272e-06,0.38018724130240344,0.22087561874192657,-0.04929823794087809,-8.707404076127797e-05
2011-08-26,-0.000920245904957826,5.225788738203484e-06,3.0126929625954973e-06,0.0,7.050015958236632e-06,7.369552258166686e-07,0.20494765638067758,0.07343171012018584,-0.05037676781701447,-0.0009362713578426783
2011-08-29,-0.0017022452452632722,1.2039182247039545e-05,4.7705902616999065e-06,0.0,1.766376073111607e-05,1.2703740881280605e-06,0.2536471735794283,0.22133001173773958,0.007907164932225402,-0.0017379891525912557
2011-08-30,-0.0002542194883246016,2.078227516737473e-05,1.1985799879359538e-05,0.0,2.6595469783028405e-05,3.939922366508947e-06,0.8011032299208436,0.6119069575735031,-0.04999999999999993,-0.00031752295552087324
2011-08-31,-8.40605683730381e-05,4.516357206956403e-06,2.460347091092662e-06,0.0,3.009849464488499e-06,2.6901545389354176e-06,0.18589594681085414,0.4496706778806181,-0.002275284660532062,-9.673727667451108e-05
2011-09-01,-0.0004379511996491015,9.293517859844566e-06,7.151753331557674e-06,0.0,1.255889012435566e-05,1.9718088257262846e-07,0.47112602189836356,0.0831263882722016,0.05,-0.000467152541847432
2011-09-02,-0.0009642459973834379,1.899571217385783e-06,1.4626749925538131e-06,0.0,5.0254451945416475e-06,2.729485064951789e-07,0.10007882035245172,0.09585534909119006,0.05000000000000002,-0.0009729066372944142
2011-09-06,-0.0009481017486096562,9.708579562844918e-06,7.138346432392775e-06,0.0,1.2881879017199846e-05,1.8281378150475456e-06,0.4047975354586308,0.35712715292798763,0.050000000000000044,-0.0009796586914371413
2011-09-07,0.0004555123367834077,6.174347680004292e-06,4.625075846779421e-06,0.0,9.087867967386611e-06,2.032807063673308e-06,0.22850783501631972,0.29078833412660904,-0.050723252570506625,0.00043359223822556406
2011-09-08,-0.00035688809411734405,9.914233286284659e-06,4.5367872951937415e-06,0.0,2.2903902073048472e-05,1.3233244986156507e-06,0.40576328830375646,0.27284109836049103,0.050522582593061735,-0.00039556634127048656
2011-09-09,0.0005033126610794436,6.060311604283084e-06,2.8285487639215706e-06,0.0,7.3445523331368955e-06,5.561808049370675e-07,0.13460919344389582,0.1327079270126441,0.03926955178321677,0.00048652306757316494
2011-09-12,6.367068151063217e-05,1.1113926072951964e-05,7.506657042937628e-06,0.0,1.7911654487268894e-05,1.8467669027193167e-06,0.4282086168148931,0.359953173669316,0.04969633401247073,2.5291677004754366e-05
2011-09-13,-0.0001022228355115342,6.198215049024263e-06,4.917169405818451e-06,0.0,9.153550605365569e-06,7.894970053147173e-07,0.28093381603604567,0.10449414700259922,-0.028141349890273268,-0.0001232812675770572
2011-09-14,-0.0010099547514213867,9.167185479786897e-06,4.900564190338443e-06,0.0,1.7300887881180247e-05,1.6653992342844198e-06,0.4152117441845623,0.3295902997801631,0.04980322842038051,-0.0010429887882069766
2011-09-15,0.0005883445680339837,9.624191354901586e-07,9.510216370432777e-07,0.0,3.9332405894027214e-06,1.2983402615462536e-06,0.06385718705929823,0.2709568474842131,0.052835683544442485,0.0005811995464105013
2011-09-16,0.0008153830207303344,8.759700058758315e-06,5.680703162143965e-06,0.0,1.1301247531653948e-05,1.7302575827909317e-06,0.2515001528564188,0.2424789783685267,-0.04820429554034976,0.0007879111123949872
2011-09-19,0.00029591973867432175,1.4968165273860894e-05,7.814970580877221e-06,0.0,3.6697557188273565e-05,3.567580046762717e-06,0.6118419703354605,0.6501105764326977,0.05075712857656131,0.00023287146558454737
2011-09-20,-0.003761215093968001,1.1624769082433923e-05,6.880240643242708e-06,0.0,1.7169508760327606e-05,1.763408508424594e-06,0.3998861035306569,0.34667501749852303,0.050422388083191216,-0.0037986530209624296
2011-09-21,-0.004532100006633583,1.0596484421304725e-05,3.967561654397743e-06,0.0,1.0772308936166198e-05,1.326011199727654e-06,0.22045684548099279,0.27276988155424586,0.05000000000000002,-0.004558762372845179
2011-09-22,-0.003088974225611532,1.5150940658171338e-05,1.0816664318636113e-05,0.0,1.974012841274934e-05,2.90209459928894e-06,0.5075410143275623,0.434253706076684,-0.05329818660385775,-0.0031375840536003777
2011-09-23,0.000775181313856133,8.898841067306465e-06,2.7192607116387122e-06,0.0,1.399075652158101e-05,1.766999658084024e-06,0.23157317412274553,0.3212908262079916,0.02443488364987552,0.0007478054558975228
2011-09-26,0.001835137764301034,1.4152335835347713e-05,7.29992622645712e-06,0.0,1.2944443339722313e-05,1.0928044917258412e-06,0.3356349991935046,0.13377330321158465,-0.049817851398356636,0.0017996482544077811
2011-09-27,-7.796965586528951e-05,1.1372611449032764e-05,3.953649159774719e-06,0.0,9.354886900754463e-06,2.006874400599072e-06,0.31388011776425917,0.3263525195946676,-0.010802379705976542,-0.00010465767777545053
2011-09-28,0.0019261253381411283,2.294838900366023e-05,7.426972443809195e-06,0.0,3.1839409057516854e-05,3.6342065281220374e-06,0.5237162729769189,0.661976289711743,0.05142959298724076,0.00186027636110802
2011-09-29,0.0013165242640516398,3.1963689659796406e-05,2.2257662761883407e-05,0.0,5.022736824947662e-05,6.0315999795454545e-06,1.1458545292830304,0.9626780033019477,-0.05063079326168812,0.001206043943400938
2011-09-30,0.000646222293932606,2.464718382447974e-05,1.0246431625488941e-05,0.0,3.7128659903818934e-05,2.983827259670469e-06,0.6805749700103997,0.556223421277476,0.054940441652837325,0.000571216191319148
2011-10-03,-0.0008600460392489698,1.1964905854919363e-05,4.7836602352886115e-06,0.0,9.971590400670791e-06,1.9390901695459466e-06,0.28182683562462535,0.3810001239470667,0.055232975463347794,-0.0008887052859093945
2011-10-04,0.004800037265253358,2.4393208958335127e-05,1.3009394512540966e-05,0.0,3.566546837347526e-05,4.0272218754605835e-06,0.6116080477793924,0.6465155492922892,-0.03005772578508875,0.004722941971533547
2011-10-05,0.0013637405774168433,1.5412961394385896e-05,6.792643802582656e-06,0.0,1.8619239233839857e-05,2.2324772590604028e-06,0.41202061757729647,0.324904264339948,-0.05015191518219973,0.0013206832557269745
2011-10-06,0.0010572134673510164,1.2027639288648647e-05,4.880841114366867e-06,0.0,1.5442019471411275e-05,9.233572909169434e-07,0.28250703295279767,0.10464666310984119,-0.050477361764205274,0.0010239396101856726
2011-10-07,0.0006430227813760296,1.693966074933585e-05,6.911654037699581e-06,0.0,1.793524989007868e-05,3.1766592245487663e-06,0.5238306539693751,0.5204895309282971,-0.013189218795895574,0.0005980595574743667
2011-10-10,0.001797075447670574,1.3789203830429143e-05,7.948246335787074e-06,0.0,1.2001989214269208e-05,2.3407584145167403e-06,0.37524167988717866,0.34515757979847994,-0.04808983384033241,0.0017609952498755718
2011-10-11,0.0028993354106024477,1.0323158150898662e-05,4.931794884797973e-06,0.0,1.328874542599704e-05,1.60647415489429e-07,0.3312098801787777,0.053915913025803744,0.026927147223579664,0.0028706310647252644
2011-10-12,0.00059741451077503,4.630950474463284e-06,2.208683214039876e-06,0.0,6.912908217652497e-06,6.746956004728019e-07,0.1532111402360467,0.16334444072104826,0.04999557984161754,0.0005829872732684016
2011-10-13,0.00034230752903957156,5.488700625762565e-06,3.1124779437493446e-06,0.0,5.4447994294057655e-06,0.0,0.16790847596409048,0.05,0.05,0.0003282615510406539
2011-10-14,0.0007601763095022302,1.1110692704850178e-06,2.1035469225010467e-06,0.0,7.819228288916245e-07,5.031399479914569e-07,0.07899671499225534,0.05629097257981164,-0.02823653868275311,0.000755676630532361
2011-10-17,0.00047794463907744017,6.453762881970044e-06,2.2510983073570547e-06,0.0,1.1255469969094585e-05,1.0870160609545629e-06,0.2192754201790893,0.2327108446408508,0.05009214640048423,0.0004568972918580639
2011-10-18,0.0018777680500465669,2.764309508577792e-06,1.7401931427711553e-06,0.0,2.9247230288268086e-06,7.016875983805126e-07,0.08846658240256708,0.16841358157939662,0.05053006505147049,0.0018696371367680105
2011-10-19,-9.26634998378918e-05,4.099367145610604e-06,2.2398907606541524e-06,0.0,7.422195586756184e-06,8.913606026756669e-08,0.13487325765899472,0.06438836029071283,0.04941350216576163,-0.00010651408939118031
2011-10-20,0.0005675738276390846,1.2245286502014842e-06,1.779407050914233e-06,0.0,1.8750559957182687e-06,4.3873171560491884e-07,0.06383311174256986,0.059854892472457205,-0.013852035749169156,0.0005622561042266457
2011-10-21,-0.00045011323116991305,6.323552206676976e-06,4.795894780308405e-06,0.0,1.0448848559164631e-05,1.5323550766514446e-06,0.24036575373150101,0.20791110396640422,-0.049524548911038496,-0.00047321388179271453
2011-10-24,-0.000852401847571764,4.170967619124677e-06,2.4036223931428813e-06,0.0,5.634622807850059e-06,6.675012854935214e-07,0.16711206400703113,0.06211287313416628,-0.0500273428287453,-0.0008652785616773751
2011-10-25,0.001024186721161641,4.312151747274329e-06,1.0932722984930973e-06,0.0,7.018473798025861e-06,8.084728145992422e-07,0.14579397819925222,0.1695568611324184,0.03373342827974574,0.0010109543505032485
2011-10-26,-6.529201705868394e-05,3.862481824308203e-06,1.572943434527096e-06,0.0,5.226467390397915e-06,8.62595581129063e-07,0.10597548755755648,0.19052372544826285,0.04560766781858029,-7.681650528904622e-05
2011-10-27,0.002580441334199244,3.5436158246284058e-06,1.7561499191565342e-06,0.0,3.4460790567706824e-06,4.008137281176763e-07,0.09524960499777016,0.1204771222066877,0.05314041588291808,0.0025712946756705707
2011-10-28,-0.00015677610123174227,2.8451009473677197e-06,2.4054077102239806e-06,0.0,6.89050462394987e-06,8.194782790218283e-08,0.1114170438246425,0.02895097962401517,0.015183744536448458,-0.00016899906234118603
2011-10-31,-0.00026912115266583737,1.6738733732737027e-06,7.694315892721464e-07,0.0,1.9932310253458537e-06,0.0,0.07601585317252982,0.047666771055397024,0.047666771055397024,-0.00027355768865372905
2011-11-01,-0.0009274959655057267,9.984095202538501e-07,3.4665751432158833e-07,0.0,8.270005659717203e-07,0.0,0.024488690513631724,0.05000000000000001,0.05000000000000001,-0.0009296680331062738
2011-11-02,0.0002146018510654451,1.7893660983352974e-06,1.2838822685700364e-06,0.0,1.7391520894276224e-06,2.4331080093643343e-07,0.05934583857191935,0.07849142511524465,0.03761521055792383,0.00020954613980817569
2011-11-03,0.00045241841040621444,1.843351959634317e-06,1.751747134656662e-06,0.0,1.0729663255168867e-06,1.9004641484014472e-07,0.07016129056856982,0.015963898846572153,-0.015963898846572153,0.00044756029857156645
2011-11-04,6.084010143168559e-06,2.1099682440824285e-07,2.354894840629026e-08,0.0,5.153768339880037e-07,8.214913080780726e-08,0.009057287848573174,0.006900526987855811,-0.006900526987855811,5.251938405558215e-06
2011-11-07,-5.366251216344045e-05,2.707121275860619e-07,2.65818152048104e-07,0.0,3.925130272511021e-07,1.3160242212647013e-07,0.014879230717947264,0.011054603458623491,-0.011054603458623491,-5.472315789245219e-05
2011-11-08,-6.885734257162362e-05,1.4265442603837037e-07,2.8920998083107303e-08,0.0,9.354517841773692e-08,0.0,0.011123460801195115,0.0,0.0,-6.912246317416284e-05
2011-11-09,0.0,8.679913995363841e-07,8.113020803314393e-07,0.0,8.572891697328674e-07,3.0473960708173123e-07,0.03625261690615271,0.03625261690615271,-0.014943637083578135,-2.841322256682422e-06
2011-11-10,7.053298860618987e-05,1.79302166746123e-06,1.2526701846800988e-06,0.0,1.495999793165815e-06,6.757578262389347e-07,0.035156084191225165,0.06349812652194393,-0.05002918828619711,6.531553913464378e-05
2011-11-11,-0.0010095329218101359,1.6451522062941777e-06,8.450506222052754e-07,0.0,3.941216408705753e-06,8.411246069556833e-07,0.04217978474231579,0.09096326267104708,-0.050345671297507735,-0.0010168054656542968
2011-11-14,0.00016679755963128003,2.728465750467176e-06,1.0146392278719352e-06,0.0,4.687736917015039e-06,3.6897964805619757e-07,0.08855875044031591,0.030994290436720598,-0.030994290436720598,0.00015799773808786968
2011-11-15,-0.00018106104297299354,2.4475914976450855e-06,1.8710484774395955e-07,0.0,4.221897947152411e-06,2.7517552460737103e-07,0.07196340297844599,0.08701753963279073,0.04078805149875238,-0.00018819281279014238
2011-11-16,-0.0003917335622319826,2.299446248783562e-06,1.2645178427905308e-06,0.0,2.6124770706554375e-06,1.7483268154682686e-07,0.0779242248523494,0.07058324886578109,0.04121135836591418,-0.00039808483607575896
2011-11-17,-0.0007246480975256664,1.9517344925659155e-06,2.613414964806213e-06,0.0,6.915147594736335e-06,1.1023247285066432e-06,0.09214136561393413,0.13353589904357044,-0.051654655345545614,-0.0007372307193062815
2011-11-18,0.00044634904147252124,1.7553287601119071e-06,1.141875351892606e-06,0.0,5.158413152488541e-06,2.3285934101367836e-07,0.14570775464578953,0.07254021108258264,0.033419841792284674,0.0004380605648670145
2011-11-21,-0.0005987667240631962,3.661075129607842e-07,7.526104445749949e-08,0.0,1.7103191733599995e-07,2.2655449703358531e-07,0.008869403980524836,0.0760462794082754,0.03798512390663306,-0.0005996056790349841
2011-11-22,-9.901092424553308e-05,4.835789022249697e-06,2.053086152206989e-06,0.0,3.9647883457625364e-06,3.599189667495428e-07,0.09513658030875599,0.11034504258400354,0.04987865617008036,-0.00011022450673250185
2011-11-23,-0.0008317621219696479,8.937866595275528e-07,4.4264776746672755e-07,0.0,1.017433303979907e-06,3.482629802130953e-07,0.03322805556857748,0.10948728354486159,0.050979102869061585,-0.0008344642526808352
2011-11-28,0.0013397267719602154,7.3904245249774955e-06,3.25278700453947e-06,0.0,7.706835161130084e-06,6.656078368722076e-07,0.12626406664205697,0.09822440595845854,-0.013597710636072353,0.0013207111174326962
2011-11-29,0.0001242189672885415,3.3566205878314425e-06,2.0422952679539486e-06,0.0,3.3777230762096277e-06,5.952380952380953e-07,0.11273594266236081,0.05,-0.05,0.00011484709026130839
2011-11-30,-0.0021777989821677034,1.1785227872704932e-07,5.185624394753982e-08,0.0,1.4752201228191346e-07,5.952380952380952e-07,0.005498630193335971,0.05,-0.05,-0.002178711450797898
2011-12-01,-0.00027566542662937606,6.951430874489195e-07,1.3071673010923638e-07,0.0,1.362060420200264e-06,0.0,0.05027566542662938,0.0,0.0,-0.00027785334686713446
2011-12-02,0.0,0.0,0.0,0.0,0.0,0.0,0.0,0.0,0.0,0.0
2011-12-05,0.0,1.2442803072519566e-06,1.4632933248926645e-06,0.0,3.2391596335748214e-06,5.952380952380953e-07,0.05,0.05,-0.05,-6.541971360957537e-06
2011-12-06,7.747581756712496e-05,8.964489525485996e-07,8.77822395906558e-08,0.0,2.131258689105973e-06,1.9238243261753518e-07,0.03376239984255992,0.016160124339872954,-0.016160124339872954,7.41679452532622e-05
2011-12-07,-5.1064303668486716e-05,8.732261312773645e-07,3.2240112341864066e-07,0.0,1.6931035728927841e-06,1.317844394830019e-07,0.034397932166618336,0.023441388001641958,0.0013016021684976418,-5.4084818935558505e-05
2011-12-08,8.447413742670835e-05,2.3962225201300238e-06,5.130122446440402e-07,0.0,2.16601989850572e-06,9.664946704333832e-08,0.07308691477207718,0.06656112590893007,0.05032401544564922,7.930223329638523e-05
2011-12-09,0.0008614518605463897,1.2417065922870765e-06,8.723856591230625e-07,0.0,6.675828632674926e-07,9.856010551901788e-08,0.047350823594614205,0.0671832624893264,0.0506251647621314,0.0008585716253261931
2011-12-12,-0.0009259036618912383,7.551018801812012e-07,7.367679754405996e-07,0.0,1.1376945072923712e-06,2.9044069615902867e-07,0.05043412053269508,0.09886338482904061,0.0500693478743238,-0.0009288236669503114
2011-12-13,-0.00097295843179022,1.0792286390768142e-05,6.296421776518243e-06,0.0,1.5345310104001857e-05,1.7642325848353812e-06,0.21492038391420182,0.24639107425234402,-0.04999999999999999,-0.0010071566826463437
2011-12-14,0.00033972952320231365,9.681304596601684e-06,2.8893445155214723e-06,0.0,1.3351846827086511e-05,4.974455767413435e-07,0.21371534107019494,0.04178542844627285,-0.04178542844627285,0.00031330958168636266
2011-12-15,-7.14605762183831e-05,5.898185920682356e-07,1.0281216444157169e-07,0.0,8.093245113651284e-07,4.3634226183506474e-07,0.03410159655988147,0.0643793782246504,-0.008926121763640485,-7.33988737480931e-05
2011-12-16,-2.5286318823921645e-05,4.507167806256075e-07,5.955795214291523e-07,0.0,4.5935496629418906e-07,3.0644583323773713e-07,0.04014541631756721,0.03933078701242045,-0.012152112971519384,-2.709841592550833e-05
2011-12-19,0.0005451784874197358,1.1523444125468107e-06,1.6103552521187278e-07,0.0,1.318789451220297e-06,0.0,0.06193674046610491,0.05032980598200526,0.05032980598200526,0.0005425463180307568
2011-12-20,0.001676093278481389,4.822001512209846e-07,8.578310193467379e-07,0.0,8.546953047834599e-07,0.0,0.0319092557106303,0.020096643549856345,0.020096643549856345,0.001673898552006038
2011-12-21,-0.0003650750003432251,9.475444581056568e-10,2.881842763993382e-09,0.0,0.0,0.0,0.00011426201734181587,0.019617306532171308,0.019617306532171308,-0.0003650788297304472
2011-12-22,0.00017046767387989963,4.951571947799015e-07,5.797709278079889e-07,0.0,2.72459282630668e-07,0.0,0.019787774206051205,0.0,0.0,0.00016912028647468106
2011-12-23,0.0,6.993795489689367e-07,6.039223419200577e-07,0.0,9.340727282120369e-08,2.2241819420098492e-07,0.018683128312882734,0.018683128312882734,-0.018683128312882734,-1.619127357911183e-06
2011-12-27,-5.134904883564917e-05,9.310988174098886e-07,3.164165369165553e-07,0.0,7.914800019199924e-08,2.3171515269319758e-07,0.014929247840033225,0.019464072826228595,-0.019464072826228595,-5.2907427342860805e-05
2011-12-28,0.00028431316935337856,3.445564256852153e-06,1.44917027946584e-07,0.0,1.0288842319754496e-06,3.4731703503725244e-08,0.05573731844099385,0.042392484972744476,0.036557558784118635,0.0002796590721331006
2011-12-29,0.0004738561064756479,3.0723056856547492e-06,1.641310894418214e-06,0.0,8.584444103033946e-07,0.0,0.0429143831361624,0.0,0.0,0.00046828404548527155
2011-12-30,0.0,0.0,0.0,0.0,0.0,0.0,0.0,0.0,0.0,0.0
2012-01-03,0.0,0.0,0.0,0.0,0.0,0.0,0.0,0.0,0.0,0.0
2012-01-04,0.0,3.2803551148758193e-06,1.83336182336622e-06,0.0,3.1623171855592325e-06,7.287769232147398e-07,0.09169046701443431,0.09169046701443431,-0.030744056085641975,-9.004811047016011e-06
2012-01-05,-0.001357765622697518,2.772279438094085e-06,1.304917794568751e-06,0.0,2.693235267809723e-06,8.438646631821951e-07,0.04399335790156676,0.10037868245066588,-0.04139058096394288,-0.0013653799198611728
2012-01-06,-0.001161406009563648,5.888254081136455e-06,1.4141699995760557e-06,0.0,6.954614656151367e-06,4.797527362321239e-07,0.1345201522998002,0.11443826913528085,0.03383980944828404,-0.0011761428010367441
2012-01-09,0.0005169261414981553,5.700707605721012e-06,3.828917969697998e-06,0.0,3.0438290483189214e-06,8.776879303882778e-07,0.14208174710157254,0.09755635303841756,-0.04989521926681312,0.0005034749989440291
2012-01-10,-0.0006863137422058676,5.9823750788150694e-06,2.1306468921557938e-06,0.0,4.6791149623622765e-06,8.841358236148713e-07,0.12755860366932875,0.09867277356746688,-0.0498620447998315,-0.0006999900149628157
2012-01-11,-0.00011125534557996504,1.4410117277793486e-06,7.756316950552645e-07,0.0,1.3249348365601024e-06,3.7982612655680834e-07,0.06689074855117572,0.03190539463077191,-0.03190539463077191,-0.00011517674996591657
2012-01-12,-2.6052348094383522e-05,2.065423726190551e-06,2.129384895512886e-07,0.0,9.661487477373307e-06,1.1135858668572093e-07,0.08189941905818793,0.06867621464252276,0.04996797207932163,-3.810355637418439e-05
2012-01-13,-0.0005249654245720844,2.0908205767318124e-06,1.2116697372932875e-06,0.0,4.357829657324749e-06,3.1149905334098503e-07,0.08326812539081543,0.1023318409612855,0.05000000000000002,-0.0005329372435967752
2012-01-17,-0.0013539886507590755,8.123993949453604e-06,2.501496807701717e-06,0.0,1.2727267977707467e-05,0.0,0.151181742599986,0.05,0.05,-0.0013773414094939383
2012-01-18,-3.975296353581269e-05,3.34515800542284e-06,1.8463289239155685e-06,0.0,3.852833909844716e-06,5.896491469492677e-07,0.09919926978454567,0.1329248696679043,0.03386381298042731,-4.938693352194508e-05
2012-01-19,-0.00040391149430708,7.004695977771688e-06,4.5857625744724845e-06,0.0,5.664052520244682e-06,5.952380952380953e-07,0.16418392280511077,0.05,-0.05,-0.00042176124347480693
2012-01-20,-1.6691513916307205e-05,1.4436591255830593e-06,1.1350558833102134e-06,0.0,6.907235545546828e-07,5.952380952380954e-07,0.06591653403714567,0.05000000000000001,-0.05000000000000001,-2.0556190574993257e-05
2012-01-23,-8.593391462786447e-05,3.0174423343663046e-06,2.1173976503828407e-07,0.0,2.2351202137188446e-06,2.789308640634343e-07,0.08143837116857079,0.0782128224165999,0.03135243725394293,-9.167714780505134e-05
2012-01-24,0.00031746949316468787,2.730215733005077e-06,1.7908129164672887e-06,0.0,1.5212814074700484e-06,3.44296303358408e-07,0.06059394705440516,0.05150602584871667,-0.0063357531154958745,0.00031108288680438705
2012-01-25,0.00013178204702029363,1.9363755423086916e-06,1.0706019792115946e-06,0.0,7.563051009764068e-07,3.360627443491282e-07,0.06592827309193502,0.04158885464171226,-0.014869686408941273,0.0001276827016534478
2012-01-26,5.892147963164836e-05,5.111480674833714e-06,4.151407618772618e-06,0.0,1.5243329223686803e-05,1.3016360458434057e-06,0.21003208879209279,0.16867485570169213,-0.04999999999999999,3.311362606851182e-05
2012-01-27,-6.0493543327332064e-05,1.1377394987338823e-05,6.6503708256894275e-06,0.0,2.3455113960603346e-05,2.9203854327154097e-06,0.5617255465603038,0.5410510194714357,0.050426266775247,-0.00010489680853367908
2012-01-30,0.0019502165380440224,1.1985355333698275e-05,8.58839596750192e-06,0.0,2.1565935260475566e-05,1.2751394037810378e-06,0.44551289122935567,0.1906285739514772,-0.023594845883737104,0.0019068017120785657
2012-01-31,-0.0004522766950010505,7.112992221883046e-06,4.332013233265633e-06,0.0,1.90782808974482e-05,1.252446996069476e-06,0.24126626658565156,0.16009150775022454,-0.05031958758944741,-0.00048405242834971687
2012-02-01,-0.002636692694397551,8.468155483851625e-06,3.549286836096124e-06,0.0,2.2022444279394934e-05,1.0918604630977621e-06,0.31911257632078105,0.23343255780042405,0.05,-0.0026718244414599916
2012-02-02,-0.0010686763260418363,3.0857511151346757e-06,2.4926855533850627e-06,0.0,3.803426783046679e-06,1.721281334059631e-06,0.1577563876413979,0.3257919455146552,0.036616681392637226,-0.0010797794708274624
2012-02-03,-0.0001151607501652745,7.645925386129706e-06,6.6153221997247e-06,0.0,1.0132604968804336e-05,1.733230129244157e-06,0.31618669184803383,0.24153057686193263,-0.04965208485108575,-0.0001412878328491774
2012-02-06,0.000981696113508732,5.629306273909224e-06,3.0961929720003143e-06,0.0,5.511118355009307e-06,1.2670767481351725e-06,0.20866650586902913,0.16354907507132554,-0.04931981861538345,0.0009661924191596779
2012-02-07,0.00040177954557204257,8.21049063128499e-06,3.810989302665726e-06,0.0,1.927412767792456e-05,2.64637960885336e-06,0.3480189556226688,0.4849333654931816,0.04034159120581718,0.00036783755835131395
2012-02-08,-0.001014523237399984,1.2915499266966898e-05,7.103796503076143e-06,0.0,2.0439594126619344e-05,1.5103185636001166e-06,0.3798545504423821,0.3033968021283757,0.04966328344355608,-0.0010564924458602465
2012-02-09,0.0019355131188010016,6.309975441221876e-06,5.089303335051913e-06,0.0,1.215738664208907e-05,1.6172626517580414e-06,0.23223680690523738,0.22179137812846839,-0.049908747366882604,0.0019103391907308808
2012-02-10,0.0017064755562401551,3.821185379890051e-06,3.6698440858652507e-06,0.0,9.791271082643978e-06,1.7048466246804782e-06,0.231034586959449,0.23681430623444594,-0.049599926711874395,0.0016874884090670754
2012-02-13,-0.0005509748433449665,8.686692100543203e-06,3.4435914734480705e-06,0.0,1.5596750794417283e-05,9.898437716687364e-07,0.3220198668252426,0.21730016733452073,0.051006413694173025,-0.0005796917214850438
2012-02-14,0.0006161709563867199,1.3877379166446126e-05,1.3179071647672174e-05,0.0,3.246867504489176e-05,4.1985470515685525e-06,0.7301719287786799,0.6558848539370837,-0.04947105072643304,0.0005524472834761413
2012-02-15,-3.145594842828398e-05,2.19132822006801e-05,8.777547774188887e-06,0.0,2.3667597311284685e-05,2.368319535698097e-06,0.6219640163322167,0.34781213456631077,-0.050065547430969554,-8.818269525013575e-05
2012-02-16,-0.001553882334502161,2.085477590845815e-05,6.945572415930235e-06,0.0,2.4393378517193912e-05,1.217936318843644e-06,0.32144416684877297,0.2539043005876217,0.04929099902188958,-0.001607293997662587
2012-02-17,0.0007062258824818123,9.46728318284386e-06,4.351776626696181e-06,0.0,1.8369314072845683e-05,1.4552781925576864e-06,0.2800309503663438,0.2950221630235031,0.050535426673811765,0.000672582230406869
2012-02-21,0.00025510787917188977,5.110516055421907e-06,4.173436079862416e-06,0.0,1.3291459920947723e-05,1.5435249442885288e-06,0.1821905832040006,0.2112847466873315,-0.048027443953141326,0.0002309889421713692
2012-02-22,-0.0005845065328794189,6.996851818368152e-06,2.9236964170707278e-06,0.0,9.373862321649093e-06,0.0,0.24159817438065243,0.03235899588958639,0.03235899588958639,-0.0006038009434365069
2012-02-23,0.0004658410637924593,2.28352694216609e-06,1.3181459094713737e-06,0.0,1.626835952964317e-06,0.0,0.03282483695337885,0.0,0.0,0.00046061255498785754
2012-02-24,0.0,8.30754455781089e-07,1.1984151966597771e-06,0.0,2.457650335369038e-06,5.071841790094812e-07,0.05240410262336757,0.05240410262336757,-0.03280283945022528,-4.994004166819385e-06
2012-02-27,0.0006875498567239856,6.7550882846372705e-06,1.7335262731737139e-06,0.0,1.2119352895032e-05,5.910828968701818e-07,0.15372246750551197,0.10197459398748729,0.0026726673132967463,0.0006663508063742724
2012-02-28,0.0006188995369634035,5.924333828856181e-06,2.7142831673424156e-06,0.0,9.919652170058992e-06,0.0,0.10288237863395706,0.0,0.0,0.000600341267797146
2012-02-29,0.0,3.5962164430996547e-06,1.6447500223043998e-06,0.0,4.281203121281643e-06,6.273986552175365e-07,0.1084413677638069,0.1084413677638069,0.0030383936872607695,-1.0149568241903234e-05
2012-03-01,-0.00010033225403553339,6.908810018901571e-06,4.446341185772879e-06,0.0,1.7170672989951175e-05,1.4642900365062777e-06,0.23833044619210098,0.2412685076253262,-0.004732218507728467,-0.00013032236826666528
2012-03-02,-0.000557523067483736,8.115284707511131e-07,6.119778854492752e-08,0.0,1.190787096721864e-06,1.2533274276920026e-06,0.023537610978818277,0.22880687725586246,0.018247869403606065,-0.0005608399082674459
2012-03-05,0.0001905501746783073,7.503649520237225e-06,3.860836892010206e-06,0.0,1.4217049128238066e-05,0.0,0.22846783971153517,0.0,0.0,0.0001649686391378218
2012-03-06,0.0,6.5750654738022185e-06,5.504783261136914e-06,0.0,1.054459777861032e-05,2.1934585216144767e-06,0.31850103163123206,0.31850103163123206,-0.04999999999999999,-2.4817905035163928e-05
2012-03-07,-0.0013254267444337865,8.569148496661926e-06,4.965389324443774e-06,0.0,1.898423878072246e-05,1.6346029857517478e-06,0.34099699341266004,0.27164962855334723,-0.002963673052946425,-0.0013595801240213665
2012-03-08,0.0007262576764095428,1.2027158550441314e-05,6.441395692762754e-06,0.0,1.437277742922124e-05,2.8463890871683337e-06,0.42076454803005325,0.4278055258981293,-0.05038784074615077,0.0006905699556499491
2012-03-09,5.9692513631876184e-05,7.504746307256731e-06,4.357463420407166e-06,0.0,1.4450317865973327e-05,1.8026124888589563e-06,0.22935580734223718,0.25208581723622914,-0.05075308089207549,3.1577373549380006e-05
2012-03-12,0.0009736087009925599,8.08190582277351e-06,4.036080228072442e-06,0.0,6.065081896851015e-06,1.3095238095238098e-06,0.178661398706806,0.17079893475366179,-0.049201065246338244,0.0009541161092353392
2012-03-13,-0.0019876307754238443,5.202064587449486e-06,2.9748265832756777e-06,0.0,3.1493595341335117e-06,9.525852211508045e-07,0.17884313481505504,0.11830280202595751,-0.041731515127377675,-0.001999909611349854
2012-03-14,-0.00042391389418159774,7.2109757125765805e-06,2.772983426165395e-06,0.0,6.653192189330859e-06,1.5963660438918332e-06,0.14626101776207637,0.21742476289474888,-0.05076473247907912,-0.0004421474115535624
2012-03-15,0.0003972549908994977,1.1205244943273323e-05,6.642581028311567e-06,0.0,1.9194211724775796e-05,2.274115626319385e-06,0.4493036560534087,0.3310257126108283,-0.05102571261082835,0.0003579388375768176
2012-03-16,-0.0013959169914026042,6.296583459883147e-06,3.3493843811714234e-06,0.0,2.1100334867172214e-05,1.6815838532983393e-06,0.21045874239500226,0.24125304367706052,-0.04125304367706051,-0.0014283448779641294
2012-03-19,-6.770640448194406e-05,5.121445215210361e-06,3.4507345544535836e-06,0.0,1.3538401964166682e-05,0.0,0.2435814086593816,0.0,0.0,-8.981698621577469e-05
2012-03-20,0.0,3.499334467525267e-06,1.6310318701142513e-06,0.0,5.222782922302395e-06,4.761904761904761e-07,0.13,0.13,0.05,-1.082933973613239e-05
2012-03-21,0.00015524520588339988,1.632681653360493e-06,1.4527266557221086e-06,0.0,2.8711894697501078e-06,4.968319209629972e-07,0.10499396676118827,0.1334677627217835,0.05000000000000002,0.00014879177618360418
2012-03-22,-0.00060174132328451,8.274253303694366e-06,5.811627888093445e-06,0.0,1.2188177903461234e-05,1.2857142857142856e-06,0.2508409822562797,0.16599999999999998,-0.05,-0.0006293010966654733
2012-03-23,0.00034801960607321454,1.5584065075553548e-06,5.997024247170815e-07,0.0,1.3439637845934384e-06,9.990958408679928e-07,0.042874111755057384,0.12317743080358559,-0.044670670462237196,0.00034351843751548067
2012-03-26,-0.000410455482091962,1.0976547180168842e-05,9.103733016784147e-06,0.0,1.972799842931666e-05,3.857142857142857e-06,0.5338646939571613,0.5981172410443705,-0.0498827589556296,-0.0004541209035753745
2012-03-27,-0.0012384934201403522,2.1852758894215227e-05,1.0015107184312612e-05,0.0,3.15567767774223e-05,1.7857142857142859e-06,0.7196417575661845,0.25,-0.05000000000000002,-0.0013037037772820166
2012-03-28,0.0011528982906603865,1.7516278126006196e-06,1.6931338023367235e-06,0.0,8.696606430513188e-06,2.4967542918426676e-06,0.12088025880544447,0.36972736051478405,-0.0497273605147841,0.0011382601683230932
2012-03-29,-0.0008019625777758194,1.3931501620401643e-05,6.1679721337077186e-06,0.0,3.35914152499857e-05,1.0714285714285714e-06,0.37967946473561937,0.22999999999999998,0.05,-0.0008567248953513431
2012-03-30,-0.0005623234751417505,1.3261544996873995e-06,1.2631130150395098e-06,0.0,1.988009302504155e-06,1.0214900104350677e-06,0.06404373743392895,0.20580516087654568,0.03419483912345432,-0.0005679222419694166
2012-04-02,0.0014727451242395493,8.834335188278922e-06,3.819107673743597e-06,0.0,1.660654175106693e-05,1.5082462894931355e-06,0.17818313495641894,0.21069268831742338,-0.042692688317423406,0.0014419768933369667
2012-04-03,-0.00047716327228420995,3.8815202281629794e-06,2.382010047930599e-06,0.0,1.2905795403084977e-05,8.809523809523809e-07,0.14226436756236896,0.098,-0.05,-0.0004972135503443409
2012-04-04,0.00021620398220988948,2.4210096540633032e-05,6.804882543249141e-06,0.0,2.3805373196919673e-05,2.453714100665975e-06,0.34105348999827845,0.36211198445594184,-0.050111984455941866,0.00015892991582842165
2012-04-05,-0.0005476561648102129,1.6022345416585007e-05,6.8168344769651684e-06,0.0,2.007910295351086e-05,4.761904761904761e-07,0.36702334014371385,0.12006263082662876,0.04006263082662877,-0.0005910506381334644
2012-04-09,-0.000662973429304758,4.100829027565265e-06,1.5776872316171847e-06,0.0,2.941956171845903e-06,2.857142857142857e-07,0.10841205309612048,0.098,0.05000000000000001,-0.0006718796160215007
2012-04-10,-0.0007211329466085248,5.589061557209235e-06,3.6304406195073156e-06,0.0,1.1172121666857676e-05,1e-06,0.11599651389908057,0.1253720733265901,-0.042627926673409894,-0.000742524570452099
2012-04-11,-0.0010333098253466257,9.090346348606056e-06,6.603610947699792e-06,0.0,2.3306001850414302e-05,2.6666666666666664e-06,0.4885740435609021,0.4929128070621456,0.04491280706214562,-0.0010749764511600126
2012-04-12,-0.0009127415338606647,1.2319418790366448e-05,6.807259314704197e-06,0.0,8.701172672012951e-06,3.107962019462169e-06,0.2863237112181548,0.4723595940013572,-0.0497780252682872,-0.0009436773466572104
2012-04-13,2.0221670572355607e-05,3.106892259725349e-05,1.4894514907140048e-05,0.0,4.9496593201752356e-05,3.928571428571429e-06,1.1432307311455658,0.71,0.04999999999999993,-7.916693156236171e-05
2012-04-16,0.0017501813189961665,1.5244736039816493e-05,7.62151831755185e-06,0.0,1.8565972682961098e-05,3.625300966860889e-06,0.4484757869879591,0.6599031726495357,0.05085261021690629,0.0017051237909889762
2012-04-17,0.003941590230855016,1.7319300003191914e-05,1.007849132561008e-05,0.0,3.6407367920683536e-05,4.000000000000001e-06,0.49935493135315967,0.6220000000000001,-0.050000000000000044,0.0038737850716055303
2012-04-18,0.0008857527782746619,2.723589923947651e-05,9.940808771855637e-06,0.0,3.845556042222779e-05,6.119047619047619e-06,0.6272868397909573,0.978,-0.04999999999999999,0.0008040014622220543
2012-04-19,0.0024432980505313404,1.125375597848134e-05,8.422777139454907e-06,0.0,1.1654591122746901e-05,3.0238095238095247e-06,0.5634694230839284,0.5563584131326951,0.0483584131326949,0.0024089431167668477
2012-04-20,0.0036249750096728154,2.3264260952311608e-05,1.3468681693665062e-05,0.0,4.044842290648197e-05,4.386616858946338e-07,0.6844706769564664,0.12369516323029847,0.04999999999999999,0.0035473549824344623
2012-04-23,-0.0012117268313947616,3.6617876821110945e-06,3.681932479612762e-06,0.0,6.098990929954454e-06,1.5464043793711735e-06,0.1786862410357838,0.20979593573435718,-0.05,-0.0012267159468658112
2012-04-24,-7.07098221154377e-05,7.517719866002842e-06,2.8557788853255607e-06,0.0,7.150976021542988e-06,1.8118405300884752e-06,0.11169373823409877,0.2550080880892538,-0.04938112096561005,-9.004613741839757e-05
2012-04-25,0.0030081026957452673,1.7204678393452402e-05,9.812918532567105e-06,0.0,4.6564440193929535e-05,4.0476190476190474e-06,0.6016887566326264,0.6309553217588166,-0.049044678241183415,0.002930473039577699
2012-04-26,-3.8621394514391555e-05,2.3355528354716802e-05,1.4071022275159047e-05,0.0,4.264727843496239e-05,4.1085869420844485e-06,0.9867219919647654,0.640986693107912,-0.04925591316227512,-0.00012280381052131423
2012-04-27,0.0019309670039466666,1.1511206158958745e-05,5.0880679352237606e-06,0.0,1.687817545731808e-05,3.6787211981628023e-06,0.294872836272976,0.5696569225129215,-0.04836823877842927,0.0018938108331970033
2012-04-30,0.0003719637230787108,1.4023877381569666e-05,7.3403070374639765e-06,0.0,2.415822474570402e-05,3.013945652178487e-06,0.37957293217947785,0.45587494200402123,-0.050467927561964554,0.00032342736826179464
2012-05-01,1.696761327774726e-05,1.3343243540901019e-05,1.0064422648516871e-05,0.0,2.9442968335802392e-05,5.444676517075537e-06,0.6761999014433789,0.8647104827054637,-0.049995172163226465,-4.132769776454856e-05
2012-05-02,-0.00011533092652637266,1.4749236217530364e-05,1.020700115023421e-05,0.0,3.157272521821761e-05,2.258105674246652e-06,0.7030086568604639,0.4299552475191133,0.05059349424567583,-0.00017411799478660148
2012-05-03,0.0017261498754378144,1.856848298581079e-05,1.0830474719623357e-05,0.0,2.7796367741015007e-05,2.260617582214477e-06,0.5843191550132492,0.32989187690601596,-0.0498918769060161,0.0016666939324091509
2012-05-04,0.0033951539346023392,1.6353748540891296e-05,7.3290456464797665e-06,0.0,2.0784471556535525e-05,2.3865695812742e-06,0.5264788203176262,0.4513096447413958,0.05036595508733016,0.0033483000992771583
2012-05-07,-0.00010658006245239434,1.663997047782468e-05,7.182969642219941e-06,0.0,1.1545958754418376e-05,3.32215298087289e-06,0.4688281542678289,0.6086963622316987,0.05057466144505307,-0.00014527111430773023
2012-05-08,-0.00014789525913123635,1.3737752334812352e-05,8.184105092349768e-06,0.0,1.264549209062562e-05,2.2714520116379093e-06,0.4133791912542331,0.4316628762053962,0.05005893825022745,-0.000184734060660662
2012-05-09,-0.0009000784805565851,1.572099434542183e-05,9.89524705640573e-06,0.0,2.0016922090612256e-05,3.214285714285714e-06,0.5378645094306155,0.4899999999999999,-0.04999999999999999,-0.0009489259297633106
2012-05-10,0.0016372747046816583,6.614192194415338e-06,2.964813080258212e-06,0.0,1.8957805610252195e-05,2.119047619047619e-06,0.2536548544778999,0.406,0.05000000000000002,0.001606618846177685
2012-05-11,0.00028374983990972486,4.4715685915424185e-06,3.6990406516718587e-06,0.0,9.139037105564686e-06,3.2619047619047623e-06,0.12356778908194693,0.4976752626552054,-0.05032473734479467,0.00026317828879904114
2012-05-14,0.00013631965044173168,1.2382202132182883e-05,7.240214174284538e-06,0.0,1.897693424713175e-05,1.5849431775411813e-06,0.4136155612711147,0.21627045382691845,-0.05,9.613535671059134e-05
2012-05-15,0.0036214084901170303,9.365770905285779e-06,5.681398026753857e-06,0.0,1.037369306798278e-05,2.0725482277723774e-06,0.4211433613676129,0.39837976541859393,0.05019166315283452,0.0035939150798892355
2012-05-16,0.00018058890508654995,8.500439408140961e-06,4.841515593468462e-06,0.0,8.01535691237316e-06,1.9317489733613703e-06,0.3187111134649586,0.3744341625316042,0.04990033500689406,0.000157299844199206
2012-05-17,-0.0007876063854587185,1.505615246354644e-05,7.61728557738313e-06,0.0,2.4999442809321826e-05,1.7759816658738505e-06,0.4274487136104448,0.3493255133652561,0.050960593498449176,-0.0008370552479748437
2012-05-18,0.005139822812337974,2.579039304055084e-05,1.528206017699704e-05,0.0,3.0146783925006143e-05,4.790878260257354e-06,0.8373334772963883,0.854598401972988,0.049730854249752654,0.005063812696935163
2012-05-21,0.0035987319837210907,5.944079688730651e-06,4.0551602750151125e-06,0.0,9.467853709274173e-06,6.082803855979782e-06,0.23767266711391696,1.0710049935090027,0.04909394570439929,0.003573182086192091
2012-05-22,-0.0007132036613669231,1.7026811831548854e-05,9.99062783367498e-06,0.0,2.17228411502536e-05,5.081864182107763e-06,0.5725138019968018,0.8417990229645775,-0.011954159629526617,-0.0007670258063645083
2012-05-23,-0.000101822312313241,2.1568994369628637e-05,1.018788970729719e-05,0.0,1.8826632323954396e-05,1.041514654077746e-06,0.777660544003362,0.22511808153809623,0.050143619653034925,-0.00015344734336819897
2012-05-24,0.00044316385276414613,7.743456859931007e-06,5.139887408996726e-06,0.0,1.2361215305985272e-05,2.125447829441972e-06,0.23059552543830913,0.3199951094354518,-0.03708012591079948,0.00041579384535979114
2012-05-25,-0.0007539242226302209,5.180633007037656e-06,3.9687255045592315e-06,0.0,8.346211521148627e-06,2.025172632631259e-06,0.245771434347206,0.2901329052446978,-0.050096097037353626,-0.0007734449652955977
2012-05-29,-0.002203631724214653,1.0760035325424493e-05,5.3579438614119305e-06,0.0,1.835754013236785e-05,1.5083585287489035e-06,0.39115662316427086,0.30329335163286925,0.04988911880305347,-0.002239615602062606
2012-05-30,-0.001167684400297947,5.286113329279621e-06,3.2033374007226225e-06,0.0,8.335430060051346e-06,1.4723985159354588e-06,0.20743785894544542,0.2991634780638813,0.05180052738672427,-0.0011859816796039359
2012-05-31,-0.0014609735302103185,2.086641240819536e-05,1.0796785610936586e-05,0.0,2.0970396597096917e-05,4.104999959166006e-06,0.7694078312453263,0.7400052646996516,0.0503652715597625,-0.0015177121247857135
2012-06-01,-0.0019098031944565748,2.0713794457711626e-05,1.4920945534892752e-05,0.0,3.018911859418539e-05,1.8285271977705406e-06,0.8440737279054488,0.35719256922545084,0.049999999999999996,-0.001977455580241135
2012-06-04,0.0017209235324528581,1.670813999522209e-05,1.0306132754058485e-05,0.0,3.0979289367379724e-05,3.285682434200013e-06,0.6110478450927792,0.6019582739678662,0.04996362502226406,0.0016596442879019979
2012-06-05,0.00045741425598383917,1.6178447996383575e-05,7.707522808612861e-06,0.0,1.408001741817363e-05,2.6205912716623613e-06,0.513653381283583,0.49007767425716453,0.04981834061788793,0.0004168276764890067
2012-06-06,-0.0005529224631533823,1.2162038576994245e-05,8.273902447912076e-06,0.0,2.4797932188220204e-05,2.2184718068572825e-06,0.4593235956931172,0.32562627779656605,-0.04707698575545735,-0.0006003748081733661
2012-06-07,0.0006653730013599962,1.7897098136329302e-05,9.277020837443864e-06,0.0,2.0376370239194693e-05,3.9679464319604245e-06,0.6077134136857997,0.6167419285898663,-0.04987307197948493,0.0006138545657150679
2012-06-08,0.0016342379045055724,1.2994077935303042e-05,7.064539064672321e-06,0.0,1.2053476735327601e-05,2.505192166578991e-06,0.4044294555814488,0.37155879075007936,-0.04931349323519103,0.0015996206186036904
2012-06-11,2.5839816228255443e-05,3.235475679693437e-05,1.512021878086265e-05,0.0,4.33826121164996e-05,5.0618366125427506e-06,0.9763714564966489,0.9011773375927662,0.050788786685584175,-7.007960807858392e-05
2012-06-12,0.0019359119211883069,1.1288165729563041e-05,7.637868726253011e-06,0.0,1.3798633052543282e-05,3.925718550659346e-06,0.4465565322675509,0.7104389961713262,0.05091827966055612,0.0018992615351292883
2012-06-13,-0.002737521261020887,2.527609130977173e-05,2.0358838835492767e-05,0.0,4.021167398356615e-05,4.631469052314379e-06,1.1279568147998735,0.7474479849566217,-0.03063881583219416,-0.002827999334202032
2012-06-14,-0.002437997014287663,1.4993366134483929e-05,9.586130596097314e-06,0.0,2.1595416247937586e-05,2.32430261994501e-06,0.5889835850483871,0.3388246136261964,-0.05165822652456524,-0.002486496229886127
2012-06-15,-0.0006185787506310988,7.171667636653101e-06,4.291158149192725e-06,0.0,1.2202178478877698e-05,2.7330786796561862e-06,0.2666616329022913,0.4093584730110271,-0.04979874517121213,-0.0006449768335754785
2012-06-18,0.00011518834879980928,1.5053898677887682e-05,7.877076155674975e-06,0.0,1.849454779481689e-05,2.0023705857123166e-06,0.5511430146338294,0.2863667713567961,-0.05003148704287307,7.176045558571742e-05
2012-06-19,-7.20123993698345e-05,1.0782309063911485e-05,5.253636633859512e-06,0.0,3.920971120303366e-05,2.5080755627983263e-06,0.34802701087990895,0.4081158140355773,-0.013240880514541503,-0.00012976613183343747
2012-06-20,-0.001522788490987196,5.243755356900934e-06,3.856116288452303e-06,0.0,1.0613442444108223e-05,2.0605913087196282e-06,0.19237556483086526,0.2953422097091935,-0.05083713015570401,-0.001544562396385377
2012-06-21,0.0015219678895159539,1.9532096979868142e-05,6.046580255427121e-06,0.0,2.0821791005967906e-05,3.221633983754846e-06,0.5016233251168615,0.5917752953431633,0.05054078607234913,0.001472345787290936
2012-06-22,-0.00031598643931899837,1.8151653806185857e-05,1.0499838493743345e-05,0.0,2.0386197054705067e-05,1.9215275438331973e-06,0.5342229816182111,0.37309172425867226,0.050275096894695004,-0.0003669456562174658
2012-06-25,-0.0014946723367706158,1.1662157907382214e-05,6.460404866219205e-06,0.0,1.4844035262619817e-05,5.131743710948721e-07,0.34615455027187303,0.13606814699694886,0.04985485265301032,-0.001528152109177932
2012-06-26,0.0008065573305601655,2.6440422629007248e-05,1.4281745559446507e-05,0.0,4.1367225327393245e-05,6.072587346966666e-06,1.0229132937207557,1.0704013445296225,0.050206670239222706,0.0007183953496973517
2012-06-27,0.003575857180557548,1.4165598880386672e-05,9.528429188441984e-06,0.0,2.2902252593873056e-05,4.394490238226595e-06,0.5459783642018614,0.7896931415040512,0.05141878148198337,0.0035248664096566196
2012-06-28,0.0024824998833254184,2.1452420582072266e-05,1.780440614065528e-05,0.0,3.315804555740409e-05,3.660369784090547e-06,0.9605094723783265,0.5650802997875843,-0.049861823939627625,0.0024064246412611964
2012-06-29,-0.0002502096770572413,1.4386033359218302e-05,9.872884546950942e-06,0.0,3.247355549213712e-05,4.557684344910645e-06,0.5688155406312905,0.716262886215338,-0.04942808372965052,-0.00031149983480045833
2012-07-02,0.0016401690918219284,1.912417598191904e-05,8.541693036642365e-06,0.0,3.2045165515371824e-05,4.530472525797277e-06,0.41592431300310223,0.7114359732207438,-0.04968341111319863,0.0015759275847621978
2012-07-03,-0.0025911696589415428,1.574116607135252e-05,8.27972050021278e-06,0.0,2.6209494561259115e-05,1.0167636578199147e-06,0.5972570057716344,0.12116377671651679,-0.049652517797228846,-0.002642416803732187
2012-07-05,0.0003008760391860953,6.445342519958149e-06,1.2608835325533618e-06,0.0,7.822121586365874e-06,3.5534222600306714e-07,0.10714122790052524,0.029848746984257643,-0.029848746984257643,0.00028499234932121483
2012-07-06,0.0007357471510154619,4.4252111105503774e-07,7.569379956642969e-08,0.0,8.674653864053986e-07,0.0,0.029112999833242184,0.0,0.0,0.000734361470718435
2012-07-09,0.0,0.0,0.0,0.0,0.0,0.0,0.0,0.0,0.0,0.0
2012-07-10,0.0,7.5320409094227085e-06,5.558377216475771e-06,0.0,1.4826242040005006e-05,1.8578432520130295e-06,0.362117666338189,0.362117666338189,0.04999999999999999,-2.9774503417916514e-05
2012-07-11,0.0011227723347461732,1.354106049994654e-06,9.058650458015411e-07,0.0,1.5377552881656904e-06,1.7878636488995982e-06,0.053078977003886245,0.35143099519830356,0.05106990218317106,0.0011171867447133117
2012-07-12,0.00030628871826334826,3.6348805427126013e-06,2.4531086288036126e-06,0.0,3.3682006400998012e-06,1.7722191519172004e-06,0.17816638251507427,0.35009914445596396,0.05236632693387432,0.000295060309299815
2012-07-13,0.00190403587626606,1.0842191386221064e-05,7.002485246009968e-06,0.0,1.9973678363234282e-05,9.318899240252741e-07,0.3910468454529191,0.13513089740765066,-0.02142660982859538,0.0018652856313465694
2012-07-16,8.40259659749403e-05,6.460785638110221e-06,4.05236967678833e-06,0.0,8.345455807817448e-06,1.660979575630388e-06,0.1942942090000384,0.22910563236774578,-0.04993893633815939,6.350637527659392e-05
2012-07-17,-0.0005627980896226636,1.20209205411419e-05,5.661827221475406e-06,0.0,1.2975594470342795e-05,2.280397191532812e-06,0.3160741549192306,0.3331067281775124,-0.04999999999999996,-0.0005957368290471565
2012-07-18,-0.0003324248164002628,1.4605552197049615e-05,7.999019468861216e-06,0.0,2.0548095756946792e-05,2.6003722802484076e-06,0.5794916681040805,0.38660488248668046,-0.05025766059505202,-0.00037817785610336885
2012-07-19,-0.0006539986356536939,1.241172373808996e-05,7.293208242131853e-06,0.0,1.868212149044469e-05,1.420452563008436e-06,0.3838761435789628,0.18863603058541722,-0.05000000000000002,-0.0006938061416873688
2012-07-20,0.0006456434284583428,1.698284497866832e-06,9.075742070846024e-07,0.0,2.1828331882895216e-06,1.100055490376198e-06,0.05179531763300803,0.13509374932598955,-0.04971557305721175,0.0006397546810747257
2012-07-23,0.000718051715611487,4.635020560191148e-06,1.0756236990032613e-06,0.0,3.4920508509531804e-06,7.871063388909757e-07,0.08944485264411886,0.1030956520075185,-0.02913821292616542,0.0007080619141624484
2012-07-24,0.0010851210595782615,1.495508407971067e-05,6.742641088955312e-06,0.0,8.7414589526015e-06,1.3669734966179838e-06,0.23957445606294903,0.18079185696183978,-0.048859690469981454,0.001053314901960376
2012-07-25,-0.001998304031373744,5.637877369329854e-06,2.419497888137968e-06,0.0,5.136260277423214e-06,1.8781247765388944e-06,0.15777767220776387,0.2720574016699827,-0.04346756078855156,-0.002013375791685174
2012-07-26,-0.0015764710039325735,7.690853100040326e-06,2.374702974416536e-06,0.0,8.920636972536465e-06,9.419813880590038e-07,0.24274931823629126,0.2070136991745245,0.04876082598061187,-0.0015963991783676259
2012-07-27,0.00158687688564872,1.6937324859585945e-05,6.70510318417543e-06,0.0,1.8017494193233733e-05,2.1232750593214345e-06,0.43005248521047984,0.3516335598687282,-0.005076650097272817,0.0015430936883524034
2012-07-30,-0.0019097443310296055,5.627709466550061e-06,3.948447036843169e-06,0.0,1.0744280970620994e-05,3.180851631986224e-06,0.1973883979531599,0.4842289931293549,-0.05015408104433061,-0.001933245620135606
2012-07-31,-0.0022583124829931894,1.9716032713979257e-05,7.393588051822905e-06,0.0,3.1999204705727815e-05,3.548990285849599e-06,0.4379530245118234,0.5811594920831814,-0.015070875939551087,-0.002320970298750569
2012-08-01,-0.00207500139548559,1.8418434935381187e-05,5.463630549119698e-06,0.0,1.8065855766869518e-05,2.33713109483044e-06,0.3171074526509888,0.37206998509103584,-0.020568038840478114,-0.002119286447831791
2012-08-02,0.0005481637415676202,2.1329199141921464e-05,1.042032190222704e-05,0.0,2.1080788175195003e-05,1.5122604165609305e-06,0.4416491888868529,0.22278896360036216,-0.03127078638187415,0.0004938211719317158
2012-08-03,-0.0019031642731142102,1.4588875487748319e-05,6.929685971758345e-06,0.0,2.222999349127175e-05,1.7374976622153525e-06,0.4362271106689874,0.3422189670927378,0.0503193598405586,-0.001948650325727204
2012-08-06,0.0022094857769784223,8.400784800284044e-06,4.9143227691178354e-06,0.0,1.2489404849932665e-05,1.2987190653388381e-06,0.34051528144108034,0.26810887321229504,0.04992407023537024,0.0021823825454937488
2012-08-07,0.0005620128034010013,1.3709434982552645e-05,4.615542694496829e-06,0.0,1.580598754166595e-05,4.304586245564943e-07,0.2532928007330626,0.09304643464719248,0.020729385721701448,0.0005274513795577294
2012-08-08,-3.7146927192126346e-05,8.865737394939874e-06,4.6761769402109485e-06,0.0,8.190273273608113e-06,9.722371593823433e-07,0.16107150580262808,0.11333584277623368,-0.05,-5.9851351960267625e-05
2012-08-09,0.0001479988150835915,2.8864078035562898e-06,1.8326046687231557e-06,0.0,3.2809910548565942e-06,1.7290324081643705e-06,0.1453497663847101,0.2559062734927153,-0.03457117107889894,0.0001382697791482911
2012-08-10,0.0001716593531303872,2.9859696020675936e-06,1.0322761516812237e-06,0.0,2.8900462636501987e-06,1.387460950645434e-06,0.07177273772605483,0.2112415285025735,-0.021851911205859442,0.00016336360016234273
2012-08-13,-0.00014760915097210135,2.8275456268449117e-06,2.6736873863968422e-06,0.0,3.7133727348479734e-06,8.964305332170498e-07,0.1469201269937659,0.1065875801461662,-0.04401274943429815,-0.00015772018725340812
2012-08-14,-0.00014371393547781819,2.111818249708374e-06,1.1629560856450372e-06,0.0,2.153592586199269e-06,0.0,0.10685403796299332,0.0,0.0,-0.00014914230239937087
2012-08-15,0.0,0.0,0.0,0.0,0.0,0.0,0.0,0.0,0.0,0.0
2012-08-16,0.0,0.0,0.0,0.0,0.0,0.0,0.0,0.0,0.0,0.0
2012-08-17,0.0,1.4450482165987667e-06,1.385915759835047e-06,0.0,2.389849493801747e-06,5.248761497402094e-07,0.05678183964581283,0.05678183964581283,-0.03139735351054237,-5.7456896199757706e-06
2012-08-20,0.0001873129936026002,1.4450482165987667e-06,4.3082855537085014e-07,0.0,2.371592394259201e-06,0.0,0.05659680287944618,0.0,0.0,0.0001830655244363714
2012-08-21,0.0,0.0,0.0,0.0,0.0,0.0,0.0,0.0,0.0,0.0
2012-08-22,0.0,0.0,0.0,0.0,0.0,0.0,0.0,0.0,0.0,0.0
2012-08-23,0.0,0.0,0.0,0.0,0.0,0.0,0.0,0.0,0.0,0.0
2012-08-24,0.0,1.8558910410199138e-06,1.5596034912619876e-06,0.0,6.2694182934019e-06,5.273646810156893e-07,0.1385972664106358,0.1385972664106358,0.05,-1.0212277506699492e-05
2012-08-27,-0.0005332065955595138,2.6557416948800552e-08,1.1753964003401334e-08,0.0,1.5336433261932715e-08,5.231891568497256e-07,0.0012856714821133514,0.13789577835075392,0.049999999999999996,-0.0005337834325305776
2012-08-28,-0.0011302030683926993,1.829333624071113e-06,2.4594063392818904e-06,0.0,7.671050177175296e-06,0.0,0.13883981193960615,0.0,0.0,-0.0011421628585332275
2012-08-29,0.0,0.0,0.0,0.0,0.0,0.0,0.0,0.0,0.0,0.0
2012-08-30,0.0,1.776058741337539e-06,9.914372116932115e-07,0.0,1.0882143937903485e-06,4.158574280056245e-07,0.08077667060284081,0.08077667060284081,0.01091262269789589,-4.271567774826723e-06
2012-08-31,0.00015550108615769909,2.824441383759907e-06,2.1052380590815204e-06,0.0,4.1497918618825055e-06,1.1444932030310694e-06,0.061068123784053595,0.14227485810921967,-0.05,0.00014527712164994408
2012-09-04,-0.00016278785898618975,8.50992020439131e-07,3.6325758430697625e-08,0.0,6.600082785953594e-07,9.782931922770978e-07,0.013971445550268316,0.1281619139938346,-0.03619134230871788,-0.00016531347823593205
2012-09-05,0.00017987643547360855,4.074666972654037e-06,1.6857512139821304e-06,0.0,4.926220146433635e-06,2.4780413531209813e-07,0.139126428724796,0.05220494885367449,0.010573854121242007,0.00016894199300522664
2012-09-06,0.0004203416507835006,4.190999827751126e-06,3.707382818952197e-06,0.0,6.8938409544473775e-06,1.3542461789634524e-06,0.1673613898123372,0.1783555855843627,-0.04915777248149733,0.0004041951810033865
2012-09-07,0.0008624722138427232,6.6061665313961634e-06,5.9316116754888636e-06,0.0,1.55779198220629e-05,3.027745032898719e-06,0.3842615125478893,0.45835847694062076,-0.05030268858636405,0.0008313287707808766
2012-09-10,0.001474313384700388,5.342730150803881e-06,4.139480741822956e-06,0.0,1.0471187888375087e-05,2.924711009832617e-06,0.29772855465884207,0.4430355224804961,-0.048315927171383596,0.0014514352749095535
2012-09-11,-0.003234138584548206,6.3822308515110114e-06,3.7697359059870083e-06,0.0,1.4257758347692589e-05,2.0281761419006803e-06,0.23463999667052823,0.2899694000264875,-0.050764191812826834,-0.003260576485795297
2012-09-12,-0.0007243965962850773,6.9382597585618506e-06,4.220506653694919e-06,0.0,1.364239658340308e-05,1.1958837113357568e-06,0.2575173789386099,0.15077032734629026,-0.050138136158116915,-0.0007503936429920729
2012-09-13,-0.0009536551098796315,9.427287586343574e-06,5.754421714093349e-06,0.0,2.2189119265828615e-05,2.888775898882657e-06,0.4944506669624881,0.5360395658424,0.05072521483011372,-0.0009939147143447798
2012-09-14,-0.0001501593959755518,9.358917490062561e-06,9.174640247740413e-06,0.0,2.1167466576037953e-05,1.8841850726154992e-06,0.49126239241720154,0.26654309219940386,-0.05000000000000001,-0.00019174460536200823
2012-09-17,0.002493413127320419,2.034411815466477e-06,2.13713507129407e-06,0.0,6.057397648110112e-06,1.4462793279101959e-06,0.1426357098408774,0.19297492708891292,-0.049999999999999996,0.002481737903457638
2012-09-18,0.0010559921650387402,5.256889764439276e-06,5.361991642468077e-06,0.0,1.6651115713522643e-05,2.1567452162252593e-06,0.3517696322658823,0.3129384498625336,-0.04939474646330991,0.001026565422702085
2012-09-19,-0.0018266616554940285,7.269809045907046e-06,4.942538713315598e-06,0.0,1.8467511189528076e-05,1.9007813675895516e-06,0.36078729775383767,0.2696656348775223,-0.04966563487752231,-0.0018592422958103687
2012-09-20,0.0013080995145738977,9.992560653491096e-06,6.686933124963101e-06,0.0,2.93274701160118e-05,1.577132932765771e-06,0.4849285421548605,0.3149392650597988,0.04998093235514925,0.0012605154177466658
2012-09-21,-0.0008935807671167095,7.069472828972579e-06,4.5475227631229195e-06,0.0,1.4733878927606624e-05,9.806499419691194e-07,0.3175841050285617,0.21438170555783653,0.04963251530702448,-0.0009209122915783808
2012-09-24,0.0008087607555414019,4.352470741848236e-06,3.6542076330610467e-06,0.0,7.748879735151718e-06,9.523809523809523e-07,0.21056174946484205,0.2053410080057404,0.04534100800574041,0.0007920528164789599
2012-09-25,-0.0010402793522906986,2.2204642634685505e-06,1.7214662601241049e-06,0.0,3.0629209689152383e-06,9.502402640933341e-07,0.12720350692534532,0.20982018218384005,0.05017981781615994,-0.0010482344440473
2012-09-26,0.0002762361711574778,4.267469010953791e-06,3.458354165748579e-06,0.0,7.2946200752118485e-06,1.0714285714285714e-06,0.20661152545534248,0.22996398178169963,0.049963981781699654,0.00026014429933413503
2012-09-27,0.001343560655459349,1.009714937556153e-05,4.114847345987036e-06,0.0,9.753746218659192e-06,1.822929075141274e-06,0.2565047437564096,0.3562098760777262,0.04995779145399209,0.001317771983444
2012-09-28,-0.00034778221648824507,9.624869454613715e-06,4.4775979635529216e-06,0.0,1.3488645279011499e-05,7.142857142857143e-07,0.23610516159601264,0.16952995030697676,0.049529950306976794,-0.00037608761489970894
2012-10-01,0.0005344785908877157,4.696427926308574e-06,4.466309830948834e-06,0.0,6.442793771152518e-06,8.458303688491773e-07,0.2193461968536656,0.09209950196666178,-0.05,0.0005180272289904566
2012-10-02,0.00013972244097576838,3.7587065682976535e-06,2.723657216470752e-06,0.0,5.78059892049083e-06,7.142857142857143e-07,0.16199843838883266,0.07,-0.04999999999999999,0.00012674519255622343
2012-10-03,-0.00028633266099486126,8.515007116132011e-07,9.562026262063299e-07,0.0,1.476917421409236e-06,5.952380952380953e-07,0.06976309157626037,0.05,-0.05,-0.0002902125198493281
2012-10-04,-0.0005672144018221951,2.2370615113438005e-06,8.862211310700195e-07,0.0,9.162799195692783e-06,6.134018351379329e-07,0.11234469038391173,0.11152575415158636,0.008474245848413643,-0.0005801138854954396
2012-10-05,0.00020154517971112006,5.787284358042453e-06,5.714308847189108e-06,0.0,1.2950460860283634e-05,1.4348278567967823e-06,0.3027783792731569,0.1910510799418594,-0.04999999999999999,0.00017565829778880808
2012-10-08,0.0002852722832109482,2.2185671240419984e-06,1.754131695559319e-06,0.0,2.668012655429682e-06,6.690893597193098e-07,0.12758856222489268,0.06269985307779533,-0.04970715935504874,0.00027796248237619794
2012-10-09,0.00033574044465093994,3.4867856934734435e-06,2.593434549242869e-07,0.0,3.348181937737278e-06,4.4390675581102446e-07,0.09974748266318727,0.1249523987290416,0.050376063752789475,0.0003282022268089939
2012-10-10,-0.0009994435795754734,5.244489758170838e-06,4.018999875821847e-06,0.0,1.4105098524099886e-05,1.2857142857142856e-06,0.24533563657754967,0.26486505706717023,0.04886505706717026,-0.0010240978820192802
2012-10-11,-0.00011888396642976341,7.132943535025094e-06,3.367107760321802e-06,0.0,1.6556864521835117e-05,1.6666666666666665e-06,0.19852145316202685,0.32871646854602976,0.04871646854602979,-0.00014760754891361209
2012-10-12,0.001390077818153095,5.214462917848432e-06,4.2388241440804625e-06,0.0,8.268756289231767e-06,1.1904761904761904e-06,0.17186238621325606,0.15770835386550694,-0.042291646134493044,0.0013711652986114582
2012-10-15,-0.0009995155667338789,7.225132264059544e-06,3.920444218948152e-06,0.0,1.106726983825171e-05,1.6968706949283335e-06,0.20561978941437398,0.23359719690013703,-0.051477079847822904,-0.0010234252837500665
2012-10-16,0.0006551333503697058,9.160619635574383e-06,5.909458197547988e-06,0.0,1.4150988820802003e-05,2.993151142381291e-06,0.42417892530367163,0.4522634062252093,-0.05058598569484751,0.0006229191325734002
2012-10-17,-0.001906095772755335,1.3115198909809177e-05,4.301311049549844e-06,0.0,1.8554618473260878e-05,3.738095238095238e-06,0.30221586732164074,0.578,-0.04999999999999999,-0.0019458049964260502
2012-10-18,0.0032533623507574245,1.1934635820763159e-05,5.719207907584533e-06,0.0,1.3148817603545258e-05,1.8809167355246383e-06,0.34729815672105147,0.3665590472326058,0.05056503566446653,0.003220678772690007
2012-10-19,0.0035798578930161667,1.9859772251878324e-05,9.654053371978592e-06,0.0,3.0162410350492508e-05,1.2419655346791862e-06,0.49600933786286605,0.25886360750127374,0.05021339767517044,0.003518939691507138
2012-10-22,-0.0001440891870181994,1.6054508159733946e-05,1.3227101882475532e-05,0.0,3.441175527525941e-05,4.965986394557824e-06,0.8157461216232522,0.8842857142857143,0.050000000000000044,-0.00021274853873022608
2012-10-23,-0.0001477557773415473,2.282564887005469e-05,7.708684337393615e-06,0.0,3.812975293484222e-05,3.8462677857846204e-06,0.4812838586496575,0.6971249685925314,0.05095198058071507,-0.00022026613126962245
2012-10-24,-0.0011402610741674854,1.5944340484020872e-05,1.0553180674812666e-05,0.0,3.412228114873272e-05,2e-06,0.6569953985740724,0.3864578404680641,0.05045784046806412,-0.0012028808764750515
2012-10-25,-0.0008542978720287203,2.8226491655425397e-06,1.892503598055522e-06,0.0,4.438576165369481e-06,1.1904761904761904e-06,0.13935686367826144,0.2520231368490302,0.05202313684903019,-0.000864642077148164
2012-10-26,-0.0004204479683940306,1.1551887445784412e-05,8.052491587847782e-06,0.0,2.54544949700901e-05,1.6743386062335624e-06,0.5404232295933219,0.33216294492263365,0.05087405907539519,-0.0004671811810039865
2012-10-31,0.00103210667866863,1.9304882950281723e-05,7.493810514920943e-06,0.0,2.5619486273380476e-05,2.828660779665248e-06,0.3118946931595691,0.5280081474843513,0.05279313650058974,0.0009768598381503816
2012-11-01,-0.0018047175274110614,1.5172138806260192e-05,7.953312351526683e-06,0.0,1.918204266874831e-05,3.3723822024173604e-06,0.37787463959447487,0.5191149940441442,-0.04744521596197228,-0.001850397403440014
2012-11-02,-4.874501676673355e-05,3.731627364995388e-05,1.5880022590319925e-05,0.0,6.136384883554329e-05,6.109456272297677e-06,1.1554114286449495,1.077194326873005,0.05080567312699513,-0.00016941461811484831
2012-11-05,-0.0006777950128302536,1.8069173823175904e-05,1.0511622588481237e-05,0.0,4.806447980750922e-05,7.738298524653647e-06,0.6655394782306558,1.3513267087805392,0.05129255663872634,-0.0007621785875740736
2012-11-06,-0.0004145618645241516,2.9493712936511087e-05,1.9882099792150187e-05,0.0,4.464981551156193e-05,4.963053502865061e-06,1.1331804187618282,0.8833370537122667,0.04954406523093641,-0.0005135505462672399
2012-11-07,-0.0051602175433305714,3.49622559004786e-05,2.067450318154239e-05,0.0,6.892823035009528e-05,5.98884331602991e-06,1.3367492676856245,1.0562056956893695,0.050080018596344755,-0.005290771376078717
2012-11-08,0.0026654993693173007,1.6573871246738812e-05,1.1092377756634889e-05,0.0,3.878174171920603e-05,3.659384521659141e-06,0.677178900142308,0.6651667474219869,0.05039014778325121,0.002595391994073062
2012-11-09,-0.0007285913243454657,1.2009235517526601e-05,8.136652578799866e-06,0.0,2.3772323788795284e-05,5.2131513882420945e-06,0.5203339314853623,0.9260461738594091,0.050236740634737265,-0.0007777226876188296
2012-11-12,-0.000466288621377725,1.2587131066910612e-05,9.090695559457002e-06,0.0,2.7903316566340057e-05,3.6511963560454948e-06,0.5270717018462378,0.6631593055364635,0.0497583177208204,-0.0005195209609264782
2012-11-13,-0.0010855054402829649,7.161701630349391e-06,7.389780452407014e-06,0.0,2.5981573526648022e-05,1.817569387880102e-06,0.4343778232636964,0.28710163099562863,-0.018250026168228503,-0.0011278560652802493
2012-11-14,-0.0008039484415836844,1.1537636733054235e-05,8.673473873886352e-06,0.0,2.1372104177605576e-05,1.6666666666666665e-06,0.5125601279042046,0.23,-0.04999999999999999,-0.0008471983230348972
2012-11-15,0.0007717768112566281,1.9617634390113723e-06,2.1412850784997473e-07,0.0,1.6918157430990604e-06,1.5714285714285717e-06,0.08026853660418992,0.2946982381588901,0.030698238158890112,0.0007663376749952391
2012-11-16,4.558021423998732e-05,2.1146123492510364e-05,1.1140591248914999e-05,0.0,5.356302657251168e-05,3.3435374149659863e-06,0.6741757489945085,0.6121880733121179,0.05047378759783207,-4.361306448891572e-05
2012-11-19,0.001722808909152834,2.0742076399437858e-05,1.1722916403229157e-05,0.0,3.8727629740896715e-05,2.7063588239874133e-06,0.5989641062844436,0.40688766226689477,-0.04778062016299059,0.0016489099277852827
2012-11-20,-0.0002847384533201203,7.361525405046889e-06,5.243059944524619e-06,0.0,1.2139850926308638e-05,3.3509046105667925e-06,0.3019788302343767,0.5147801391896565,-0.04817183538556463,-0.00031283379420656726
2012-11-21,-0.0007416491193277731,1.5435666063090282e-05,7.86608376437568e-06,0.0,2.3928796256107482e-05,1.3971876387096512e-06,0.5064824714337339,0.18439801651178406,-0.05032950679143733,-0.0007902768530500562
2012-11-26,-0.0014311718736611165,7.612529545851871e-06,4.330432680452247e-06,0.0,1.881338855594022e-05,1.324586369693526e-06,0.2987307028586639,0.17126525505425616,-0.05126525505425618,-0.0014632528108130545
2012-11-27,0.00039544688066677505,5.685315466886632e-06,3.107457909715057e-06,0.0,7.445785677924216e-06,2.2619047619047617e-06,0.22619170628165078,0.32999999999999996,-0.05,0.0003769464168503444
2012-11-28,-0.0013723744960796634,7.913796490960106e-06,4.79659655049383e-06,0.0,8.80755510720022e-06,1.3095238095238098e-06,0.2555369929953463,0.1709970089730808,-0.04900299102691924,-0.0013952019680378415
2012-11-29,0.0016748268575138155,7.937205762578875e-06,4.19145576332449e-06,0.0,1.573735673535814e-05,2.0240150847136753e-06,0.2819881187007888,0.2900172671159488,-0.05001726711594878,0.0016449368241678404
2012-11-30,-0.0010896178880675058,4.68929054512031e-06,3.3806944054314333e-06,0.0,8.042516297878923e-06,2.0238095238095246e-06,0.18754886303515703,0.28988079470198674,-0.050119205298013295,-0.001107754198839746
2012-12-03,0.0008384743826792938,1.7408382653801156e-05,6.1118798409718395e-06,0.0,1.922020053942438e-05,3.208389109659208e-06,0.4294671968781572,0.4895046852113734,-0.04950468521137352,0.0007925255305354373
2012-12-04,0.00017743627646755477,2.0615497780405676e-05,9.344449046899834e-06,0.0,2.1354305269056546e-05,2.605451134394075e-07,0.5131473249656566,0.09398198212741982,0.05021040306959934,0.0001258614792577533
2012-12-05,0.00047648820251812576,4.7516165654081344e-07,1.0221229351230716e-06,0.0,2.83058228987836e-06,0.0,0.058940391150664156,0.03584881310138648,0.03584881310138648,0.00047216033563658353
2012-12-06,5.0872763346403025e-05,1.24965148879658e-05,5.282218911958741e-06,0.0,1.9843374455564934e-05,1.2857142857142856e-06,0.2575951926339796,0.266,0.05,1.1964940805199258e-05
2012-12-07,0.0011555765792082239,5.864744750524186e-06,3.425136163332422e-06,0.0,8.18760754747524e-06,7.116945931939886e-07,0.15205848327125104,0.1145500921198701,-0.0050145995367199755,0.001137387396153698
2012-12-10,0.00016948952362998647,9.723374667382189e-06,3.8111099906233835e-06,0.0,2.09872572234685e-05,1.0186956308163946e-06,0.25999980906980397,0.14557043298857714,-0.02557043298857714,0.000133949086117696
2012-12-11,-0.0009879760851095435,1.2794813912025998e-09,4.508815653714489e-09,0.0,0.0,1.0278315701770323e-06,0.00018090267519865755,0.14593639204085612,-0.026739311748885337,-0.0009890097049767654
2012-12-12,-1.6690867735937765e-06,5.460589184588828e-06,3.1977028407900586e-06,0.0,1.1962868870976134e-05,5.952380952380952e-07,0.13349595195579042,0.05,-0.05,-2.2885485765186893e-05
2012-12-13,0.00021748499360534293,2.269067278580282e-06,2.466639803234166e-06,0.0,8.530624290305764e-06,1.6425370217759153e-06,0.1761905948227822,0.2259731098291769,-0.049973109829176895,0.0002025761252114468
2012-12-14,-0.00022404353975570017,3.827994928883664e-06,6.769936728446093e-07,0.0,3.6078366020871987e-06,9.879366892995616e-07,0.10577697222136917,0.19093377192951977,0.024960408127193426,-0.0002331443016488152
2012-12-17,-0.0002544633275432958,9.539973892380872e-06,7.678000169432488e-06,0.0,1.08584662811527e-05,2.010257417876653e-06,0.375373813490682,0.2877754640016138,-0.04994778220166399,-0.0002845500253041385
2012-12-18,0.001181218449924541,4.2010604508755345e-06,1.6244993656061878e-06,0.0,3.9234499625290044e-06,1.7363599371897985e-06,0.10521767217594011,0.24362116445600585,-0.04808730499188031,0.0011697330802083405
2012-12-19,0.0005036672450287991,2.5012543371394192e-05,1.8403665253259553e-05,0.0,4.9565064823632184e-05,8.46760857579825e-06,1.3359369475360907,1.3727076917956242,-0.04985054893848151,0.0004022183630047149
2012-12-20,0.0030096166492879555,2.5994858163287172e-05,2.0158531615921205e-05,0.0,4.916974822884505e-05,3.3532731824006365e-06,1.2440029793680418,0.5705067420044756,0.007156847361168631,0.0029109402380975017
2012-12-21,-0.0018352593655777735,2.2554652854775118e-05,1.0490148163583312e-05,0.0,2.69234045503115e-05,3.3135891743133995e-06,0.6249313274828177,0.5777057697141414,0.02102278842949032,-0.0018985411603207568
2012-12-26,0.0006921592852662026,7.0979768477087676e-06,4.44183399563612e-06,0.0,1.0113606052146347e-05,2.911934711277257e-06,0.2054553002993812,0.43789371984403974,-0.051311311650539496,0.0006675939336594341
2012-12-27,-0.0009598552382223638,1.1714364474180197e-05,7.769103416509891e-06,0.0,2.3299591546128797e-05,9.463974071303913e-07,0.5674539086825119,0.20949738219895286,0.05050261780104713,-0.0010035846950663132
2012-12-28,-0.0009536473991980416,1.0875871178445526e-05,4.61190061001951e-06,0.0,9.737312907379991e-06,2.3883550877075196e-07,0.29763866176805265,0.09012436547348633,0.05,-0.0009791113194026573
2012-12-31,0.0005134450464902948,1.2067889776385512e-05,6.94467577513118e-06,0.0,1.0424524992040926e-05,1.1787124548867767e-06,0.23934347282175444,0.14802369242097846,-0.05,0.0004828292434918504
2013-01-02,-0.0009295309000441797,5.2271656751193535e-06,1.917121515015318e-06,0.0,3.6645190348123144e-06,1.3775265969849963e-06,0.09245567053421205,0.1814244682934794,-0.04999999999999999,-0.0009417172328661117
2013-01-03,-0.0012268511781781107,7.612076028304214e-06,1.976343617786266e-06,0.0,3.7274901918755957e-06,5.952380952380952e-07,0.14480672996902977,0.05,-0.05,-0.0012407623261113149
2013-01-04,-8.593600336685292e-05,3.4214728286251805e-06,3.369495163307069e-06,0.0,6.722671325186344e-06,1.7380952380952383e-06,0.24532267340406155,0.24200000000000002,-0.05000000000000002,-0.00010118773792206676
2013-01-07,0.0004281891128897582,1.589332355269504e-06,9.742622521667348e-07,0.0,2.240536116408006e-06,1.880952380952381e-06,0.05868962422727675,0.2661611731652162,-0.049838826834783814,0.00042150402978496156
2013-01-08,-0.001380729351408481,9.805662968298723e-06,7.989442971781317e-06,0.0,1.7472352636934693e-05,2.9501601275605135e-06,0.4655882377659091,0.4456806507991405,-0.049946250631025785,-0.0014189469701130562
2013-01-09,-0.0004256286738557584,1.393298335129508e-05,7.1043775739047065e-06,0.0,1.855801854688632e-05,2.9243605991180686e-06,0.36827265524586594,0.4398711324812743,-0.05142144817056127,-0.0004681484139269626
2013-01-10,-0.00034401488435722034,9.262399556217406e-06,4.625428508820522e-06,0.0,2.2590451506663013e-05,3.3908709486397073e-06,0.31191331344998047,0.5195134531294326,-0.050152866242038185,-0.000383884034877561
2013-01-11,-3.438451983039852e-05,1.74112379391604e-05,7.721776325210498e-06,0.0,3.9236980056914796e-05,3.6666666666666666e-06,0.5610910584381659,0.5660000000000001,-0.04999999999999999,-0.0001024211808183509
2013-01-14,0.0016880832188314935,1.698027039575348e-05,6.938552581990152e-06,0.0,3.338688096698662e-05,2.238095238095238e-06,0.3568059381194083,0.3261366223908918,-0.049863377609108174,0.001628539419648668
2013-01-15,-0.0002251036551786747,7.4909472121030995e-06,4.80181724957827e-06,0.0,1.6510944204499146e-05,1.4897041320356167e-06,0.3044316614849195,0.2279052215563224,-0.022365072625661217,-0.0002553970679768908
2013-01-16,-0.0006180806964248884,6.201384270121408e-07,1.0341345824120771e-06,0.0,6.415940562120457e-07,1.5109351247619156e-06,0.0569497388485827,0.21101698303978028,-0.04282011792022157,-0.0006218874986152865
2013-01-17,-0.000929623290492364,5.507040384632824e-06,2.9104813898814628e-06,0.0,8.509160231374516e-06,1.131186966202257e-06,0.21180230687816176,0.1750197051609896,-0.015019705160989605,-0.000947681159464455
2013-01-18,5.812504307963369e-05,3.0548021314597205e-06,2.5792397518540922e-06,0.0,4.599061338129405e-06,1.5476190476190479e-06,0.11992117073103725,0.210268327743172,-0.049731672256827994,4.634432081057142e-05
2013-01-22,-0.0006373356211078261,6.726513290929349e-06,2.825806659397728e-06,0.0,2.978947334264441e-06,1.4930876971638582e-06,0.10862937142216185,0.2004193665617641,-0.05041936656176407,-0.0006513599760895816
2013-01-23,0.0006544893902684844,1.7850723725394725e-05,9.150363464588868e-06,0.0,1.957272140597383e-05,2.4122483277178422e-06,0.433693373062889,0.3552577190565974,-0.05000000000000002,0.0006055033333448091
2013-01-24,-0.00034124197484016887,1.9348337051595975e-05,6.913816788042546e-06,0.0,2.2813123775457294e-05,2.1394903679790124e-06,0.44156057088649736,0.3091204938262021,-0.05031388799427195,-0.0003924567428232437
2013-01-25,4.1781939084388064e-05,1.1696668163383182e-05,5.192333701009673e-06,0.0,2.946781405237804e-05,1.584381466068543e-06,0.36079628321541507,0.2162729569001217,-0.04990312939939352,-6.1592582984513735e-06
2013-01-28,-0.00023723626590873472,5.07415459282962e-06,2.7499878684045925e-06,0.0,1.4771080411088368e-05,7.52293185900049e-07,0.2656583757740373,0.17615252409635718,0.04976726886514896,-0.00026058378196695733
2013-01-29,0.000297781173252066,3.846085580775301e-06,4.85701157365887e-06,0.0,4.92133330009545e-06,1.4523809523809526e-06,0.2448600636098175,0.194,-0.05,0.00028270436184515545
2013-01-30,0.00034569332779630724,7.684350309010576e-06,7.511779624509208e-06,0.0,1.779199694890488e-05,2.313684207042916e-06,0.4712477473798794,0.3386989467832099,-0.04999999999999999,0.00031039151670683967
2013-01-31,0.0009661770883425166,8.226912904735032e-06,7.902094664991894e-06,0.0,1.8535886651663587e-05,2.7380952380952382e-06,0.5705048587798155,0.41,-0.04999999999999999,0.0009287740988830308
2013-02-01,-0.0027820739425265025,5.9843304384323046e-06,4.135609897968059e-06,0.0,1.729640260290257e-05,3.571428571428572e-06,0.26368809597680326,0.55,-0.05,-0.0028130617140372342
2013-02-04,0.0015924123568900714,8.679250261143664e-06,7.406503572235043e-06,0.0,1.866348850268249e-05,1.4803343223004854e-06,0.47338681022464635,0.1990770739478464,-0.049619092198635154,0.0015561827802317097
2013-02-05,-0.0005736599750193472,3.13637932954601e-06,2.581777034655526e-06,0.0,4.1299114693814774e-06,1.2005242946770659e-06,0.1714734542098458,0.1520800399143974,-0.04960804159134967,-0.0005847085671476073
2013-02-06,0.00014250265842774657,6.49903471064483e-06,6.296810601371452e-06,0.0,1.212217862308603e-05,2.428031785077925e-06,0.3910481358529161,0.35766823863493113,-0.0502411012581602,0.00011515660270756633
2013-02-07,-0.0006159447127320195,4.183404034209062e-06,2.0988084710873715e-06,0.0,3.5296954338860876e-06,2.3947128513205916e-06,0.1266437864595052,0.35123063062707593,-0.05108112839478349,-0.0006281513335225226
2013-02-08,0.00022258706908807012,7.356698003698916e-06,4.301849565700035e-06,0.0,1.6197607984856824e-05,3.3065867253937287e-06,0.28579547263226324,0.504207592359871,-0.051298977506275406,0.00019142432680842062
2013-02-11,0.0005719053326291759,7.707798676543777e-06,5.891830360261308e-06,0.0,8.974241279272274e-06,2.879142316130669e-06,0.42992165148027633,0.43314555267738025,-0.05055035643257218,0.0005464523199969678
2013-02-12,0.0020273117234196883,4.281470481189608e-06,2.0489218595699305e-06,0.0,6.531447002095865e-06,1.6005227876872522e-06,0.22475697670772085,0.3204633657203102,0.05157553738885179,0.0020128493612891455
2013-02-13,0.0001706703625243688,7.792964262797498e-06,6.321579205969055e-06,0.0,9.829865161177192e-06,4.761904761904761e-07,0.3712488045928746,0.13,0.049999999999999996,0.0001462497634182346
2013-02-14,-0.0022029137910297546,3.2813997842504034e-06,2.755620615857267e-06,0.0,3.4448333702849353e-06,1.0971823755361847e-07,0.13383649137022477,0.013519113190857496,-0.004913550718150411,-0.002212505363037701
2013-02-15,3.037094513726701e-05,8.02952459278511e-10,3.0083898610804265e-09,0.0,0.0,1.0929737741724099e-07,0.00012123578444531418,0.013357543848638024,-0.005004415557458459,3.025783641752941e-05
2013-02-19,-2.119506235466966e-06,1.2065337195133348e-06,1.3379409806536764e-06,0.0,1.9839664250156663e-06,5.952380952380953e-07,0.044993464936306085,0.05000000000000001,-0.05000000000000001,-7.2431854558877395e-06
2013-02-20,0.0014847696886485403,1.4686955566736225e-05,1.0602831082112529e-05,0.0,2.91952239815579e-05,4.545934948038174e-06,0.7231740316037097,0.7144299642066352,-0.04928710706377798,0.0014257387430700954
2013-02-21,-0.00032499175571745954,9.96681752504151e-06,8.366570504433894e-06,0.0,1.5998797607882903e-05,2.8584391110927223e-06,0.6276283435015533,0.5301663537697123,0.04994858310613509,-0.0003621823804659106
2013-02-22,0.003663289304500281,3.083066921991971e-05,1.747230791371161e-05,0.0,5.129140154917547e-05,6.667703141456256e-06,1.035743839480625,1.1715562974410756,0.05138216967642498,0.003557027222676018
2013-02-25,-0.007131953504601608,3.835254016436836e-05,2.426453072141035e-05,0.0,5.071291111403191e-05,9.295320575264425e-06,1.6694073617408456,1.611971407043815,0.05035755039939144,-0.0072545788071766825
2013-02-26,-0.0010221589138101179,2.768451685094539e-05,1.7460935568737023e-05,0.0,3.714734869503459e-05,9.165820396385462e-06,1.0612000953422447,1.489601254342913,-0.05025657224984459,-0.0011136175353212204
2013-02-27,0.005711317311854897,2.654637236563602e-05,1.6859316128354592e-05,0.0,3.215319262145705e-05,3.4989433454268395e-06,1.029337606734813,0.6372252707973455,0.04940278876563642,0.005632259487394023
2013-02-28,0.0005432835157728394,1.8407385700724453e-05,1.1963316209139587e-05,0.0,3.3283542981108995e-05,4.723834566297339e-06,0.6745119464327377,0.7436893854616988,-0.04991482167625405,0.000474905436315569
2013-03-01,-0.002091993808744556,9.053456694660536e-06,8.099744833148265e-06,0.0,1.2949412230475242e-05,3.4663304504586322e-06,0.48813676704081216,0.5310460415411726,-0.05129747413587753,-0.0021255627529532988
2013-03-04,0.00044664479068364643,5.419943277612109e-06,3.5818113306240155e-06,0.0,7.498585009567598e-06,2.5411603824314205e-06,0.2128156755376849,0.37516223933130183,-0.0517527049171768,0.0004276032906834113
2013-03-05,0.0009245896927408587,5.406049590046456e-06,5.017782261756403e-06,0.0,9.0805616671089e-06,3.4352929781981503e-06,0.35415825739962,0.5269815177570607,-0.05014770258022866,0.0009016500062437487
2013-03-06,0.0010687178817772043,7.767393960818983e-06,5.482100348418869e-06,0.0,8.052446641029164e-06,2.447331118870289e-06,0.3224886890646056,0.3741473312604695,-0.037004296709739024,0.0010449686097080669
2013-03-07,0.00084907839117303,7.126275059587664e-06,4.367944533191247e-06,0.0,1.0773591446451302e-05,3.3064484590146748e-06,0.2554245788767857,0.5079272516748752,-0.04755608943959011,0.0008235041316747851
2013-03-08,-0.0008373018695611467,1.2124391890898069e-05,7.904305077611039e-06,0.0,2.2320898142078294e-05,2.829564065686705e-06,0.5209821929695863,0.42743995353613523,-0.04792680949923117,-0.0008824810287374207
2013-03-11,-0.0001654322424373994,3.0424296926136826e-06,2.9568450096445035e-06,0.0,3.973565129498453e-06,2.1162309667399375e-06,0.1832344818974693,0.30782062451208614,-0.04770617790022341,-0.00017752131323589597
2013-03-12,0.00023274490955443023,3.159063165116959e-06,3.8098636740452437e-06,0.0,8.6080179379134e-06,5.926684907139193e-07,0.25680519766579524,0.04978415321996922,-0.04978415321996922,0.00021657529628664072
2013-03-13,-0.00015438925492329217,4.803931403341497e-06,2.8597017616485344e-06,0.0,4.7771355014415925e-06,9.132230032200016e-07,0.15336000701585278,0.10342146454096025,-0.05,-0.0001677432465929438
2013-03-14,-0.0003352371917911597,2.765854910779332e-06,9.211711386211427e-07,0.0,1.6734289945447069e-06,5.797255304854781e-07,0.06864741574338737,0.048696944560780164,-0.048696944560780164,-0.00034117737236559036
2013-03-15,0.0004555362249653486,2.135349055551857e-06,1.9539953335293708e-06,0.0,3.835266482141534e-06,1.3005545776895873e-06,0.1296135289006268,0.16849316905185066,-0.049999999999999975,0.00044631105951643623
2013-03-18,0.0009711431452453205,1.4452345095560545e-05,1.0880194442168456e-05,0.0,2.8022359891891547e-05,4.218818120232483e-06,0.621486645405342,0.6594652953072739,-0.04929614889178335,0.0009135694276954675
2013-03-19,0.0002669013104140334,2.5451825869011752e-05,1.550257995848019e-05,0.0,4.051272926417429e-05,7.5600272225389225e-06,0.8053082513992733,1.2202049775687802,-0.04987959581775858,0.00017787414809982826
2013-03-20,2.037671964606989e-05,2.025107524055391e-05,1.0384339528494928e-05,0.0,2.355098440401114e-05,6.4785474429645425e-06,0.8382728159076858,1.1384475722104321,0.050051601792389266,-4.028822696995463e-05
2013-03-21,-0.0005550705104633642,3.7189763133887435e-05,1.5699867463063776e-05,0.0,4.859301993339754e-05,1.7361772885635892e-06,0.9873817384084284,0.3429096248117557,0.05123184033307265,-0.0006582893382822766
2013-03-22,0.0009333825363489269,2.5377539094949e-05,2.228332219872086e-05,0.0,4.3288440259505e-05,7.802281522385745e-06,1.2936599724305005,1.2617549507925976,-0.04902834496820724,0.0008346309532733663
2013-03-25,0.0010589496465817916,1.5832146126089958e-05,9.909536515919653e-06,0.0,2.6818347802519274e-05,4.460946103330654e-06,0.6618864958892081,0.714713137182194,-0.034725808177355655,0.001001928670033932
2013-03-26,0.0005467437371889336,1.0714004612573277e-05,8.288096463611204e-06,0.0,1.8908516831319514e-05,4.248424127077438e-06,0.5437751038738525,0.6629783037901922,-0.05075694955881749,0.0005045846951543522
2013-03-27,0.00038688279637353153,1.2239543347898508e-05,9.63104002269378e-06,0.0,2.7854953026784156e-05,2.517783325038862e-06,0.6772884412689639,0.37348565142966134,-0.04950194717686749,0.0003346394766511162
2013-03-28,0.0005558528608272551,4.259893896515692e-06,3.3246213138689347e-06,0.0,9.739776074544151e-06,2.25735138951041e-06,0.22452565684744522,0.33144407540376086,-0.04779095803398812,0.0005362712181528159
2013-04-01,-0.0005796908584339082,1.5554200397123677e-05,6.854566724623399e-06,0.0,1.9564644143164715e-05,2.899846204748055e-06,0.4677805908245839,0.4376202912472735,-0.049553871150399775,-0.000624564115903568
2013-04-02,-0.001270954293774862,1.0875434759758134e-05,7.533446880216547e-06,0.0,1.0951435187655871e-05,2.0502315635498477e-06,0.41295131773732696,0.29425985255518994,-0.05017905012118449,-0.0013023648421660425
2013-04-03,-0.00040346527630766396,1.7514632357934955e-05,1.0353269586688633e-05,0.0,1.8424674654362648e-05,3.0759120758588464e-06,0.65717639709217,0.5677814206287074,0.0510281918844212,-0.00045283376498250907
2013-04-04,-0.0010112258021351941,7.551650370533424e-06,4.1151083630242266e-06,0.0,6.825705771530339e-06,4.222531384774875e-06,0.24259914025634793,0.7585475939157893,0.049162321273610365,-0.001033940798025057
2013-04-05,-0.0002695890064750486,9.520389011541674e-06,5.497193681670161e-06,0.0,1.3085588978300131e-05,4.273953517411988e-06,0.3553373838176624,0.7684607605970342,0.050436569671819975,-0.00030196613166397256
2013-04-08,0.0010828721868095617,1.5009250297190438e-05,1.1730257963785757e-05,0.0,2.6320917628567453e-05,4.422461954261903e-06,0.6619434602943652,0.6933915630684993,-0.04958204524750032,0.001025389298965756
2013-04-09,0.0007916703596327332,7.120673048946234e-06,7.93191159221967e-06,0.0,1.2446685086966587e-05,3.2622178713222367e-06,0.5719587726072379,0.49764882257218745,-0.05040377980994823,0.0007609088720332784
2013-04-10,0.0015211400664153594,1.0862389208546028e-05,6.562413242087285e-06,0.0,1.4028350506258297e-05,2.5430069191457145e-06,0.4315177632963532,0.3772041002039693,-0.05002106221251071,0.0014871439065393221
2013-04-11,4.56937272987135e-05,3.1175489950059853e-06,1.597440813246545e-06,0.0,2.6030907725858326e-06,2.0797717132208547e-06,0.10510730403509523,0.2993007894703703,-0.050100858350733246,3.629587500465428e-05
2013-04-12,0.0001957025058971257,8.764389875981135e-06,4.077021587441562e-06,0.0,1.2475597098320523e-05,1.67197002862447e-06,0.3609161060157407,0.33128244689690833,0.05039148208799733,0.00016871352730675801
2013-04-15,-0.002822641524355027,2.8151457269689282e-05,1.6152603467673108e-05,0.0,3.3584503787760256e-05,7.808509955759636e-06,1.1459722758885271,1.3582582987786989,0.04642862621108024,-0.0029083385988359096
2013-04-16,0.004389868365712073,2.485428176085034e-05,1.985686416145116e-05,0.0,3.126190384740435e-05,4.035445318278059e-06,1.1620966168178875,0.7287621072592742,0.05080729378856037,0.004309859870624089
2013-04-17,-0.0024967624131941334,9.574558179238794e-06,6.111963539773115e-06,0.0,1.0589786194132426e-05,3.291569694318582e-06,0.3514924769180122,0.6008493750148292,0.04786566636930742,-0.002526330290801596
2013-04-18,0.00022070089265462513,1.6958612719349815e-05,1.2509807892058577e-05,0.0,3.0223628215712047e-05,2.7978985847820883e-06,0.8157181761119412,0.4884831133064771,0.018436151063086187,0.0001582109452427226
2013-04-19,-0.0009751613376271025,1.409858837129339e-05,1.1507345112756025e-05,0.0,1.8706293832023945e-05,2.6507920776083908e-06,0.7602384799323343,0.4953330690382097,0.049999999999999996,-0.0010221243570207842
2013-04-22,0.0007042683673915238,1.384064795581606e-05,1.1606846821314184e-05,0.0,1.6243295391299363e-05,3.0434293084490083e-06,0.7000985317100215,0.4615982045125067,-0.04969791930692666,0.0006595341479146452
2013-04-23,0.0007365442902755455,4.685283868183379e-06,2.8779452333590883e-06,0.0,4.119075821602887e-06,2.503712356503984e-06,0.15600491833875962,0.37167861208103725,-0.04894506381163194,0.0007223582729958962
2013-04-24,0.0024317225047521657,4.080005142227945e-06,3.235594384026782e-06,0.0,5.618689984031342e-06,1.7465087114288056e-06,0.18992662384616366,0.24486223536848054,-0.048551228151558753,0.002417041706530451
2013-04-25,-0.0005092657132385834,1.0769385084851866e-05,6.667891060932126e-06,0.0,1.6777325834312814e-05,3.132841750309269e-06,0.4448864089908067,0.4765273022283649,-0.04979011182359239,-0.0005466131569689895
2013-04-26,0.0016073054330325808,8.328991459158114e-06,5.0898866633784354e-06,0.0,1.5007217760191346e-05,1.938814800613851e-06,0.3733637938986852,0.3757069674817394,0.0499860809786124,0.001576940522349239
2013-04-29,0.0009507723153960895,3.90417652186443e-06,3.5982215982091586e-06,0.0,7.262257666077051e-06,2.518490203294329e-06,0.16480311357482366,0.40692631965203907,-0.016180034501408258,0.0009334891694066445
2013-04-30,-0.00044693436277731526,2.260502296314355e-06,2.253703651924003e-06,0.0,2.283351324362927e-06,1.1121201361839384e-06,0.20677354747605275,0.23686062724546786,0.050024444366566265,-0.00045484404018610047
2013-05-01,-0.0013561286239741042,5.476268314015247e-06,5.708665786565359e-06,0.0,1.474334317818911e-05,1.8901399320878705e-06,0.29293469577931475,0.2671597652861074,-0.05038374330465481,-0.0013839470411849619
2013-05-02,-0.0005896063174435363,5.26919920319869e-06,2.831346249742711e-06,0.0,7.8915943400229e-06,7.258040378565392e-07,0.24098101116029597,0.1405628677908523,0.018627789430953723,-0.0006063242612743572
2013-05-03,-1.1611981933884788e-05,4.196535976010361e-06,2.922343714150891e-06,0.0,7.270702671746238e-06,1.6108725355762233e-06,0.23927872475953743,0.32155500929989955,0.05092842332309405,-2.76124368313685e-05
2013-05-06,0.0017175224520951957,6.35803824785718e-06,3.889807972820086e-06,0.0,9.203961292578799e-06,2.251098029926414e-06,0.2654655863960462,0.42818446902763746,0.04999999999999996,0.0016958195465520132
2013-05-07,0.0017910155466779102,5.4876961901278706e-06,4.2723460752802876e-06,0.0,6.047062481921703e-06,2.0710720153283466e-06,0.18603343013105797,0.3236617438738587,-0.024278354701303434,0.001773137369915252
2013-05-08,-0.0004527308600905668,5.833077995272452e-06,5.300288436487149e-06,0.0,8.437372016919327e-06,8.496799647530149e-07,0.2994660660951745,0.0926777165464898,-0.050068517532016694,-0.0004731512785039987
2013-05-09,0.00025799899619481794,2.906714933017932e-06,1.5129585329243491e-06,0.0,3.629171788890806e-06,1.0304983853147042e-06,0.110875667792911,0.13649183685232197,-0.036631891880548315,0.00024891965255467014
2013-05-10,-0.00021421109120475727,6.4000273157545605e-06,2.906010698724312e-06,0.0,6.959149882733718e-06,9.11874140025868e-07,0.2375935676208878,0.2031356824186621,0.049940826894316254,-0.00023138815324199574
2013-05-13,0.0008127158004405419,2.942681623015903e-06,3.2407911696255415e-06,0.0,4.564893226536673e-06,4.2945760461573607e-07,0.16002033043205696,0.052384876345496344,-0.019764001229947308,0.000801537976816748
2013-05-14,-3.0501843797904166e-05,1.5458471154495123e-06,1.1431513589831351e-06,0.0,1.1137820224740223e-06,3.6325603196783026e-07,0.06967653375372684,0.03051350668529774,-0.03051350668529774,-3.466788032677866e-05
2013-05-15,-0.00017466332963105214,1.5193995655634675e-06,1.6562397406360939e-06,0.0,1.5191395703446738e-06,9.660465395247777e-07,0.10440834450858702,0.11227414091388482,-0.05002167772627783,-0.00018032415504712116
2013-05-16,0.000612630052215062,1.287176317213728e-06,1.8797969308760147e-06,0.0,4.890748213139099e-06,1.7209680345924966e-06,0.13655544840138695,0.23919715757932408,-0.0499254722322153,0.0006028513627192407
2013-05-17,-0.001144942326410086,7.446453637304573e-06,3.557215574351363e-06,0.0,1.2215198058771548e-05,1.1077087452482015e-06,0.2891894761306738,0.2360507122526418,0.049955643050943924,-0.0011692689024257617
2013-05-20,-0.00031910408050240277,6.358465207992032e-06,4.136752535058813e-06,0.0,1.5686429147586525e-05,1.5459074461912691e-06,0.2575769918823541,0.30936618422763795,0.049653733267504746,-0.0003468316348392314
2013-05-21,0.0005170147997990253,1.0279429185833531e-05,7.044690673316109e-06,0.0,1.7402486383785878e-05,2.229252660456864e-06,0.3867759219951768,0.32419895265606014,-0.05031549430069293,0.0004800589408956329
2013-05-22,-0.0002794205720160371,9.538228914876713e-06,7.464970948807768e-06,0.0,1.0703443378648885e-05,1.5217226501146497e-06,0.4370542715139229,0.20564940521926117,-0.05,-0.0003086489379084851
2013-05-23,-6.082107563145099e-05,3.485405780278433e-06,2.4652069169725753e-06,0.0,5.914726668068359e-06,1.2014726705247818e-06,0.16746646584979447,0.15184740864816332,-0.05,-7.388788766729514e-05
2013-05-24,-0.0006414511197630775,8.984319377086346e-06,7.603196763352118e-06,0.0,7.3034460328717235e-06,2.8557177614095684e-06,0.48062774008888587,0.44497635553094894,-0.03478422838585851,-0.0006681977996977973
2013-05-28,0.002680337490180295,1.553845566697077e-05,8.338014685603684e-06,0.0,1.629241208626552e-05,1.3316129561562268e-06,0.6641740604858501,0.2737109766342461,0.04999999999999999,0.0026388369947852987
2013-05-29,9.561319289616048e-05,6.538335587872826e-06,6.237911935048274e-06,0.0,9.144626628908731e-06,3.411385072684627e-06,0.35630545755837056,0.5229618549157526,-0.050150837295264594,7.028093367164602e-05
2013-05-30,-0.0011413444823589085,9.830703881159326e-06,5.891292273972717e-06,0.0,1.634101525087522e-05,4.394386613629334e-06,0.4070411292475702,0.6877890871146728,-0.05046786397505526,-0.001177801880378545
2013-05-31,0.0017842605170702189,1.782957799133139e-05,1.0284454279814705e-05,0.0,2.599174789717808e-05,3.2542858649084774e-06,0.651201016618489,0.5963342970638202,0.049614271759196055,0.0017269004510369862
2013-06-03,-9.729224952352274e-05,1.2796884396764345e-05,1.2806696944031574e-05,0.0,2.380126454114649e-05,4.4573695103912365e-06,0.8005344607042653,0.7989875395011194,0.05014946175539178,-0.00015115446491585638
2013-06-04,4.9556819854485155e-05,9.101384484799082e-06,6.259674963571644e-06,0.0,1.3762013844252613e-05,2.5201230111924653e-06,0.40866687908829014,0.4749132795389054,0.05153261365857112,1.7913623550669353e-05
2013-06-05,-0.0014851599330922445,1.6239633258199583e-05,9.82930639552448e-06,0.0,2.191986773981479e-05,1.4277231553103623e-06,0.6688386219268445,0.2898059679023438,0.049948477810202896,-0.0015345764636410938
2013-06-06,0.0017818290959498702,8.612215671831888e-06,6.885110143672815e-06,0.0,9.615979220933594e-06,2.6435304583640547e-06,0.3202135601434886,0.40441541246431534,-0.0396977045408457,0.0017540722604550679
2013-06-07,-0.001019133334918457,8.48850047607277e-06,4.04746739533665e-06,0.0,7.4935677663285335e-06,2.202798770970742e-06,0.24457193901103827,0.3228430425926473,-0.047227150930437355,-0.0010413656693271658
2013-06-10,-0.00044351496750197263,1.687705218249086e-05,8.202513811388561e-06,0.0,1.4251747940955316e-05,2.095989858612816e-06,0.5106634001166183,0.3021262962469531,-0.050000000000000044,-0.0004849422712954202
2013-06-11,0.0003226260168342798,4.136308322493286e-06,9.254737398657873e-07,0.0,6.48898447545084e-06,1.8724485894155555e-06,0.1356276105935604,0.3639220899185613,0.04935072689674802,0.0003092028017070543
2013-06-12,-0.0007190039604030605,1.218746505813921e-05,8.246265000118546e-06,0.0,1.6241294018456702e-05,9.715660906380131e-07,0.3699407219188784,0.11331428302196152,-0.049908820205224684,-0.000756650550570413
2013-06-13,-0.0005504341380555028,9.083025547130828e-06,3.0048511537917416e-06,0.0,1.1298567764489121e-05,7.297398445447649e-07,0.21189951213956487,0.17226378393649425,0.04966749005297375,-0.0005745503223654593
2013-06-14,0.0001772912111593696,7.107159999957681e-06,5.36137725861643e-06,0.0,8.048947902858722e-06,2.1760380039265705e-06,0.2163691159811681,0.3159428915745634,-0.04963149308510044,0.0001545976879940102
2013-06-17,-0.0002885089614045669,8.710925605324662e-06,2.768961244859964e-06,0.0,8.459580979802778e-06,2.3731205811864533e-06,0.1667876900100959,0.34836545758417015,-0.05031880005515399,-0.00031082154981574076
2013-06-18,-0.0010535787359821401,1.4224059157090052e-05,5.503619592839533e-06,0.0,1.515468143587159e-05,1.2664802313679435e-06,0.43905027422379034,0.26230077822105463,0.04953209935124013,-0.0010897275763993093
2013-06-19,-0.00027774973567890824,2.163867855592096e-05,1.0252135450369028e-05,0.0,2.2839603099460424e-05,4.168755608950156e-06,0.7319352510179589,0.7512065617304984,0.05085561942687217,-0.0003366489083936088
2013-06-20,-0.00018699735902016052,2.9018225320213407e-05,1.9862859254811722e-05,0.0,2.9494010095228418e-05,3.468126751567121e-06,1.0799555943108627,0.6339221093364155,0.05127681507313925,-0.00026884058044198116
2013-06-21,0.00036485822076157023,9.11817285625466e-06,4.506629773602999e-06,0.0,1.1765777874310627e-05,2.8638306249510987e-06,0.24950026192734812,0.5317061227495374,0.05058257775775293,0.00033660380963245086
2013-06-24,-0.0006886658016566153,1.2008891021858678e-05,8.387535017237276e-06,0.0,1.3356016300024519e-05,2.5637260894388764e-06,0.5941489551950551,0.48091528996005534,0.05020930693432413,-0.0007249819700851747
2013-06-25,4.467397412020308e-05,1.996639576743074e-05,1.0837019236660087e-05,0.0,1.8675049888270124e-05,4.326409352645781e-06,0.7565056920645818,0.7776232719910174,0.0507865007465263,-9.130900124803655e-06
2013-06-26,0.0010361729739664235,1.0757816309501503e-05,5.994980262641146e-06,0.0,9.341302798006931e-06,3.674967691941912e-06,0.31944522888654114,0.6695459916726492,0.05215141942640805,0.001006403906904332
2013-06-27,0.0012144501454729119,1.2020331351528438e-05,7.100822654148559e-06,0.0,1.279587664574661e-05,2.326224297562534e-06,0.41213221277856793,0.44096886360501186,0.05016318161450614,0.0011802068905239257
2013-06-28,-0.0009711331749655992,1.0000099238229461e-05,6.6618028395305375e-06,0.0,1.5400126900713745e-05,1.3455629623626578e-06,0.40447252459742894,0.2763210238117286,0.05026644613480212,-0.0010045407669064357
2013-07-01,0.00024867405056867826,3.4582071697385194e-06,3.815485985699307e-06,0.0,7.19095677355069e-06,8.151105460472666e-07,0.1984445956787575,0.13187672469498624,-0.005061847040954567,0.00023339429009364246
2013-07-02,-0.0006564124742668969,9.020283725920173e-06,6.708212599820796e-06,0.0,1.1636103531785035e-05,1.993417439140442e-06,0.33297095128839393,0.28495962103598016,-0.04993450873961411,-0.0006857704915635633
2013-07-05,-0.002602120823688898,6.996557747204498e-06,3.5140810901239618e-06,0.0,7.539666035029549e-06,1.364466825815344e-06,0.23461845964985995,0.17923042673697784,-0.04999999999999999,-0.0026215355953870716
2013-07-08,0.0002194758210792305,2.5034776768188142e-06,2.066763577166659e-06,0.0,4.949052795262592e-06,9.143575090326909e-07,0.1508778156746285,0.1037481952204122,-0.04986386629707989,0.00020904216952094974
2013-07-09,5.146764486597525e-05,4.778966939970435e-06,1.4045745426278645e-06,0.0,5.207248409367692e-06,3.2071207684916507e-07,0.10719049949130952,0.0448787040007406,-0.009000924909919137,3.975614289716009e-05
2013-07-10,0.00027056142494976624,8.011549684303055e-07,4.6389074850666146e-07,0.0,8.095085962634016e-07,2.2361762496359789e-07,0.041695124025750714,0.04802469095236804,0.010456929958483597,0.00026826325301160226
2013-07-11,0.0013857683703219796,2.486580363447117e-06,2.436669429558083e-06,0.0,2.8451372273251282e-06,9.163446803411647e-07,0.1158792128341827,0.10403651450537713,-0.049909391791938554,0.001377083638621308
2013-07-12,-0.0006075623657414921,4.202425565144374e-06,2.9125769204387533e-06,0.0,7.3326934274037705e-06,8.446828113498086e-07,0.24702597880240731,0.18111772940045692,0.039211017093689085,-0.0006228547444658288
2013-07-15,-0.00032566649036732027,2.9096720377159224e-06,1.372645656108445e-06,0.0,5.044995198158365e-06,1.3261987583205502e-07,0.10962100241780923,0.0721189197036872,0.04983878056390196,-0.00033512642313513505
2013-07-16,-0.00024551969191464687,8.390725220412743e-07,1.6030764067482491e-06,0.0,2.055577978441966e-06,0.0,0.07200411241020808,0.0,0.0,-0.00025001741882187833
2013-07-17,0.0,9.990251475403993e-07,1.022966341198422e-06,0.0,1.0275257908409653e-06,3.897668436454565e-07,0.049995549636967535,0.049995549636967535,-0.01548528009546915,-3.4392841232252434e-06
2013-07-18,-0.00022424745424584424,2.492719642566101e-06,2.199884113054942e-06,0.0,6.0286823199404026e-06,9.836499832660123e-07,0.10940795988770641,0.11525319718869013,-0.049999999999999975,-0.0002359523903046717
2013-07-19,0.0010308342813084095,2.491557558138828e-06,1.9871339727270486e-06,0.0,7.151346698256331e-06,1.1692521162403652e-06,0.14136981978342625,0.14734805748044374,-0.0490862980479376,0.001018034990963047
2013-07-22,0.0019489283067214826,3.4854772861705737e-06,1.8108330306748354e-06,0.0,5.0235535531605534e-06,1.6866562281053187e-06,0.08779484352124839,0.23632944668979455,-0.047028799631899,0.0019369217866233713
2013-07-23,0.0010267865357310483,6.333561257426053e-06,2.40039851823035e-06,0.0,1.6397528319541943e-05,1.2880134469475865e-07,0.2366839267979657,0.07164509292184221,0.050006467013122745,0.0010015262462911552
2013-07-24,-0.000637585319624407,1.1916349843376252e-06,1.1293595183893074e-06,0.0,2.72322219820444e-06,0.0,0.0733425055927364,0.05,0.05,-0.0006426295363253383
2013-07-25,0.00011758233314043871,2.7222652091118704e-07,5.871112987430211e-07,0.0,4.2553937956732023e-07,0.0,0.022446382942712034,0.02767119939042841,0.02767119939042841,0.00011629745594121718
2013-07-26,-4.574322617978274e-05,1.3604725592622291e-06,2.425528271840634e-06,0.0,3.827147268702255e-06,9.997610574780802e-07,0.1016796731168586,0.11795985765631749,-0.05,-5.435613533706594e-05
2013-07-29,0.0004013993650926887,3.2092611264444986e-07,4.81205493788005e-07,0.0,4.003700743388335e-07,7.896052366373774e-07,0.034973148883823225,0.08265367975507941,-0.05,0.00039940725817528004
2013-07-30,-0.0002706795634341717,1.5312781114231958e-06,1.6594072498624173e-06,0.0,2.1240943531967347e-06,7.930584371343576e-07,0.12204380606254758,0.0832338174385721,-0.05,-0.0002767874015857884
2013-07-31,0.00040585453976214344,2.3433270047525386e-06,2.8236793845895865e-07,0.0,6.344109653303768e-06,5.406939544632157e-07,0.10157601804511325,0.14116065318160184,0.050324068831781615,0.00039634404121116493
2013-08-01,0.002315473197673815,5.7238582921704885e-06,3.4945157522252423e-06,0.0,1.5651879837816793e-05,1.4509090564876366e-06,0.24351811559532993,0.2954355418832317,0.05168282039330872,0.002289152034735115
2013-08-02,0.0013148276596741098,2.469112330026558e-06,3.1281802231549692e-06,0.0,5.962767036568164e-06,1.8198790510851152e-06,0.11422024197653326,0.2557396805822994,-0.05,0.001301447721033275
2013-08-05,0.0006881301936594205,1.828264894559372e-06,1.3693339382796634e-06,0.0,2.479009892892708e-06,1.5500916457350792e-06,0.0774905841211167,0.21046764491344366,-0.049947751570049624,0.0006809034932879537
2013-08-06,-0.0005178851181500488,4.235877134359021e-06,3.422820289930397e-06,0.0,9.639315949105812e-06,4.716703870258372e-07,0.21563829866230705,0.03962031251017033,-0.03962031251017033,-0.0005356548019104699
2013-08-07,0.00017360734320591924,2.5897010494206673e-06,1.16070567421515e-07,0.0,9.469559707867647e-07,4.3342658216116197e-07,0.04464252593135192,0.07801148656746273,0.005195820764387517,0.00016952118903612912
2013-08-08,-0.00024198565047510125,1.9782940666659136e-06,2.0412209295061573e-06,0.0,4.7536046286833345e-06,4.993220506090103e-07,0.17673077429880224,0.13168130492683244,0.04779520042451869,-0.0002512580921505657
2013-08-09,-0.0002507433113788382,3.717691005470189e-06,2.8488295372778963e-06,0.0,4.661643757508865e-06,0.0,0.15392968013660724,0.03328569045798828,0.03328569045798828,-0.00026197147567909513
2013-08-12,7.993236328459324e-05,3.09905560199548e-06,1.6819215843599298e-06,0.0,3.882792380196891e-06,5.566874076869542e-07,0.11024400140850477,0.14360962422977763,0.050086139738369354,7.071190631035399e-05
2013-08-13,0.0019464557831627327,1.8512169279511789e-06,1.8826855616086673e-06,0.0,3.359963664893042e-06,8.238846236263766e-07,0.11661395323905176,0.18947039737588503,0.05105778060665378,0.0019385380323846534
2013-08-14,-0.0018518734909092306,1.9472018559331167e-06,1.1908138055602745e-06,0.0,3.099892842442071e-06,9.001132451323236e-07,0.07300438302996862,0.20081236096184282,0.049593335779612474,-0.0018590115126582984
2013-08-15,-0.002185690968377821,3.745509269677746e-06,2.363125496218384e-06,0.0,7.313150671569407e-06,4.264618482911802e-07,0.16184538011321675,0.1215247954778122,0.04987920496489394,-0.002199539215663578
2013-08-16,0.0006859398048355604,1.1691748033342669e-06,1.0358219289237341e-06,0.0,1.8316560918217806e-06,4.2114143733477203e-07,0.06973128131606748,0.1207517614722417,0.05,0.0006814820105741458
2013-08-19,-0.0002984086855444094,2.406965725412792e-07,3.457888549443723e-07,0.0,1.3404262701231816e-07,4.17186250295695e-07,0.02418028678259991,0.12041952576095923,0.050332235711282466,-0.00029954639984920305
2013-08-20,-4.172913229943797e-06,2.463077734126673e-06,2.150402484901088e-06,0.0,4.954340990715131e-06,1.815193952237424e-07,0.15474330895567193,0.08066043557533017,0.05016517717774146,-1.392225383491043e-05
2013-08-21,-0.0005857588972815967,5.4964965264530975e-06,2.5081913353954818e-06,0.0,5.86247829455759e-06,9.565516815004635e-07,0.17805273739546892,0.21070068249207785,0.04999999999999999,-0.0006005826151195033
2013-08-22,0.0003915563628083534,4.183651572999401e-06,2.9928061514461343e-06,0.0,4.692714255369513e-06,7.469007581877144e-07,0.1749881807849668,0.17593708487225446,0.05045775749671842,0.00037894029007035063
2013-08-23,0.00027196244253927443,3.576589246317211e-06,2.9459244589516437e-06,0.0,3.182874879138216e-06,4.907272725057949e-07,0.1701157370871187,0.13282858995555616,0.05038640817458264,0.0002617663266823616
2013-08-26,-0.0010015999999055845,2.764313680142768e-06,2.8161249519416834e-06,0.0,3.0640555573447374e-06,1.1212554713543347e-06,0.20703544272403268,0.23832607076631165,0.04995515157878341,-0.001011365749566368
2013-08-27,-0.0012507857760390068,3.457327212606318e-06,3.8697971788007124e-06,0.0,3.027626738508601e-06,4.1593584421308825e-07,0.25448996023748605,0.12027551285111183,0.050398291023313,-0.0012615564630131355
2013-08-28,0.00044684965188907227,1.1068200459847267e-06,8.897372797007725e-07,0.0,1.1376467730861897e-06,4.143812344421555e-07,0.05882510482079704,0.12014492563035349,0.05052887824407136,0.00044330106655585843
2013-08-29,0.0005721409410264708,2.0405596589515445e-06,1.452500215258312e-06,0.0,2.566650258107908e-06,4.547189319494727e-08,0.105353437371178,0.05782739349387196,0.05018811543712082,0.0005660357590009581
2013-08-30,-4.3521822745302936e-05,1.6175665473310303e-06,1.240925406878757e-06,0.0,1.0808617782992082e-06,0.0,0.04192618677609258,0.019632303815466746,0.019632303815466746,-4.746117647781193e-05
2013-09-03,-2.4336258132120786e-05,3.991493956236342e-06,3.494464314537759e-06,0.0,4.278478004546464e-06,1.35399111670763e-06,0.19707847516421645,0.17747050760688182,-0.04999999999999999,-3.745468552414898e-05
2013-09-04,0.0006291071691400373,5.700799466908796e-06,3.470155087305136e-06,0.0,6.945154477784121e-06,2.243104047340494e-06,0.1976801588025765,0.32841111839194137,-0.04843036156126164,0.0006107479560606987
2013-09-05,-0.0023171603070789243,5.490810310575174e-06,3.8908273842740316e-06,0.0,6.3094204327034165e-06,3.085451644259787e-06,0.27851767576863967,0.46895551261655555,-0.04940036361908859,-0.0023359368168507366
2013-09-06,-0.0006071556990280911,1.0316629667622217e-05,5.796637413026447e-06,0.0,1.3333037097238673e-05,3.8432575853508655e-06,0.3695623310543113,0.5971062336118889,-0.048561040727056526,-0.0006404452607913293
2013-09-09,0.0009890476877482198,7.479076224180524e-06,5.5925236487925235e-06,0.0,8.360521555281349e-06,2.0243629831554624e-06,0.3966627797565605,0.3650480657784413,0.02495508460832363,0.0009655912033368099
2013-09-10,0.0021966227712323554,7.675567660810273e-06,5.552466509144907e-06,0.0,1.1539345954612945e-05,1.1245816566543573e-06,0.2717252483809541,0.14009397925412775,-0.048835739063804215,0.002170730809451133
2013-09-11,-5.609786251841408e-05,3.0132738967688956e-06,3.670023363694582e-06,0.0,3.7407700288304658e-06,1.120645115792971e-06,0.2401547043485465,0.13826837945321918,-0.049999999999999975,-6.764257492350099e-05
2013-09-12,0.0007979320152465239,9.059163152049627e-06,5.848106052975779e-06,0.0,2.482098491644405e-05,2.490680699554212e-06,0.3460891968400666,0.3692171787625538,-0.04921717876255384,0.0007557130804255002
2013-09-13,0.0011033245751561867,1.0347048389572562e-05,5.668916809851319e-06,0.0,2.889188206851484e-05,7.142857142857143e-07,0.38735467962845826,0.08316111476441639,-0.03683888523558361,0.0010577024421739624
2013-09-16,-7.27497618438058e-05,1.694121649233279e-06,2.102663045814535e-06,0.0,4.606784785223469e-06,1.5451999047490945e-06,0.1329349629395883,0.21634711374539878,-0.0432464702524491,-8.269853122882619e-05
2013-09-17,-9.770646684261531e-05,1.623357129765426e-06,1.6191760354310924e-06,0.0,2.052907132480773e-06,9.39518022085177e-07,0.1096183127506748,0.10739070890582654,-0.05044831880448318,-0.00010394142516237777
2013-09-18,-0.00039234492223967925,8.304634189436938e-06,3.628134739475299e-06,0.0,2.159553620492586e-05,2.0335942596216573e-06,0.2528517618850501,0.2908219178082192,-0.05082191780821922,-0.000427906821633139
2013-09-19,-0.0029023844973559295,1.1184336183629148e-05,5.9328866569439186e-06,0.0,3.4267601210497e-05,2.230507587650444e-06,0.4493281814310276,0.42472527472527466,0.050000000000000044,-0.00295599982899465
2013-09-20,0.0010958102798819419,1.4927605777117616e-05,8.836152697278727e-06,0.0,2.139761155931313e-05,2.0053120510133546e-06,0.4999230051805864,0.3876057451903008,0.05071332062005729,0.001048643597797219
2013-09-23,0.00023337068273136978,1.0307082869716602e-05,6.146655849203335e-06,0.0,1.1582090436621344e-05,2.382134480495036e-06,0.37194127481436445,0.45131637866549446,0.0511177859423283,0.00020295271909533347
2013-09-24,-5.3235834757770687e-05,8.458345055385941e-06,5.0507128183646344e-06,0.0,1.162457638725212e-05,1.5223738660923887e-06,0.2990552222615059,0.3063354416485968,0.05057663214507553,-7.989184288486577e-05
2013-09-25,0.000771539734575699,9.972235639086208e-06,6.222591365459084e-06,0.0,2.3556786454921494e-05,6.862526646089644e-07,0.41509557396149627,0.16558483048305594,0.05029438282874994,0.0007311018684516233
2013-09-26,-5.2965429445447694e-05,3.8091831267569064e-06,4.6297904923577214e-06,0.0,8.6978768446119e-06,2.3529193312756308e-06,0.21981322419385002,0.34571864085976045,-0.049571806794545516,-7.245519924044985e-05
2013-09-27,-0.000386820342050346,5.036187591807391e-06,3.7508684137103663e-06,0.0,3.9530674548448e-06,3.9744819374617895e-06,0.27628388014967464,0.6187649930558345,-0.04894797243774607,-0.00040353494744817036
2013-09-30,0.001028068523826962,1.859547259712547e-05,1.140724502555471e-05,0.0,2.4363594224424715e-05,1.0714285714285714e-06,0.5960330416516032,0.12999999999999998,-0.04999999999999999,0.0009726307834084287
2013-10-01,-0.0006874846095562676,1.5256374039741569e-05,5.1119283342606174e-06,0.0,1.6638600114762336e-05,1.2857142857142856e-06,0.29699251060609,0.16599999999999998,-0.04999999999999999,-0.0007257772263307464
2013-10-02,0.0006347808022231969,7.339222499282301e-06,2.4355551534409538e-06,0.0,1.1265389775694425e-05,1.2369932814815762e-06,0.119892061647914,0.15790743564445242,-0.04990743564445242,0.0006125036415132976
2013-10-03,0.00022744634087169506,8.04261384806839e-06,4.7816124184726885e-06,0.0,1.1904664968051017e-05,2.5666687769200194e-06,0.43233953225022687,0.48201952155380756,0.050819167031244325,0.00020015078086018295
2013-10-04,0.0001232814662591433,1.2160269378373412e-05,1.0244668298430547e-05,0.0,2.4690744117326397e-05,4.147539848300967e-06,0.6664570400917681,0.7482612364560426,0.05147454194147999,7.203824461671197e-05
2013-10-07,0.0019341276905501003,1.973006412985701e-05,1.7302754743798653e-05,0.0,4.331909368597101e-05,7.932005125588662e-06,1.2483652514728232,1.3828149530838578,0.05023809198496265,0.001845843772864885
2013-10-08,-0.00023934375066834426,2.2124913876015495e-05,1.4533823905656996e-05,0.0,5.873792262683574e-05,6.055824231208314e-06,0.9176270926578137,1.0675463782786414,0.05016790743564459,-0.00034079623530806083
2013-10-09,-0.000205571576324907,1.7392378461036346e-05,1.2748342723052567e-05,0.0,2.8432553867483214e-05,2.6671107505561916e-06,0.7624313813869508,0.4528701926403144,0.004795586546874231,-0.0002668119621270353
2013-10-10,0.0006559792822542691,1.6077413867287814e-05,1.83507644395274e-05,0.0,3.875963765548366e-05,6.136054421768707e-06,1.1369780977597084,0.9838185848000344,-0.04703855805710838,0.0005766554118702015
2013-10-11,0.002503419596970808,1.8121240867339435e-05,1.369950159566127e-05,0.0,4.264768137698464e-05,1.983110046411428e-06,0.8928344654557077,0.2834924149788221,-0.04967007281829772,0.0024269680630844112
2013-10-14,-2.2377152322236204e-05,2.9988988472237966e-06,2.5438631225208628e-06,0.0,2.188820275074919e-06,1.049572369278936e-06,0.18714310052107536,0.1268866861013045,-0.04944147193755673,-3.1158306936334715e-05
2013-10-15,0.00025092178150810804,4.678925149478872e-06,4.072047408316145e-06,0.0,4.719550250278679e-06,2.3216720106307126e-06,0.2986430620517956,0.34025158123766575,-0.04978931654829394,0.00023512958668940365
2013-10-16,-0.0013250240240456658,4.892146026614317e-06,5.019130001676395e-06,0.0,1.0711175875250966e-05,1.1839856309353482e-06,0.3157757240974791,0.1491670025558024,-0.049742583441336086,-0.0013468304615801428
2013-10-17,-0.0007170195404104554,1.0305919745541167e-05,8.177288682433149e-06,0.0,1.73552613864334e-05,3.7619047619047618e-06,0.5133778361127816,0.5829182331310352,-0.049081766868964816,-0.0007566199149867678
2013-10-18,0.004787594638589284,1.7821150250096606e-05,1.0690416395023812e-05,0.0,3.1284173511348316e-05,2.1900554809387584e-06,0.735660105538062,0.3182665999252042,-0.04966272087250716,0.004725608842951877
2013-10-21,0.002209295035610134,7.2173716794694155e-06,6.70660553249743e-06,0.0,1.3237708351086387e-05,2.881707423076829e-06,0.4059955068884341,0.43473630306014954,-0.049390544016757715,0.002179251642624004
2013-10-22,-0.001377660998970718,1.2979276362837292e-05,6.7786506107229005e-06,0.0,2.4664674405320874e-05,2.23525446574011e-06,0.3507764417059911,0.32386714304568864,-0.05165560719864991,-0.0014243188548153391
2013-10-23,0.002109382768289785,5.083451545988277e-06,1.6954483295458022e-06,0.0,8.179183587941059e-06,1.0628714573467053e-06,0.1947627656459776,0.22922979296412022,0.05066738812987376,0.002093361813368963
2013-10-24,-0.0008815390714680033,1.2306558462700442e-05,6.523947465003003e-06,0.0,1.2786682505725646e-05,2.5226757369614515e-06,0.3175971664238089,0.4740496821488813,0.05024015833935751,-0.0009156789356383938
2013-10-25,0.005108978489797918,1.0717146318864218e-05,7.656536900402478e-06,0.0,2.8706857516430757e-05,3.875966768125343e-06,0.37833802719419146,0.6033298938191582,-0.047832523225899204,0.005058021982294095
2013-10-28,-0.0003635946099896606,1.7816165494271258e-05,9.266734535873338e-06,0.0,2.602475437505247e-05,1.5548652686166183e-06,0.6595172556682118,0.2123525677275681,-0.0488647974000237,-0.00041825712966347424
2013-10-29,4.107681921457313e-05,6.964103294788476e-06,4.530583062677539e-06,0.0,1.3715558732332975e-05,1.6183353447225595e-06,0.28096921772155864,0.2221929815236091,-0.04968735638978089,1.4248238780051578e-05
2013-10-30,0.0013579993602448963,6.8961185501287275e-06,2.3991707354519434e-06,0.0,2.4807744671816484e-05,2.0836673345972835e-06,0.24825525922762262,0.40085780370963964,0.05080169149729612,0.001321812658952902
2013-10-31,0.002087993049896226,1.0940365121593504e-05,8.443256098440238e-06,0.0,3.040433589466459e-05,3.7090165610427216e-06,0.5731445387639417,0.6735573911275886,0.050442608872411365,0.0020344960762204846
2013-11-01,8.48174136525528e-05,9.496041464666306e-06,9.402378360429234e-06,0.0,2.3931517436619368e-05,1.892774589763326e-06,0.5066248742805457,0.28845630281630474,-0.02952982826393405,4.009470180107457e-05
2013-11-04,0.0008558936743405286,6.603598368152849e-06,6.732757736317725e-06,0.0,1.765922917045937e-05,1.8345380366282751e-06,0.4254100971041916,0.25818491377553643,-0.05001747637801372,0.0008230635510289704
2013-11-05,0.0019959778143595073,3.980536967602223e-06,3.53053687888043e-06,0.0,9.37721180356433e-06,1.7715707944321569e-06,0.22794860874820672,0.2468119467323012,-0.05081194673230114,0.0019773179579150283
2013-11-06,0.0011900570764175158,4.140371697400909e-06,4.1772586814716484e-06,0.0,9.966624834681189e-06,1.9333683795505318e-06,0.2800593254184516,0.27440294388224473,-0.0504029438822447,0.0011698394528244114
2013-11-07,0.0007388510854713023,6.416589953701229e-06,3.5710513266627624e-06,0.0,1.1113395554540269e-05,1.8689425133269293e-06,0.3137762273486795,0.36375717397459617,0.04977483173567205,0.0007158811061230712
2013-11-08,0.00285985386827596,1.2104491294773216e-05,1.3435719206697577e-05,0.0,3.236893630271359e-05,6.792517006802721e-06,0.7732120356695921,1.0935146164401737,-0.0476282407026834,0.002795152204464973
2013-11-11,-6.782241909443361e-05,7.101687228280603e-06,5.862987104727732e-06,0.0,1.1032116775225613e-05,5.126259570509418e-06,0.43053983790944367,0.8125876778837655,-0.0486239299618168,-9.694546977317698e-05
2013-11-12,0.0007266058773811147,1.2557161424663575e-05,1.0421780947326753e-05,0.0,2.6853713812886673e-05,1.2004952645507071e-06,0.7201219323073467,0.1517781763042117,-0.04990502814030712,0.000675572725931687
2013-11-13,-0.0009552736915335201,1.2158719724813421e-05,7.139655856466447e-06,0.0,1.1186402347589235e-05,1.6336487224418757e-06,0.37724974993910887,0.22445298537023511,-0.04999999999999999,-0.000987392118184831
2013-11-14,-0.0007896974298821645,5.781094615897623e-06,3.119229089795693e-06,0.0,1.1054226238905722e-05,1.5476190476190479e-06,0.23041556167877253,0.21000000000000002,-0.05000000000000001,-0.0008111995988743826
2013-11-15,-8.755198708034337e-05,7.760819658358646e-06,3.660451499459424e-06,0.0,9.61184935349654e-06,2.045832249457405e-06,0.22389545095614366,0.2936998179088439,-0.04999999999999998,-0.00011063093984111538
2013-11-18,0.0006474520097188312,1.8793884811800645e-05,1.1202183695211791e-05,0.0,2.9736910348655977e-05,3.5575705657585107e-06,0.5929765825226625,0.5479716339398091,-0.04970022110762071,0.0005841614602974043
2013-11-19,-0.000726382949788195,1.0852522169183938e-05,6.544289193424072e-06,0.0,2.3730496001284883e-05,3.3868398269898306e-06,0.4081702171120393,0.5195307513706449,-0.049458339563646814,-0.0007708970969790776
2013-11-20,0.00032704523689350686,1.289475267429852e-05,7.78502810648243e-06,0.0,1.8857496142103918e-05,3.955255289612332e-06,0.4163541335733696,0.6167868988728904,-0.04769598978198136,0.0002835527046810097
2013-11-21,-0.0003199408654826547,2.8679782962237417e-05,8.988570128285688e-06,0.0,4.545165708661695e-05,2.733598120062273e-06,0.6636944251028828,0.4556195366237586,-0.0036249475467032832,-0.000405794473779857
2013-11-22,0.0005508625509905027,1.4153776258145909e-05,8.044791974462003e-06,0.0,2.801710563644431e-05,1.8403028811563703e-06,0.41853836009777723,0.260389979266119,-0.04878090476815119,0.0004988065742402942
2013-11-25,0.003235882418034444,2.6196695954161414e-06,2.0772198607331767e-06,0.0,4.468816812905593e-06,1.5730501030892978e-06,0.14144133556474076,0.21848925419889662,-0.04578316312010548,0.0032251436616623
2013-11-26,-0.00152487091127792,1.186557673475139e-05,1.0430494297259958e-05,0.0,1.621908517644215e-05,4.738692201831355e-06,0.7631345429053177,0.7463180295495007,-0.04978226035816702,-0.0015681247596882049
2013-11-27,-0.0024553867217822246,1.1423127938505797e-05,9.795503514211676e-06,0.0,1.780730633993943e-05,1.313545535359568e-06,0.5762093097583212,0.1702783160602922,-0.05039733388011523,-0.002495726205110241
2013-12-02,-0.00044699156312308087,3.1677875394034975e-06,4.2005819209868295e-06,0.0,4.973231673180353e-06,1.4412908300455768e-06,0.28051865788883823,0.19149570705019822,-0.05064115239745865,-0.0004607744550866971
2013-12-03,0.0007326456377363762,6.63228141954702e-06,6.772569266428301e-06,0.0,2.518852815500616e-05,3.4943263602866496e-06,0.42782716625846684,0.5375809372577427,-0.04946589127041448,0.000690557932535108
2013-12-04,0.0029820951671757313,8.5389772187021e-06,6.911002876119876e-06,0.0,2.1836706012553293e-05,1.7563894497303785e-06,0.5891552411215866,0.34753671377735174,0.05246328622264819,0.0029430520916186257
2013-12-05,0.0012459906769784349,6.900128703386215e-06,5.516505839398473e-06,0.0,1.676025955335591e-05,1.8244466307760071e-06,0.37254605667666624,0.35728227848201666,0.05077524451164743,0.0012149893362515183
2013-12-06,2.482781593645139e-05,9.805568243647585e-06,8.589804407854087e-06,0.0,2.819844011669394e-05,2.5324964518251836e-06,0.44918096210903685,0.3753614517240608,-0.05009795218256996,-2.4298493283569404e-05
2013-12-09,-0.0026146586463820266,4.210474637567259e-06,3.2063259163846988e-06,0.0,8.18454669460782e-06,1.243537191854792e-06,0.21934172982914324,0.15883004942123702,-0.05008419881036806,-0.002631503530822441
2013-12-10,-0.00016652387947387265,5.538488694267171e-06,3.0931844136698603e-06,0.0,1.8177017176093785e-05,1.438792762552138e-06,0.3072962054074161,0.29185859205437964,0.0501414079456204,-0.0001947713625204556
2013-12-11,-0.0008448683994365534,1.1022827043128977e-05,1.2786493720421101e-05,0.0,2.8259491342038157e-05,3.350340136054422e-06,0.8564632369696596,0.6128571428571429,0.04999999999999999,-0.0009002875516781961
2013-12-12,0.00021459442112608208,2.489248943045504e-06,1.6875912702701057e-06,0.0,3.646714504990894e-06,2.8637896115435357e-06,0.11763309340765475,0.5319868987982284,0.050870244058914466,0.00020390707679623205
2013-12-13,-0.00040749021962794267,3.279718509379517e-06,2.1108280277095602e-06,0.0,6.239153767160382e-06,3.4625605416799455e-06,0.13599233452909038,0.632307532790578,0.050597361788347284,-0.0004225824804738721
2013-12-16,-0.0007630724077240209,1.0858132125038281e-05,1.3222469114392043e-05,0.0,2.226270676199613e-05,1.688353044057417e-06,0.8774354616523106,0.261821655700823,-0.021821655700823006,-0.0008111040687695048
2013-12-17,0.00023685798771495858,3.224097537174516e-06,3.7409309308655345e-06,0.0,5.773444558251968e-06,0.0,0.2611549408128817,0.0,0.0,0.00022411951468866655
2013-12-18,0.0,7.719644352001864e-07,1.3481663310800453e-06,0.0,1.4956238378623557e-06,5.952380952380952e-07,0.05,0.05,-0.05,-4.210992699380683e-06
2013-12-19,0.00024436516584335486,7.675152534896357e-06,6.978672531282941e-06,0.0,1.975286252179933e-05,3.588324718398036e-06,0.5033142366780429,0.5530698715121996,-0.04976868117867045,0.0002063701535369782
2013-12-20,-0.00017269783233535616,1.1922336544842235e-05,7.324392145514816e-06,0.0,1.8101504904170643e-05,3.9739026544679915e-06,0.5251882897474971,0.6711153667229435,0.0034997207723208024,-0.00021401996858435186
2013-12-23,0.0014277294667360573,6.653217815360641e-06,5.534959194114087e-06,0.0,1.4201457421171807e-05,3.3728292409154888e-06,0.32996522994574146,0.5374991570630053,-0.029136155410796866,0.0013979670030644952
2013-12-26,-0.0009370253627882185,2.6445981517706617e-06,2.3798736865558166e-06,0.0,3.5707557676408964e-06,3.1170781466383858e-06,0.13204263440688652,0.4741979974808135,-0.04947113115443527,-0.0009487376685408242
2013-12-27,-0.0005350030887544113,5.865882022960005e-06,5.397935357980139e-06,0.0,9.090787583483354e-06,2.1482963503619905e-06,0.3431967570333008,0.31096606275702404,-0.049947724103790336,-0.0005575059900691968
2013-12-30,-0.001330873984202577,3.4913762057636884e-06,4.071043505492196e-06,0.0,3.211050026337162e-06,0.0,0.30949863089494317,0.0,0.0,-0.00134164745394017
2013-12-31,0.0,0.0,0.0,0.0,0.0,0.0,0.0,0.0,0.0,0.0
2014-01-02,0.0,0.0,0.0,0.0,0.0,0.0,0.0,0.0,0.0,0.0
2014-01-03,0.0,0.0,0.0,0.0,0.0,0.0,0.0,0.0,0.0,0.0
2014-01-06,0.0,1.6763606116899387e-06,5.485080611606964e-07,0.0,1.7309505132360435e-06,1.8371103614143107e-07,0.08086345407176042,0.08086345407176042,0.05,-4.139530222228109e-06
2014-01-07,-7.563098903137772e-05,4.132455530789363e-06,5.326115690886424e-06,0.0,9.52869315566566e-06,2.1268868911855518e-06,0.29224059777029665,0.30731699771917265,-0.05000000000000007,-9.674514029990472e-05
2014-01-08,0.0006948900758071093,6.864986079486645e-06,7.418108579625422e-06,0.0,1.2713332410132348e-05,3.2167329048391322e-06,0.4887688148673037,0.4901348068889717,-0.05027632112400259,0.0006646769158330257
2014-01-09,0.001653098646768275,8.71705264728084e-06,7.3731688504849825e-06,0.0,1.227905591644486e-05,5.321047806924264e-06,0.536765663342088,0.8437903293978528,-0.050145702165423606,0.00161940832154714
2014-01-10,0.0037204577153753305,7.648848750890859e-06,5.7119812098999535e-06,0.0,2.128660590271998e-05,3.398692651218538e-06,0.4423595718839057,0.6195660586371896,0.04858569323247515,0.0036824115868606014
2014-01-13,-0.0002765920843491794,3.482332011704768e-05,2.90094651056443e-05,0.0,6.884073549565098e-05,8.598723064942432e-06,1.6198476115237783,1.3943840966522754,-0.05020137825805304,-0.0004178643281324648
2014-01-14,6.64165015175168e-05,2.42716129897584e-05,1.3645384224425456e-05,0.0,4.444275660711697e-05,7.540710602213168e-06,0.8200805365192405,1.2170827458749338,-0.04975663529687868,-2.3483962905997184e-05
2014-01-15,0.008138239811687872,2.6267478509128498e-05,1.6444484039425407e-05,0.0,3.6881640844318334e-05,2.2407858253718444e-06,1.1524397780740534,0.32680472113076187,-0.04964729753170803,0.008056405422469628
2014-01-16,-0.0011195474655264093,7.134983498767305e-06,3.6057427594142748e-06,0.0,6.679512630129425e-06,1.4683337155736528e-06,0.2270218313700516,0.19677483581350308,-0.04990522840287061,-0.001138436038130294
2014-01-17,0.0020793385781906655,2.2943329009620733e-05,6.7297444847212106e-06,0.0,2.0871778176969844e-05,2.5376902035482107e-06,0.4864719195096659,0.4650500956269086,0.038718141430809205,0.0020262560363158055
2014-01-21,-0.0015036345326293243,1.83607016434667e-05,8.078646294711434e-06,0.0,1.6114912329470734e-05,2.560739213304695e-06,0.32759621816975215,0.442191096135004,0.011986908299815302,-0.0015487495321102778
2014-01-22,-0.00013628614213785566,7.279975707780277e-06,8.582003599864027e-06,0.0,1.0116035116956985e-05,2.578592072677908e-06,0.58013605677979,0.3831125490382861,-0.05009091917160241,-0.00016484274863513485
2014-01-23,-0.0005442206983055849,1.76806454151757e-05,1.237360905298192e-05,0.0,2.745175938093898e-05,3.526814097946329e-06,0.7180310746291597,0.5425047684549832,-0.04999999999999999,-0.0006052535262526278
2014-01-24,-0.0004019435139444804,1.66805779439652e-05,1.095086400828579e-05,0.0,2.651071076602195e-05,4.848359917613262e-06,0.8733768555441807,0.8678337739917467,0.053309307832718755,-0.00046093402658036657
2014-01-27,-0.0011885172466915789,1.4950334783058903e-05,1.0682125570721229e-05,0.0,2.0093629126749136e-05,3.0314737776509704e-06,0.6641134310354295,0.563887569150989,0.05459997450562604,-0.0012372748099497592
2014-01-28,0.0036731170642300913,1.4598369101636931e-05,5.7093606455701686e-06,0.0,1.3666173187003315e-05,2.661921049643668e-06,0.3500070086363497,0.5000899164807219,0.05288718014058569,0.0036364812402462374
2014-01-29,-0.0011686680280488318,3.257308225963516e-05,1.2659304388602914e-05,0.0,3.449530399988753e-05,3.0851324234717125e-06,0.5267067020724707,0.5681350872523795,0.049832840109131804,-0.001251480851120429
2014-01-30,0.0019618911199020994,3.088387851952985e-05,1.5706191046903637e-05,0.0,4.4588069418970464e-05,6.034948855630253e-06,1.0509444409682382,1.064660151430004,0.050788743684121285,0.0018646780320610652
2014-01-31,-0.0005782325004490673,1.6808858320393197e-05,1.5545249241872724e-05,0.0,3.9247663619637675e-05,9.870234768254105e-06,1.1053763940987087,1.709047607321826,0.05084816625513655,-0.000659704506399225
2014-02-03,-0.0017070327089486095,1.479197035769105e-05,1.097880916022096e-05,0.0,2.895453480918212e-05,8.044580508755596e-06,0.6700216108188457,1.4006462146395233,0.04915668916858318,-0.0017698026037844593
2014-02-04,0.0014662178634382208,2.6760165731371214e-05,1.2497423080793834e-05,0.0,3.8705982533309815e-05,6.640381778313579e-06,0.7973734713697129,1.1693105823083867,0.053726443551705805,0.0013816139103144324
2014-02-05,-0.002287874396037789,8.656154499880266e-06,7.905019820580352e-06,0.0,2.504785444961522e-05,7.445427255373199e-06,0.5450225711215817,1.3010749061940645,0.05024312729136737,-0.002336928852063238
2014-02-06,0.0029148771582972748,2.1458901636707743e-05,1.7800320169943105e-05,0.0,4.26473541926094e-05,3.72238904527617e-06,0.9919553064347877,0.5773982791716522,-0.047963080434744315,0.0028292481932527384
2014-02-07,-0.0023600753523512555,8.092079167984056e-06,5.3957499959886425e-06,0.0,1.8959734625355982e-05,4.333810171117419e-06,0.3727639224824415,0.679065770467798,-0.04901433827992824,-0.0023968567263117015
2014-02-10,-0.00282751739746,4.553431494900131e-06,2.8858090013247837e-06,0.0,7.4004754054820415e-06,4.220510515246377e-06,0.18010710206910363,0.6587723049049763,-0.05027346165641505,-0.0028465776238769534
2014-02-11,-0.0019695502409654286,4.29925329730644e-06,3.3285273089411666e-06,0.0,8.397348276884467e-06,3.805197498702801e-06,0.21246365596487232,0.5908095446158784,-0.04846363516619201,-0.0019893805673472636
2014-02-12,-0.0009625175644967053,1.1598986241057756e-05,7.580726887977844e-06,0.0,2.0654166760908907e-05,1.0632599873972632e-06,0.49560060819001184,0.2300945239457876,0.05146684606304738,-0.0010034147043740472
2014-02-13,0.001149043490358299,1.0522885017984238e-06,2.572961945658039e-06,0.0,4.870726710813187e-06,1.467035419001216e-06,0.10331675752478181,0.20271599281235125,-0.04374595757985303,0.0011390804777810283
2014-02-14,-0.00010291993868765069,4.852340482968535e-06,2.727070994217777e-06,0.0,5.463381439560793e-06,3.070471561191943e-07,0.19875317451965316,0.025791961114012323,-0.025791961114012323,-0.00011626977876051699
2014-02-18,-0.00018716124438682358,2.2178232767716465e-06,2.4014816119457505e-06,0.0,8.351340902373301e-06,1.3371636168513486e-06,0.15752777683746044,0.17463785960155875,-0.0500056280294678,-0.00020146905379476562
2014-02-19,0.0006917492912700452,3.856679034020887e-06,3.184149540411268e-06,0.0,2.1887223658726538e-05,7.973073844229878e-07,0.28987102727044634,0.18394764058306196,0.05000000000000001,0.0006620239316524635
2014-02-20,0.0017545601307377456,3.6824236493259842e-06,3.5448513301460933e-06,0.0,9.469174256871023e-06,2.0057792389513796e-06,0.24747107141075547,0.38697091214383184,0.05000000000000002,0.001735857902262451
2014-02-21,-0.0021611010960537677,3.0526794952336844e-06,4.682285570566978e-06,0.0,7.5946925448601556e-06,3.5770791454623505e-06,0.34598631370400446,0.6509492964376749,0.04999999999999999,-0.002180007832809891
2014-02-24,0.0009499345186631159,9.814704083888798e-06,1.183296518460346e-05,0.0,3.070493146442135e-05,5.042866939653814e-06,0.7530112005046309,0.7972016458618405,-0.04999999999999999,0.0008925390509905484
2014-02-25,0.0007190738075919033,5.331145611872444e-06,6.1333914975598985e-06,0.0,5.710008052062868e-06,2.889313169360813e-06,0.3961787877996756,0.4362016200625029,-0.049202992390113665,0.0006990099492610473
2014-02-26,0.005868771464311555,1.6405307699963891e-06,1.6719455951653226e-06,0.0,1.51582730184504e-06,2.510513741185735e-06,0.100843757918673,0.3738652090044111,-0.04790109951479235,0.005861432646903363
2014-02-27,-0.00021332552751165124,5.002180595777175e-06,6.795970565386374e-06,0.0,1.664979394633951e-05,8.087219280114779e-07,0.5614860300142201,0.18586528390592827,0.05,-0.0002425821945471658
2014-02-28,-0.0009792935847163032,5.153903288193774e-06,7.2555922710038075e-06,0.0,1.2030019962995543e-05,2.548332731415038e-06,0.448407399668486,0.377941208346103,-0.050178690531623285,-0.0010062814329699114
2014-03-03,0.00042227067051299016,8.456376037555857e-06,4.737761739162217e-06,0.0,1.8250416528967814e-05,2.5204349663265164e-06,0.31461056313509383,0.3732274536189675,-0.050205620723887234,0.0003883056812409778
2014-03-04,0.0005176943181353715,9.974569260759121e-06,9.231177551668279e-06,0.0,2.7232438880113017e-05,4.972770417672087e-06,0.7556797178739914,0.8854254301689106,0.04999999999999999,0.00046628336202515904
2014-03-05,-0.0006490926243376247,7.588246977836742e-06,6.415821822668148e-06,0.0,1.5814980491264986e-05,3.860509247868621e-06,0.3730731911841275,0.6985057321658623,0.049940178523934065,-0.0006827721828772631
2014-03-06,-0.0004432400648377019,7.5057826001274875e-06,6.832028197738125e-06,0.0,2.071575384518245e-05,3.2766033866611523e-06,0.36438080979657783,0.5026267026542974,-0.04784266630477607,-0.00048157023286741113
2014-03-07,0.0009496350589723688,1.021874599057735e-05,8.873559123511072e-06,0.0,2.3516205706733273e-05,5.952380952380951e-07,0.5283264623338453,0.05,-0.05,0.0009064313100563089
2014-03-10,0.00020593905834489338,6.665696840010978e-07,3.507347413355211e-07,0.0,8.289677452116669e-07,5.923461378616298e-07,0.025693422494117327,0.0497570755803769,-0.0497570755803769,0.00020350044003648347
2014-03-11,0.0005152514330758743,1.5228102752146852e-05,8.812955386380412e-06,0.0,8.35798619129208e-06,2.9162842319265054e-06,0.41573215437974387,0.4402010510724025,-0.049734699891250456,0.00047993610451412845
2014-03-12,-0.002275552733944141,1.5246530925174421e-05,2.387692927455832e-06,0.0,9.434751450812208e-06,2.0771871202742537e-06,0.23021033591025164,0.39924685875407323,0.05027942254799861,-0.0023046988963678575
2014-03-13,-0.0007186670248738757,5.369513743756339e-07,1.3891825355026166e-07,0.0,2.0521130194298865e-07,2.0645566015493815e-06,0.011395467892407005,0.39818681452428134,0.051341305463985354,-0.000721612662405294
2014-03-14,0.000741251826932266,1.1333386952770581e-05,7.869708263872775e-06,0.0,1.1231220991605432e-05,6.730757569683509e-07,0.5594738727332957,0.16307672717068294,0.049999999999999996,0.0007101444349670488
2014-03-17,0.001352898017675923,5.302391460727535e-06,5.209197040265943e-06,0.0,8.366401508648256e-06,1.499975251143269e-06,0.2364898511213976,0.20226363866526226,-0.04973220352680687,0.001332520052415138
2014-03-18,0.0011298816891330051,6.690238123213153e-06,4.1936921057672965e-06,0.0,8.038522025050911e-06,1.285830073634949e-06,0.2822525600960958,0.17684359980229442,-0.03917585256837701,0.0011096734068053388
2014-03-19,0.00207458923402534,5.296211985260473e-06,5.652318185430057e-06,0.0,1.2799822411287792e-05,3.747067342003676e-06,0.40658663699874276,0.5802065112087497,-0.04930080224786776,0.0020470938141013578
2014-03-20,0.0006477686415964232,1.0223915599708974e-05,9.094456466501641e-06,0.0,1.3852352190448646e-05,1.6962490178786935e-06,0.5658450600533964,0.23491718443696574,-0.0500526505666548,0.0006129016683218853
2014-03-21,-0.002227191267791736,9.705645735193535e-06,6.090320663211893e-06,0.0,1.691175869173123e-05,2.9426262490052154e-06,0.47967497693021094,0.542536049887292,0.04817484005441583,-0.002262841619130878
2014-03-24,-0.0017476632353692638,9.150705448445079e-06,6.646132537329193e-06,0.0,1.3756729809252365e-05,3.7420174590962863e-06,0.41824163009309734,0.6755234795999643,0.04686454647178828,-0.0017809588206233868
2014-03-25,-0.00014740088177956948,1.2658612042781676e-05,6.378929145170969e-06,0.0,1.3590358409977656e-05,2.824135358385935e-06,0.40770751660474147,0.5253912989785701,0.05093655876973288,-0.00018285291673588572
2014-03-26,-0.0012603251614724256,8.932439276948175e-06,6.4190371651298475e-06,0.0,1.041611772609927e-05,1.7975007841167254e-06,0.389744219564074,0.35356628036698695,0.051586148635377124,-0.0012878902564247197
2014-03-27,-0.0002374719952385117,7.36507702528453e-06,4.399015490444053e-06,0.0,9.025003930712083e-06,7.230790983409038e-07,0.2917223834879078,0.17132294549051796,0.049845656969246144,-0.00025898417078329324
2014-03-28,-0.00037724187829190795,3.0108870798960153e-06,5.0735396842162375e-06,0.0,7.951058415552185e-06,1.1206460829161383e-06,0.35463072086584985,0.23826854192991123,0.05,-0.0003943980095544885
2014-03-31,0.0003617188416964273,1.87858732608241e-06,4.3220441292010955e-06,0.0,5.885454675787279e-06,6.552850062029284e-07,0.2280129677770264,0.060087881042091965,-0.05,0.0003489774705591536
2014-04-01,-0.0003880088755956134,5.056210746228138e-07,8.492988390594353e-07,0.0,1.9594431952011046e-06,5.952380952380953e-07,0.062034467012950276,0.05,-0.05,-0.00039191847679973484
2014-04-02,-0.00016991032786818118,5.201204710412304e-06,4.272692551888837e-06,0.0,6.467331359152076e-06,2.161459106040436e-06,0.3117259633943341,0.31313470628515055,-0.04999042352964278,-0.00018801301559567482
2014-04-03,-6.20948291107184e-05,2.3594039081780883e-06,1.784647636479119e-06,0.0,2.6985325483816235e-06,2.6917311653265383e-06,0.128152869959764,0.4020069079802504,-0.050203927794607944,-7.162914436908377e-05
2014-04-04,0.0009998246633516684,6.869784447864628e-06,5.445456930869547e-06,0.0,8.996713280376276e-06,1.6623830126700077e-06,0.3577101675743415,0.2657748992717873,-0.013505446856773996,0.0009768503256798878
2014-04-07,0.0006002765880570568,7.64174191378457e-06,3.424540937990508e-06,0.0,5.925083139781295e-06,7.179586874348971e-07,0.2683063316614021,0.170733437676625,0.05011637818756229,0.0005825672633780655
2014-04-08,0.00010043401308371363,7.011994764853667e-06,7.109805980967869e-06,0.0,1.654346942541152e-05,2.465371711610328e-06,0.45532724178830186,0.4651909452435353,0.05100849769300016,6.730337120087024e-05
2014-04-09,0.0018719926370482632,5.951113238210849e-06,6.64128020633446e-06,0.0,1.7165349813130003e-05,2.7498565964124176e-06,0.3587530868592458,0.4123814707674249,-0.04959443742986124,0.0018394850371941753
2014-04-10,0.0004407037968917216,1.0569998311502224e-05,8.94384411888825e-06,0.0,2.0277627798368232e-05,2.91071305469401e-06,0.6550167320457687,0.46580005573558186,-0.02319973745301185,0.00039800161360826884
2014-04-11,0.001341713604346786,4.6428140581360545e-06,3.334442278992666e-06,0.0,1.0491744609921398e-05,3.5625780564994102e-06,0.2465055365955366,0.5919836887634216,-0.006529424728479116,0.0013196820253432364
2014-04-14,0.001711937618829442,8.73859810655047e-06,1.0655287537633713e-05,0.0,1.5606929427289755e-05,3.164387545892349e-06,0.7482215244494541,0.5831788254512382,0.05156171774132351,0.001673772416212076
2014-04-15,0.0016648191298388188,8.791178349044301e-06,9.748017265563972e-06,0.0,1.9850292637497803e-05,1.3014505886440907e-06,0.568473916364335,0.1686436988922073,-0.05000000000000002,0.0016251281909980687
2014-04-16,-0.000634406668855432,1.5372218360065472e-06,1.8725261860146126e-06,0.0,1.4591832298539538e-06,6.052673224547476e-07,0.13510549638926073,0.051684910172397604,-0.05000000000000001,-0.0006398808674297618
2014-04-17,-9.222835427754583e-05,7.51861589761679e-07,1.7279486666377404e-06,0.0,3.057502415725235e-06,1.1130512288836818e-06,0.12756839722663138,0.13687205918750706,-0.05012054726495149,-9.887871817855417e-05
2014-04-21,-0.001130258526253312,7.095518413642365e-07,5.989451406263e-07,0.0,5.480829413790622e-07,1.1124354946707323e-06,0.045141780764779926,0.13676277943459378,-0.050126383670089224,-0.0011332275416713524
2014-04-22,0.0019682294179758234,8.987744065669272e-07,1.3563362586169731e-06,0.0,3.3562750429880998e-06,0.0,0.13973147535336355,0.0,0.0,0.0019626180322676514
2014-04-23,0.0,1.4924068022456885e-06,2.4015536830592853e-06,0.0,2.5788222432594514e-06,1.1129720601640034e-06,0.1369793061075526,0.1369793061075526,-0.04999999999999998,-7.585754788728428e-06
2014-04-24,-0.00070356585319099,9.62038034256104e-07,9.136271088994367e-07,0.0,9.019347951889753e-07,1.1129720601640038e-06,0.05555409304387139,0.13646574741653744,-0.05051355869101522,-0.0007074564251894986
2014-04-25,0.00011635704400922675,2.9632617860647643e-06,2.4462121382636904e-06,0.0,5.096656676865923e-06,4.850563585549599e-07,0.2251509932596537,0.1105444023746429,0.02905493413740963,0.00010536585704947741
2014-04-28,8.698521051834526e-05,7.487001693508557e-06,6.026344797379424e-06,0.0,1.4979712662201257e-05,1.7646422379656718e-06,0.4200475921773622,0.34645989597823296,0.05,5.672750912729035e-05
2014-04-29,0.0013785929106027732,1.2777666011854634e-05,6.977477656235111e-06,0.0,2.045295102297956e-05,1.973578169191009e-06,0.42642834532931095,0.38305667419394407,0.051495541769854554,0.0013364112377425128
2014-04-30,0.00020051367669461642,1.5831526274709692e-05,1.0913594399143257e-05,0.0,1.840614614236561e-05,4.0342449004124475e-06,0.6964222978967565,0.6284813924541636,-0.04927175081512755,0.00015132816497798543
2014-05-01,-0.00037014440289644216,1.2436023843320678e-05,7.624619171811182e-06,0.0,1.0457167173902581e-05,2.140832537397567e-06,0.3805764915269663,0.3105439679525148,-0.04911589833027641,-0.00040280304562287416
2014-05-02,0.0012644824924113265,5.629500928483751e-06,4.547795757116191e-06,0.0,5.763029730357885e-06,6.440045414394431e-07,0.3197010655900392,0.11869133974890253,0.01049857678707608,0.0012478981614539293
2014-05-05,-0.0006594785486750814,2.777632818079825e-06,2.5476180035120883e-06,0.0,4.509474379036844e-06,1.0241909304751035e-06,0.11908457987198406,0.12167810285931482,-0.050385973460502546,-0.0006703374648061853
2014-05-06,0.0005169669841574889,3.334601583056841e-06,1.591943649551316e-06,0.0,5.114065107736629e-06,8.419843514619272e-07,0.18466726347247786,0.17463760581570037,0.03318423477009659,0.0005060843894656822
2014-05-07,0.0004088190287475807,6.732976522507474e-07,1.3241731950569185e-06,0.0,1.4851749865125474e-06,1.1357475790855038e-06,0.05019508099798043,0.17461214963939747,-0.016193443646967176,0.00040420063533467497
2014-05-08,0.00012965000083605362,7.656255726298689e-06,6.009210873980487e-06,0.0,2.5304515676119072e-05,2.5445251676349303e-06,0.3764356908766771,0.4062318450794146,-0.021248383083253636,8.813549339202045e-05
2014-05-09,0.0005187981152314791,6.791284401023633e-06,4.558337872297215e-06,0.0,2.0327801183258327e-05,9.301907382304003e-07,0.37990619298092193,0.20660045185903023,0.050328407836322975,0.0004861905010366695
2014-05-12,-0.00013914225198355802,3.4172775893601667e-06,2.477127919014066e-06,0.0,3.089082986073266e-06,9.523809523809521e-07,0.17583921281996093,0.2101248959200666,0.05012489592006661,-0.00014907812143038647
2014-05-13,0.000554714215996524,4.505272203182525e-06,4.8769759419294145e-06,0.0,7.80586774534765e-06,1.0714285714285712e-06,0.22711981590266642,0.12999999999999995,-0.04999999999999999,0.0005364546715346359
2014-05-14,-0.0002710178739648917,1.3877375460463068e-06,7.184173071441046e-07,0.0,1.8039804973595666e-06,8.624297791501349e-07,0.06079078659821517,0.11244410144861135,-0.03244410144861136,-0.0002757904390945918
2014-05-15,0.0006895460824385866,4.148719119616619e-06,2.9100480764240035e-06,0.0,5.0734164321972264e-06,7.228636910165805e-07,0.24155305174121283,0.1722024851318236,0.05076138504103808,0.0006766910351193322
2014-05-16,2.1218846009793917e-05,1.6914596234057696e-06,1.980562559303547e-06,0.0,1.4420857715352597e-06,1.4863510748887305e-06,0.1278458409087296,0.3003354253770842,0.05062844479577748,1.461838698066061e-05
2014-05-19,-6.499889625306088e-05,5.907305975493812e-06,4.876037041522226e-06,0.0,1.0326066052250977e-05,3.1587007931655646e-06,0.2799527139607554,0.5808128017123382,0.05015106846052342,-8.926700611549346e-05
2014-05-20,0.0003711987460783578,1.254780633032434e-05,1.2288899324619784e-05,0.0,2.2889165325156174e-05,1.7857142857142859e-06,0.8264564815046915,0.25,-0.05,0.0003216871608125432
2014-05-21,-0.0004138045001825663,5.061647081612069e-06,4.1391469325214135e-06,0.0,1.2048793505906962e-05,1.3095238095238098e-06,0.2625883218929792,0.16999999999999998,-0.05,-0.00043636361151213053
2014-05-22,-0.00030642593582944934,5.926961624190628e-06,1.946462145938537e-06,0.0,5.08534832374918e-06,2.025316157961469e-06,0.14400267889400928,0.2901464116698223,-0.05010670286770452,-0.00032141002408128916
2014-05-23,0.003686531877125578,1.067082692450455e-06,8.206247406245886e-07,0.0,7.889874359302207e-07,1.7857142857142855e-06,0.04514731944291211,0.24999999999999997,-0.04999999999999999,0.0036820694679708587
2014-05-27,-0.002288019233031797,1.8692159510457575e-06,1.6135700043599523e-06,0.0,2.235101385236566e-06,1.3095238095238096e-06,0.09831436917005881,0.16889961389961392,-0.051100386100386114,-0.0022950466441819632
2014-05-28,0.000503016696422881,1.1484604270189684e-05,4.826822282844117e-06,0.0,1.2962935546108697e-05,2.2555215796565203e-06,0.27933180603127106,0.3289276253822955,-0.04999999999999999,0.00047148681274408196
2014-05-29,-0.0005156740132709871,5.914296749480046e-06,3.756655595833151e-06,0.0,8.024902852247925e-06,1.4523809523809526e-06,0.19602829873594277,0.194,-0.04999999999999999,-0.0005348222494209291
2014-05-30,0.0010767550717120666,2.5296651636342727e-06,2.4285834193217014e-06,0.0,2.7711145135839e-06,0.0,0.19505784320875044,0.0,0.0,0.0010690257086155266
2014-06-02,0.0,0.0,0.0,0.0,0.0,0.0,0.0,0.0,0.0,0.0
2014-06-03,0.0,0.0,0.0,0.0,0.0,0.0,0.0,0.0,0.0,0.0
2014-06-04,0.0,0.0,0.0,0.0,0.0,0.0,0.0,0.0,0.0,0.0
2014-06-05,0.0,3.3468522520376604e-07,4.4653999556104785e-07,0.0,2.121442872240821e-07,1.8727446219090206e-07,0.01573105482403577,0.01573105482403577,-0.01573105482403577,-1.1806439701797978e-06
2014-06-06,-0.00012029439158990858,6.678763499557631e-07,1.037938778499494e-06,0.0,7.018612249332205e-07,5.952380952380953e-07,0.042943616917938326,0.05,-0.05,-0.00012329730603853517
2014-06-09,7.787179829819411e-06,8.519705980203255e-07,5.427035527381948e-07,0.0,4.691626079792293e-07,5.952380952380954e-07,0.03449674320304667,0.05000000000000001,-0.05000000000000001,5.328104975843567e-06
2014-06-10,0.00013610067209086362,4.774627255804143e-07,6.836992993051343e-07,0.0,6.921806665654667e-07,5.952380952380953e-07,0.05048728871515286,0.05,-0.05,0.0001336520913041745
2014-06-11,0.00017554691690336338,1.4734249989570051e-06,2.595435780160513e-07,0.0,1.5690510242887547e-06,0.0,0.09982445308309665,0.049999999999999996,0.049999999999999996,0.00017224489730210157
2014-06-12,0.0005222153876870367,4.90385767522284e-06,5.564931883072472e-06,0.0,1.0427688027291302e-05,2.1428571428571427e-06,0.37133431650108495,0.41000000000000003,0.05,0.000499176052958593
2014-06-13,0.0007629393335999769,4.003932733782376e-06,5.212327321974214e-06,0.0,5.187104485975956e-06,4.0476190476190474e-06,0.3445210503945535,0.7302268333496692,0.05022683334966921,0.0007444883500106253
2014-06-16,-0.001092289318564741,2.9503793345416983e-06,3.4948292620382986e-06,0.0,4.002524398894901e-06,2.8571428571428573e-06,0.25338001220204104,0.5299999999999999,0.05000000000000002,-0.0011055941944173586
2014-06-17,0.0003705006909454433,1.3127487547921675e-05,8.789807771240598e-06,0.0,2.183172409049134e-05,7.142857142857143e-07,0.519365451265289,0.16999999999999996,0.04999999999999997,0.00032603738582150397
2014-06-18,0.0010714211913628014,9.107917221516535e-06,3.901850266711803e-06,0.0,1.1198487483039799e-05,2.795526123071205e-07,0.19374083249507956,0.023482419433798127,-0.023482419433798127,0.0010469333837792262
2014-06-19,-0.0002396843848137728,2.5326309859384744e-07,3.035258289722452e-08,0.0,4.5357543393018806e-08,2.5749026210216404e-07,0.003936837072168513,0.021629182016581774,-0.021629182016581774,-0.00024027084830075904
2014-06-20,-6.275479093510836e-05,5.226550315536783e-06,3.779941221675128e-06,0.0,1.0663876223776066e-05,1.4047619047619048e-06,0.3000901063348212,0.286,0.05,-8.382992060085824e-05
2014-06-23,-0.0016337675420431458,3.774532475323371e-06,4.433896112338613e-06,0.0,9.841039812005215e-06,0.0,0.28430341150786614,0.0,0.0,-0.001651817010442813
2014-06-24,0.0,0.0,0.0,0.0,0.0,0.0,0.0,0.0,0.0,0.0
2014-06-25,0.0,2.936972948847634e-06,3.114709388623788e-06,0.0,1.0759028245683361e-05,1.2621385097662836e-06,0.19355413618451248,0.19355413618451248,-0.018485133456223143,-1.8072849092921068e-05
2014-06-26,-0.0008054929427012024,1.3139272950193804e-06,1.551309626226274e-06,0.0,1.429897896489848e-06,1.5153847041418847e-06,0.09159120477486626,0.20934473501855674,-0.045239895277279875,-0.0008113034622230798
2014-06-27,-0.001418536705997906,2.2170118079927076e-06,2.527192508424671e-06,0.0,5.184504973719329e-06,6.960084631162176e-07,0.16028022374460404,0.06736450802418886,-0.049564913779335695,-0.001429161423751159
2014-06-30,-0.0004939191173590793,1.4947585933319424e-06,3.7049284845186427e-07,0.0,6.2072562081707096e-06,0.0,0.0678495329033244,0.0,0.0,-0.0005019916250090338
2014-07-01,0.0,6.205968648808278e-06,9.479549837357184e-06,0.0,1.3951569940602895e-05,4.166666666666667e-06,0.65,0.65,-0.04999999999999999,-3.3803755093435025e-05
2014-07-02,-0.0008714543392855287,5.171536660348186e-06,6.63335572247672e-06,0.0,8.694044397786922e-06,2.023052886248613e-06,0.4378266271040404,0.28993644244488354,-0.049936442444883516,-0.0008939763289523892
2014-07-07,-0.00026929997668145953,1.0487476467054445e-06,1.7311676836983514e-06,0.0,2.0543822437502665e-06,1.3093699758052231e-06,0.1201999115237809,0.16998707796763873,-0.04998707796763874,-0.0002754436442314188
2014-07-08,-0.0002745738824187353,4.2253366410345795e-06,3.86356693478565e-06,0.0,1.0840220250984161e-05,1.0950034512163528e-06,0.3557407593386399,0.2338854826323421,0.04992490282799486,-0.00029459800969675607
2014-07-09,-0.0009912442060702029,2.356257929077734e-06,1.9766443573745628e-06,0.0,3.6551331205657344e-06,7.142857142857143e-07,0.1470937650938545,0.16983689748604283,0.04983689748604282,-0.0009999465271915066
2014-07-10,-0.0004262739415295934,4.436038806069891e-06,2.4552086317516074e-06,0.0,3.1461039230860503e-06,9.874893377978316e-07,0.17683933059395718,0.21563402436267703,0.04973581561264133,-0.00043729878222829876
2014-07-11,-0.000614169281370861,4.751547639061317e-06,5.9246305217483494e-06,0.0,5.9819697441040334e-06,2.5730695098613573e-06,0.35195209499452096,0.39408805913444195,-0.0381876185222661,-0.0006334004987856361
2014-07-14,-0.0009373796546207737,7.0301669160120625e-06,4.4337616550312734e-06,0.0,9.422474324654241e-06,2.274324137359156e-06,0.2658092215444833,0.3303670463369382,-0.05171940873939998,-0.0009605403816538305
2014-07-15,0.00040247223818264225,1.3412636428377012e-05,4.415060916025891e-06,0.0,1.4853934835282323e-05,2.057823129251701e-06,0.31513477395338685,0.39571428571428574,0.04999999999999999,0.0003677327828737053
2014-07-16,-0.0004747929454766359,7.75955947018693e-06,5.16489127222109e-06,0.0,8.40171286887957e-06,1.0119047619047619e-06,0.2808846167272074,0.21978688524590162,0.04978688524590165,-0.0004971310138498282
2014-07-17,-0.00041762400460719186,9.137216511037512e-06,8.748087420142461e-06,0.0,1.668372757288891e-05,2.354085291157679e-06,0.5318032796830268,0.44572554327153646,0.05023921435704637,-0.0004545471214024184
2014-07-18,0.0017945072821762519,1.406481206448839e-05,9.24604686210665e-06,0.0,1.7182787145313244e-05,5.054467622092783e-06,0.5222558769107908,0.8994246247210078,0.05027406420942021,0.0017489591684822507
2014-07-21,-0.00022633223502463364,1.2434151649489993e-05,8.196419905407395e-06,0.0,1.027222067109922e-05,3.2822683418220316e-06,0.5960192906606332,0.60161643799638,0.05019535657027879,-0.00026051729559245225
2014-07-22,-0.003261434509472467,1.2980089097724088e-05,1.223963222810132e-05,0.0,1.791495520020924e-05,3.1370707518299473e-06,0.789271423335404,0.47655567332229937,-0.0504722129851318,-0.0033077062567503316
2014-07-23,-0.0009668050483529412,1.2489071818006137e-05,4.95207286413996e-06,0.0,1.5024937648940981e-05,3.5521254465094264e-06,0.426272198559263,0.6467483125013984,0.04999123748781481,-0.0010028232561305377
2014-07-24,0.005503581969141011,2.1754885157468876e-05,1.1663457789072577e-05,0.0,2.7135161929519097e-05,2.619047619047619e-06,0.5931204436202739,0.39,-0.05000000000000007,0.005440409416645903
2014-07-25,-4.292586006686739e-06,9.319137828907956e-06,7.275587848379858e-06,0.0,1.3141131811978121e-05,1.666666666666667e-06,0.5313728495858849,0.33000000000000007,0.05000000000000001,-3.5695110162619345e-05
2014-07-28,-7.017490942398541e-05,7.2609239354830285e-06,5.6902792488582685e-06,0.0,1.210568183541004e-05,1.7619047619047625e-06,0.3258398247260903,0.346,0.05,-9.699369920564152e-05
2014-07-29,0.0002778359011591139,5.533996812242392e-06,3.2516186557426954e-06,0.0,5.013380822566648e-06,2.023809523809524e-06,0.17260224321253376,0.39002815220940373,0.050028152209403744,0.0002620130953447526
2014-07-30,-0.0011681881742804994,1.0137308876017279e-05,7.3837660954351165e-06,0.0,9.318128723205809e-06,1.309543559661003e-06,0.5118947335809494,0.2700957449584721,0.05009242693542357,-0.0011963369215348186
2014-07-31,-0.001417680998393556,6.16750882219648e-06,5.756227149342564e-06,0.0,1.6429164037757297e-05,2.7728001259084008e-06,0.38933048801667564,0.48538182917368444,0.019551408021073136,-0.0014488066985287606
2014-08-01,0.0018742944313636647,1.0869188973909641e-05,1.010477796840348e-05,0.0,2.387336022924545e-05,6.409729556106898e-06,0.7617237459749229,1.1272542403016854,0.05041967487572657,0.0018230373746359993
2014-08-04,-0.0003429376570995144,1.7277261095670645e-05,1.3450539756080002e-05,0.0,4.285867288861997e-05,8.177274473143183e-06,0.8110059196357717,1.3239269515604741,-0.04985515992758016,-0.00042470140531302824
2014-08-05,-0.0008011914098450831,1.04299730523773e-05,9.726100950949173e-06,0.0,2.0306145064866144e-05,5.536549319298905e-06,0.6176353466899084,0.8801984940242389,-0.04994179161797718,-0.0008471901782325747
2014-08-06,0.0005640947189206222,6.5253721764264465e-06,3.4455984460996176e-06,0.0,1.4443314113492413e-05,5.777082423694328e-06,0.23279147801043118,0.9221166721645715,-0.04843317501607547,0.0005339033517609093
2014-08-07,0.0016489579421155429,2.073722541865142e-05,1.7971331006105386e-05,0.0,3.1370274600875214e-05,2e-06,1.1584004022705168,0.386,0.05000000000000002,0.001576879111089911
2014-08-08,0.0007593050490739897,7.813694324970897e-06,6.760299508896352e-06,0.0,1.1976898408426417e-05,1.7155239373824373e-06,0.3681981260018506,0.23904874780136798,-0.04915927367888158,0.0007310386328943136
2014-08-11,0.00033928889257711214,3.127642338931836e-06,2.5977788739532965e-06,0.0,8.841902951194477e-06,1.527760993503793e-06,0.17563676985184656,0.20666384690863726,-0.04999999999999999,0.00032319380741952875
2014-08-12,-0.0003366983492824765,1.0428018736738305e-05,8.455506393944694e-06,0.0,1.0297477020319382e-05,3.428571428571428e-06,0.6225143210882973,0.5259999999999999,-0.04999999999999999,-0.0003693079228620503
2014-08-13,0.0005769302666219011,8.835937873386513e-06,6.746054836642514e-06,0.0,8.794581934284624e-06,1.8333333333333335e-06,0.3965622156153418,0.258,-0.04999999999999999,0.0005507203586442541
2014-08-14,-0.0002225163570930962,3.749383247977757e-06,4.613736796512206e-06,0.0,6.590824437022224e-06,7.895367917327289e-07,0.31078126096478575,0.08264218101109845,-0.04999999999999999,-0.0002382598383663411
2014-08-15,-0.0002582572110796802,8.53505102151456e-06,2.213331866159784e-06,0.0,6.2202000551690755e-06,1.571391431521757e-06,0.13186131820664007,0.21371833714471733,-0.05027542335093794,-0.00027679718545404536
2014-08-18,0.0009415162785698894,5.774195751127798e-06,4.073392795223078e-06,0.0,9.221116752957434e-06,2.2379941837877273e-06,0.24952007976951632,0.32599151143816907,-0.049991511438169094,0.0009202095790867933
2014-08-19,0.0001251360669003785,4.615334479955928e-06,2.7542788573016436e-06,0.0,3.838220271141087e-06,1.7357430507275046e-06,0.15268085561029496,0.24160483252222076,-0.04999999999999999,0.00011219249024125234
2014-08-20,6.004232159403748e-06,6.967126293299658e-06,4.4205861031726174e-06,0.0,7.017053554380822e-06,2.650691571539695e-06,0.26442294135108557,0.3953161840186686,-0.050000000000000114,-1.5051225362989048e-05
2014-08-21,0.0003981220585315886,5.606846595333632e-06,3.5194459968659736e-06,0.0,7.414062432693857e-06,1.964773092040059e-06,0.23180738026623998,0.28008187946273,-0.05000000000000002,0.0003796169304146551
2014-08-22,0.00011601209853363482,5.697964777915176e-07,4.5424553155749943e-07,0.0,8.432779024764504e-08,1.964303816309614e-06,0.02542647523854649,0.27988248576373975,-0.05012055537627545,0.00011293942491772855
2014-08-25,-0.0005121505198155133,1.213128114265765e-06,2.1397223186829426e-06,0.0,3.068392366055293e-06,1.0713529869621553e-06,0.15079064862522437,0.129993650904821,-0.04999365090482104,-0.0005196431156014794
2014-08-26,-3.935255104990299e-05,4.4150150714711445e-06,3.023653455452546e-06,0.0,3.5600804867157024e-06,4.5050903759828677e-07,0.2556706118430503,0.12568551831651217,0.05000000000000001,-5.080180910114067e-05
2014-08-27,0.00013767200474726685,2.567640414954027e-06,3.113296820916263e-06,0.0,2.5222052809251746e-06,6.315723661057465e-07,0.14011543621109476,0.05610415750576541,-0.05000000000000001,0.00012883728986436564
2014-08-28,-0.000335587375936978,2.0021497117762454e-06,2.1320785526973835e-07,0.0,2.390729107870358e-06,0.0,0.05643638951508956,0.0,0.0,-0.00034019346261189435
2014-08-29,0.0,0.0,0.0,0.0,0.0,0.0,0.0,0.0,0.0,0.0
2014-09-02,0.0,0.0,0.0,0.0,0.0,0.0,0.0,0.0,0.0,0.0
2014-09-03,0.0,0.0,0.0,0.0,0.0,0.0,0.0,0.0,0.0,0.0
2014-09-04,0.0,1.6376580730686277e-06,2.4383132502460267e-06,0.0,4.32033350478526e-06,9.523809523809522e-07,0.21,0.21,0.05000000000000002,-9.348685780480867e-06
2014-09-05,0.00040413679781391214,3.7529003688241797e-06,4.969099218961984e-06,0.0,2.6213473141928778e-05,3.002185231634553e-06,0.3216381840246079,0.5324094397370267,0.028042320822421835,0.00036619913985256263
2014-09-08,0.0005994061101044317,5.522880258094966e-06,8.257937608749144e-06,0.0,2.8918860426630457e-05,1.5087748648998198e-06,0.5395308674421145,0.20347417730316975,-0.04999999999999999,0.0005551976569460573
2014-09-09,0.001023873102558472,3.6236834137922464e-06,3.299785523171288e-06,0.0,7.1621268023630096e-06,1.5476190476190474e-06,0.2120778655087925,0.20997600466271057,-0.050023995337289434,0.0010082398877715264
2014-09-10,-0.0005520851759224179,6.6376147126797835e-06,4.636178455196286e-06,0.0,1.2957138450533812e-05,9.523809523809523e-07,0.382098313885773,0.21,0.04999999999999999,-0.0005772684884932088
2014-09-11,0.0005613491789305683,3.1981180332894693e-06,2.8761645575443645e-06,0.0,5.309718378136008e-06,1.6666666666666665e-06,0.1565437102324317,0.2914799685707999,0.011479968570799928,0.0005482985112949319
2014-09-12,-0.0021581204715544486,8.988990155296832e-06,8.219500622693832e-06,0.0,1.7958415073219945e-05,3.1410256410256416e-06,0.5127412735671664,0.5048208076037212,-0.022871500088586544,-0.002196428403046685
2014-09-15,-0.0004267456355577579,8.179519095834436e-06,4.129319976810229e-06,0.0,2.9949454847864986e-06,3.815396730829763e-06,0.2498665256929004,0.6906874904260739,0.049700839646673545,-0.00044586481684601886
2014-09-16,0.0007050868772424167,4.6456669922786204e-06,4.35452070593606e-06,0.0,4.328981379448698e-06,2.384382392460025e-06,0.3165512474618005,0.4484479773717335,0.04787173543844933,0.0006893733257722933
2014-09-17,-0.0009845175680989002,9.511473126122869e-06,6.681129527333585e-06,0.0,1.85093390496628e-05,1.913031267552893e-06,0.362442278182994,0.30958702479122613,-0.011802228157659828,-0.0010211325410695723
2014-09-18,-0.0005264987411421547,1.3055461114894924e-05,1.014352315300251e-05,0.0,2.1915187062521583e-05,2.9523809523809525e-06,0.6876066830820824,0.446,-0.04999999999999999,-0.0005745652934249547
2014-09-19,-0.0006850200111450845,6.620183512754476e-06,8.216178475816783e-06,0.0,1.3007698736425622e-05,6.269046697509157e-06,0.605812114124511,1.0034187920054287,-0.04978105317610987,-0.0007191331185675905
2014-09-22,-0.0021124001459888156,1.0317610913492826e-05,7.468489713227408e-06,0.0,2.9190088017562484e-05,5.806718515698651e-06,0.5093791308030422,0.9265446854074175,-0.048984025229955874,-0.0021651830531487968
2014-09-23,-0.0006657890085501841,1.3403021111945635e-05,1.0664927447000426e-05,0.0,1.838733141606578e-05,1.4501352213675427e-06,0.7730643232198968,0.2936227171897472,0.050000000000000044,-0.0007096944237465634
2014-09-24,0.00033241227955031993,7.874440239870378e-06,6.873260099748753e-06,0.0,9.859618284289904e-06,1.4152199777308054e-06,0.41409915225246535,0.28806978670638717,0.05031283044761183,0.0003063897409486801
2014-09-25,0.00063019670016572,2.700940724865603e-05,1.9487950910549133e-05,0.0,4.366544323714287e-05,7.646525981819134e-06,1.4103611470578463,1.335726963582847,0.05111059863723266,0.0005323873727875528
2014-09-26,5.682905439662126e-05,8.934908756607906e-06,9.224504341564624e-06,0.0,1.3920853775909118e-05,6.3224546600205595e-06,0.5360567192275942,1.0337285674681325,-0.028443815415321594,1.8426332862519052e-05
2014-09-29,-0.0005449823355320668,1.6912026872468457e-05,1.3112192945006178e-05,0.0,1.5185418608431116e-05,2.2002460208460633e-06,0.8401112212810262,0.4209388738176554,0.0512975423155167,-0.0005923922199788187
2014-09-30,-0.0005609561892791019,2.0165786601173426e-05,1.4134639570131365e-05,0.0,4.6711751792660284e-05,3.6203631035160597e-06,0.9124917855816244,0.6591387058524323,0.050917704461734214,-0.000645588730346583
2014-10-01,-0.0022736203937500483,2.1441471092563403e-05,1.1638649740198286e-05,0.0,3.388705208238441e-05,1.1841898744714432e-06,0.687946657521937,0.24894389891120242,0.04999999999999996,-0.002341771756539666
2014-10-02,0.00031813478278438465,8.780028469146302e-06,8.14081798194182e-06,0.0,1.4353075525732086e-05,3.100012687083504e-06,0.4912675299934359,0.5708021314300287,0.04999999999999999,0.00028376084812048094
2014-10-03,0.00117537503015916,2.183279023412515e-05,1.0335167762748922e-05,0.0,2.5074173953464498e-05,4.308316948090642e-06,0.6748315140610459,0.7521928159852616,0.028395568706033616,0.001113824581260731
2014-10-06,-9.166453592469707e-05,3.181002170507987e-05,2.1295883163407144e-05,0.0,5.955410254668596e-05,7.480248680479366e-06,1.2931390566431578,1.206430398204545,-0.050251380115988564,-0.0002118047920203494
2014-10-07,-0.0017265688918947626,2.538906959485623e-05,1.1896475959062953e-05,0.0,4.2386575683335546e-05,8.416273417998373e-06,0.7923447117586956,1.4671208337032224,0.053186899479496175,-0.0018146572865500158
2014-10-08,0.003506610718594698,2.4349142890627892e-05,2.35292760718558e-05,0.0,4.473723364760334e-05,3.917732876091526e-06,1.478042399501983,0.7081997640717721,0.05002064088839579,0.003410077333108519
2014-10-09,-0.0010272390242095865,1.084871570347582e-05,1.1721816864990577e-05,0.0,1.794998126474508e-05,3.4671476109403814e-06,0.8426506566601962,0.6319159019100387,0.04943510327205458,-0.0010712266856537384
2014-10-10,-0.0013480535359693421,1.3061132300836088e-05,1.1243079303575732e-05,0.0,2.1208472234870793e-05,4.794167140094604e-06,0.7996525829764004,0.8553829215214621,0.04996284198556855,-0.0013983603869487193
2014-10-13,-0.0017737590185412878,1.0298772548293516e-05,8.145447707368824e-06,0.0,1.3249166549951212e-05,3.003976059068515e-06,0.5247227232077039,0.5542142713755807,0.04954629345207012,-0.00180845638140597
2014-10-14,0.001471851422636828,1.565706827252931e-05,1.34666719200219e-05,0.0,4.671366414183965e-05,4.841220802430719e-06,0.8683795913873084,0.8646416335510324,0.0513165387426717,0.0013911727975000066
2014-10-15,-0.005720764614170415,2.1056486825292728e-05,1.538648787099012e-05,0.0,3.390600436054893e-05,7.0220196987832e-06,1.0692522776186681,1.2313392551331073,0.051639945737529724,-0.00579813561292603
2014-10-16,0.008217921543261359,1.650624698082009e-05,9.488926317686879e-06,0.0,3.168059702252419e-05,6.709431727183815e-06,0.5476043250496303,1.1835708417327735,0.056386311565892244,0.008153536341213144
2014-10-17,0.006021581077279907,3.321836321903187e-05,2.7066155155669682e-05,0.0,5.435926708900828e-05,1.3575991216244707e-05,1.8658965182069098,2.331351355368132,0.050584831039021005,0.005893361300599953
2014-10-20,-0.005176033086002062,2.9176670638444578e-05,2.4290165119048076e-05,0.0,3.767085787640929e-05,6.1210716717041715e-06,1.5338038026149583,1.0784647131754372,0.05012467232913642,-0.005273291851307669
2014-10-21,-0.001806103099847246,9.15899265328254e-06,8.191124455892635e-06,0.0,1.1230041355476705e-05,5.366767207317774e-06,0.45649018796463786,0.8745282287708425,-0.027088662058543822,-0.0018400500255192156
2014-10-22,0.0013654942447603054,1.0965309527829024e-05,7.2863984575429515e-06,0.0,1.3453952302867649e-05,6.009100285044816e-06,0.5533909655019831,1.062322165434071,0.05279331754654193,0.001327779484187021
2014-10-23,0.0005055509254426108,1.4936058744158035e-05,1.2334616485267014e-05,0.0,2.0473379571101545e-05,3.1224521819998947e-06,0.7628301780076722,0.5757367500195056,0.051164783443523376,0.0004546844184600843
2014-10-24,-0.0006030913500543132,6.502258265667232e-06,7.134333571033387e-06,0.0,5.644871826730846e-06,8.249740719803691e-07,0.4602734782501521,0.18941865121792728,0.05082300712522528,-0.000623197787789725
2014-10-27,-0.0006984021318190263,4.639608694173235e-06,4.363041332179625e-06,0.0,4.7124097657277476e-06,9.431743706138438e-07,0.23261497142671905,0.13614961434518535,-0.02230367991794037,-0.0007130603659817207
2014-10-28,-0.0003507025244770946,1.9070354711901597e-06,2.3568152414664705e-06,0.0,3.241169082188175e-06,1.144103473892621e-06,0.13437482223999747,0.14266411465936657,-0.04954526895459376,-0.00035935164774583207
2014-10-29,-0.00011872081438536766,3.979084030926412e-06,1.1460135034739478e-06,0.0,6.0194512979964576e-06,1.04029634639211e-06,0.1618031364675961,0.2253671162405015,0.050597330046627066,-0.00013090565956415658
2014-10-30,-6.120944732042094e-05,3.909382290075891e-06,3.4871589009715606e-06,0.0,2.839026859717331e-06,1.7059870278607495e-06,0.11965314826805581,0.2364268819637454,-0.05017893871686054,-7.315100239904647e-05
2014-10-31,-0.00018430416463334964,3.175796686164538e-06,3.044729898340076e-06,0.0,3.876551707870907e-06,7.997964327158527e-07,0.20389526764946142,0.08416586018386098,-0.050199940512402286,-0.000195201039358441
2014-11-03,-0.00010155799889155751,1.4956748868107027e-06,1.9882560212038746e-06,0.0,1.8920486344193345e-06,1.1154633007632512e-06,0.1377722440447696,0.13754637155274665,-0.049851462975479544,-0.00010804944173475467
2014-11-04,-0.0009549078356984773,1.9778985868168183e-06,1.719866516604399e-06,0.0,2.0537275386175383e-06,1.3834775855561024e-06,0.12496713212437346,0.1819200798656242,-0.050504154507800963,-0.0009620428059260722
2014-11-05,-0.00037237244927786376,3.1803078152295755e-06,2.5985292035325003e-06,0.0,3.4959494916304207e-06,1.4685596310984498e-06,0.18078003195694442,0.21711303763272413,-0.029604980391815396,-0.0003831157954193547
2014-11-06,0.0006673110082652295,1.980648594999433e-06,1.2165218785396859e-06,0.0,3.051154894357114e-06,9.992467213809216e-07,0.09798545878980737,0.16602916899409062,-0.0018442801979042245,0.0006600634361759524
2014-11-07,0.0005167988780857597,2.250365021220766e-06,2.2642824224758886e-06,0.0,2.0675404502293554e-06,5.717594983274938e-07,0.14988176339381323,0.08374361043184142,-0.012311985287177503,0.0005096449306935062
2014-11-10,0.00045716100193454593,1.774767069236282e-06,1.2763250492705687e-06,0.0,1.5189431420919253e-06,2.803628988775134e-07,0.09526551501289919,0.052272999783710555,0.005172032772288303,0.00045231060377506964
2014-11-11,-2.7213701408759025e-05,7.288537766744167e-07,2.7270114791739315e-07,0.0,6.241150401335762e-07,2.5397542203653377e-07,0.04720593010001349,0.08545858870333332,0.04279071780119564,-2.9093346795520944e-05
2014-11-12,0.0001497770511042751,4.283333043681087e-06,3.906481411101823e-06,0.0,3.274278830653521e-06,1.2347671872849068e-06,0.21433819812303567,0.15745238430798536,-0.049988503155878994,0.00013707819063155376
2014-11-13,0.00017456750295892875,1.0409967187684035e-06,1.0213986172687498e-06,0.0,8.472518539468078e-07,9.228113357806658e-07,0.06214193414859897,0.10502103133159849,-0.05001127307955337,0.0001707350444331641
2014-11-14,-2.3329980535876438e-05,3.650637612326944e-06,1.3951968026251226e-06,0.0,2.9229939057699047e-06,7.712859319606869e-07,0.06769371957322826,0.0922923981901142,-0.03728363837928119,-3.20700947885591e-05
2014-11-17,-0.00034402192835024316,3.056084463068641e-07,4.585293381176223e-07,0.0,2.648620473918964e-07,8.852788104421185e-07,0.02032232266149383,0.0988131074233849,-0.04991373273089102,-0.0003459362069925017
2014-11-18,-0.00017562731489563418,2.2965778766734123e-06,1.4824782653857687e-06,0.0,1.602116952980285e-06,1.041147526144554e-06,0.11318640182906065,0.13938490425558792,-0.03552788013669715,-0.0001820496355168182
2014-11-19,0.00011916931654246158,1.1437083087943983e-06,1.6459609373198946e-06,0.0,1.946625022724445e-06,9.599703177159117e-07,0.10994646397500304,0.12472078662995528,-0.036554226746317905,0.00011347305195590693
2014-11-20,8.538284901525953e-05,1.2093238293261748e-06,7.015999901597969e-07,0.0,1.435253721796679e-06,5.753656184426724e-07,0.11668938986518079,0.14674877267457515,0.05008734877620616,8.146130585553422e-05
2014-11-21,0.0007202486924340475,1.8274416185887672e-06,1.4352938236989042e-06,0.0,2.1486796214018104e-06,2.0859135728890387e-07,0.08869363630184691,0.08504957450356344,0.05000622647902759,0.0007146286860130692
2014-11-24,-4.931473825142361e-05,8.69184829219267e-07,1.6397904887458144e-06,0.0,1.5219330911809117e-06,9.100729295926492e-08,0.08092950366366201,0.019862267564894946,0.004573042347738443,-5.343665395352887e-05
2014-11-25,5.388273204284306e-06,2.437634342146412e-07,5.829987216626799e-07,0.0,1.6526424631385248e-07,3.2102180664045303e-07,0.031544262378740785,0.04529205951923693,-0.008639603996359185,4.0752249954526795e-06
2014-11-26,0.00012751117800111376,8.552047985541305e-07,9.661204786028724e-07,0.0,5.650903429611757e-07,1.454515552987964e-07,0.06126335967240017,0.01570430780225399,-0.008731553487943803,0.00012497931082569678
2014-12-01,0.0003661117599763232,2.2696926931408274e-06,9.160555288512906e-07,0.0,1.6957404667001724e-06,4.363346093454563e-07,0.0992773641605007,0.11455219754118968,0.04124798317115304,0.0003607939366782855
2014-12-02,0.00033364126393418774,1.1014413457727076e-06,1.0514324937742447e-06,0.0,7.687528702324488e-07,7.90777217069063e-07,0.07053926725209347,0.18239402305555144,0.049543450587948845,0.00032992886000733927
2014-12-03,-0.0005800944708823375,2.8357650786426106e-06,1.780623985836894e-06,0.0,2.6670011107959556e-06,7.614613550816305e-07,0.11293956834749962,0.17805378912725756,0.05012828147354364,-0.0005881393224126946
2014-12-04,1.4032593094435433e-05,4.691370621003211e-06,2.524028527554362e-06,0.0,4.141436562695043e-06,7.632328571080816e-07,0.13988847364532522,0.1781777845187579,0.04995466452460019,1.9125245260747364e-06
2014-12-05,0.0002962498820266662,3.6059748074613505e-06,2.7513443772287524e-06,0.0,2.6841588845694475e-06,1.456407740252262e-06,0.16796935422472506,0.2945842719291648,0.0499077715667848,0.0002857519962171544
2014-12-08,6.148502183997357e-05,2.9443221320156724e-06,2.6261325481791475e-06,0.0,3.1464503047591656e-06,1.448165891186413e-06,0.15075049104394259,0.2679623276706865,0.024670457951369157,5.1319950963833166e-05
2014-12-09,-0.00152260064474573,2.7153157425601245e-06,3.091806593897473e-06,0.0,2.02820145352207e-06,1.031885673993335e-06,0.17647442794503496,0.13655162712278388,-0.03680516610809639,-0.0015314678542097029
2014-12-10,0.0012172960489464741,2.229736041576052e-06,3.3363110563084546e-07,0.0,1.425814180158824e-06,7.396358306384761e-07,0.09452491346100583,0.17580235077363543,0.051543531226371425,0.00121256723178847
2014-12-11,0.000272291330906906,5.966236035034718e-06,5.789739955216562e-06,0.0,5.58827341358331e-06,1.47014383646639e-06,0.40804544134356163,0.2949246518006884,0.04794048727433489,0.00025347693766660504
2014-12-12,-0.0011614164152843342,4.256424872367226e-06,3.5101892457645977e-06,0.0,4.360166158035709e-06,2.349837566586212e-06,0.24602249670382503,0.44484618625781436,0.050073475071330725,-0.001175893033127088
2014-12-15,0.001020356166951476,4.6089648087598534e-06,3.1103784962694317e-06,0.0,6.683724514738449e-06,2.100538912219479e-06,0.20592568580548667,0.40279040564436264,0.049899868391490104,0.0010038525602194886
2014-12-16,-0.0002817812342038703,4.9444306696016354e-06,5.0620330737333035e-06,0.0,3.900085194293415e-06,3.3971093835348853e-07,0.32052468159057945,0.10707143764338606,0.04999999999999999,-0.00029602749407985215
2014-12-17,0.0010416773072446665,3.6032832912115307e-06,2.300216060796944e-06,0.0,2.966986775846601e-06,2.737286735122091e-07,0.1269743083264368,0.09660044457219268,0.050614027422141536,0.0010325330924432993
2014-12-18,0.0013505858727059256,6.371149470668516e-06,6.3745702258689955e-06,0.0,5.693316292055414e-06,2.080821825550738e-06,0.3100427148642868,0.300426825634971,-0.04915124105755325,0.001330066014891782
2014-12-19,-8.135289635211256e-05,1.1377459756051368e-05,1.1540298699441988e-05,0.0,1.1717745565131408e-05,4.593470906066238e-06,0.853940170615076,0.7217031122191282,-0.04999999999999999,-0.00012058187127880356
2014-12-22,0.0013085412799797853,4.80449164708124e-06,4.764844914431539e-06,0.0,3.3679669043751827e-06,2.8161185131745393e-06,0.31356567209355535,0.42359959295990707,-0.04950831725341559,0.0012927878580007229
2014-12-23,0.0004715958797533858,3.643775991385923e-06,4.034921308676839e-06,0.0,4.960454252989069e-06,1.3526213496929492e-06,0.26924619973182795,0.17724038674841544,-0.04999999999999999,0.00045760410685064104
2014-12-26,-0.000776405598718867,1.7820173432976194e-06,2.068378421603511e-06,0.0,1.3979591471715893e-06,0.0,0.17721880061616857,0.0,0.0,-0.0007816539536309397
2014-12-29,0.0,1.2283155155389393e-06,2.0859138649093887e-06,0.0,8.685304866041254e-07,9.795343035109128e-07,0.11456176298983338,0.11456176298983338,-0.05,-5.162294170563366e-06
2014-12-30,8.820191638668887e-05,1.2283155155389393e-06,1.1598993951094332e-06,0.0,8.625817673764084e-07,0.0,0.11377179308516061,0.0,0.0,8.495111970866409e-05
2014-12-31,0.0,0.0,0.0,0.0,0.0,0.0,0.0,0.0,0.0,0.0
2015-01-02,0.0,0.0,0.0,0.0,0.0,0.0,0.0,0.0,0.0,0.0
2015-01-05,0.0,4.411255417907086e-07,6.766954567083482e-08,0.0,4.40651637924865e-07,0.0,0.026026748334936463,0.026026748334936463,0.026026748334936463,-9.494467253864084e-07
2015-01-06,-0.00010638907540599205,1.358224016378243e-06,5.206685953162429e-07,0.0,1.0584823732647192e-06,0.0,0.05505111546929102,0.05000000000000001,0.05000000000000001,-0.00010932645039095126
2015-01-07,0.0008559716426554481,1.6061650784579108e-06,1.4761179952909464e-06,0.0,1.9305463564360386e-06,5.248781307705644e-07,0.09820694026874435,0.138800124540882,0.05062059857142716,0.0008504339350944927
2015-01-08,1.0047108342682779e-05,2.713034419841645e-06,3.898696846593338e-06,0.0,3.883147199628503e-06,1.174596309531013e-06,0.18656033191156615,0.1477846362007877,-0.049547543800422505,-1.622366432911721e-06
2015-01-09,0.00014343666202337944,9.541659316059628e-06,7.052539321553445e-06,0.0,1.3556936635372877e-05,3.871328247384514e-06,0.5622231870752991,0.671274656240211,0.020891510679612535,0.00010941419850300897
2015-01-12,-0.0006655576594027113,7.0714992056763486e-06,7.579130921223336e-06,0.0,9.834991034603219e-06,1.2287485102531366e-06,0.4724000254968056,0.2139110748010187,0.007481325078491738,-0.0006912720290744673
2015-01-13,0.000177518364136335,3.969439853768544e-06,3.1630370595087757e-06,0.0,3.165136315516938e-06,2.986827303412076e-07,0.24198602909775646,0.10057873384570243,0.050400035148379554,0.00016692206817719955
2015-01-14,-0.0004218016718446213,2.99480061787776e-06,2.938499542672295e-06,0.0,7.463613634177095e-06,1.0490173156531268e-06,0.1866775523937574,0.22649994256033795,0.05026503353061263,-0.0004362476029550016
2015-01-15,-0.00039568984128098884,3.799690190570033e-06,3.188035782292489e-06,0.0,3.389046635770461e-06,3.3371839375780697e-07,0.22514964890680866,0.10606469015131159,0.04999999999999999,-0.00040640033228337964
2015-01-16,-0.00010532494568453645,4.091424250875888e-06,4.224280450571113e-06,0.0,6.647369287657506e-06,1.5149048739095439e-06,0.27335683094310687,0.3052569026564928,0.05075288383968958,-0.00012180292454755051
2015-01-20,0.0006730726229020967,7.617577679512771e-06,4.581844609078824e-06,0.0,8.535147009667313e-06,1.4019978819226035e-06,0.31794099360218653,0.28577729168033694,0.05024164751733957,0.0006509360557219152
2015-01-21,0.0006307284807891299,5.930914453970391e-06,5.1959981167370265e-06,0.0,5.7492983670168075e-06,6.022400289451046e-07,0.2823847629792438,0.09555315838376974,-0.005623166479007857,0.0006132500298224606
2015-01-22,-0.00021585201985528936,2.0478124209802508e-06,1.278299351311432e-06,0.0,2.3057488419781374e-06,6.049921494567223e-07,0.06769485231454753,0.08934634764273838,-0.012292333465990964,-0.0002220888726190159
2015-01-23,0.00032079474950175244,5.191608957506487e-06,4.114631981927966e-06,0.0,9.688139344637213e-06,1.8644970643012162e-06,0.3414735789678116,0.36321508842613814,0.0499795816235338,0.00029993587215337955
2015-01-26,0.0009268750170789849,4.519525152782011e-06,5.800515561583231e-06,0.0,8.075287369222587e-06,2.3897774635409848e-06,0.2926197314840076,0.3519517971750633,-0.04953081669982217,0.0009060899115318561
2015-01-27,0.0006064701960185921,6.413640212799497e-06,4.282770202495061e-06,0.0,7.713236711714883e-06,1.3451086425342915e-06,0.2946734357949581,0.20320945036116111,-0.02276880158459984,0.0005867154402490484
2015-01-28,-0.0013437010463101138,6.188076406436027e-06,4.30008242508061e-06,0.0,9.27940024239716e-06,1.3774194458125386e-06,0.22181060437503303,0.18010069473062712,-0.051305772165879365,-0.00136484602482984
2015-01-29,-0.00020144092674856105,3.135701477575548e-06,2.6287342245260273e-06,0.0,5.583155378502745e-06,1.5801201416243173e-06,0.1786553684788285,0.21487435303324517,-0.05058583075964015,-0.00021436863797078969
2015-01-30,-0.0004228303199462789,4.593086364885459e-06,2.9936353942689557e-06,0.0,3.607232738808231e-06,1.9012225180515863e-06,0.23679491425225915,0.29491291865829805,-0.02449246437436846,-0.00043592549696229313
2015-02-02,-0.0008821608164313472,6.916929435209076e-06,4.684444807753742e-06,0.0,8.356256859334447e-06,2.238503716470123e-06,0.282373299259714,0.3269232519158205,-0.049145372451160144,-0.0009043569512501146
2015-02-03,0.0016215632239663803,6.816698653714281e-06,5.176554796560558e-06,0.0,9.306682642583584e-06,2.389635358571053e-06,0.3243607033286106,0.3528091136681555,-0.04864962657178125,0.0015978736525149508
2015-02-04,-0.0006217282967127694,4.743312639320921e-06,3.4430775562598888e-06,0.0,5.5661783714827696e-06,2.2113612406132105e-06,0.234647606033337,0.32106769076620195,-0.05044099765681738,-0.0006376922265204462
2015-02-05,-0.001970153738493165,6.658904682673663e-06,2.7353551665754673e-06,0.0,5.383367839589704e-06,2.7949097019139994e-06,0.20179540145750247,0.41938696895357164,-0.05015786096798047,-0.001987726275883918
2015-02-06,0.0011571326916201027,7.527710793526687e-06,7.754829670081912e-06,0.0,1.1003934138441782e-05,2.0325754349820414e-06,0.49581905285569783,0.2909483362118459,-0.05052433686513705,0.0011288136415830703
2015-02-09,-8.355048197410404e-05,5.389494350266485e-06,4.5259968863963355e-06,0.0,5.963458985648282e-06,1.683375157039176e-06,0.3072280430236255,0.23270382957046165,-0.0501031968121199,-0.00010111280735345432
2015-02-10,-0.0003709392938281135,8.915838104867586e-06,4.494893864805755e-06,0.0,1.2239345255585251e-05,1.0199125418776473e-06,0.32929333721631004,0.22134530703544475,0.05,-0.00039760928359524976
2015-02-11,-2.0145795278105808e-05,1.1632689147256206e-06,1.4599439511572333e-06,0.0,1.4908070771265706e-06,4.350934097474668e-07,0.09830159007972478,0.12292721843229899,0.04983152559472455,-2.46949086308627e-05
2015-02-12,0.00033262416347150863,1.321952292935588e-06,2.8466038277202194e-06,0.0,2.652234622248576e-06,1.4095215357694639e-06,0.11975885680824086,0.18671258889113077,-0.05008702911813922,0.00032439385119283477
2015-02-13,-0.0004318759465751781,1.8503460014157405e-06,2.472257664493765e-06,0.0,2.6930433810036253e-06,1.7601713723515085e-07,0.2003830025757856,0.01478543952775267,-0.01478543952775267,-0.00043906761075932643
2015-02-17,-9.265501072746178e-05,5.925112321688815e-07,9.687544414538612e-07,0.0,1.6084838220573003e-07,5.95529246811137e-07,0.035857743465191466,0.05002445673213551,-0.05002445673213551,-9.497265403010138e-05
2015-02-18,-0.00017563562181051732,8.45936868994953e-07,3.2155696242031857e-07,0.0,4.417035794141515e-07,1.4324061885424776e-07,0.055346018287395354,0.01608764364319639,-0.007976780324317234,-0.000177388059840201
2015-02-19,5.6634888392320185e-05,8.651781828139568e-07,1.7272068709449242e-06,0.0,1.275363378090203e-06,8.502139078684636e-07,0.09290568918926312,0.09286503678217797,-0.04997089973972389,5.191692605260264e-05
2015-02-20,3.123606205513906e-05,1.26794150750852e-06,9.927790764288023e-07,0.0,1.8878324654711863e-06,1.1905704084234973e-06,0.07383518144727053,0.15016381231389303,-0.04985201630125452,2.5896938597307055e-05
2015-02-23,-0.00048471638709926063,9.260672779408235e-07,8.420936529000999e-07,0.0,9.160109318538166e-07,1.4441924593669056e-06,0.05942920622480427,0.1926899446227132,-0.04993438855092692,-0.0004888447514213223
2015-02-24,0.0002794586635328809,5.227756564968757e-07,3.4061461380502835e-07,0.0,3.622892125541002e-07,1.361169735195094e-06,0.021390110814313395,0.17918242036540477,-0.049494095147371034,0.0002768718143148298
2015-02-25,0.0004564359351353814,2.0573390633020843e-06,2.184972401861196e-06,0.0,2.1368404836962183e-06,3.097883727264129e-08,0.1850938075288196,0.010769632960140486,0.00556518829833675,0.00045002580434924926
2015-02-26,-5.470444808988483e-05,5.8257735297307555e-08,2.0524951898163632e-07,0.0,2.3622725333286578e-08,0.0,0.010804714317650425,0.0,0.0,-5.499157806949706e-05
2015-02-27,0.0,8.792474843953295e-07,9.690671822140386e-07,0.0,5.972105211109609e-07,3.402841936370584e-07,0.09050514773736348,0.09050514773736348,0.03333740320633766,-2.785809381357387e-06
2015-03-02,-0.00018827027471731689,2.5543801255011215e-06,3.3353615819378037e-06,0.0,2.1485595123171365e-06,9.355080246862173e-07,0.17640139080566186,0.10716534814728451,-0.049999999999999996,-0.00019724408396175916
2015-03-03,0.00016913769238615956,2.2122188189791696e-07,1.405564742573717e-07,0.0,2.64501858374757e-07,6.243314428245815e-07,0.030571972463960588,0.08101622492432328,-0.023871457470206428,0.00016788708072880493
2015-03-04,0.00010371051618983844,2.1394280076915468e-06,1.5078966184355206e-06,0.0,3.1431033511236588e-06,5.662755968981883e-07,0.09748064258472926,0.08325985804918672,-0.011874442229708921,9.635381261568953e-05
2015-03-05,0.00030334163076524683,2.7851231943699297e-06,1.8596931618393877e-06,0.0,3.641086438029921e-06,3.315183562168801e-07,0.16845189205574146,0.1056147748352696,0.04991969099083375,0.0002947242096147907
2015-03-06,-0.000937664936800313,1.9942253359567805e-06,1.7577466222206869e-06,0.0,2.096520496639955e-06,6.693787047788533e-07,0.1130377783925525,0.16243856373782806,0.04998294133498072,-0.0009441828079599093
2015-03-09,0.0006127508036841704,2.435383930369938e-06,2.790525320385754e-06,0.0,2.3686741392688124e-06,3.0387982423703237e-07,0.15659236024256665,0.05724655485471187,0.006194744382890437,0.0006048523404699089
2015-03-10,0.0001530604189542328,2.8762945611418945e-06,1.7481766795382878e-06,0.0,5.712700165205126e-06,6.133997464567366e-07,0.15816849121917592,0.14463998350291637,0.04158882609818464,0.00014210984780189075
2015-03-11,9.946081082803713e-05,2.026433250205535e-06,2.481043065622633e-06,0.0,3.6816120892331125e-06,9.309931077204467e-07,0.11281470160378054,0.12814598568366944,-0.028260856413365593,9.034072931525541e-05
2015-03-12,0.0005404234671791228,2.5918613803298132e-06,2.35526736804223e-06,0.0,4.637061622022964e-06,5.741293002850373e-07,0.1494503173940595,0.07019069533290526,-0.026263027114981,0.0005302651475084428
2015-03-13,-0.00010276215486616952,3.6398704362801722e-06,2.7770638272781464e-06,0.0,2.130602262184069e-06,1.0520822791171062e-06,0.13557339563466136,0.12857472282290094,-0.048175100068772854,-0.00011236177367102902
2015-03-16,-0.000610759109384034,2.960560154059194e-06,2.41811228529314e-06,0.0,3.481599436780531e-06,1.5035103896448284e-06,0.15366736169666367,0.20226768378593327,-0.05032206167439786,-0.0006211228916498116
2015-03-17,8.656511548382202e-05,4.5600374656049605e-06,1.5618446988445039e-06,0.0,5.191984177378558e-06,8.770603140089508e-07,0.184507110780888,0.1970910986734652,0.04974496591996147,7.437418882798504e-05
2015-03-18,0.0013328927578014408,3.3737642059761037e-06,3.3106169402451857e-06,0.0,5.09238689597534e-06,4.320578883157546e-07,0.24543394433659518,0.12263900076229431,0.05005327552524754,0.0013206839318709283
2015-03-19,-0.0003113737673255828,2.5169862029859886e-06,2.7951098969071075e-06,0.0,3.710196259891366e-06,9.762933089724116e-07,0.17476503884262123,0.2099351451848645,0.045917869277499364,-0.00032137235299433965
2015-03-20,0.00043627283039001947,9.970450658700742e-06,1.1765490049049642e-05,0.0,1.6409276264472082e-05,4.032829167940307e-06,0.7630851121872011,0.6275153002139715,-0.049999999999999906,0.0003940947842498567
2015-03-23,0.000578693856438948,5.863017100205755e-06,4.2293196679765856e-06,0.0,1.0912525762954757e-05,2.3167501165284303e-06,0.3649654826863225,0.43946895503800626,0.050254935461229944,0.0005553722437912825
2015-03-24,0.0010089118042829284,4.645754991179652e-06,4.782081405487096e-06,0.0,9.160315322516545e-06,1.5163616863437846e-06,0.2785940046229504,0.2655229814856973,0.010774218179941536,0.0009888072908774013
2015-03-25,-2.9016729179934045e-06,3.5482880076998726e-06,3.759707521105964e-06,0.0,5.252367619627116e-06,6.913956863453328e-08,0.27751327188678404,0.061615447530601594,0.05,-1.5531175635060892e-05
2015-03-26,-9.5601711181227e-05,9.783164557623516e-07,1.5863400880542536e-06,0.0,1.4924305907561718e-06,3.466039213491729e-07,0.11086383739092506,0.10822945878666107,0.05000000000000002,-0.00010000540223714895
2015-03-27,0.0003716161211145728,6.532738277029274e-07,9.091824265226046e-07,0.0,1.0394893870344187e-06,1.8126847969780233e-07,0.06063536169988486,0.08051311928410232,0.050060014694871535,0.00036883290699361507
2015-03-30,0.0007864295576416261,1.8385265814444228e-06,3.425272175126323e-06,0.0,2.5413415057819184e-06,7.773340442208918e-07,0.21813370398034304,0.13680475173550047,0.0062126323063906586,0.0007778470833350525
2015-03-31,-0.0003253605049905432,6.636639450029573e-06,3.6289480621952345e-06,0.0,5.954724701320502e-06,1.7943203184766313e-06,0.19470975603850943,0.28801240210078105,-0.013433411403293002,-0.00034337513752256515
2015-04-01,-6.371191280606312e-05,4.945370517643273e-06,5.41945617159667e-06,0.0,5.579709232739754e-06,2.3764021681559532e-06,0.33015160993053777,0.3625069234168786,-0.036728640833321405,-8.203285089619877e-05
2015-04-02,-0.0001359675627414295,6.623500864305788e-06,4.208509093546443e-06,0.0,8.290179938434172e-06,9.567553806569164e-07,0.33038865705302106,0.21017009010466847,0.049435186154306504,-0.00015604650801837283
2015-04-06,0.00017342716821756185,3.152688273853154e-06,4.291224199310391e-06,0.0,3.452145014556969e-06,1.1979107278074946e-06,0.27008679210601416,0.19063138974119767,-0.010617612530461396,0.00016133320000203384
2015-04-07,0.0002980706912546713,3.843602780375185e-06,1.47999155473301e-06,0.0,6.318638074950836e-06,8.411609888517552e-07,0.15433764466808791,0.19131504612709488,0.05000000000000003,0.0002855872978557605
2015-04-08,0.00010099358358087349,2.7434521160617652e-06,3.5560989712629947e-06,0.0,4.7404021761285625e-06,4.711615073319786e-07,0.2442281420543837,0.1291551332317724,0.05,8.948246881008818e-05
2015-04-09,-0.0006326245864665873,3.0445005226629373e-06,3.720875344053026e-06,0.0,6.7155245720743256e-06,6.57081108567343e-07,0.16812074507612954,0.07189225504605176,-0.03849737119326185,-0.000646762568013945
2015-04-10,0.0002852858291416803,1.7474305623921217e-06,5.964897094557328e-07,0.0,4.199512896954446e-06,0.0,0.07183458770470905,0.0,0.0,0.00027874239597287803
2015-04-13,0.0,1.2099113569007168e-06,2.653463958310603e-06,0.0,9.749207990244347e-07,1.2307389516246693e-06,0.1567641438729444,0.1567641438729444,-0.05000000000000001,-6.069035065860424e-06
2015-04-14,0.0007891822526229473,9.051592328287321e-10,5.113086103383762e-10,0.0,0.0,1.2307389516246693e-06,0.0001966571578224524,0.1577499832833898,-0.049014160589554615,0.0007879500972034795
2015-04-15,0.0003854163375944643,1.2447822742032568e-06,1.5997497219724162e-06,0.0,2.0190384531322838e-06,8.224838926381089e-07,0.10906328657927723,0.08817729396320227,-0.05,0.0003797302832525182
2015-04-16,-0.00016079421690566248,1.5782074711659982e-06,1.5877226604494654e-06,0.0,4.305370013341273e-06,1.2226389107931382e-06,0.14210581223677532,0.192266606453681,-0.013136730559566198,-0.00016948815596141235
2015-04-17,-9.08853797339257e-06,1.8795762282653188e-06,2.7188723602459907e-06,0.0,6.909915024175058e-06,1.78084320871401e-06,0.1544804282819971,0.24902682168819296,-0.05015483737576075,-2.2377744794792944e-05
2015-04-20,-0.0006927137951951575,5.034299278196096e-06,4.927895960277209e-06,0.0,1.0837964916051943e-05,9.835472723588956e-07,0.3249164559541172,0.11523594175629445,-0.05000000000000002,-0.0007144975026220417
2015-04-21,0.0008769931619238173,3.1427273967139173e-06,1.6029975910029875e-06,0.0,3.828623618143656e-06,1.332103845794698e-06,0.10518414804854605,0.1744295856645917,-0.04936386042891754,0.000867086709472162
2015-04-22,-0.000303155425498434,4.2233956763316855e-06,3.3685921046654197e-06,0.0,5.672792342731762e-06,1.0938942614445977e-06,0.23158760573134934,0.13370244265283013,-0.05007179326986226,-0.0003175140998836075
2015-04-23,-0.0004264123236737838,2.896794581905937e-06,1.2699590935141215e-06,0.0,4.403394722076206e-06,9.936205402867112e-07,0.12475042733958161,0.17205690872610024,0.005128657957932742,-0.00043597609261156677
2015-04-24,0.0006997298045459305,1.7297933967143271e-06,2.1746548233602777e-06,0.0,6.570799796495997e-07,1.8387001561264646e-06,0.11246467119092421,0.2593863212873426,-0.049515304941903454,0.0006933295761900798
2015-04-27,-0.0006814791772049507,7.963295938573389e-06,2.8443778780247315e-06,0.0,1.163229546627886e-05,2.1561879917832666e-06,0.25269743716360804,0.4120656353918424,0.049826052772253576,-0.0007060753344796109
2015-04-28,0.0013867611816136421,9.676247019719663e-06,7.146145139963386e-06,0.0,1.2684619370713259e-05,1.0238550318299037e-06,0.39940050680764694,0.2220293599397145,0.05002171459229067,0.0013562303150514159
2015-04-29,-0.0004273677808122356,1.0853379717432344e-05,8.223461254664181e-06,0.0,1.1078198343278367e-05,2.241261510631737e-06,0.3952725398392245,0.32630762384483675,-0.050224309941295106,-0.00045976408163824227
2015-04-30,0.00019207871097401484,8.14679208174498e-06,8.780803912645806e-06,0.0,1.6178697765630394e-05,5.068287335234309e-06,0.6542088981551789,0.901605923770582,0.05013365145121834,0.00015390412987875934
2015-05-01,0.0026729443537938996,6.694351693356237e-06,6.2546909653884685e-06,0.0,1.1671693241511785e-05,6.444898618315582e-06,0.41444346606582827,1.1326415161733343,0.04989854829631668,0.0026418787192753275
2015-05-04,5.432025512132688e-05,1.6263424370552645e-05,1.460738145708631e-05,0.0,2.61818226813367e-05,1.9761095297212174e-06,1.070723469999555,0.3820108169218113,0.05002441592864681,-4.7084829173699955e-06
2015-05-05,0.0002900307650271159,7.46332221255166e-06,8.483166357760864e-06,0.0,2.5793784570702546e-05,1.565075000132389e-06,0.6188043749050794,0.3129326000222414,0.05,0.00024672541688596845
2015-05-06,0.000695742415891274,1.325360483951084e-05,1.4745216216729322e-05,0.0,2.9078447368777716e-05,4.4600404201449826e-06,0.8509907867507329,0.6992867905843569,-0.04999999999999988,0.0006342051070461111
2015-05-07,0.001569342505572703,1.1407585695244572e-05,6.123170852276502e-06,0.0,2.526803993947715e-05,3.500468527691213e-06,0.39532762541255667,0.5376304888321195,-0.050448223820004245,0.0015230432405580136
2015-05-08,0.0010535210260585444,1.1240010832257364e-05,6.940456364323563e-06,0.0,1.6843927327446143e-05,1.7301992259277626e-06,0.5066656460047108,0.24028592139807123,-0.05038754855779286,0.0010167664323085896
2015-05-11,0.0010559552504815918,5.477531415235014e-06,3.3958054104948444e-06,0.0,6.341774260265823e-06,1.698026287798411e-06,0.21100582847672555,0.2359845800775192,-0.04928383627261383,0.0010390421131077977
2015-05-12,-0.00033969325651224977,6.120656780459832e-06,2.7040836670240327e-06,0.0,1.1531299787768002e-05,3.6582206747499994e-07,0.2099939760332732,0.11180741138759802,0.05034930405179802,-0.0003604151188149766
2015-05-13,-0.00030964801064681274,3.5083337166144473e-06,3.526464863929586e-06,0.0,5.77300774564365e-06,1.0125182854623633e-06,0.14653576660135717,0.13513298896556514,-0.034970082992111934,-0.0003234683352584628
2015-05-14,-0.0006250867703909048,3.7321871604689137e-06,2.606888085505736e-06,0.0,5.412663747876841e-06,7.859007622851627e-07,0.14829632075370186,0.08203132806390731,-0.05000000000000002,-0.0006376244101470415
2015-05-15,-0.00017217824097694816,2.5709705238263416e-06,1.2370917640971546e-06,0.0,2.0768167717649365e-06,5.951543872558311e-07,0.07711854655809579,0.04999296852948981,-0.04999296852948981,-0.00017865827442389243
2015-05-18,7.919113618186098e-05,6.351621677854816e-06,6.126861376542394e-06,0.0,8.425767285756373e-06,2.9578400277043103e-06,0.45540936913021185,0.4469171246543241,-0.04999999999999999,5.532904581400308e-05
2015-05-19,-0.00013547102625567604,4.177510312305439e-06,5.728040608575259e-06,0.0,6.537795604504554e-06,5.728599129480416e-07,0.41018457805551767,0.07651224900412157,-0.01972821637114942,-0.00015248723269400933
2015-05-20,0.0012036424092316037,2.382050469611346e-06,3.094693553212787e-06,0.0,4.4417221429937994e-06,1.898736960341393e-06,0.20466209699962495,0.26898780933735406,-0.04999999999999996,0.0011918252061054444
2015-05-21,-0.0009180222798785016,3.6634014496170915e-06,3.6421509938218155e-06,0.0,7.889778806105023e-06,0.0,0.2687841826235476,0.0,0.0,-0.0009332176111280455
2015-05-22,0.0,0.0,0.0,0.0,0.0,0.0,0.0,0.0,0.0,0.0
2015-05-26,0.0,2.6690149497691063e-07,1.253563358572668e-07,0.0,3.574639260890424e-07,0.0,0.048213975329717995,0.048213975329717995,0.048213975329717995,-7.497217569232199e-07
2015-05-27,0.00041689362957719636,2.0853865820722005e-06,3.423966392654372e-06,0.0,5.852731266816283e-06,1.4877513296440529e-06,0.15139510587010463,0.20002597482939982,-0.049916248550801026,0.00040404379400600947
2015-05-28,6.720183726394422e-05,2.539426983901727e-06,3.5060987595593522e-06,0.0,6.968390955989179e-06,2.0329223519180113e-06,0.25021464310463176,0.2917099712105642,-0.049820983911661745,5.2154998212575955e-05
2015-05-29,-0.00020069931707639957,2.6903121549272086e-06,2.897510692720732e-06,0.0,6.71402404163928e-06,8.36861824632725e-07,0.29347895506448474,0.19031355715617748,0.04972077061787965,-0.00021383802579031953
2015-06-01,4.302265641036313e-05,1.8807982321175457e-06,2.2048983081729176e-06,0.0,2.7467323780338413e-06,3.3775253204381007e-07,0.14993409539501718,0.10635894566384034,0.049616520280480254,3.585247495999502e-05
2015-06-02,4.081597599260908e-05,1.5620796757260624e-06,2.630835359799321e-06,0.0,5.275103435940385e-06,7.500364413261321e-07,0.127824679880013,0.10531780500582938,-0.020688317136960822,3.059792107981718e-05
2015-06-03,0.00031611551038837366,3.845477523178296e-06,5.22136185609185e-06,0.0,1.0816560256313769e-05,1.806807812325385e-06,0.35875434509425286,0.2535437124706647,-0.05,0.00029442530294046434
2015-06-04,0.0012335640642963754,3.654073533049581e-06,4.525820910735967e-06,0.0,9.421025381367452e-06,1.3362951114707745e-06,0.39245884223685223,0.2747933820954078,0.05029580336831771,0.0012146268493597517
2015-06-05,-0.0012935638165191042,3.906473918003846e-06,3.595901485556834e-06,0.0,8.456213171337522e-06,1.60492297289418e-06,0.2398396003336622,0.31909133262656225,0.04946427318034002,-0.0013111273280668966
2015-06-08,-0.00023816647608406252,2.4644936583193466e-06,2.41395831714031e-06,0.0,4.314725800065708e-06,1.1165260843056575e-06,0.15906799940293664,0.23746833175231558,0.0498919495889651,-0.0002484761799438935
2015-06-09,-0.0005060324089629632,1.6510979897622563e-06,2.1363265504908363e-06,0.0,3.100113830290481e-06,1.0666863671007612e-06,0.148623601820036,0.2285859897234019,0.049382680050474054,-0.0005139866337006075
2015-06-10,-0.0001074179892703099,2.4925149886099984e-06,2.21792764709802e-06,0.0,2.1703447806360917e-06,4.1038786357342785e-07,0.15751286263763642,0.11926236049982838,0.0503171994194925,-0.00011470916455022744
2015-06-11,-0.0008589954880861947,1.0683090366712136e-06,2.168677247161178e-06,0.0,1.822184464611675e-06,1.0129229598283273e-07,0.11832469759702764,0.01991967080499455,0.002902565079878657,-0.0008641559511306217
2015-06-12,-4.810204733919003e-05,4.336139180973417e-07,3.8030074183755933e-07,0.0,3.522448541814438e-07,0.0,0.01974073503860014,0.0,0.0,-4.926820685330638e-05
2015-06-15,0.0,1.2126394935980803e-06,1.0116938131680822e-07,0.0,3.424527367861758e-07,0.0,0.0389113005064647,0.0389113005064647,0.0389113005064647,-1.6562616117010645e-06
2015-06-16,0.00022174553897507418,1.0676075079430695e-06,2.3262105788853666e-06,0.0,1.9015572367443052e-06,9.38806847280816e-07,0.08905091589759669,0.10780168049102017,-0.04991786985215692,0.00021551135680422063
2015-06-17,-0.0005142022775342363,1.864336552265611e-06,1.4028706563147505e-06,0.0,1.6011231122209623e-06,3.942793580134022e-07,0.0994790993540254,0.03311946607312578,-0.03311946607312578,-0.000519464887213051
2015-06-18,-0.0004692440459326354,1.3344402890122536e-06,9.174436782591226e-07,0.0,1.63719808854917e-06,6.720563733665964e-07,0.07332164248887305,0.08566563586535039,-0.02723983486023783,-0.00047380518436182257
2015-06-19,0.00012627587315361952,4.48679903634442e-06,3.3000136260633905e-06,0.0,7.658952953601325e-06,7.796476909633108e-07,0.26611930894535296,0.1809808120818362,0.05000000000000001,0.00011005045984664708
2015-06-22,0.0008744600266230578,6.650607929726261e-06,4.106877147876165e-06,0.0,9.41031593159839e-06,1.3881623142207658e-06,0.2193639629568077,0.2835762162888143,0.050364947499725615,0.0008529040632996362
2015-06-23,0.0010675358055868339,4.108754513286279e-06,3.6892418281314492e-06,0.0,4.800258602292009e-06,1.5765090215833989e-06,0.24218752110902064,0.31485351562601094,0.04999999999999999,0.0010533610416215407
2015-06-24,-0.0014362310098594588,4.850278107930839e-06,6.149483238583924e-06,0.0,9.37681348835961e-06,1.8936375369990766e-06,0.406874719975184,0.3150659510530303,-0.003065155162814595,-0.0014585012222313321
2015-06-25,0.0003119807326625475,7.276954241876289e-06,4.722556749316151e-06,0.0,1.2836745793176378e-05,3.3996051215682734e-07,0.3635047674313935,0.10734040680841639,0.05022704076606941,0.00028680451536602187
2015-06-26,0.0005622655632824806,1.7318865306528307e-06,2.259956927333869e-06,0.0,4.251574354389437e-06,1.218248843347496e-06,0.14890977525537608,0.2554670208651822,0.05080121518280288,0.0005528038966267569
2015-06-29,-0.0011517235461260098,2.3400941606135507e-06,2.2536396481914474e-06,0.0,3.391508986014017e-06,8.234911484812613e-07,0.15780445121251802,0.18921267223050864,0.0508661592856567,-0.0011605322800693101
2015-06-30,0.0005709135425505006,3.3300174837102667e-06,3.5957681550141308e-06,0.0,6.652197915289238e-06,1.0135849151543715e-06,0.264088324709575,0.2203351598377837,0.05005289409184932,0.0005563219740813326
2015-07-01,0.0005111086683978133,5.404570650174339e-06,6.493349743203094e-06,0.0,1.4343244667180602e-05,1.7849250554934808e-06,0.430324871113689,0.3497329989056425,0.04986558958273778,0.00048308257828176174
2015-07-02,2.1267813683454293e-07,3.6777167191640454e-06,5.741092422919268e-06,0.0,9.532968847717195e-06,4.608264853357144e-07,0.34328826288535313,0.04491913215870005,-0.03249971737769996,-1.919992633830168e-05
2015-07-06,-0.00018273419527815976,4.372869587540657e-06,4.213322988041724e-06,0.0,6.736767178115036e-06,1.994097563148065e-06,0.23977660347007926,0.2848432608837503,-0.05016512972512459,-0.00020005125259500524
2015-07-07,-0.001989083722451538,3.88450412178671e-06,2.0444463948680506e-06,0.0,6.059524510918427e-06,2.1127514720048697e-06,0.13810351461876536,0.30411352707650385,-0.05082872022031425,-0.002003184948951116
2015-07-08,-0.0007460720355416318,1.3383154205778323e-05,6.763222509148176e-06,0.0,1.563460330049015e-05,2.1108203640846423e-06,0.5551533336279708,0.4052280700762061,0.050610248909986166,-0.000783963835921133
2015-07-09,-0.0002028690964369284,2.0997514198816263e-05,1.5853560773165126e-05,0.0,2.4268135247581504e-05,7.805517849428472e-06,1.145867011797061,1.3617369498458007,0.050409951141817566,-0.00027179382450591975
2015-07-10,-0.0014966890424690513,1.3303600140576138e-05,6.9427065590347896e-06,0.0,1.9008362964736227e-05,7.685342624645823e-06,0.4627217350630392,1.3412786395558238,0.050141078615325685,-0.0015436290547580444
2015-07-13,0.0026943305867671774,1.9534546277359278e-05,1.646305827508269e-05,0.0,2.5839996235766236e-05,3.4784648692009706e-06,0.8705957322876299,0.536103803905053,-0.04827829412071005,0.002629014521109768
2015-07-14,0.0019656716643260265,2.7603182321893175e-06,2.7924027854440706e-06,0.0,3.1713869104223408e-06,4.343766903459942e-06,0.19892013556069787,0.681369444555477,-0.04838339522579327,0.0019526037894945108
2015-07-15,0.0005363141273328234,1.0438466314303715e-05,5.753932382748328e-06,0.0,4.074671411420444e-06,2.9539483761235503e-06,0.2667128717229078,0.4471454687051581,-0.04911785848359829,0.0005130931088482274
2015-07-16,-0.000925606703792859,5.219331317253816e-06,5.104151651626201e-06,0.0,8.8664919489405e-06,1.6073369219595658e-06,0.34046334560109515,0.2211409381227138,-0.04889166476649329,-0.000946404015632639
2015-07-17,0.0006041557306293842,7.294329013392337e-07,5.481118440325216e-07,0.0,1.1366316803082143e-06,1.7867499229732421e-06,0.03529627214720053,0.2519171433099181,-0.04825684374958658,0.0005999548042807311
2015-07-20,0.0005421382656419973,4.782028537262037e-06,3.620922817926137e-06,0.0,1.1331849786493954e-05,1.173262371024142e-06,0.2551043293645877,0.1505551298058042,-0.04655294852625166,0.000521230202129291
2015-07-21,0.000190142239876468,8.421627049249084e-06,6.7780804196232305e-06,0.0,1.618236571219981e-05,3.0811730280944686e-06,0.5269541103379668,0.5616454963494272,0.04400842762955638,0.0001556789936673014
2015-07-22,-0.00010719986099027672,9.864246221336757e-06,8.03048951311122e-06,0.0,1.6666315949015966e-05,2.447158693197698e-06,0.5013981486431975,0.4609380692253642,0.04981540876815102,-0.00014420807136693835
2015-07-23,-0.00016569121235183282,8.725767415822853e-06,6.489153737991185e-06,0.0,9.657738422842176e-06,3.203465618071012e-06,0.3716505080845264,0.5883866946551229,0.05020447081919291,-0.00019376733754656006
2015-07-24,0.0021472723776918413,5.670620513615268e-06,4.1304020729383424e-06,0.0,6.347017511279004e-06,2.1897258450778623e-06,0.2934525694198008,0.4178739419730808,0.04999999999999999,0.002128934611748931
2015-07-27,0.0004233983222432244,9.11177154429792e-06,1.1458288673074212e-05,0.0,1.3957109232203058e-05,5.91883454932263e-06,0.7783790227559161,1.044060860656839,0.049696656370637304,0.0003829523182443266
2015-07-28,0.0016165336862896936,1.3034091190305741e-05,9.596854063539972e-06,0.0,1.7181138959631823e-05,5.267185004658765e-06,0.6149061382866026,0.8336971824484383,-0.05118989833423443,0.0015714544170715573
2015-07-29,-0.0008581240315476421,2.5798758006566307e-05,1.9375375870362145e-05,0.0,4.8063089135596375e-05,7.104416180910699e-06,1.3708207763379028,1.2428028892425318,0.04926097084953407,-0.0009584656707410776
2015-07-30,0.0004651896175549689,3.179686633460019e-05,2.2341027928067592e-05,0.0,5.716876511305444e-05,3.913256931076442e-06,1.2973166804891527,0.6074109110919652,-0.05001625332887698,0.0003499697012481702
2015-07-31,0.0016754470033500711,9.908174694161983e-06,1.1134358823073085e-05,0.0,2.925448017486195e-05,3.2108789190493353e-06,0.7366406588309398,0.49067342848009776,-0.048754229920190656,0.0016219391107389247
2015-08-03,-0.0005844309529865131,8.9347139143058e-06,7.66829203738707e-06,0.0,1.834639291713518e-05,4.912395516514451e-06,0.5227781529945035,0.7750706331734922,-0.050211813600935684,-0.0006242927473718556
2015-08-04,-0.001766950364349294,9.341455717597354e-06,8.057040529252817e-06,0.0,2.26950832988253e-05,3.4880062736340165e-06,0.5107891393091377,0.5358093593215669,-0.050175694648947916,-0.0018105319501686035
2015-08-05,-0.0003702888115248868,3.67934767036395e-06,3.2380945483080054e-06,0.0,6.1068881531467625e-06,2.5957798932939115e-06,0.22132983733163053,0.3869411748355148,-0.04914984723786227,-0.00038590892178999944
2015-08-06,-0.005126956208401117,1.3908990832357201e-05,7.083602474062562e-06,0.0,2.2378040014717547e-05,1.7257686296285693e-06,0.5018785627770941,0.2390902761809762,-0.05083885359662344,-0.005172052610351883
2015-08-07,-0.0019349651349845546,1.213775994140169e-05,5.5854359840850624e-06,0.0,1.636083190934947e-05,1.8342162507598182e-06,0.3508938101342681,0.3212112488735184,0.013062918745868957,-0.001970883379070151
2015-08-10,0.005682072665669466,1.865299330795715e-05,1.6064749395586887e-05,0.0,4.239784167347386e-05,6.2092905441992615e-06,0.9817839972931237,1.034579308181761,-0.008581503243715205,0.005598747790748249
2015-08-11,-0.004899348715698364,1.5358915803428085e-05,1.1048261735331303e-05,0.0,3.556870323370997e-05,4.929940496235411e-06,0.7848928452461764,0.8773892218915006,0.04915921852395158,-0.004966254536967069
2015-08-12,0.0028076041513924645,1.3771836520117999e-05,1.1266164248714663e-05,0.0,3.0419328780821248e-05,6.8670858877902835e-06,0.5853201685397849,1.1039924152614098,-0.04967801388735782,0.0027452797359550202
2015-08-13,0.005209705691990106,1.205037212572751e-05,9.52524330867771e-06,0.0,3.145489342843873e-05,2.1620853938127254e-06,0.7376057016756945,0.4019387053454819,0.03870835918494403,0.005154513097733449
2015-08-14,-0.0006645002254725863,7.405031404497525e-06,5.427024340982303e-06,0.0,9.853446013902959e-06,2.4260819051108777e-06,0.27499713532121506,0.36206815430131734,-0.0455136057573102,-0.00068961180913708
2015-08-17,-0.0008676423913990983,6.21786079659982e-06,3.163556397371463e-06,0.0,1.1686496492979421e-05,1.7309207261092427e-06,0.2216549068164182,0.24293142074724877,-0.047863261239104005,-0.0008904412258121582
2015-08-18,-0.0007451082175207336,5.186785635910873e-06,3.319187774807115e-06,0.0,7.066868594694262e-06,1.1938726197599688e-06,0.22847033089223426,0.15105243277833885,-0.04951816734133584,-0.0007618749321459058
2015-08-19,-0.0011007690697222624,9.670357256607773e-06,9.900772590921958e-06,0.0,2.5052794666942808e-05,4.9047641304623234e-06,0.7454319175127059,0.7856973398582243,-0.038303034059446295,-0.0011502977583671972
2015-08-20,0.0027384812870473257,1.218034401103668e-05,1.0990919083635048e-05,0.0,2.632883002906868e-05,7.307127632414672e-07,0.7700505575273926,0.17304198249128686,0.050282238266720375,0.002688250481160344
2015-08-21,-0.001767819101398414,7.767705132249084e-06,5.227753053400367e-06,0.0,7.122259608783682e-06,2.7128481028316723e-06,0.3840274111088965,0.5058291786885074,0.050070697412786525,-0.0017906496672956788
2015-08-24,-0.000958482090770892,2.443359617635601e-06,2.0910146435573268e-06,0.0,2.629976005023221e-06,2.9648800950842295e-06,0.14660882563732758,0.5480998559741506,0.04999999999999999,-0.0009686113211321923
2015-08-25,-0.0005854292778626081,7.789715830567245e-06,3.930663206953333e-06,0.0,5.417693340313205e-06,2.828732258136443e-06,0.23268674783020502,0.5252270193669224,0.04999999999999996,-0.0006053960824985783
2015-08-26,-5.952790619551689e-05,6.584828653403499e-06,5.546179623624728e-06,0.0,1.0592675991647132e-05,2.4353963844445877e-06,0.33902911223141463,0.4506773239601526,0.04153073137346186,-8.468698684863683e-05
2015-08-27,-0.0002840011854978872,1.0504657235754342e-05,1.0261690823209588e-05,0.0,1.2329600008578807e-05,2.74017852287633e-06,0.5519922718980222,0.41357747817760365,-0.04677251366561978,-0.00031983731208830627
2015-08-28,0.0002886375372435738,1.0064825888415266e-05,6.179982872965022e-06,0.0,8.593194307271576e-06,2.9710535953823483e-06,0.3615932534171974,0.45109547824356444,-0.04804152578067014,0.0002608284805795396
2015-08-31,-9.324256829431181e-05,1.0630664399217788e-05,7.3408313539957565e-06,0.0,1.79143051654692e-05,3.1743904808281236e-06,0.6183923303220626,0.5844960700800892,0.05119846930096454,-0.00013230275969382268
2015-09-01,-2.501139419260771e-06,2.329454705662257e-05,1.5993976005397545e-05,0.0,3.195785524462332e-05,2.771968339041398e-06,0.9230708053716925,0.5140530275760793,0.04836234661712441,-7.651948606494561e-05
2015-09-02,0.002823853390393595,9.153307668776315e-06,5.7324258707295745e-06,0.0,7.3890777532626685e-06,3.682001254640924e-06,0.25890043466316437,0.5686315256355997,-0.04994468514407546,0.0027978965778461856
2015-09-03,-0.0015618804897220542,9.050027004931973e-06,4.975878058728691e-06,0.0,9.723969497258905e-06,1.9853568694509652e-06,0.35872666851336593,0.28344395569593506,-0.050095998371827,-0.0015876157211524248
2015-09-04,-0.0005323757799848264,6.703979697810876e-06,5.9397812220549455e-06,0.0,1.7926294171801035e-05,2.0780977888801075e-06,0.45136152090302506,0.3142064922158326,-0.034913936316025476,-0.0005650239328653733
2015-09-08,-0.0012844697223971658,5.890821847761063e-06,4.917368572244522e-06,0.0,1.2419144773361935e-05,7.382821598350378e-07,0.38312599120406066,0.17403140285228635,0.05000000000000001,-0.0013084353397503684
2015-09-09,-0.0007970957586017123,1.7071784855675465e-06,1.51691979252946e-06,0.0,2.5826616525937753e-06,6.642682729709142e-07,0.09879881952528269,0.16159706985911357,0.049999999999999996,-0.000803566786805374
2015-09-10,-1.9591528977148104e-05,5.859565619859824e-06,6.036162129059722e-06,0.0,1.0342737176992282e-05,2.110629918500209e-06,0.30008648489009065,0.30460267634771154,-0.049983149960323534,-4.394062382156014e-05
2015-09-11,0.0006102279180418879,6.002910864991797e-06,4.225086591525505e-06,0.0,7.578213485587737e-06,1.2364631807191157e-06,0.26585757004179383,0.1576590247424608,-0.05006678961835066,0.0005911852439190638
2015-09-14,0.00040141708490296215,2.5188013714765208e-06,1.2681968242083253e-06,0.0,1.9812212823785095e-06,7.47920236312085e-07,0.09086528067871431,0.07607616814285417,-0.04957443155757607,0.0003949009451885867
2015-09-15,-0.001327721682980239,4.954298794354023e-06,2.6092515832600875e-07,0.0,6.514427410052155e-06,4.5192477024862887e-07,0.10035583012538798,0.12537703828660132,0.04945367688483166,-0.0013399032591132197
2015-09-16,0.0013033874987859646,2.8052286616667034e-06,2.90406531527999e-06,0.0,5.415070060690943e-06,1.1035113085692663e-06,0.2143399696054073,0.2360980733312434,0.05070817349160664,0.0012911596234397578
2015-09-17,-6.7264065149002e-05,1.105248440645239e-05,8.184329912544296e-06,0.0,1.6572033414428983e-05,2.382593710224385e-06,0.4349065610827427,0.3502757433176966,-0.050000000000000044,-0.00010545550659265205
2015-09-18,0.0006322122881128643,8.237914975470838e-06,7.038437102703576e-06,0.0,8.099784266674677e-06,1.4446571872134118e-06,0.40785529518900643,0.1922439571558555,-0.05045845029599767,0.0006073914945808019
2015-09-21,0.0005476092523554514,6.587702329950638e-06,3.953562126847404e-06,0.0,6.468907710754907e-06,1.673040311014929e-06,0.25174049987091407,0.23068598891691927,-0.050384783333588784,0.0005289260398768836
2015-09-22,0.001851406847913594,7.106658649595548e-06,3.7846273385954193e-06,0.0,8.530672636408533e-06,1.6426793652445087e-06,0.24935076258503092,0.22814412136326062,-0.0478260119978169,0.00183034220992375
2015-09-23,0.001978882921355897,5.238562659224791e-06,2.6060388841693877e-06,0.0,7.460285492826603e-06,1.2618431861244652e-06,0.15587082287284207,0.1644858580141442,-0.04750379725476593,0.0019623161911335517
2015-09-24,0.0002252283528696322,5.5855408550101794e-06,3.109218190024798e-06,0.0,7.319175433027417e-06,5.720227548713354e-07,0.2611470663937671,0.1460791364274948,0.049979313609110454,0.00020864239563669846
2015-09-25,-0.00027369353446716306,1.1616717272854832e-06,8.398450823200549e-07,0.0,2.0484446196642804e-06,2.877303554152759e-07,0.06241284301560879,0.09831324801730407,0.049974548307537704,-0.00027803122625184813
2015-09-28,-0.0012376894554918794,2.428954893861114e-06,2.374618226821708e-06,0.0,2.9778603104406e-06,5.758930062298922e-07,0.1771431475782055,0.14733138650455918,0.05058136145793728,-0.0012460467819292327
2015-09-29,-0.0003417218124878778,1.3623288826868912e-05,1.5467496936451335e-05,0.0,2.5238236999419975e-05,5.489987825900025e-06,0.9009529344317021,0.8720497085636747,-0.050268246187529286,-0.000401540823076518
2015-09-30,-0.0015522490031212594,5.157073395985501e-06,2.19937722974297e-06,0.0,7.317930878546726e-06,5.06306344130373e-06,0.1716860058650416,0.8244804465015149,-0.026114211637511542,-0.0015719864480668384
2015-10-01,0.0008338035101780863,1.0069148647351992e-05,7.594313627564768e-06,0.0,2.1223011635189038e-05,3.7223540442894907e-06,0.47580038079241777,0.5757900070074302,-0.049565472433204305,0.000791194682223691
2015-10-02,-0.0011001809344305638,8.173760909224725e-06,7.047884671513527e-06,0.0,1.1638270959970508e-05,2.3559584420155018e-06,0.47677412606658065,0.3454756952357348,-0.05032532302286935,-0.001129396809413288
2015-10-05,-4.41715094084246e-05,3.940391105054915e-06,3.0314469384993404e-06,0.0,5.151109101201703e-06,2.0120601097087186e-06,0.2131784763890603,0.2861901839014351,-0.0518359145296296,-5.830651666288928e-05
2015-10-06,0.0010498346286666707,7.079568494265324e-06,4.227718469672145e-06,0.0,8.693348344555058e-06,2.2108506534155517e-06,0.27262820683792877,0.3220237736754962,-0.04939913609831638,0.0010276231427047626
2015-10-07,-0.0026955159184676404,6.515710960936941e-06,5.094541750932043e-06,0.0,1.1598568441087136e-05,1.9120815520387978e-06,0.32371153499501176,0.27134270278799066,-0.04988699795452731,-0.0027206368211726353
2015-10-08,-0.002107932534792169,4.191009699969242e-06,1.8161410345393445e-06,0.0,6.16279846708133e-06,1.559811433227757e-06,0.18965277769607897,0.31189033169384256,0.04984201091157926,-0.002121662295426987
2015-10-09,0.0036005980297177933,3.580355160329956e-06,2.285048622237089e-06,0.0,6.423622365409927e-06,1.0014660875885219e-06,0.14791671624803937,0.21832756350815302,0.05008126079328134,0.0035873075374822276
2015-10-12,0.00039506815596417744,1.5316230150410877e-06,2.3652889647685505e-06,0.0,4.493943618917424e-06,7.033855163538393e-07,0.11881476490683925,0.11561778877483445,-0.0025509779726105523,0.00038597391484909656
2015-10-13,-0.0005823681128013507,5.482150622489569e-06,2.5195835761655125e-06,0.0,4.634444084796235e-06,4.810596373373621e-07,0.10946003402697278,0.0404090095363384,-0.0404090095363384,-0.0005954853507221394
2015-10-14,-0.00031921500395537316,7.990751671387604e-07,3.828893020222364e-07,0.0,7.903093757474037e-07,5.71627437483606e-07,0.032684384385358825,0.059598975375359964,-0.036434434121885864,-0.0003217589052377652
2015-10-15,-0.00021948952166607453,3.7041611235126016e-06,3.625676119784842e-06,0.0,8.39774133894572e-06,1.4025679568104176e-06,0.22764069207192617,0.19098676842837425,-0.04464464831577587,-0.00023661966820512812
2015-10-16,0.0003565726734891122,4.7353307587105855e-06,3.4420801225689234e-06,0.0,4.953224923375583e-06,1.1600560220481285e-06,0.24063972058397037,0.1451053573230806,-0.04978405438100498,0.00034228198166240897
2015-10-19,-0.0005469772983576857,2.3882575569542697e-06,2.29748886620645e-06,0.0,3.0421611034904464e-06,7.101108432806242e-07,0.14027698666963068,0.06948457444076224,-0.04981404723038259,-0.0005554153167276175
2015-10-20,-0.00019410745674964042,1.3545077277316894e-06,3.3548136585500423e-07,0.0,4.330683814811955e-06,2.525316306214575e-07,0.07275701635257341,0.05405480462538216,0.0116294906809773,-0.00020038066128866052
2015-10-21,-0.00033311115107099965,3.5580754695713713e-06,3.886821035427053e-06,0.0,5.947771860869635e-06,1.586122815222713e-06,0.2295698627331068,0.21827348320320053,-0.04819514975421524,-0.0003480899422520904
2015-10-22,-4.3295424927189645e-05,3.6540095571325114e-06,3.0957626891119605e-06,0.0,7.585540736612774e-06,1.0422074723691697e-06,0.2158320604056709,0.14919533563624954,-0.025895519721770968,-5.8672945382416065e-05
2015-10-23,0.0007910468099985256,1.5301514975350499e-06,1.8084853195498442e-06,0.0,2.1545574778476935e-06,8.288581376542728e-07,0.09873537083831467,0.09327112128063715,-0.04597704584528069,0.0007847247575659388
2015-10-26,-0.00012157933370653362,1.6187291008697048e-06,5.565359309603098e-07,0.0,3.6391437923003495e-06,4.726581553298905e-07,0.08422656984776491,0.09205514480734492,0.01264857471192332,-0.00012786640068599388
2015-10-27,-0.0007634170869673273,3.825077662732744e-06,3.6811512421140856e-06,0.0,9.21305048823407e-06,1.6087745556332284e-06,0.16910340217955153,0.22070853481578967,-0.04956559053059273,-0.0007817451409160415
2015-10-28,-0.0010096597151559856,5.970975522004345e-06,3.0829190180349294e-06,0.0,1.1446645486839216e-05,1.3091326493865166e-06,0.2341331565191918,0.21257584471418606,-0.007358440382748771,-0.0010314693878322506
2015-10-29,0.0009365882429393377,2.917016416262588e-06,1.6893283130279762e-06,0.0,4.260612088141083e-06,7.738008405535804e-07,0.16699931484226904,0.1788472342640985,0.048848693051096986,0.0009269474852813526
2015-10-30,-0.00011936698392238113,3.7085704495777445e-06,3.796370706339884e-06,0.0,5.59152394632222e-06,7.727411663381647e-07,0.22485144311701516,0.14012512285511486,0.010304606910303188,-0.00013323619019095916
2015-11-02,0.00042026153836386153,4.2173972702567654e-06,3.07676905088027e-06,0.0,8.494066030727302e-06,1.1946173436283543e-06,0.23140079626862337,0.23411861856134858,0.03342290483178509,0.00040327868866836883
2015-11-03,0.002245676504665156,4.188931026189332e-06,1.8798004549436556e-06,0.0,4.692540826751266e-06,1.5585162672329737e-06,0.0884024543440289,0.2596174612460536,-0.00221327164908601,0.0022333567160900385
2015-11-04,0.0005727707448876337,6.237839651986642e-06,5.405631600101652e-06,0.0,7.401332694135011e-06,1.057338528026828e-06,0.28164035165786494,0.1282648402100124,-0.04936803249849478,0.0005526686024133836
2015-11-05,0.0005944461666285483,2.6529315463425015e-06,1.7574310277439972e-06,0.0,5.344148614841834e-06,4.1149681691595045e-07,0.17743362853285924,0.09730561244952193,0.02817414720764227,0.000584280158622704
2015-11-06,-0.0012989499625803817,4.131651128937958e-06,2.8102637996518796e-06,0.0,6.424487399440014e-06,6.911028388454558e-07,0.1450449233070545,0.1283598732812498,0.01225459635521322,-0.001313007467747257
2015-11-09,0.00021882881325493674,1.606643786062743e-06,2.480414841298299e-06,0.0,1.227057423268771e-06,5.825244803048703e-07,0.13474959000482573,0.0489320563456091,-0.0489320563456091,0.00021293217272400205
2015-11-10,0.0003415630580863544,1.4195658252464425e-06,1.4571518715486467e-07,0.0,1.070438055094317e-06,4.6785407515709425e-08,0.05604430275187102,0.015313757926987463,0.007453809464348278,0.00033888055361134303
2015-11-11,1.2964318285429687e-06,7.857446117236774e-07,5.382032874086333e-08,0.0,5.105787751775211e-07,0.0,0.02070012643879359,0.028155232334970408,0.028155232334970408,-5.371188709909315e-08
2015-11-12,-0.0006010148344724819,6.299958456911714e-07,7.982513846779757e-07,0.0,7.405764016942774e-07,1.7199553301908944e-08,0.041424540311587904,0.01387032281108998,0.010980797856369278,-0.0006032008576578472
2015-11-13,-0.00018170065505898492,8.918177250760735e-07,2.0107646243038665e-07,0.0,3.75339998523518e-07,0.0,0.0460187343189469,0.05,0.05,-0.0001831688892450149
2015-11-16,0.0008247668074557217,6.172036512961222e-06,6.16625797503017e-06,0.0,1.3020976468587448e-05,2.381044181674293e-06,0.2996293635275401,0.3504541303349959,-0.04956129218628537,0.0007970264923174686
2015-11-17,0.0017364730224978617,7.837658486350944e-06,4.443722600747168e-06,0.0,1.3584245086633189e-05,9.54217414463388e-07,0.3698635478830278,0.17086633074793567,0.010557805118086488,0.001709653178909667
2015-11-18,0.0013012841645255132,3.8947463888973665e-06,4.323771090165675e-06,0.0,8.064823104231113e-06,1.5977448038730144e-06,0.24514257740412596,0.2194091309386343,-0.04901199611203215,0.001283403079138346
2015-11-19,-0.0008729508715466421,3.095851966350362e-06,1.7488749159359732e-06,0.0,3.7765901613949297e-06,1.2285359373391302e-06,0.11131836217212508,0.15697250944884103,-0.04942152802413285,-0.0008828007245276625
2015-11-20,-0.001189295808505587,2.905713699413426e-06,1.3648933923899782e-06,0.0,3.3886440298727434e-06,9.219445810233279e-07,0.05397427195974621,0.10516415044065751,-0.049722539171261584,-0.0011978770042082865
2015-11-23,8.087570385843485e-06,1.1821571745002212e-06,9.606076121507427e-07,0.0,1.8145612059970661e-06,0.0,0.10534469267939747,0.0,0.0,4.130244393195456e-06
2015-11-24,0.0,1.5336971840205132e-06,1.3157564087122577e-06,0.0,7.608436353297758e-07,6.058073215555794e-07,0.08111895745637765,0.08111895745637765,-0.020656672564959674,-4.216104549618126e-06
2015-11-25,0.0008518823231879442,1.5336971840205132e-06,1.1705653906517352e-06,0.0,7.842766149126912e-07,0.0,0.08195923811185157,0.0,0.0,0.0008483937839983592
2015-11-30,0.0,9.224380180735647e-07,1.3328852519997836e-06,0.0,4.877100650294901e-06,5.685760391494007e-07,0.047760387288549665,0.047760387288549665,-0.047760387288549665,-7.70099995951765e-06
2015-12-01,-0.00042413244905783456,5.372775167066325e-07,2.336237934021157e-07,0.0,1.0891391737928923e-06,4.6846143403999495e-07,0.024493368306858755,0.03935076045935958,-0.03935076045935958,-0.0004264609509757762
2015-12-02,0.00039192328242516065,1.0173460908508436e-05,3.948947432489159e-06,0.0,1.573540231917235e-05,1.3326374286461781e-06,0.26104436592159275,0.27414108351849,0.050257995505932046,0.00036073283433634453
2015-12-03,-0.0017393600874254466,4.449208710527656e-06,4.346603119923708e-06,0.0,9.309016721268069e-06,2.0749616491375676e-06,0.28043801997947976,0.3985935570551114,0.050000000000000044,-0.0017595398776263035
2015-12-04,-0.0014806559072449632,5.781771085974725e-06,2.6727473636618756e-06,0.0,1.2264951466144999e-05,1.9743625282908153e-06,0.1434107237655159,0.3811347959534968,0.04944189120063977,-0.0015033497396890357
2015-12-07,-0.0004685027738832178,9.82058754345746e-06,4.877428916154161e-06,0.0,2.128701637183504e-05,2.1064487176584723e-06,0.2983898725741021,0.40389249521590354,0.05000911064928028,-0.0005065942554323229
2015-12-08,0.000665733623489738,5.397068500636165e-06,2.2163720036746976e-06,0.0,1.4729591888710711e-05,1.8475605603980072e-06,0.1501585486827462,0.361400111894324,0.05100993774745877,0.0006415430305363184
2015-12-09,-0.0012188195145265016,1.6776931395934245e-06,1.3707701877052454e-06,0.0,2.767464731105379e-06,1.4196321340359583e-06,0.09633671624713686,0.289150195767902,0.050651997249861,-0.0012260550747189415
2015-12-10,0.0010521217270719895,2.2484661360925423e-06,2.0258076840945904e-06,0.0,3.6177263008701593e-06,1.4429107144021288e-06,0.13908517802085185,0.29279438086570814,0.050385380846150504,0.00104278681623653
2015-12-11,-0.002507245446964811,1.0704552820608656e-05,5.524188554170021e-06,0.0,1.5512741643092296e-05,1.078670606413839e-06,0.27101557355885647,0.23121666187752493,0.04999999999999999,-0.002540065600589096
2015-12-14,0.0005857439812363914,1.440595614444406e-05,7.5683057811097e-06,0.0,2.3467256031577095e-05,3.122923101355307e-06,0.44929726565477135,0.5748900584148293,0.05023897738713773,0.0005371795401779053
2015-12-15,-0.0017399400857131956,5.455117136685051e-06,4.373111400688641e-06,0.0,8.033348062983262e-06,2.400490860727155e-06,0.32418849292316837,0.45112556068029364,0.04784309607813167,-0.0017602021531742797
2015-12-16,0.0036344875074419236,7.965265501587611e-06,7.80619487239159e-06,0.0,1.5307238504280573e-05,2.1853116564808932e-06,0.4811582352093796,0.3177237976669005,-0.0494085606218895,0.003601223496907183
2015-12-17,0.0008584401364992353,1.6142516027223704e-05,1.0927862438539045e-05,0.0,2.1511860648197754e-05,5.671630682787313e-06,0.7978499144789419,0.9033029697790533,-0.04953098492921543,0.0008041862667024875
2015-12-18,0.0008931703487885376,1.4276253643834982e-05,1.0892445653983826e-05,0.0,1.9840274571998635e-05,9.541262128344982e-07,0.70145743740501,0.2102932037561957,0.05000000000000003,0.0008472072487058857
2015-12-21,0.0006762691182879132,1.0123473797999962e-05,1.1489606194066228e-05,0.0,2.477210844828533e-05,3.362567967728355e-06,0.7316761496844573,0.6153140349009381,0.05040261632257442,0.0006265213618798333
2015-12-22,0.0008413588958071517,9.694865593298646e-06,9.37112594922558e-06,0.0,1.9553969219155777e-05,1.365731613209819e-06,0.5482415039801147,0.1798348052547476,-0.04960810576450202,0.0008013732034322619
2015-12-23,-0.003125530868312538,3.3357501299893363e-06,2.190212825586601e-06,0.0,5.8444859142850605e-06,1.463108356547388e-06,0.13552481488495857,0.19580220389996122,-0.05,-0.0031383644255389464
2015-12-28,0.0009253179786105372,1.8876534368508465e-06,1.4725284268454783e-06,0.0,2.157552040667948e-06,1.0078904998996446e-06,0.10717330140829945,0.1193477483650348,-0.04997785561810546,0.0009187923542062732
2015-12-29,-0.0006642438518804638,3.6491815142287156e-06,1.9733186985017278e-06,0.0,4.174217933126018e-06,4.905560763489867e-07,0.14293102450705247,0.04120671041331489,-0.04120671041331489,-0.0006745311261026692
2015-12-30,0.0011705572728230834,1.8307099372466076e-06,1.040939981652787e-07,0.0,1.6879190333410109e-06,0.0,0.040036153140491804,0.0,0.0,0.0011669345498543306
2015-12-31,0.0,0.0,0.0,0.0,0.0,0.0,0.0,0.0,0.0,0.0
2016-01-04,0.0,1.7700870872862733e-06,2.2797030292021824e-06,0.0,3.068046852615146e-06,8.576329907659849e-07,0.19408234244868544,0.19408234244868544,0.04999999999999999,-7.975469959869586e-06
2016-01-05,-0.00012890949047073395,3.877406791893691e-06,4.54091002054013e-06,0.0,4.315665128724186e-06,7.119626596188145e-07,0.25981765031354376,0.10272774569966643,-0.01688198111629441,-0.00014235543507151076
2016-01-06,0.0023659461993749066,9.673366478148628e-06,7.00647211773103e-06,0.0,1.3472263233607872e-05,2.52585499422778e-06,0.4169110059879314,0.454587002857604,0.030243363827336972,0.0023332682425511913
2016-01-07,-0.005018125624557188,1.060395801555504e-05,5.701592812671734e-06,0.0,1.847670723712834e-05,3.952970282922836e-06,0.3521743285496537,0.7152939522873788,0.051194944756342314,-0.005056860852905466
2016-01-08,0.0022412916428618712,1.1398426833093052e-05,6.0320748307691345e-06,0.0,1.8999006538067334e-05,3.2816789980815817e-06,0.4139121809029382,0.6059069824619121,0.05458491078420637,0.00220158045566186
2016-01-11,-0.0045311588505593196,8.732980171137284e-06,8.872419479572354e-06,0.0,1.763490731957597e-05,4.168608245950625e-06,0.6400098396694719,0.7483625694483131,0.04803638412860817,-0.004570567765775556
2016-01-12,0.0012441131193075571,1.7495566078064047e-05,1.1559969112736434e-05,0.0,3.5097226199552185e-05,4.43389794702255e-06,0.7789934971823301,0.7957541726690296,0.05085931756924117,0.0011755264599701818
2016-01-13,-0.0015868148192525486,1.3630583008980726e-05,1.0885961960802871e-05,0.0,3.454261395774448e-05,6.386503400492434e-06,0.7619032794002041,1.1224730680529615,0.04954049677023259,-0.001652260481580569
2016-01-14,0.003055326483538674,8.93875566001255e-06,6.467889827229815e-06,0.0,2.190916409242068e-05,5.89499694102841e-06,0.41581651306896544,1.0434491807469615,0.053089694654188835,0.0030121156770179826
2016-01-15,-0.0021348356671504172,1.2735785525389006e-05,9.372148361999778e-06,0.0,1.8389944189599857e-05,3.580545934666587e-06,0.5736362448340685,0.6522315792519137,0.05069986222792719,-0.0021789140911620724
2016-01-19,-0.0034553463008553946,2.1858964145048524e-05,1.4018030506659255e-05,0.0,4.741527370491513e-05,6.766753616996198e-06,0.9823436891401993,1.1859273868495634,0.049112779194202205,-0.0035454053228290137
2016-01-20,0.003720725952238421,2.2025488372111394e-05,1.59922196638867e-05,0.0,3.8786578137454974e-05,4.081332178799722e-06,0.9860320674492712,0.7356638060383531,0.04999999999999999,0.0036398403338861684
2016-01-21,0.009411274373382074,1.544518882821038e-05,1.0604070099757705e-05,0.0,3.1718376526531244e-05,5.681795655858251e-06,0.6950345384974964,1.0104955653427137,0.05595389515852761,0.009347824942271717
2016-01-22,0.00275577181019715,1.201900132049935e-05,9.13961493672557e-06,0.0,3.0546078531193005e-05,3.052284882797605e-06,0.5057962731411152,0.56894831435565,0.0561644540456524,0.0027010148305259343
2016-01-25,-0.003065600110405557,5.714358456586069e-06,5.54586039928899e-06,0.0,1.2374787101094644e-05,1.715637619235443e-06,0.34593104846653827,0.3397146980887486,0.051487578057194186,-0.0030909507539817623
2016-01-26,0.001076982326282359,4.97960314635944e-06,4.674959056566625e-06,0.0,1.125781936586639e-05,2.636924910606016e-06,0.28415127659544115,0.47660024201202134,0.033596857030210564,0.0010534330198029606
2016-01-27,0.0003727673165207583,8.560745422628631e-06,1.0054976348407965e-05,0.0,1.959445190795819e-05,2.540035086408915e-06,0.6004090101300796,0.37715239718561966,-0.04957349733107806,0.0003320171077553546
2016-01-28,0.0025137544039554815,9.300777768227404e-06,7.135042474445386e-06,0.0,1.714737161202443e-05,3.5742224161171163e-06,0.44068787031752676,0.5511209316123074,-0.04934843429536828,0.0024765969896846673
2016-01-29,-0.0023282809212229476,7.863519820175923e-06,7.0355208724022425e-06,0.0,1.4695916759267173e-05,4.796178686023413e-06,0.4518766406469858,0.7567625110041358,-0.048995508247797415,-0.0023626720573608163
2016-02-01,0.0013235913071334969,1.9877768641148705e-05,2.014211938254903e-05,0.0,3.939500694892488e-05,6.457854095070271e-06,1.4924317288044606,1.0365786940000123,-0.04834079397179303,0.001237718558065804
2016-02-02,-0.002542787822790767,9.434200664188602e-06,7.965099122876015e-06,0.0,1.7268315999507626e-05,3.961247834947313e-06,0.5191425232579236,0.6162161643109729,-0.049273471960175674,-0.0025814166864122864
2016-02-03,0.002137199112222487,7.904147612641136e-06,7.5252090299720245e-06,0.0,1.1621663694687598e-05,1.8511169852065632e-06,0.4702050198303636,0.2605459673197392,-0.05044168619496332,0.0021082969748999797
2016-02-04,0.0010319823660682838,4.7314651441770715e-06,3.5255009922687015e-06,0.0,8.234361611484493e-06,5.834160588667882e-07,0.2703100188524927,0.09705652675157966,-0.0009573711380407544,0.0010149076222614867
2016-02-05,-0.00015950137321514172,1.0152291563369228e-05,8.548837997585804e-06,0.0,1.9041341789726366e-05,2.9611969220979494e-06,0.45867401121788953,0.44748108291245536,-0.04999999999999999,-0.00020020504148792107
2016-02-08,0.0008573676056557475,5.800288479045144e-06,3.2063591456250216e-06,0.0,8.156035115204194e-06,3.354242279997516e-06,0.207086111229519,0.5139625508914165,-0.04955015214816624,0.0008368506806358757
2016-02-09,0.0017211181815479856,6.58068948659061e-06,3.2702245308982745e-06,0.0,1.6265919428147184e-05,3.2122599840884343e-06,0.2803375058929198,0.591727042212741,0.052067364885883996,0.0016917890881182611
2016-02-10,0.007518070790074407,1.2858669141246432e-05,7.588589752017481e-06,0.0,2.282443279520712e-05,1.6735435820879227e-06,0.533854627790568,0.33275560140433175,0.05160027961356073,0.0074731255548038476
2016-02-11,-0.002432614353660474,7.737084202953611e-06,5.463343618132792e-06,0.0,1.0695483392950649e-05,2.53029261309097e-06,0.37332166906624853,0.47494254316225654,0.049853384162973524,-0.002459040557487602
2016-02-12,0.004475073368997804,6.310434049880776e-06,6.97811751922454e-06,0.0,1.2632157261214329e-05,1.9654699439477566e-06,0.36071873880991634,0.28354733863627846,-0.046651611946944574,0.004447187190223537
2016-02-16,-0.0020502437413917078,8.713622228200331e-06,4.350404988484763e-06,0.0,1.3272427353637186e-05,1.938611056894111e-06,0.24153417694081233,0.27746318675935533,-0.04822347079885531,-0.002078518807018924
2016-02-17,0.0008029276602559164,1.0020952530423575e-05,5.931864206215232e-06,0.0,2.4106627397889506e-05,2.752934702149947e-06,0.3608815022309203,0.4124449018872639,-0.05004812807392725,0.0007601152814192382
2016-02-18,0.00030685225158630543,8.463781966847492e-06,4.0031529901141335e-06,0.0,1.5553244043082243e-05,1.324164305894326e-06,0.34316933174344316,0.27085505664879256,0.04839545325854587,0.00027750790828036723
2016-02-19,-0.0019422819046863802,6.68796902744412e-06,4.799693183180843e-06,0.0,1.3062826366872718e-05,1.095298634740079e-06,0.2569861389279165,0.19654795268011932,0.012537782043785996,-0.001967927691898618
2016-02-22,0.0014327210699336987,4.746811985783717e-06,2.9572125634380454e-06,0.0,7.982988966743152e-06,3.399219896268707e-07,0.15751294853931158,0.046061733257267284,-0.011045161000046995,0.001416694134428107
2016-02-23,-0.0007220168600772897,4.509268389141887e-06,2.7243723054163035e-06,0.0,7.016926357376901e-06,9.213755021658292e-07,0.18509444981199913,0.15966457697535874,0.0048734926114994,-0.0007371888026313906
2016-02-24,-0.00026633984860132407,3.2730394303969547e-06,3.559131162244932e-06,0.0,8.364515450470487e-06,1.550541499800349e-06,0.17601422637982425,0.21040243716108287,-0.050088534805375756,-0.0002830870761442368
2016-02-25,0.00021796535183160595,3.348303160929386e-06,2.98772710169412e-06,0.0,6.18732841157972e-06,1.1837925001193975e-06,0.27233560267973633,0.23399106429873734,0.035113924278678585,0.00020425820065728332
2016-02-26,0.00016406516218983838,4.309331237930456e-06,5.666516133824702e-06,0.0,8.502555160631017e-06,1.1533064009129064e-06,0.35903884923986706,0.15818182353518706,-0.035573651818181215,0.0001444334532565393
2016-02-29,0.0034337926555128018,3.000893750491878e-06,3.247441421249153e-06,0.0,6.432631912933019e-06,2.3538606095071705e-06,0.2215526233087749,0.3453349308283714,-0.05011365156883324,0.0034187578278186206
2016-03-01,-0.0019953551775250254,3.562070366260013e-06,4.684055809598677e-06,0.0,8.145884121386844e-06,1.3240348333534495e-06,0.3153286703449414,0.17270508881631086,-0.04973276318706868,-0.0020130712226556244
2016-03-02,0.00010495507631798598,1.085435769463777e-06,7.903184112372094e-07,0.0,1.3849754990731053e-06,1.3231234746730309e-06,0.049829492592083836,0.1733058898038969,-0.0489788539411723,0.00010037122316353886
2016-03-03,0.0006209997649857729,2.6685652636470553e-06,1.3121343454299786e-06,0.0,2.620520454877752e-06,1.107904845975516e-06,0.0781385550263628,0.14532011825825714,-0.04080789586562955,0.0006132906400758425
2016-03-04,0.0006991649663961658,2.834835100579393e-06,1.9081621690336785e-06,0.0,3.9894708422477415e-06,4.5972348860479247e-07,0.12206516688014417,0.03861677304280256,-0.03861677304280256,0.0006899727747957002
2016-03-07,-0.00019401046493616598,1.123195895004875e-06,7.799078296608101e-07,0.0,9.148947267593436e-07,5.91721523552877e-07,0.03169284914862523,0.04970460797844167,-0.04970460797844167,-0.0001974201849111439
2016-03-08,0.0011123413183355827,1.274637731792844e-06,2.260486232878354e-07,0.0,1.234051147438467e-06,2.4929744951745915e-07,0.08694177818762899,0.08023148304645604,0.03834951152752291,0.001109357283383546
2016-03-09,0.0007435270113185662,3.6904234859546487e-07,4.6093830830491466e-07,0.0,5.157997569777276e-07,2.3459796823589358e-07,0.02469863709129868,0.07104252860843495,0.031630069944804814,0.0007419466329364522
2016-03-10,-0.00014917863696151896,2.6630344382518533e-06,2.771278352176967e-06,0.0,4.547379944394205e-06,6.381325330845102e-07,0.2063534728506228,0.15324532235915891,0.04603905680096119,-0.0001597984622294265
2016-03-11,0.0010406683612335136,2.251467185055551e-06,4.807551098428335e-06,0.0,5.1967019260620385e-06,9.781173329208114e-07,0.2697386177714793,0.1143237119306963,-0.05000000000000001,0.001027434523691047
2016-03-14,-0.00047012286593881215,2.2518275292049034e-10,1.1697410838033665e-09,0.0,0.0,9.815378691643065e-07,4.8053999473232634e-05,0.11438018515419145,-0.050518176865412046,-0.0004711057987318132
2016-03-15,0.00041650686525611125,3.9105681874462766e-08,5.8236395838494355e-08,0.0,2.1879198364066997e-08,9.796987639029985e-07,0.004157889037309816,0.11428341326748118,-0.05030597906822256,0.00041540794521613124
2016-03-16,-0.0003180834683245977,7.899536974762408e-07,9.295115197348066e-07,0.0,7.76293970467578e-07,5.952380952380953e-07,0.06462248326498382,0.05000000000000001,-0.05000000000000001,-0.00032117446560751443
2016-03-17,0.00047307519898551247,2.452910023827809e-06,1.6294834146017341e-06,0.0,2.8112680735195935e-06,1.0610832725349705e-06,0.13886863260487162,0.15086119960903221,-0.0274007901768428,0.00046512045420102837
2016-03-18,2.0533203028938525e-05,1.5725453010409363e-06,1.8433725575672892e-06,0.0,2.0727390317834495e-06,1.7673603550234777e-06,0.11682835029883752,0.2470494651967048,-0.049867074447239465,1.3277185783523374e-05
2016-03-21,0.0006000788622351073,1.6980695884834374e-06,1.2327369603551265e-06,0.0,6.095606580582602e-07,1.3783044429472507e-06,0.06630816138593129,0.18160183362477272,-0.049953312790365405,0.0005951601905852632
2016-03-22,0.0004031681478836188,1.9593269615864876e-06,2.171020086991355e-06,0.0,2.7512418724130678e-06,0.0,0.1817727985168931,0.0,0.0,0.0003962865589626279
2016-03-23,0.0,0.0,0.0,0.0,0.0,0.0,0.0,0.0,0.0,0.0
2016-03-24,0.0,3.5958636623514895e-07,1.3e-07,0.0,4.772076236824483e-07,0.0,0.05,0.05,0.05,-9.667939899175973e-07
2016-03-28,0.0006303522148102004,9.307317291643751e-11,4.875563704689245e-10,0.0,0.0,0.0,2.003749071424754e-05,0.05061031472409595,0.05061031472409595,0.000630351634180657
2016-03-29,0.00017392845004763504,3.5949329306223255e-07,1.2658209318240504e-06,0.0,4.956170351865265e-07,0.0,0.050784243174143595,0.0,0.0,0.00017180751878756223
2016-03-30,0.0,0.0,0.0,0.0,0.0,0.0,0.0,0.0,0.0,0.0
2016-03-31,0.0,0.0,0.0,0.0,0.0,0.0,0.0,0.0,0.0,0.0
2016-04-01,0.0,0.0,0.0,0.0,0.0,0.0,0.0,0.0,0.0,0.0
2016-04-04,0.0,0.0,0.0,0.0,0.0,0.0,0.0,0.0,0.0,0.0
2016-04-05,0.0,0.0,0.0,0.0,0.0,0.0,0.0,0.0,0.0,0.0
2016-04-06,0.0,5.422436518478221e-07,1.4550660628923723e-06,0.0,3.6215807781427807e-06,6.737957317780874e-07,0.06319768293871869,0.06319768293871869,-0.04999999999999998,-6.2926862246610625e-06
2016-04-07,0.0016309206448903543,1.4058346943574767e-06,2.487093691355523e-06,0.0,2.3607933511171235e-06,1.6881210033058154e-06,0.17390614026067763,0.23531446698501354,-0.04828986157036344,0.0016229788021502184
2016-04-08,-0.0005662318496424273,1.436269822768355e-06,2.0406995619037505e-06,0.0,2.9335170076532203e-06,1.3388863965235077e-06,0.14519053622595102,0.1749329146159493,-0.04999999999999999,-0.0005739812224312762
2016-04-11,0.0004186816013022354,1.314490936696752e-06,9.869085927181525e-07,0.0,4.177494385873606e-06,9.983026829188952e-07,0.14995370684017892,0.21784418014418255,0.05012932941380814,0.00041120440470402797
2016-04-12,0.0005027933137971461,1.950985590344444e-06,4.562806726497458e-06,0.0,2.6954308279053852e-06,6.632663588064791e-07,0.25487929258117187,0.06152956829198006,-0.049899179987508424,0.0004929208242935924
2016-04-13,-0.0005396461113260642,3.084721045282366e-07,3.618356977110251e-07,0.0,3.74048488377453e-07,3.82904501011296e-07,0.0444499559775149,0.0379639190249627,-0.026364037144935015,-0.0005410733721176922
2016-04-14,-1.8603565305532153e-05,2.384534613615452e-07,2.2757465003428567e-07,0.0,2.3224715050046319e-07,1.0493205037259497e-07,0.03925083536849546,0.019014458583802296,0.0013858741212063406,-1.9406772617801043e-05
2016-04-15,-2.5808808258353057e-06,6.94839432097103e-07,1.3734457383991657e-06,0.0,1.5427750573005261e-06,6.148395821053203e-07,0.07724029261979448,0.07585699937941398,-0.027436050414279826,-6.80678063573742e-06
2016-04-18,-0.00014898304651714787,1.8787867197995972e-07,1.7074403870486317e-07,0.0,3.3582584212337603e-07,5.471022854527559e-07,0.017607918378633583,0.07041854447694251,-0.02149463947912047,-0.00015022459735540883
2016-04-19,-0.00016038433994688747,6.47250778495918e-07,7.788231789890928e-07,0.0,1.385229314337906e-06,0.0,0.07075267726454522,0.0,0.0,-0.00016319564321871038
2016-04-20,0.0,5.400112944082407e-07,5.237430330315055e-07,0.0,5.213611902993965e-07,2.4327505626625835e-07,0.030922842419182864,0.030922842419182864,-0.009947367033548541,-1.8283905740054012e-06
2016-04-21,0.00010457842711293237,4.361901392735751e-06,3.757814066282888e-06,0.0,9.424929994102046e-06,1.668056711327381e-06,0.32039073889656444,0.33023352750300006,0.050000000000000044,8.53657249484843e-05
2016-04-22,0.0017206880455516466,4.078219350151516e-06,5.648787376972475e-06,0.0,8.432867681282689e-06,7.479152812503365e-07,0.375405993076629,0.17564976725005654,0.049999999999999996,0.0017017802558619895
2016-04-25,-0.0001119649800724433,3.7890691153155534e-06,2.316763941303676e-06,0.0,2.4105161953456077e-06,1.0334910212201264e-06,0.0950430360157564,0.1967943830343873,0.02316789146940612,-0.00012151482034562826
2016-04-26,-0.0006944404926073558,2.577179688200801e-06,2.016448960802184e-06,0.0,4.5822733460076545e-06,5.08844280939643e-07,0.12829403494203084,0.10664960130726346,0.021163762109403447,-0.000704125238883306
2016-04-27,-0.0002934900815968801,4.056602501094194e-06,1.7437479202727833e-06,0.0,2.2330143878413657e-06,0.0,0.10692749289877587,0.0,0.0,-0.00030152344640608847
2016-04-28,0.0,1.0355960229750351e-06,1.8953775349832868e-06,0.0,2.3966205453907667e-06,8.088691570856965e-07,0.11263743085035748,0.11263743085035748,-0.023252587540039546,-6.136463260434785e-06
2016-04-29,-6.45591537290628e-05,2.0908764494607116e-06,1.804662748430754e-06,0.0,6.189495152398772e-06,1.4278022602493375e-06,0.15617194715122595,0.25279019031840166,0.012919410596512956,-7.607199033960237e-05
2016-05-02,0.0005154057984838169,3.5968594532516776e-07,2.641175758225055e-07,0.0,1.197946009452259e-06,1.4372919923890386e-06,0.04790438581123194,0.2910736165957736,0.04960856187441512,0.0005121467569608279
2016-05-03,-0.0016715413464840428,4.58924953454134e-06,5.431508922779952e-06,0.0,1.1724934825571999e-05,1.7717867542348474e-06,0.27861948141404236,0.24774908986582575,-0.04991108484562863,-0.0016950588265211709
2016-05-04,0.0013540294001617304,3.992734708330799e-06,2.553639697142798e-06,0.0,6.972640358344758e-06,4.2005497441369766e-07,0.20368102883787773,0.05487308336699009,-0.01569615233451111,0.0013400903304234984
2016-05-05,-0.00010129742838823777,1.7882758792663033e-06,1.5285812088561867e-06,0.0,2.208585992214503e-06,7.117029683647984e-07,0.15824469562931837,0.1695424814288098,0.04997638274352364,-0.00010753457443693956
2016-05-06,-0.0002514253374412062,2.1166426541384388e-06,3.368697999421053e-06,0.0,4.936876412037505e-06,1.7105829393505889e-06,0.1502398259257911,0.24125554606450111,-0.04612238774639782,-0.0002635581374461538
2016-05-09,-0.0002848358838765977,2.522438782446048e-06,3.1030762399653366e-06,0.0,4.089659499426858e-06,6.814808673773794e-07,0.24825296903890431,0.09379321139437352,-0.02069557432502621,-0.00029523253926581335
2016-05-10,0.00013454641749324327,1.2148460082530486e-06,1.7354924554393278e-06,0.0,2.5842933055957654e-06,1.0258059338782658e-06,0.13459520826419336,0.16075695701956794,-0.011578439871980754,0.00012798597979007687
2016-05-11,0.001391050741844339,2.814280618543416e-06,3.5529954624954583e-06,0.0,1.3326060097152589e-05,1.7174226171544866e-06,0.21075800614272405,0.23979128691351256,-0.04873571276844117,0.001369639983048993
2016-05-12,0.0013778613101860576,2.651360267384153e-06,3.1969054132775734e-06,0.0,7.775680605136105e-06,1.4342931842712206e-06,0.21495655859983398,0.19154191479222457,-0.0494193401653405,0.0013628030707159885
2016-05-13,0.0005364815867150805,2.5580391092229554e-06,2.24223030709307e-06,0.0,6.115226090449132e-06,7.441879300759876e-07,0.236938418837985,0.17543485283093044,0.050411280578164505,0.0005248219032782394
2016-05-16,-0.00029016958903330917,7.09475666535784e-06,5.172244884135228e-06,0.0,9.586597123109706e-06,2.0141073068815122e-06,0.2257597445427295,0.2876451677983829,-0.05072485975771124,-0.00031403729501279347
2016-05-17,0.0014817839234261617,5.795970633205106e-06,6.056322273308783e-06,0.0,1.2968784473593607e-05,3.901188686295258e-06,0.4617923237512036,0.6729813389231445,0.01758163962554135,0.001453061657359759
2016-05-18,0.0031564903807702973,1.4017858257561877e-05,1.197593585580257e-05,0.0,2.6767064734147797e-05,5.7453605868217025e-06,0.6849101384100558,0.9164521424329073,-0.04876843615313864,0.0030979841613359635
2016-05-19,-8.410152302457053e-05,1.3633018512423626e-05,8.292675006684478e-06,0.0,1.6224488072237095e-05,2.2585226260655915e-06,0.5811059561743297,0.3307296789986785,-0.04870212218034081,-0.00012451022724198132
2016-05-20,-0.00020789465995416862,4.574367356708446e-06,4.602429011748207e-06,0.0,1.783265786175979e-05,3.3991220755594372e-06,0.3048445068579251,0.5217126630684065,-0.04933984562557911,-0.0002383032362599445
2016-05-23,0.0007943481818267402,6.231306203296501e-06,5.460888016406962e-06,0.0,1.4310143139538429e-05,1.5817484083385738e-06,0.48455249701400493,0.31619147026051503,0.05045773765963465,0.0007667640960591598
2016-05-24,0.001984605410474205,6.0129117290532014e-06,5.5269784170673075e-06,0.0,1.8288559399499665e-05,0.0,0.32056685510598787,0.0,0.0,0.0019547769609285846
2016-05-25,0.0,4.263157685744959e-06,1.615297280809148e-06,0.0,4.379090352035971e-06,6.573392391907868e-07,0.16043299218405216,0.16043299218405216,0.05,-1.0914884557780866e-05
2016-05-26,-0.000965122525767317,3.5697259184688837e-06,2.0115563359212365e-06,0.0,2.207334230476435e-06,1.006382016668392e-07,0.09295220620846167,0.06654679764553338,0.0496395797655044,-0.0009730117804538504
2016-05-27,-4.4407506476588185e-05,6.934317672760758e-07,1.5293771782428765e-06,0.0,1.9520561769023922e-06,0.0,0.06657482241407835,0.0,0.0,-4.858237159900953e-05
2016-05-31,0.0,0.0,0.0,0.0,0.0,0.0,0.0,0.0,0.0,0.0
2016-06-01,0.0,0.0,0.0,0.0,0.0,0.0,0.0,0.0,0.0,0.0
2016-06-02,0.0,0.0,0.0,0.0,0.0,0.0,0.0,0.0,0.0,0.0
2016-06-03,0.0,0.0,0.0,0.0,0.0,0.0,0.0,0.0,0.0,0.0
2016-06-06,0.0,3.1797267549109235e-06,3.365541038525963e-06,0.0,5.092029695290732e-06,1.5476190476190476e-06,0.21,0.21,-0.05000000000000002,-1.3184916536346666e-05
2016-06-07,-0.0013713227389377013,1.9159653793627277e-06,1.9339705473546413e-06,0.0,4.2526438778429955e-06,2.4047619047619046e-06,0.1449648459103503,0.354,-0.05000000000000002,-0.0013818300806470235
2016-06-08,-0.0014263241113421307,1.3507045347998973e-05,4.032774838032684e-06,0.0,1.6508112609661547e-05,3.738095238095238e-06,0.26342597613078855,0.5780000000000001,-0.04999999999999993,-0.001464110139375919
2016-06-09,0.0001652839478590859,9.486983826375175e-06,6.512227891457165e-06,0.0,1.5768971131644412e-05,2.7281099511017396e-06,0.36635939197416656,0.4091612358925461,-0.049161235892546104,0.0001307876550585074
2016-06-10,0.0002264531003103887,1.036451517554932e-05,7.59550743402329e-06,0.0,1.8782622442241782e-05,1.6726561013867269e-06,0.4599665427334429,0.23214748580045783,-0.048858739232512244,0.00018803779915718758
2016-06-13,0.00030201585338403335,9.35579925902932e-06,4.4938116357282815e-06,0.0,1.297332130985251e-05,1.2145268384461544e-06,0.3278118340971603,0.2540698544522241,0.05002934559327009,0.0002739783943409771
2016-06-14,-0.0013042683489135343,5.84641266458175e-06,8.137786578152413e-06,0.0,1.0152497455812778e-05,3.7728834890341367e-06,0.5514004721440436,0.6836960788469745,0.049851652689239356,-0.0013321779291011154
2016-06-15,0.0015173530017517152,3.966128233960195e-06,3.732881104548296e-06,0.0,4.850851648019955e-06,3.3524353374051986e-06,0.27279062364126194,0.6150640709210675,0.05185493423699414,0.0015014507054277816
2016-06-16,-0.00100602942052706,8.171326769559545e-06,9.636122518922198e-06,0.0,1.2768145218745834e-05,0.0,0.6166003945523841,0.0,0.0,-0.0010366050150342877
2016-06-17,0.0,0.0,0.0,0.0,0.0,0.0,0.0,0.0,0.0,0.0
2016-06-20,0.0,1.4606620906659416e-05,1.0469145213216603e-05,0.0,2.1386383366129913e-05,4.69047619047619e-06,0.738,0.738,-0.04999999999999999,-5.115262567648212e-05
2016-06-21,0.0009611348036352854,2.948522382560187e-06,5.016673276527485e-06,0.0,1.0255713495673475e-05,3.5476190476190476e-06,0.3473764884373942,0.5461266490765171,-0.049873350923482856,0.0009393662754329052
2016-06-22,-0.0006944441564007106,8.900585766988135e-06,3.026193604229613e-06,0.0,1.7271295688437437e-05,4.785714285714287e-06,0.2191047742413208,0.754,-0.050000000000000044,-0.0007284279457460801
2016-06-23,0.0028668624294288336,1.9539356977853324e-05,1.4082955669285256e-05,0.0,3.37329899766364e-05,1.9047619047619043e-06,0.7582540689549693,0.27,-0.049999999999999996,0.0027976023649002968
2016-06-24,0.0026133594811049237,8.735816379977836e-06,9.720948294016236e-06,0.0,2.0068208285052422e-05,5.1972963530631234e-06,0.7221591541259698,0.8259082641691433,-0.0472375231454612,0.0025696372117928142
2016-06-27,-0.0037378726454013428,1.2917387035736229e-05,9.024669287841843e-06,0.0,3.5649936469747956e-05,5.924013649488492e-06,0.5852623194177758,0.9446295153698877,-0.05060477774417915,-0.0038013886518441574
2016-06-28,0.0016356244923194675,2.441145428903264e-05,2.7370112632386837e-05,0.0,6.888970052769901e-05,8.728649186958163e-06,1.7699701932683558,1.4182172208675343,-0.04819584254143733,0.001506224575683391
2016-06-29,0.0017648225623683388,1.2174814615673969e-05,1.270668182398751e-05,0.0,3.602207861836611e-05,4.786642959333994e-06,0.8961859323015646,0.7569931670440856,-0.0471628501240256,0.0016991323443509773
2016-06-30,-3.9878893067585114e-05,1.3317465173965578e-05,1.0772516528643384e-05,0.0,3.118030976623439e-05,2.6995852843677003e-06,0.7124545587299744,0.40363309591542335,-0.04989723185835035,-9.784876982079616e-05
2016-07-01,-0.00010763143538834223,1.1292206420606878e-05,8.927957342966545e-06,0.0,2.062179878381039e-05,4.08435995382152e-06,0.6455322960051673,0.6360649986800295,-0.05010747356198564,-0.00015255775788954756
2016-07-05,-0.0041791789234621336,1.2687993919952933e-05,8.63735813156191e-06,0.0,4.366314671706489e-05,6.110635665474446e-06,0.7010175712223312,1.076739097021144,0.0501523052214371,-0.0042502780578961875
2016-07-06,0.0007794688601464273,1.1921831394254977e-05,1.1514165208199955e-05,0.0,2.9046281273914397e-05,2.759078515935662e-06,0.718835111566785,0.5140084190188816,0.05048322834169047,0.0007242275037541223
2016-07-07,0.00238768950710875,1.0022151894030761e-05,9.472037737751162e-06,0.0,3.0571035584709444e-05,1.0693491778619258e-06,0.5900252853443895,0.22960397039409378,0.04995330851329028,0.002336554932714397
2016-07-08,0.001563961596600282,2.9085743856954498e-06,5.035118140856265e-06,0.0,7.623968606121254e-06,9.49592268154283e-07,0.2700556550982339,0.10953150104991954,-0.05000000000000002,0.0015474443431994548
2016-07-11,-0.0002193224733828043,5.301565611739115e-06,7.069243341438461e-06,0.0,1.081034932956171e-05,3.4135521944875516e-06,0.5264316764751712,0.5232594629660327,-0.05021730570787594,-0.00024591718386003116
2016-07-12,0.0006929305189834443,1.4658053407491595e-06,1.8932121777149275e-06,0.0,2.7409972177971034e-06,2.7498340910574085e-06,0.1299082466774244,0.4116744826371288,-0.05029764466051587,0.0006840806701561258
2016-07-13,-0.0004039416720508145,2.2119150239324917e-06,1.9497412571459575e-06,0.0,4.103294066284812e-06,2.0285341214481987e-06,0.12043402635522737,0.28986956219430776,-0.050924170208989594,-0.000414235156519626
2016-07-14,0.0006708191741294817,2.9329902598125194e-06,4.334710733625717e-06,0.0,5.260049729446588e-06,2.771114821932978e-07,0.34456021456403874,0.051931664801934896,0.005376935793460878,0.0006580143119244036
2016-07-15,0.00028027805566038344,2.882022742083235e-06,2.627117947130388e-06,0.0,6.472853065579436e-06,1.0466665115765809e-06,0.2217469908632575,0.22509244154775543,0.0492524676028898,0.0002672493953940138
2016-07-18,-0.00021846172300299957,2.5219058534817736e-06,5.488341315451006e-06,0.0,8.71543857761123e-06,2.994490958308359e-06,0.3226618954063418,0.45307448099580416,-0.050000000000000044,-0.00023818189970785194
2016-07-19,-0.0016347009545391589,4.268959866069126e-06,5.862676005363113e-06,0.0,8.957898394311493e-06,4.89541801739081e-07,0.4799544515374064,0.13224302269216565,0.05000000000000002,-0.0016542800306066417
2016-07-20,-0.0004774542062978976,2.26669284025523e-07,2.588446613663324e-07,0.0,1.2265101477666016e-07,4.985492033115159e-07,0.01838462990689091,0.13305974618692473,0.04930348003059007,-0.00047856092046137764
2016-07-21,-0.00515170898636421,4.187012764173636e-06,3.0938867265383014e-06,0.0,7.255716648211304e-06,6.585640246598785e-07,0.19644924126241686,0.16060385062923377,0.04996509448637422,-0.005166904166527793
2016-07-22,0.0003809409447767073,2.0339669134181993e-06,2.0618916647409e-06,0.0,2.7105076100633157e-06,1.1531753141286756e-07,0.12584542591841624,0.03534387352277146,0.015970528245409708,0.000374019261057072
2016-07-25,-0.00013564696816241835,6.70118777037921e-07,7.465554376527656e-07,0.0,4.2694592637385264e-07,7.925020537799991e-08,0.037554590453356324,0.011101711277801182,-0.0022123232257028015,-0.00013756983850886088
2016-07-26,8.12950294433106e-05,7.832632400114359e-07,5.916207617851358e-07,0.0,5.052356052475571e-07,1.7640560412944142e-07,0.06508980582518886,0.06295877762892937,0.033322636135183215,7.923850423213703e-05
2016-07-27,0.0003057717690384049,2.804832402766481e-06,2.54641836597517e-06,0.0,1.8780184577437354e-06,7.09111287301413e-07,0.20311441682874315,0.16948600892452154,0.05035531265788416,0.0002978333885246181
2016-07-28,0.0020487010069846255,1.8370412219918486e-06,2.036666521765967e-06,0.0,3.1466845411755074e-06,3.9722406689814375e-07,0.12916265802514645,0.11736619616294301,0.05063255292405487,0.002041283390632794
2016-07-29,-0.00217495935474655,5.033819751703915e-06,6.5276843643903185e-06,0.0,1.0522390569251215e-05,2.8141618851874003e-06,0.37547161163743664,0.4227791967114833,-0.05,-0.0021998574113170828
2016-08-01,0.000987324978207668,2.8047497119696567e-06,4.856397401407975e-06,0.0,4.9726833935202706e-06,1.4696450903359106e-06,0.3388755990609098,0.19690037517643302,-0.049999999999999996,0.0009732215026104342
2016-08-02,-0.0005050403148960073,2.563986212118074e-06,2.898626465634632e-06,0.0,9.552840266936334e-06,1.104834019869602e-06,0.24159501302993608,0.17656641060792044,-0.00904570473017273,-0.000521160601860566
2016-08-03,-3.733451934250997e-05,5.654498604869159e-06,7.690447979782089e-06,0.0,2.1291088528456328e-05,3.841835819329284e-06,0.5617154406813875,0.6954284176473196,0.050000000000000044,-7.581239027494683e-05
2016-08-04,0.0006422637773585054,6.114738203816417e-06,7.207132183084218e-06,0.0,1.07223151305042e-05,3.7685252177641765e-06,0.4140794487332038,0.5831122365843816,-0.050000000000000044,0.0006144510666233364
2016-08-05,-0.0006929608615193325,7.72190975567806e-06,7.344553005132025e-06,0.0,2.1261563435670653e-05,8.228140890367637e-07,0.5213389937954992,0.08823276695817628,-0.049999999999999996,-0.00073011170180485
2016-08-08,-0.00010075659396757403,1.25705256520736e-06,1.5521684928880293e-06,0.0,2.8369640579291588e-06,5.797178521437749e-07,0.11600776001776145,0.04869629958007709,-0.04869629958007709,-0.00010698249693574235
2016-08-09,4.19401096880813e-05,5.311167887900812e-07,8.406275748396406e-07,0.0,1.2223680331921396e-06,9.209934938941159e-07,0.06153334243979361,0.10472690697421147,-0.05000000000000001,3.842500379736532e-05
2016-08-10,0.0002609162749052474,1.0938222069617397e-06,1.2906492387114173e-06,0.0,1.721306513469093e-06,5.549175722162254e-07,0.1133107519863472,0.07410961192824517,-0.019116540204080695,0.0002562555793738889
2016-08-11,-0.00018240224396300135,1.5456190900205432e-06,9.707535282108575e-07,0.0,4.015678188680058e-06,0.0,0.12409453709966237,0.05,0.05,-0.0001889342947699128
2016-08-12,-0.00021151701945074477,1.8750860870325056e-06,1.5659860735830715e-06,0.0,4.249991542015906e-06,5.372150563088275e-07,0.08528067672579115,0.13505401039536663,0.04480188093548361,-0.00021974529820968509
2016-08-15,-4.052890944928478e-05,2.462188655799226e-06,2.3938702062335047e-06,0.0,5.706192878591616e-06,0.0,0.13543859749844622,0.0,0.0,-5.1091161189909133e-05
2016-08-16,0.0,1.241926621055441e-06,2.4882236516964814e-06,0.0,3.0398992584685604e-06,1.1342089350477426e-06,0.14054710108802076,0.14054710108802076,-0.05,-7.904258466268225e-06
2016-08-17,0.002305286533235793,1.4865283577051343e-06,1.7472839397565974e-06,0.0,5.13334437728049e-06,1.4761913389076497e-06,0.1315876134006802,0.21487800112820937,-0.033122143808275786,0.002295443185222143
2016-08-18,8.636089334316034e-05,1.5602056820852492e-06,1.6995847474538115e-06,0.0,2.5216729253114784e-06,1.4062606939032766e-06,0.103377159763486,0.1866490263956198,-0.049602770180130706,7.917316929440653e-05
2016-08-19,-0.0002979219015270833,1.3155021689467105e-06,1.6847775458221483e-06,0.0,2.4026602320203314e-06,9.565581271739775e-07,0.11609268585769096,0.11070176536522823,-0.05,-0.0003042813996010464
2016-08-22,0.00019942246664626456,1.3553590202782494e-06,1.8727110280674345e-06,0.0,4.000066902593844e-06,1.3203763795047362e-06,0.13953258154379872,0.1718430909956536,-0.04998014076114206,0.0001908739533158203
2016-08-23,-0.0005706849305665603,1.2059276303657906e-06,1.7848734919703069e-06,0.0,2.3999956835108545e-06,5.966398801611647e-07,0.12187281340733125,0.05011774993353784,-0.05011774993353784,-0.0005766723672525685
2016-08-24,0.00017823465876435013,4.805689549756478e-07,7.063763570805858e-07,0.0,7.945861707256784e-07,2.6970309287092963e-07,0.07441025245808505,0.024470737183311567,-0.020839382419004612,0.0001759834241886973
2016-08-25,-9.370289995585309e-05,8.364923370886844e-07,1.435003078487676e-06,0.0,3.0652268873239098e-06,8.102385021870531e-07,0.161465741271355,0.1860276374298535,0.04990756906242859,-9.984986076094041e-05
2016-08-26,0.00031434730635284774,2.9082649250096265e-07,6.175632622597059e-07,0.0,6.045569296379056e-07,5.394069850485851e-07,0.04578325851936864,0.14062037348816228,0.05000000000000001,0.0003122949526834006
2016-08-29,0.00017139561479215045,1.1229818572783022e-06,3.69158248159483e-06,0.0,6.277445896679672e-06,7.186420524195964e-07,0.19138616810446973,0.07073186480649218,-0.05,0.00015958496250417805
2016-08-30,-0.0001831025220308003,1.589737634276195e-06,1.397812488729502e-06,0.0,8.288889741611636e-07,1.1377475524590182e-06,0.08210092629908011,0.14114158881311506,-0.049999999999999996,-0.00018805670868042617
2016-08-31,0.0001738526313049955,2.3540203728621127e-06,2.0450762218963812e-06,0.0,3.5755290604496033e-06,3.086179365057975e-07,0.16663151876606253,0.02592390666648699,-0.02592390666648699,0.0001655693877132816
2016-09-01,0.00012024244660589969,1.3509152134646017e-06,1.8621329051367155e-06,0.0,5.247624253838884e-06,9.115430426153235e-07,0.1349401696505303,0.14216861171701833,-0.010970619442356,0.00011087023119084417
2016-09-02,0.002771768597429238,2.9314941985344944e-06,2.19980845261551e-06,0.0,8.097571677901914e-06,1.2720036526788105e-06,0.20822139595800498,0.2637785470729437,0.05008193342290353,0.002757267719447507
2016-09-06,0.00036702285296171894,1.8798412197853987e-06,1.8809617638131867e-06,0.0,5.493954168240211e-06,5.313834869727356e-07,0.12519072563987726,0.13978293446225565,0.05051050865083607,0.0003572367123229074
2016-09-07,0.0008802244982589234,2.9935900099492377e-06,4.002839152801839e-06,0.0,1.1052983750085597e-05,1.081995218457536e-06,0.18955335754565356,0.13177519670086607,-0.05,0.0008610930901276292
2016-09-08,-4.22713237863069e-05,8.467397669264058e-07,2.5961226576375234e-07,0.0,3.2924423057371326e-06,5.432761791834018e-07,0.09985087144759706,0.1410789982266223,0.04980860012381076,-4.721339430391759e-05
2016-09-09,-0.0009379981473210463,9.706435820411738e-06,3.8289124093110605e-06,0.0,6.492785992707961e-06,1.2959237303623379e-06,0.28699017479032973,0.2691028358032447,0.05138764910237195,-0.0009593222052738395
2016-09-12,0.0008983783165517783,3.0339823716204728e-05,1.7972435902149994e-05,0.0,4.094280236570031e-05,8.569057219964815e-06,1.2656738305169912,1.4898677302807402,0.05026611732665098,0.0008005541973477584
2016-09-13,-0.003628246519481409,1.5129602052930786e-05,1.6253918058176648e-05,0.0,2.679112416925053e-05,4.9732602749118886e-06,1.0172555705663766,0.8462033311647983,0.010695604979601037,-0.0036913944240366792
2016-09-14,0.003018726473655312,3.424385002192001e-05,1.4705597868253994e-05,0.0,4.539429440716337e-05,3.1539105030924813e-06,0.6097021992155752,0.47875195520522434,-0.05110500931431247,0.002921228820854882
2016-09-15,-0.0016002538068672475,1.5171227629169148e-05,1.2106538759988081e-05,0.0,3.45633340888716e-05,6.453355441942142e-06,0.9308865989126663,1.1330342921313183,0.0488705778850384,-0.0016685482627872186
2016-09-16,-0.00277133905446294,8.052000633941813e-06,7.2583695826585756e-06,0.0,3.0180473518069992e-05,5.9408618322827275e-06,0.4866404797414633,1.0482748312535626,0.05021004343006463,-0.0028227707600298932
2016-09-19,0.002522147352308092,5.820424035627401e-06,5.899855219633143e-06,0.0,5.71243527620558e-06,6.914658809310278e-06,0.30726576769676084,1.111654456405428,-0.05000822355869883,0.002497799978967316
2016-09-20,-0.00022459298494378316,1.2413382215773293e-05,1.527731886143413e-05,0.0,3.522532415133532e-05,3.925330048017377e-07,1.0936215622987167,0.11591055068978393,0.04996500588309199,-0.00028790154317712765
2016-09-21,0.00043152326004852634,1.8077059381094303e-06,1.8781166639003258e-06,0.0,3.0595966262640178e-06,0.0,0.13254115662387847,0.04999999999999999,0.04999999999999999,0.00042477784082025255
2016-09-22,0.0001916935310174175,4.363202168901003e-06,4.604278040297485e-06,0.0,8.10383959878958e-06,1.497393072965888e-06,0.2853464336312427,0.23515474010022527,-0.016407296158043955,0.00017312481813646356
2016-09-23,0.0004655447768299675,6.5014817291343695e-06,5.145359575913108e-06,0.0,1.4736119596560942e-05,2.7205237622149973e-06,0.4048258159580894,0.5070479920521196,0.050000000000000044,0.0004364412921661441
2016-09-26,-0.0009543829945565466,7.164690135654704e-06,8.822467742295384e-06,0.0,1.4240518051354772e-05,2.0063900216884303e-06,0.5040399286802838,0.30283047786108896,-0.034243045782567316,-0.00098661706050754
2016-09-27,-0.0003770481075202033,4.789303647566564e-06,6.576410354071987e-06,0.0,1.4099396152561201e-05,3.0102533016884977e-06,0.45702183709988886,0.4841742367359193,-0.02154831794774839,-0.00040552347097609154
2016-09-28,0.0012100325043680224,1.137090900873144e-05,1.0849351233270726e-05,0.0,2.135940562210081e-05,3.266249100291306e-06,0.74552809944437,0.49890596024283473,-0.04982388860610472,0.0011631865894036282
2016-09-29,-0.001195351606796552,1.0514365262283686e-05,1.2432643614201821e-05,0.0,2.5861508385013275e-05,7.001101215015108e-06,0.9157033550951079,1.1254176541399732,-0.05076734998256499,-0.0012511612252730658
2016-09-30,0.0007515644564766773,1.1287930589378438e-05,8.092070339838766e-06,0.0,2.8913909615547326e-05,8.554858689501804e-06,0.6710848645492382,1.4870788364972845,0.04986257666098126,0.000694715687242411
2016-10-03,0.0013754197516775049,1.0538105581243392e-05,1.1041568716110046e-05,0.0,2.128387076330743e-05,4.922912376215271e-06,0.692634990270828,0.8768560898725015,0.04980681066833603,0.0013276332942406288
2016-10-04,-0.0033631817000161464,1.215413417014799e-05,8.1373634833336e-06,0.0,3.437058697100208e-05,4.7123826020414565e-06,0.5171872639976981,0.8416802771429648,0.04999999999999999,-0.0034225561672426717
2016-10-05,0.0014054515190900553,2.0368509324448813e-05,1.1803339197575835e-05,0.0,4.376912629602617e-05,5.1767384221568635e-06,0.7706099809425704,0.9196920549223531,0.04999999999999999,0.0013243338058498476
2016-10-06,-0.00029288710593911954,8.628382624377456e-06,7.638283468696721e-06,0.0,9.424658549173018e-06,3.5090258613513686e-06,0.4565911066083191,0.6395163447070298,0.04999999999999999,-0.00032208745644271813
2016-10-07,0.0006297973391644246,8.265347978160233e-06,6.7671370810612635e-06,0.0,1.1250725764531852e-05,3.650540983937599e-06,0.32695404377205056,0.5632544813219023,-0.0500364039796144,0.0005998635873567336
2016-10-10,0.00043779789981049307,5.031814407685393e-06,5.590207039913737e-06,0.0,1.2400069851551992e-05,2.5848200248622e-06,0.3869421504654312,0.38450400359548786,-0.049745760581361737,0.00041219098848647973
2016-10-11,0.0006726495668343713,6.284133089025103e-06,6.305582015469752e-06,0.0,2.518372364218494e-05,1.6171942609699246e-06,0.42253509634846503,0.2532341290343792,-0.018454506808568152,0.0006332589338267216
2016-10-12,0.0019555398155860913,8.072538492005372e-07,8.073644788887702e-07,0.0,3.6046050679225633e-06,1.5744444675942967e-06,0.08508824885550255,0.28085593184253077,0.01634926128668887,0.0019487461477224852
2016-10-13,-2.0732375174721104e-05,3.6661501163519096e-06,5.617351166681912e-06,0.0,1.6932490341140284e-05,8.667007839240803e-07,0.4277227346713927,0.19560573169924547,0.04999999999999999,-4.7815067582819294e-05
2016-10-14,0.0008011890897388926,5.4349919529925685e-06,8.581366468313945e-06,0.0,2.2817716662332647e-05,2.5853659528383136e-06,0.6238396581938844,0.46850359315473145,0.03416211307789482,0.0007617696487024152
2016-10-17,0.0005709176580591657,4.210743400809488e-06,6.072224813875878e-06,0.0,1.282216528379749e-05,5.570656870397712e-07,0.4240453726494634,0.14358703542268153,0.05,0.0005472554588736431
2016-10-18,-0.0004180631726677077,4.054342296709411e-06,4.6914642524540895e-06,0.0,9.504393315047297e-06,2.0070584859350633e-06,0.24324215797821952,0.2872559721455202,-0.04992985349157035,-0.00043832043101785353
2016-10-19,1.1384354760902437e-05,5.4655000329248496e-06,4.182930693174873e-06,0.0,1.0869945892362141e-05,1.1732478134462243e-06,0.3571749099844328,0.24702042947864136,0.049914796819675644,-1.0307269671005649e-05
2016-10-20,0.0005781010108788846,5.424527232973593e-06,6.954811478432535e-06,0.0,1.4778852779217427e-05,1.8388819029357843e-06,0.405140876115849,0.25899431802287143,-0.049937841670340426,0.0005491039374853253
2016-10-21,-0.00029627428594669125,6.236650797665814e-06,4.648750439063905e-06,0.0,9.160139164304206e-06,2.0679959793763023e-06,0.303901549063655,0.2974233245352188,-0.050000000000000024,-0.0003183878223271015
2016-10-24,-0.0027230764181614795,7.665325193394823e-06,5.540157654612674e-06,0.0,1.4494360371425662e-05,1.899258180930836e-06,0.4180768991748973,0.36833821019537333,0.04926283579899299,-0.0027526755195618436
2016-10-25,-0.0004301514768485126,9.781567065525005e-06,7.274176859653861e-06,0.0,2.0162630091451357e-05,2.4282166347569225e-06,0.4980657223042678,0.4579403946391629,0.05000000000000003,-0.0004697980674998997
2016-10-26,-0.00582383752305552,1.0924885058504594e-05,9.413392258475438e-06,0.0,2.2375467058415186e-05,2.553583634087099e-06,0.5316568542228592,0.3790020505266325,-0.049999999999999996,-0.005869104851065002
2016-10-27,-0.0005131840900199156,4.351239548531881e-06,4.560286035771194e-06,0.0,1.4529236505145149e-05,2.687659098442057e-06,0.31528345650564404,0.40192134976816074,-0.049605378770104736,-0.0005393125112078059
2016-10-28,0.0017101373270125223,8.588905732310898e-06,5.9482231943762446e-06,0.0,1.6257968062102794e-05,1.4858073284232415e-06,0.4490366020036094,0.29953865618588804,0.049923025010783495,0.0016778564226953092
2016-10-31,0.00020813541971470364,3.2282731408233777e-05,1.0669087733218672e-05,0.0,4.007389173866613e-05,1.1868726564504199e-06,0.28740346864190375,0.24939460628367055,0.049999999999999996,0.00012392283617813465
2016-11-01,-0.0009326249354904629,2.925702200623455e-05,1.0206568426546091e-05,0.0,4.31918381591896e-05,2.380882317371247e-06,0.6772956596131429,0.4499882293183694,0.04999999999999999,-0.0010176612463998044
2016-11-02,0.0011066672802212392,7.135642646404972e-06,5.517685072873948e-06,0.0,9.337530889909159e-06,1.7799633223221705e-06,0.40854049395064573,0.3490632249415084,0.050029386791383704,0.001082896458289729
2016-11-03,0.0022619001611732356,1.1489848727630832e-05,1.2384294715687082e-05,0.0,1.3587462756069113e-05,5.298813519900371e-06,0.7900693280006075,0.9402006713432624,0.04999999999999999,0.0022191397414539483
2016-11-04,0.0009977086652526203,1.609022334384581e-05,1.0043285139510836e-05,0.0,2.2141464923404975e-05,2.6475346323759047e-06,0.6923545987956786,0.49532224048593565,0.05053642224678366,0.0009467861572134827
2016-11-07,0.0016023282288533144,2.1335299668582234e-05,1.557872718039431e-05,0.0,2.631316309201483e-05,7.515475172428375e-06,0.7583461799196691,1.2156280558420798,-0.04697177312588702,0.0015315855637398946
2016-11-08,0.00048029503001977377,3.721386880817288e-05,2.1321622470076366e-05,0.0,4.539183572254392e-05,4.049885053376365e-06,1.48854835890425,0.6303806889672294,-0.04999999999999996,0.00037231781796560426
2016-11-09,-0.004723278633356687,6.8166261309168876e-06,7.252663416667533e-06,0.0,2.3941295446240826e-05,3.521028572852188e-06,0.508151494000405,0.5382860276639994,-0.05324677257516813,-0.004764810246923364
2016-11-10,-0.004352181309064829,1.7898867477797518e-05,9.734512477156454e-06,0.0,3.8810459205223816e-05,5.1774323823031596e-06,0.682396903153544,0.8184355418235025,-0.05137309840342841,-0.004423802580607311
2016-11-11,-0.0015596643783298053,1.2249980448677301e-05,6.496712332721547e-06,0.0,1.9276835446827383e-05,4.9456220875935955e-06,0.38021333647515426,0.778747410174035,-0.052117100541689027,-0.0016026335286456251
2016-11-14,-0.002849059303782166,1.2389683795215449e-05,1.11754959014721e-05,0.0,2.557040795212236e-05,5.5006834608666835e-06,0.7159026173767298,0.8714066346635495,-0.05270818676205345,-0.0029036955748918424
2016-11-15,0.0021602558483700437,1.647794663454465e-05,1.2973205999477541e-05,0.0,3.160579150384985e-05,5.466873334501325e-06,0.8545048642422407,0.8692776276901673,-0.049157092506055405,0.0020937320308976703
2016-11-16,0.0032473482122528743,7.730928194856696e-06,6.3939746355574465e-06,0.0,9.93092782805584e-06,3.832613823316298e-06,0.393651994658306,0.5945217108874317,-0.04935741142970637,0.003219459767771088
2016-11-17,-0.0005259996181781234,1.3416553619642561e-05,7.165236513500454e-06,0.0,1.5364086059584915e-05,2.9002775699966302e-06,0.4060775907105238,0.4375101787628785,-0.04973645299655545,-0.000564845771940848
2016-11-18,-0.00030550040144997184,1.3619078152742017e-05,8.825784721469377e-06,0.0,1.8964755891296306e-05,3.13485622722429e-06,0.5877008567925536,0.476753693056578,-0.04990215311710269,-0.0003500448764427038
2016-11-21,-0.0017377521661920189,6.395454821078879e-06,6.3991917685773346e-06,0.0,1.0944792384356516e-05,2.2409479788556487e-06,0.40663799879305457,0.3265203295537289,-0.04995893089402006,-0.0017637325531448872
2016-11-22,0.0008454904405051585,3.8127861530362676e-06,3.953743973636547e-06,0.0,9.264994543634167e-06,3.399099125498147e-06,0.2887128612560611,0.522098903971775,-0.04894974911191366,0.0008250598167093533
2016-11-23,-0.0022338096425371886,6.030588953873571e-06,4.010365974472344e-06,0.0,6.633095769801752e-06,2.792534248456712e-06,0.23220593701091485,0.4191154547619587,-0.0500302989787689,-0.002253276227483793
2016-11-28,-0.0004288157852741099,4.187484069842948e-06,3.943612670443038e-06,0.0,7.536634718875758e-06,1.4744322062875088e-06,0.26911625063010364,0.1971924320031835,-0.050512178653118016,-0.0004459579489395591
2016-11-29,0.00010531043544680429,5.995209746925554e-06,3.905937097980816e-06,0.0,8.093102698730916e-06,5.354901662280733e-07,0.2625769407997704,0.06905231021993155,-0.020910037706384742,8.678069573693893e-05
2016-11-30,-0.00047074165301102123,5.599478001120057e-06,6.619820351145755e-06,0.0,1.1934711332010355e-05,3.03101912945907e-06,0.46682607234818463,0.45921121374912366,-0.05000000000000002,-0.0004979266818247565
2016-12-01,0.0009183987368285307,1.9005496874614377e-06,3.2177252704674505e-06,0.0,1.7922400782350024e-06,2.729956857641674e-06,0.22278604262120172,0.40991355564460885,-0.04871919643919227,0.000908758264934725
2016-12-02,0.0008661450307566067,5.020620491732451e-06,4.453332008024571e-06,0.0,7.3490802404595924e-06,1.7154512025952983e-06,0.3594133181892334,0.31574590143660985,0.027550099400599725,0.0008476065468137948
2016-12-05,0.0003460242697092137,9.334200696485097e-06,9.40820210190622e-06,0.0,1.6576596122748087e-05,2.9807870472944744e-06,0.6023712195791503,0.45097547438746705,-0.04979674955800456,0.0003077244837407798
2016-12-06,0.001014400711280911,3.3651560305845776e-06,2.763833634559373e-06,0.0,7.866246800102506e-06,2.8951553624771645e-06,0.18599720609753206,0.4355910004421607,-0.05079510045400287,0.0009975103194531875
2016-12-07,-0.0016481530366634558,3.0091809235621295e-06,3.165061200232168e-06,0.0,6.042121515398511e-06,3.791904397578987e-06,0.22077383279321536,0.5872416105213136,-0.04979832827195618,-0.0016641613047002277
2016-12-08,-0.0001838139535195516,4.905155324640185e-06,5.04730329584448e-06,0.0,1.4143851846248345e-05,3.1236435026272818e-06,0.3366912879688111,0.4747915718416098,-0.049980536599773584,-0.00021103390748891188
2016-12-09,-0.002113880152972953,3.0968269527627943e-06,3.7900011522075617e-06,0.0,5.702642589318361e-06,1.9739466942496473e-06,0.2496509857971068,0.2813101647859052,-0.05031287984803555,-0.0021284435703614914
2016-12-12,0.000206243577327291,6.347783325654198e-06,7.2568106864199426e-06,0.0,1.8898347152482187e-05,1.5627936653617645e-06,0.5530846057717521,0.3127757729101236,0.05022643712934716,0.0001721778424973729
2016-12-13,0.0005251359428429395,3.1596950474199373e-06,4.740203251728955e-06,0.0,1.6497354335539224e-05,4.3563082519825417e-07,0.3514807896668857,0.12318597863330669,0.04999999999999999,0.0005003030593830532
2016-12-14,6.24939158475988e-05,1.466107099191415e-05,3.981199786113806e-06,0.0,1.4846999892457133e-05,1.2221593312205264e-06,0.27954141147409894,0.2553227676450484,0.05,2.778248584589318e-05
2016-12-15,0.0011608277561409217,6.131918310160443e-06,5.699482057804039e-06,0.0,1.0399214261308018e-05,2.206305511732667e-06,0.3654943763443723,0.42173291358183684,0.05107358761074875,0.0011363908359999166
2016-12-16,0.0007154394026665989,3.244261364984006e-05,1.7602394242268865e-05,0.0,4.269442277727612e-05,4.571986625581924e-06,0.8222558720223213,0.8188084640680227,0.0507147109702597,0.0006181279853716318
2016-12-19,-0.0017443538668329166,7.529467776206551e-06,7.025228955692935e-06,0.0,9.721017551792916e-06,1.5470667068305235e-06,0.5114309515439146,0.3100183844983613,0.05011117775083326,-0.0017701766478234395
2016-12-20,2.924942116783422e-05,8.634525203671615e-06,3.332729175975493e-06,0.0,8.266034475843628e-06,3.1843182973077984e-07,0.22893772049459035,0.08246739902744185,0.02897085163267083,8.697700482612705e-06
2016-12-21,0.00033844274309265555,4.382392552480343e-06,1.8638898403058772e-06,0.0,2.3539998889510683e-06,1.775962610640304e-07,0.13127343141887926,0.049458836512501346,0.019622664653744244,0.00032966486454985425
2016-12-22,0.00010693933690567182,7.14329230220898e-07,1.0011152996833728e-06,0.0,9.135527775625875e-07,0.0,0.04951513323695259,0.0,0.0,0.00010431033959820495
2016-12-23,0.0,0.0,0.0,0.0,0.0,0.0,0.0,0.0,0.0,0.0
2016-12-27,0.0,0.0,0.0,0.0,0.0,0.0,0.0,0.0,0.0,0.0
2016-12-28,0.0,0.0,0.0,0.0,0.0,0.0,0.0,0.0,0.0,0.0
2016-12-29,0.0,0.0,0.0,0.0,0.0,0.0,0.0,0.0,0.0,0.0
2016-12-30,0.0,0.0,0.0,0.0,0.0,0.0,0.0,0.0,0.0,0.0
2017-01-03,0.0,1.1880908544224018e-07,3.0859681351893905e-07,0.0,1.1368060003503706e-07,1.285922474164826e-07,0.029010008061510214,0.029010008061510214,0.0074065104955411375,-6.696787464126989e-07
2017-01-04,3.801326370906572e-05,8.502242194451641e-07,2.330031204308927e-06,0.0,5.099172427105764e-07,8.833375068142805e-07,0.12758860044505224,0.09840070114479912,-0.049999999999999996,3.343975353578678e-05
2017-01-05,0.0002599576507687942,3.2405365301830712e-06,3.7869236016745555e-06,0.0,9.747684855152582e-06,2.5393171217988323e-06,0.27805870184648285,0.3766052764622039,-0.04999999999999996,0.00024064318865998517
2017-01-06,0.0006804729302662051,6.016981075309787e-06,7.55082658033096e-06,0.0,1.471752313334835e-05,4.884309044934187e-06,0.5492093347140315,0.7712998775442175,-0.049264042004726005,0.0006473032904322819
2017-01-09,-0.0003116983814615801,5.876874369387404e-06,3.342854335683468e-06,0.0,8.551253907215713e-06,4.260780368308047e-06,0.2969334128806318,0.7417128036463645,0.02590170177061274,-0.00033373014444217476
2017-01-10,-0.0005758680126811372,7.641230227056698e-06,7.256219792049876e-06,0.0,1.0266519874278388e-05,1.4347776696815786e-06,0.46012825508441335,0.2901809327654553,0.04913828425895014,-0.0006024667602442037
2017-01-11,0.0016863433029170249,3.1530839150089956e-06,4.658581209595885e-06,0.0,5.893831541835532e-06,0.0,0.3129561423410309,0.05,0.05,0.0016726378062505846
2017-01-12,4.7650933857587464e-05,3.49073254959941e-07,1.2461921075619817e-06,0.0,4.163675646542571e-07,0.0,0.050047650933857595,0.0,0.0,4.563930093041128e-05
2017-01-13,0.0,0.0,0.0,0.0,0.0,0.0,0.0,0.0,0.0,0.0
2017-01-17,0.0,9.234241772578399e-07,1.3459053838679668e-06,0.0,2.9471649666880937e-06,4.996621863131904e-07,0.133943247300616,0.133943247300616,0.04999999999999999,-5.716156714127091e-06
2017-01-18,0.0005031629308499462,7.955065865940238e-07,1.236254350376018e-06,0.0,1.3714250779883103e-06,9.965764960111156e-07,0.08387900259414935,0.21772503849511674,0.05030018716524928,0.0004987631683389767
2017-01-19,0.00015312710352176405,8.244044474939444e-07,1.2091779746555535e-06,0.0,1.4287683259135896e-06,1.3268151926646214e-06,0.08443965395596205,0.273594018360615,0.050689065992958596,0.00014833793758103634
2017-01-20,0.00045232162409186987,2.7862185071465185e-06,5.155201106517101e-06,0.0,7.132340480851677e-06,1.1226084592743744e-06,0.2900512952018487,0.13859822115809486,-0.05000000000000001,0.0004361252555380802
2017-01-23,0.00030582960410652856,2.3785377796641104e-06,1.550359289884584e-06,0.0,3.921617696376353e-06,3.914872794923974e-07,0.16370996936324506,0.07565172383636001,0.009881860881637231,0.0002975876020611111
2017-01-24,0.0006387485794384893,3.19441472052167e-06,4.4941932445188125e-06,0.0,4.740468903281349e-06,1.6827422968129347e-06,0.26526009719325694,0.232700705864573,-0.05000000000000003,0.0006246367602733546
2017-01-25,-0.000632313504808454,2.8435444945914583e-06,1.9612387042645167e-06,0.0,2.9622929058557976e-06,2.2214756555754146e-06,0.14027815442832128,0.32320791013666955,-0.05,-0.0006423020565687411
2017-01-26,0.0007110593011164093,3.6458246974978457e-06,3.6026035171991154e-06,0.0,3.871730366887311e-06,1.8652034601477249e-06,0.22472078604820178,0.26338456405992006,-0.04996961724489775,0.0006980739390746773
2017-01-27,-0.0004008184557603268,3.4996705116307228e-06,3.5077014077385463e-06,0.0,8.053624207772526e-06,2.2281076805898185e-06,0.23736241060599333,0.32480910488348974,-0.04951298545559976,-0.00041810755956805837
2017-01-30,0.001029827608442813,7.776394304815493e-06,8.551718702305128e-06,0.0,1.6061837772409972e-05,1.6458787392669035e-06,0.6479214989735842,0.32650762819683976,0.05000000000000002,0.0009957917789240153
2017-01-31,0.00017941553646440045,1.6962706936344269e-06,6.751380885395011e-07,0.0,1.5551382305874274e-06,1.6414909700902759e-06,0.05006020614617086,0.32553763979375305,0.04976715681858673,0.00017384749848154882
2017-02-01,0.00045657687706910385,4.790831908289494e-06,3.818423920456032e-06,0.0,7.42086347394694e-06,1.1218062870843986e-06,0.2419964411737336,0.23846345623017892,0.049999999999999975,0.00043942495147932697
2017-02-02,-0.000659261570487293,4.16086495528817e-06,4.748367840219506e-06,0.0,6.705066459574275e-06,4.29529358392022e-07,0.27461088508438625,0.03608046610492985,-0.03608046610492985,-0.0006753053991007669
2017-02-03,-0.00014475944549229052,5.4211441643219886e-08,3.479696910474176e-08,0.0,0.0,2.7192590350895514e-07,0.01338344965566991,0.02284177589475223,-0.02284177589475223,-0.00014512037980654743
2017-02-06,-0.00013202756048396602,1.7973224469307344e-06,1.5999501332735082e-06,0.0,4.206299295197719e-06,9.191203112262607e-07,0.08647904325143398,0.10441221228601177,-0.05000000000000001,-0.00014055025267059425
2017-02-07,0.000537512468372673,3.5355760996000867e-07,3.896169645273591e-07,0.0,6.648500123682034e-07,9.09630064217097e-07,0.028915686428333316,0.10314188186518977,-0.04967596892328255,0.0005351948137216003
2017-02-08,-2.557505872497699e-06,3.87214681959749e-06,2.2786647316774e-06,0.0,9.18089360617106e-06,1.099409029563017e-06,0.14113638485313165,0.13470071696658686,-0.05,-1.8988620059506668e-05
2017-02-09,0.0006962173725155086,4.6866808544542187e-07,4.6177550001260494e-07,0.0,5.645780853238965e-07,9.392627649483697e-07,0.02761666066110294,0.10804364242254078,-0.049752502088785344,0.0006937830880797783
2017-02-10,-0.0004704773738306874,1.261514962116558e-06,6.756867894571935e-07,0.0,3.826852165816579e-06,1.09189503433121e-06,0.08980265981842292,0.18203202193980658,-0.0014063438278366924,-0.00047733332278240896
2017-02-13,0.00011912980114133584,4.869172720367604e-06,4.393911212024668e-06,0.0,8.969024210327021e-06,2.1564238303964877e-06,0.26363355813988615,0.31227920350661,-0.049999999999999975,9.874126916822006e-05
2017-02-14,-0.0013304215857240502,3.400015620138494e-06,3.4279168446530954e-06,0.0,5.453739111119799e-06,3.042487695741565e-07,0.29538620095662793,0.09373928716797053,0.042625493879512234,-0.0013430075060695357
2017-02-15,6.927409125767343e-05,2.8189391557029315e-06,5.3313668704062e-06,0.0,6.169482317195085e-06,1.6137919808357844e-06,0.3148268153676219,0.22111705278041177,-0.04999999999999999,5.3340510933533425e-05
2017-02-16,-0.002723132830925486,3.850384289845901e-06,3.2018205687842264e-06,0.0,5.719741959690604e-06,2.8031788085569232e-06,0.2338510436552142,0.4207355203420362,-0.050198519495526894,-0.0027387079565523637
2017-02-17,-0.0004171045026567351,1.6477045611362241e-06,2.4964795077359315e-06,0.0,3.8339932735873256e-06,2.0291039453752004e-06,0.1714697861270806,0.29105390153059674,-0.049835561292436936,-0.0004271117839445698
2017-02-21,6.858683497354802e-05,5.265403700352808e-06,3.947657144881492e-06,0.0,1.4901414607956259e-05,1.5740209139847686e-06,0.2501071582393891,0.21443551354944104,-0.050000000000000044,4.28983386063727e-05
2017-02-22,0.00013760729884034707,9.236924389569874e-07,9.870668255674802e-07,0.0,2.0798900379593994e-06,1.7119280324696894e-06,0.06890845269913976,0.23763565801402617,-0.049968251440881684,0.0001319047215053935
2017-02-23,0.0002186733363310291,3.7927593504869643e-10,2.5097921268961156e-10,0.0,0.0,1.7120461446687918e-06,9.653046641908136e-05,0.23797070466622544,-0.04965304763813157,0.00021696065993121255
2017-02-24,-0.0004834444069112381,3.968576941846596e-06,5.0954737824479e-06,0.0,1.4540297889857882e-05,8.134533664377275e-07,0.4245672338572004,0.18666016556153822,0.049999999999999996,-0.0005078622088918282
2017-02-27,-0.0005172448008207095,1.0518618528971004e-06,2.3769085577860293e-06,0.0,3.441326043541796e-06,2.8305174858985884e-07,0.16006795707371035,0.07517508171663995,0.02762238795354367,-0.0005243979490235243
2017-02-28,-0.0009325771007731377,1.4877751795841906e-06,2.9121825814883798e-06,0.0,4.415162491597106e-06,6.150519079159832e-07,0.21263155755631594,0.1385171394362114,0.03518841890632625,-0.0009420072729337234
2017-03-01,0.0008068163912548656,5.11682167271038e-06,7.234577317736468e-06,0.0,8.048969656288721e-06,2.684529256065896e-06,0.46911388348365435,0.4010009150190704,-0.05,0.000783731493352064
2017-03-02,0.0019213991674437633,7.875539419998918e-06,5.768295140369088e-06,0.0,1.4185479138394273e-05,1.9124892144124656e-06,0.4047202252185809,0.28824080746272573,-0.033057380558568515,0.0018916573645305886
2017-03-03,2.6630789094726445e-05,6.3114003833810425e-06,5.976640831817978e-06,0.0,2.051102532899389e-05,2.709846834231474e-06,0.4021311381352266,0.4062548554221046,-0.048999412728782984,-8.878124283697936e-06
2017-03-06,-0.0011453392830783516,9.221237542356306e-06,6.376998430438072e-06,0.0,2.630943487808149e-05,0.0,0.43862590128755374,0.05,0.05,-0.0011872469539292274
2017-03-07,-8.252248247184633e-06,1.559361267511357e-06,2.3852597121247652e-06,0.0,4.251677271055569e-06,6.135284895712108e-07,0.12365140117269516,0.10953641212075821,0.006463625872794809,-1.7062074987447536e-05
2017-03-08,-0.0007676000924342934,3.642822767952992e-06,4.204823229491624e-06,0.0,1.1241260812463048e-05,1.7142857142857147e-06,0.23230397421963953,0.23800000000000004,-0.04999999999999999,-0.0007884032849584868
2017-03-09,0.0013842202010521311,2.353828658699666e-06,1.948910469146833e-06,0.0,4.1609547970554145e-06,1.7142857142857147e-06,0.14423401792451285,0.23800000000000007,-0.04999999999999996,0.0013740422214129436
2017-03-10,0.00048104597873381945,5.549342476436941e-06,6.594059383121208e-06,0.0,9.070138012492097e-06,3.6190476190476194e-06,0.5150006517159751,0.6581498343275825,0.05014983432758252,0.0004562133912427216
2017-03-13,-0.0014525575403987094,5.2621978651914315e-06,8.146031516613746e-06,0.0,9.48563802329313e-06,1.5335892853128434e-06,0.5290225018553202,0.2070673280798704,-0.05057567185268728,-0.0014769849970891207
2017-03-14,0.0014884001861012477,4.293900236635524e-06,2.327565507881207e-06,0.0,9.287008502986346e-06,4.761904761904761e-07,0.22899096332679414,0.1309615021105096,0.05096150211050961,0.001472015521377554
2017-03-15,0.0009145147690259732,1.116018195305013e-05,8.8426321496464e-06,0.0,2.8591530571155608e-05,3.6499672376744354e-06,0.6557471647749347,0.6644296022577446,0.05123510632843947,0.0008622704571144466
2017-03-16,-0.0006514775007801182,4.957753398393248e-05,3.0261550796356247e-06,0.0,8.02678515995267e-05,3.927667039854154e-06,0.19490803710235655,0.710483132209859,0.05063506951436125,-0.0007882767084830672
2017-03-17,8.710448372962993e-05,2.3935189595450115e-05,1.0670033703542698e-05,0.0,2.3450182543612307e-05,7.139537467991624e-06,0.6754878325398197,1.1508038669557665,-0.048638427666826134,2.1909540419033183e-05
2017-03-20,0.0012372075033929308,7.731391939454645e-05,2.9818988728173904e-05,0.0,0.00011937158665663246,5.079159832081568e-07,1.1846399043584097,0.11979970227564601,0.03446981709667568,0.0010101950926303697
2017-03-21,-0.0019904542506182558,4.392562447909301e-06,3.3881563929703205e-06,0.0,4.765054906995918e-06,4.761904761904761e-07,0.21298564152640723,0.13,0.05,-0.0020034762148423216
2017-03-22,-7.307048565655645e-05,6.335072524383268e-06,1.1698654619733524e-05,0.0,2.9386180802413347e-05,5.2244897959183684e-06,0.8317021535084208,0.9279599945329657,0.05024570881868007,-0.00012571488339900496
2017-03-23,0.0007468923722764783,7.213361638874931e-06,5.705516435163523e-06,0.0,9.613109124737905e-06,6.174454268135049e-06,0.2945911699055191,0.9906940699003128,-0.046614247146375576,0.0007181859308095669
2017-03-24,0.0013711835146644404,1.0110886345871213e-05,1.6108399901466734e-05,0.0,3.0267976283655837e-05,2.261904761904762e-06,1.1876949741956955,0.32999999999999996,-0.04999999999999999,0.0013124343473715418
2017-03-27,-4.570155609516332e-05,8.839756381430912e-06,7.138686701271431e-06,0.0,1.683926214809292e-05,7.142857142857143e-07,0.49943971146191,0.16999999999999998,0.05,-7.92335470402443e-05
2017-03-28,-8.711466434970774e-05,3.21650524280288e-06,3.7509329905520236e-06,0.0,3.3211531196682988e-06,9.523809523809525e-07,0.18805736578536536,0.11,-0.05,-9.835563665511189e-05
2017-03-29,-0.00041919862508165866,5.590916942915635e-06,1.4330687959299895e-06,0.0,9.398661226824353e-06,3.571428571428572e-07,0.17669083464925753,0.11,0.05,-0.0004359784149044715
2017-03-30,0.0002580934647828031,7.932836057927799e-07,2.690948885251138e-06,0.0,4.271351861221221e-06,5.952380952380952e-07,0.1174850017557397,0.05,-0.05,0.00024974264233529987
2017-03-31,-2.0219219710885896e-05,3.8224739652846096e-06,5.332324945128027e-06,0.0,9.143031182601855e-06,2.738095238095238e-06,0.3985994572503735,0.41,-0.04999999999999999,-4.125514504199562e-05
2017-04-03,0.0003593621399834834,3.858670814278477e-06,4.759995584786945e-06,0.0,9.935193246199828e-06,0.0,0.40966547970089295,0.05,0.05,0.0003408082803382182
2017-04-04,0.0008212041387210985,2.23482210809356e-06,2.8537296578419416e-06,0.0,1.1300851971588447e-06,7.142857142857143e-07,0.1851773265471799,0.17,0.05000000000000002,0.0008142712160437184
2017-04-05,-0.0006988072930547023,7.124260896242932e-07,1.1210743003548597e-06,0.0,1.124390483184416e-06,7.161761925767218e-07,0.040837087974523206,0.12878170508531137,0.008464104732422116,-0.0007024813601204426
2017-04-06,0.0009204622115644535,6.883636557632947e-07,9.371159466926479e-07,0.0,1.6805872974169406e-07,1.0714285714285714e-06,0.06717791176835149,0.19542441078115141,0.015424410781151435,0.0009175972446608273
2017-04-07,0.00023713629492487447,2.240874206560915e-06,1.4779918977280939e-06,0.0,2.9642962811251988e-06,1.0714285714285714e-06,0.1380475899834615,0.22999999999999998,0.05,0.0002293817039680317
2017-04-10,-0.0007722966544888329,3.853098331146933e-06,4.0426679257748105e-06,0.0,3.956264299669127e-06,0.0,0.23168188305047316,0.0,0.0,-0.0007841486850454238
2017-04-11,0.0,0.0,0.0,0.0,0.0,0.0,0.0,0.0,0.0,0.0
2017-04-12,0.0,1.4597348703489165e-05,3.529485736279676e-06,0.0,1.247161037696506e-05,1.1904761904761904e-06,0.18781110550760538,0.18781110550760538,-0.012188894492394617,-3.1788921007210094e-05
2017-04-13,5.478904882286217e-05,4.539062354297242e-06,2.5818955309149683e-06,0.0,3.4575039740321717e-06,1.6666666666666665e-06,0.17282128630724894,0.32999999999999996,0.04999999999999999,4.2543920296951116e-05
2017-04-17,0.0012251506123687967,9.008972496753054e-06,1.0742288091977193e-05,0.0,1.7773244569233068e-05,5.80952380952381e-06,0.6939570126031066,1.026252741722419,0.050252741722419,0.0011818165834013095
2017-04-18,0.0005841304374812783,1.8191020190297794e-05,7.805272373503054e-06,0.0,2.235603112180686e-05,3.3537122273364023e-06,0.5819428023701899,0.6126179005180665,0.04919424632555111,0.0005324244015683342
2017-04-19,-0.0005528976035318576,1.0831404505424623e-05,8.343119493251707e-06,0.0,2.2609378276523867e-05,2.1428571428571427e-06,0.5024615864291383,0.41036498874332,0.05036498874332,-0.0005968243629499149
2017-04-20,0.0021288789902429678,1.8815949692439742e-05,6.38476217677596e-06,0.0,1.7891064817822674e-05,1.6666666666666665e-06,0.21350645086228504,0.32999999999999996,0.049999999999999975,0.0020841205468892627
2017-04-21,0.0007272089077071585,5.9494888379228505e-06,5.287375284648436e-06,0.0,1.0211385205855955e-05,1.1558330589578641e-06,0.3850887463116254,0.243700617610863,0.04952066370594184,0.0007046048253197734
2017-04-24,0.0010155545599888258,5.682662416705951e-06,4.583159921923895e-06,0.0,9.319891740780796e-06,2.298413573996283e-06,0.34033009379942275,0.4361379306103651,0.05000445017898955,0.0009936704323354189
2017-04-25,0.0007820420907632705,5.752868874930312e-06,5.281646089749598e-06,0.0,1.2321276324933475e-05,3.1079383334942153e-06,0.34600315699635054,0.5719787093900974,0.049845069363069344,0.0007555783611401629
2017-04-26,0.0015247262712690833,9.866990346199679e-06,9.820505604284107e-06,0.0,2.1600868471435083e-05,4.687348239652753e-06,0.5791961972899514,0.7374745042616625,-0.04999999999999999,0.0014787505586075116
2017-04-27,0.00021568284546223375,3.4008304137946704e-06,4.856678547606087e-06,0.0,5.2234837823618684e-06,3.4576831176361167e-06,0.333743326652769,0.5316213837173089,-0.04926938004555864,0.000198744169600835
2017-04-28,-0.0033484447220632437,1.2329128623925787e-05,1.024194032780979e-05,0.0,2.393308436835317e-05,2.7142857142857144e-06,0.7730130203311019,0.5061926250812931,0.050192625081293143,-0.0033976631610976183
2017-05-01,-0.0002302554667095319,1.1974484070776308e-05,1.0630482546650458e-05,0.0,2.4236171949240623e-05,4.4587307473357164e-06,0.7307244031714317,0.7981261254498524,0.04905935989745218,-0.000281555336023535
2017-05-02,0.0023252914974911526,3.41291740151594e-05,2.3969204074875427e-05,0.0,4.141253225908195e-05,8.419211393194457e-06,1.5668753846286685,1.4644275140566685,0.050000000000000155,0.0022173613757488415
2017-05-03,-0.001114534801691513,1.152739855560325e-05,1.0607260811860925e-05,0.0,2.750094334901602e-05,6.569553364802308e-06,0.7334368015952143,1.15487782298834,0.05119285770155224,-0.0011707399577727956
2017-05-04,0.0002597151955369458,8.998241835590533e-06,9.572355385784119e-06,0.0,2.5081245602868656e-05,4.94158453408638e-06,0.6631596456091573,0.88029220477513,0.050106003048618286,0.00021112176817861608
2017-05-05,0.0003672039443029231,2.1841483901955385e-05,1.4250617086662408e-05,0.0,3.1552079269190094e-05,3.355664966032638e-06,0.686838160069946,0.5140647719115138,-0.049686942381969246,0.0002962040990790826
2017-05-08,0.001991311047780683,3.3638102744091352e-06,4.8383827553633055e-06,0.0,1.309617670254714e-05,3.6547619047619053e-06,0.4198228538270199,0.6639999999999999,0.04999999999999999,0.0019663579161436017
2017-05-09,-0.0006064477425927769,8.743111936261247e-06,7.77651856190516e-06,0.0,2.2618603088462622e-05,3.7142857142857146e-06,0.4746064477425928,0.6739999999999999,0.04999999999999999,-0.0006493002618936916
2017-05-10,0.001698891443749196,5.567166520367665e-06,5.202279576872245e-06,0.0,1.1233090519491548e-05,2.355107715004042e-06,0.38003553202827045,0.4456580961206791,0.04999999999999999,0.0016745337994174604
2017-05-11,0.0018354646901352185,4.458046817650069e-06,3.090046429217248e-06,0.0,4.888375529190428e-06,2.0602401120766412e-06,0.21535779681912837,0.39612033882887565,0.04999999999999999,0.0018209679812470842
2017-05-12,0.001152123413575653,1.0705897653469844e-05,8.711487656134585e-06,0.0,2.8904555806770105e-05,1.6797426070062948e-06,0.58913527701702,0.33252695041710023,0.05033019244004266,0.0011021217298522721
2017-05-15,-0.0010979989978154897,9.795386496720327e-06,9.269036530087332e-06,0.0,2.4853742058794e-05,2.3809523809523808e-06,0.5849401674657055,0.45,0.04999999999999999,-0.0011442981152820439
2017-05-16,-0.004891954643306674,7.588066531003107e-06,8.302557596316509e-06,0.0,1.3907458834970763e-05,2.2142857142857146e-06,0.6100077384512842,0.42199999999999993,0.04999999999999999,-0.00492396701198325
2017-05-17,-0.0002556525372873461,1.7899109330740546e-05,1.789564659593068e-05,0.0,4.754022192843867e-05,8.939604884366894e-06,1.3336667166571543,1.5526410960011048,0.050787475427466644,-0.0003479271200268229
2017-05-18,-0.0026597048537214626,1.772739804109242e-05,1.2233448022384997e-05,0.0,3.782709490385221e-05,8.250178515806149e-06,0.7347500551960138,1.4367562670075213,0.050726276352088595,-0.0027357429732045983
2017-05-19,-0.006655966575297229,1.565700340022487e-05,1.4893359009648174e-05,0.0,3.088245880211802e-05,8.246843674989598e-06,0.903504841177657,1.3307896270362984,-0.05468011036195436,-0.00672564624018421
2017-05-22,-0.0009775124039032369,1.946847793057786e-05,1.2286468807243838e-05,0.0,2.9823034700508006e-05,5.231985771913893e-06,0.7591057620612753,0.8291296162160009,-0.0498439934655332,-0.0010443223711134805
2017-05-23,0.0020666229129132677,2.8133661745208142e-06,3.747309129299752e-06,0.0,5.455612670607638e-06,4.206013869261936e-06,0.2590247566152032,0.6584902516256116,-0.048120078410393535,0.0020504006110695777
2017-05-24,-0.0006359063520174733,5.13635683481704e-06,5.312938340030924e-06,0.0,5.392144193345954e-06,2.0993551760635976e-06,0.35704494727856695,0.30443428312747023,-0.04825738645121422,-0.0006538471465617308
2017-05-25,-0.0005489487343275892,3.1164591706995468e-06,5.215048926064581e-06,0.0,1.0544718136872576e-05,1.5476190476190474e-06,0.3610143497532792,0.20999999999999996,-0.04999999999999997,-0.000569372579608845
2017-05-26,0.0009669493032822523,1.028810843727451e-06,2.234084733629511e-06,0.0,4.845554321635166e-06,1.0719178900211516e-06,0.16481119887129853,0.13004110276177674,-0.05004110276177673,0.0009577689354932391
2017-05-30,-0.0008284072542497267,8.896840288047693e-07,7.909698818377475e-07,0.0,1.7305609563364828e-06,8.028711042706871e-07,0.08707184992022125,0.12144117275873771,-0.013441172758737713,-0.0008326213402209764
2017-05-31,-0.00033082292708356057,6.898029412660034e-06,8.201229928289351e-06,0.0,2.482271033554711e-05,3e-06,0.5989703291535071,0.554,0.04999999999999999,-0.00037374489676005707
2017-06-01,-0.0009248117084127591,4.815720862535284e-06,5.268006116675793e-06,0.0,1.7822968594952437e-05,1.3042819523228192e-06,0.36955085297937273,0.2694470524307334,0.050327684440499815,-0.0009540226859392454
2017-06-02,0.0005328361858728476,6.31135574827547e-06,6.3329445062914414e-06,0.0,6.572952621002815e-06,1.5899486625836831e-06,0.4112699295989124,0.24013159529453362,-0.02697978001952514,0.0005120289843346941
2017-06-05,0.00016722898580871822,5.654701156553364e-06,6.4018600303607764e-06,0.0,7.144398026984132e-06,3.935269741575619e-06,0.45199219876556695,0.6112681174663641,-0.049857199118339746,0.00014409275685324432
2017-06-06,0.0006376357553150681,8.339956152958237e-06,5.386290038300183e-06,0.0,7.201935392772479e-06,3.0934931933531656e-06,0.40098697310506004,0.5211555201886886,0.001448663705356762,0.000613614080537684
2017-06-07,0.0008024389026367732,6.645281574138686e-06,4.770656302400724e-06,0.0,1.4003623526079921e-05,3.595093802158139e-06,0.354762006010881,0.6543077368840755,0.0503319781215083,0.0007734242474319958
2017-06-08,0.001317077678756038,7.846755487745652e-06,8.108071924596129e-06,0.0,1.7357198278550568e-05,3.5057494876595267e-06,0.5146641015422703,0.6401784734543698,0.051212559527569465,0.001280259903577486
2017-06-09,0.005048548320313804,2.090120862239624e-05,2.7191555393768472e-05,0.0,4.8488375397423014e-05,1.1476093964561894e-05,1.7781786908978214,1.9822522267333162,0.05426844068691816,0.004940491086935655
2017-06-12,-0.005727586918106289,1.836047792137424e-05,1.727073977407255e-05,0.0,3.9661784088181845e-05,9.859410430839004e-06,1.0990381015557635,1.6391209139859995,-0.01726003839495316,-0.005812739330320756
2017-06-13,-0.0028858944114980405,1.9254847963672565e-05,2.2676718828321974e-05,0.0,4.120892395506587e-05,2.768041030221027e-06,1.6425458306107978,0.420338202741328,-0.04469269033580451,-0.002971802943275322
2017-06-14,0.0012648115690091766,3.295202619108611e-06,3.1336687696172455e-06,0.0,2.67710181725017e-06,3.2023703484739395e-06,0.2256277424124885,0.4930165391971915,-0.04498167934643042,0.0012525032254547266
2017-06-15,-0.0001806282969601089,5.0737345240715934e-06,4.771020448458824e-06,0.0,6.160252490178186e-06,2.2760070981934797e-06,0.31537621325845533,0.3340705303999109,-0.04829866209659371,-0.000198909311521011
2017-06-16,-0.0005106739121028733,1.0097745185049062e-05,1.3121426971043615e-05,0.0,1.9980393247741755e-05,4.184343410043799e-06,0.9732751447541375,0.7528851456061172,0.04991545271875891,-0.0005580578209167515
2017-06-19,0.0026895841811209417,5.724013230051595e-06,6.411328472777545e-06,0.0,1.2043249699241108e-05,3.117806374033526e-06,0.39143848401547093,0.5143869095128584,-0.009404561324774019,0.002662287783344838
2017-06-20,0.000738040786294114,3.552955918247485e-06,3.0172525889990003e-06,0.0,7.500125332088701e-06,3.0403501943035306e-06,0.2508256279023132,0.5607540905346261,0.04997525789163304,0.0007209301022604753
2017-06-21,0.0010448342521815481,8.709558763084143e-06,9.467764429786522e-06,0.0,1.0754381744804422e-05,4.99860782126997e-06,0.6170889579114373,0.8906508132293416,0.050884699255986765,0.0010109039394226031
2017-06-22,-0.0008267029270012632,8.99490624229198e-06,8.622151022985912e-06,0.0,1.133639770953407e-05,4.0581774983609706e-06,0.6151231549682543,0.7320763720162309,0.050302552291587754,-0.0008597145594744361
2017-06-23,0.0004932088837364133,1.4481587889418794e-05,1.8925185964294422e-05,0.0,4.109167675265685e-05,7.984456843079925e-06,1.3000553830852062,1.3926597508336775,0.051271001196250165,0.00041072597628696335
2017-06-26,0.002729690295131861,1.3185175969051049e-05,1.6368972998271163e-05,0.0,3.152856627509566e-05,2.673617848158115e-06,1.182871278908034,0.5006092333978001,0.05144143490723686,0.0026659339620412853
2017-06-27,0.0013208722152354985,1.2524760312690257e-05,1.0808297709320541e-05,0.0,2.729712645269345e-05,2.44537887088638e-06,0.7163937302327346,0.4608236503089117,0.04999999999999999,0.001267796651889908
2017-06-28,0.0008874884592371171,8.761882707183538e-06,9.538957987526786e-06,0.0,1.6240377870959797e-05,3.881875107362206e-06,0.5887205955750819,0.6028054821536389,-0.04934953588321164,0.0008490653655640847
2017-06-29,-0.000628403395639207,8.837335559313755e-06,1.2356273697405589e-05,0.0,2.923706879536369e-05,6.98570849508045e-06,0.8838104021445002,1.1232540940844387,-0.05034493308907684,-0.0006858197821863704
2017-06-30,0.002015320261912712,1.292331218249406e-05,1.4493729658875002e-05,0.0,2.0764590886105375e-05,9.232225268020538e-06,1.0458839413604897,1.501078922449948,-0.04993492257750254,0.001957906403917217
2017-07-05,0.0012871997776673695,9.593589241377924e-06,1.2443148567681834e-05,0.0,1.6633501393060058e-05,3.7699598424609775e-06,0.9446203963086963,0.6837955833320805,0.05044232979863639,0.0012447595786227886
2017-07-06,0.0002329907553423125,3.518496992756365e-05,2.400783172809927e-05,0.0,3.8680030739546355e-05,4.924448108336034e-06,1.2466189316902418,0.8773072822004537,0.050000000000000044,0.00013019347483876717
2017-07-07,-0.0018949962207223381,9.763334879574394e-06,7.381187535870789e-06,0.0,1.4793780888312746e-05,4.875154352837946e-06,0.5115196765724903,0.8679164935898684,0.048890562313093466,-0.001931809678378934
2017-07-10,0.0001949273703124009,2.9325421615439895e-05,6.356001980726563e-06,0.0,2.859469112861756e-05,4.1737455567408345e-06,0.43451970025928666,0.7498441375566987,0.04865488402423866,0.00012647751003087604
2017-07-11,0.0003632394248484421,1.9285232805070634e-05,1.432551780490711e-05,0.0,3.1147322412879176e-05,3.77717041799439e-06,1.0115545427844808,0.6852400026465761,0.05067537242351855,0.0002947041814075908
2017-07-12,-0.0011111140126040945,1.3183127838331987e-05,8.977516217496735e-06,0.0,2.1849427366116505e-05,3.962585034013605e-06,0.4043735030683563,0.6157142857142857,-0.05000000000000002,-0.0011590866690600534
2017-07-13,0.0022364550326620723,7.917542220856448e-06,5.762141323434582e-06,0.0,1.757849440158609e-05,2.1428571428571427e-06,0.37030175442099955,0.31,-0.04999999999999999,0.002203053997573338
2017-07-14,-0.0005932697974602985,1.3209522658199074e-06,2.6171977952072654e-06,0.0,7.2556662592823325e-06,2.571428571428571e-06,0.19132794868993466,0.382078781512605,-0.04992121848739495,-0.0006070350423520366
2017-07-17,-0.0006484692212403443,2.559711894965516e-06,4.906814100681808e-06,0.0,4.542787761204874e-06,2.6873300547376844e-07,0.43125686653773043,0.09528436366380066,0.05013721874420757,-0.0006607472680026703
2017-07-18,-0.00013023200919549575,1.7358635354795222e-06,5.018365285413935e-06,0.0,3.543227504225809e-06,1.4285714285714286e-06,0.28548955525155695,0.19,-0.05,-0.00014195803694918644
2017-07-19,-0.00016317081811409882,1.4230716722409888e-06,1.9865213937490197e-06,0.0,2.9653640199449856e-06,1.9047619047619047e-06,0.14102596215095067,0.26999999999999996,-0.049999999999999996,-0.00017145053710479572
2017-07-20,-8.478795204597907e-05,4.120917866090192e-06,3.4495236888663234e-06,0.0,7.166005627351812e-06,5.755000368715942e-07,0.3018414486280291,0.14654381927853996,0.04985981308411215,-0.00010009989926515898
2017-07-21,-0.00012982234979549623,1.2108539969416636e-06,3.226060691076214e-06,0.0,2.702214069427299e-06,1.6599016050087477e-06,0.155219790718007,0.22858000803641176,-0.0502834616050578,-0.00013862138015795016
2017-07-24,0.0003550729193764856,4.689650549159132e-06,4.394952846948645e-06,0.0,7.70398506631283e-06,2.413525218201916e-06,0.36912566324317175,0.41073611832896095,0.005263881671039028,0.00033587080569586305
2017-07-25,-0.00018366688287880262,4.165148308898956e-06,3.535369752033123e-06,0.0,1.3639482389736748e-05,1.8781806157641285e-06,0.2835364314401723,0.36637383366607196,0.0508394902176984,-0.00020688506394523558
2017-07-26,0.002212404090117168,4.952558410958284e-06,5.58763844073544e-06,0.0,2.0982692603121953e-05,2.380952380952381e-06,0.3912823787795023,0.44978636230611646,0.04978636230611644,0.0021785002482813997
2017-07-27,0.0037710795369105135,3.887568399144192e-06,4.399159703428212e-06,0.0,1.1776986059478922e-05,1.1183315962847126e-06,0.2752113313575773,0.2367969969450587,0.04891728876922701,0.0037498974911521774
2017-07-28,0.0013314724209690396,1.0257451460486908e-05,1.3042744038923627e-05,0.0,2.5394257423645786e-05,5.119047619047619e-06,0.8766452883718974,0.81,-0.04999999999999999,0.0012776589204269357
2017-07-31,-0.0021062248500808736,8.030552506261922e-06,7.851190361995955e-06,0.0,3.00655263465462e-05,4.249529889602797e-06,0.5646653884246307,0.7249605107266349,0.011039489273365066,-0.0021564216491852806
2017-08-01,-0.003900008203536528,5.250711181951765e-06,5.068103517524048e-06,0.0,1.4869730918404362e-05,3.502313925515612e-06,0.37104622141904564,0.6381543974061397,0.04976565791951698,-0.003928699063079924
2017-08-02,0.00012102321167473,3.891385960392222e-06,5.739583994709201e-06,0.0,6.0339539340550615e-06,3.341919929477694e-06,0.36326296782656886,0.5763521212670384,0.014909573114785912,0.00010201636785609582
2017-08-03,0.0007375775954592419,7.303094386205141e-06,8.330794903302163e-06,0.0,8.130511565466573e-06,2.3078748213433037e-06,0.5920018098075364,0.4377736858828454,0.05005071589717043,0.0007115053197829247
2017-08-04,0.001259165752995475,2.022031204006594e-05,1.263513063949799e-05,0.0,2.4345424139875353e-05,2.904761904761904e-06,0.6689509772700507,0.438,-0.05,0.0011990601242712739
2017-08-07,0.0018276031979895181,1.0296841464917453e-05,2.2956608897448755e-06,0.0,6.345178561477883e-06,1.9530810608977727e-06,0.20205350631716806,0.3780588091154129,0.049941190884587094,0.00180671243601248
2017-08-08,-0.0004257642912417666,4.930389243588305e-06,3.582643486350073e-06,0.0,7.685069186896318e-06,1.4761904761904762e-06,0.20618835099583624,0.298,0.04999999999999999,-0.0004434385836347918
2017-08-09,0.0007364697031655216,5.351012779374379e-06,4.300614958740267e-06,0.0,1.0092759461248929e-05,9.523809523809522e-07,0.2734827437455528,0.18376459297287306,0.02376459297287309,0.0007157729350137771
2017-08-10,0.0004907326500133192,3.899753750527887e-06,3.790683994340497e-06,0.0,1.2298417443310531e-05,1.1224489795918367e-06,0.2837961726617897,0.23857142857142857,0.05000000000000001,0.00046962134584554847
2017-08-11,-0.003277415809197849,3.998707747714128e-06,3.5691023846119953e-06,0.0,9.84441009109387e-06,1.802721088435374e-06,0.25719601871625725,0.35315034458305183,0.05029320172590903,-0.0032966307505097043
2017-08-14,0.0010477427422100217,6.510923913222858e-06,3.4314215193514595e-06,0.0,1.1061117400204248e-05,2.7614322431256515e-06,0.2419315549667256,0.5147762401333458,0.05085562328823635,0.0010239778471341175
2017-08-15,0.0007163262663474757,1.0994121897584339e-05,1.0477418224404674e-05,0.0,2.5696718005238607e-05,2.1379859256666486e-06,0.6818856638894735,0.3915908177559985,0.03240918224400148,0.0006670200222945815
2017-08-16,-9.120087022495458e-05,5.076240498808496e-06,6.991121617062775e-06,0.0,7.60181732820223e-06,3.7857142857142856e-06,0.42704339124108887,0.5864795600561912,-0.04952043994380889,-0.00011465576395474237
2017-08-17,0.001862571559743371,9.840274411565872e-06,8.416950788945292e-06,0.0,2.1986760753841523e-05,2.534013605442177e-06,0.5530293709447378,0.3757142857142857,-0.04999999999999999,0.001819793560183576
2017-08-18,0.0004869049616930308,5.904666525855049e-06,4.175630304017406e-06,0.0,1.532327578832977e-05,2.4523809523809526e-06,0.2516308219387975,0.362,-0.04999999999999999,0.0004590490081224476
2017-08-21,-0.001804694381823182,2.832193213943758e-06,2.884307591669001e-06,0.0,1.3561155788277885e-05,2.304988927859531e-06,0.1871654669334717,0.3373484876594369,-0.049889652220964364,-0.0018262770273449322
2017-08-22,-0.0007878737563413385,4.459212611098368e-06,4.441717408737301e-06,0.0,1.1527302028539885e-05,1.513605442176871e-06,0.30614842214764004,0.2042857142857143,-0.05000000000000002,-0.000809815593831891
2017-08-23,0.0003344249137506467,1.6432695567447634e-06,2.7952984348096883e-06,0.0,4.4076476435955235e-06,2.753714226889035e-06,0.209054329551766,0.41274056648725044,-0.04988342363010756,0.00032282498388860767
2017-08-24,0.0010600927320015417,4.5579074894099466e-06,4.427536984192161e-06,0.0,1.3073034383779837e-05,2.796471057198296e-06,0.283485508259153,0.42004846358945286,-0.049758674019860866,0.0010352377820869614
2017-08-25,0.0004557989777724419,7.627747093381548e-06,6.73892998539938e-06,0.0,1.8610843325511447e-05,2.2619047619047613e-06,0.45952505261232923,0.3299999999999999,-0.04999999999999999,0.00042055955260624476
2017-08-28,-0.000624673985534226,4.5645660841442535e-07,5.399507913602139e-07,0.0,5.894330424692497e-07,2.4972786696288112e-06,0.04107407014396375,0.36977140824882004,-0.04977140824882015,-0.0006287571046460987
2017-08-29,-0.001081523393613673,4.965536146218923e-06,4.155690925012809e-06,0.0,5.810319621885163e-06,1.3095238095238096e-06,0.27904522616774075,0.16990527740189443,-0.05009472259810556,-0.0010977644641163137
2017-08-30,0.00014994244029917334,2.164795550386523e-06,2.0327794841793134e-06,0.0,1.938442390144855e-06,8.333333333333333e-07,0.1207827907081158,0.08986081577421226,-0.050139184225787746,0.0001429730895411293
2017-08-31,0.0004876232134993076,1.6440691373940112e-06,3.0372426725195744e-06,0.0,5.701180035409408e-06,2.182651765807578e-06,0.22769698665828925,0.31733694898509535,-0.0493485476705777,0.00047505806988817705
2017-09-01,0.0003903444882375124,6.183735223707971e-07,1.3165757429237321e-06,0.0,9.84656127587844e-07,2.6335310609288977e-06,0.09614241908086407,0.39321660911802736,-0.04921660911802739,0.0003847913517837011
2017-09-05,-0.0001273379513465547,2.8066148060124316e-06,4.76808242794453e-06,0.0,8.951940814202585e-06,1.5952380952380953e-06,0.3387313824541419,0.21800869965291791,-0.0499913003470821,-0.00014545982748995234
2017-09-06,-0.0010199256795936985,2.8223480335370656e-06,4.070454450246504e-06,0.0,1.1576122096344729e-05,2.4994490605015094e-06,0.29072779463218745,0.3698490161411686,-0.050058426023084995,-0.0010408940532343283
2017-09-07,0.0007950922581733372,5.775123133455274e-06,5.775899705508977e-06,0.0,4.5374557136051745e-06,1.7940968246230484e-06,0.3515194351735921,0.25069272063623993,-0.05071554590043223,0.0007772096827961447
2017-09-08,0.0019072186406612322,4.251171976664878e-06,5.6005342330303585e-06,0.0,1.3995544333743818e-05,3.278452405662786e-06,0.39301188890383154,0.5005625317977334,-0.050217472353614664,0.0018800929377121303
2017-09-11,0.0022799175911751486,6.5802810119321735e-06,5.594649926241819e-06,0.0,1.330224322637572e-05,2.505856068389986e-06,0.3872337846706967,0.3709790475579242,-0.05000477193159336,0.002251934560942209
2017-09-12,-0.0012853857051039791,8.505593216931905e-06,8.417354521274136e-06,0.0,2.3464415789460104e-05,3.241685615839065e-06,0.5724897962492755,0.49475204433214187,-0.04985113912882104,-0.0013290147542474842
2017-09-13,-0.0005690446703108584,7.752335636944722e-06,7.283802041735706e-06,0.0,1.0775724845971093e-05,2.0634920634920634e-06,0.5146958046177807,0.2961892583120204,-0.05047740835464619,-0.0005969200248990019
2017-09-14,-0.001195593952851136,6.268644356709017e-06,5.2705309980091935e-06,0.0,1.757346744068644e-05,3.1162303958833437e-06,0.35953699129983985,0.4731273771246186,-0.05039932938378315,-0.001227822826042424
2017-09-15,0.00011651034626717815,9.381360397873558e-06,1.0117469360661838e-05,0.0,2.9976061499899898e-05,2.5464202276152166e-06,0.7423147033525892,0.4658064470292317,0.038007848789875315,6.448903478112764e-05
2017-09-18,-0.001574713469993476,5.0973689496376e-06,7.940937772944551e-06,0.0,1.253395453486009e-05,3.38666212302883e-06,0.5193520081571885,0.5204796183344217,-0.04847961833442174,-0.001603672393373947
2017-09-19,-0.0007414287741191547,4.614816328993296e-06,7.936801482352522e-06,0.0,2.204018270404469e-05,4.547619047619048e-06,0.5880443183220996,0.7138038203407331,-0.050196179659266926,-0.0007805681936821642
2017-09-20,0.0019170739282737981,4.468732983296607e-06,7.070251241601086e-06,0.0,1.155650215209988e-05,3.9761904761904764e-06,0.4859603062576797,0.6184377997469235,-0.049562200253076616,0.00189000225142061
2017-09-21,0.0025626793321317947,5.0417426280020985e-06,6.215566745541993e-06,0.0,1.8877509511728245e-05,2.498764072781606e-06,0.4303821327749843,0.37075854821605236,-0.049033816011257406,0.0025300457491737407
2017-09-22,0.0025650222671820965,6.722195934834374e-06,5.614640527904887e-06,0.0,1.1798042764601496e-05,1.3608248766430591e-06,0.3228574793274738,0.17971837964759127,-0.048900199628442644,0.0025395265630781126
2017-09-25,-0.004081592178935585,6.4129240370388685e-06,7.34156992024045e-06,0.0,1.152750280034987e-05,3.214285714285714e-06,0.5570869892120086,0.5899999999999999,0.04999999999999999,-0.0041100884614075
2017-09-26,-0.0007928581618897934,9.684395420791651e-06,1.214509933315029e-05,0.0,2.3143293283645364e-05,3.4946495452113436e-06,0.8897801541154334,0.6375505617977528,0.05044943820224716,-0.000841325599472592
2017-09-27,-0.0005452576381556836,4.934500790721208e-05,1.3931649296089567e-05,0.0,6.106728547152949e-05,7.167989132112754e-06,0.9261562046714513,1.1546825156689,-0.04953965852604281,-0.0006767695699626275
2017-09-28,0.001211508066939955,8.898442538975558e-06,8.625630155413454e-06,0.0,1.576649619320411e-05,4.329994110676655e-06,0.5740802602350946,0.677719505296839,-0.049719505296838995,0.0011738875039416852
2017-09-29,-0.000555551659918789,3.830322275502636e-06,4.895767713164457e-06,0.0,1.0243571614739205e-05,3.259840914042527e-06,0.42781804548461805,0.5978266367795722,0.05017336322042773,-0.0005777811624362378
2017-10-02,0.0011072204908654081,4.626274643365494e-05,2.0680636193442693e-05,0.0,6.476763795712831e-05,8.571428571428573e-07,0.7952811673685178,0.19400000000000003,0.050000000000000024,0.0009746523274240393
2017-10-03,0.00020039950060648948,3.244416868472923e-06,4.495866451428521e-06,0.0,1.6327988930316897e-05,2.756716245820362e-06,0.319847309213589,0.5131760380120165,0.050047708714195546,0.00017357451211045077
2017-10-04,-0.0004026387550679509,1.0314574717653452e-05,7.616374212963993e-06,0.0,2.0543630250264832e-05,2.8173655629398734e-06,0.49638014986315504,0.5226587072869494,0.0493412927130506,-0.000443930699811773
2017-10-05,0.0007357101460944667,6.5224243706962735e-06,8.462937841898518e-06,0.0,1.4548282864373468e-05,7.966491646136087e-07,0.5500068407588523,0.10691852982754312,-0.026918529827543128,0.0007053798518528848
2017-10-06,-3.582885812963382e-05,2.1652829547798497e-06,2.2602914488397397e-06,0.0,3.7338078850283653e-06,5.99613517880951e-07,0.19236416490619682,0.12561053614753137,0.02487546514353161,-4.4587853936162726e-05
2017-10-09,-0.0009628154900104426,1.1996818271459793e-06,2.4246296239947483e-06,0.0,3.168268469636304e-06,1.1940000076111066e-06,0.1138517058701138,0.14966740028802197,-0.05092460099064393,-0.0009708020699388308
2017-10-10,8.729980118573164e-05,2.2925782027261404e-06,3.346011084422791e-06,0.0,5.066936803186137e-06,1.4571794525397406e-06,0.31591348848071066,0.29500312129777106,0.05019697327109465,7.513709564285683e-05
2017-10-11,-0.00012455337919407063,2.0268932783358816e-06,4.794232769498108e-06,0.0,2.5640096041631636e-06,9.778209072049734e-07,0.2852150080099002,0.12213695620521775,-0.04213695620521776,-0.00013491633575327277
2017-10-12,-0.002984210595172847,2.003681615342753e-06,2.9399039016721474e-06,0.0,7.6278432668843686e-06,1.4285714285714286e-06,0.2034870676719239,0.19,-0.05,-0.0029982105953853177
2017-10-13,-0.003959238766813515,2.9541483353632614e-06,4.06963931268982e-06,0.0,1.005087755157868e-05,2.2142857142857146e-06,0.3059605824999422,0.322,-0.05,-0.003978527717727432
2017-10-16,-0.0071312091258934,3.6331847993465303e-06,6.059997033719528e-06,0.0,1.2621117411282672e-05,1.4285714285714286e-06,0.42503916189867347,0.19015901060070667,-0.04984098939929331,-0.0071549519965663205
2017-10-17,-0.0010244121159084267,3.4131588253513855e-06,3.248631578238573e-06,0.0,4.965807817996278e-06,1.0714285714285716e-06,0.20968053870096967,0.13143109540636042,-0.048568904593639606,-0.0010371111427014414
2017-10-18,-0.0008554559485365509,8.61237660237474e-06,9.435387058118045e-06,0.0,2.072934644301422e-05,4.979011029845037e-06,0.7046856065139436,0.787553180923944,-0.04892067209002182,-0.000899212069669903
2017-10-19,0.0003025042590936444,1.202475285864408e-05,1.5013552222848117e-05,0.0,2.2188607189426615e-05,4.248372933483285e-06,1.0585527081748638,0.7641056480733748,0.05037899524818318,0.00024902897388924235
2017-10-20,0.0012627169898096163,1.250439056872286e-05,1.2459451966170578e-05,0.0,1.81075000745586e-05,1.8612602578218746e-06,0.798878770987884,0.26338711885932636,-0.04930460445474859,0.0012177843869423425
2017-10-23,0.00048677108220981,3.5836887436015984e-06,5.888840226324341e-06,0.0,8.539298895506306e-06,1.8970165738269145e-06,0.4176617546671395,0.26869878440292155,-0.049999999999999996,0.0004668622377705509
2017-10-24,0.00018934684726697125,7.830343351336352e-06,8.663569371170832e-06,0.0,1.3026789489634792e-05,4.719535107223119e-06,0.5590201694858261,0.743054026155306,-0.04982787185817805,0.00015510660994760616
2017-10-25,-0.0016259181313830562,6.093871717220112e-06,6.606738887610129e-06,0.0,1.5020044724874383e-05,2.8988867770949516e-06,0.5490708572363643,0.5371759053285785,0.05016292677662665,-0.0016565376734898557
2017-10-26,-0.0014606553107696957,8.789759347687175e-06,7.632937905669639e-06,0.0,2.0544530965356052e-05,1.836734693877551e-06,0.5382225456263985,0.35788699333081675,0.04931556475938823,-0.0014994592736822861
2017-10-27,-0.0011757910926550423,9.999076388428539e-06,1.3776641221906727e-05,0.0,2.363045228373606e-05,6.761904761904762e-06,0.8890047381285366,1.0856997065503577,-0.050300293449642375,-0.0012299591673110184
2017-10-30,0.003205325250892874,7.215919759383943e-06,1.049151214609667e-05,0.0,2.469304455550117e-05,4.502570239905736e-06,0.7786450129117866,0.7072007507464652,-0.04923104955769836,0.0031584222041919864
2017-10-31,0.0003581516083639386,8.10961445235299e-06,9.727561771700932e-06,0.0,1.7801733794000722e-05,3.1520146520146522e-06,0.680106765588185,0.4795384615384615,-0.050000000000000024,0.0003193606836938693
2017-11-01,-0.0002811599746950956,1.601542344191807e-05,1.5493923263544734e-05,0.0,3.231540916851416e-05,6.078073434331133e-06,1.0641163217773535,0.9699867399123866,-0.05112959705524378,-0.0003510628040034037
2017-11-02,0.003973132148328985,1.2180414056509889e-05,9.935597108800891e-06,0.0,2.255923714084736e-05,6.371102623391071e-06,0.6378441196415554,1.019701966839003,-0.05064327389069667,0.003922085797399436
2017-11-03,-0.002493768132363708,1.3908259077576945e-05,1.0275144222141104e-05,0.0,2.4993117030598008e-05,3.80772468537885e-06,0.6642371592846218,0.5898488735718235,-0.04984887357182344,-0.002546752377379403
2017-11-06,-0.00016849120230020393,8.868336461627787e-06,8.082657131811005e-06,0.0,1.7350451717707752e-05,9.516607627119921e-07,0.49069556901958206,0.10993950406780732,-0.049939504067807325,-0.00020374430837406246
2017-11-07,-0.00015424458244219413,4.999232306441168e-06,2.8887122560323096e-06,0.0,6.89204098457181e-06,7.142857142857143e-07,0.2804173732457188,0.16999999999999998,0.04999999999999999,-0.00016973885370352514
2017-11-08,-0.0004184840517714195,7.793781111208764e-06,6.1105817807119515e-06,0.0,1.619154219100589e-05,3.1428571428571433e-06,0.4084184840517715,0.5780000000000001,0.05000000000000003,-0.00045172281399720324
2017-11-09,0.0005549905501718895,6.183410194143092e-06,4.990771375472431e-06,0.0,8.167224361982823e-06,2.666666666666667e-06,0.3082173932166702,0.498,0.04999999999999996,0.0005329824775736245
2017-11-10,0.0005436380276621286,2.9108727655336123e-06,6.145121144587351e-06,0.0,4.6444556082358174e-06,1.7668700138511454e-06,0.3879471636759881,0.25931676186758973,-0.03751740045940268,0.0005281707081299207
2017-11-13,0.001773318729287036,2.860315291674014e-06,4.069861689858083e-06,0.0,5.676801771897568e-06,1.45578231292517e-06,0.3083776364088325,0.24614242818187804,0.0015709996104494445,0.001759255968220681
2017-11-14,0.0002036684430445715,5.08176538317617e-06,3.74693171525713e-06,0.0,9.62858067370863e-06,1.1904761904761904e-06,0.23927997267313944,0.2063439589322194,0.006343958932219451,0.00018402068908195338
2017-11-15,-0.0005164947998731002,4.503220697123197e-06,3.2881707238217383e-06,0.0,5.083323361741585e-06,5.130823202769992e-07,0.2738413979233303,0.13619782980653583,0.049999999999999975,-0.0005298825969760637
2017-11-16,0.0004102755806562958,4.200410205670309e-06,4.35520572578665e-06,0.0,5.780827365827232e-06,1.598639455782313e-06,0.30000565148815395,0.3190491763451754,0.05047774777374685,0.0003943404979032293
2017-11-17,6.5844256511274564e-06,5.8692767485449825e-06,5.549318343890856e-06,0.0,7.3212655363502685e-06,1.7586110948813994e-06,0.3548147582799962,0.3460599828676558,0.05061331892758074,-1.3914046072540049e-05
2017-11-20,-5.707133950912377e-05,1.0884682839231166e-05,9.101684948956123e-06,0.0,2.0236678700586218e-05,3.014856318409233e-06,0.5167987977924671,0.45648975484249094,-0.050006106650260174,-0.00010030924231630651
2017-11-21,0.0009118978734462253,4.142796964710356e-06,6.1221139584438845e-06,0.0,1.1092144788681532e-05,1.4539750578537908e-06,0.4454316354752922,0.22003418853051526,-0.024233621188921563,0.0008890868426765357
2017-11-22,-0.0011241147489292876,3.409236933166851e-06,2.0279394517514234e-06,0.0,6.023860514997607e-06,3.8778479246618937e-07,0.16338265063906166,0.05724980501500472,-0.007898040119315095,-0.0011359635706216697
2017-11-27,-0.00018962658484466866,9.76516301996887e-07,8.877826010121185e-07,0.0,5.07247737044807e-07,5.098587456455424e-07,0.05474046793006578,0.06282813463422555,-0.022828134634225557,-0.00019250799023036802
2017-11-28,-3.346672892366854e-05,1.6330349005996564e-06,1.6551028008935033e-06,0.0,2.1423231273624165e-06,6.939829947683041e-07,0.10783797229645856,0.09829457156053756,-0.018294571560537532,-3.959117274729242e-05
2017-11-29,-0.00042940372429811543,2.3640759243154565e-06,3.445592543028846e-06,0.0,1.4305992591524413e-05,2.1820059551680574e-06,0.21800470404312733,0.31651498780693726,-0.05006201266129634,-0.0004517013913121522
2017-11-30,-0.001955911715590583,3.975548234271203e-06,4.816159885823824e-06,0.0,9.655260327572853e-06,2.3119862156113034e-06,0.328131069328776,0.33842591143157624,-0.049987772791122764,-0.001976670670253862
2017-12-01,0.0006832533330989886,7.116215482421088e-06,7.174751029471899e-06,0.0,1.626390773159307e-05,4.3350026258197395e-06,0.5084271761651059,0.6792223554272752,-0.049058085710440985,0.0006483634562296828
2017-12-04,-0.008324688024395139,3.4116700505012595e-05,1.47169994021525e-05,0.0,4.703110400685517e-05,8.109097900600819e-06,1.0771179714724797,1.3117110216741301,-0.05061742562680688,-0.00842866192620976
2017-12-05,0.002239068799411725,3.286427997359209e-05,1.9784319339864613e-05,0.0,4.0303936236049065e-05,4.806260248351325e-06,0.9748284319945406,0.7665958233973414,-0.040855898325681095,0.002141310003613868
2017-12-06,-0.001310046507326806,7.608228231754392e-06,1.0420060937777851e-05,0.0,1.9958204513271658e-05,3.346850507200964e-06,0.726228177092102,0.5137597083457748,-0.04851117686398704,-0.0013513798515168108
2017-12-07,0.0031972913654985014,7.818435769493136e-06,8.164506186481557e-06,0.0,2.1457945551638192e-05,2.1428571428571427e-06,0.6018784951833415,0.361110706790002,0.0011107067900019696,0.0031577076208480315
2017-12-08,-0.000914255973137554,9.67086774013533e-06,7.150813385081181e-06,0.0,1.3368776740786444e-05,2.5872816438254342e-06,0.37319297435019716,0.3849727740269307,-0.04969054213574224,-0.0009470337126473824
2017-12-11,0.0006150914922061506,7.93397179467283e-06,4.633736528837761e-06,0.0,9.673423818772233e-06,8.210311409599445e-07,0.3124943109261377,0.08779428211467263,-0.050138949566598034,0.0005920293289229079
2017-12-12,-0.0010647883996609821,2.4512868933134284e-06,2.1876594218914068e-06,0.0,3.1575258448955747e-06,1.0714285714285714e-06,0.15793831085701077,0.13,-0.05,-0.001073656300392511
2017-12-13,-0.0008497076965818711,2.547806277781093e-06,4.078271207883076e-06,0.0,4.221102760170623e-06,2.8730158730158727e-06,0.3016292484135248,0.43264552182449767,-0.05002114484216885,-0.0008634278927007218
2017-12-14,0.0004328524767230281,6.831702512647787e-06,8.120100489991637e-06,0.0,1.5645270092108015e-05,5.765715474360123e-06,0.597764217788592,0.9190991868735792,-0.04954101281892165,0.00039648968815392054
2017-12-15,5.774505329455779e-05,6.057124639509555e-06,6.02152019552926e-06,0.0,1.5951918048929974e-05,6.3480440424459446e-06,0.41095017386917937,1.0152356995654594,-0.051235699565459314,2.3366446368143056e-05
2017-12-18,0.0019081902786530225,5.185096842572814e-06,7.533642344189738e-06,0.0,1.071648806693002e-05,4.6896053995202304e-06,0.5235630853815665,0.7369847043237818,-0.05086900279561668,0.0018800654459998096
2017-12-19,0.001706260299667697,8.670640421534602e-06,7.107487172054426e-06,0.0,1.594668414522144e-05,5.452380952380952e-06,0.4674413579360248,0.8689673704385121,-0.047032629561488015,0.0016690831069765056
2017-12-20,0.0005696282875334482,9.874845392279e-06,9.949224747342585e-06,0.0,3.118744624271051e-05,5.619047619047619e-06,0.6967670924167015,0.89429284164859,-0.04970715835140993,0.0005129977235320685
2017-12-21,-0.002433109054103125,8.54706490190993e-06,9.247847568519344e-06,0.0,2.0777194298700387e-05,3.023809523809524e-06,0.6309254763137339,0.458,-0.04999999999999999,-0.002474704970396064
2017-12-22,0.0013502881170973393,6.241278369549758e-06,7.397261822258118e-06,0.0,1.202987874349513e-05,1.6666666666666667e-06,0.4694872134076886,0.22999999999999998,-0.05,0.0013229530314953697
2017-12-26,8.515930624940222e-05,5.311425970153412e-06,3.052507483920868e-06,0.0,9.679585590871699e-06,0.0,0.23032664371593548,0.0,0.0,6.711578720445624e-05
2017-12-27,0.0,0.0,0.0,0.0,0.0,0.0,0.0,0.0,0.0,0.0
2017-12-28,0.0,0.0,0.0,0.0,0.0,0.0,0.0,0.0,0.0,0.0
2017-12-29,0.0,0.0,0.0,0.0,0.0,0.0,0.0,0.0,0.0,0.0
2018-01-02,0.0,1.9530957013679058e-06,3.127965928432395e-06,0.0,4.175051020048354e-06,1.4468036352750742e-06,0.2015315053631062,0.2015315053631062,-0.04153150536310622,-1.0702916285123729e-05
2018-01-03,0.000715838668675198,2.3938334809966136e-06,2.1258442774906418e-06,0.0,3.5872148113740504e-06,1.8809523809523809e-06,0.12918433330556897,0.266,-0.04999999999999999,0.0007058508237243843
2018-01-04,0.0012773331622721457,2.8551511922371327e-07,4.56971456476842e-07,0.0,1.4938647477941599e-07,1.7086117139033768e-06,0.030251236954267395,0.2374364610309061,-0.049610306904861165,0.0012747326775077623
2018-01-05,-0.00011455470151181844,2.5994246490491554e-06,4.289145390644297e-06,0.0,4.566038816672507e-06,9.815168117832403e-07,0.29319947025943516,0.11588404531339828,-0.04901077906618606,-0.00012699082717996764
2018-01-08,-0.00041735832765225466,4.523763819459328e-06,3.61646751671558e-06,0.0,5.452230050523563e-06,1.6948820663172397e-06,0.26657524954779444,0.2349415221420767,-0.04979866499921955,-0.00043264567110527037
2018-01-09,0.0010501275921207262,6.18019337725426e-06,6.671225236363847e-06,0.0,1.2721257643629464e-05,3.991895849984926e-06,0.5008700911195435,0.6217866836884267,-0.048851819109040906,0.0010205630200134938
2018-01-10,0.0018894657199389885,7.315002356977162e-06,6.98006399874317e-06,0.0,2.2163465568977533e-05,2.2522550911108917e-06,0.43400392818259736,0.33888968838008837,-0.03948916692654139,0.0018507549329231797
2018-01-11,-0.001711111554839809,3.974980216253104e-05,6.338691321347332e-06,0.0,4.960076348562447e-05,2.7891156462585034e-06,0.446777214806356,0.4191997687912226,-0.049371659780205954,-0.0018095899274555704
2018-01-12,-0.0029029047706827715,5.3410555252262644e-06,5.6467265667930216e-06,0.0,1.1448503328972073e-05,3.1429188636517837e-06,0.38102425207624235,0.47754525281442983,-0.05046511627906976,-0.0029284839749674145
2018-01-16,0.002565988243721183,2.0100947893848615e-05,1.6624430386241954e-05,0.0,2.890047811445564e-05,6.925241783095777e-06,1.037928445327626,1.113938354493649,-0.04950226506644162,0.002493437145543541
2018-01-17,0.0037833230425961266,3.827892842396216e-05,1.983327778660348e-05,0.0,5.2636388733479e-05,8.610477978450934e-06,0.9327236363431284,1.3962820505994669,-0.05027824978029005,0.003663963969673631
2018-01-18,-0.002349435408184609,1.729269686801135e-05,2.2240562245248718e-05,0.0,3.686203252356034e-05,5.021682771578706e-06,1.4789029411250096,0.7923311244943889,-0.051311581130833894,-0.002430852382593008
2018-01-19,0.0018390494871039012,1.3034495633292042e-05,1.2456006302770936e-05,0.0,3.2478396644183396e-05,4.141951199293268e-06,0.8980672332778453,0.6485538113905561,-0.04729399009071303,0.0017769386373243615
2018-01-22,-0.001408116494236851,7.518538496539912e-06,1.292193073370273e-05,0.0,2.270883249488334e-05,3.3018414070132733e-06,0.8926173216394018,0.5049410038086051,-0.049768352569624946,-0.0014545676373689902
2018-01-23,0.0012008176372598626,5.277886897183946e-06,6.139402199673074e-06,0.0,6.976018843583037e-06,1.959488622100223e-06,0.45633167266142877,0.28030992290171886,-0.04888416561111859,0.0011804648406973223
2018-01-24,-0.0011320018420205536,4.4744840188840554e-06,3.955328491388035e-06,0.0,1.043321669368733e-05,2.6656161906457546e-06,0.3780585528700039,0.4978705753689238,0.05004705534043702,-0.0011535304874151588
2018-01-25,-0.0024390392384634027,5.8894403929695206e-06,7.38006879776092e-06,0.0,1.0272484124222962e-05,3.5714285714285716e-07,0.4861873009633152,0.11,0.05,-0.002462938374635499
2018-01-26,0.00028493351690650985,4.125628261764618e-06,8.39970440642102e-06,0.0,1.3083077295931877e-05,3.900877596240138e-06,0.594600932510502,0.7060498279748062,0.05070239180646305,0.0002554242293461522
2018-01-29,0.0003332244846963944,9.050918572313302e-06,1.4458619474934888e-05,0.0,2.4668027639012093e-05,6.748488435334261e-06,1.0742712384771338,1.1877083731661695,0.053962316030013835,0.0002782984305747999
2018-01-30,-0.0017911942071743318,1.268254217413671e-05,1.4031913556290539e-05,0.0,3.0138778982712138e-05,5.556697986308601e-06,0.989749420534288,0.9835252616998449,0.04999999999999999,-0.0018536041398737797
2018-01-31,0.0007413332124598246,9.998196908807496e-06,1.509678845401065e-05,0.0,2.0137533504903067e-05,2.7849618402858225e-06,1.0204508361011442,0.517873589168018,0.05000000000000001,0.0006933157317518176
2018-02-01,0.0003516178725882932,1.05412264020952e-05,1.638764784901971e-05,0.0,2.45497548959525e-05,7.888365624328515e-06,1.1149932887964087,1.376442132598477,0.051196707711286704,0.00029225087781689727
2018-02-02,-0.007716569350616023,1.2116126459968869e-05,1.703112969073086e-05,0.0,3.301463397189196e-05,3.673694012202634e-06,1.2518790543266067,0.6684592031022105,0.05127860905216816,-0.007782404934750817
2018-02-05,-0.0031196034582446097,7.476213484032821e-06,8.431728351907157e-06,0.0,1.442171288681154e-05,1.454193020760473e-06,0.6148421123217661,0.2943044274877593,0.04999999999999995,-0.003151387305988122
2018-02-06,0.0011422954214916174,6.591796576115978e-06,6.565769245013063e-06,0.0,1.551867839940556e-05,2.6741917506687877e-06,0.4629799654527003,0.5003211039440447,0.05105688983168846,0.001110944985520414
2018-02-07,-0.0029020323967706933,6.645943795214066e-06,1.0151658435451788e-05,0.0,1.831610227667703e-05,5.44648649573197e-06,0.7507921574155231,0.965009731282971,0.04999999999999999,-0.002942592587773768
2018-02-08,-0.0007169509756627866,1.0694882092895815e-05,9.909655569939249e-06,0.0,2.2551673659567686e-05,7.030385095161109e-06,0.7045760578908982,1.231905797176005,0.05080110118893866,-0.0007671375720803505
2018-02-09,0.0003138234188659689,1.1167228078715687e-05,1.5885127323007363e-05,0.0,2.2386242504984554e-05,2.6903945970731975e-06,1.0538597704371824,0.5019862923082973,0.05000000000000002,0.0002616944263621881
2018-02-12,0.001962403833506233,5.722002976089625e-06,7.18667588169643e-06,0.0,1.1083203097673025e-05,4.113814674220787e-06,0.5213887998247706,0.7413044433536249,0.05018357808453289,0.0019342981368765532
2018-02-13,3.745168041527073e-05,8.135853639042571e-06,9.111414183785367e-06,0.0,1.3897207902565727e-05,2.031304779335196e-06,0.5181458783649899,0.2914336451839633,-0.04982555774434955,4.275899910541866e-06
2018-02-14,-0.0018974914026820475,1.508770281199002e-06,2.5961144163365433e-06,0.0,2.113171843988509e-06,1.518356464914493e-06,0.17968659240774437,0.20481563646056855,-0.05026824964506625,-0.001905227815688486
2018-02-15,-0.0010974549696217196,2.9347588827309183e-06,3.834322949830604e-06,0.0,4.200997241540775e-06,9.701426698433813e-07,0.2568504938669903,0.11291892373268188,-0.050065044801006195,-0.0011093951913656653
2018-02-16,0.0006924175763755699,3.2649506045467293e-07,6.017434204844071e-07,0.0,1.0769249131088463e-06,9.284946325885453e-07,0.045322666233678234,0.10674046475177008,-0.04924663352310551,0.0006894839183489334
2018-02-20,0.0005219416167197268,3.809812863771275e-06,4.708910766021072e-06,0.0,8.986070708940237e-06,2.1177830024721623e-06,0.31773732336164573,0.30615780457473485,-0.049629739840588355,0.000502319039378522
2018-02-21,0.00024408290381081464,8.480245694233755e-06,5.903916793054875e-06,0.0,1.0477595350774083e-05,1.5154073361363554e-06,0.4239885141243645,0.2667758749960655,0.012187442525157785,0.00021770573863661558
2018-02-22,0.0007398281817608351,4.1913150871553325e-06,3.770861658835827e-06,0.0,7.761025387855998e-06,8.354902784599193e-08,0.26812714488972667,0.06403623667812663,0.05,0.000724021430599142
2018-02-23,0.001008764928174757,5.347869210737011e-06,2.705631138250644e-06,0.0,4.141893740707104e-06,7.003965883131127e-07,0.11511981603636404,0.0678219146471653,-0.04984471218943761,0.0009958691374967492
2018-02-26,-0.0006491430876716273,4.2789349154292743e-07,8.286454809179864e-07,0.0,1.9948621598467824e-06,5.82870210733086e-07,0.060113185615096265,0.048961097701579234,-0.048961097701579234,-0.000652977359014668
2018-02-27,0.0007610670779323037,2.2484648177315297e-06,3.0246235124959263e-06,0.0,5.160898575934267e-06,1.6996879623988415e-06,0.24206576581932165,0.25944980883315905,-0.026097768849846242,0.0007489334030637431
2018-02-28,0.00019948295055092423,5.531677176849852e-06,2.62891866911846e-06,0.0,7.212798500165688e-06,1.4601366051835206e-06,0.24404888853205614,0.29557302938903446,0.050270079718203034,0.0001826494195996067
2018-03-01,-6.623727669918427e-05,8.04577520546123e-06,1.1266980351121612e-05,0.0,1.1307246157336998e-05,3.3694202883563e-06,0.7484883905500064,0.6160071283608283,0.04994451991696988,-0.0001002266987014604
2018-03-02,-3.568894476951282e-06,6.402057865670826e-06,8.74115809345277e-06,0.0,1.317371203239098e-05,1.8856088820946983e-06,0.6294925721947702,0.3662134524304267,0.04943116023851739,-3.377143135056056e-05
2018-03-05,0.001088453906563761,7.997024865411833e-06,7.92583847192686e-06,0.0,1.277423573832552e-05,3.276573444731363e-06,0.5858953883207826,0.6004643387148689,0.04999999999999999,0.0010564802340433655
2018-03-06,0.0009082029306660233,4.889432299011565e-06,5.369758401041254e-06,0.0,1.0236682229278763e-05,2.650885529414401e-06,0.26042262727079474,0.39638953944085986,-0.04895922950075948,0.0008850561722072774
2018-03-07,0.0003965368626447143,1.7985318942685883e-06,3.2567134541479944e-06,0.0,6.3767777724931205e-06,3.1194183076039296e-06,0.23287357005360063,0.4755769209873022,-0.04848535469015797,0.00038198542121620064
2018-03-08,-0.0010767613505591551,6.244500265894452e-06,8.799331166757201e-06,0.0,1.3228016378082865e-05,1.1063442246858462e-06,0.5950676796143244,0.13583155474178754,-0.0500342750054346,-0.0011061395425945755
2018-03-09,-0.0013184055311377821,1.068307004303314e-06,1.304385705021824e-06,0.0,2.2462717914698986e-06,7.128521163791617e-07,0.09370393613159746,0.06947145849011656,-0.050287697061582606,-0.0013237373477549563
2018-03-12,-0.00013855295728731293,1.3940570238996049e-06,2.5632934943890397e-06,0.0,1.8138769232955854e-06,1.5725230813353899e-06,0.19288400284311702,0.2139278144722341,-0.05025606319211136,-0.00014589670781023256
2018-03-13,0.0004723961879704357,3.4059474261524873e-06,3.6572604356026032e-06,0.0,5.293321534578494e-06,1.4830423896581507e-06,0.3187850026979198,0.29906552101108486,0.04991439954851563,0.00045855661618444396
2018-03-14,-0.0016297219393051343,3.792098997323879e-06,5.170905982244335e-06,0.0,6.145984363940579e-06,6.168324803574935e-07,0.3208661237705188,0.08085911574425157,-0.022768740955807335,-0.0016454477611290005
2018-03-15,0.00019075146694839894,2.593182291130531e-07,8.329562969421397e-07,0.0,7.063475616617716e-07,0.0,0.08093838869433119,0.0,0.0,0.00018895284486068197
2018-03-16,0.0,2.037480721699047e-06,1.2653160172138984e-06,0.0,3.409708216219331e-06,5.079781993177081e-07,0.13534033748537494,0.13534033748537494,0.04999999999999998,-7.220483154449984e-06
2018-03-19,-0.000640112242685417,2.003468021519761e-06,3.63098213857018e-06,0.0,4.392500191301445e-06,1.0176725713113061e-06,0.21296560072807627,0.1752760358865958,0.004307043906296347,-0.0006511568656081196
2018-03-20,0.0001082531534485034,1.2308991875944245e-06,2.1442874627538165e-06,0.0,1.6052083666476183e-06,7.680158137505702e-07,0.13919628651503974,0.11810465261231495,-0.010922004097780838,0.00010250474261775697
2018-03-21,-0.00010238333018069367,1.2812450709475746e-06,1.0788873968116585e-06,0.0,4.969054393975261e-06,3.8623348499704944e-07,0.1251686528493728,0.1147547384789611,0.049867512999456784,-0.00011009875052742522
2018-03-22,-0.001541497310111338,1.8308403765473743e-06,3.4496480198028426e-06,0.0,3.834887565904222e-06,1.2998404672155235e-06,0.2147174322206945,0.2168162398977218,-0.0015569585944861242,-0.001551912526540808
2018-03-23,0.00014737567408744173,1.8903798189725778e-06,2.2034950337313382e-06,0.0,4.4568626756174115e-06,4.539683483878297e-07,0.19396427386132892,0.1262666825291554,0.05000000000000002,0.00013837096821073258
2018-03-26,0.0011860282094880617,5.168024498650845e-06,4.041873073052301e-06,0.0,4.481716441698341e-06,7.679171819006094e-07,0.2230318141984013,0.17941413856172056,0.050404052002418154,0.0011715686782927596
2018-03-27,0.001497378618917543,8.929195075787582e-06,8.43167836357924e-06,0.0,1.4764235482838535e-05,3.1756134758097237e-06,0.5766582714658974,0.5837803889881492,0.05027732505211571,0.0014620778965195279
2018-03-28,-0.0007287011679779642,2.8420483820992265e-06,4.811122468528636e-06,0.0,8.769605632091432e-06,2.1188133017237907e-06,0.35452787287039833,0.40596063468959687,0.04999999999999995,-0.0007472427577624074
2018-03-29,0.0006945342078998704,4.469307193786916e-06,4.748035020694245e-06,0.0,7.592168785490061e-06,1.095867495070638e-06,0.3277102350278691,0.23432197103232166,0.05021623186045445,0.0006766288294048285
2018-04-02,-0.001819866098590062,3.913997496456436e-06,4.791649595262711e-06,0.0,5.579858240293814e-06,9.054479282482462e-07,0.2532766205640778,0.1021152519457054,-0.05000000000000001,-0.0018350570518503233
2018-04-03,-0.000776668147773859,1.2974021653798394e-06,1.0825388428155922e-06,0.0,1.4686528096157688e-06,1.070216376938214e-06,0.07236620673554608,0.12968515814940967,-0.050111193176210336,-0.0007815869579686084
2018-04-04,-0.0006502921480829856,1.3196811829635993e-06,8.379403147945367e-07,0.0,2.077652734738627e-06,4.907286343383922e-07,0.09417435449541503,0.07244798237062607,-0.009994428198223812,-0.0006550181509498207
2018-04-05,-2.7227591769923298e-05,6.74738523063333e-07,8.654664505678248e-07,0.0,5.872165278048942e-07,1.6418083276416915e-07,0.06195898527490406,0.01379118995219021,-0.01379118995219021,-2.951919410412352e-05
2018-04-06,0.0002838393784789526,2.693185541843121e-07,3.8645755482233236e-07,0.0,2.2980920101064022e-07,2.636476037975182e-07,0.027713332737215008,0.02918626927649649,-0.015106528161486568,0.0002826901455651378
2018-04-09,-4.240776576585342e-05,6.67115360224217e-06,4.034994891898373e-06,0.0,7.124154614903234e-06,1.8226356055318742e-06,0.3533188480674987,0.35620278172935493,0.05000000000000002,-6.206070448042907e-05
2018-04-10,0.0007363521469525028,4.002790557562929e-06,4.331776987889044e-06,0.0,4.133615281605517e-06,4.936663894287242e-07,0.26878139332929263,0.13358429432524438,0.05064834090121871,0.0007233902977360166
2018-04-11,-4.044429757610451e-05,3.52395219374613e-06,4.253490805512824e-06,0.0,3.6879767598419734e-06,1.1424200296893514e-06,0.19166544360962284,0.14192656498781106,-0.049999999999999996,-5.305213736489479e-05
2018-04-12,0.00026335710422451187,6.563665343272056e-07,5.962160798742552e-07,0.0,1.3747196491534662e-06,9.277656308457743e-07,0.07192762289508499,0.14120218016891917,-0.01466244581317093,0.00025980203633031116
2018-04-13,-9.623527365506754e-05,1.0987024553084139e-06,2.1406413519164973e-06,0.0,1.5475077038567045e-06,2.5176695123605044e-07,0.18949548713000294,0.07170098780007153,0.029404139992415052,-0.0001012738921173852
2018-04-16,0.0007909443070196412,3.3204332564450535e-06,3.2072802214628437e-06,0.0,4.030653630078448e-06,8.102816860659856e-07,0.2338927889854418,0.16195998482367624,0.025832661564590645,0.0007795756582255889
2018-04-17,0.00015203652661391928,2.6333768010545198e-06,2.6081009608795647e-06,0.0,4.727788284667656e-06,7.341012258488196e-07,0.18209691618247412,0.1622710371160068,0.038942031173405105,0.00014133315934146873
2018-04-18,5.4057562849885536e-05,1.4663957724502693e-06,2.362219572916418e-06,0.0,2.043959188771641e-06,1.6426904328201119e-06,0.12094274442633109,0.26209360546463184,-0.013878387249146959,4.6542297882927095e-05
2018-04-19,0.0014250308763721889,5.796550628691442e-07,1.0217386624239897e-06,0.0,8.849074957956353e-07,1.723787812404755e-06,0.05308451387052772,0.25715975866841984,-0.03243659381557902,0.0014208207873386953
2018-04-20,0.000958473022911743,2.4443510445292793e-06,4.5703578928794265e-06,0.0,5.250225077166237e-06,7.185306771107913e-07,0.38859627008869685,0.17109555190362424,0.05038239814901131,0.0009454895582200572
2018-04-23,-0.00013527857281774245,3.403021933661496e-07,3.0324021864320993e-07,0.0,2.2758991818623246e-07,6.261136124272287e-07,0.020601548710217854,0.15549536255808505,0.05030827567031063,-0.00013677581876036526
2018-04-24,-0.0008515418332266449,5.679896843263231e-06,8.832162246090806e-06,0.0,8.25349538377052e-06,3.9477205680434456e-06,0.6033891898888449,0.7132170554312989,0.04999999999999999,-0.000878255108267813
2018-04-25,0.002601856904390498,3.321119436142298e-06,5.6260328557560145e-06,0.0,7.150418917281315e-06,1.9763108731497037e-06,0.4128688037562133,0.3826632991237776,0.050643072434627345,0.0025837830223081684
2018-04-26,0.0014941159750279029,2.9970246810086316e-06,3.303910006848706e-06,0.0,3.5779822778609606e-06,1.249744368362131e-06,0.23658207958987496,0.2601246977940644,0.05016764390922641,0.0014829873136938225
2018-04-27,0.00039422557831244627,2.3798974669668138e-06,2.917452258113991e-06,0.0,4.290900946526877e-06,3.7403519079528167e-07,0.19922019307301828,0.09093700593369766,0.02809909388009033,0.0003842632924500433
2018-04-30,0.00018332547209657632,4.159796436512436e-06,4.63811047659015e-06,0.0,4.523495657381583e-06,1.5638393460635188e-06,0.3317613336483064,0.28096274767099383,0.018237737532322662,0.00016844023018002864
2018-05-01,-0.0015110552612827017,3.6820162665923644e-06,4.9295264153518115e-06,0.0,4.006540082312136e-06,2.3391292612615013e-07,0.35293534780967534,0.08929737158919324,0.05000000000000001,-0.0015239072569730842
2018-05-02,-0.0012055786587087825,1.4791782034121035e-06,1.3764340642104387e-06,0.0,2.0336596241390546e-06,5.752554606343399e-07,0.08514033003322723,0.14664291738656912,0.05000000000000001,-0.0012110431860611784
2018-05-03,-0.0007879426332103599,1.1632309731178244e-06,1.8905077249703938e-06,0.0,2.3827270539149322e-06,7.293169887663166e-07,0.09362396100390255,0.1212467895111324,-0.0012784646016087906,-0.0007941084159511294
2018-05-04,0.0002725062214784505,8.63528192352349e-07,3.4814268962539694e-07,0.0,2.2027774408657827e-06,5.852518500851773e-07,0.06731592828736434,0.14835832033045987,0.0500360095161501,0.00026850652130552176
2018-05-07,0.00020424967171275341,9.409017530713668e-07,9.903177355328838e-07,0.0,1.148655834591305e-06,3.783028574517048e-07,0.07012369320702803,0.11327445138489005,0.04971957133300364,0.00020079149353210616
2018-05-08,0.0008845517463682724,1.901024296112805e-06,3.745368310624453e-06,0.0,3.534889297105532e-06,7.624054763167466e-07,0.20295253490995746,0.08960370586614401,-0.038480414155069434,0.0008746080589881129
2018-05-09,-0.0007443036200481437,8.789596887953719e-07,8.751330510161395e-07,0.0,1.1510858733375513e-06,3.0934561357163625e-07,0.09041112794229586,0.053254705759082095,0.001284642679047203,-0.0007475181442748644
2018-05-10,0.0004753043897471486,2.6324742314358726e-06,2.7198142650218096e-06,0.0,3.88017203104055e-06,8.946191538417589e-07,0.16439721733931978,0.14536363726269574,-0.0049323805827197476,0.0004651773100658086
2018-05-11,0.0005639578740227508,2.998572091948193e-06,2.9031005796275967e-06,0.0,3.3280814992424563e-06,7.476877709903105e-07,0.17454726678462373,0.07561154552637217,-0.05,0.0005539804320809422
2018-05-14,-0.0001565309568070508,4.09766421714832e-07,6.470831844933045e-07,0.0,8.441327116784142e-07,7.476877709903105e-07,0.04880116635870853,0.07566297433265004,-0.04994857119372215,-0.00015917962689592765
2018-05-15,0.00030477274191182454,4.4211384362464315e-06,4.623095129161269e-06,0.0,5.0102039154236476e-06,1.563141494662214e-06,0.28798066663864097,0.21260777110325196,-0.05,0.00028915516293633096
2018-05-16,0.0008743982732634313,4.699503505448479e-06,3.2755973233983737e-06,0.0,7.412447450926698e-06,2.242871674453673e-06,0.17890999362551158,0.32683541458522475,-0.04996702672299243,0.000856767853309204
2018-05-17,0.0007746184931881174,1.7101896072235087e-06,6.727455944305919e-07,0.0,1.262432910596253e-06,1.6506522801441748e-06,0.0722757576196023,0.2556439312428284,-0.021665651821392906,0.000769322472795723
2018-05-18,6.644975002988413e-05,5.267986149164165e-06,4.135164399290426e-06,0.0,7.913989381024878e-06,5.331176762008738e-07,0.28521152438889075,0.0447818848008734,-0.0447818848008734,4.859949242420379e-05
2018-05-21,-0.00030035923291036145,3.876578978710481e-06,1.3802809035104742e-06,0.0,2.812583311217709e-06,1.0303636752871628e-06,0.09722795995004244,0.12310109744824332,-0.049999999999999996,-0.0003094590397790873
2018-05-22,-0.00010107296179884257,5.623664515035582e-07,1.2440974404996185e-06,0.0,1.4475339090513495e-06,1.4899354764245362e-06,0.0901169812354998,0.20008760306357848,-0.050221556975743584,-0.00010581689507632163
2018-05-23,0.0008009011522456125,4.2663655675342055e-06,3.1720850319363506e-06,0.0,4.3391452661253196e-06,1.271705554822359e-06,0.18055936076155576,0.1636248911380343,-0.05002164207212198,0.0007878518508251943
2018-05-24,0.0002260888552774044,1.3072778565342625e-06,1.958662732806966e-06,0.0,2.5887779718276307e-06,5.363904531973958e-07,0.19061849661504104,0.09939981689025217,0.009286220753089686,0.00021969774626303813
2018-05-25,-0.00032982970842732485,5.575050267489552e-07,8.096121771939107e-07,0.0,1.2163262536089868e-06,4.402931972875066e-07,0.05658938696026762,0.08157922382335445,0.007609966679053344,-0.0003328534450821642
2018-05-29,-0.00011985628854020438,5.784992625041702e-07,1.1884308095056539e-06,0.0,1.7915243930209899e-06,0.0,0.08086845123241768,0.0,0.0,-0.00012341474300523519
2018-05-30,0.0,9.821408603577436e-07,1.3993968347122e-06,0.0,5.57834440893144e-07,5.952380952380953e-07,0.05,0.05,-0.05,-3.5346102312011834e-06
2018-05-31,0.00046172860462074644,6.446041782966286e-07,1.7393244806700058e-07,0.0,8.397038275686468e-07,2.219435282231891e-07,0.06689709541038483,0.05464533675650135,0.017358824015005575,0.00045984842063859097
2018-06-01,0.00015811144003463582,2.184081007654918e-06,1.4049445201869688e-06,0.0,2.1705159622458474e-06,4.333609728448648e-07,0.10807279103738995,0.12280464343793726,0.05,0.00015191853757170323
2018-06-04,0.0004381804803206329,4.54664085289028e-06,2.463007267272805e-06,0.0,2.8156893437099364e-06,4.28985440318543e-07,0.11805571237681928,0.12208886042894825,0.050019306455433024,0.00042792615741644134
2018-06-05,-0.0008407260950504392,5.374624187887794e-06,2.277845248381125e-06,0.0,3.8125205200181356e-06,5.192527726734184e-07,0.10889506872897448,0.0712416922603446,-0.015992773548789713,-0.0008527103377793996
2018-06-06,-0.00022936357812807626,1.1060043158293515e-06,1.4244605421637726e-06,0.0,1.9554469833340306e-06,5.957153084370435e-07,0.07010246389927004,0.050040085908711646,-0.050040085908711646,-0.00023444520527784047
2018-06-07,0.00021310676301796344,8.506333477374715e-07,1.3073340989321758e-06,0.0,2.5763317266334454e-06,1.1063940078034337e-06,0.0901878718073065,0.13595063163201715,-0.04992356167895972,0.00020726606983685692
2018-06-08,-0.00023521169232868086,1.0385450998369417e-06,1.6425323477993175e-06,0.0,2.5129225521993803e-06,1.4647876962551236e-06,0.11853200246674617,0.1959986586925869,-0.05008567427827386,-0.00024187048002477163
2018-06-11,-0.00020786761093806235,4.650613282186543e-06,4.61270027392982e-06,0.0,9.294574454143475e-06,2.0779098473189302e-06,0.3535119029560466,0.31011461322624984,-0.038974241123330505,-0.00022850340879564113
2018-06-12,0.0005391215318952967,1.4377751411805253e-06,2.08190011011115e-06,0.0,3.48331527179772e-06,1.6914699844605947e-06,0.12969343051159204,0.23416695738937993,-0.05000000000000002,0.0005304270713877467
2018-06-13,0.0009326902570175218,2.764895390676979e-06,4.188687035447374e-06,0.0,4.765932752239689e-06,2.762225340537598e-06,0.30641472933938196,0.41420967415066223,-0.049844183059654185,0.0009182085164986201
2018-06-14,-0.0007703279777711904,6.349215355305443e-06,5.609028775370704e-06,0.0,7.85864383652409e-06,6.028129790610685e-07,0.45452588802681104,0.15148369695594915,0.05021111647368964,-0.0007907476787174518
2018-06-15,0.0004460278359967524,3.6095431227071826e-06,3.840129675920545e-06,0.0,5.043818667873662e-06,6.560757530340966e-07,0.15872869925862387,0.06034253258426721,-0.04987819392546101,0.0004328782687772169
2018-06-18,6.920277048110666e-05,3.2739151857045625e-06,4.8893147513395075e-06,0.0,7.095019565052788e-06,1.9718954081388672e-06,0.33174165246505405,0.28127842856732965,-0.05000000000000003,5.1972625570870926e-05
2018-06-19,0.0011634148632563431,3.3756749432707553e-06,3.6454127920441695e-06,0.0,4.900719330276432e-06,2.6207702692210493e-06,0.32843660666719027,0.49063131963571033,0.05034191440657404,0.0011488722859215308
2018-06-20,0.0001653946360249028,2.8845560213911584e-06,3.851175699898332e-06,0.0,4.8308094333107215e-06,1.4368393953419288e-06,0.28902318766726226,0.29120729463310535,0.04981827621566132,0.00015239125547496067
2018-06-21,-0.0003918962513130078,4.5100481389377095e-06,7.597310895992689e-06,0.0,9.94407708702246e-06,4.197378094984853e-06,0.5236354875921448,0.7552278369199008,0.05006831696244535,-0.00041814506552994554
2018-06-22,7.554742925913582e-05,6.872169468462807e-06,1.1686304230036274e-05,0.0,1.2971894596724829e-05,2.576832704810508e-06,0.8756038212754043,0.48285809488961173,0.049950200481446216,4.1440228259101395e-05
2018-06-25,-0.0023693140089287175,5.949506294247883e-06,6.283822383332616e-06,0.0,1.2665209687797948e-05,9.047203530243182e-07,0.4327442450411674,0.2014723857050951,0.04947936639700963,-0.00239511726764712
2018-06-26,-0.00023477842767013744,6.976699827485405e-06,9.771907022909207e-06,0.0,1.4100061954838894e-05,3.825859724912367e-06,0.7229579649056479,0.6927156700044815,0.04997123621920391,-0.00026945295620028334
2018-06-27,-0.0012679063141899163,7.088644811857985e-06,7.965944849209732e-06,0.0,1.3102026680854265e-05,2.4753578705288716e-06,0.5429991154083247,0.46586012224885043,0.05000000000000013,-0.0012985382884023672
2018-06-28,0.0005002699156409634,1.7517864925152714e-05,4.163752236306113e-06,0.0,1.5331706998500752e-05,2.484472782013985e-06,0.27180352588096285,0.4681554818688052,0.05076405449045568,0.0004607721186989898
2018-06-29,0.0036102189671249024,1.5075093600190182e-05,1.0832798246164067e-05,0.0,2.1177894337654468e-05,4.582799040188819e-06,0.6976332755955692,0.8199102387517213,0.04999999999999982,0.003558550381900705
2018-07-02,-0.0015486935010312832,6.661459581942178e-06,7.681510571010807e-06,0.0,1.1228838255010357e-05,3.0099596465132633e-06,0.4065425967007882,0.4559114971002908,-0.049761723513937456,-0.0015772752690857597
2018-07-05,0.001184500774598437,1.1957317191404995e-05,6.457399920048984e-06,0.0,9.37569764489982e-06,2.4076049779235507e-06,0.29287959389959556,0.3552751677519089,-0.04920246853924752,0.0011543027548641597
2018-07-06,-0.00048431607133652413,2.879379986480502e-06,3.6657266134881622e-06,0.0,5.890830547386731e-06,1.5421271103479062e-06,0.2578338262837002,0.209284893088042,-0.04979246145040626,-0.0004982941355942274
2018-07-09,-0.0005269094159854242,5.005819740306494e-06,3.815903673734598e-06,0.0,9.015075656190518e-06,1.0285561203418698e-06,0.23683859188856202,0.1227974282174341,-0.05,-0.0005457747711759977
2018-07-10,-0.00015980917032606737,1.6962486189792213e-05,1.4369136664339665e-06,0.0,1.4390997079552118e-05,9.120506345758103e-07,0.09335770200100466,0.1030981408595408,-0.05012636574919533,-0.00019351161789642147
2018-07-11,0.0010142437644995617,1.1462354611585624e-06,1.5208834110887817e-06,0.0,2.260887605972134e-06,1.3816477946200514e-06,0.11021223058402721,0.18267674934829536,-0.04944008014787326,0.001007934110226722
2018-07-12,-0.00021032833323139386,1.702906344352515e-05,4.825395801092723e-06,0.0,1.4146606706522434e-05,9.27007979916987e-08,0.15674064385872488,0.06557373406260539,0.05,-0.00024642209998052586
2018-07-13,0.0002532406324070496,9.868216606361773e-07,1.1990430481857928e-06,0.0,2.1077071873195598e-06,5.591949868433744e-07,0.07801036087017275,0.14291360508261386,0.04896884729292697,0.00024838786552406467
2018-07-16,-0.0012291579649718308,1.6321072045061635e-06,2.9578122525354975e-06,0.0,3.7878396615062887e-06,1.1404912153330607e-06,0.14574606450853134,0.15974954177335174,-0.03185298240260246,-0.0012386762153057118
2018-07-17,0.0016035501500809366,6.39309672665879e-06,4.671577252241726e-06,0.0,7.343121570177915e-06,2.5674800659905284e-06,0.33003530950801685,0.3944211756016236,-0.03691547548478513,0.0015825748744658678
2018-07-18,0.001287209207882653,6.317950665228902e-06,4.60875141159862e-06,0.0,7.679755403373772e-06,1.4590029866696108e-06,0.2636837369108622,0.19505186465529661,-0.050060637105198,0.0012671437474157821
2018-07-19,0.0001830558603639985,2.1349152162826996e-07,6.105047268698846e-07,0.0,6.549484847592379e-07,1.1961920991527e-06,0.04414485108906604,0.15048799830379953,-0.05047227435385405,0.0001803807235315884
2018-07-20,-0.000306427407944798,2.0057807986364867e-06,1.7496326635084122e-06,0.0,2.4249485521312357e-06,0.0,0.14985055914115658,0.0,0.0,-0.00031260776995907416
2018-07-23,0.0,0.0,0.0,0.0,0.0,0.0,0.0,0.0,0.0,0.0
2018-07-24,0.0,3.0664020430736676e-07,1.2347435497999207e-06,0.0,3.9351522632444135e-07,5.952380952380952e-07,0.049999999999999996,0.049999999999999996,-0.049999999999999996,-2.530137075669824e-06
2018-07-25,-0.0009963933493800272,7.091679245897466e-07,8.139533801545522e-07,0.0,1.0123487826614493e-06,8.219256932406574e-07,0.05808240997106896,0.08808351646443043,-0.04999999999999998,-0.0009997507451606736
2018-07-26,-0.00045434180741989405,7.549781753439425e-06,5.151702187593504e-06,0.0,1.0681199128616103e-05,2.518209451955469e-06,0.35125037027216627,0.3731109906730154,-0.04994819725550337,-0.00048024269994149856
2018-07-27,-3.942612727198906e-05,7.451328977868585e-06,7.121810378674004e-06,0.0,1.5316087454454733e-05,5.058878470945693e-06,0.5159477672740598,0.8203510898599198,-0.029540493258956524,-7.437423255393207e-05
2018-07-30,0.0011856422577074814,1.0965642216401418e-05,1.2273035026596413e-05,0.0,2.242937359601302e-05,2.7571188571547368e-06,0.8682272304269953,0.513094824747432,0.049898856745436246,0.001137217088011316
2018-07-31,-0.000246344206650641,5.408006123934342e-06,6.40678509758126e-06,0.0,1.211685056401379e-05,4.2981052013701145e-06,0.43910934666775153,0.7732233472784238,0.05114167344824452,-0.00027457395363754053
2018-08-01,0.0009391295216901627,9.911471275393487e-06,1.7872624855034615e-05,0.0,2.4583397936530168e-05,4.383485487075911e-06,1.2451958266814662,0.7089909492155402,-0.02743461261321295,0.0008823785421361285
2018-08-02,0.007041693610675173,4.617564925451193e-06,5.282597799395524e-06,0.0,9.672231086280392e-06,4.178498118163964e-06,0.3538583999558864,0.651764163940307,-0.050223519911238745,0.0070179427187458815
2018-08-03,-0.001186777158330028,5.010928803257808e-06,6.441069422694587e-06,0.0,1.8031972816032774e-05,2.2913344227999474e-06,0.5414887984017202,0.43560000325260373,0.05065582022221246,-0.0012185524637948132
2018-08-06,-0.001644808141103689,1.8157124272040197e-06,3.453116534304436e-06,0.0,5.262236422045736e-06,2.46304920655477e-06,0.156895565889341,0.36404023253318096,-0.049752034168020376,-0.001657802255693798
2018-08-07,0.0011328619796720926,2.5827780683600027e-06,3.0670107314613552e-06,0.0,5.726998796433806e-06,1.5940281748195186e-06,0.20579275869637106,0.2183911479172615,-0.04940558545241765,0.0011198911639010178
2018-08-08,-0.0006782072462513826,1.2739667768229471e-06,2.4984010116921585e-06,0.0,2.8048034421569758e-06,0.0,0.2175964428434744,0.0,0.0,-0.0006847844174820547
2018-08-09,0.0,0.0,0.0,0.0,0.0,0.0,0.0,0.0,0.0,0.0
2018-08-10,0.0,1.0773614123730315e-06,1.6180863951224972e-06,0.0,2.5301852824026105e-06,6.015461382015274e-07,0.15105975121785659,0.15105975121785659,0.05,-5.8271792280996665e-06
2018-08-13,-0.0007079242410605385,8.140322772982401e-07,1.015540682084774e-06,0.0,1.143498610984967e-06,6.054866425693084e-07,0.0767150159209459,0.1513907535847502,0.04966899763310641,-0.0007115027992734758
2018-08-14,-0.0006231520832447559,5.199936891461559e-07,4.999495276231027e-07,0.0,4.902520947691349e-07,7.2063661331996e-07,0.03310540075983143,0.17126093318329988,0.050193982145546594,-0.0006253829151696142
2018-08-15,-0.0011483791744329249,5.3191421457711315e-06,5.1178155042932876e-06,0.0,1.0519204223246994e-05,2.2371843910387613e-06,0.3252289581809128,0.42584697769451196,0.050000000000000044,-0.001171572520697275
2018-08-16,-0.0004404394593116926,6.391735648127852e-06,5.297562185355033e-06,0.0,1.3257334925238446e-05,1.841738558580309e-06,0.3870063343230168,0.3597282988983852,0.050316221056893234,-0.00046722783062899426
2018-08-17,0.00022554312722973126,8.5759766679015e-06,8.641735452570113e-06,0.0,3.192570280007008e-05,3.7380658854658542e-06,0.5821952761474718,0.6785388279646484,0.05054375920638489,0.00017266164642372372
2018-08-20,0.0020105961301027813,1.0282009375722096e-05,1.2440898135715459e-05,0.0,2.895581145499245e-05,4.863349708203652e-06,0.8147194994890874,0.766994816717339,-0.05004793426087456,0.0019540540614281475
2018-08-21,0.00025194887773835703,7.542659677586091e-06,9.040448789788349e-06,0.0,1.3227680221936102e-05,1.73694432313542e-06,0.5980245945710854,0.24200382392868777,-0.0498028223580628,0.00022040114472591106
2018-08-22,0.0005351491532688277,2.2556234685900737e-06,3.2438837116936097e-06,0.0,5.538017210231797e-06,1.3541131128468307e-06,0.21474065733695397,0.17770007294082502,-0.04979093001744253,0.0005227575157654654
2018-08-23,-0.00015125506516607597,6.5428472297713814e-06,5.906253627116472e-06,0.0,1.1303494628937698e-05,1.4649671918863872e-06,0.3833361633603898,0.2290616405101374,-0.017052847726775636,-0.00017647262784378792
2018-08-24,-0.0007735689534086829,3.6691240894348144e-06,7.74047938730921e-07,0.0,2.052224140480519e-06,1.1186339903246125e-06,0.0809906481739339,0.20767298545094512,0.01974247507641022,-0.0007811829835676538
2018-08-27,0.0014173447939428588,2.6012855333208306e-07,8.79356198409811e-07,0.0,2.6404026480996274e-07,1.18868991325814e-06,0.04312832410862126,0.19412404179326198,-0.005575863634105491,0.001414752579013049
2018-08-28,5.932058901606809e-05,1.9582341484469703e-06,1.8903012667907758e-06,0.0,2.5966803052673635e-06,7.381173883064752e-07,0.11065100050938886,0.08348235192774772,-0.04052136930774014,5.2137255907256505e-05
2018-08-29,-0.00010135227429201765,3.769800781215402e-06,4.918238756356951e-06,0.0,1.2547795786876117e-05,2.05081608925782e-06,0.3628698909192566,0.2945371029953137,-0.05,-0.00012463892570572393
2018-08-30,0.00016307735335044192,6.650142134386454e-06,7.942636223243496e-06,0.0,1.4417386588545047e-05,1.6314643141118853e-06,0.5173365507308125,0.2240860047707967,-0.05,0.00013243572409015505
2018-08-31,0.0001667915346666467,6.250311027042785e-06,7.156474303427693e-06,0.0,1.8614272792435256e-05,3.839136391589441e-06,0.5372011645915461,0.6956874071149359,0.05071249332790978,0.0001309313401521515
2018-09-04,0.001440599507389751,4.908097066375025e-06,4.008441939628441e-06,0.0,1.4670984839712635e-05,3.2870031560225887e-06,0.2900015555440605,0.6025669697904474,0.050350439578652595,0.0014137249803880122
2018-09-05,0.00028237172103306985,8.8586634624681e-06,7.248827839424594e-06,0.0,1.279886274650736e-05,1.0473811340236306e-06,0.520378017752039,0.21422397869880302,0.0382639481828331,0.0002524179858506462
2018-09-06,-0.0014881404154650814,9.578738640470364e-07,1.925728737532049e-06,0.0,1.8520272545692828e-06,1.2933684336481262e-06,0.0729416803090769,0.1811200243111763,-0.03616587254170889,-0.0014941694137548779
2018-09-07,-0.0010683951907626832,3.282241797550471e-06,2.3526685966759246e-06,0.0,3.159157957476e-06,0.0,0.18848750415627163,0.016734419390362593,0.016734419390362593,-0.0010771892591143856
2018-09-10,0.00018291137518589078,2.619169243269729e-07,9.207252004393861e-07,0.0,2.0760411248507917e-07,3.8028519204963984e-07,0.051656863531616824,0.058842812117083115,-0.005045100147256371,0.0001811408437565897
2018-09-11,-0.00021581783535036983,1.5909072631893193e-07,7.690935415958263e-07,0.0,3.749613118445658e-07,6.143276985462686e-07,0.03741302261604227,0.07250752581821507,-0.030699527537558047,-0.00021773530862867542
2018-09-12,0.00012902399497252584,1.4048318505602987e-06,1.9302127881048512e-06,0.0,2.4953458660865954e-06,1.17471729044126e-06,0.11678200125154616,0.14735250479413167,-0.04999999999999998,0.00012201888717733283
2018-09-13,0.0015541072955479348,9.172911806830995e-07,1.035760785333309e-06,0.0,7.652935100746487e-07,1.1744304134677954e-06,0.06704220193337715,0.14730430946258966,-0.04999999999999998,0.0015502145196583759
2018-09-14,-0.0018430769568563848,3.2963782187935867e-06,4.2261638298032094e-06,0.0,7.674666044115233e-06,2.2951263872261315e-06,0.32815342591327246,0.3596365986950254,-0.025944634358964602,-0.001860569291336323
2018-09-17,-0.000780198969894688,9.680974858840232e-06,8.454208751682192e-06,0.0,1.6436906784474314e-05,2.335040172640246e-06,0.568215777681444,0.3435547158707595,-0.04873203313280183,-0.0008171061004623249
2018-09-18,0.00022820600004647663,1.4931383448705416e-06,1.6412552148457122e-06,0.0,2.89572960455297e-06,2.504285591274747e-06,0.151353749102182,0.4191154372857941,-0.0016045420483633277,0.00021967159129093267
2018-09-19,-0.005514500102055115,3.2577407017952093e-06,3.0702805117080706e-06,0.0,1.1971025092665328e-05,3.0875407638314334e-06,0.2570682994464318,0.5633606717961972,0.044653823472516424,-0.005535886689125115
2018-09-20,0.002295940309317084,8.305212326684601e-06,1.0678023823625905e-05,0.0,1.617010033155672e-05,2.5380365988207847e-06,0.6600294561724205,0.37782784280121656,-0.04856230580067526,0.0022582489362363957
2018-09-21,0.0008461698710924611,3.063541201354461e-06,3.082806064417152e-06,0.0,3.919060054065587e-06,2.146626119021905e-06,0.2047313348525099,0.3113733720791522,-0.04925981591652785,0.0008339578376536019
2018-09-24,-0.00041998639296612645,7.430571070845895e-06,4.764980940190211e-06,0.0,9.990031940630238e-06,2.881629558768181e-06,0.3156122833862617,0.4340074563954928,-0.050106309477561506,-0.00044505360647656097
2018-09-25,0.00010514697893463243,1.1502661965873244e-05,7.354909472944914e-06,0.0,1.337257915972287e-05,9.743246740429779e-07,0.5659498513487232,0.21400284506474795,0.05031629982552769,7.194250366204843e-05
2018-09-26,-0.0005326283880012083,9.017591555697495e-06,8.084841273549688e-06,0.0,1.1986032216374667e-05,3.71500939643625e-06,0.5931390983711351,0.6742456534796629,0.05012407487837278,-0.0005654318624432664
2018-09-27,-0.001980273772047412,6.51911217468465e-06,7.742113615834932e-06,0.0,1.1329002250617859e-05,2.146213029462777e-06,0.49301062053226646,0.4106595390569279,0.050095750107181286,-0.002008010213118012
2018-09-28,-0.0015421371486020205,7.167637929215466e-06,6.239227592965616e-06,0.0,1.1777734589980845e-05,3.023046623106652e-06,0.3882234209768427,0.5573025352665624,0.04943070258464488,-0.001570344795337289
2018-10-01,0.0008248547360294389,7.654800632256498e-06,8.077627498280185e-06,0.0,1.1845135536402584e-05,1.6418233871988149e-06,0.42091247077577876,0.22582632904940086,-0.04999999999999999,0.0007956353489753007
2018-10-02,0.00040329804433067364,5.162481684913766e-06,5.9923905369161135e-06,0.0,1.375853682528204e-05,2.4444787774590313e-06,0.45196142165619846,0.3606724346131173,-0.04999999999999999,0.0003759401565061027
2018-10-03,-0.005117073503150379,3.636278378423521e-06,3.3180827143233407e-06,0.0,9.134524078521334e-06,2.2436752709834024e-06,0.23387280469062938,0.3261282559876581,-0.050809189537553506,-0.005135406063592631
2018-10-04,0.0004200981996778143,1.4089754561633911e-05,1.5293218939349537e-05,0.0,3.31591590800177e-05,5.009225200516752e-06,1.0413466096305948,0.8915498336868142,0.050000000000000044,0.0003525468418962964
2018-10-05,0.0014970463705030726,4.089560506731577e-06,4.430296211896791e-06,0.0,6.507687433550601e-06,4.1468718837114965e-06,0.32819943698370757,0.7466251943459699,0.049950717882438544,0.0014778719544671821
2018-10-08,8.11314261587373e-05,6.384957279672244e-06,5.282989247849288e-06,0.0,8.43790240152466e-06,4.090773722220436e-06,0.3702703422285149,0.7371747277487597,0.04992474241572656,5.693480350747068e-05
2018-10-09,0.001238436933911007,6.9805854920832125e-06,7.805979586373444e-06,0.0,2.1480671667593313e-05,3.90601283053182e-06,0.5725570198182977,0.706856824441732,0.05064666891238624,0.0011982636843344253
2018-10-10,-0.008083786308836107,1.9348606108178755e-05,2.1058491986367323e-05,0.0,4.2358570290182486e-05,7.718480384803195e-06,1.5443840489251952,1.3470721535341663,0.050367448887229216,-0.008174270457605638
2018-10-11,0.003749949985633778,1.6374613713171956e-05,1.8435029328851077e-05,0.0,4.027720262376064e-05,2.9861444095482198e-06,1.2090429739838682,0.5513747462420826,0.049702485437981614,0.003671876995558446
2018-10-12,0.0002455461955775235,8.595961038327069e-06,8.77313026943494e-06,0.0,1.9585762161423518e-05,5.738106572710583e-06,0.6189010932908207,1.0151054289520975,0.05110352473671953,0.00020285323553562737
2018-10-15,0.0011324451989397858,1.5847906898675463e-05,1.3980482483805868e-05,0.0,2.4974890842169714e-05,9.33403074313655e-06,0.9934919153669303,1.6181171648469403,0.04999999999999993,0.0010683078879719981
2018-10-16,-0.005154244896933018,1.2780232446284715e-05,1.4755544714754881e-05,0.0,2.8086009694990597e-05,6.282985759283487e-06,0.9020491038897516,1.0084169270462517,-0.047124680513373984,-0.0052161496695483315
2018-10-17,0.0011829858376863262,1.7504263935890884e-05,2.3267106294190344e-05,0.0,4.072571886692298e-05,6.057341843766732e-06,1.5195880157195902,0.9689161233209165,-0.048717306431894425,0.0010954314067455552
2018-10-18,-0.0028152525311098122,6.583523385553568e-06,6.352031584658147e-06,0.0,1.4786168317048239e-05,6.071387718654265e-06,0.4278416629157317,0.9721078362257879,-0.04788530050812856,-0.0028490456421157266
2018-10-19,-0.002913466138278907,1.153482124423268e-05,9.314724788740543e-06,0.0,2.590995965050876e-05,2.582274138485891e-06,0.7376473193311475,0.48454503904087604,0.0507229837752463,-0.002962807918100875
2018-10-22,0.00013653788882093986,6.718828132848392e-06,5.915955332627997e-06,0.0,9.757744182089255e-06,2.1476189845279237e-06,0.4227320191120605,0.4112719803391494,0.05047199093845817,0.00011199774218884629
2018-10-23,0.001102310744535702,5.228309136293486e-06,4.577075703872524e-06,0.0,7.2962558754661485e-06,2.124089460936282e-06,0.29774014857857495,0.4062196819223654,0.04937265248507011,0.0010830850143591336
2018-10-24,-0.0055314960983389345,7.441881268877696e-06,5.816114875223934e-06,0.0,9.026176297706885e-06,1.9418763271458885e-06,0.3925629313028032,0.376464216906354,0.05022899394584482,-0.005555722147107889
2018-10-25,7.717271967311239e-05,5.71885032677616e-06,5.989620013154253e-06,0.0,8.549799287733424e-06,1.831845188320897e-06,0.3924813524655626,0.35862894249910454,0.05087895086119386,5.508260485712765e-05
2018-10-26,-0.0006284687823911793,7.334989733513681e-06,1.0615530214584827e-05,0.0,1.0962876967338415e-05,4.195889465067027e-06,0.6302181713811867,0.6557357603616927,-0.049173669769567996,-0.0006615780687716832
2018-10-29,-0.0034426801934989656,5.796344468731747e-06,7.2185708200352826e-06,0.0,1.5980423396879225e-05,4.585760315792279e-06,0.4998399590541752,0.7200461156050189,-0.05036161744808393,-0.003476261292500404
2018-10-30,-0.003738813852285508,1.0316822214373017e-05,9.834890925158056e-06,0.0,1.9253792175002757e-05,5.886186406507721e-06,0.6519889013655342,0.9386509232447344,-0.05022839304856275,-0.0037841055440065493
2018-10-31,0.0007656924189239982,1.4605912017545765e-05,2.152616586652522e-05,0.0,3.411499710466979e-05,6.182122411775966e-06,1.6161318718115785,0.9888871069855836,-0.04970945819277872,0.0006892632215234815
2018-11-01,0.0022110035365451456,4.591593285024011e-06,5.053828035378954e-06,0.0,9.629290975959933e-06,5.106516226337144e-06,0.34063877145163624,0.808355186232774,-0.04953953979186604,0.0021866223080224457
2018-11-02,0.0033882615149992447,5.093990972827755e-06,6.170634310022818e-06,0.0,1.058562576598114e-05,4.007009258555524e-06,0.41212073905063373,0.6256490535586504,-0.04752850187867769,0.0033624042546918573
2018-11-05,-0.0004648263661093354,2.2281572978208952e-05,8.1887077066267e-06,0.0,2.510326509180793e-05,2.781049882069765e-06,0.5016632647654369,0.4176137261968743,-0.049602653990846186,-0.0005231809617680487
2018-11-06,0.000303026232269516,2.7891931596342475e-05,1.9177397153756428e-05,0.0,3.5716153912543777e-05,5.1644038311108335e-06,1.0816841720073964,0.81761984362662,-0.04999999999999999,0.00021507634577576249
2018-11-07,0.0005768001981494275,8.749383450565524e-06,1.0539866193655036e-05,0.0,1.4333890708079355e-05,8.715422956089686e-07,0.7815002964630041,0.0964191056623067,-0.05,0.0005423055155015185
2018-11-08,0.0007657913656157225,4.9983299401163635e-06,6.657057066800048e-06,0.0,1.3677909723803172e-05,2.7451781974140953e-06,0.4559281662494059,0.411189937165568,-0.04999999999999999,0.0007377128906875889
2018-11-09,-0.0025372498696031396,5.167200334399673e-06,3.5590023221866055e-06,0.0,6.997863067014197e-06,2.6017200240145984e-06,0.3503518489537499,0.4872951052892697,0.050206141254817274,-0.0025555756553507546
2018-11-12,-0.003562181398468536,7.213872405313109e-06,6.822367843050822e-06,0.0,1.509157924238602e-05,5.078151884263587e-07,0.4678861556032041,0.1355582323686915,0.05024528071306322,-0.0035918170331477126
2018-11-13,0.0004054642152478399,1.4055248926946829e-06,1.8746645444620803e-06,0.0,2.5498963546837754e-06,8.864700395129217e-07,0.12443359414947137,0.19914529740636536,0.050218330768194507,0.00039874765941648644
2018-11-14,0.00017053879883034112,4.5166383108552715e-06,4.658811719748975e-06,0.0,7.83222283784961e-06,1.288852644375619e-06,0.32721556672684426,0.2666929675896164,0.05016572333451241,0.00015224227331751166
2018-11-15,0.001037805852732095,5.9996214574133685e-06,8.731000027019655e-06,0.0,1.2011030072418818e-05,3.126673933919335e-06,0.5095569245405989,0.476714714574193,-0.04856650632425502,0.0010079375272413237
2018-11-16,0.0005939742839458952,6.563318249361149e-06,7.3346464489598035e-06,0.0,8.962777086555018e-06,3.281325517763683e-06,0.5386131209171434,0.5025884920749426,-0.04867419490935611,0.0005678322166432555
2018-11-19,-0.0003758480505783216,4.145059385616905e-06,5.186788059184602e-06,0.0,6.559757457301724e-06,2.9156538999334287e-06,0.3447323023685599,0.43957485741160535,-0.05025499777721068,-0.0003946553093803583
2018-11-20,0.00029308270164366256,3.857009685365422e-06,3.5972751537096474e-06,0.0,7.145336997112197e-06,1.562500307889394e-06,0.33533520895216706,0.31331198712281355,0.05081193539739543,0.0002769205794995859
2018-11-21,-6.491787740225141e-06,3.5972340652583004e-06,3.748963353196218e-06,0.0,5.04069009625874e-06,1.526277998461891e-06,0.24610134621466806,0.3070450101786267,0.050630306437028955,-2.040495325340029e-05
2018-11-26,0.0010396213636719054,4.847136346715339e-06,3.9557566760264506e-06,0.0,7.13958900927733e-06,4.2648434171339853e-07,0.256304753337607,0.12230056414886414,0.0506511947410132,0.001023252397298173
2018-11-27,-1.5255228040011513e-05,2.0143635584935774e-06,3.1404839545074094e-06,0.0,3.5548359857419113e-06,5.662660088062087e-07,0.19244939300200703,0.10162258479929936,0.006489895319856297,-2.453117754756062e-05
2018-11-28,0.0002223453917501619,1.4789354630240394e-06,2.004774292548909e-06,0.0,1.562720988034427e-06,1.0146387138012546e-06,0.08524451701861842,0.12040325299853036,-0.05005605092008045,0.00021628432229275327
2018-11-29,0.00029969152183780136,1.8527022983491628e-06,1.4994943101762886e-06,0.0,4.3010057861293474e-06,7.89872083423783e-07,0.16934940573431562,0.15778856161367497,0.025090051598479407,0.0002912484473597228
2018-11-30,0.0016992057780831349,9.507018923339192e-07,1.664023103006889e-06,0.0,1.8882609328379485e-06,5.539578871126066e-07,0.08063979366837634,0.07957709974276703,-0.013487825292150864,0.0016941488342678435
2018-12-03,-0.0007021790315296043,9.81875909945526e-07,1.5638542693281761e-06,0.0,2.185613293269012e-06,9.010905427663283e-07,0.09823463492950457,0.11976690164933815,-0.03161630953540502,-0.0007078114655449133
2018-12-04,0.0004968094961519409,8.981993631942478e-07,1.26669130887724e-06,0.0,1.962057796875508e-06,1.235994784609974e-06,0.07653504036101161,0.15814610596793024,-0.04950101784654538,0.000491446552898384
2018-12-06,-0.00025590820928769796,1.0263910110665162e-05,1.211633875031391e-05,0.0,1.4944870101421897e-05,4.308392884927831e-06,0.7702505888234877,0.6738014427604053,-0.050008561907469995,-0.00029754172113502676
2018-12-07,0.0010869005542239656,5.780473206439766e-06,2.4887716149689917e-06,0.0,7.635649698775735e-06,2.382458991367205e-06,0.2640404038693386,0.45193780254083704,0.05168469199114653,0.0010686132007124139
2018-12-10,0.0010434381196444639,1.8694636528320952e-06,3.011921882548341e-06,0.0,2.9815089311144783e-06,1.79114860535296e-06,0.2237750305753636,0.3512267401525753,0.05031377445327802,0.001033784076572616
2018-12-11,-0.0006999875310862066,3.6545867003980624e-06,3.6800108231590375e-06,0.0,5.129710812427085e-06,1.3406548027821867e-06,0.2730622459493244,0.27515476490260016,0.04992475803519281,-0.000713792494224973
2018-12-12,-0.000533720903481039,6.871375139886137e-06,7.262008974011704e-06,0.0,1.022494978458406e-05,1.895718704507264e-06,0.5307859198601946,0.36848872963298496,0.05000798727576461,-0.0005599749560840282
2018-12-13,-0.002242241611905436,4.434555213710861e-06,4.133940316733328e-06,0.0,7.461105622590896e-06,9.59492739165495e-07,0.2607804948974055,0.21102576897640912,0.049830988796605954,-0.0022592307057976366
2018-12-14,0.0005185563699010853,6.290826634578888e-06,8.088840660157812e-06,0.0,1.1168810586068875e-05,2.432340622443754e-06,0.43923496873057644,0.35878781623138567,-0.04984540833916504,0.000490575551397836
2018-12-17,0.00040448001281405155,6.431904840244056e-06,9.169993577022174e-06,0.0,1.1364664034825478e-05,5.328232482493899e-06,0.7061988980708467,0.9451430570589747,0.04999999999999999,0.00037218521787946596
2018-12-18,0.003314905221511372,3.041140943087002e-06,2.825726721524953e-06,0.0,3.7013525676174555e-06,4.699706770845257e-06,0.20668254759940316,0.8389580697480846,0.04940733224608129,0.0033006372945082975
2018-12-19,-0.0014356284798920026,7.263892576386232e-06,6.09242851943795e-06,0.0,1.3755200298324337e-05,5.1399782192427255e-06,0.3988917740798576,0.9128457692023435,0.049329428369565664,-0.001467879979505394
2018-12-20,-0.002211561228768411,5.071921113802068e-06,6.5813084647539375e-06,0.0,7.943787459676513e-06,2.2517950520446975e-06,0.48586601717035705,0.42902632253662143,0.05072475379311231,-0.002233410040858688
2018-12-21,-0.0017360411289384866,3.96859592033011e-06,2.9448240268628435e-06,0.0,5.156889573589269e-06,2.5958049604485454e-06,0.1984111510018039,0.4881711948319922,0.052075961476636595,-0.0017507072434197173
2018-12-26,-0.00021393483985378742,1.5488583336810145e-05,1.2037785008969373e-05,0.0,1.894459105239299e-05,5.369830229092414e-06,0.5998156318929666,0.8544857098574561,-0.04764576863006936,-0.00026577562948105235
2018-12-27,-0.001522607401035281,1.2340782624548584e-05,8.642680585017384e-06,0.0,1.3395117983258876e-05,2.1364535372771485e-06,0.6303592524358848,0.3090268018684622,-0.04989739239409856,-0.001559122435765383
2018-12-28,0.00038634325694725344,3.78425160349859e-06,2.755967237641802e-06,0.0,2.589234396177296e-06,1.1165865521179847e-06,0.19773801217525772,0.13762154649472738,-0.04996499426109407,0.00037609721715781776
2018-12-31,-0.00021944450344896877,2.1873659176626287e-06,7.873828347514355e-07,0.0,1.483546104634464e-06,3.9108084474531157e-07,0.0919834880591833,0.058907738096834195,-0.006793843820378148,-0.0002242938791507626
2019-01-02,0.0004592763769050577,1.6999350151892012e-06,1.000953548198522e-06,0.0,9.704606638173084e-07,4.653471449366402e-07,0.05062607665010731,0.07047451808196523,-0.007703802267390321,0.00045513968053291607
2019-01-03,-0.00025764759452573876,6.996049905576816e-07,1.2195870968093837e-06,0.0,6.816759423931407e-07,3.378938832556185e-07,0.08689923697334781,0.04323936170283308,-0.013526810684110838,-0.0002605863564387546
2019-01-04,-0.0007093791713132725,2.2008173800763186e-06,1.2980962088049243e-06,0.0,1.642943536935733e-06,4.735643955246211e-07,0.1104226793708449,0.09618648951542079,0.016627671067284456,-0.0007149945928346141
2019-01-07,-8.485510712488026e-06,1.7264162362521729e-06,1.8303505157148827e-06,0.0,2.254105260363921e-06,5.844338992663074e-07,0.1409950516690288,0.1261311486401198,0.027946253563380152,-1.4880816624085309e-05
2019-01-08,0.000696718785231184,1.5211257130814866e-06,2.7799674045887137e-06,0.0,1.7320643986531265e-06,1.1961144219978402e-06,0.15832328428581366,0.17469499445387718,-0.02625222844175995,0.0006894895132928629
2019-01-09,-0.00044693826226201047,8.337125287867062e-07,7.015528874346828e-07,0.0,8.231775179603472e-07,7.953765672439407e-07,0.07094812685417197,0.13527424522877823,0.0016509819317961777,-0.00045009208176343616
2019-01-10,0.00018969297747189323,1.1354160017820832e-06,1.1145729355561587e-06,0.0,1.1312222915413688e-06,1.0380591114820605e-06,0.06468664909137828,0.16275460698965916,-0.011639323739327065,0.00018527370713153157
2019-01-11,-1.2436094323066714e-06,8.661875704609141e-07,1.1877892038625722e-06,0.0,7.011525914689973e-07,5.878506972016653e-07,0.08775026580881586,0.096441808254865,-0.002317108875014774,-4.58658949530082e-06
2019-01-14,4.31198433346703e-05,6.181422184338235e-07,9.155369125345926e-07,0.0,9.532674750430187e-07,3.4941060205649224e-07,0.05691955118019283,0.04724403026517059,-0.011456950880320102,4.028348612660237e-05
2019-01-15,-0.0001578230078917304,5.674014607192423e-07,8.110632254396758e-07,0.0,4.611144809198457e-07,1.3688692914564793e-07,0.05503623580184824,0.011498502048234424,-0.011498502048234424,-0.0001597994739879548
2019-01-16,-2.5084960121117484e-05,2.230797443232262e-07,2.996132622172441e-08,0.0,8.488018464190176e-08,0.0,0.011523587008355544,0.0,0.0,-2.5422881376304336e-05
2019-01-17,0.0,2.723620171882187e-07,1.0286333006316618e-06,0.0,1.4109083037896066e-07,4.937628586525212e-07,0.04147608012681178,0.04147608012681178,-0.04147608012681178,-1.9358490068513624e-06
2019-01-18,-0.0005310800225706109,2.723620171882187e-07,1.0921861638839422e-07,0.0,1.4035238569839958e-07,0.0,0.04200716014938239,0.0,0.0,-0.0005316019555898859
2019-01-22,0.0,6.328735383494915e-07,1.4622167412021114e-06,0.0,1.5970145146600026e-06,6.657747441742525e-07,0.06185015702127442,0.06185015702127442,-0.049999999999999996,-4.357879538385858e-06
2019-01-23,0.0001574085804022421,4.955114889689662e-07,6.903508325539666e-07,0.0,1.1785047853405154e-06,7.675018599905763e-07,0.05173225241792247,0.07901496987854639,-0.049925342599870415,0.00015427671143538807
2019-01-24,0.00010446677971419574,6.149263105887186e-07,5.448566867274744e-07,0.0,2.0182854531719255e-06,1.040213820899283e-07,0.07492636379631422,0.013264575497132024,-0.004211016693975929,0.00010118468988161769
2019-01-25,-4.0221607364042476e-05,8.91738722928192e-08,1.3257368913895342e-07,0.0,1.4296999072279183e-07,0.0,0.01338120978588669,0.0,0.0,-4.0586324916197043e-05
2019-01-28,0.0,2.726986880980027e-07,3.9172425578167847e-07,0.0,1.1391536077320187e-07,1.6689960517127995e-07,0.014019566834387515,0.014019566834387515,-0.014019566834387515,-9.452379098241631e-07
2019-01-29,6.726391310472525e-05,1.1854485420544577e-09,8.39013060124463e-09,0.0,0.0,1.7025585246966315e-07,0.00034918868616891623,0.014301491607451705,-0.014301491607451705,6.70840816731123e-05
2019-01-30,-0.00020781869815532356,2.874768838041581e-07,4.4441734377314796e-07,0.0,2.4444421350000976e-07,3.2376314310958976e-07,0.0215059394827225,0.027196104021205536,-0.027196104021205536,-0.00020911879973951045
2019-01-31,-0.00020209326423902368,6.093877030528539e-07,1.0378837555567339e-06,0.0,4.888812501805524e-07,7.308614903684516e-07,0.05445783977439584,0.07278473038189986,-0.05,-0.00020496027843818228
2019-02-01,-0.0004257223088114763,8.213033878904556e-07,5.006844814058303e-07,0.0,6.597097441968295e-07,8.131570528286134e-07,0.030226710348943687,0.08652425779644562,-0.05008612707876142,-0.00042851716347779803
2019-02-04,-0.00041432618142639985,9.029601270913428e-07,8.066985344852721e-07,0.0,8.456442693219177e-07,6.483668084758975e-07,0.06618786113237209,0.07256003089533541,-0.03636559292861538,-0.0004175298511657743
2019-02-05,8.052980743998167e-05,6.691594380436755e-07,3.1609372622805365e-07,0.0,6.266069803565515e-07,4.714576435981289e-07,0.04700136224102419,0.07371016606818473,-0.005494718056300927,7.844648965175526e-05
2019-02-06,3.754804139844938e-05,2.915609992932774e-07,3.2961993310422294e-07,0.0,2.845822079293722e-07,3.893372610445113e-07,0.0208077190994393,0.0553851984315517,-0.010023461423926187,3.625294099707799e-05
2019-02-07,1.5928671833282122e-06,4.641583882331625e-07,1.1257206620281023e-06,0.0,9.823406428369521e-07,5.942816245489032e-07,0.04708986165700973,0.04991965646210787,-0.04991965646210787,-1.573634134318908e-06
2019-02-08,-0.0003244063176087495,5.836008542943536e-07,6.663910008886095e-07,0.0,6.318996117393525e-07,3.195768307100899e-07,0.07967783782569386,0.04488555937195677,-0.008803348187338335,-0.0003266077859063819
2019-02-11,-3.1696052067471736e-05,1.774884195190562e-07,2.269687167699671e-07,0.0,2.6891002116765187e-07,3.671701768832545e-07,0.013340478597505765,0.05071347545029964,-0.010971114266087097,-3.2736589401811665e-05
2019-02-12,-0.00025870178645782233,7.595689717300555e-07,1.6867189782224197e-06,0.0,1.14820137477796e-06,5.418025184689977e-07,0.10860233797677495,0.05711799152525192,-0.03390483157753969,-0.00026283807830102175
2019-02-13,0.0002292126895520163,5.778537335845888e-07,1.1622305866866225e-06,0.0,1.0745952841965912e-06,1.0778503253109284e-06,0.07423784872075229,0.13107885465223595,-0.049999999999999996,0.00022532015962223756
2019-02-14,0.0002706772183380881,3.8832279250361905e-07,3.8514453466697884e-07,0.0,9.112907575787596e-07,1.078403020181223e-06,0.02341529742957894,0.13128532696091005,-0.04988638042953538,0.0002679140572331575
2019-02-15,-0.0013296097413479536,3.89174073192861e-07,8.764277087285257e-07,0.0,9.48737896761042e-07,3.346801522765179e-07,0.09218406315304122,0.03974227556296645,-0.016483990019488554,-0.0013321587611789126
2019-02-19,-0.00017559816450540375,4.1413729224316495e-07,1.3992452648482094e-06,0.0,6.739979075328464e-07,8.594407789874131e-07,0.07879016180720469,0.09544974999119865,-0.04893630087868675,-0.00017894498574901537
2019-02-20,-0.00011965293869332782,1.0995915439994904e-07,1.9450118039682408e-07,0.0,9.582991171480953e-08,8.721038637649519e-07,0.012621670800005542,0.0965390128641572,-0.049974436248354716,-0.00012092533280360435
2019-02-21,0.00038976511844408313,8.263088984534626e-07,1.6562064241852907e-06,0.0,1.6177747180345759e-06,3.925006032033788e-07,0.1466930682678709,0.050302477095422723,-0.015637624242744907,0.00038527232780020645
2019-02-22,-0.00039045532623560494,1.0452325883398292e-07,5.874497081503354e-07,0.0,5.051086868923601e-07,5.832522351878835e-07,0.024222938095239316,0.05773535784734461,-0.04025101766421983,-0.0003922356601246695
2019-02-25,0.00028122527900769435,3.890457650966317e-07,4.4399013363326957e-07,0.0,9.776024939947885e-07,4.6500110353925836e-07,0.06844777667007383,0.08318924454264706,0.005069059148051655,0.0002789496395114304
2019-02-26,-6.90135383957826e-05,3.8485710623353376e-07,1.2117443615654274e-06,0.0,8.215588290721555e-07,1.0337010979579757e-07,0.08016971692755642,0.008683089222846996,-0.008683089222846996,-7.153506880244951e-05
2019-02-27,-3.639015151010199e-05,4.967669823632606e-07,7.082232000090012e-07,0.0,5.804515594608419e-07,2.7961919563146185e-07,0.04804119636171415,0.039321716987357064,-0.007654307878728537,-3.845521244756656e-05
2019-02-28,0.0001358510244219438,7.24063721212333e-07,6.326242696118224e-07,0.0,7.711163043325542e-07,2.7960718823005994e-07,0.044894571622152525,0.04120571479760251,-0.005768292825047556,0.00013344361293855705
2019-03-01,0.00010095212309442267,5.547551076293561e-07,1.4473508582507817e-07,0.0,7.842076229280546e-07,9.402746529616873e-08,0.05566734070195314,0.06579661416975635,0.05000000000000001,9.937439781274401e-05
2019-03-04,-0.0006400913398227643,4.9509689508361204e-08,1.5693890951432472e-07,0.0,4.549270275412093e-08,9.238519108488282e-08,0.011712255495997578,0.06503484461383727,0.04951413251157694,-0.000640435666315626
2019-03-05,-6.8551983439137966e-06,3.963862793369884e-07,6.416055724637154e-07,0.0,8.56744239570345e-07,9.060848292267304e-08,0.047290379051771136,0.06488458634962127,0.04966236121861221,-8.84054291820752e-06
2019-03-06,-0.0006778760847143344,5.472578305132147e-07,1.0520188840368285e-06,0.0,9.221054367636768e-07,0.0,0.06748687257757556,0.04018037874811163,0.04018037874811163,-0.0006803974668656481
2019-03-07,-0.00031468477761755517,8.481368725939533e-07,1.3131007263389212e-06,0.0,6.562584083539035e-07,4.264300604866083e-07,0.0990341938809367,0.12164025016175019,0.049999999999999996,-0.0003179287036853286
2019-03-08,-6.308448978698737e-05,3.398772615145309e-07,6.875865387391703e-07,0.0,4.2859020910363953e-07,6.915182645531575e-07,0.04881478737836521,0.16615381208808616,0.04997874364315571,-6.523206206089787e-05
2019-03-11,0.0005286379788896844,1.5113094832108403e-06,1.9531016111525777e-06,0.0,1.0399617595346028e-06,5.759194677976734e-07,0.10886217168984769,0.10924507263913652,0.012490602049127372,0.0005235576865679887
2019-03-12,3.0643938912530655e-05,1.334282331478363e-06,2.515695181405198e-06,0.0,1.2405534109836623e-06,6.343148413019182e-07,0.14542220948853468,0.06801845841712659,-0.03854643492159567,2.4919093147361514e-05
2019-03-13,-0.0002160430624757074,2.2704617715855852e-07,6.028803063625206e-07,0.0,1.7271094287854463e-07,8.782580996190563e-07,0.03678050487089374,0.0981154869112599,-0.04943187382474156,-0.0002179239580017261
2019-03-14,-1.2166608579580691e-05,1.3867300607248247e-06,8.521486443864187e-07,0.0,1.217797095800549e-06,5.560770515127481e-07,0.07350674098869972,0.07397855213242746,-0.019442392521714202,-1.617936143200523e-05
2019-03-15,5.097531829547054e-05,7.407332652588174e-07,8.900031955800506e-07,0.0,8.030441475156669e-07,7.083483877828249e-07,0.03057971819712129,0.06903139374697456,-0.049971135400540025,4.783318929933318e-05
2019-03-18,-0.00033895609968959454,7.100290389010631e-07,3.9068402262192296e-07,0.0,5.880866431971987e-07,0.0,0.06934236337768562,0.0,0.0,-0.00034064489939431475
2019-03-19,0.0,6.434949000805375e-08,2.9613798684035637e-07,0.0,1.2590954220185163e-07,1.4302080409579577e-07,0.01296040400741131,0.01296040400741131,-0.011067091080682379,-6.294178231460575e-07
2019-03-20,-0.00010642606345561564,5.014864188653382e-07,6.024395454680983e-08,0.0,1.8824985807142237e-07,1.442535846189047e-07,0.02317075174877301,0.036231836820611,0.011997234604635015,-0.00010732029727171812
2019-03-21,-0.0003469762292734428,2.480583138703667e-07,2.704989342301738e-08,0.0,6.010897921200316e-08,1.4663696029691533e-07,0.010403805162698992,0.04668907286794234,0.022054063538060567,-0.00034745808342024514
2019-03-22,-0.0005171219091151363,1.2827611856324384e-06,8.88445900961894e-07,0.0,1.4505472069929338e-06,9.819815134300169e-08,0.08975203788191975,0.06649728942562427,0.049999999999999996,-0.0005208418615600665
2019-03-25,0.0001960261847836007,3.281172208201415e-07,5.0286526624531e-07,0.0,3.809467345274313e-07,0.0,0.03426072116615195,0.04998419068118368,0.04998419068118368,0.0001948142555620078
2019-03-26,0.0003696903178272527,1.347583083917502e-05,2.334676420298681e-05,0.0,4.8225282722173147e-05,9.376954375753593e-06,1.5173803281822487,1.5252244990240689,-0.05010383610253488,0.0002752654856871641
2019-03-27,-0.0072042845428766196,1.4608720495787386e-05,1.2509982079144182e-05,0.0,2.7790567203809962e-05,5.821952335271765e-06,0.9419310631577039,0.9280879923256566,-0.04999999999999999,-0.007265015764990633
2019-03-28,0.005226662988833251,1.7326368856826457e-05,1.6521624432505486e-05,0.0,3.8569009240742885e-05,1.9786323676807627e-06,1.0702415416459172,0.28241023777036817,-0.05000000000000002,0.005152267353935496
2019-03-29,-0.0005142088327964226,1.401614207496554e-06,1.4122440431309172e-06,0.0,2.299434323198549e-06,1.8466347703096972e-06,0.09803082743946209,0.26010249700322763,-0.05013214440880148,-0.0005211687601405583
2019-04-01,-0.0006808613469611495,1.2340614686015359e-06,1.9199284265197704e-06,0.0,2.8744347517856755e-06,1.8528456139218118e-06,0.13506542565673518,0.2618171732914727,-0.04946088984739172,-0.0006887426172219783
2019-04-02,-0.000375804470248163,2.3444884910556247e-06,3.2357734689080755e-06,0.0,7.222121837422634e-06,1.3344467723722305e-06,0.24181254893661305,0.17397017120380365,-0.050216886554731034,-0.00038994130081792156
2019-04-03,0.0004073230553013261,1.5789683017652046e-06,1.7363317611740535e-06,0.0,4.043112372008228e-06,1.275366977299246e-06,0.11880784194456517,0.16396348399402833,-0.050298168192244995,0.00039868927588907935
2019-04-04,-0.00024831219383943354,2.627894767819706e-06,2.892869445810167e-06,0.0,1.0612867576447128e-05,1.0780560806108099e-06,0.2268665660044213,0.158836306256883,-0.022277115285733035,-0.00026552388171012135
2019-04-05,-0.0003082200746213343,3.5836805925729564e-06,2.7579069133586544e-06,0.0,7.890811102263308e-06,5.697530997098015e-07,0.23701131035113274,0.14571852075124664,0.05,-0.000323022226329239
2019-04-08,0.0005862706400663325,3.2632226034360334e-06,4.864939363881912e-06,0.0,6.174035333745803e-06,1.040004592991408e-06,0.25289163125446207,0.12472077162255651,-0.05,0.0005709284381722773
2019-04-09,0.0013249681391453742,1.4732499184111377e-06,1.2248212387426496e-06,0.0,3.91278874586729e-06,1.4791387817038898e-06,0.07924542771257735,0.199343369466537,-0.04915194585971647,0.0013168781404606492
2019-04-10,-0.0010645506468007426,2.816780173727936e-06,2.136109977171933e-06,0.0,6.712687348656306e-06,2.400347094090725e-07,0.1818285833458562,0.033547957380456,-0.006777873800268175,-0.0010764562590097077
2019-04-11,-0.0001555288770650912,2.3629672757280521e-07,4.0162739566737864e-07,0.0,9.929816236913231e-08,0.0,0.03338153173372231,0.0,0.0,-0.00015626609935070053
2019-04-12,0.0,0.0,0.0,0.0,0.0,0.0,0.0,0.0,0.0,0.0
2019-04-15,0.0,6.528665243581853e-07,1.3191362153123078e-06,0.0,5.830971420254715e-07,5.952380952380951e-07,0.049999999999999996,0.049999999999999996,-0.049999999999999996,-3.15033797693406e-06
2019-04-16,8.678865108916907e-05,1.6407768030929304e-06,1.6867354159209985e-06,0.0,3.6986709149035275e-06,1.246626595424706e-06,0.10961968936256038,0.15953290071147122,-0.04990036731987944,7.85158413598269e-05
2019-04-17,-0.0022166760471457247,2.162264740722873e-06,1.4982854620696084e-06,0.0,4.1774833471616605e-06,2.696544242958473e-07,0.18839789634685974,0.09401483623813162,0.04871289295642928,-0.0022247837351199746
2019-04-18,0.0004772795570898012,2.0241023888387888e-06,3.1302202392999733e-06,0.0,6.148283336096906e-06,8.700240851621797e-07,0.21471796224223888,0.19701747646455314,0.050853430157306916,0.00046510692704040333
2019-04-22,8.417449018892276e-05,4.033267714298154e-06,4.1598805460587995e-06,0.0,9.314299477047826e-06,1.2168756491770432e-06,0.30029869959914457,0.25443510906174327,0.050000000000000024,6.545016680234093e-05
2019-04-23,0.0032057221009644294,3.1592415692887083e-06,3.393125175603128e-06,0.0,8.038386836588373e-06,5.533025647271162e-07,0.197689476540598,0.10438785347403225,0.011433022599876715,0.003190578044818222
2019-04-24,-0.0007779134706395717,4.849660370354298e-06,5.737145384926777e-06,0.0,9.252281004478547e-06,2.5779148478191445e-06,0.4628654834869902,0.48293685424217714,0.04984715980856089,-0.0008003304722471505
2019-04-25,0.0009228273741015365,4.201744253031065e-06,6.0327197837952565e-06,0.0,1.3058383655279943e-05,3.024642853023576e-06,0.4295110984757351,0.5587931986697967,0.05065319936183599,0.0008965098835564066
2019-04-26,-0.0003466552588031777,4.670709566770865e-06,6.558724729208939e-06,0.0,4.82978760612805e-06,6.201132634419422e-07,0.4321581127377314,0.15399677789274244,0.04981774963449614,-0.0003633345939687275
2019-04-29,0.00014078894537006433,7.409755631013102e-07,1.3392188573072368e-06,0.0,5.51396393304595e-06,1.2211174198003932e-06,0.10097589767124845,0.2551675613520521,0.05001983482558611,0.00013197366959680944
2019-04-30,0.00029354248338667947,1.0580258990977966e-05,1.333557417555446e-05,0.0,3.4931062078119055e-05,3.9018986386133495e-06,0.8077144109126472,0.6055189712870427,-0.050000000000000044,0.00023079368950341462
2019-05-01,0.004697456699269426,1.2833877754655791e-05,6.644561752909361e-06,0.0,2.1782910144543684e-05,2.0627198743112986e-06,0.5361277652196998,0.39193987988283113,0.04540294099853297,0.004654132629743006
2019-05-02,0.0016471023289992863,6.783494136723286e-06,6.286215735006354e-06,0.0,1.5550937302097755e-05,1.0896443127585755e-06,0.4106119496280933,0.23306024454344065,0.04999999999999999,0.0016173920375127002
2019-05-03,-0.000626748479612119,5.4240684227056635e-06,5.615828277047869e-06,0.0,1.5105376426274081e-05,3.324847940869345e-06,0.3766044665457687,0.6089026854795998,0.05032823141354989,-0.0006562186006790159
2019-05-06,0.0006358144307690473,1.4349552525367809e-05,1.4315994854051578e-05,0.0,3.19344484624134e-05,4.7004344596813055e-06,0.9586901971534791,0.7943706797302529,0.0046976905037934835,0.0005705140004675333
2019-05-07,0.0017542234685844326,1.4957384746042855e-05,2.5951476360033816e-05,0.0,6.435398618082137e-05,1.2152938718555589e-05,1.7486663256252526,1.9882306942955223,-0.05346301042181678,0.001636807682578979
2019-05-08,0.007576716328927165,2.1390354292412438e-05,1.9182626936060633e-05,0.0,6.928432199389845e-05,6.47403145807422e-06,1.4576818480227474,1.1403607123276598,0.05272342737119032,0.007460384994246719
2019-05-09,-0.001933291807782922,4.023853072787935e-06,4.216346938969751e-06,0.0,1.4282468161734592e-05,4.839216352883185e-06,0.2744524802788406,0.8647299076574121,0.05174156037303684,-0.0019606536923092977
2019-05-10,0.000991629266679569,1.4035997505521243e-05,1.572329064413411e-05,0.0,4.834784573323435e-05,4.278932563055433e-06,0.9717759644293009,0.6698544238522478,-0.04900624674106496,0.0009092432002336239
2019-05-13,-0.004500276998934396,1.3081572048098617e-05,1.3138464518015108e-05,0.0,4.533591724762537e-05,4.677659119936545e-06,0.9011792809097258,0.7972328343898827,0.011386102240543317,-0.004576510611868072
2019-05-14,0.0015330165625737334,7.785934226986811e-06,1.3467714530466197e-05,0.0,2.488348408328573e-05,3.6381448492308037e-06,0.9683994453143316,0.5750229897146333,-0.03618534495614152,0.0014832412848837639
2019-05-15,-0.0005166072535641768,7.771000016478972e-06,9.233451931888284e-06,0.0,1.6327118724617043e-05,5.067954844615005e-06,0.7561535177653143,0.902253596009778,0.050837182114457036,-0.0005550067790817761
2019-05-16,-0.0007852862804783648,6.80092210064473e-06,8.925130874439946e-06,0.0,1.210529228791668e-05,3.3061287436949136e-06,0.5175765028449446,0.5055780017341713,-0.04985162720657407,-0.0008164237544850611
2019-05-17,-0.002582928857364449,3.750582785990684e-06,5.316433184372947e-06,0.0,1.3677106253620987e-05,3.0617343656970263e-06,0.37692969019263867,0.4613340405097661,-0.05303733292733437,-0.0026087347139541308
2019-05-20,0.0013093717564304748,6.893081607329268e-06,7.200363585301378e-06,0.0,1.9075343399995945e-05,2.679642750922799e-06,0.5025555845917637,0.4001233342483681,-0.05005664790666217,0.0012735233250869254
2019-05-21,6.539487987274888e-05,9.692248420441391e-06,6.841388771885015e-06,0.0,2.010343436168237e-05,2.7645518135557457e-06,0.4278119496728743,0.41440962717676494,-0.05003507750060031,2.5993256505184355e-05
2019-05-22,0.0014722292190419788,1.0398112489180938e-05,1.1186975701003862e-05,0.0,2.884329152958067e-05,5.818127460563579e-06,0.8638037831303153,0.9811520767156907,0.0037066633410091643,0.0014159827118616498
2019-05-23,-0.0007883788083650295,1.4949515535394838e-05,2.0035708629268475e-05,0.0,4.124995655585455e-05,5.420227375001848e-06,1.3307239521633485,0.8940285365412792,-0.016569662459031298,-0.0008700342164605491
2019-05-24,0.0010123358718316033,6.26849249297802e-06,7.318246165295195e-06,0.0,2.1167885628499243e-05,2.209184680276972e-06,0.5710497722264822,0.42002233144413775,0.04887930515760647,0.0009753720628645538
2019-05-28,0.00011363537920119626,7.63863946777671e-06,8.116709085061738e-06,0.0,1.4716771377460883e-05,4.2488111787685015e-06,0.5210046394032333,0.763800278033108,0.050000000000000044,7.891444809212842e-05
2019-05-29,-0.00039934062774461696,5.945294699783176e-06,8.30769477933916e-06,0.0,1.2652318092952898e-05,1.2588205277307323e-06,0.6106930295449473,0.2630964623224362,0.0516146136636732,-0.0004275047558444229
2019-05-30,-0.000903230879664186,2.595091368276074e-06,3.2754003658412697e-06,0.0,4.265764121593979e-06,2.2825128658711697e-06,0.22366259850207038,0.43317273823153224,0.049710576765175735,-0.0009156496483857685
2019-05-31,-0.0013572838682892885,6.7602957318797345e-06,5.957407029190129e-06,0.0,1.3685487798380885e-05,2.309504248378582e-06,0.4001533495016222,0.43563498515572563,0.04763827142812377,-0.0013859965630971178
2019-06-03,-0.0035800983554864266,1.0059382663484843e-05,1.747282952560281e-05,0.0,1.754900112536124e-05,9.03885537524099e-06,1.1271899209759422,1.4692654386927415,-0.04926226434774539,-0.0036342184241761164
2019-06-04,0.007531781082271468,1.0845899024519362e-05,1.318833294330348e-05,0.0,2.387958214617476e-05,1.222878499613889e-05,0.8809216314832641,2.0031854326152407,-0.05125044673609258,0.007471638483161331
2019-06-05,-0.00417080783577866,1.295843449879924e-05,2.1854601937450308e-05,0.0,2.6607698907996728e-05,3.5113777733241672e-06,1.6370161449580007,0.5406492146067376,-0.04926225131172207,-0.00423573994889623
2019-06-06,0.00025367604974774866,6.096284863784731e-06,7.1990772254039976e-06,0.0,8.401745706866516e-06,1.5935561664566138e-06,0.5261313711631939,0.217323383758161,-0.050394052206550216,0.00023038538578523682
2019-06-07,0.0001765521766568186,3.8064602539021926e-06,5.199535726962121e-06,0.0,7.603019043395066e-06,2.9059873407334505e-06,0.3902714192909292,0.43800402221354273,-0.05020185102967703,0.00015703717429182577
2019-06-10,-0.0001105859383817542,1.043466737233887e-05,8.233907501802122e-06,0.0,1.6611853548438943e-05,5.134371632254692e-06,0.5972261783279098,0.8124731186708345,-0.05010131554795355,-0.00015100073843658882
2019-06-11,0.001380621111096631,6.406201413920821e-06,5.799399965910596e-06,0.0,8.482529175155251e-06,3.7365102800254425e-06,0.35931570306931016,0.5780940914200934,-0.049639635624181,0.001356196470261619
2019-06-12,-0.001853200463531207,7.8820789992694e-06,7.5850917763172065e-06,0.0,1.5585731065125643e-05,1.440178963890821e-06,0.4857431482649346,0.19167659790748173,-0.05027346802617615,-0.00188569354433581
2019-06-13,-6.84016349221851e-05,4.704751142578497e-06,4.7385163338926926e-06,0.0,8.217322443054073e-06,1.136866322267037e-06,0.3954712604174478,0.24099354214086222,0.05,-8.71990911639774e-05
2019-06-14,-0.00011924545535534778,9.097901027736322e-07,1.716889980345729e-06,0.0,1.1242760416193731e-06,6.403034822207577e-07,0.1296598131188405,0.15786007276891675,0.05028908775582946,-0.00012363671496230726
2019-06-17,0.0005490646046505112,2.589405429861954e-06,2.956298822436351e-06,0.0,3.6981798511191473e-06,9.076908691099078e-08,0.19972854462665565,0.06524920660104644,0.049999999999999996,0.0005397299514601827
2019-06-18,0.001120771844748064,7.854142156974668e-07,2.297799246631149e-06,0.0,2.2580124099786037e-06,6.381404494167671e-07,0.1047245695957565,0.08432613774724743,-0.022881457754769456,0.00111479247842634
2019-06-19,-0.0001800815063446978,9.540777120387271e-07,2.0370515567057922e-07,0.0,5.926342024829631e-07,4.3536811351380166e-07,0.04547320254243717,0.08742728235434905,0.014285439284030373,-0.00018226729152840386
2019-06-20,0.00014018090403795612,3.1611770830888803e-06,4.726801953095637e-06,0.0,3.9769237373074645e-06,2.02261399695942e-06,0.30293428307485465,0.30395103273942203,-0.0358481187497606,0.00012629338726750472
2019-06-21,-0.0009469473592083948,5.774206557914409e-06,4.841444749341239e-06,0.0,7.0438971143522166e-06,3.2014669075305794e-06,0.3864187534245718,0.5442761876651379,0.006429747200000502,-0.0009678083745375332
2019-06-24,0.0003961245371191553,4.192121810613968e-06,3.904429299482519e-06,0.0,4.513685572430913e-06,3.219534445733153e-06,0.20191918422427405,0.49115375630387925,-0.04972803057929037,0.0003802947659908947
2019-06-25,-0.0014692419311629346,4.742092627443836e-06,4.839215299346315e-06,0.0,5.132443383755368e-06,1.8874912479916154e-06,0.32303236644278815,0.26695444273486846,-0.05014408692772286,-0.0014858431737214716
2019-06-26,-0.00015591247229387206,5.6319269307693205e-06,2.3647074366111862e-06,0.0,8.028136660905869e-06,1.8690815951559678e-06,0.2388456268390331,0.3637469752491653,0.049741267262962796,-0.0001738063249173144
2019-06-27,0.0017112174358574427,4.532214360554928e-06,5.218846712013157e-06,0.0,7.172418714460362e-06,1.0202073961490485e-06,0.32955824212244067,0.22176905426772942,0.050374211714689296,0.0016932737486742653
2019-06-28,0.0007132599734608584,3.187161311461931e-06,5.0553189790143835e-06,0.0,5.7987458910650926e-06,1.6230615138861585e-06,0.2697451988022226,0.22414232012107335,-0.048532014211801214,0.0006975956857654308
2019-07-01,0.00016653250445523572,2.5526901657483963e-06,2.4098626049033605e-06,0.0,2.8511247291823848e-06,2.1209750433419712e-06,0.17504494401131948,0.3214180984261227,-0.03490570885532848,0.0001565978519120596
2019-07-02,0.0011899077631226972,2.5152747407214994e-06,3.1077668272507118e-06,0.0,3.2722352778475964e-06,2.08993747535571e-06,0.19121111201974106,0.30163452014280717,-0.049474975716952016,0.0011789225488015218
2019-07-05,0.0015861434046348204,1.3760431351583504e-06,1.6975168885183015e-06,0.0,1.4508607497217351e-06,1.6313409801568518e-06,0.11995447548811727,0.2253054548394871,-0.048759829826863985,0.001579987642881265
2019-07-08,0.0010208355497994006,2.9674984376188763e-06,3.783492917991538e-06,0.0,5.978476366407895e-06,1.1457729037002849e-06,0.2641362027077544,0.14272396193106773,-0.049765885890580126,0.001006960309173682
2019-07-09,0.00012115803692115043,1.5463173315343545e-06,2.950373352510846e-06,0.0,5.190638484951229e-06,1.375427875041981e-06,0.21398405053831013,0.1813524010047926,-0.04971948200226021,0.00011009527987711201
2019-07-10,-0.00025871122705251466,1.2028519753814813e-06,5.969871770401437e-07,0.0,3.2190221438976406e-06,2.998186762599183e-07,0.12332608407531467,0.100712589291802,0.050343051680135725,-0.00026402990702509386
2019-07-11,4.7837970472962404e-05,5.280737180163642e-07,1.743461376843067e-06,0.0,2.225150196275621e-06,0.0,0.10369125923384392,0.02008435045513602,0.02008435045513602,4.334128518182735e-05
2019-07-12,0.000246676317691014,2.2134774494046632e-07,5.131019761632836e-07,0.0,9.87299050680203e-07,0.0,0.031385289950054886,0.011969079966919732,0.011969079966919732,0.00024495456891923006
2019-07-15,-7.33479618188864e-05,3.4787654028711067e-07,1.4753268973664473e-06,0.0,7.124836882189084e-07,6.920540129218224e-07,0.08423501230064073,0.09521562422835281,-0.021049449942513357,-7.657570295768069e-05
2019-07-16,0.0003991846501622637,3.0372904954088313e-07,4.2859852995721846e-07,0.0,7.039195734058599e-07,5.965064295031321e-07,0.037562250337940736,0.08847190998037643,-0.01174117017614975,0.00039715189657985663
2019-07-17,0.0006128919841462347,1.643253553772724e-06,1.7272777874842085e-06,0.0,3.8556095772939495e-06,3.9715535546767985e-07,0.17480189874103705,0.1167220997185702,0.04999999999999999,0.0006052686878722162
2019-07-18,0.0004611341614399307,1.1925226348532438e-06,2.7843281374694397e-06,0.0,4.459498466240996e-06,9.85505182594299e-07,0.11433513755658588,0.1157260380899248,-0.04983883258591742,0.0004517123070187727
2019-07-19,0.0005515666697970575,2.494617189847756e-06,2.250609049510333e-06,0.0,5.727960465587114e-06,1.5960951951177284e-06,0.2500126549050353,0.31876881644526145,0.05062482366548307,0.0005394973878969946
2019-07-22,-0.0004163581804498423,2.0881891692112997e-06,3.7827884464305026e-06,0.0,6.0559211715403085e-06,1.3696869595576651e-06,0.18416959705332392,0.1801727140284739,-0.049934695177213814,-0.0004296547661965821
2019-07-23,0.0016208655105153938,9.432579468641722e-07,1.1873310066419968e-06,0.0,3.072214202654631e-06,1.0205905485499713e-06,0.12623508489107949,0.17566549834954567,0.004206286193150499,0.001614642116810683
2019-07-24,0.0010170814701275848,1.651182814754965e-06,3.341779928673223e-06,0.0,4.471317803106819e-06,1.7491918023020814e-06,0.1964936185872618,0.24991288268123835,-0.0439513401055113,0.0010058679977787478
2019-07-25,0.002352252918026101,1.2298141745475424e-05,2.359879336092103e-06,0.0,1.056684879957562e-05,2.2919770483141052e-06,0.16766654485198004,0.33640263753036087,-0.04864950658640886,0.0023247360710966438
2019-07-26,-0.00023682031638936802,1.2952763465668753e-05,5.5319195763272065e-06,0.0,1.1188885598738725e-05,2.476802571688441e-06,0.21425392434054674,0.3739909288896021,-0.042111903154055996,-0.00026897068760179115
2019-07-29,-0.00021115082710584926,2.669072240283406e-06,3.0664531976892453e-06,0.0,3.76609539002288e-06,1.1068605584860214e-06,0.23525840566421274,0.18234056801144738,-0.0036120058142042263,-0.0002217593084923308
2019-07-30,0.0008680606508108457,3.633630610807094e-06,4.305131131988004e-06,0.0,9.35706894259573e-06,1.8024601831276985e-06,0.25361671475451436,0.2528133107654533,-0.05,0.0008489623599423271
2019-07-31,-0.0004113506241468329,2.8578554366628256e-06,2.759293346527027e-06,0.0,8.369305302535222e-06,1.141202007894704e-06,0.27206259857557924,0.24195788252511252,0.0502359451988023,-0.0004264782802404527
2019-08-01,0.0004470211153635991,1.8007328330288755e-06,2.6718509390150863e-06,0.0,3.115174390424752e-06,5.399624943809913e-07,0.18940533179164476,0.14172755500930653,0.05101385595330002,0.00043889339470674937
2019-08-02,-0.0009878239201730008,1.680944815175967e-06,1.791534082258037e-06,0.0,1.8952499982498065e-06,3.6835270395331986e-07,0.12902717835291883,0.11283813258428806,0.05095487832013036,-0.000993560001772638
2019-08-05,-0.0009807757008445828,2.6549490507404225e-06,1.8778265623530677e-06,0.0,1.7925827437334327e-06,0.0,0.12185563555005283,0.04975711951584745,0.04975711951584745,-0.0009871010592014098
2019-08-06,0.000991317779636394,1.4763894104729128e-06,2.4979854597677824e-06,0.0,2.07236606935984e-06,8.463013710346654e-07,0.12439087546490313,0.13298071793408878,-0.009197912399735032,0.0009844247373257588
2019-08-07,0.0005160820774768179,5.781926538042033e-06,3.5631089424777887e-06,0.0,6.289967935344139e-06,1.9042065907846122e-06,0.3098068696365553,0.37028285550120354,0.05037614824938866,0.0004985428674701693
2019-08-08,0.0009731524064110669,2.70418119485075e-06,3.371198812417299e-06,0.0,4.002609849845094e-06,2.2168670879553795e-06,0.13459677986545576,0.32501385654217557,-0.0474198142343282,0.0009608575494659984
2019-08-09,-0.0005387615402203906,5.88623192898188e-06,2.9984488127929266e-06,0.0,7.573859017116088e-06,2.313095002743514e-06,0.2762890690565226,0.4385171441285812,0.04991718366767098,-0.000557533174982025
2019-08-12,-0.0019019716004604183,3.1233174380793036e-06,4.520800963782898e-06,0.0,2.8853675191945007e-06,8.790965630427849e-07,0.3034009340718026,0.19770412752999567,0.05001590493880784,-0.0019133801829445177
2019-08-13,0.0011811737241923836,3.097914828647866e-06,3.7889793971496743e-06,0.0,4.018742396387468e-06,1.234069272516554e-06,0.2632169971124886,0.25811329372467234,0.05078965594189122,0.001169034018297682
2019-08-14,-0.0028594371743632277,5.065611957510952e-06,5.181472021682721e-06,0.0,8.106589382810792e-06,1.5368400596526776e-06,0.35674655769757696,0.3075308787718549,0.049341748750205,-0.0028793276877848847
2019-08-15,0.001029010299255365,5.776127864479701e-06,5.130421046159432e-06,0.0,8.880245091142204e-06,1.6318726761102284e-06,0.35798856260809864,0.3244873176046672,0.05033270801814882,0.0010075916325774734
2019-08-16,0.0008356736391784455,2.754323908730716e-06,2.9027918266196027e-06,0.0,3.2379786739533053e-06,7.960280538055518e-07,0.2016994514797264,0.18433890606467035,0.050606193025337656,0.0008259825167153364
2019-08-19,0.00040087914234591184,4.578347346966765e-06,3.83089805758672e-06,0.0,5.743260943591435e-06,1.0640164977098339e-06,0.23929742873335746,0.21745318734992528,0.03869841573467317,0.0003856626195000571
2019-08-20,8.416923311201527e-05,2.103017036464683e-06,1.4857883379873213e-06,0.0,2.834649135627393e-06,1.290951911062169e-06,0.101627995063362,0.26680784422880666,0.04992792317036228,7.645482669087371e-05
2019-08-21,0.0005892930976575269,4.009150635548665e-06,4.033051189842319e-06,0.0,4.674063163138245e-06,2.165620732795116e-07,0.2570287665637811,0.08659991294156809,0.05021748463061014,0.0005763602705957182
2019-08-22,0.0007426988071544661,1.5630120896849539e-06,2.111348656808847e-06,0.0,1.5220172973062517e-06,7.871119358277949e-07,0.13006340245886566,0.15929126766227178,0.027056462443202256,0.0007367153171748382
2019-08-23,-0.0011326042942268234,8.714211333397229e-07,2.19929197437212e-06,0.0,7.832857611224044e-07,1.2584830506804036e-06,0.09573124555428135,0.16072539008078168,-0.05069976243352614,-0.0011377167761463382
2019-08-26,-0.0006922652431017343,1.7718016072014781e-06,2.314460833718737e-06,0.0,1.6904324803798524e-06,7.577732743008271e-07,0.1517632350002444,0.0774557367496585,-0.04985017333288044,-0.0006987997112973352
2019-08-27,0.0003863815294050754,1.1028696195970929e-06,7.063332714195075e-07,0.0,1.5679253659231952e-06,6.456169166549884e-07,0.06848100282606201,0.08179223658115897,-0.026671405416879075,0.0003823587842314806
2019-08-28,-0.00013578741455287473,1.394924190150625e-07,2.8337956930997786e-07,0.0,1.4110273684967864e-07,4.814858877111033e-07,0.02776294509719817,0.06266518168153222,-0.018224447453933132,-0.00013683287516576056
2019-08-29,-9.591159191045917e-05,3.115010877413481e-07,8.141887747557451e-07,0.0,3.52796573075237e-07,6.704910169926601e-07,0.046097772674405096,0.07893217768819266,-0.033710313166574246,-9.806056936302417e-05
2019-08-30,-1.6761103968412832e-05,8.807437795577343e-07,8.721929747500466e-07,0.0,1.3314007549886338e-06,5.952380952380951e-07,0.040995009248969067,0.049999999999999996,-0.049999999999999996,-2.044067957294734e-05
2019-09-03,0.0005444607909877294,8.819837537765879e-07,8.914678571248026e-07,0.0,1.7383595433966073e-06,8.382015335759292e-07,0.06005133717388282,0.09102136440070925,-0.04979649324004688,0.0005401107782998554
2019-09-04,-0.0009436831389582806,5.610195211921534e-07,6.743517630330035e-07,0.0,1.5859555708837873e-06,1.3798580297668584e-07,0.0824378895971139,0.01159080745004161,-0.01159080745004161,-0.0009466424516163662
2019-09-05,-0.0002890404490255273,2.5966055562226423e-06,3.8973448654915565e-06,0.0,4.075128941131409e-06,1.81261462573742e-06,0.2600858603848429,0.2545192571238865,-0.05000000000000002,-0.0003014221430141103
2019-09-06,3.2044136381291894e-05,1.0819543807982185e-06,1.5145028071777511e-06,0.0,1.9300692147484843e-06,1.999367659982025e-06,0.10514328502304239,0.2863609957216681,-0.04953277115531206,2.5518242318585416e-05
2019-09-09,-7.686129127577265e-05,3.5025326328922862e-06,4.562491618043833e-06,0.0,5.238564051839872e-06,1.2549359726322035e-06,0.2977749896046975,0.16068910400722516,-0.05014013939498502,-9.141981555118084e-05
2019-09-10,-0.001112587742518716,4.320571529386884e-06,6.3571828484702205e-06,0.0,4.877179246854686e-06,2.7025202292306496e-06,0.4246853028319717,0.40386567955968633,-0.05015771895106311,-0.0011308451963726585
2019-09-11,-0.0014293486766455985,6.194436648497208e-06,5.701279221699184e-06,0.0,6.161761335610236e-06,2.4927748928346418e-06,0.378882475898043,0.368789343869499,-0.049996838126720594,-0.0014498989287442397
2019-09-12,0.0018187979153888106,6.419926008157586e-06,8.500568732362406e-06,0.0,9.887151782544751e-06,4.905388555667443e-06,0.6393395845451557,0.775056069225481,-0.049049208126649785,0.0017890848803100783
2019-09-13,-0.0017652374029798672,2.589853865444197e-06,3.85908807691171e-06,0.0,7.711988587298399e-06,3.868898810034088e-06,0.2772385521626335,0.6000821472102993,-0.04989285287542766,-0.0017832672323195556
2019-09-16,0.0013142157226523738,5.565047775866703e-06,7.147864373883289e-06,0.0,1.0235858096840421e-05,1.5712898049256147e-06,0.4981037263816907,0.2138292025055329,-0.05014748472197037,0.0012896956626008579
2019-09-17,0.001825811406267898,2.662564054401031e-06,2.842306312522518e-06,0.0,5.480209595288349e-06,3.414977627697336e-07,0.27962209611487915,0.10715065775630787,0.04977903361099263,0.0018144848285429162
2019-09-18,0.00012809260173486675,8.12311759948435e-07,1.9955943595326948e-06,0.0,1.3156668905171438e-06,0.0,0.10702818960321539,0.0,0.0,0.00012396902872486846
2019-09-19,0.0,1.7056017795649278e-06,9.72548112634069e-07,0.0,2.052905385895143e-06,3.0065386263222175e-07,0.06013097027179973,0.06013097027179973,0.009621121349586474,-5.031709140726362e-06
2019-09-20,-0.0001700952447528656,7.701449492395102e-07,3.798722101687514e-07,0.0,1.0963684055459208e-06,3.015572696713811e-07,0.05853995278735581,0.10058573511350266,0.049924113808710625,-0.00017264318758749116
2019-09-23,-8.29861567536244e-05,3.149634195917334e-06,2.336654430657206e-06,0.0,3.575013242589845e-06,5.387548340703017e-07,0.17464876971932675,0.14049323604868041,0.04998242392486974,-9.258621345685909e-05
2019-09-24,-0.000807883834301837,1.442885490768739e-06,2.7417536594433886e-06,0.0,3.524597481467705e-06,3.8171009565879895e-07,0.1510937339856661,0.06680299114783286,0.0026756950771546313,-0.0008159747810291757
2019-09-25,-0.00014733559425945223,3.977200379252743e-06,3.740320306052977e-06,0.0,4.341515845121552e-06,1.5565652270444845e-06,0.23226999658370825,0.2252862647659175,-0.03621669337755583,-0.000160951196016924
2019-09-26,-0.0008722479881115503,2.0284174198921134e-06,1.9009703786328016e-06,0.0,3.7660506914402934e-06,4.3400206545194737e-07,0.1909300034720086,0.12291234699592717,0.05,-0.0008803774286669675
2019-09-27,0.0009729349370221048,3.9006173680340125e-06,6.437929816220508e-06,0.0,9.763891405812908e-06,1.8122086198562167e-06,0.3520500758333523,0.25472823454521565,-0.049722813590628745,0.0009510202898121812
2019-09-30,0.0006287441760594848,3.2854659941671376e-06,1.3593064666218137e-06,0.0,5.751278942517431e-06,7.932854251785202e-07,0.16220493956344828,0.18341969131954045,0.05014773988954906,0.0006175548392309999
2019-10-01,1.5075478775890087e-05,1.230233437692617e-06,1.6003222990930987e-06,0.0,1.963539212520456e-06,8.748170618328333e-07,0.11738400834366146,0.19747039465331032,0.05050112826539434,9.406566764751082e-06
2019-10-02,-0.0009691596614160286,2.1889310479346496e-06,3.006273492341255e-06,0.0,3.8020899652124896e-06,3.271696622442424e-07,0.21476588265676133,0.1057136388486912,0.05074913559165849,-0.0009784841255837612
2019-10-03,0.0010350116193253629,4.439895588871373e-06,6.446321219336045e-06,0.0,5.314305739968755e-06,2.469362173993958e-06,0.442423079360021,0.46520772013320305,0.05035487490221821,0.0010163417346031928
2019-10-04,0.0006868783775145607,3.8560764282717035e-06,4.004252980294328e-06,0.0,5.569537562355048e-06,2.997262339830114e-06,0.17860369353691338,0.46872475032281685,-0.03481532276864224,0.0006704512482038095
2019-10-07,7.510632015869495e-05,6.626834860457897e-06,6.129370303546391e-06,0.0,8.999532721192088e-06,2.3165983275005715e-07,0.5149816085662753,0.07273848828448756,0.033819636382477966,5.3118922440748516e-05
2019-10-08,-0.0009471148401649865,1.931665108184667e-06,1.995846651597428e-06,0.0,3.828231188483071e-06,8.424681196365262e-07,0.1571066144438275,0.19164021995034955,0.050105575851413134,-0.0009557130512328882
2019-10-09,0.0010002051704708934,1.717078273333192e-06,2.081223029955672e-06,0.0,2.703113909804251e-06,3.3647626818583286e-07,0.13993215461362074,0.10666510406430041,0.05013709100908048,0.0009933672789896144
2019-10-10,0.00010889957468737482,1.2732366302624731e-06,2.7193834495598466e-06,0.0,3.918792947103732e-06,1.1378799515176434e-06,0.19375913905561337,0.2412224266820205,0.05005859482705637,9.985028170893113e-05
2019-10-11,0.002719771218835519,5.2181576897260915e-06,9.802297697587471e-06,0.0,1.5251150787584969e-05,2.786515240930097e-06,0.6410990575038495,0.4181345604762563,-0.050000000000000044,0.0026867130974196902
2019-10-14,-0.0001448567385804813,1.7712714673909178e-06,1.7088179670433752e-06,0.0,2.452745293063594e-06,1.9456844471007832e-06,0.15034735586322734,0.32559818044516853,-0.0012768066677630585,-0.00015273525775507996
2019-10-15,-0.0005196022104131684,8.71198769227595e-07,7.640074935227772e-07,0.0,1.656929964558058e-06,1.900820073963193e-06,0.08730268986587916,0.3582280094104372,0.038890236984620796,-0.00052479516671444
2019-10-16,0.0006899767257185104,4.9452951792903895e-06,6.413289772318363e-06,0.0,7.590020529755504e-06,8.2210351700287e-07,0.4284049818357577,0.18799799519787308,0.04988460434139092,0.0006702060167201433
2019-10-17,0.00019887419052845286,4.756128965396759e-06,5.045781585137291e-06,0.0,4.220302738408743e-06,1.4202689709614598e-06,0.2777110393728547,0.18885399283193594,-0.04975119428958928,0.00018343170826854861
2019-10-18,0.00019253529637629707,2.3806459275740355e-06,1.9926712556064883e-06,0.0,2.7775892188262852e-06,1.2404363794513347e-06,0.1346972144256962,0.15841651465283813,-0.04997679709498609,0.00018414395359483892
2019-10-21,-0.0004304310126223222,9.0129762222282e-07,7.607582104837234e-07,0.0,6.936889544140619e-07,9.900205470356312e-07,0.05217160393466794,0.11969213996092189,-0.04663131194106414,-0.0004337767779564784
2019-10-22,-0.0002866954773667048,1.5041164900046803e-06,1.3236822087201177e-06,0.0,4.452655851166213e-06,1.0802885898347587e-06,0.17418279975310721,0.2312289024088611,0.049740419316621654,-0.0002950562205064306
2019-10-23,0.0006704503562359225,1.6128991936629108e-06,3.1234351941170917e-06,0.0,3.0859163285895086e-06,1.6559399772183083e-06,0.13546636304898557,0.22784286316389135,-0.05035505300878442,0.0006609721655423347
2019-10-24,0.0012651067124862345,1.687926218985003e-06,2.047431536421406e-06,0.0,1.9838890576936494e-06,1.039530321274832e-06,0.14102746223181517,0.12474369401738579,-0.049897399956786034,0.0012583479353518597
2019-10-25,-0.0009483582685071492,1.18892789137811e-06,1.4409948875997138e-06,0.0,2.3293968253345898e-06,9.628851679344211e-07,0.10093190792535361,0.11146302195324384,-0.050301686259738895,-0.000954280473279396
2019-10-28,-0.0003970491722132536,2.508170224358506e-06,1.388153922131948e-06,0.0,4.3786098292474775e-06,9.083720245802342e-07,0.1710162261115571,0.19303194997899376,0.04042544984951446,-0.00040623247821357174
2019-10-29,0.0013478051045259206,5.913847060446596e-07,9.234699383692296e-07,0.0,9.61589586225478e-07,7.527428610180972e-07,0.04769149936710164,0.15124536318198156,0.02478456253094123,0.001344575917434263
2019-10-30,-0.0006464595566973587,6.082640968430949e-07,1.927764784730932e-06,0.0,1.5043863479723672e-06,1.2231685312972843e-06,0.07921542365248632,0.1555852268333044,-0.04990708642463934,-0.0006517231404582024
2019-10-31,0.0013003933116841296,1.8256941253763322e-06,2.675276233986853e-06,0.0,2.5238908590565078e-06,4.2398788504208846e-07,0.2360616226398909,0.08147180630882994,0.010241841621759076,0.0012929444625806679
2019-11-01,0.0004768189894795643,9.681444867925161e-07,1.765925553926566e-06,0.0,1.6581986635404987e-06,1.2036867177445746e-06,0.07042624221620222,0.15227120155889623,-0.04994816702219225,0.00047122303405756016
2019-11-04,0.0009674374125515402,1.5611533351399946e-06,2.9084061943247416e-06,0.0,5.62542108560062e-06,1.808058357253472e-06,0.20685878192407053,0.2537538040185834,-0.04999999999999999,0.0009555343735792213
2019-11-05,-0.002260423438090966,2.560735505976799e-06,3.833630073294325e-06,0.0,6.729569518894045e-06,1.8940830710399892e-06,0.37099311398020934,0.3678676816743566,0.04966172573963838,-0.002275441456260171
2019-11-06,0.00139818366026841,4.071796355863026e-06,4.54827980047333e-06,0.0,6.96748676014977e-06,2.8522213659363016e-06,0.20662781972496252,0.43057561853618354,-0.04859757094111514,0.0013797438759859874
2019-11-07,-0.0016749022303660234,5.040614372778367e-06,8.675783697994676e-06,0.0,1.4421901091405762e-05,3.565301294308692e-06,0.6102356224808649,0.5480953520478982,-0.050875265395962155,-0.001706605830822511
2019-11-08,-0.0008367120763732925,6.921326457534645e-06,8.288548159946466e-06,0.0,1.9353852815491e-05,1.0091639990362572e-06,0.6119934930615937,0.11964807179082343,-0.04989148004726782,-0.0008722849678053009
2019-11-11,0.0004074775213024893,1.4017560796166248e-06,1.0242768403776131e-06,0.0,2.7629643225702395e-06,4.4366609489842743e-07,0.13259628307794255,0.09688454521438762,0.022348641271451808,0.0004018448579650264
2019-11-12,-3.056656775767282e-05,8.603435916421594e-07,2.448765128591962e-06,0.0,2.3476744729179623e-06,9.645831605606168e-07,0.11841884459101729,0.11206336305424999,-0.049986607919933625,-3.718793411138552e-05
2019-11-13,0.0014374796819747323,1.13905297214536e-06,1.1252531305997235e-06,0.0,3.0479182626838864e-06,1.4053593646106496e-07,0.14988849855989914,0.061988775228702345,0.038378737903243434,0.0014320269216728423
2019-11-14,0.00028091110122476697,1.3204970587651622e-08,1.205085615829087e-08,0.0,0.0,1.3922961966110575e-07,0.004634944676265719,0.06668516978379968,0.04329459368073392,0.0002807466157783599
2019-11-15,0.0002068042765486901,9.280712023094745e-07,2.656321860045769e-06,0.0,1.1321240939222922e-06,9.353066215046971e-07,0.11685347001773722,0.10727376176053158,-0.049857750652257525,0.00020115245277090788
2019-11-18,0.00019166102190303877,1.911989177829289e-06,2.122036993584819e-06,0.0,3.854949877257065e-06,1.1517075463786891e-06,0.15731069874124756,0.14349931863046872,-0.04998754916115109,0.00018262033830798892
2019-11-19,4.8390137404954415e-05,1.5235700257055995e-06,1.5497955891646202e-06,0.0,3.277772413808392e-06,1.2384518646952266e-06,0.100980562427749,0.15809398883975492,-0.04996592442904308,4.080054751158058e-05
2019-11-20,-0.001480362008255643,1.748552083927743e-06,3.438905167137711e-06,0.0,5.452413590878625e-06,7.952359982329369e-07,0.33189247987070825,0.1835996477031334,0.050000000000000024,-0.00149179711509582
2019-11-21,-0.0002698295007876373,3.76938224215427e-07,1.1405218875203082e-06,0.0,8.102941286777213e-07,3.9755826511325066e-07,0.08624707305058324,0.11669995836938718,0.04991016983036108,-0.000272554813293164
2019-11-22,0.000700179286141099,1.247177205581582e-06,3.699695503795474e-06,0.0,4.1158061587829805e-06,1.2937511033782104e-06,0.19267284516354533,0.1671976161818159,-0.05015256918572347,0.0006898228561695607
2019-11-25,-0.00031045685941735057,4.4223728915567823e-07,1.0269188243047425e-06,0.0,2.073895671182571e-06,1.1772083125256665e-06,0.07479257644107501,0.14806476770916843,-0.04970622879514356,-0.00031517711951451925
2019-11-26,-0.0007226773337896163,1.7758722209923108e-06,1.6001632453673395e-06,0.0,2.3510587737883633e-06,8.942036335663831e-07,0.0992197028266407,0.10022621043915236,-0.05,-0.0007292986316633307
2019-11-27,-0.0002925806500743146,5.142994351360267e-07,2.638128449629962e-07,0.0,1.6177848780809257e-07,8.942036335663831e-07,0.016200493711085263,0.10004981206430182,-0.05017639837485054,-0.0002944147444757881
2019-12-02,6.74031707609418e-05,2.06744454714229e-06,9.67899875124386e-07,0.0,3.5059677425190504e-06,1.4470219748874295e-07,0.14845935951068495,0.07430996917810884,0.05000000000000002,6.071715639866733e-05
2019-12-03,-0.0002948795751933179,2.8128614409039583e-06,4.1090890157337845e-06,0.0,3.951921017939924e-06,9.561386259226851e-07,0.2086692981749046,0.13481673940699074,-0.02581454974802038,-0.00030670958529381825
2019-12-04,0.00038159416577104947,1.0989064955807171e-05,8.445314216319486e-07,0.0,1.0270783824309308e-05,7.949072526295327e-07,0.12441694782635021,0.18358123796097492,0.05003681951921341,0.0003586948783166715
2019-12-05,-0.0004103676640454138,3.110588998399763e-06,2.5544593253771914e-06,0.0,7.723934034881786e-06,4.346004631222155e-07,0.17715794540185595,0.11307112031668122,0.04005824251214904,-0.00042419124686719474
2019-12-06,0.0005822478728655953,1.1633648710878494e-05,4.84449390349138e-06,0.0,9.897545886207799e-06,7.631075660104509e-07,0.18699652500930694,0.1745072241041571,0.04630515301440134,0.0005551090767990072
2019-12-09,-7.553142324688987e-05,2.5671941786110403e-06,5.747050878591582e-06,0.0,5.405062930880234e-06,3.1829844078079578e-06,0.3516442998167625,0.4845147952951103,-0.05022658521662651,-9.243371564278069e-05
2019-12-10,0.0011972501225465183,3.4572625900059677e-06,4.699218522077288e-06,0.0,1.0763554041380825e-05,2.288119770036733e-06,0.3189573915400863,0.3347584721666098,-0.049645649199561215,0.0011760419676230174
2019-12-11,-0.001515749802862352,3.828248149486183e-06,4.606845824018526e-06,0.0,8.501980160176525e-06,9.798959464540144e-07,0.38555477750942835,0.2142895723535187,0.04966705334924426,-0.0015336667729424873
2019-12-12,0.0011764806560722815,4.270968602060368e-06,6.285494557444761e-06,0.0,1.0767759177397317e-05,2.3067010670925384e-06,0.42316966236812026,0.3969234380510264,0.009397658779479928,0.0011528497326682866
2019-12-13,0.00094323024571456,1.7829385774302667e-06,3.674470331038094e-06,0.0,5.8945878515725565e-06,3.1412036560617604e-06,0.2153653819837721,0.4786616034116902,-0.04906061080668567,0.0009287370452984574
2019-12-16,0.00029346367784435003,4.3877834005377885e-06,4.373991716699149e-06,0.0,7.495708516314902e-06,2.296312598615324e-06,0.304037919928268,0.3354966269834494,-0.05028388958392496,0.0002749098816121829
2019-12-17,-0.0014996081615044152,2.129662787773879e-06,3.379900131952942e-06,0.0,3.7201461428160443e-06,9.378928232095909e-07,0.2359745984633515,0.10758714252806398,-0.04997885177114727,-0.0015097757633901678
2019-12-18,0.0006708429185360532,2.4164875880685944e-06,5.755950606099569e-07,0.0,3.2002061564929145e-06,8.422965797353153e-07,0.11620697977691294,0.19202892934819032,0.05052310395265735,0.0006638083331511464
2019-12-19,-0.00025361817421548654,1.9942380731650023e-06,3.1764488499644184e-06,0.0,2.5059771572302797e-06,1.0360449464567537e-06,0.1339122112328965,0.1266426320250558,-0.047412918979678816,-0.000262330883242303
2019-12-20,7.062719197788843e-05,6.348265887069871e-06,4.211198658171677e-06,0.0,4.219095737161298e-06,2.693007231749614e-06,0.30382925871204225,0.40307040538315975,-0.049354809550775425,5.315562446373597e-05
2019-12-23,-0.001181132816615311,2.8243203430720478e-06,2.222873975257643e-06,0.0,5.1222044063857625e-06,1.5810568188908547e-06,0.232103721562241,0.31537562923542123,0.04975808366175763,-0.0011928832721589174
2019-12-26,0.00013454491055468266,2.3903310701483473e-06,3.505960898058695e-06,0.0,6.003151378682566e-06,1.2255393930410898e-06,0.17523748256569682,0.1792450698637483,-0.026645548167154753,0.00012141992781475196
2019-12-27,6.870422518969549e-05,4.368762553370163e-06,3.0111622973285857e-06,0.0,2.5575037006899146e-06,0.0,0.17945246066347081,0.0,0.0,5.876679663830682e-05
2019-12-30,0.0,0.0,0.0,0.0,0.0,0.0,0.0,0.0,0.0,0.0
2019-12-31,0.0,0.0,0.0,0.0,0.0,0.0,0.0,0.0,0.0,0.0
2020-01-02,0.0,8.951171165269844e-07,2.1919699598759366e-06,0.0,3.4587821287378332e-06,1.0142331600053386e-06,0.1203911708808969,0.1203911708808969,-0.05,-7.560102365146093e-06
2020-01-03,0.00045635668270690337,4.1152189925565645e-06,2.3986358774066256e-06,0.0,7.090244922269315e-06,1.635340550658482e-06,0.2432171329175556,0.3113688124626862,0.036631599952061215,0.00044111724236401236
2020-01-06,-0.001791164173237298,9.837286366212096e-07,1.6212985413633152e-06,0.0,3.165079201797616e-06,2.0540713415302177e-06,0.1312666132270631,0.39371842356982806,0.048634438192751414,-0.0017989883509586103
2020-01-07,-0.0012125526168183392,1.0071033911251954e-05,1.1813642782677418e-05,0.0,2.5709973117930892e-05,3.4841568946775884e-06,0.7226295576545454,0.5518883252171498,-0.033450033088684994,-0.0012636314235248771
2020-01-08,0.002658524371495897,1.534977885731333e-05,1.639103846440574e-05,0.0,3.390694379927349e-05,5.956288479350627e-06,1.2870992129742367,1.0506564645309053,0.0500000000000001,0.002586920321895554
2020-01-09,-0.0023794289798967977,1.2608727035973976e-05,1.2340869902832199e-05,0.0,2.0739305420967735e-05,1.8866966414375028e-06,0.7558580834134963,0.3669650357615004,0.04999999999999999,-0.002427004578898009
2020-01-10,-0.0023277512982212136,4.942919239442026e-06,8.197986641739544e-06,0.0,1.4268498002584137e-05,2.097392025546461e-06,0.4789171520993452,0.30219136294588056,-0.050170497345924894,-0.002357258094130526
2020-01-13,0.0001380256384984258,6.018827644490091e-06,7.945978394916396e-06,0.0,2.020877924983212e-05,4.403276915564014e-06,0.5747460421216618,0.6893466104175101,-0.05040391139724398,9.944877629362319e-05
2020-01-14,-0.00030413706412801264,7.03107903931243e-06,9.076683583271908e-06,0.0,1.815100767704976e-05,4.7053031646425724e-06,0.6123097447244342,0.7402015744239063,-0.050289357236045884,-0.0003431011375922893
2020-01-15,-0.0013771874938792925,5.791979724913641e-06,6.809388639073538e-06,0.0,1.4386955700180595e-05,3.5658424254696542e-06,0.4674677152827904,0.5508156332908821,-0.048245894188019695,-0.00140774166036893
2020-01-16,0.00012517609161499492,4.1767177029032465e-06,3.686748691036166e-06,0.0,5.952629484125904e-06,1.666065063683061e-06,0.3208350029965116,0.2947812969133372,0.014882366214582901,0.00010969393067324654
2020-01-17,0.0013250060088911965,2.1853663295348865e-06,2.2170499812978422e-06,0.0,4.780900083292812e-06,1.5735385300586664e-06,0.17960381299243794,0.3168187002541624,0.05246422720430644,0.0013142491539670123
2020-01-21,0.0008538669287021382,5.1609036627277935e-06,6.954344930158709e-06,0.0,7.864389359286372e-06,2.0322580371047137e-06,0.41924722627894145,0.29481028847897006,-0.04660906175462186,0.0008318550327128606
2020-01-22,0.0004683599206709948,5.6044185662573615e-06,7.115259128892808e-06,0.0,7.745044922376887e-06,3.155532343492899e-06,0.5559896939364337,0.563720188939355,0.03359075523254812,0.00044473966570997487
2020-01-23,0.0011253184622238184,2.3338278222561694e-06,3.8082367623289118e-06,0.0,4.057777609948551e-06,3.889587659968113e-06,0.19332257838230812,0.6037050006754586,-0.04974572619918427,0.0011112290323693167
2020-01-24,0.0032029264573266544,2.6923552883206434e-05,1.543816628617963e-05,0.0,3.581811897544884e-05,6.311323536599448e-06,0.819032812086629,1.1131536670929583,0.05285131294425116,0.0031184352956452202
2020-01-27,-0.00357032946512585,5.592947898256745e-06,7.245728740453582e-06,0.0,6.686295920570682e-06,4.1415244806537866e-06,0.5495559636270739,0.7474317289810768,0.05165561623124071,-0.0035939959621657845
2020-01-28,0.0021936673255590943,8.777400170335573e-06,1.364309325693114e-05,0.0,1.881715417158281e-05,6.156972237500845e-06,1.0240931380843115,1.0839493438990473,0.04957800799890527,0.002146272705722744
2020-01-29,-0.003205155520138906,2.6675887343703684e-05,1.400859572730212e-05,0.0,3.7568598997728815e-05,7.657895029827951e-06,1.0410187904695252,1.3365263650110961,0.04999999999999982,-0.0032910664972374683
2020-01-30,-0.0013576885218330888,7.51945902187291e-06,1.394285019485333e-05,0.0,1.789189884482012e-05,4.540934378352936e-06,0.9032319946651977,0.7139398118246969,-0.04893716373859611,-0.001401583664272988
2020-01-31,0.00018552162451298618,1.0709513912463251e-05,1.6700065366000298e-05,0.0,2.2610534688495054e-05,4.304801854623403e-06,1.1436038634020067,0.6735072587230022,-0.04969945285372937,0.00013119670869140418
2020-02-03,-0.0002677436240618207,9.281307970478253e-06,1.4799608098538988e-05,0.0,1.807644845474636e-05,5.1702829982739125e-06,1.1974621388301556,0.9186821838812005,0.05007464017118335,-0.0003150712715838582
2020-02-04,0.0034716816024252264,6.027606176130992e-06,7.723444911196108e-06,0.0,1.6898545941830836e-05,5.7288462990209815e-06,0.5321516829804045,1.0139303558449715,0.05148417760944679,0.0034353031590970474
2020-02-05,0.003032763673033825,9.997998364944924e-06,1.1819785830645118e-05,0.0,2.130362510192367e-05,3.7725459731203453e-06,0.715831358410534,0.5860697977141064,-0.04771792577011161,0.002985869717763191
2020-02-06,-0.0013206226457367328,4.170781879818171e-06,5.757929338604161e-06,0.0,8.526693376083027e-06,4.649307065319959e-06,0.4180981037725032,0.7319987296530336,-0.049084857320719655,-0.0013437273573965582
2020-02-07,-0.0011815348379945504,8.536362671822491e-06,6.778560266612054e-06,0.0,2.086978891585145e-05,5.541740820468668e-06,0.5500725232792675,0.9815145777572658,0.05050211991852971,-0.001223261290669305
2020-02-10,-0.0007130963185208449,1.1625304079523627e-05,1.65481286063251e-05,0.0,2.232491794310979e-05,4.029930721152707e-06,1.033956542840889,0.6280959558799124,-0.048932405273742346,-0.0007676245998709561
2020-02-11,0.004745663166766489,9.333894577537468e-06,5.902098896686589e-06,0.0,1.5911857161264256e-05,3.826811941224098e-06,0.45258951834641553,0.6946467832087405,0.05174237708309186,0.004710688504189777
2020-02-12,0.0011179853323427672,1.233966975665023e-05,1.1533802043401926e-05,0.0,2.2067537104573332e-05,3.776582772698279e-06,0.7481608324562203,0.6393676876935919,0.004901781880280981,0.0010682677406654434
2020-02-13,-0.0029462219623217567,5.007092058837875e-06,6.945734676275078e-06,0.0,1.5375626872169023e-05,2.2811538479753185e-06,0.44663313227346074,0.3324983615517435,-0.05073548490811011,-0.002975831569777014
2020-02-14,0.0001244144153993501,2.782660479262652e-06,5.313283948918686e-06,0.0,4.513583239200339e-06,2.137309050230848e-06,0.3715473221800135,0.3081000424404037,-0.05096787799837875,0.00010966757868173758
2020-02-18,-0.00016804553771723515,3.6510962814120896e-06,5.557817314433626e-06,0.0,1.1121473518571888e-05,2.861541403080591e-06,0.4007314121767346,0.4306506811267086,-0.05008827459083072,-0.00019123746623473336
2020-02-19,-0.0016615912079060802,1.8733314665566319e-06,2.3338878054429003e-06,0.0,4.8094894564611655e-06,1.5294807792660088e-06,0.19906046584012815,0.24639563296351652,-0.010557137953172896,-0.001672137397413807
2020-02-20,0.0008743200549218354,5.882642256383875e-06,6.008039290794356e-06,0.0,1.0307769602247749e-05,3.1881555872666e-06,0.35707695095503234,0.48598784122728605,-0.04962229743350269,0.0008489334481851428
2020-02-21,0.0003767243341189722,4.4677217939760955e-06,6.68037819514797e-06,0.0,1.070533052834503e-05,4.119030954956317e-06,0.4590141173887847,0.6419972004326612,-0.0500000000000001,0.00035075187264654677
2020-02-24,-0.0015539257647965113,2.2280935210855973e-06,1.8756039267202776e-06,0.0,3.3639574937663465e-06,3.1920413075141686e-06,0.2187355393238957,0.5871090481271524,0.050846108464772,-0.0015645854610455978
2020-02-25,-0.00024837537738221874,5.949674363377052e-06,5.284982420984188e-06,0.0,1.030507019315312e-05,1.6871858486988801e-06,0.3809070827516551,0.33474027496102765,0.051293052379615775,-0.00027160229020843196
2020-02-26,0.0013938470522383301,5.517922882133294e-06,7.2147539435931164e-06,0.0,6.708202924482341e-06,1.5884603477396181e-06,0.5367837123008399,0.3176800392350463,0.05081870081479048,0.0013728177121403817
2020-02-27,-0.0010478125405229727,3.8033612016678843e-06,3.443874167077275e-06,0.0,2.8661821949244943e-06,2.207026494150606e-06,0.24989548081471913,0.421728674583388,0.050948223566086304,-0.0010601329845807929
2020-02-28,-0.002777773940743878,9.231205427461514e-06,1.5638264087954313e-05,0.0,2.1690700890250915e-05,5.4300707249388115e-06,1.0591191065083532,0.9477152329443892,0.03546335115466853,-0.0028297641818744836
2020-03-02,-0.0013618573125809077,9.156599489269344e-06,1.131649655787498e-05,0.0,2.0942635580954028e-05,5.219296676720085e-06,0.7001449378356486,0.8287744178317518,-0.04806742385722246,-0.0014084923408857262
2020-03-03,0.0027127919228727856,8.803294924746097e-06,9.122511789897512e-06,0.0,1.5052103840886034e-05,3.943166168932312e-06,0.7556289079780691,0.7190731507786049,0.05662123439797605,0.0026758708461483236
2020-03-04,0.005455686816391187,6.284456020337828e-06,8.60102324113789e-06,0.0,1.5282354359593203e-05,4.63337265514965e-06,0.5060560766750457,0.7397006056714291,-0.03870600039371201,0.005420885610114968
2020-03-05,-0.0008327201174787586,1.097391191342438e-05,1.2019620236054082e-05,0.0,2.1898149712634525e-05,5.202140493309049e-06,0.8031260420796559,0.8264819017364846,-0.04747770113943561,-0.0008828139398341806
2020-03-06,0.0013120055077729372,6.410316818403933e-06,9.746056013007622e-06,0.0,1.4445760214502981e-05,6.987987148760124e-06,0.6744020362887242,1.1258332593679583,-0.048148581623742914,0.0012744153875782625
2020-03-09,0.0025634894730918968,8.076488125842913e-06,8.499208861408774e-06,0.0,1.6994141025712823e-05,4.2613409772514935e-06,0.7131428665099961,0.7805295060281696,0.06462422184991848,0.0025256582941016806
2020-03-10,0.011403444963387355,9.2685690180326e-06,9.78436603185205e-06,0.0,2.3996123862799187e-05,3.7298532348153336e-06,0.5954731315840132,0.6173229947791761,-0.009292348669800249,0.011356666051239856
2020-03-11,-0.004123535007238264,5.224350702261232e-06,6.058233815412934e-06,0.0,1.0633730235672321e-05,1.8573436665559787e-06,0.3954732549615103,0.26449896754992497,-0.04753476843147949,-0.004147308665658166
2020-03-12,0.005823165351608252,3.942894987712356e-06,2.614526718574318e-06,0.0,7.034772603611849e-06,1.231623592803397e-06,0.24917619467600283,0.24517800799291709,0.03826524440194644,0.00580834153370555
2020-03-13,0.007429618583451192,6.632830119151423e-06,7.110690815660368e-06,0.0,1.2016417111286066e-05,2.200195645935613e-06,0.3780820774806505,0.3211659046854565,-0.04846696383172644,0.007401658449759158
2020-03-16,0.00438481913908961,6.492446982593233e-06,3.8172185385129655e-06,0.0,1.1597779417234076e-05,1.4129786269868756e-06,0.3353647909390748,0.27285295965980927,0.03547255032601428,0.004361498715524283
2020-03-17,-0.0022596146537840296,4.178875216898948e-06,4.421391728468854e-06,0.0,1.1959388630229784e-05,2.1133647648160223e-06,0.2632771320288716,0.36781130327907924,0.012766022789987438,-0.0022822876741244434
2020-03-18,-0.004360466351660324,6.373689986710476e-06,4.654616201825173e-06,0.0,1.1036605213402422e-05,1.6124308003362678e-06,0.23831725233660556,0.21843777617925034,-0.05245059827724276,-0.004384143693862598
2020-03-19,0.0017668900650173894,5.2570216298414775e-06,3.7726562401923616e-06,0.0,1.4631798746044367e-05,1.5229020909874967e-06,0.29105571765921007,0.23778218679264612,-0.018065364493253272,0.0017417056863103238
2020-03-20,0.0017679588372387233,3.838351294872536e-06,2.534816761687802e-06,0.0,9.841659280846165e-06,1.3213904771671315e-06,0.17432483542726554,0.20550219923444066,-0.01649140092963746,0.0017504226194241497
2020-03-23,0.0029512277289392326,3.953411932545909e-06,2.3905713615880804e-06,0.0,6.378816581763833e-06,1.2312771592322349e-06,0.09298554423779215,0.159174180570852,-0.04768038218016341,0.0029372736519041025
2020-03-24,-0.005420803843725819,2.2189385525906684e-06,1.8046260039744164e-06,0.0,4.137032842173649e-06,6.61346415685334e-07,0.12877151864543546,0.08418749660164253,-0.026918701233493603,-0.0054296257875402435
2020-03-25,-0.0005577476784713628,3.0667305118043857e-06,1.8263712422215369e-06,0.0,7.012003396429223e-06,5.055947900638581e-07,0.16439240450117082,0.09932928020233855,0.014389355471610417,-0.0005701583784118818
2020-03-26,0.0008316129701512791,1.0046163422134246e-06,1.8108979510323003e-06,0.0,3.6633368814378648e-06,9.54097349855001e-07,0.07397584667818055,0.11136757295354605,-0.04892078182209412,0.0008241800216267405
2020-03-27,0.001142929678753376,3.1247958090888348e-06,1.3898379603992584e-06,0.0,8.692754066598992e-06,1.1860632595157492e-06,0.17613192374201875,0.2503146105128821,0.05105598291423629,0.0011285362276577731
2020-03-30,0.003794237525830283,2.3419649311783328e-06,2.784317668652131e-06,0.0,5.25077549870897e-06,8.790537069467267e-07,0.18196527620482747,0.19440125629003102,0.04672023352298093,0.003782981414024797
2020-03-31,3.018530485308887e-06,3.474891200719761e-06,4.052775160905103e-06,0.0,1.0317759492418165e-05,1.2233354714480675e-06,0.2767129566569415,0.25749331158786154,0.051972952384586206,-1.605023084018221e-05
2020-04-01,-0.0040689192722734935,5.520613514591132e-06,6.589832481018545e-06,0.0,2.0819773975137475e-05,3.088552130642898e-06,0.3561194485553001,0.4704641919042475,-0.0484125660437594,-0.004104938044374884
2020-04-02,0.0015741173318836092,4.190788140902162e-06,3.437081355175727e-06,0.0,1.138942548236904e-05,2.511549357990208e-06,0.22364629643418538,0.3722073669505117,-0.04973292519184319,0.001552588487547172
2020-04-03,-6.289321676517755e-05,3.3163521337577616e-06,2.8627318847577715e-06,0.0,6.900623658873624e-06,1.9395600588978466e-06,0.18665701765062323,0.27567299109100796,-0.050173098803830224,-7.791248450146455e-05
2020-04-06,-0.0029288511040698947,3.3086701930319018e-06,3.02277408796012e-06,0.0,6.2879753689419356e-06,8.449372315194814e-07,0.22872132558037905,0.09204599076663972,-0.049903464128633154,-0.0029423154609513483
2020-04-07,0.00019647992996973065,5.858875626264874e-06,2.6824149112415093e-06,0.0,1.195534105072056e-05,1.0386833216467686e-06,0.2771451385679415,0.2245475929549573,0.05004879491830019,0.00017494461505985692
2020-04-08,0.005662501711432122,2.398731972842313e-06,2.5205085188489833e-06,0.0,5.9940690682225545e-06,1.0162616683477684e-06,0.1005728817573383,0.15900950990162555,-0.011722450380799547,0.00565057214020386
2020-04-09,0.00023000576131775214,1.53538303703271e-06,8.47554274045419e-07,0.0,3.7193666311499076e-06,9.285657907165233e-07,0.05224828707511112,0.14804248156230812,-0.007956571278067759,0.00022297489158480758
2020-04-13,-0.0007596003809188283,5.102112249058835e-07,9.090820707891275e-07,0.0,1.1916799785173431e-06,1.1009748984290672e-06,0.03976908384067539,0.1474644883225522,-0.03749929461353109,-0.0007633123290914697
2020-04-14,-0.0016806003262130945,1.4033263822796204e-06,1.1415555243064817e-06,0.0,3.573993245031754e-06,8.403728928122017e-07,0.058015552571496334,0.09280794075250129,-0.048374705239948614,-0.0016875595742575245
2020-04-15,0.00036827528858384843,8.27399918877841e-07,5.593196627318063e-07,0.0,1.9264065678838934e-06,7.930814268988454e-07,0.03822273285290444,0.08339711649038961,-0.0498405632286164,0.0003641690810074561
2020-04-16,-0.0008665784648490421,1.3631607843198102e-06,1.0855068669962187e-06,0.0,1.744419052749773e-06,4.0708063165290457e-07,0.09190113879917011,0.0459286860429004,-0.022460860074787568,-0.0008711786321847608
2020-04-17,-0.0005099587939706872,8.379803036550071e-07,9.240125724638575e-07,0.0,1.4277591411287573e-06,5.166334518965492e-07,0.050723635404355503,0.05162628692031519,-0.03516813299830506,-0.0005136651794398313
2020-04-20,0.0006725392429692467,4.547336584479084e-07,3.739846178955736e-07,0.0,8.017405142166871e-07,4.117022083775218e-07,0.03365964411775836,0.04500599871854511,-0.02415997228887855,0.0006704970819703091
2020-04-21,0.0006478460373025218,8.819466485029671e-07,1.0795928970634817e-06,0.0,1.3250253171860259e-06,7.118645746180314e-07,0.054870207182503586,0.07097851425700065,-0.04861473427882863,0.0006438476078651514
2020-04-22,-0.00113012869226876,7.873083285657034e-07,5.413753864201482e-07,0.0,1.093050579488101e-06,1.3071148234617799e-08,0.08113264271542005,0.011060925515384875,0.008864972611969084,-0.0011325634977114687
2020-04-23,-0.00012009143595871093,9.657337078141995e-10,7.379869597495872e-10,0.0,8.138113751764981e-11,1.0249657441128734e-08,0.0002838411383652258,0.010750664764485225,0.009028722314375598,-0.00012010347071795714
2020-04-24,0.00014526696669252368,7.319510148721871e-07,1.540180000243704e-06,0.0,7.229070834610562e-07,6.396816733095032e-07,0.0688949411259471,0.059720951844878974,-0.04774556927111757,0.00014163224692063722
2020-04-27,-0.0009429629148203153,7.698310591900917e-08,1.9471337187280554e-07,0.0,1.8635015161418797e-07,7.377694316883381e-07,0.013618193696666128,0.0739452645236408,-0.05,-0.0009441587308814096
2020-04-28,0.0011142947398744682,1.4229025413364476e-07,2.2961658160757062e-07,0.0,3.5699546645020087e-07,8.230093564109244e-07,0.015463884193762708,0.08826557187703532,-0.049999999999999996,0.0011127428282158658
2020-04-29,-0.0007953859579164162,8.976861537342914e-07,4.6217732506873e-07,0.0,1.3434613891925604e-06,7.262163988168255e-07,0.06335901243643396,0.11679527273287965,-0.005209082268347022,-0.0007988154991832286
2020-04-30,-0.00015714720549335752,6.830718683035009e-07,9.57304510552835e-07,0.0,1.0526547180753207e-06,4.5536517230986307e-07,0.06320850022402252,0.07127067336268718,-0.005230675585369819,-0.00016029560176259906
2020-05-01,0.0008039770742487225,8.446975364911175e-07,9.304208873056282e-07,0.0,1.343889617124403e-06,3.563454268491184e-07,0.05841110515556746,0.0488552646328023,-0.011010767077849584,0.0008005017207809522
2020-05-04,-8.671398190145876e-05,5.266715767008417e-07,4.901483499371181e-07,0.0,1.2926061088321792e-06,1.7454411730732548e-08,0.045359353812093925,0.0038619611847700644,0.0009296200140069962,-8.904086234865963e-05
2020-05-05,5.5498164138874885e-05,3.422635284470553e-08,6.827564626560637e-08,0.0,4.1563131793294323e-08,0.0,0.003944638850549411,0.0,0.0,5.535409900797128e-05
2020-05-06,0.0,0.0,0.0,0.0,0.0,0.0,0.0,0.0,0.0,0.0
2020-05-07,0.0,0.0,0.0,0.0,0.0,0.0,0.0,0.0,0.0,0.0
2020-05-08,0.0,0.0,0.0,0.0,0.0,0.0,0.0,0.0,0.0,0.0
2020-05-11,0.0,0.0,0.0,0.0,0.0,0.0,0.0,0.0,0.0,0.0
2020-05-12,0.0,4.7372695165680613e-07,1.0341012716946441e-06,0.0,4.107410971346233e-07,5.066337685347611e-07,0.04840444167589082,0.04840444167589082,-0.03671003143794904,-2.4252030890208346e-06
2020-05-13,0.0002967651891156558,4.7372695165680613e-07,3.17665984949654e-07,0.0,3.766525210414328e-07,0.0,0.04719552969853247,0.0,0.0,0.0002955971436580079
2020-05-14,0.0,1.2546105476600793e-06,1.176541402976238e-06,0.0,1.6770569330110258e-06,3.6970232771168625e-07,0.11210999105556328,0.11210999105556328,0.05,-4.477911211359029e-06
2020-05-15,0.00024338053353451506,6.929761104465731e-07,5.676037467758223e-07,0.0,6.55278208616609e-07,1.3872470703342346e-07,0.04111667302343759,0.07149441506945484,0.04818866428783969,0.00024132595076164264
2020-05-18,0.0014191006085552862,6.87639316532273e-07,1.8290854158757388e-06,0.0,1.5024158735410447e-06,1.5055166992560637e-07,0.09413166309534837,0.020413423666582966,-0.0048792568809189,0.0014149309162794115
2020-05-19,-0.0002049659528491084,1.2600487931876699e-07,2.2657709425615494e-07,0.0,8.641436186578699e-07,0.0,0.01994944360926944,0.0,0.0,-0.0002061826784413412
2020-05-20,0.0,0.0,0.0,0.0,0.0,0.0,0.0,0.0,0.0,0.0
2020-05-21,0.0,1.229907877989308e-07,5.23348710842524e-07,0.0,3.4153535279796475e-07,2.468196006636955e-07,0.031268998432108175,0.031268998432108175,-0.010196694479392664,-1.234694452103115e-06
2020-05-22,-1.598580143244818e-05,1.8436804303157099e-09,5.323214008544477e-09,0.0,5.52513154277017e-10,2.443310632600157e-07,0.000438816993446018,0.030893943252859483,-0.01015367537482316,-1.6237851903301334e-05
2020-05-26,-0.000108509523673738,1.211471073686151e-07,3.1271621793278e-07,0.0,3.352123858999662e-07,0.0,0.03129152101680649,0.0,0.0,-0.00010927859938493937
2020-05-27,0.0,1.4835499289622627e-07,2.7237235289681504e-07,0.0,8.332053162926447e-08,1.2120834532961823e-07,0.01018150100768793,0.01018150100768793,-0.01018150100768793,-6.252562227519239e-07
2020-05-28,0.00016059707389472544,3.5001965682797484e-08,2.4175447985928977e-09,0.0,8.224036404019517e-09,1.0822713108639849e-07,0.0009298249225357299,0.009091079011257473,-0.009091079011257473,0.00016044320321675364
2020-05-29,2.9367050779676235e-05,9.182231704317783e-08,1.7394229469063635e-07,0.0,1.8007945621931673e-07,1.8552562881329334e-07,0.0077979940871303255,0.015584152820316641,-0.015584152820316641,2.8735681082909812e-05
2020-06-01,-6.157854883569454e-05,7.213198287027225e-08,4.0678901559796076e-08,0.0,1.859652818125897e-07,0.0,0.015645731369152337,0.0,0.0,-6.18773250019372e-05
2020-06-02,0.0,0.0,0.0,0.0,0.0,0.0,0.0,0.0,0.0,0.0
2020-06-03,0.0,0.0,0.0,0.0,0.0,0.0,0.0,0.0,0.0,0.0
2020-06-04,0.0,2.1634419586565432e-07,3.3075189051066493e-07,0.0,1.746089575609868e-07,1.4266112108395512e-07,0.011983534171052228,0.011983534171052228,-0.011983534171052228,-8.643661650212613e-07
2020-06-05,-0.0004041447771283862,2.0090724433300918e-07,6.872741576851392e-08,0.0,9.410318411590497e-08,1.299698802554455e-07,0.004449153456149954,0.010917469941457423,-0.010917469941457423,-0.0004046384848528591
2020-06-08,-0.00022758037389784784,4.442655606800443e-08,1.2957391160789957e-07,0.0,1.1321086727987935e-07,1.9361150753415736e-07,0.005118316317513945,0.016263366632869217,-0.016263366632869217,-0.00022806119674033778
2020-06-09,0.00037039853888312354,4.3995493620213683e-08,4.97804619897694e-09,0.0,1.7179930025279533e-08,1.664087492920646e-07,0.0019146331534526694,0.013978334940533424,-0.013978334940533424,0.000370165976663987
2020-06-10,0.00032369528617752166,6.150320699212896e-07,5.480735816486147e-08,0.0,3.585337669473916e-07,1.3938127663618863e-08,0.021079753140331333,0.0097667189334634,0.007425113485975431,0.0003226529748548245
2020-06-11,-0.00040023016991472103,4.614907599828904e-07,2.0917892532008244e-07,0.0,2.1648428080390582e-07,0.0,0.013848458887332831,0.011772742098856745,0.011772742098856745,-0.0004011173238808279
2020-06-12,9.815266206734542e-05,4.511572155614392e-07,3.530159885457276e-07,0.0,3.985439826270753e-07,1.1031004796574071e-07,0.024034747060243666,0.035905641821167754,0.01737355376292332,9.683963483264544e-05
2020-06-15,3.568290110422015e-06,2.45676397117308e-07,5.842105587878871e-07,0.0,4.1635752747680626e-07,1.9681616304621432e-07,0.022600299008213073,0.02784193843658467,-0.005223176955179331,2.125229463993799e-06
2020-06-16,-0.00016894259391901986,4.847687605914674e-07,3.192517996538247e-07,0.0,7.118429533199239e-07,0.0,0.02844632070951632,0.0,0.0,-0.00017045845743258507
2020-06-17,0.0,0.0,0.0,0.0,0.0,0.0,0.0,0.0,0.0,0.0
2020-06-18,0.0,0.0,0.0,0.0,0.0,0.0,0.0,0.0,0.0,0.0
2020-06-19,0.0,0.0,0.0,0.0,0.0,0.0,0.0,0.0,0.0,0.0
2020-06-22,0.0,0.0,0.0,0.0,0.0,0.0,0.0,0.0,0.0,0.0
2020-06-23,0.0,0.0,0.0,0.0,0.0,0.0,0.0,0.0,0.0,0.0
2020-06-24,0.0,5.260405853878749e-07,1.3e-07,0.0,9.950794822754025e-07,0.0,0.05,0.05,0.05,-1.6511200676632774e-06
2020-06-25,0.00037456012484761463,3.607580507863173e-07,1.2273526689478927e-06,0.0,7.31347257289439e-07,2.7785577762115997e-07,0.04911284026158309,0.0479414905036194,0.0012617198632645203,0.00037196281109296985
2020-06-26,-0.00016833034277243883,5.621737405789733e-07,9.563984337956958e-07,0.0,7.843581711214248e-07,3.229634467260905e-07,0.07664522911870683,0.06731520251600455,0.013057343466021344,-0.00017095623656466103
2020-06-29,0.0005652127460489734,8.058336829193706e-07,1.91967075425544e-06,0.0,3.644379542251006e-06,7.961468136125573e-07,0.08510255266699598,0.08376100679650314,-0.04999165789040649,0.0005580467152559351
2020-06-30,6.224544455327411e-05,7.020613167941224e-07,8.940070872794868e-07,0.0,1.5717894883526955e-06,7.25680923386078e-07,0.06453709250378548,0.0720307212126372,-0.049883673916223864,5.8351905737461734e-05
2020-07-01,0.0002638691575574173,1.0987347249479856e-06,1.7714294357920277e-06,0.0,3.149687033648144e-06,8.971702967445006e-07,0.13357116422071258,0.1008395455852533,-0.049885064267822785,0.00025695213606628467
2020-07-02,-0.0003311786323512706,1.010719721807963e-06,9.548519098843952e-07,0.0,2.1864084705521244e-06,0.0,0.10136899868724572,0.0,0.0,-0.00033533061245351504
2020-07-06,0.0,0.0,0.0,0.0,0.0,0.0,0.0,0.0,0.0,0.0
2020-07-07,0.0,1.15015159464918e-07,8.288435042853557e-08,0.0,2.0962009080388769e-07,0.0,0.031878596318667525,0.031878596318667525,0.031878596318667525,-4.075196006973412e-07
2020-07-08,5.98007611736481e-05,3.178000346669953e-07,2.177243602653622e-06,0.0,1.1732595210924806e-06,8.228265658711392e-07,0.09894874710136783,0.08813241934473268,-0.05010244372161871,5.530963144936386e-05
2020-07-09,-0.00037841880865579705,3.0152845291485135e-07,8.034711717661939e-07,0.0,1.3117408519862286e-06,6.765294947126218e-07,0.05841716922002368,0.06365695511172047,-0.05,-0.00038151207862717696
2020-07-10,-0.000284239083513339,7.173746657690044e-08,1.0307483410951797e-07,0.0,5.530202399303463e-07,3.315869496013181e-07,0.030435243982293567,0.03367338447295938,-0.022033223060062047,-0.0002852985030035571
2020-07-13,0.0004338139987633118,2.377295810738635e-07,1.365202877868713e-07,0.0,1.0517367218824812e-06,0.0,0.0525078029949505,0.030908393933651773,0.030908393933651773,0.0004323880121725686
2020-07-14,0.0005204091917702548,7.743294161952926e-07,1.955815914773327e-06,0.0,1.5168313345843432e-06,5.339854766537574e-07,0.09904097358449385,0.06761217045907182,-0.02209738961875941,0.0005156282296280481
2020-07-15,-0.0009734938252031022,5.391268115925338e-07,1.7202928655830368e-06,0.0,3.309808721902404e-07,1.296727310514441e-06,0.10758757564199668,0.16785018816642605,-0.05,-0.0009773809530629824
2020-07-16,0.00041622881148418116,1.315016622382289e-07,2.0174919927031807e-07,0.0,1.5315218064725852e-07,1.2129386458377674e-06,0.01377009996857159,0.1537334663404602,-0.05004022616028473,0.0004145294697961876
2020-07-17,-1.8109831260056396e-05,9.85458134698065e-07,1.0423578718383595e-06,0.0,4.04515900740042e-06,1.9608562571112335e-07,0.14479259753549625,0.06936231786934992,0.03641993274988119,-2.4378891899704363e-05
2020-07-20,0.0018142231177151029,1.3430252624961062e-06,2.0572970173398824e-06,0.0,3.4853181178149654e-06,1.010962492926701e-06,0.15091927519782883,0.20348896037436975,0.03364726156268395,0.0018063265148245253
2020-07-21,0.0013615891622524529,7.405330769970837e-07,2.1269286440125764e-06,0.0,2.9414578863897055e-06,1.3741609623548166e-06,0.08389757355579903,0.18197031884474663,-0.04888872283086261,0.0013544060816826986
2020-07-22,-0.0013150049331234212,6.262227103139738e-07,9.716697212623673e-07,0.0,7.589618793122305e-07,1.0080367305137737e-06,0.06678942310138297,0.11958652513325414,-0.049763645593059805,-0.0013183698241648236
2020-07-23,0.0010111330176608812,9.109540351175147e-07,1.3512562459980175e-06,0.0,1.7364579642956012e-06,7.544521535130464e-08,0.14158271247011942,0.022776061304808443,0.010101265125789266,0.0010070589042001188
2020-07-24,-5.883889541086262e-05,9.952041908149915e-08,2.5735668050102877e-07,0.0,9.807794677633312e-08,1.498409478667225e-07,0.010047352515082472,0.02516835295690531,-4.92628470406993e-06,-5.94436914050882e-05
2020-07-27,0.0004692649845244907,7.792035614128621e-07,8.694017944284107e-07,0.0,2.0474332848252232e-06,3.122026478961548e-07,0.1019857061467336,0.10245004484655401,0.05000000000000001,0.00046525674323592804
2020-07-28,-0.00047101348491855973,3.1938756492784016e-06,2.67317519894907e-06,0.0,1.3985904565936907e-05,3.8602551475297163e-07,0.1495066934805427,0.10355145460051265,0.038699168122013405,-0.0004912524658474771
2020-07-29,0.0005249935656616425,2.239468788733562e-06,1.404143571558564e-06,0.0,6.932858515128653e-06,2.6915695933914806e-07,0.07854968456614136,0.0554473627327825,0.010228993563805626,0.0005141479378268825
2020-07-30,-0.00034145576139275007,1.027254271383963e-06,1.4819692524281324e-06,0.0,4.000830429773194e-06,4.851473109102343e-07,0.06637451453546392,0.04075237411645968,-0.04075237411645968,-0.00034845096265724557
2020-07-31,-0.0002942989700752468,1.2179388269908194e-06,2.1725704425814427e-06,0.0,4.265999659375434e-06,1.0548205663810038e-06,0.14583416867515753,0.12720985515200867,-0.049999999999999975,-0.00030301029957057553
2020-08-03,-0.0006229392779243508,2.2885011206273457e-06,3.1156087222589887e-06,0.0,9.090111194723594e-06,1.3192300211432324e-06,0.23648285540785408,0.1720587158011877,-0.049571927750875315,-0.0006387527289831039
2020-08-04,0.0001967797918545798,5.866823146309536e-07,1.1195452735280622e-06,0.0,2.4614628307115497e-06,1.659713450511042e-06,0.07954800633863159,0.22934871729035378,-0.0494831423955013,0.00019095238798519818
2020-08-05,-0.0007608613456362573,1.8422597098783126e-06,1.690533790167357e-06,0.0,6.384228438423508e-06,1.402029414260356e-06,0.10860140235171467,0.18585714319375163,-0.04968379840198815,-0.0007721803969889868
2020-08-06,-0.0008652706615122976,7.59938648105306e-07,1.230378327519517e-06,0.0,2.1829173657549953e-06,9.063432894561258e-07,0.08444772495291492,0.10220893879296547,-0.05005673383566365,-0.0008703502391431336
2020-08-07,0.0002985015755304724,1.6903452280342697e-07,4.0060163915211774e-07,0.0,3.209263175420486e-07,9.035658360343297e-07,0.030187753602467157,0.10178293024558852,-0.05001613020817888,0.0002967074472149405
2020-08-10,-0.00021706383518685965,3.0934103928828073e-07,1.0521539932843912e-06,0.0,3.986678324295451e-06,9.655026662003951e-07,0.0778211543350725,0.11216233812066584,-0.050042109801000545,-0.00022337751120992818
2020-08-11,0.0002707581484059931,2.6660882986107137e-07,3.5117090884834844e-07,0.0,8.241339031972519e-07,7.208574966599599e-07,0.07174926669094639,0.12803135011520794,0.006927290676334685,0.00026859537726742645
2020-08-12,0.0003163603388485771,1.4450103526891005e-06,4.005302936165114e-06,0.0,3.128708941646288e-06,2.31467670288814e-06,0.2545784867062123,0.3390411527007222,-0.04982453338448534,0.00030546663991518844
2020-08-13,0.0011820626566604448,2.765338766307817e-06,3.6722494046180645e-06,0.0,6.851527557914075e-06,3.1122494869883267e-06,0.2710983294711116,0.4736007860998953,-0.04925712771414359,0.0011656612914446164
2020-08-14,-0.0006810525212699012,4.3519223184304587e-07,1.5227432356199547e-06,0.0,8.578669805004698e-07,2.581754200913624e-06,0.11270748724706202,0.3838066534117442,-0.04992805234174466,-0.0006864500779187783
2020-08-17,0.0016569058008021995,3.893799858354263e-06,5.158287828580604e-06,0.0,7.8441700228309e-06,0.0,0.42047026488510525,0.034013674333919636,0.034013674333919636,0.0016400095430924337
2020-08-18,-0.0002239810642947023,7.490591885029209e-07,9.665040610528856e-07,0.0,1.0513599173299735e-06,0.0,0.033789693269624936,0.0,0.0,-0.00022674798746158807
2020-08-19,0.0,0.0,0.0,0.0,0.0,0.0,0.0,0.0,0.0,0.0
2020-08-20,0.0,1.5979615778205676e-07,6.728716853007535e-08,0.0,1.519803429444732e-07,0.0,0.025879680203875134,0.025879680203875134,0.025879680203875134,-3.7906366925660527e-07
2020-08-21,-0.0001483249971272097,7.96376511726582e-09,1.459747831401517e-08,0.0,1.636401631814039e-09,0.0,0.0009331180632051392,0.02564559441257966,0.02564559441257966,-0.0001483491947722728
2020-08-24,0.00036897648610915464,1.0529610290563577e-07,4.5802269269256923e-07,0.0,1.389460349940786e-07,1.8855872283512812e-07,0.018636067569367264,0.03905636876562307,0.007378503329321551,0.0003680856625557272
2020-08-25,0.0001014265405908288,6.902202627598587e-07,3.514188376560405e-07,0.0,1.6651080912159125e-06,1.8844180531980634e-07,0.059139398052041,0.08166804436501449,0.05000982107128703,9.853135159387719e-05
2020-08-26,0.0003665883035462852,9.318899900205303e-07,2.9497997529297026e-06,0.0,1.8090530971702727e-06,7.254389289575602e-07,0.13239485948478374,0.07187374006487011,-0.05000000000000001,0.00036017212177720715
2020-08-27,0.00012429454473018064,1.1846834510108821e-06,3.100676525962013e-06,0.0,3.083699763930127e-06,1.8995689825969877e-06,0.2349160076700268,0.2693591505139198,-0.049768438562374145,0.00011502591600668063
2020-08-28,-0.0008203040594531604,5.191422464333264e-07,9.17092163296314e-07,0.0,7.870182387462794e-07,1.700796309133238e-06,0.06764082449067926,0.235733779934384,-0.04999999999999999,-0.0008242281084107695
2020-08-31,0.001201038528751245,6.067317472873603e-07,1.544283641673939e-06,0.0,2.584099371391477e-06,1.3079171952087155e-06,0.10976315793300827,0.16958081741927075,-0.05014927137579345,0.0011949954967956835
2020-09-01,-0.0007006038003202503,2.5492866847925166e-09,2.69044706174619e-09,0.0,0.0,1.307917195208716e-06,0.0010347873314408423,0.16991500095039141,-0.04981508784467285,-0.0007019169572492056
2020-09-02,-8.917195124512671e-05,2.3869473283782664e-06,1.934592936761178e-06,0.0,6.017906030368066e-06,6.243480273387173e-07,0.21983639117235076,0.15172075355939327,0.04683028496648877,-0.00010013574556797294
2020-09-03,-0.003404710147993691,3.96226917290123e-06,7.77117414050342e-06,0.0,1.258905304457976e-05,2.699277592529293e-06,0.45997978874791784,0.4014323991903113,-0.05204623635460978,-0.003431731921944205
2020-09-04,0.0012165136831953712,6.3882329592390665e-06,5.029484543466114e-06,0.0,1.8969455694493022e-05,3.241391902142371e-06,0.3964456110299912,0.5955913155083177,0.0510374759483993,0.0011828851180960306
2020-09-08,-0.0030159324023715994,4.146082393307906e-06,5.764544208141162e-06,0.0,7.777093896374557e-06,2.015616928868964e-06,0.4283131206837072,0.38942599160104635,0.05080234755106029,-0.003035635739798292
2020-09-09,0.00346800516420948,1.153133751537439e-05,1.7248737659031133e-05,0.0,2.8986466834621568e-05,7.271280439293107e-06,1.2721985673186809,1.2718735626406044,0.05029844883936241,0.0034029673417611595
2020-09-10,0.001546577145027724,1.577970675534694e-05,1.6069290257725063e-05,0.0,3.573467716947691e-05,3.653204198257241e-06,1.0814824527301596,0.6637383053072163,0.04999999999999988,0.0014753402666469178
2020-09-11,-0.0006771709957822371,2.708655894376496e-06,2.966611952700379e-06,0.0,3.596243956929498e-06,2.7139605888492348e-06,0.20409959230889352,0.5052699692686624,0.04932459034199094,-0.0006891564681750927
2020-09-14,0.0014317942442106117,3.601466908912755e-06,3.976522157576355e-06,0.0,9.783393004601182e-06,2.8845195953631816e-06,0.2791145226807472,0.5367173885898189,0.05211809656880445,0.0014115483425441583
2020-09-15,-0.0011206406815666627,5.156522668023685e-06,7.171913474561161e-06,0.0,1.4024740493004713e-05,1.6304277663647127e-06,0.4117686220500738,0.23855855690951652,-0.035353307839755196,-0.001148624285968617
2020-09-16,-0.0009968799741705487,3.0676916926799805e-06,5.723476425174661e-06,0.0,1.5214089923752267e-05,3.776564709043958e-06,0.4193329747727982,0.5842725786244163,-0.05019029249496859,-0.0010246617969211997
2020-09-17,0.0007228336027551261,6.047622984545439e-06,9.053333656071138e-06,0.0,2.4235156528071525e-05,1.297823761118736e-06,0.6108855054543192,0.1681783726427709,-0.04985601922517672,0.0006821996658253192
2020-09-18,0.0008678154803584686,2.6376925768669348e-06,1.4004875484626188e-06,0.0,6.071154984016251e-06,1.13670493044453e-06,0.18301357015807523,0.24119880384329537,0.0502323755286143,0.0008565694403186783
2020-09-21,-0.0003110226167987487,5.292878979625311e-06,9.94232747510059e-06,0.0,1.5358142731639988e-05,3.629322973234105e-06,0.7001747700092569,0.6596919881049323,0.049965728601602755,-0.00034524528895834867
2020-09-22,0.0015181877248300229,2.6350153912453865e-06,3.4168193884210746e-06,0.0,6.874624359504194e-06,3.3723467470328896e-06,0.22303781472489015,0.588428403673049,0.021874150171523665,0.0015018889189438193
2020-09-23,-0.0008563624361195904,1.0398502582370978e-05,8.760720330255375e-06,0.0,1.5335782122233075e-05,2.6791624279755692e-06,0.6765856264240258,0.5021336715449384,0.05203438364504279,-0.0008935366035824254
2020-09-24,-3.4778085454045984e-05,5.755361018731185e-06,5.9550089494720615e-06,0.0,1.3633759571681733e-05,1.6876522218536944e-06,0.3768352932673388,0.33071170052576077,0.04718612725434007,-6.180986721578466e-05
2020-09-25,0.0010923161398968576,6.483504338529097e-06,4.927584090298117e-06,0.0,1.3246103424183922e-05,1.0169253710885854e-06,0.2986112829747306,0.22200774673688753,0.051164284394005145,0.001066642022672758
2020-09-28,0.0011412537066936496,4.434545877290376e-06,7.485207093753126e-06,0.0,1.3501648763818558e-05,2.3227896514697694e-06,0.4936230692459047,0.371541615995845,-0.018687045451076245,0.0011135095153073178
2020-09-29,-0.0005463565812300051,3.5908198594736813e-06,2.0669669039859465e-06,0.0,1.233345056259479e-05,2.1058796318124015e-06,0.19797594153995418,0.40272382748211555,0.04893604933763221,-0.000566453698187872
2020-09-30,0.0003138447580712457,4.643093822041891e-06,4.506671689070511e-06,0.0,8.11358802694874e-06,1.2950907303874413e-06,0.26952412368847334,0.2685835189103458,0.05100827620525565,0.00029528631380279713
2020-10-01,-0.0013987317176140945,2.3079074828297325e-06,4.4478731617997115e-06,0.0,6.959689420428903e-06,9.222933375024525e-07,0.3225197219501157,0.20509787404381763,0.050152593343405626,-0.0014133694810166554
2020-10-02,-1.8314713906501712e-05,3.4285471594045624e-06,2.9699336258254315e-06,0.0,6.707804721206501e-06,3.680914938392061e-07,0.1826070655322049,0.11183937096498661,0.04999999999999999,-3.1789090906777416e-05
2020-10-05,0.001064727403144715,1.61845302066186e-06,8.064617381794427e-07,0.0,1.8088439514662508e-06,2.9011174395387055e-07,0.05623534543296898,0.09890077333781488,0.05016200035356462,0.0010602035326904536
2020-10-06,-0.000287663693068641,3.953805737847413e-06,6.539262688045166e-06,0.0,1.030390477334957e-05,2.417863709591944e-06,0.4956238018389079,0.4569795611165885,0.050778457905141905,-0.0003108785299774751
2020-10-07,0.0003114951642551519,2.172239376046564e-06,2.1248667642430895e-06,0.0,3.595637520661253e-06,2.2366176984141143e-06,0.11876075572676409,0.4029140162866175,0.027162242953046256,0.0003013658028957869
2020-10-08,0.0013206190471774426,1.6140268766249274e-06,2.5551844870757293e-06,0.0,2.9435462958673903e-06,1.1670078449005742e-06,0.19142467758754814,0.24794910728488895,0.051891789341592554,0.001312339281672974
2020-10-09,0.001393691893969378,1.5270096156348738e-06,3.5211290085599974e-06,0.0,5.653448138902581e-06,4.784815237379833e-07,0.1974970396790383,0.06368461169439371,-0.016700284293587508,0.0013825118256825426
2020-10-12,-0.00020972152015150643,2.1750858364024662e-07,1.016460634665199e-06,0.0,1.4912807425428112e-06,8.562834692559374e-07,0.07054992215188223,0.11890178583426386,-0.024953837000733614,-0.0002133030535816106
2020-10-13,-0.00010124031587767223,4.680495724382658e-06,2.7816148732101656e-06,0.0,1.1183106820398534e-05,1.0062703307566848e-06,0.24118191764839905,0.21922103577905885,0.050167620211935764,-0.00012089180362642027
2020-10-14,-0.0007780286657836781,3.5405475725174033e-06,2.5669617787714825e-06,0.0,6.130048101235768e-06,1.1209419094983768e-06,0.18019860902329177,0.23831824079572733,0.049999999999999975,-0.0007913871651457012
2020-10-15,0.0005916106550574612,3.317227535094177e-06,2.9800633788045686e-06,0.0,6.553969069165367e-06,3.515613144902684e-07,0.18724787810632937,0.10901392988983799,0.0499516290554729,0.0005784078337599068
2020-10-16,-0.00013151249537834603,1.7168006577844308e-06,1.4587461197118467e-06,0.0,2.540969476144469e-06,2.9098233843442466e-07,0.09476140936900837,0.09891794075220425,0.05003290789522091,-0.0001375199939704212
2020-10-19,-0.0008191517876900291,3.115410808589439e-06,1.5094927251919892e-06,0.0,3.7680779656898774e-06,3.960392833163847e-07,0.1062900983523771,0.11653459959715265,0.05000000000000002,-0.0008279408084728168
2020-10-20,0.00016455862171034331,3.760665442147203e-06,3.849879589916207e-06,0.0,4.416515189728122e-06,1.6461107251312675e-06,0.2693821128035737,0.3267830053056905,0.050236403483637615,0.00015088545076342053
2020-10-21,-0.0016944095809086012,2.757946546136899e-06,2.2343061786423484e-06,0.0,2.0174029924199803e-06,8.738179999246857e-07,0.14045295242897243,0.19675961861153482,0.04995819462418763,-0.001702293054625725
2020-10-22,0.001869846860233548,3.90643134777215e-06,3.779221238067088e-06,0.0,9.486393885158743e-06,9.977704845673123e-07,0.23529060097698887,0.21762544140730844,0.05000000000000002,0.0018516770432779827
2020-10-23,0.0019236005654173322,1.0205350494068765e-06,1.644676765685574e-06,0.0,2.4711088041350574e-06,7.659740578942887e-07,0.08852938550437735,0.15397048409446762,0.025286842368227133,0.0019176982707402104
2020-10-26,-0.0012943609712486954,2.422340389856893e-06,4.5723716466569515e-06,0.0,7.363702594427017e-06,1.8294592450793044e-06,0.2543823684832132,0.2575463419910179,-0.0498028111823053,-0.0013105488451247156
2020-10-27,0.001270548784857097,3.115028456848998e-06,1.8885981308238355e-06,0.0,7.261512069836098e-06,1.0770892292853527e-06,0.21540887221990013,0.23171332019445462,0.05076232967451537,0.0012572065569703029
2020-10-28,-0.0011162455630137594,3.1298317584560598e-06,2.718511235492133e-06,0.0,3.2983056381701936e-06,7.373037380361689e-07,0.19608643117372362,0.1769488177700936,0.053081789780017194,-0.001126129515383914
2020-10-29,0.0002780805614115827,5.762574832822109e-06,5.82511776021725e-06,0.0,9.615322393133479e-06,1.7047018155444671e-06,0.4097647263857265,0.3369998886318961,0.05060998362042554,0.0002551728446098654
2020-10-30,0.001720197114751531,9.671772454656147e-06,1.4841495613427508e-05,0.0,1.9334808900458634e-05,5.2690952394028805e-06,0.9091962658103785,0.8356707685899902,-0.04953723162969359,0.0016710799425435857
2020-11-02,-0.005876751037371482,1.0824226652965581e-05,9.65955880113592e-06,0.0,1.9363143815659482e-05,3.528109065986431e-06,0.6551277531154366,0.5436914398364845,-0.04903088324923599,-0.00592012607570723
2020-11-03,-0.004145943916392778,8.016503984978116e-06,1.0356326881503059e-05,0.0,1.9126316353590283e-05,3.797954247029217e-06,0.8185498349037461,0.6580420248606945,0.019985711359785954,-0.004187241017859878
2020-11-04,0.003166329542146699,9.274284963158366e-06,8.359350609686623e-06,0.0,1.982287748835998e-05,3.873176917492176e-06,0.5721183596824815,0.6463437461735881,-0.004349975965097425,0.003124999852168002
2020-11-05,-0.0026914040448593546,4.05043950512506e-06,4.181304714606122e-06,0.0,6.795475936667667e-06,1.9095255731073373e-06,0.333114153252794,0.3742196683147097,0.05341937203267698,-0.002708340790588861
2020-11-06,-0.00011107486078163515,4.684264951055532e-06,3.3945623968167117e-06,0.0,9.988523062712987e-06,1.5152503213971717e-06,0.22270853742228391,0.30678297144855216,0.052220917453827315,-0.00013065746151361756
2020-11-09,0.011309575767736628,9.150437356038059e-06,9.481051950728971e-06,0.0,2.053307999268503e-05,4.431273516139584e-06,0.6745217845661243,0.7938125337699377,0.04935858305848767,0.011265979924921036
2020-11-10,0.005844143983705559,7.659937021527048e-06,1.0539321984281745e-05,0.0,1.7146842260982077e-05,1.4943832913039547e-06,0.6887488704382436,0.30075508949821045,0.04969869655914615,0.0058073034991474645
2020-11-11,-0.0006725722462963232,3.6980111141812374e-06,3.834592348892567e-06,0.0,5.3470433793951135e-06,7.4185440844557e-07,0.24579928768856957,0.1750078059084849,0.05037626528962916,-0.0006861937475472376
2020-11-12,-0.0005204819971588915,2.2509096272011494e-06,3.446463801152093e-06,0.0,3.500442317839429e-06,9.962015313370008e-07,0.1559240833346877,0.11743436668644168,-0.049927490578174485,-0.0005306760144364212
2020-11-13,-0.0019684913010002995,2.9365330071163427e-06,3.898192737006014e-06,0.0,5.110539420115394e-06,1.911896756648186e-06,0.30395780955978907,0.2843897129990015,-0.03680894211789375,-0.0019823484629211854
2020-11-16,-0.0010860264889196644,1.8793860836420817e-06,3.12387089264213e-06,0.0,3.460733758676699e-06,4.348785031890734e-07,0.2938388091672085,0.12347175280264233,0.05041216426687801,-0.0010949253581578145
2020-11-17,-0.0003134653736062556,2.3528302125849153e-06,3.850468027108354e-06,0.0,3.4414457301265665e-06,9.402565586119962e-07,0.1877146684799408,0.10804487856299179,-0.04991822328382356,-0.0003240503741346874
2020-11-18,7.115311998150199e-05,1.7685136678693699e-06,1.1570873121149568e-06,0.0,3.7526667481058827e-06,9.897545302693567e-07,0.16440324667541828,0.21652755816406763,0.050248797078815716,6.348509772314242e-05
2020-11-19,0.00012326483658570074,1.6480560806990936e-06,3.052495566825754e-06,0.0,2.3956444026258094e-06,4.796777688701446e-07,0.2128134663518676,0.13054234113979402,0.049956475969609726,0.00011568896276667995
2020-11-20,0.0007304859051912679,8.107685134797957e-07,1.2133994442254094e-06,0.0,1.1509941014992712e-06,1.8926238946702117e-07,0.08652494536236849,0.08211604425790629,0.05031996282744673,0.0007271214807425964
2020-11-23,-5.739486319117038e-05,5.850785423218757e-07,1.555292584407272e-06,0.0,1.7060591894981834e-06,3.1971379000971015e-07,0.07010806923627827,0.04932249447399606,-0.0043894222476352504,-6.156100729740743e-05
2020-11-24,-0.0010553408367700299,8.552941618532515e-07,1.4719657199793915e-06,0.0,7.250979391656451e-07,6.769955056624175e-07,0.06705378686213789,0.06376335408060688,-0.04997189087067927,-0.0010590701900966906
2020-11-25,5.084345791752973e-05,6.044026265269569e-07,1.1673519488385393e-06,0.0,1.6129034500899617e-06,1.0029715420514211e-06,0.08243292512422384,0.1182856033691866,-0.05021361569545214,4.6455828350022853e-05
2020-11-30,0.0006591242036998783,1.3461134384624825e-06,1.4757624652355643e-06,0.0,2.391436109950975e-06,1.5285165329937637e-06,0.10649523625119608,0.2064673576526378,-0.0503234198903145,0.0006523823751532356
2020-12-01,2.2676869755675834e-05,1.5435659547513113e-06,1.6751544297555577e-06,0.0,2.288217728667723e-06,3.767256904987947e-07,0.15171346504863048,0.057102887314197305,-0.006187028689600206,1.6793205952002448e-05
2020-12-02,0.0002455036471372692,6.790717970554988e-07,8.794659678783172e-07,0.0,9.355365633389712e-07,4.133022644559943e-07,0.0624210003713456,0.0669913196701265,-0.002443460758480537,0.00024259627054454044
2020-12-03,0.00013661964418603108,1.4334406672859862e-06,1.4989618293823222e-06,0.0,1.691406403461547e-06,4.641136214122045e-07,0.13676640143605165,0.12797108839725035,0.05,0.00013153172166448902
2020-12-04,0.000566279342687967,5.39889343847714e-07,9.167932626484501e-07,0.0,7.807863606148586e-07,7.154431457969036e-07,0.04533520911358221,0.14830907638662938,0.028114627892749558,0.0005633264305750591
2020-12-07,-0.0008032972981911175,3.2680860326248726e-06,3.0365377522017753e-06,0.0,4.070743815946649e-06,1.6971950506021416e-06,0.128671644454394,0.23483110356091003,-0.05029766494024979,-0.000815369860842493
2020-12-08,-0.00034962319202185607,2.027744634157458e-06,2.1569667393800095e-06,0.0,2.551147552067776e-06,9.776205758218642e-07,0.16120124269131442,0.11390809231671828,-0.05033216442135492,-0.0003573366715232832
2020-12-09,-0.0015868240708760812,2.906412828136297e-06,1.628386962878162e-06,0.0,3.480484619416499e-06,4.04183681808773e-07,0.11909763312871036,0.037777439962102755,-0.03012541858177111,-0.0015952435389683208
2020-12-10,-0.0002914866664218922,1.0318467693212493e-06,6.433613521918704e-07,0.0,7.345538826254766e-07,5.504016384483523e-07,0.03945498184647146,0.05871589045310532,-0.033751584806217864,-0.00029444683006447914
2020-12-11,2.932976540410637e-05,1.1775454400055307e-06,5.55458322549401e-07,0.0,1.5049510748330296e-06,1.5783789067505393e-07,0.08051456824989438,0.04807183710525033,0.02155507147184127,2.5933972676043354e-05
2020-12-14,5.590401546164684e-06,4.100921222478314e-07,3.012299225756129e-07,0.0,2.935314743224631e-07,0.0,0.024451308518859245,0.023568598888949376,0.023568598888949376,4.585548027018776e-06
2020-12-15,0.0005535328989888684,1.1693029647795082e-07,7.077598383113975e-07,0.0,2.446209294277369e-07,1.8812667069680802e-07,0.029278365454521425,0.02644904701048057,-0.005156233666583177,0.0005522754612539545
2020-12-16,0.00010035113728796108,6.90669045272811e-08,1.5619539575649813e-07,0.0,2.072140674375102e-07,7.052518749493706e-08,0.015241431732042007,0.011352441347783123,-0.000495790151366303,9.984813573274486e-05
2020-12-17,-0.00021894983592575187,1.573395807100286e-07,6.585100693724705e-07,0.0,3.403478369905198e-07,3.129505558702869e-07,0.03586842660193817,0.035159259100460596,-0.0174164342857476,-0.00022041898396869518
2020-12-18,0.00016680821541810814,1.5251399047666325e-06,2.8381396880399223e-06,0.0,2.6489648469851143e-06,1.1230723465095997e-06,0.16836165181313806,0.13867615421361273,-0.05,0.00015867289863180688
2020-12-21,0.0010186537683583709,8.323510441888012e-07,6.413588536124141e-07,0.0,1.3677004558887988e-06,1.0169289051749308e-06,0.09452652662195435,0.17990301899379307,0.00905896292440471,0.001014795429099506
2020-12-22,-0.0005948552971063469,4.2108492108848124e-07,5.356227002967002e-07,0.0,1.3710145360390212e-06,5.343105302217695e-07,0.07234925983566526,0.13937989161504763,0.049615722537790334,-0.0005977173297939929
2020-12-23,0.00028241890156337814,1.4736732447203961e-06,2.7043897417108324e-06,0.0,3.175494350237222e-06,9.344724415394927e-08,0.2050385665775393,0.06569913701786348,0.049999999999999996,0.00027497189698255577
2020-12-28,0.0001753297602761661,8.616946570307917e-08,2.3444301390563368e-07,0.0,1.4414417865599232e-07,4.6550969108599455e-08,0.013007235912977566,0.05329668842044589,0.04547612561020118,0.0001748184526487928
2020-12-29,-0.0001227185701091458,5.464048589289646e-07,1.946777695242907e-06,0.0,1.4078773880238006e-06,6.583997159897902e-07,0.08393612306335199,0.08338500356995399,-0.027226148716330757,-0.00012727802976733127
2020-12-30,0.000103051562945505,5.953525994511777e-07,9.979222964647852e-07,0.0,6.849188283458268e-07,1.7051127859160433e-07,0.07832306537685178,0.014322947401694765,-0.014322947401694765,0.00010060285794265161
2020-12-31,-0.00012963752930901374,2.156929453223392e-07,3.7576720820609824e-08,0.0,1.2387775993834846e-07,0.0,0.014452584931003779,0.0,0.0,-0.00013001467673509504
2021-01-04,0.0,9.523278459348417e-08,3.600045377574439e-07,0.0,2.523782638034517e-07,1.593587195494852e-07,0.02630527567749555,0.02630527567749555,-0.0004669892068179648,-8.66974305703865e-07
2021-01-05,-2.074322324779569e-05,9.523278459348417e-08,3.442355367272878e-07,0.0,2.513320784790806e-07,0.0,0.026504083891459654,0.0,0.0,-2.143402364759554e-05
2021-01-06,0.0,6.804996729555772e-07,5.725853239625389e-07,0.0,1.0211778096307735e-06,1.7879394683571645e-07,0.051441280103531474,0.051441280103531474,0.021403897035131104,-2.453056753384606e-06
2021-01-07,0.0011382524860249958,1.7442079068689908e-06,3.367134546550069e-06,0.0,2.2277136464697395e-06,1.4733372378039188e-06,0.195068839399712,0.19808451422110113,-0.04943614172995721,0.0011294400926873031
2021-01-08,0.0004463536592324198,1.0925248078957405e-06,1.848142394048449e-06,0.0,9.845876311397752e-07,1.21769508300023e-06,0.12566903868865556,0.1558094443155003,-0.04876332962853829,0.00044121070931633563
2021-01-11,-0.0005825950723069868,1.2270983485984248e-06,2.8083548603572203e-06,0.0,2.3226035338664944e-06,1.3169790316806514e-06,0.19941443215809307,0.17124407764029032,-0.05000839968205904,-0.0005902701080814896
2021-01-12,-0.0012127924183595975,2.613328533237777e-06,2.4540538338964714e-06,0.0,4.7488700106117575e-06,1.4245010271829262e-06,0.22933352544481814,0.26233612757004154,0.023019955003309917,-0.0012240331717645265
2021-01-13,0.00013491711778358204,1.0240058269425124e-06,1.7919262180685317e-06,0.0,2.0642802187467907e-06,8.128980931014472e-07,0.12831316194501996,0.15890605447818879,0.022339174837145676,0.00012922400742672275
2021-01-14,-0.0005572219754029394,2.463915901022549e-06,4.51932413874392e-06,0.0,5.8808763419612455e-06,1.3027183430733308e-06,0.3623998025495866,0.2687350361922926,0.04987835455597302,-0.0005713888101277404
2021-01-15,0.0012192781235499262,1.8446848496700637e-06,4.1362817631745164e-06,0.0,4.3968522904944035e-06,8.786120829069027e-07,0.22541029679487634,0.11566818568402974,-0.03193864424432988,0.0012080216925636803
2021-01-19,-0.0003729237070992351,1.8458940441011651e-06,9.313074675550959e-07,0.0,2.600502802447e-06,4.933760106168468e-07,0.13098009974104632,0.13294982096479616,0.05006265118116593,-0.0003787947874239552
2021-01-20,0.0005673475444584581,2.7990883325897675e-06,3.4307676843330545e-06,0.0,5.314678213713848e-06,1.0616968738389124e-06,0.2487877932515281,0.2289500206252494,0.050584945820312095,0.0005547413133539825
2021-01-21,-0.0014558714139856516,2.0017793644275117e-06,3.915609423292728e-06,0.0,5.405550218739283e-06,1.562569671162168e-06,0.2526151752822601,0.27897883622766134,0.016467131472417185,-0.0014687569226632734
2021-01-22,0.0002398568230007571,1.7568697311064941e-06,2.2974701411770845e-06,0.0,5.698734656976489e-06,1.6576001571356376e-06,0.1904522563402286,0.3284768263987871,0.05,0.0002284461483143614
2021-01-25,-0.0006761830617111651,2.084601750222008e-06,4.927876727454643e-06,0.0,5.843234242957019e-06,5.600576810068653e-07,0.30754666484580484,0.0900740080875169,-0.004015682321636456,-0.0006895988321128056
2021-01-26,0.0006734278293543733,2.083007705754612e-06,1.202890305507155e-06,0.0,3.3007046905097515e-06,3.0391057896219163e-07,0.12390269859846122,0.10151004564013283,0.05045306837448462,0.0006665373160736395
2021-01-27,-0.0020170731282734395,4.047719174043187e-06,6.377750254968894e-06,0.0,7.258484548768981e-06,2.4180900439179683e-06,0.4297898458259397,0.4562606313070752,0.050021503928856514,-0.0020371751722951387
2021-01-28,0.004448470796743799,2.9010784892698734e-06,4.619960713017685e-06,0.0,6.267060063018336e-06,1.816042690621192e-06,0.33322643318317424,0.35577073688508704,0.050675564860726725,0.004432866654787872
2021-01-29,-0.0012972600085706218,3.491124927323971e-06,4.573622746761249e-06,0.0,7.449537977752084e-06,1.1153145286204183e-06,0.3386421153709174,0.2387459462111735,0.05137310540294324,-0.0013138896087510794
2021-02-01,0.0019026228448492065,3.1484997307268065e-06,4.1072391224924926e-06,0.0,5.539409411184049e-06,1.400175771833561e-06,0.30038896663883846,0.28659357441684197,0.0513640447488037,0.0018884275208129696
2021-02-02,0.0013610069577696835,1.8131523331553442e-06,2.261851758198546e-06,0.0,2.6888520065433453e-06,1.6681377487996985e-06,0.16354108697230196,0.33237419364661364,0.05212705184826433,0.0013525749639229866
2021-02-03,-0.0005768799812449944,2.593642913870659e-06,3.2789542426912747e-06,0.0,4.280363711638489e-06,1.6088992463003433e-06,0.19327394343112161,0.2833793267419925,0.013084253363534776,-0.0005886418413594952
2021-02-04,0.0017774095351678388,1.950122341911464e-06,3.4545018333701893e-06,0.0,3.8232169073879315e-06,1.5404695025237357e-06,0.18422653295891006,0.20891724209380963,-0.049881634330177935,0.0017666412245826455
2021-02-05,-0.00015385655840426707,8.289390351484103e-07,1.3746421617576872e-06,0.0,1.6583034810732687e-06,2.901998024243663e-07,0.16178099599900858,0.07742531119609901,0.02867174438880548,-0.0001580086428846708
2021-02-08,5.801218896482885e-05,1.4837482191319696e-06,2.323716105180316e-06,0.0,1.7726979243792394e-06,1.101666387686825e-06,0.10351151358271701,0.13518379435762365,-0.04989615877376294,5.13303603284505e-05
2021-02-09,-0.0006045379087876724,1.3353129774450166e-06,1.501730463782825e-06,0.0,1.798383793654982e-06,1.3494343692326128e-06,0.11558002581836255,0.18578905847570007,-0.04091591555537888,-0.0006105227703917879
2021-02-10,3.2593959565888016e-05,2.5051998918962874e-06,3.280702254833281e-06,0.0,5.40185420388088e-06,9.736680306370164e-07,0.23070149889157654,0.13024697925795237,-0.0333292498890664,2.0432535184640552e-05
2021-02-11,0.0007049191303828751,1.8998227362222402e-06,2.4429473397196996e-06,0.0,6.382277999724488e-06,9.483393819370514e-07,0.23671664699736292,0.20932101616542467,0.05,0.0006932457429252716
2021-02-12,0.00041912636330130194,8.708862322195331e-07,1.4549382342142568e-06,0.0,3.3165531394976205e-06,7.498634247731085e-07,0.10705178643617308,0.1756143166406621,0.04963726127877989,0.0004127341222705974
2021-02-16,0.0007865405953515225,1.1363083844438586e-06,2.539894967627953e-06,0.0,3.789505392825346e-06,1.2204428525200316e-07,0.1763229076904037,0.05973823481114605,0.039234794888809515,0.0007789528423213733
2021-02-17,0.0008465654398408584,5.148289735144294e-07,2.270953238036669e-06,0.0,2.356803752527274e-06,9.66329919700311e-07,0.09619450339111854,0.11279614244354451,-0.049547284066107714,0.0008404565239570797
2021-02-18,0.0012509675628640923,4.540970362033747e-06,4.438569154611246e-06,0.0,1.40336314401719e-05,2.531471747193045e-06,0.4105638014693204,0.4763657372539904,0.051078483725558704,0.0012254229201600823
2021-02-19,0.001435268972923048,2.0386627153615954e-06,3.18127933043874e-06,0.0,6.46458489669872e-06,1.662880857393237e-06,0.22605187500193383,0.3301600035077342,0.05079601946567042,0.0014219215651231558
2021-02-22,0.0016094886577866317,3.892532027106417e-06,4.366350729182242e-06,0.0,7.39801648813126e-06,1.0453950543500392e-06,0.293908575175191,0.22527472404957263,0.049648354918766006,0.0015927863634878617
2021-02-23,-0.00013159234435321005,5.3396959529481556e-06,5.880404066467072e-06,0.0,1.571039417495111e-05,1.5961040114677052e-06,0.41011256605416574,0.31842838586471034,0.05028291193813583,-0.00016011894255904408
2021-02-24,0.0007077230495372627,1.8051336762336058e-06,1.8887015966090037e-06,0.0,3.496043408669251e-06,2.135199656714133e-06,0.12697184454071803,0.40945291447775456,0.05073937214978025,0.0006983979711990367
2021-02-25,0.0001553210028778055,4.777911323471779e-06,5.2500443735404854e-06,0.0,1.4820070287688186e-05,3.170605473545099e-06,0.323214616525924,0.5334037152887235,0.0007419957331468996,0.00012730237141955997
2021-02-26,0.004387665415324934,7.78244221081006e-06,1.2445056440610458e-05,0.0,2.316302807432708e-05,7.123050436970824e-06,0.9606408801296233,1.2475949378604394,0.050922464449341065,0.004337151838162216
2021-03-01,0.0014876213781370906,7.543800408563356e-06,1.2124297823918142e-05,0.0,1.8828654563338065e-05,2.9236476676674345e-06,0.8286880815288795,0.5413003120372295,0.05012750386910059,0.0014462009776736037
2021-03-02,-0.0007139197673164915,3.0146759402581232e-06,4.7567881984652435e-06,0.0,1.3047089897519239e-05,2.147894149903524e-06,0.3341701437276029,0.41076699304877484,0.049920775864982725,-0.0007368862155026376
2021-03-03,-0.0020164417350647668,5.53291560086316e-06,7.692764982175567e-06,0.0,2.143722168518053e-05,4.1503766191833e-06,0.560096506251574,0.7465767739805075,0.049313501957713224,-0.0020552550139521695
2021-03-04,-0.0044040788467005765,4.622259730735757e-06,9.967275806384531e-06,0.0,1.4788409538785417e-05,7.050701335274714e-07,0.7075395918362395,0.168539484526918,0.0500877020943028,-0.004434161861910009
2021-03-05,0.0008683261829758365,2.1402347565931227e-06,3.468294694934892e-06,0.0,7.634034674783383e-06,1.478024585109664e-06,0.25284242264902146,0.2990183160714052,0.05071018577298167,0.0008536055942644155
2021-03-08,-0.0006373504584943125,9.847855044522044e-06,1.7597407745665063e-05,0.0,2.4118988720443946e-05,7.675287470138492e-06,1.3273270954738612,1.3394482949832662,0.04999999999999971,-0.000696589997475082
2021-03-09,0.011317437824208456,6.847143586989411e-06,9.231594434503524e-06,0.0,1.688512675898892e-05,6.111936016669975e-06,0.6192036869681207,1.0777721531350772,0.05096690233452156,0.011278362023411304
2021-03-10,0.0005009083302187698,3.6665544535962333e-06,6.265685939295567e-06,0.0,9.434929369247755e-06,4.93415324766848e-06,0.43223449355223137,0.8813007779291624,0.05236303232085798,0.0004766070072089617
2021-03-11,0.005818440154801531,4.016210494714716e-06,6.85250342314948e-06,0.0,9.808413771902807e-06,4.0149162469596665e-06,0.4102634411439292,0.6273748839526743,-0.04713104553654962,0.005793748110864805
2021-03-12,-2.663334906588044e-05,3.224640733834099e-06,6.243788254575377e-06,0.0,8.931057501856722e-06,1.8234269821487551e-06,0.4348898770444003,0.2579497604278659,-0.048385972573125005,-4.685626253829539e-05
2021-03-15,0.0004147328666624488,6.543588076618063e-07,1.974182601632845e-06,0.0,1.306520775278885e-06,1.4015458271116713e-06,0.14442064301844787,0.1871100510351078,-0.04834964791965295,0.0004093962586507636
2021-03-16,-0.00023817808982804363,2.571241647996884e-06,2.6105677629001404e-06,0.0,4.809462189583039e-06,3.5041491212719375e-07,0.26171218961123255,0.10927223806273113,0.05040253282536256,-0.0002485197763406509
2021-03-17,0.0003386290015104412,1.511316931564395e-06,1.423045669768963e-06,0.0,2.3555728401465694e-06,4.739877352127828e-07,0.09251705470666804,0.1301514306518291,0.0505214911360816,0.0003328650783337485
2021-03-18,-0.00034516916178580246,3.241460258770294e-06,4.003171495759421e-06,0.0,4.531313610221701e-06,1.1385511355726386e-06,0.19442629614729112,0.14179619366415633,-0.049480397112046964,-0.0003580836582861265
2021-03-19,0.0007493771161882271,3.341526301774474e-06,1.7364540791877455e-06,0.0,4.699139899100009e-06,1.2113753740237103e-06,0.19137069023848868,0.25413588622663574,0.050624823390652496,0.0007383886205341412
2021-03-22,0.00150676866931049,3.629739818715488e-06,3.6087750841787086e-06,0.0,6.000001037020863e-06,1.223436553082511e-06,0.256629208849781,0.2558456813570599,0.05030834043919803,0.0014923067168174924
2021-03-23,-0.0012455153944667138,6.724375410952557e-06,8.988579368729544e-06,0.0,1.2532417356022698e-05,2.6257728079168937e-06,0.5155477334529472,0.3916995330746434,-0.04943029865539472,-0.0012763865394103356
2021-03-24,-0.00035743552564837197,1.546713890369686e-06,1.184781240974837e-06,0.0,1.9521181297179133e-06,2.621119080998335e-06,0.14637767681330544,0.464445682821329,0.024097677213608698,-0.00036474025799043274
2021-03-25,0.0025395100722648465,2.4862052909072997e-06,3.1204503892789334e-06,0.0,5.2728525382762254e-06,1.1526032870880376e-06,0.24680680107885727,0.2445093663967879,0.050872014165997605,0.002527477960759296
2021-03-26,-0.0007403766428366407,7.152448785251723e-06,1.248686069416788e-05,0.0,1.810687155301021e-05,5.177896845809086e-06,0.7827296761515132,0.8210116529936148,-0.04887501710231157,-0.0007833007207148796
2021-03-29,0.0013622406175963944,6.624461904316352e-06,1.1350836559163149e-05,0.0,1.4110283285991108e-05,1.0948632487278033e-06,0.8513628838681571,0.13393702578627098,-0.049999999999999996,0.001329060172598196
2021-03-30,0.00039450683971512863,5.23530439668967e-07,6.806367297303835e-07,0.0,8.128305845428825e-07,8.43992455063062e-07,0.04871832787067819,0.09172630642642066,-0.050064426024173755,0.00039164584950612336
2021-03-31,-0.00030374271014920796,4.069621921939195e-07,4.6217451188996176e-07,0.0,4.758870163770476e-07,5.1755366841339655e-08,0.08012095233676088,0.015494806883455382,0.00679990525411032,-0.00030513948923651025
2021-04-01,6.666615950247392e-05,7.722817725176895e-07,1.6093081318054072e-06,0.0,9.739241765542343e-07,7.016534808236481e-07,0.06554003379920995,0.06794194604017675,-0.049935838738196126,6.260899194077294e-05
2021-04-05,-0.0010201951765215073,1.2629883507481038e-06,1.2082569013356211e-06,0.0,1.256813974368782e-06,8.859542595759023e-07,0.0899877071386827,0.09884031560875159,-0.04999999999999999,-0.0010248091900075358
2021-04-06,-7.832889267072683e-05,3.948451107913918e-08,5.7977098937015846e-08,0.0,1.6851087745692054e-08,8.791366663622162e-07,0.003812904973139847,0.0976025320727488,-0.050092427876103504,-7.932234203485089e-05
2021-04-07,2.704672821308526e-05,9.536064718049266e-07,8.603706104751762e-07,0.0,9.542542905208278e-07,4.890055309044633e-07,0.062151580634860724,0.041076464595974915,-0.041076464595974915,2.3789491309379867e-05
2021-04-08,-0.00019892316459265758,1.4477639368870226e-07,1.0731600817747569e-07,0.0,1.2928193448703717e-07,0.0,0.04127538776056757,0.0,0.0,-0.0001993045389290108
2021-04-09,0.0,0.0,0.0,0.0,0.0,0.0,0.0,0.0,0.0,0.0
2021-04-12,0.0,0.0,0.0,0.0,0.0,0.0,0.0,0.0,0.0,0.0
2021-04-13,0.0,0.0,0.0,0.0,0.0,0.0,0.0,0.0,0.0,0.0
2021-04-14,0.0,0.0,0.0,0.0,0.0,0.0,0.0,0.0,0.0,0.0
2021-04-15,0.0,0.0,0.0,0.0,0.0,0.0,0.0,0.0,0.0,0.0
2021-04-16,0.0,0.0,0.0,0.0,0.0,0.0,0.0,0.0,0.0,0.0
2021-04-19,0.0,0.0,0.0,0.0,0.0,0.0,0.0,0.0,0.0,0.0
2021-04-20,0.0,0.0,0.0,0.0,0.0,0.0,0.0,0.0,0.0,0.0
2021-04-21,0.0,0.0,0.0,0.0,0.0,0.0,0.0,0.0,0.0,0.0
2021-04-22,0.0,6.469166018360527e-07,1.149533006782918e-06,0.0,1.3856046643067444e-06,4.3657944776579673e-07,0.12334534722465386,0.12334534722465386,0.05,-3.618633720691512e-06
2021-04-23,0.0018064168539012697,1.2780583843094808e-06,4.080667210249404e-06,0.0,4.463677666268211e-06,1.06081542252247e-06,0.3088827703330405,0.22826921547627155,0.05005222449249662,0.0017955336352179201
2021-04-26,0.00104078450748316,2.792712339967511e-07,5.60000880074289e-07,0.0,3.951773249415744e-07,8.822308589845936e-07,0.036875036692538096,0.19665278095288297,0.04843799664347126,0.0010386678271851629
2021-04-27,-0.00013464836541373523,9.390625414634933e-07,2.9941664738506264e-06,0.0,2.2035145753557744e-06,1.6860718656435447e-06,0.13869352748840186,0.23268786977881348,-0.05057220364930201,-0.00014247118087004867
2021-04-28,0.0003966170179728285,5.792390867944259e-07,2.5473682824572117e-06,0.0,1.8144486925513517e-06,0.0,0.23298051851307555,0.0,0.0,0.0003916759619110255
2021-04-29,0.0,0.0,0.0,0.0,0.0,0.0,0.0,0.0,0.0,0.0
2021-04-30,0.0,3.5874595753068965e-07,1.2474443271481055e-06,0.0,1.5377461280082371e-06,5.952380952380951e-07,0.04999999999999999,0.04999999999999999,-0.04999999999999999,-3.7391745079251274e-06
2021-05-03,0.0003273483689300207,1.2282999495757034e-06,2.59148894240782e-07,0.0,2.5543272542256164e-06,9.250277169789132e-08,0.09967265163106998,0.06554046564524577,0.05000000000000002,0.0003232140900602807
2021-05-04,9.417911444743522e-05,3.250647349420388e-06,7.4608182950595445e-06,0.0,1.0377850616225101e-05,3.104007005890598e-06,0.44414833351649,0.47147317698962043,-0.04999999999999993,6.99857911808396e-05
2021-05-05,-0.000630564439386122,3.502618808667145e-06,4.348385446146061e-06,0.0,8.389029880627566e-06,3.3887865721986454e-06,0.2957499701486437,0.5193786252565415,-0.049937518872830766,-0.0006501932600937614
2021-05-06,-0.002251717952036877,5.904389047541071e-06,7.834072435698339e-06,0.0,1.6396633188056813e-05,4.826817372248108e-06,0.5353673118991377,0.7604898825560445,-0.05041543598163767,-0.0022866798640804216
2021-05-07,-0.00308650898185164,6.142073024990223e-06,1.0264673674931173e-05,0.0,1.3098649316659594e-05,8.142354653089847e-07,0.7786578157580175,0.08674483353522792,-0.05004672463668153,-0.0031168286133335297
2021-05-10,0.00012172446338185153,4.111503500643524e-06,5.513609800042908e-06,0.0,1.3840495601862348e-05,2.948750827749401e-06,0.4981139114142944,0.5455063465255772,0.05011620746367779,9.531010365155334e-05
2021-05-11,0.0014694107295971576,6.2028870587958575e-06,1.1776142090179082e-05,0.0,1.4081649184831364e-05,2.3227991156200886e-06,0.7496791841155428,0.36417043074287303,-0.02605982068130172,0.0014350272521477313
2021-05-12,-0.00118846803449569,2.746243963020222e-06,2.1943108861583056e-06,0.0,5.574254759269324e-06,1.3236045390668336e-06,0.22281308855617976,0.27359572192418735,0.05123015936095926,-0.0012003064486432046
2021-05-13,-9.856820015145012e-06,2.2137539832734116e-06,3.2306667654118163e-06,0.0,3.2719306943496956e-06,7.199667912159968e-07,0.2357369402589925,0.17124005108912776,0.05028563016484028,-1.9293138249395933e-05
2021-05-14,0.0024314308056860496,7.426011872482527e-07,2.1819877457367043e-06,0.0,3.5485509609790237e-06,9.228395899498253e-08,0.16191779735503004,0.06662829079193315,0.05112458568077608,0.0024248653818330908
2021-05-17,0.0005970959424775291,1.076918548475211e-06,1.911257271029626e-06,0.0,4.267583407556596e-06,1.2686337688434285e-07,0.12999056174005766,0.0713130473165696,0.05,0.0005897133198735834
2021-05-18,-0.00013386774208796622,2.0460877278433223e-07,6.232794937681725e-07,0.0,9.89956404474776e-07,0.0,0.04685567955147153,0.04999999999999999,0.04999999999999999,-0.0001356855867589935
2021-05-19,-0.00044026665105639936,6.632427947304929e-07,2.471451244911048e-06,0.0,2.211591482092358e-06,5.952380952380949e-07,0.09955973334894355,0.049999999999999975,-0.049999999999999975,-0.00044620817467337133
2021-05-20,-0.0006187967184041252,8.003586592567513e-07,4.4243388392059906e-07,0.0,2.282437413718806e-06,2.1945881436208164e-07,0.11402573519579673,0.08686908081282972,0.05,-0.0006225414071753834
2021-05-21,0.00013338944903333664,1.3532709265458417e-07,4.7645418480392944e-07,0.0,3.645581898219723e-07,2.90276276469e-07,0.03541462963964852,0.0987829767841811,0.050016562337389096,0.00013212283328958716
2021-05-24,0.00030790946083193753,1.6003219016262524e-06,4.91642402230847e-06,0.0,2.9703195696221198e-06,1.7757782082841327e-06,0.2904976542328036,0.24848408434329616,-0.04984665464843813,0.00029664661713009656
2021-05-25,-0.000523832884263903,1.3301739635340218e-06,2.5128552145659388e-06,0.0,1.929292218150421e-06,4.769854513434081e-07,0.22406080929236633,0.08367517547143455,0.0035416196457419835,-0.0005300821911114968
2021-05-26,2.7224970945297276e-05,2.6990827992637105e-07,1.967563987404212e-06,0.0,4.80577470439948e-07,1.4144478842354373e-06,0.1068354484388685,0.1878577106667129,-0.04976953388484057,2.309247332329131e-05
2021-05-27,-0.0007140095124362031,5.427817366350827e-07,9.928371340776243e-07,0.0,9.133346795391888e-07,5.120147559186036e-07,0.10617521112632863,0.08109939536440477,-0.004919083629920613,-0.0007169704807423736
2021-05-28,0.0001985112612084855,3.1045885358052855e-07,8.608589325912368e-07,0.0,3.042068306467899e-07,6.883610183260638e-07,0.03384416323409409,0.0770799154759725,-0.038564735602806224,0.00019634737557334088
2021-06-01,-0.00030235794006942476,1.9445031454715687e-07,6.07386113250141e-07,0.0,2.9682031449320225e-07,0.0,0.0766770766349121,0.0,0.0,-0.00030345659681171524
2021-06-02,0.0,3.7033864023271465e-08,1.5558598046809466e-07,0.0,6.599535242183032e-08,6.489183746682483e-08,0.015012092389712016,0.015012092389712016,0.004110263695285445,-3.235070343800213e-07
2021-06-03,-8.790551683519119e-05,3.4687671483681964e-10,4.009034569260839e-09,0.0,0.0,6.551684914481014e-08,0.00016915876594911054,0.014860030068829248,0.0038531994125011433,-8.79753895956201e-05
2021-06-04,6.19950302717799e-05,1.1394889201175712e-06,2.5168474740516466e-07,0.0,1.718230026783718e-06,1.1258884336481236e-07,0.053869523280953145,0.06883879926290987,0.04992387357762139,5.8773037734108625e-05
2021-06-07,-0.0002631777297418414,3.462898866120792e-07,7.999911736592879e-07,0.0,2.1625482428981293e-07,3.079495262817869e-07,0.03084409542231007,0.07055212084090967,0.018816600425569475,-0.0002648482151526844
2021-06-08,-0.0004088078747031235,1.380443123807298e-06,2.5971633856355254e-06,0.0,1.2496852853623736e-06,1.0271011744082882e-06,0.1438283910224348,0.13181672848590584,-0.040736268814686616,-0.000415062267672337
2021-06-09,0.0003633014900231004,8.223329379308938e-07,8.771205258786719e-07,0.0,5.076969612564725e-07,3.220163299865426e-07,0.09260958646029796,0.057738813354123515,0.0036400699163843565,0.00036077232326804784
2021-06-10,-0.0007202587010445684,8.829755781933141e-07,1.5796123568381357e-06,0.0,1.9705360006592684e-06,3.0607437774280987e-07,0.10670331196089457,0.05298670480921365,0.0015662093484215892,-0.0007249978993580019
2021-06-11,0.00014236723205802122,2.1616934069874146e-07,7.947953389042387e-07,0.0,4.7673956730244766e-07,5.686244613554383e-07,0.03414931177660154,0.06665053687690835,-0.028878372630805296,0.00014031090334976035
2021-06-14,9.163512999588687e-05,1.0158323996836015e-06,3.0148639831231904e-06,0.0,3.41674272527075e-06,1.6145940391355687e-06,0.2024938141182109,0.2212517985747755,-0.05000000000000003,8.257309684867376e-05
2021-06-15,-0.0006230042262735175,6.391999867891979e-07,5.9659420401616e-07,0.0,1.2336023207468494e-06,1.3312931439312014e-06,0.07647985982997561,0.21191335760968952,-0.011743890570752313,-0.000626804915929001
2021-06-16,-0.0008712576713988988,1.4559084238988183e-06,1.2031471897968824e-06,0.0,2.0930035535544887e-06,7.223098682767715e-07,0.13794333923404856,0.17144808122826716,0.05010002335776956,-0.0008767320404344257
2021-06-17,-0.0018931669234492233,1.7277127951347078e-06,2.1679895034407557e-06,0.0,2.183394853591889e-06,7.12661426574489e-07,0.16244731704369214,0.16927100120014477,0.049543881535630635,-0.0018999586820279651
2021-06-18,-0.0016503764067075123,4.309216253974456e-06,5.311580506139811e-06,0.0,7.722004918817534e-06,1.7195184264971469e-06,0.3851508956706101,0.33893692581136603,0.05005783015984533,-0.0016694387268129413
2021-06-21,0.0017058102754363609,5.2937127044660775e-06,9.719387732843583e-06,0.0,1.2760186857876919e-05,4.269731869421024e-06,0.5839834938053896,0.6694449809787546,-0.047869973083977474,0.0016737672562717532
2021-06-22,3.3030472089973166e-05,4.594166517744641e-06,6.688848181188873e-06,0.0,9.94571641468107e-06,3.551947718473426e-06,0.49545332196161823,0.5481423994511831,-0.04858481725235248,8.249793257885159e-06
2021-06-23,-0.0007821637630605681,6.342619922920346e-06,8.802350028269119e-06,0.0,1.790800475639494e-05,1.4163473553403447e-06,0.6192639465976455,0.1929424452945252,-0.04500391040265268,-0.0008166330851234929
2021-06-24,-0.00017786606518394916,7.483276195703796e-07,1.6669823152111668e-06,0.0,1.171209044042345e-06,3.1416108158434644e-07,0.15458364875300212,0.04973578201142071,-0.00304327969474949,-0.0001817667452443574
2021-06-25,0.00018111937873151751,4.105280616620709e-07,8.454776620674212e-07,0.0,9.414717929736935e-07,3.7028314850598343e-07,0.05532528861518248,0.05443206931870794,-0.007775499630297278,0.00017855161806630836
2021-06-28,0.0001278190639959699,6.19633762431719e-07,9.046247513933432e-07,0.0,1.1956231331136606e-06,2.9723196806597864e-07,0.08846153803640514,0.0738949944541798,0.023960023819095393,0.00012480195038096518
2021-06-29,-0.00023757249434824845,8.10189850736214e-07,2.0248702279561693e-06,0.0,3.4022329485128622e-06,7.402483515162248e-07,0.16846306036048275,0.17438168009331007,0.050019957038584285,-0.0002445500357269699
2021-06-30,0.00033502512982614986,6.292287405236427e-07,1.3781400289267647e-06,0.0,2.08000268505683e-06,3.201497560378576e-07,0.10401722620269857,0.10361919689180396,0.049834037877443886,0.00033061760861560475
2021-07-01,0.00040651633653432097,2.4579912539752473e-07,4.003031342326596e-07,0.0,6.66322744883531e-07,1.84661433540372e-07,0.029777676678090843,0.08120617189812832,0.05018305106334581,0.0004050192500962669
2021-07-02,0.00011946188147616814,5.929689089176135e-07,2.2233078008347123e-06,0.0,7.611021050228704e-07,3.460434324409676e-07,0.1005883489303493,0.029067648325041273,-0.029067648325041273,0.00011553845922895198
2021-07-06,0.00015425548338717087,4.741573669568725e-07,5.043651642524524e-07,0.0,7.618498489234927e-07,5.137243528806638e-07,0.031800470844035617,0.05443613382671647,-0.03186955745723507,0.0001520013866541574
2021-07-07,0.00021668092427087145,1.2045372983028874e-06,1.9819446389841616e-06,0.0,3.657322186011769e-06,9.024090463245386e-07,0.2107666989094265,0.2018703008128314,0.05026558103030889,0.0002089347111012481
2021-07-08,-0.00037227995889626826,3.188937198361565e-06,6.777127260131956e-06,0.0,5.182526057910777e-06,2.9854300533501595e-06,0.39738832040742045,0.4515522489628268,-0.05000000000000002,-0.0003904139794660227
2021-07-09,0.00034168753901985417,1.2492903030329887e-06,2.9898266164692505e-06,0.0,3.884082432900207e-06,4.0001380243955965e-06,0.21828077751558478,0.6208901025297959,-0.051133085568664305,0.0003295642016430561
2021-07-12,0.0006857136509578597,1.7411116437760803e-06,3.0405674336361803e-06,0.0,4.15547802134793e-06,3.443580268805831e-06,0.2193710539274814,0.5283558781719254,-0.05016560698745415,0.0006733329135902937
2021-07-13,-0.0001300782690194755,4.068652344149786e-06,9.198520809915623e-06,0.0,9.537406856440227e-06,1.6779672937133232e-06,0.6999788522377863,0.23764540868313916,-0.044253096660699154,-0.00015456081632369447
2021-07-14,-0.0006197902806392766,1.0348440938963832e-06,2.2550800098201003e-06,0.0,2.32211109921565e-06,4.5071978710284634e-07,0.19824295319004753,0.07580661939273364,8.569515945548722e-05,-0.0006258530356293116
2021-07-15,-7.539714370059268e-05,1.187077674607823e-06,3.672350650716779e-06,0.0,1.4866291951113037e-06,1.3321020507635944e-06,0.3088186184004889,0.27371465100812215,0.0499215064798383,-8.307530327179219e-05
2021-07-16,0.00032671001025923413,1.2141435552143305e-06,1.993915275803657e-06,0.0,1.5541842688822517e-06,1.5441383691333443e-06,0.1378340076471123,0.30963927063981334,0.05022402462541145,0.00032040362879020055
2021-07-19,0.00041666918185755136,2.743203828177359e-06,6.5761967856721904e-06,0.0,4.722227483250385e-06,4.128271544498443e-06,0.4701796524420757,0.7440367811880642,0.050487161712325535,0.000398499282215953
2021-07-20,0.0009024135341516959,2.627059870951496e-06,5.33640342745579e-06,0.0,3.374472200648668e-06,2.4134504840843774e-06,0.40173240546177946,0.45400889139675504,0.04854921007057972,0.0008886621481685556
2021-07-21,0.0017842677090348766,3.3776710583127357e-06,6.120603420594131e-06,0.0,4.280035789622447e-06,9.41771610279919e-07,0.42359965144811895,0.16808572165860766,0.009868091131581241,0.0017695476271560673
2021-07-22,-0.0008497969020475099,1.9312443870787326e-06,3.6396177556066793e-06,0.0,1.6993674598487916e-06,9.289046965091658e-07,0.20977685119685507,0.10595630531752252,-0.05009968369601733,-0.0008579960363465533
2021-07-23,-0.0007157379177208601,3.6712699834548943e-07,1.2122855962963276e-06,0.0,6.57795721768772e-07,1.2480240920862143e-06,0.09310964030612205,0.15988769181040505,-0.04978035566007894,-0.0007192231501293568
2021-07-26,-0.0001358213544194773,4.626736754730003e-07,1.6059912014484164e-06,0.0,6.067377754648686e-07,3.219791535492577e-08,0.15742940568432678,0.0027046248898137644,-0.0027046248898137644,-0.00013852895498721852
2021-07-27,2.284491538291921e-05,3.222357928225691e-07,1.1022112719937904e-06,0.0,5.939508092236113e-07,5.465411983936548e-07,0.044879349777120436,0.045909460665067,-0.045909460665067,2.0279976310485585e-05
2021-07-28,0.00029986298296256456,1.1568549749249786e-06,2.4894325332282506e-07,0.0,1.6173170569467457e-06,3.209628290618481e-07,0.09574740512416346,0.10405956272444951,0.050137807442059035,0.00029651890484830816
2021-07-29,-0.0006134148163023849,4.5141721900004074e-07,6.352185305935292e-07,0.0,5.022987395110038e-07,3.220613226168235e-07,0.045169755572028,0.1043475636952972,0.05024126149567085,-0.0006153258121141063
2021-07-30,0.0001684219695983557,8.240961344425254e-07,2.349652976977708e-06,0.0,9.41025587334154e-07,8.9493213220621e-07,0.11286560316940869,0.12879034757833172,-0.02155825063231158,0.00016341226276739512
2021-08-02,-0.00023831338502371225,1.617022270724997e-06,2.1609579248488236e-06,0.0,1.8142283145557588e-06,3.1121498403935005e-07,0.19614581088613564,0.08698026285581273,0.03469614553720192,-0.0002442168085178812
2021-08-03,0.00034826100069743104,9.89577134155974e-07,1.7852259912349193e-06,0.0,1.221571936136199e-06,7.571365890430598e-07,0.13694290746431137,0.17719894695923405,0.05000000000000001,0.0003435074890468609
2021-08-04,-0.00025446399199042407,6.769481889922822e-07,1.5084801924816504e-06,0.0,6.778347548070648e-07,3.063582669398222e-07,0.11270386225223358,0.10192036965545048,0.05045218080956037,-0.0002576336133936449
2021-08-05,0.0007909568172358338,7.445412204786257e-07,2.8486107999307313e-06,0.0,1.0990805568724896e-06,7.408408012233435e-07,0.12939955520985144,0.07478505225074301,-0.04967620235477871,0.0007855237438573286
2021-08-06,6.147154950162443e-05,1.4894776393776272e-06,1.8679661021243421e-06,0.0,1.6840094715331605e-06,1.0992133847278589e-06,0.12259608164854965,0.13499448662125207,-0.04967336201302819,5.533088290386144e-05
2021-08-09,6.660392179835257e-05,1.7195995365929904e-06,2.246324578087974e-06,0.0,1.562248766609753e-06,6.550171335296349e-07,0.16911850508832776,0.06010445250224333,-0.049938425930735324,6.042073178353222e-05
2021-08-10,-7.999719806627681e-05,4.376683790830903e-07,2.8675346990378133e-07,0.0,3.4970041426148996e-07,7.092764068333723e-08,0.1012719119821828,0.061739122880855514,0.049823279246054855,-8.114224797020851e-05
2021-08-11,0.00030534451409508495,5.496020704030873e-07,1.619149232802117e-06,0.0,5.478374804110944e-07,4.907120774645616e-07,0.06830597758878298,0.07094009200137236,-0.011499537012673994,0.0003021372132340041
2021-08-12,-5.0610901359743624e-05,1.1233978833043965e-06,1.951910123225796e-06,0.0,1.0311900394009762e-06,1.154572121689818e-06,0.11059494214301199,0.1477472677307464,-0.046220848713143005,-5.5871971527364614e-05
2021-08-13,0.00022878754641572957,4.842095165239022e-07,6.981095772099718e-07,0.0,4.462075136282968e-07,6.246658720038069e-07,0.07539698845951139,0.0893099350308115,-0.015633931465827998,0.00022653435393636359
2021-08-16,0.0003535466944494054,6.923344243216824e-07,1.4966208968581155e-06,0.0,1.2564888111130513e-06,8.767376745428982e-07,0.12420259869092497,0.14996404623854193,0.002672116915335053,0.00034922451264256965
2021-08-17,-0.0002895687340641504,1.2088105016631087e-06,2.560450694139488e-06,0.0,1.958380746649573e-06,1.1811034569114312e-06,0.13832465691602044,0.14843781238975826,-0.04998756837136217,-0.00029647747946351404
2021-08-18,0.0006804369039144716,8.281978401265952e-07,2.59399926174928e-07,0.0,1.354892184906636e-06,5.99970364950453e-07,0.09976920237497233,0.15125709221920072,0.05046207090752461,0.0006773944435983129
2021-08-19,-0.0005797728264136293,4.0113595050418104e-07,8.06390691625582e-07,0.0,7.770481341279096e-07,8.19892469665571e-07,0.0565885243384623,0.18773067469511726,0.04998873979130127,-0.0005825772936595525
2021-08-20,0.0007557726676945034,1.4982116549605121e-06,1.4533576984901485e-06,0.0,1.6357435457072835e-06,7.52897566594531e-07,0.09820846383814859,0.17675996109904807,0.050273169911166864,0.0007504324572287508
2021-08-23,0.0008864762651019665,1.4970721266783674e-06,4.23479715407505e-06,0.0,2.3039982401486342e-06,9.365686978295873e-07,0.24281288940156825,0.1145388969072666,-0.04280464432810406,0.0008775038288832349
2021-08-24,-4.419871195037716e-05,3.923342219508962e-07,1.3262406961742458e-06,0.0,5.13136643438535e-07,1.3883583607839843e-06,0.09499802090889166,0.18352699667056438,-0.049717207941144946,-4.781878187272482e-05
2021-08-25,0.00015483328062856238,2.1003399946199668e-06,2.3655729783459014e-06,0.0,1.903147726909354e-06,1.8017219653327946e-06,0.18984645564513164,0.28099741028352654,-0.0216918798923829,0.00014666249796335437
2021-08-26,0.0006641241846559464,8.445201757338219e-07,7.287836475694699e-07,0.0,6.082566619274846e-07,1.7266834744299536e-06,0.08789697726065514,0.3121923861439285,0.022109562439696334,0.0006602159406962858
2021-08-27,-0.0010408173855418336,1.0074794061635654e-06,2.9744230302745265e-06,0.0,1.149081553394396e-06,2.6838249911611164e-06,0.16939914575365894,0.4076656708691495,-0.043216927645917974,-0.0010486321945228272
2021-08-30,0.0005044711495310333,1.7642029594064753e-06,3.1421011638023253e-06,0.0,1.395878876100336e-06,5.689932939477263e-07,0.3034254223708078,0.14576044123018206,0.050169567846964025,0.0004975999732377764
2021-08-31,-0.00026301579174482147,1.6049118092192477e-06,2.8684225122174053e-06,0.0,1.1629920828713642e-06,1.0520478054042411e-06,0.13105325718230446,0.14670998937468863,-0.030034041933223857,-0.0002697041659545337
2021-09-01,-0.00012498968027912144,6.65306923576518e-07,1.7357409305707407e-06,0.0,7.874476316528698e-07,1.3806238421695338e-07,0.1439381825940071,0.015968451408455424,-0.007226029139992745,-0.00012831623814913852
2021-09-02,-0.00014872607893695798,3.788714956890583e-07,1.3407084847451575e-06,0.0,1.8706748166322144e-07,6.927290260326791e-07,0.06844184283320522,0.07109965299675294,-0.04527882337673713,-0.00015132545542508808
2021-09-03,5.035583024907712e-05,3.837313397538291e-07,5.776343504016783e-07,0.0,5.625031304556164e-07,8.732713002862245e-07,0.04818683512085594,0.10770414108021667,-0.03900543736786906,4.795869012817977e-05
2021-09-07,-5.430855838481888e-05,4.054068141429904e-07,4.668561995511108e-07,0.0,7.335068101997078e-07,6.721279772699945e-07,0.07847492499865055,0.12973382744377615,0.016816327262417066,-5.658645618598268e-05
2021-09-08,0.0005981049767727401,6.958869115395415e-07,1.495548942888491e-06,0.0,8.180292435960844e-07,5.360939759686325e-07,0.1053140646186444,0.10340880064190894,0.013345012679178696,0.0005945594176987474
2021-09-09,0.00032526275999425995,7.41876685589766e-07,7.441677019771938e-07,0.0,7.990515063525186e-07,3.3609530237511484e-07,0.08441003985804921,0.10642622465049725,0.04996221385147798,0.00032264156879796536
2021-09-10,5.541414829358881e-05,7.617920227941012e-07,1.210902536070916e-06,0.0,9.266353037582521e-07,7.231854846752849e-08,0.0881577343190871,0.06215417180470003,0.050004655662155235,5.244249988249801e-05
2021-09-13,0.00038122068621136604,9.471922242608672e-07,2.63106554616092e-06,0.0,1.2727847473688917e-06,1.0439672246220767e-06,0.10876975346440464,0.12837883935045258,-0.04700765438605632,0.00037532567646895326
2021-09-14,-0.00031328494719980865,9.044581467259998e-07,1.4637376003091144e-06,0.0,8.644659385307795e-07,1.2240569302064299e-06,0.09724852797454824,0.1554906294044558,-0.050150934870224484,-0.00031774166581558097
2021-09-15,-0.00041933705519348687,2.1634982234302717e-06,3.5847939176322506e-06,0.0,2.6380831496318776e-06,1.5899486978928468e-06,0.29910067513947425,0.25403120235669197,-0.013080178889306251,-0.0004293133791820741
2021-09-16,-0.0006737439834059093,1.6787398147949725e-06,1.1228175653860384e-06,0.0,1.9384102192704642e-06,1.1728753887050108e-06,0.13095558842523589,0.24654084779764202,0.04949778249520016,-0.0006796568263940658
2021-09-17,-0.0018707458365306486,1.4241771539158972e-06,2.8813808068882522e-06,0.0,2.0027540122475273e-06,1.8502076242078826e-06,0.16557752719072713,0.3060449294181413,-0.004789951448783053,-0.0018789043561279082
2021-09-20,0.00034955596175968885,3.4861711796441435e-06,6.989219179037108e-06,0.0,3.999710111921912e-06,1.8970057640102186e-06,0.5184677160441022,0.352829057153874,0.03413208880015725,0.00033318385552507545
2021-09-21,-0.0006325398798259881,3.817947085487778e-06,5.835352615803344e-06,0.0,4.540262380625221e-06,2.393236025433029e-06,0.4565051588429751,0.45209868112054863,0.05003502884779977,-0.0006491266779333375
2021-09-22,0.00017546408879614504,2.5914968978724534e-06,3.826452965095471e-06,0.0,4.1829628620363925e-06,1.3756385855386474e-06,0.2760412626220351,0.28135483184209525,0.05024754947160244,0.00016348753748560206
2021-09-23,0.0016656604461214768,2.406568198748899e-06,3.2084624656510104e-06,0.0,3.476676390063616e-06,1.2112943303889636e-06,0.14980197788953858,0.1772481099087293,-0.026249337596616587,0.0016553574447366244
2021-09-24,-0.00016881056723160677,1.5637972927105733e-06,2.06829144385363e-06,0.0,2.167996558808184e-06,1.2950692215869713e-06,0.12623846786340098,0.17360089564760334,-0.04397073357900782,-0.00017590572174856612
2021-09-27,-0.00024244263517866622,9.149689832924701e-07,2.2618412203170996e-06,0.0,1.6294585314792538e-06,1.9205718669279903e-06,0.1841995489938721,0.2970766781377968,-0.025579395506105634,-0.000249169475780683
2021-09-28,0.000937664646597375,1.3934337289765873e-06,1.9901485797984407e-06,0.0,2.8337684302015925e-06,1.8018451502058508e-06,0.20479294829904363,0.35270998523458286,0.049999999999999906,0.0009296454507081925
2021-09-29,0.0008495748542878591,7.653008509359057e-07,1.8108117175075325e-06,0.0,1.5443368030910327e-06,1.5319524432306785e-06,0.13099272880344515,0.3079629051452436,0.05059489468248954,0.0008439224524730939
2021-09-30,3.5699934323707844e-05,2.5196008608823256e-06,5.172927918693769e-06,0.0,3.878215375702841e-06,2.947883048220965e-06,0.38366934620156234,0.5452038609329193,0.04995950883179717,2.1181307120207944e-05
2021-10-01,5.518700770134286e-05,1.3145426618074445e-06,2.4122795402342674e-06,0.0,2.356618616651227e-06,2.7078746919573252e-06,0.17592785481950435,0.5053748626446165,0.050451914395785946,4.6395692190692594e-05
2021-10-04,-0.0009973866209578716,2.3274154622355373e-06,6.670679058573476e-06,0.0,3.749275354398e-06,1.1439346322109934e-07,0.48517626873642505,0.06921810182114468,0.049999999999999996,-0.0010102483842962997
2021-10-05,0.00030501531948653717,1.5212120427320035e-06,4.411468393168872e-06,0.0,2.1654208419103056e-06,1.7301944700893652e-06,0.332321970159298,0.34070223938790223,0.05002956841288886,0.00029518702373863663
2021-10-06,-0.0002261764324957365,1.265751694679868e-06,2.7223471934700895e-06,0.0,1.4387221690286908e-06,2.2674224838245358e-06,0.10882789318936407,0.3323817404041797,-0.048545236878342224,-0.00023387067603673967
2021-10-07,-0.0005672087816091082,1.0147417946601978e-06,2.128033214735789e-06,0.0,1.2934142837916616e-06,1.5525373297350452e-06,0.15880337672067557,0.21142253680318893,-0.04940373459229862,-0.0005731975082320309
2021-10-08,-0.0003994388776254962,1.9025207357458567e-06,2.3957420244803682e-06,0.0,2.6945921755485886e-06,1.9367645558489626e-07,0.2519551157378316,0.0825490221605409,0.05001137762227832,-0.0004066254090168559
2021-10-11,-0.0006325463259151135,7.542887401115578e-07,1.173117106335779e-06,0.0,1.2405545003836216e-06,1.2995715142175885e-07,0.08485252933690238,0.07221968633254205,0.050386884893686555,-0.0006358442434133662
2021-10-12,5.948297506357858e-06,7.036507188519414e-07,1.8044591208470535e-06,0.0,8.168412564488104e-07,7.339620323069741e-07,0.12924509308900442,0.17400608536021556,0.05070046393264389,1.889384377903079e-06
2021-10-13,0.00017190240415685635,1.233563594821897e-06,3.252749640460879e-06,0.0,1.8021474016076769e-06,1.619097656231582e-06,0.15391913984528022,0.22277766717168965,-0.04923073907521616,0.00016399484586373432
2021-10-14,-0.001217779808467454,2.178762256601769e-06,2.631782263713111e-06,0.0,2.0566134154252143e-06,1.4678641151129287e-06,0.17723815255676909,0.1968715490340816,-0.04972962230489046,-0.001226114830518307
2021-10-15,-0.00015063211352700148,1.9296606038252823e-06,3.871409369564147e-06,0.0,2.322830252736637e-06,1.454730959417065e-06,0.29317259892156755,0.1947070979769478,-0.0496877032051191,-0.0001602107447125446
2021-10-18,0.00048009839971732574,8.400143570185529e-07,1.278850064767982e-06,0.0,9.026930750435199e-07,1.5336392791010422e-06,0.09165384216379174,0.20749827221871264,-0.05015312667026242,0.00047554320294139463
2021-10-19,0.0002126541884287179,4.5740381170030044e-07,9.589825010847569e-07,0.0,6.720666537431431e-07,1.2842489510492384e-06,0.07005925375741892,0.16599441095898104,-0.04975941281729097,0.00020928148651114045
2021-10-20,-0.0001501983601085128,9.534186384181667e-07,1.9397206374600922e-06,0.0,1.8297244576593242e-06,9.248281559065985e-07,0.13937703455517225,0.10524631298191867,-0.05012481721038986,-0.00015584605199795698
2021-10-21,-0.00027113175509484947,4.927060235436554e-07,8.993276765385273e-07,0.0,7.321865219977433e-07,9.403751550647547e-07,0.06536499138225486,0.10797653463615635,-0.05000649141472246,-0.00027419635047199413
2021-10-22,-0.0002728865027976213,2.7429345367629004e-07,5.974048676946047e-07,0.0,2.0503671072906007e-07,7.727894549202081e-07,0.04298969779704679,0.07981098277142823,-0.05001764565516674,-0.0002747360272846415
2021-10-25,8.66048790203074e-05,1.7803134688857242e-07,2.8455403162890037e-07,0.0,2.2727099683165124e-07,7.431192047794366e-07,0.021254710870515142,0.07484205447015495,-0.050001971932790386,8.517190344017884e-05
2021-10-26,-0.00019750594439610797,8.665011624726763e-07,5.907341011699088e-07,0.0,2.075314425065846e-06,6.426690388173211e-07,0.12491954122832177,0.157739794844475,0.04977139632316508,-0.00020168116312363374
2021-10-27,-0.000181105336716752,3.2688690959902603e-06,4.114720716079189e-06,0.0,4.513224283320125e-06,1.8150688020671463e-06,0.30811155154915526,0.3548968384360009,0.04996527968872033,-0.00019481721961420872
2021-10-28,0.0006857054485832262,2.0587217223413993e-06,4.6121437506983735e-06,0.0,2.8878381210409403e-06,2.098040415454729e-07,0.3244385912716007,0.08570467159668696,0.05045759261704748,0.0006759369409476
2021-10-29,-0.0005667941335893177,1.6401717708415893e-06,2.4213663835489785e-06,0.0,1.062327998353408e-06,9.91226974629541e-07,0.13511563393471382,0.17272052198015847,0.006194390242395598,-0.0005729092267166912
2021-11-01,7.038224791701381e-05,1.331084031444918e-06,2.0942551812150976e-06,0.0,1.8439157910212064e-06,7.22017846403588e-07,0.13852929603617864,0.12297028512921834,0.001671286933415568,6.4390975066929e-05
2021-11-02,0.0007678414483927965,6.765051542134911e-07,5.869929187175975e-07,0.0,1.4740148431624975e-06,3.5605450316309407e-07,0.0805568059859981,0.11028524860862418,0.0504680920772244,0.0007647478809735399
2021-11-03,-0.001055662467609124,1.4376425227941443e-06,4.3621003723892915e-06,0.0,3.0986024694323894e-06,1.8083796888871708e-06,0.23862277669619772,0.25287247055292683,-0.05093531718011787,-0.001066369192662627
2021-11-04,0.00025663306602660165,9.456187237963183e-07,2.1272727181774376e-06,0.0,1.3036824450764177e-06,1.3064259719739303e-06,0.15089410033645134,0.16946356632288592,-0.05001599696873439,0.00025095006616757755
2021-11-05,-0.0003356957743966755,8.878445180219394e-07,1.3916026505413803e-06,0.0,1.0138723207755803e-06,1.147708539259618e-06,0.0970742331578222,0.14262776286981854,-0.05018727172579729,-0.000340136802425274
2021-11-08,0.00034681662574090897,1.1860732171887324e-06,2.025570247475244e-06,0.0,1.9177971990473747e-06,1.3298791976878236e-06,0.149003491496371,0.17348957716324334,-0.04993012804831102,0.00034035730587950977
2021-11-09,0.0005048633910957825,6.916085895607011e-07,1.4824604169627929e-06,0.0,1.0229789911905768e-06,9.386282394323255e-07,0.10912154477183446,0.10787371867525014,-0.049815825549380535,0.0005007277148586361
2021-11-10,0.0007521016218452135,1.3471015395348077e-06,2.8389486513999935e-06,0.0,2.1805120718266283e-06,8.896710848129878e-07,0.28870468499503643,0.19949616190052222,0.05003141965194023,0.0007448453884976391
2021-11-11,0.00027126809585623215,3.770044095527604e-07,8.063231231742298e-07,0.0,8.117585783010186e-07,9.176243359732192e-07,0.06002826921665193,0.20423615690075503,0.050075268457254185,0.0002683553854092309
2021-11-12,0.00020138783317032554,1.8617286755794737e-06,3.3946582402866326e-06,0.0,3.1386630384329224e-06,8.88097956591718e-07,0.24428694979899032,0.1991848907793391,0.04998443407193051,0.0001921046852594348
2021-11-15,0.0008601686647408758,1.9210338124396895e-06,4.963650475883157e-06,0.0,3.040719056495749e-06,1.2990407974475773e-06,0.28619180363216895,0.16832619897476886,-0.04991265499642409,0.0008489442205986096
2021-11-16,-0.00042920780443061237,1.8283565665740257e-06,8.528641706396681e-07,0.0,2.256488762004179e-06,1.0310571356597307e-06,0.13560584254328364,0.21495133250411583,0.04173373371328113,-0.00043517657106549
2021-11-17,0.0007673823258970423,1.2194458626409327e-06,1.930728078996955e-06,0.0,1.4509949380602427e-06,2.6070116731267813e-07,0.1408564453310498,0.0938053746510808,0.05000757854255087,0.0007625204558500315
2021-11-18,-0.0005682968493490063,1.384180223622033e-06,2.913478674937247e-06,0.0,1.9503321024678756e-06,1.0844881702135925e-06,0.13007206458412357,0.1322238378278579,-0.049970174768025635,-0.0005756293285202471
2021-11-19,0.000375869004711542,1.433696705847848e-06,1.921514587333545e-06,0.0,1.7488735818813432e-06,5.610498148948873e-07,0.15816524008772292,0.08346755629807301,-0.010788812604268075,0.0003702038700215844
2021-11-22,-0.00048600822273711506,6.177921196309416e-07,1.9023299491670205e-07,0.0,7.428044162987337e-07,2.663729393590667e-07,0.06318971304785484,0.09472426628082903,0.04997361246850583,-0.0004878254252073205
2021-11-23,-0.00047259167991284886,7.255291318385129e-07,1.484696763079129e-06,0.0,9.26019456534871e-07,5.329324203978289e-07,0.06930709860121662,0.09786916141004762,0.008336514783212344,-0.0004762608576846992
2021-11-24,0.0002286189311221696,9.272991013048501e-07,2.0672053447611813e-06,0.0,1.5577656071905161e-06,5.751700108366963e-07,0.1382340662525967,0.08336544117583561,-0.013263120644729367,0.00022349149105807634
2021-11-29,1.4454523818888388e-06,1.3726345747009353e-06,1.057724208644626e-06,0.0,2.2811257245118012e-06,5.629838986223293e-07,0.12374183097938582,0.14026570705580957,0.04568441208725827,-3.829016024590852e-06
2021-11-30,-0.0015108963249654047,1.9573173543351624e-06,2.37326025995805e-06,0.0,2.490482419411326e-06,3.167959260951155e-07,0.1720801566520218,0.1032217155839794,0.05000000000000002,-0.0015180341809252044
2021-12-01,-0.0005125044746439368,1.2965353857878121e-06,1.608910529357767e-06,0.0,1.4399124772340143e-06,4.7682271198529153e-07,0.1135000992399665,0.130106215613529,0.05,-0.0005173266557483017
2021-12-02,0.0017481095493313652,1.0110120068956474e-06,1.2893882467393685e-06,0.0,1.0372220655412616e-06,4.925663544408301e-07,0.09045967094011621,0.13286464779484106,0.050113500248781626,0.001744279360657748
2021-12-03,2.1719433159624704e-06,3.1340906402543984e-06,8.17605345404364e-06,0.0,5.139449270710117e-06,3.0503156282154163e-06,0.5228118954329675,0.4870611861896631,-0.025391839350526885,-1.7327965677261105e-05
2021-12-06,-0.0009716813411087138,3.0657027149075658e-06,5.1059351707089615e-06,0.0,5.8813157472040735e-06,1.690194174175391e-06,0.44027435452402836,0.333233564563858,0.049280943302392334,-0.0009874244889157098
2021-12-07,0.0020482823308293073,1.8677192472794768e-06,3.109195721184555e-06,0.0,3.4964746000004647e-06,1.7126959508792402e-06,0.2234024859302854,0.3384755622944956,0.050742642546783276,0.0020380962453099634
2021-12-08,8.206210231589245e-05,2.816582624782361e-06,5.686824316914532e-06,0.0,5.751574613556419e-06,9.345491603455749e-07,0.3268972131705269,0.10731876517298962,-0.04968549376506697,6.687257160029357e-05
2021-12-09,0.0007793506112062514,5.203779431539879e-07,1.3700989162286393e-06,0.0,1.8667883365157811e-06,1.3682391537218192e-06,0.14602717752280256,0.23335023111162323,0.003486053286357607,0.0007742251068566311
2021-12-10,0.0002200128039760874,8.127634967491117e-07,2.346501893567071e-06,0.0,2.1081477967917915e-06,2.2566169488050067e-08,0.2120141145094177,0.05383451950354014,0.050043403029547726,0.00021472282461949138
2021-12-13,-0.0004866633590374394,2.3235698231328207e-06,3.863924023719749e-06,0.0,3.5301053498078684e-06,1.257993203931534e-06,0.29346760516349535,0.26134123836917744,0.04999838010867977,-0.0004976389514380313
2021-12-14,0.00012140010460181366,2.0151749742527214e-06,3.8690206615598575e-06,0.0,3.051338679882629e-06,5.944493878025089e-07,0.27333281935157294,0.14987559660742286,0.05000809945660138,0.00011187012089831595
2021-12-15,0.00043724020494406246,1.8879240312724786e-06,3.6624645721756927e-06,0.0,2.858059395449115e-06,1.7036369363066442e-06,0.25302516847741724,0.3366155294214442,0.05040452412192803,0.0004271281200088585
2021-12-16,-0.0020038925405647273,1.1191669260449195e-06,2.004639394393873e-06,0.0,2.322797434841362e-06,1.182867652715969e-06,0.14438657659520965,0.24860569823780154,0.04988393258151876,-0.0020105220119727234
2021-12-17,-0.0005064656087635272,1.573253195896113e-06,4.764342902689542e-06,0.0,1.810512822866374e-06,1.311054179710759e-06,0.27960790555417075,0.1702729410213606,-0.04998416117004695,-0.00051592477186469
2021-12-20,-0.0006204387071294235,2.643416191735665e-06,4.641231976594408e-06,0.0,4.297131649950594e-06,1.5904686171808869e-06,0.41249708290402254,0.3170120285015935,0.049813300815204575,-0.0006336109555648851
2021-12-21,0.0009843095656699283,1.8262141265822504e-06,4.39969670075976e-06,0.0,5.021281638726661e-06,2.5358925130383134e-06,0.23435848143315818,0.3759101300189194,-0.05011981217151734,0.0009705264806908213
2021-12-22,-0.000991080771598063,1.8186678597536893e-06,4.579688451166863e-06,0.0,4.23012934930747e-06,6.724564650609161e-07,0.3458805489848317,0.06305404910445293,-0.04991863702578095,-0.001002381713723352
2021-12-23,-0.0005118744832772171,2.0303155405585898e-06,4.775256271862658e-06,0.0,3.3616084204885696e-06,2.354043886890321e-06,0.3631266804416929,0.3455305441765928,-0.049948828820981145,-0.0005243957073970172
2021-12-27,-0.0007509949225990833,1.0696602048696087e-06,2.5216677872212934e-06,0.0,1.5011219564333604e-06,1.440723725559304e-06,0.1828762012970803,0.19301451622211213,-0.04902706967185099,-0.0007575280962731669
2021-12-28,0.00018018199664755983,5.749915350055193e-07,7.243644274711424e-07,0.0,1.2356044452291256e-06,9.583600503588622e-07,0.07829518558180637,0.1478814458472803,-0.013123042613008493,0.00017668867618949517
2021-12-29,0.00038802275544093525,5.532876432437251e-07,1.3700185131383827e-06,0.0,8.918074858868686e-07,2.1541191986010532e-08,0.14983455959216593,0.05277373906626527,0.049154818812615506,0.00038518610060668025
2021-12-30,8.765260282138957e-05,1.8549485537620612e-07,1.2301581937534624e-06,0.0,6.052869271488954e-07,0.0,0.052866718329205364,0.0,0.0,8.563166284511101e-05
2021-12-31,0.0,0.0,0.0,0.0,0.0,0.0,0.0,0.0,0.0,0.0
2022-01-03,0.0,1.0036321716267077e-07,1.1394187887438356e-06,0.0,7.299998455158763e-08,5.72124001724361e-07,0.04805841614484632,0.04805841614484632,-0.04805841614484632,-1.8849059921824548e-06
2022-01-04,7.231408806358054e-05,1.3656955942331125e-07,9.409173460889519e-08,0.0,1.6427072479771544e-07,3.221001209258229e-07,0.03618912869572891,0.04231584695448442,-0.011796973361053828,7.15970559238248e-05
2022-01-05,0.0005892427712894206,1.2642967733106415e-06,3.389760301564355e-06,0.0,3.4372065189018716e-06,1.781025764818823e-06,0.3074184977122496,0.3492123284895623,0.05000000000000002,0.000579370481930825
2022-01-06,-0.0006504575196737099,1.327259937216508e-06,2.4305543885367785e-06,0.0,3.5350823843074567e-06,2.4793113522314384e-06,0.18098852397980097,0.46648873062257284,0.0499644234476912,-0.0006602297277360021
2022-01-07,-0.003541414338198815,2.1476295624616273e-06,4.951239318247945e-06,0.0,3.96131452328204e-06,9.10400282888876e-07,0.36179020372302073,0.20294724752533114,0.05000000000000002,-0.0035533849218856955
2022-01-10,0.00017117622128704407,3.931074250818209e-06,8.224317520987785e-06,0.0,5.991745779124094e-06,2.8440089594790088e-06,0.4908672809679848,0.4274104317979139,-0.0503830733945598,0.00015018507477663497
2022-01-11,0.0007451438262513454,3.5884598846172602e-06,3.708456367115545e-06,0.0,5.682454843927917e-06,5.362709686075652e-07,0.35740112349433634,0.14025752644870199,0.05016400372263104,0.0007316281841870772
2022-01-12,0.0003400017197941729,1.263986868934881e-06,2.7383584792762917e-06,0.0,2.01183695337827e-06,6.146874851049789e-07,0.1426179892833666,0.08737941772183158,-0.01588807977580486,0.00033337285000747843
2022-01-13,0.00032834003639027934,1.2716064617747504e-06,2.8307605176370453e-06,0.0,1.5656664645195895e-06,1.5942905306169503e-06,0.18325561317559896,0.21758393770182105,-0.05025687144182663,0.000321077712415731
2022-01-14,-0.0006156689205567957,2.1283084365547305e-06,4.374502626279021e-06,0.0,3.7785279399260816e-06,9.49298176931697e-07,0.3589986907583351,0.1666491045028653,0.007167010778340227,-0.0006268995577364872
2022-01-18,0.0011724788259965455,9.495097897570367e-07,2.1387518223422116e-06,0.0,1.6668117434870742e-06,1.4256317332393876e-06,0.10765171445257217,0.190973492796727,-0.04853263838749013,0.0011662981209077197
2022-01-19,0.002575392468650014,2.2985999714381374e-06,4.117507314227945e-06,0.0,4.581347547038187e-06,1.8361055007651369e-06,0.3887948371455678,0.35990702926492274,0.051441305136379706,0.0025625589083165443
2022-01-20,-0.0004391042408779727,2.0928523694143433e-06,4.167109445210537e-06,0.0,4.088993990936043e-06,5.260808728679984e-07,0.30256086253392683,0.13917827906660935,0.05079669242478553,-0.0004499792775564016
2022-01-21,-0.0008145513856103601,1.5770216311949128e-06,2.3631790749177574e-06,0.0,1.4927807592123085e-06,3.8569720779855e-07,0.16547620548893885,0.11475791033533328,0.049960779425176884,-0.0008203700642834837
2022-01-24,0.000850374426630892,2.547277752965718e-06,8.546850396469686e-06,0.0,5.028529826200508e-06,3.826129264888444e-06,0.6255099641706194,0.6928777369192557,0.05008802041799726,0.0008304256393903676
2022-01-25,0.0014162987627314436,1.469433558182313e-06,2.692442456614262e-06,0.0,1.0704870389238666e-06,2.7688677820762496e-06,0.20227732561759715,0.5163785889451069,0.05120880155629706,0.0014082975318956469
2022-01-26,0.0017352942030779848,2.1739139068656964e-06,4.78948183794055e-06,0.0,3.6451331488913023e-06,8.652109846338329e-07,0.3470585397141817,0.19538313147343755,0.050027686054953585,0.0017238204631996534
2022-01-27,-0.0009848738485299978,5.692557455097816e-07,1.5020755804092915e-06,0.0,8.184470475785898e-07,4.7108732369415874e-07,0.11385694046870629,0.12910087794603903,0.049958207565420354,-0.0009882347142271897
2022-01-28,0.002184531047481044,1.826633247442362e-06,4.039183692896678e-06,0.0,3.600098524828513e-06,1.917632361914109e-06,0.2059579712661893,0.2723486041424634,-0.04981363265910686,0.002173147499653962
2022-01-31,0.0014294560055193638,1.166694955973874e-06,2.0409069332774336e-06,0.0,1.2536221096455414e-06,1.2506656234719857e-06,0.14517146740492354,0.1607346015898415,-0.04937722315345214,0.001423744115896995
2022-02-01,-0.0010754796496544217,1.6077203929131917e-06,2.8772822384954348e-06,0.0,1.8111495875065898e-06,8.39428975476578e-07,0.2183307022024861,0.09120781468427999,-0.04981625319578511,-0.0010826152308488135
2022-02-02,-0.00040433755023435526,2.790438381941784e-07,3.6061019384090504e-07,0.0,2.5157011607213583e-07,7.436397081505207e-07,0.03927473029976163,0.09083437417809077,-0.0340970967911967,-0.000405972414090613
2022-02-03,0.0011756759149726761,8.135585373584746e-07,9.73241584382344e-07,0.0,1.5153525926215237e-06,1.0475499305556026e-06,0.11662343668341556,0.19606811492480997,0.02007972659146874,0.0011713262123277581
2022-02-04,0.0005730026515056918,1.7220198438875873e-06,3.020447336625854e-06,0.0,2.958117858505033e-06,1.664777582570377e-06,0.2457110547693182,0.32967666462909445,0.049994030757271046,0.0005636372888841029
2022-02-07,0.00010946704542431572,1.3523408052546235e-06,3.4509303784958736e-06,0.0,1.6758987451001726e-06,2.582712349470692e-07,0.2511826017068959,0.09348578837703936,0.050096220905931736,0.00010272960426051798
2022-02-08,0.00010778844585156014,6.233590479680863e-07,2.5195955283486085e-06,0.0,9.049765456824695e-07,9.81059581638216e-07,0.11464531692543964,0.12741069459327722,-0.03740731512194307,0.00010275945514792277
2022-02-09,-0.0009594563087100085,3.6817335777535183e-07,6.223786944773396e-07,0.0,3.1435254244459565e-07,1.0316575139766709e-06,0.03566370564136983,0.12358131973736616,-0.049737142610714546,-0.0009617928708186825
2022-02-10,0.000995734804337146,5.284741798588381e-07,8.963382104980885e-07,0.0,2.55701979924035e-07,8.146643315393078e-07,0.059776984301874767,0.08711271307080937,-0.04975089462779435,0.0009932396256353258
2022-02-11,0.0011506331624470932,6.402378311953721e-07,8.582582508068681e-07,0.0,6.56458105884747e-07,5.358350991995071e-07,0.06738297827203873,0.05186092064102464,-0.03815937602449257,0.0011479423731600067
2022-02-14,0.0002965518998544089,5.064275789094866e-07,3.5721413234542106e-07,0.0,3.6894707735634085e-07,1.1145425048126042e-07,0.07454942812510099,0.04174313946942056,0.02301882538856881,0.0002952078568153164
2022-02-15,0.0002562467091754087,6.769284826265678e-07,2.0725660995834924e-06,0.0,8.094503254287537e-07,6.669832363911175e-07,0.09236541979956236,0.06208191898265792,-0.04997126473104982,0.0002520207810313787
2022-02-16,-0.000418302314425417,4.697347490592685e-07,2.6335120395567875e-07,0.0,6.609089249404317e-07,2.582488949660314e-07,0.048028896184379354,0.028840450065813445,-0.014545364288479835,-0.00041995455819833846
2022-02-17,0.0001903938453218354,2.210621893459255e-07,7.348727899431145e-07,0.0,2.949341115372825e-07,4.887268642734716e-07,0.03786833242042094,0.047178766546841416,-0.03492734665110181,0.0001886542493667356
2022-02-18,0.00017926963013455878,2.2979869689458806e-07,1.3973476848399543e-07,0.0,3.211734216934054e-07,8.820267392136602e-08,0.04818010317557801,0.026960089328355603,0.01214204010956611,0.00017849072057356542
2022-02-22,-0.00018079891246036277,2.538242774891264e-07,5.351291823702998e-07,0.0,4.2177239522005943e-07,0.0,0.059262587985349585,0.036629702090880206,0.036629702090880206,-0.00018200963831544226
2022-02-23,-0.0005538844858537405,8.558180444144968e-08,1.6464861008923738e-07,0.0,6.750386349035141e-08,0.0,0.020347993585982334,0.04635408849021325,0.04635408849021325,-0.0005542022201317615
2022-02-24,0.000689510093307174,7.773979331062059e-07,2.4384809352288916e-06,0.0,1.3474246801755552e-06,1.0047810862023156e-06,0.09693923228595919,0.11890758877955027,-0.049895633702438796,0.0006839420086724611
2022-02-25,-0.0016690403080531322,8.12693104209212e-07,1.6083721395815313e-06,0.0,9.899295577792235e-07,6.093073432962381e-07,0.1201817165622063,0.05245966250052515,-0.04990397117324283,-0.0016730606101979983
2022-02-28,0.00024975599330946967,1.0406646406133968e-06,2.441785351369606e-06,0.0,1.2257003723422202e-06,1.366654617704452e-06,0.17453461381911545,0.1795164411955616,-0.05008153457878638,0.00024368118832744
2022-03-01,0.00036323008666186006,9.751140635629513e-07,1.5869480855578242e-06,0.0,1.7250043173841147e-06,1.4480105764741826e-06,0.11406050767670146,0.1942147637208004,-0.0490510131268623,0.000357495009618881
2022-03-02,-0.0006100918519544533,1.0256644580714813e-06,4.7289199559349786e-07,0.0,1.4710804237633582e-06,6.167553018484082e-07,0.11524990140304771,0.15339633176145506,0.049781441050922484,-0.00061367824413373
2022-03-03,-0.0004916702202774891,1.754378767165592e-06,2.9704716543829665e-06,0.0,1.7023353623394382e-06,1.3342479825191233e-06,0.19271083926200389,0.26223389510279826,0.038080234039585506,-0.0004994316540438962
2022-03-04,-0.0020814366315162983,1.457076664000106e-06,3.700282315215569e-06,0.0,3.2809029807902834e-06,2.5231312611019483e-06,0.19743266608572874,0.37382673050003606,-0.050059321365091114,-0.0020923980247374062
2022-03-07,-0.002178545646700414,1.3903607323275548e-06,7.954055236109356e-07,0.0,1.8077229332090265e-06,1.3914772910117283e-06,0.14333640084009364,0.28557982206226584,0.051811637172295505,-0.0021839306131805733
2022-03-08,0.0022900976118759315,1.7130897936910737e-06,2.513945450782293e-06,0.0,1.1267614922850334e-06,6.009911524485587e-07,0.1847972971510717,0.15163831775738984,0.05067180414603198,0.0022841428239867246
2022-03-09,0.002541042539940146,1.6468418191366781e-06,2.8393105597831353e-06,0.0,1.8787564277976055e-06,3.8658886134550005e-07,0.20801148458452615,0.11507126529744341,0.05012433659139942,0.002534291042272083
2022-03-10,-0.0012651043980780204,1.4493044037690191e-06,2.641486840573116e-06,0.0,1.2625917431355244e-06,5.984788257710849e-07,0.18328008481569563,0.1505860448205566,0.05004160209101433,-0.001271056259891269
2022-03-11,-0.0005435228854593023,1.6725850034928565e-06,2.63621920347243e-06,0.0,1.2749447460320718e-06,3.248840430679265e-07,0.1480011607545516,0.0576416822066174,0.0030611629712057374,-0.0005494315184553676
2022-03-14,-3.55176888551617e-05,1.3106083450350798e-06,1.588261044005121e-06,0.0,1.3113963619561222e-06,3.7177621239173557e-07,0.13554346848919097,0.09224838425486397,0.029789980573052398,-4.009973081854976e-05
2022-03-15,0.0010132957325576933,5.609985400594007e-07,8.185652805482842e-07,0.0,6.024168710095253e-07,5.783143852916406e-07,0.057817999146044456,0.1294027409490084,0.032245924220012795,0.0010107354374807845
2022-03-16,0.001229284335631782,1.7192501339736426e-06,3.419695447466575e-06,0.0,2.820080213929278e-06,1.8087698993202118e-06,0.17371118651179113,0.25403037437287546,-0.04984296871292025,0.0012195165399370923
2022-03-17,-0.00036784433487136825,1.7809308223569913e-06,3.2905284047726755e-06,0.0,2.310684452203593e-06,6.654165354774435e-07,0.24657710033974248,0.06152066651913023,-0.05026931144108028,-0.00037589189508617895
2022-03-18,-0.0005516466975369023,8.800180909274153e-07,1.6091178251083852e-06,0.0,1.2119633218155873e-06,9.760198915484398e-07,0.11854744776918653,0.11381727648538911,-0.05015406529474874,-0.0005563238166663021
2022-03-21,0.00042406705766098274,5.277015305539013e-07,9.140513823457924e-07,0.0,3.120942371802788e-07,9.514709365768346e-07,0.06243420878591245,0.10977642021688477,-0.0500706971280234,0.0004213617395743259
2022-03-22,-0.001222434005684572,5.000074731108271e-07,6.503139187412732e-07,0.0,4.942962309714269e-07,7.273236461645428e-07,0.04826404216676859,0.07192315288543763,-0.05026721967020556,-0.00122480594695356
2022-03-23,0.0008758888395392265,1.4293802908991614e-06,6.076605237360533e-07,0.0,9.961879816259874e-07,1.5111307469933535e-07,0.12462207730297892,0.07537209940649298,0.04998510285700464,0.0008727044976682659
2022-03-24,0.0006066173551310935,1.0127540893467097e-06,2.025699490162936e-06,0.0,9.466225288533705e-07,4.835145761854715e-07,0.08543355899704733,0.06385701048283846,-0.017373438316320756,0.0006021487644465451
2022-03-25,-0.000171197512948723,3.940517589536773e-07,9.056172910650151e-07,0.0,5.845076577986734e-07,5.426007792553692e-07,0.05283762367372579,0.06012219564589248,-0.031034735269009538,-0.0001736242904357957
2022-03-28,0.00032411293822798775,7.342489396015855e-07,1.0674882501994317e-06,0.0,6.550412115687766e-07,4.4277995034625783e-07,0.07041701366312951,0.03719351582908565,-0.03719351582908565,0.0003212133798762717
2022-03-29,-0.0004825300818898272,1.7003212271619409e-07,1.0116153714232061e-07,0.0,1.61726245463219e-07,1.384277418667677e-07,0.028266281275569325,0.011627930316808484,-0.011627930316808484,-0.0004831014295370157
2022-03-30,4.701112232656257e-05,3.464074856549211e-07,1.044020290893217e-06,0.0,2.552223052102133e-07,5.952380952380953e-07,0.044120518067389,0.049999999999999996,-0.049999999999999996,4.4770234149566123e-05
2022-03-31,0.0006285068073018844,6.970026004172259e-07,2.587616072566434e-07,0.0,1.1913976216679478e-06,1.7696068122144488e-07,0.09952369509870898,0.07988159635121361,0.05015220190601088,0.0006261826847913212
2022-04-01,-6.230344163175928e-05,1.1657925737753585e-06,2.5826185906547462e-06,0.0,1.618956071153376e-06,7.09526035748304e-07,0.17947955067018667,0.16376094745222577,0.04456057344651074,-6.838033490309106e-05
2022-04-04,0.0013283768254660645,5.011450979929637e-07,2.1980954746735674e-06,0.0,4.964128793183576e-07,2.1976009443927298e-07,0.12879961039745993,0.03534000802956295,-0.0015796878362349005,0.0013249614119196403
2022-04-05,-0.0002041946818572024,6.574049112012603e-07,1.5585214330967965e-06,0.0,4.5024700404956454e-07,6.764574943418335e-07,0.07348961118681178,0.06362635481088867,-0.05001850423853936,-0.00020753731269989185
2022-04-06,0.00027782138787026687,2.3334139945065733e-07,3.848284165965214e-07,0.0,2.8865164925339306e-07,6.583035040963815e-07,0.028065510465304373,0.060802428343713924,-0.04979256034447818,0.0002762562629008699
2022-04-07,-0.0003497391006765059,1.1302494690216677e-06,3.204532062265413e-07,0.0,6.180561926068639e-07,1.3390457079261588e-07,0.10396702550186203,0.07249596789315949,0.05,-0.00035194176411515357
2022-04-08,-0.00017828542959339415,1.2923249214601286e-06,1.1184539398097705e-06,0.0,7.527012373661703e-07,1.0068405936662953e-07,0.0779456542586167,0.06694370743764469,0.05002878546405093,-0.00018154959375139685
2022-04-11,-7.724964895568634e-07,9.926707359764226e-07,1.0397832049991036e-06,0.0,6.447131008196614e-07,1.3385167338513312e-08,0.0677320585909384,0.05219602940149372,0.049947321288623475,-3.463048698690564e-06
2022-04-12,-0.0003996100941377153,7.179374710794292e-07,1.0491699275622057e-06,0.0,4.503766197728014e-07,1.3653903278411252e-07,0.05598472366807693,0.056356325855228026,0.03341776834749712,-0.0004019641171889139
2022-04-13,0.000517578848640373,2.507729220725736e-07,6.959755344227473e-07,0.0,2.2485369903023874e-07,6.832321481875097e-08,0.044614445628347814,0.037551525110179174,0.02607322502062901,0.0005163389232700287
2022-04-14,-0.0003855809752769283,6.280017210142909e-07,8.311062366783542e-07,0.0,9.282926152175908e-07,9.390164584098914e-08,0.07198993155735106,0.052585473809297574,0.0368099973080114,-0.00038806227749567954
2022-04-18,-0.0005325978497484648,4.0709168656793215e-07,1.2577053779110872e-06,0.0,2.4079087420020865e-07,6.425127732238927e-07,0.05024058276683632,0.09462640303582365,-0.013315742865790334,-0.000535145950460368
2022-04-19,-0.00026968414381371085,9.103320819181289e-07,9.60971074703259e-07,0.0,4.780593922629473e-07,9.669630770869182e-08,0.11415850480432033,0.06299937200728949,0.04675439231222926,-0.00027213020267030386
2022-04-20,0.00020001406217721456,1.3044037293493365e-07,6.789830999526082e-07,0.0,4.4037264560473947e-07,1.78427988542506e-08,0.05038890145733505,0.048515443977495465,0.04551785376998137,0.00019874642325986804
2022-04-21,-0.0005017857670581405,3.626648225356734e-07,8.302945248873576e-07,0.0,6.517695741060516e-07,9.181758774279455e-08,0.06131552720952822,0.059874855498564236,0.044449500757774756,-0.0005037223135674123
2022-04-22,-0.001192259071112933,5.849480458073773e-07,6.166559609182943e-07,0.0,4.571627824984761e-07,6.197569738138427e-08,0.049771392853423364,0.06041191716007256,0.05,-0.0011939798135995386
2022-04-25,0.00026901273545002657,3.571558436381798e-07,6.758175183426397e-07,0.0,4.1430280866825353e-07,3.089136382062207e-08,0.049835956671344425,0.0553434118177116,0.05015366269584709,0.00026753456791555686
2022-04-26,-0.0012021362226262192,1.008701931531548e-06,2.1822090588151706e-06,0.0,1.420208302320409e-06,7.135949632051232e-07,0.1629285950442198,0.16955606205013724,0.04967210823167654,-0.0012074609368820915
2022-04-27,0.0003881655252897691,8.42047960619725e-07,1.4609481977597402e-06,0.0,1.688394986170627e-06,7.162544985637623e-07,0.09864602485166638,0.16497872514721273,0.044647969388500665,0.00038345787964665524
2022-04-28,-0.0005444685049823734,6.356105845112309e-07,1.7977023838482129e-06,0.0,8.286630404297425e-07,1.1681575173463614e-07,0.1371636533347072,0.07017267687503612,0.05054763058361725,-0.0005478472967428973
2022-04-29,-0.0015168786494359394,1.0547410525229993e-06,1.9051323375659227e-06,0.0,1.683426373108858e-06,2.0200011892705378e-07,0.13918381936766316,0.08393601997974506,0.050000000000000024,-0.0015217239493180643
2022-05-02,0.0002695196831933296,1.1805660670670196e-06,2.6056103292946766e-06,0.0,1.133373893754595e-06,1.2363009129716387e-06,0.09990721338134008,0.15806085968108852,-0.04963769369814676,0.0002633638319902417
2022-05-03,-0.0003628529557791865,4.920513327485697e-07,8.892908942041365e-07,0.0,5.465265506014917e-07,1.03769852529578e-06,0.06477605991341392,0.12428214333079624,-0.0500512089188948,-0.0003658185230820365
2022-05-04,-0.0023852020751806507,1.1149195126479105e-06,1.6030592265507631e-06,0.0,1.3520495139429417e-06,6.005281176192872e-07,0.12720809250147935,0.059296189132096194,-0.04159253462794407,-0.0023898726315514118
2022-05-05,0.001702262079096402,7.308669599514407e-07,1.3433438519577785e-06,0.0,5.544069256986537e-07,6.333236709913593e-07,0.0846701472938351,0.05642695829567592,-0.049971418430872445,0.0016990001376878028
2022-05-06,0.0001341912803919126,7.141044563665369e-07,9.419692323813118e-07,0.0,7.859227732456988e-07,7.689110559071095e-07,0.06730833474054954,0.07953869391158616,-0.04963836348080821,0.00013098037287401194
2022-05-09,0.0010840754599981124,8.298027928464274e-07,3.5323902217955553e-07,0.0,8.591604586527576e-07,1.8751359598229337e-07,0.10390045044415801,0.08167712447888723,0.05017484035386195,0.0010818457441284515
2022-05-10,0.00010991322095366063,7.164806335530908e-07,1.1790817348687982e-06,0.0,7.33827390515477e-07,5.270816076576794e-07,0.08164868642805498,0.13864989801093422,0.050100187924444095,0.00010675674958706559
2022-05-11,-0.0010751271748404112,4.981323352974907e-07,1.377030616656417e-06,0.0,5.337677568341675e-07,3.181691251785338e-07,0.08180569106301638,0.07729757223041683,0.023845159200423155,-0.0010778542746743777
2022-05-12,0.0001131131545832847,1.6058267874479909e-06,3.5577854549787424e-06,0.0,2.07444069810828e-06,1.5171882815107454e-06,0.24538420029035996,0.26703999656086885,0.012152365267063564,0.00010435791336123894
2022-05-13,0.0005819161543391178,6.363332264160912e-07,9.18324947478373e-07,0.0,5.55181805136376e-07,1.011474410254433e-06,0.08267693551600308,0.20209042545578865,0.03216272453304393,0.0005787948399498325
2022-05-16,-0.00046628563472584354,7.174172450772545e-07,1.9575227224139077e-06,0.0,6.856982931292671e-07,4.130635816223125e-07,0.13077356298032883,0.07948660346778957,0.010091921755241071,-0.0004700593365680863
2022-05-17,0.00026079163983539475,6.75919424395882e-07,1.8350522393517858e-06,0.0,6.506310041827434e-07,4.1092255458284234e-07,0.10754138799296709,0.04057444039799714,-0.028460548771920377,0.0002572191146128815
2022-05-18,0.0013302659015101154,2.9816420099759565e-07,2.6394925373586773e-07,0.0,2.371137543029549e-07,6.402696468065403e-08,0.03680957981625717,0.008464831368010578,-0.0022916986983393013,0.0013294026473363984
2022-05-19,1.645236663079928e-05,3.2891370118651425e-07,2.7742767238009274e-07,0.0,9.810884315220955e-07,1.2003341728308985e-07,0.0432501004646847,0.0455253467963932,0.025359732692834105,1.4744903408427486e-05
2022-05-20,0.0002927037783761493,7.121492625736089e-07,2.042818118669114e-06,0.0,1.4112087683840381e-06,8.07749626526151e-07,0.08638493315379249,0.08570193725639341,-0.04999999999999999,0.0002877298525999964
2022-05-23,-0.0008614985809179586,8.083812894197429e-07,1.573289975163352e-06,0.0,1.4618985969275817e-06,7.798848806353253e-07,0.11444919957712946,0.08112081403928166,-0.04989984590745297,-0.0008661220356601046
2022-05-24,0.0010279403900713367,5.863354769093304e-07,9.480456336145883e-07,0.0,1.1788010741488094e-06,9.878950581348425e-07,0.06814681213984698,0.11690625901347743,-0.04906011075317607,0.0010242393128285293
2022-05-25,-0.000634743815005861,1.0448641719094685e-06,2.269019821032402e-06,0.0,1.294311477928065e-06,1.560872809594347e-06,0.17151321743850415,0.21290793725215565,-0.04931869475969462,-0.0006409128832863253
2022-05-26,-0.0008429437251051852,1.618803432284832e-06,1.97963067170478e-06,0.0,2.492613943988732e-06,1.849292061025452e-07,0.22176734453812055,0.08101579702208496,0.04994769039685737,-0.000849219702359266
2022-05-27,0.001543569385395163,4.555572576166628e-07,2.1554394022201737e-06,0.0,1.0817565263856243e-06,6.329672138985441e-07,0.09429433938644952,0.0764740358736068,-0.02986445606134859,0.001539243664995042
2022-05-31,-4.0967402054779846e-05,4.034548644424603e-07,4.4689860067881894e-07,0.0,2.851434810415202e-07,3.260014032408468e-07,0.04342124816415975,0.04308091214235045,-0.011687323602111811,-4.242890040418349e-05
2022-06-01,0.0002702048341118954,7.539318706374075e-07,4.994164047698799e-07,0.0,1.0279797360283721e-06,0.0,0.08578892308542252,0.049999999999999996,0.049999999999999996,0.00026792350610045976
2022-06-02,0.0006038061661073641,7.342269283256665e-07,1.3338841541554119e-06,0.0,8.673029583885687e-07,3.7377071639955756e-07,0.0723271531142728,0.09066238312209757,0.02786890276697191,0.0006004969813500949
2022-06-03,-0.00031009655752722203,1.8190505291830753e-07,6.974314383004463e-07,0.0,1.5746084613343477e-07,3.5678854847300885e-07,0.03221961005723478,0.06393454957213626,0.003994073428670773,-0.0003114901434130472
2022-06-06,-8.381508663104347e-06,5.214320190343165e-07,8.078707764366805e-07,0.0,5.381962564666482e-07,2.7216051389521984e-07,0.05150687345180825,0.04175893122928418,-0.003964035105112757,-1.0521168228937213e-05
2022-06-07,2.1601520930527063e-05,5.295826276071876e-07,1.1285944773004253e-06,0.0,8.236140100523938e-07,4.975339178706965e-07,0.06738409339210753,0.05841827377524918,-0.025167424427027844,1.862219589769636e-05
2022-06-08,0.00020508661645134315,1.073314654489391e-06,6.08035693346347e-07,0.0,1.3422551418110657e-06,5.000228731406405e-08,0.10404301281465461,0.05834592411123438,0.049945539842471624,0.00020201300867438228
2022-06-09,-0.0008790368067884214,8.975988516694664e-07,1.1141677212055545e-06,0.0,8.018887353229179e-07,1.924255839359624e-07,0.07986041955494763,0.08250567842095442,0.05017818031971272,-0.0008820428876805552
2022-06-10,-0.0008771116339217332,8.812481608779465e-07,1.4104448563067769e-06,0.0,9.257908947526437e-07,1.1556517434265283e-07,0.09791956181793271,0.06941494928956568,0.05,-0.0008804446830080132
2022-06-13,-0.0015827824292884013,1.325741373462919e-06,2.4539273179810435e-06,0.0,1.3311756535199789e-06,9.758067057888457e-07,0.169891177898211,0.21303860743977815,0.04910308086725204,-0.001588869080339154
2022-06-14,-0.001026642575331021,6.911310803806057e-07,8.155996394493532e-07,0.0,6.670049415046768e-07,9.134931797678419e-07,0.0599505760724462,0.20351273501885786,0.05004588081786045,-0.0010297298041721235
2022-06-15,0.0009657264604997169,1.2356739045939728e-06,1.987981132942275e-06,0.0,1.3843748993344623e-06,4.7067537758508784e-07,0.1473470957447412,0.128536834052565,0.04946337061827026,0.0009606477551852611
2022-06-16,-0.0014287505978793167,1.389829727973417e-06,2.938595762823084e-06,0.0,3.4405598151110093e-06,1.1886926284164131e-06,0.12749639024694182,0.14957904145128412,-0.05012132012267324,-0.0014377082758136406
2022-06-17,-0.0009528750428056088,1.766925168998786e-06,1.7602230361246714e-06,0.0,3.8009796120322214e-06,4.492757188970347e-07,0.1564686735015956,0.0670896380134528,-0.00838868276124901,-0.0009606524463416615
2022-06-21,-0.0005196176425239986,4.812511931197413e-07,3.4268925787801854e-07,0.0,7.273394545082924e-07,3.4426701822463084e-07,0.06137103865924155,0.09674016181195699,0.038903302750219,-0.0005215131894477293
2022-06-22,4.0016884653743785e-05,1.9764903236653137e-06,1.7470573636899308e-06,0.0,3.1240685870508825e-06,1.7409256586606764e-07,0.1375646377931159,0.07912588399668508,0.04987833293118571,3.299517581347159e-05
2022-06-23,-0.002047093541193113,5.299879421564546e-07,2.194852894210023e-06,0.0,9.917507737324065e-07,9.511679186576325e-07,0.11346768970497778,0.1448184577791667,-0.014977752555315603,-0.0020517613007218698
2022-06-24,0.00011634167122852619,7.81989040959019e-07,1.2972412339006912e-06,0.0,1.6216934771133076e-06,6.476892306607026e-07,0.09484930606343808,0.1000708443092915,-0.008740946441706567,0.00011199305824589247
2022-06-27,0.0010833547987590146,8.618139912589693e-07,1.6614804760072182e-06,0.0,1.0622261217208695e-06,1.032099345890102e-06,0.08522020718800125,0.1282686694814689,-0.045124020628068265,0.0010787371788241373
2022-06-28,0.0013828503331990102,5.183835915905232e-07,9.66967928596679e-07,0.0,1.5184338902220707e-06,4.07839850894827e-07,0.09178468870707364,0.05359438322850284,-0.014922711721828097,0.001379438707937706
2022-06-29,-0.0003924924027753882,3.234085008838265e-07,1.101220914522523e-06,0.0,8.808373017456084e-07,2.4167464249821596e-07,0.09719770448988775,0.044082325834767705,0.0034809858950674254,-0.0003950395441350384
2022-06-30,0.00017654379529718545,6.091497021454744e-07,1.1936590857937175e-06,0.0,7.610479774333581e-07,6.61353539188575e-07,0.12202689431806879,0.16086420636293353,0.04975681177925295,0.00017331858499262433
2022-07-01,0.0007553535645796952,5.689567232716796e-07,1.4790867092485833e-06,0.0,1.229717012843769e-06,4.100988937242579e-07,0.10751530951453919,0.11389935379874122,0.04500273965306589,0.0007516657052406069
2022-07-05,0.00018114408068178056,6.935197699932956e-07,2.381673013358078e-06,0.0,9.841943631609248e-07,7.378250144311866e-07,0.1076267480605189,0.08747318740862166,-0.03648141501581771,0.00017634686852083709
2022-07-06,-0.00042741892928014333,2.359872167776849e-06,3.999458490442897e-06,0.0,3.4369316515494514e-06,1.8182381457732562e-06,0.3061635274704164,0.27406377221299244,-0.03140023627691463,-0.0004390334297356858
2022-07-07,6.803395204252974e-05,7.527034691499414e-07,1.316691467508053e-06,0.0,8.554377586498956e-07,1.3388319609924728e-06,0.09577671796197992,0.19825197547826595,-0.026671793968469512,6.377028738622938e-05
2022-07-08,-7.32822533032119e-05,1.0759182415005814e-06,2.103580081394117e-06,0.0,1.3963692696557684e-06,1.923218424311102e-06,0.1355185968670371,0.2736252849262092,-0.04947541035805596,-7.978133932007346e-05
2022-07-11,0.001559021273468952,7.6236693055397e-07,1.6727274209300284e-06,0.0,1.4276065530286029e-06,1.277892047435491e-06,0.11607718676255838,0.16467003249589335,-0.05001583147326911,0.001553880680517004
2022-07-12,0.0008130122174906266,1.0628270344457888e-06,2.3347452336680036e-06,0.0,1.5828220928464085e-06,2.659023657562814e-07,0.23497075426981232,0.0790610002873907,0.03438940284033543,0.0008077659207639101
2022-07-13,-0.0003024833390282355,1.6574851819633208e-07,1.5186744042054638e-07,0.0,1.552669139987471e-07,2.66280544506846e-07,0.02362650635324841,0.09470336446210269,0.049968232984952565,-0.00030322250244535796
2022-07-14,-0.0007915303509331693,2.107654346680331e-07,9.032239812920996e-07,0.0,2.4314748241339186e-07,3.3654461079272613e-07,0.0457608053012924,0.07877809113999067,0.022238596526812683,-0.0007932240324423355
2022-07-15,0.0005139953918116008,3.1023402048187717e-07,1.5651241025910596e-06,0.0,4.504727400696861e-07,3.417183461045399e-07,0.08237554370992778,0.03549975862893777,-0.021908923516624934,0.0005113278426023537
2022-07-18,0.00012281338128433027,4.383864999341637e-07,8.008308192622111e-07,0.0,8.247154654283472e-07,5.4245851750122e-07,0.05529502393286704,0.06606755985155696,-0.025065471088647977,0.00012020698998220433
2022-07-19,-0.0011278749918507424,4.689942228144812e-07,3.8940851545029495e-07,0.0,7.866745530910043e-07,4.428599819809398e-07,0.04674731091618223,0.07209369600313628,-0.002306780969661605,-0.001129962929124079
2022-07-20,-0.00014731362676120347,1.0173115635187957e-06,1.6529270637503347e-06,0.0,2.85519805830352e-06,6.97941459712873e-07,0.16611985531605444,0.1672603753315695,0.05000621009980688,-0.00015353700490648898
2022-07-21,0.00015089870324150838,1.3383932643531965e-06,2.8728723837326216e-06,0.0,2.508500959063897e-06,1.1755932699263271e-06,0.11961081278413402,0.1476511556506822,-0.04984851369694075,0.00014300334336443235
2022-07-22,0.0006956448232846697,8.198841180867628e-07,1.5700265700462281e-06,0.0,1.0429006144077385e-06,9.569041787779947e-07,0.1083840630876221,0.11077041874682196,-0.049989483287881144,0.000691255107803351
2022-07-25,0.0001920740761476718,1.0132852718175811e-06,1.4969838792927925e-06,0.0,1.213800475901314e-06,7.606717686837589e-07,0.10522674006152158,0.0778867673525463,-0.04990608978632519,0.00018758933475197635
2022-07-26,0.000417839773470526,1.2120579663852875e-06,7.55149617515744e-07,0.0,1.8315104202317294e-06,3.784371823755742e-07,0.08283689472630498,0.04905930978189134,-0.014518136857205127,0.00041366261828401765
2022-07-27,-0.0005137394346213215,1.1143126811344733e-06,8.573353500509367e-07,0.0,2.1189197843680357e-06,8.861406443962783e-08,0.11525461368726139,0.06488716282585749,0.05000000000000001,-0.0005179186165013145
2022-07-28,0.0012484637608798374,4.964440260187445e-07,9.73267400290152e-07,0.0,9.64413333812055e-07,1.922378616996312e-07,0.0670651244937138,0.08308315209703626,0.05078719133149822,0.001245837398258017
2022-07-29,0.0008234833452671946,5.501913664981828e-07,2.9967280239144624e-06,0.0,1.5335838436268014e-06,9.707840055834966e-07,0.1464650196663952,0.11701885613821497,-0.04607285679981246,0.0008174320580275717
2022-08-01,0.0005194052956876428,6.898234956729107e-07,1.3793189037516227e-06,0.0,1.3065194626353139e-06,8.985595750134191e-07,0.09234309498475216,0.10114978417633601,-0.04980822442591841,0.0005151310742505695
2022-08-02,-7.564933975314251e-05,9.925292822446963e-07,7.974442772714973e-07,0.0,1.5106619608958914e-06,2.6630005262060476e-07,0.1393231197208657,0.09478431350262748,0.05004590466236588,-7.92162753261752e-05
2022-08-03,0.0003985621433763835,1.3128522908521947e-06,1.9637502256181396e-06,0.0,2.0937579217946816e-06,3.3456651865762625e-07,0.14366537055891893,0.10620717513448119,0.049999999999999975,0.00039285721641946084
2022-08-04,0.00023666698927379205,6.85026734005798e-07,1.0339121176140728e-06,0.0,9.67970214854019e-07,0.0,0.07037727039733842,0.04993690564788334,0.04993690564788334,0.00023398008020731817
2022-08-05,0.00032841345608209234,1.0664376938567623e-06,2.8394008355634896e-06,0.0,3.3348912442914336e-06,1.019826650962074e-06,0.12562799361442872,0.12134731841915072,-0.04998355894247772,0.0003201528996574186
2022-08-08,-0.0009797089209425914,1.0528862975187802e-06,9.521192440333275e-07,0.0,1.525039767955573e-06,5.95957854575343e-07,0.1329171526513181,0.13318356235393397,0.03306264278527634,-0.0009838349241066745
2022-08-09,8.407432306407931e-05,4.3067475049012275e-07,1.923250208603119e-06,0.0,9.817912460665879e-07,4.882588970414795e-07,0.09961421440118798,0.05972536146571884,-0.022302133237249732,8.0250347961878e-05
2022-08-10,-0.0006471415043136658,7.13304508132513e-07,1.1753801771392763e-06,0.0,1.8904351601815175e-06,2.6469337282659576e-07,0.10345059178764426,0.04250286533127165,-0.001965621303596442,-0.0006511853175319457
2022-08-11,0.00011610380024579046,4.4412611682419534e-07,8.723677018602587e-07,0.0,6.213017669147695e-07,3.4312685673018576e-07,0.07621823774597836,0.07381559676684493,0.016170284836173728,0.00011382287780346105
2022-08-12,1.9917190598195063e-05,3.937143057463967e-07,1.7061770856884087e-06,0.0,8.628539013898271e-07,4.2826999079437177e-07,0.09782343378668093,0.04929111100581497,-0.022658247447639474,1.652617531457606e-05
2022-08-15,-0.0001627124002582805,4.0373970101026404e-07,6.312106644686066e-07,0.0,9.402968762375265e-07,5.659369683735575e-08,0.10349053473318091,0.05951399221214151,0.05000625114346574,-0.00016474424119683427
2022-08-16,0.00012737736125673974,2.910545504334242e-07,2.052011596549559e-06,0.0,8.00933887870277e-07,4.0348089843719435e-07,0.08712047529234174,0.03389239546872432,-0.03389239546872432,0.00012382988032344928
2022-08-17,0.0002589694605556945,2.1615793399459455e-07,1.5413235994826882e-07,0.0,1.9955686404116612e-07,4.060613084432517e-08,0.059281676903180314,0.032470080876858314,0.025648250895011687,0.00025835900726686614
2022-08-18,0.00025309092946469106,3.1943403818098694e-07,1.8746976546888043e-07,0.0,3.1301440350824916e-07,0.0,0.033171486081517584,0.05,0.05,0.0002522710112575329
2022-08-19,-0.0006708454760878232,1.9540422494396672e-07,4.611862479162292e-07,0.0,5.450518745437469e-07,1.6645078073345788e-07,0.03355456474904989,0.07785422924143104,0.04989049807821011,-0.0006722135692159607
2022-08-22,-0.0014033904330022957,1.0870476045786489e-06,2.6488054081039243e-06,0.0,2.2245358393701243e-06,8.854759812074159e-07,0.1066148515018582,0.09868265334647712,-0.05007731149636874,-0.0014102362978355557
2022-08-23,0.0005362836927404142,5.356585037847445e-07,2.7505055580225483e-07,0.0,1.5463273930748952e-06,3.627141815570935e-07,0.10075165119732934,0.11096522911311318,0.050029246611521486,0.0005335639421061953
2022-08-24,0.0003913291171343757,1.1003702933553307e-06,1.9355807835419232e-06,0.0,2.0892560336283385e-06,1.417421936701679e-07,0.1456202752786328,0.07380735941883146,0.04999467088224325,0.00038606216783017993
2022-08-25,0.001588595566821034,5.150134208191114e-07,2.7659577842534505e-06,0.0,1.5029968729029805e-06,9.1931935049293e-07,0.12457608393138261,0.10521424679542585,-0.049231404087386396,0.0015828922793925655
2022-08-26,0.0017011190206715802,3.9742613570939866e-07,1.159659882312759e-06,0.0,8.714357755269263e-07,1.1028825946893965e-06,0.08317010303825623,0.1357723022377306,-0.049511973670088014,0.0016975876162833416
2022-08-29,0.0006119607127183179,1.0381434484764631e-06,9.108939424421913e-07,0.0,2.429376880722446e-06,8.117009103868869e-07,0.13715771026730084,0.17575631289812074,0.039390559953123745,0.0006067705975362899
2022-08-30,-8.907653799349631e-05,8.531100152222626e-07,2.6089636814056214e-06,0.0,1.9857107458510667e-06,0.0,0.19166514762517917,0.03947630667775995,0.03947630667775995,-9.452432243597526e-05
2022-08-31,-0.00036192085985092647,4.4501718176174937e-07,4.162264686081417e-07,0.0,3.720919368121073e-07,0.0,0.039319292717597994,0.05,0.05,-0.0003631541954381085
2022-09-01,-8.677759692797051e-06,9.409612695904477e-07,2.0330326758028347e-06,0.0,1.6522150597327453e-06,8.346802150249528e-07,0.10121285845223435,0.1405665895830756,0.00034031345888353715,-1.4138648912948031e-05
2022-09-02,-0.00025084748056942275,1.672781606702602e-06,2.250544227001689e-06,0.0,2.608364614604024e-06,1.2610789395453476e-06,0.14805559684667846,0.20282851873579202,-0.009032743107826369,-0.0002586402499572764
2022-09-06,-0.00020099580915811094,2.4561617726424543e-07,1.1764954973131386e-07,0.0,3.9378177694442025e-07,9.376811431631922e-07,0.044629101746400994,0.1927836021434589,0.03525317009204265,-0.0002026905378052141
2022-09-07,0.0003874264133016216,4.895812631844417e-07,4.667844912990336e-07,0.0,1.0851252346336362e-06,8.056330966715584e-07,0.046475638863586896,0.18485819516122703,0.049511834920405215,0.00038457928921583294
2022-09-08,8.477120594936381e-05,1.2691217530547908e-06,3.977373886140689e-06,0.0,3.1966546863373224e-06,1.0573331701653674e-06,0.21240630436441077,0.12763863577499052,-0.049993336812791236,7.527072245366563e-05
2022-09-09,-0.00031112757874195786,2.220822374702672e-06,4.509167111867394e-06,0.0,4.585576108954393e-06,1.9399795528527483e-06,0.3429235416977071,0.2759165648792617,-0.05000000000000002,-0.0003243831238903351
2022-09-12,-0.00016059497637514137,1.6500988067469196e-06,2.0840257360632328e-06,0.0,2.81633796663868e-06,1.5601829665274247e-06,0.13880723605476153,0.21253562824058722,-0.04957511013602009,-0.00016870562185111762
2022-09-13,0.003326176491669006,5.244396308007768e-07,9.311527891370662e-07,0.0,6.821193681843557e-07,1.419176210057566e-06,0.06493409138561787,0.18857956346027865,-0.049842039829392455,0.003322619603670826
2022-09-14,0.0003446123538814371,2.0459222405496147e-06,4.683417830935095e-06,0.0,3.498644804297668e-06,1.4547678531635843e-06,0.3323857520920351,0.19439604729954135,-0.050004952031940816,0.00033292960115249116
2022-09-15,0.0003717311960894478,1.0329572448301427e-06,1.4274432596467264e-06,0.0,1.989637919898787e-06,6.230720195096165e-07,0.13734863055684135,0.0920007565322281,-0.01267534274538748,0.0003666580856455625
2022-09-16,0.004609812507234492,1.9230091666092764e-06,2.69638097524174e-06,0.0,3.899488853040944e-06,1.3495111997896952e-06,0.23286141141872607,0.27689474187266,0.05017686030799119,0.00459994411703981
2022-09-19,-0.000152705360246327,1.7054154867063737e-06,1.937376392500267e-06,0.0,2.182935604578688e-06,1.1742573913226321e-06,0.1410142517519552,0.24707656074128115,0.049801318999078976,-0.00015970534512143496
2022-09-20,-0.0005173834327444307,3.9747549315308e-06,8.528677330029555e-06,0.0,9.896608889874135e-06,3.0579273761064307e-06,0.6454563389489586,0.5640079250954462,0.050276125909565816,-0.0005428414012719717
2022-09-21,-0.0004989909819975052,4.079294830877053e-06,5.8207821726583415e-06,0.0,9.856427202763143e-06,3.6645040023866508e-06,0.4224455330315471,0.6654176188977261,0.049780946496768785,-0.0005224119902061903
2022-09-22,-0.004013259235045788,4.495537703620431e-06,8.694415401803916e-06,0.0,8.304724771764457e-06,8.346760958990311e-08,0.6106132531827879,0.06402255841110374,0.050000000000000024,-0.004034837380532567
2022-09-23,-0.0003818050077243868,6.510833823831726e-07,1.7440807940517956e-06,0.0,2.0592460856300086e-06,5.275411194819665e-07,0.12619238197738866,0.1385105350296116,0.04988362695664125,-0.00038678695910593374
2022-09-26,-0.0010090671370400664,1.4704444511473805e-06,1.6764335775994978e-06,0.0,1.303885213931488e-06,5.029651102628837e-07,0.12361903701365445,0.1343966752943405,0.04989853677017604,-0.0010140208653930075
2022-09-27,-0.00016054325283261012,4.595698355617354e-07,7.729160807817158e-07,0.0,2.860612367060461e-07,4.944867727150883e-07,0.053537904172870965,0.13300055403743516,0.04992677622130029,-0.0001625562867583747
2022-09-28,0.0014155177254150653,9.058575233446635e-07,1.5842841965578378e-06,0.0,1.6053051113524779e-06,2.2119193903307378e-07,0.1168186848640195,0.08762952836705784,0.05046928260950143,0.0014112010866447772
2022-09-29,-0.001253305072468722,2.0161091787844936e-06,2.7916870358298157e-06,0.0,1.9023032706022184e-06,6.22346439956455e-07,0.19215338258318443,0.15443057114096742,0.04987636922828301,-0.0012606375183938949
2022-09-30,-0.0010900710298786071,1.6830276569278867e-06,2.773863249999767e-06,0.0,1.5681546256135222e-06,4.520325382845582e-07,0.20742906096161154,0.12596675059071058,0.050025284158904795,-0.001096548107949433
2022-10-03,0.0014957580635953163,8.283139843273308e-07,1.2350888906811273e-06,0.0,7.202733172365454e-07,2.8845724192485656e-07,0.0830818572923362,0.09959853546834649,0.051137718824970556,0.0014926859301611466
2022-10-04,0.002595999181560088,1.4272547219374917e-06,3.6394812653218096e-06,0.0,2.4886610336471696e-06,1.3892609155146777e-06,0.22542214348566286,0.24481891272203082,0.011423078915564988,0.002587054523623667
2022-10-05,-0.00031456828496342914,2.4039975716993176e-06,4.267368761681482e-06,0.0,3.57435863987337e-06,7.862029324655797e-07,0.34655531387667204,0.18245285753076315,0.050370764876545786,-0.0003256002128691489
2022-10-06,-0.0010556713128698875,1.2714081990907647e-06,1.471691387515338e-06,0.0,1.3229646815823156e-06,6.778535453187128e-07,0.09565172650864753,0.16424577577776378,0.050366380164220015,-0.0010604152306833946
2022-10-07,-0.0020585827395805975,2.8176690412050573e-06,3.8018580288252665e-06,0.0,3.6732830926710726e-06,8.519502558080049e-07,0.23261465768821527,0.15696882645676222,0.013841183481017406,-0.0020697274999991067
2022-10-10,-0.0005163843923233875,8.273359128439237e-07,9.625802699395455e-07,0.0,1.0617215119745397e-06,7.553609956499696e-07,0.0985003809641492,0.17674020855832254,0.04983956128912765,-0.0005199913910137955
2022-10-11,-0.00023051390785060427,1.1043064096964074e-06,9.721133665754091e-07,0.0,1.2149393852267082e-06,5.222941586322357e-07,0.07069432799318345,0.1375841607466695,0.049838742096453885,-0.00023432756117073504
2022-10-12,0.0001888760812771716,1.4543068319273244e-06,2.868223765747752e-06,0.0,2.428618102885466e-06,4.4375802020396237e-07,0.21663952587925467,0.12446142946712709,0.04991008207286139,0.00018168117455640711
2022-10-13,0.0011679803541419444,1.0328279068656589e-06,1.4440380402577515e-06,0.0,1.7894428564990386e-06,5.88683216574998e-07,0.10194384668891662,0.14995135437707305,0.05105257399247342,0.001163125362121747
2022-10-14,-0.002775358851328507,2.289661869546537e-06,3.3254284495555072e-06,0.0,3.602836392718176e-06,1.1146123532812794e-06,0.24251764912401527,0.23747235607908648,0.050217480727831554,-0.002785691390393609
2022-10-17,0.0014660056040937735,1.1495356945493265e-06,1.2878625603449354e-06,0.0,1.4225590290958052e-06,1.0601462801943305e-06,0.08882513449921162,0.2293174641905082,0.051212889117860705,0.0014610855005295891
2022-10-18,0.0018497198302593572,1.1994542633811012e-06,1.8674980695476066e-06,0.0,1.548195736493828e-06,6.965487502648033e-07,0.13004961144667482,0.16966522228967534,0.05264503224518839,0.00184440813343967
2022-10-19,-0.00046320975378187374,2.8723192853130985e-06,3.97398802503241e-06,0.0,4.215296611978862e-06,1.3731746277535377e-06,0.18552899966578398,0.18117207327903967,-0.04952126418355466,-0.00047564453233195163
2022-10-20,-0.0008056407571222501,2.7880834920831074e-06,2.6358558575876044e-06,0.0,2.936068681739643e-06,1.128660264060199e-06,0.18025804112962182,0.13989064442006321,-0.04972427994205022,-0.0008151294254177207
2022-10-21,-0.0013253786614587527,1.2695756468179944e-06,7.376926462704125e-07,0.0,2.0206785095245597e-06,4.208582642337106e-07,0.13337532072879127,0.12007216988656522,0.049367981495301846,-0.0013298274665255994
2022-10-24,0.001123284348160399,9.73021622339721e-07,1.4676405920106722e-06,0.0,1.5319334683020665e-06,2.29940582799775e-07,0.10406236420491241,0.08878337602351513,0.05015335811315294,0.0011190818118949467
2022-10-25,0.0016817694243703393,1.4463023179910386e-06,4.1662731073247645e-06,0.0,1.8999356172308278e-06,1.68866277038602e-06,0.22967750033567025,0.23419982326154765,-0.04949552216330376,0.0016725682505574066
2022-10-26,0.0005828194551720509,1.8571967773873279e-06,2.224834031705502e-06,0.0,2.8406790981845837e-06,4.913121268954206e-07,0.21602457678446457,0.10901306272675812,0.026472625408327476,0.0005754054331378781
2022-10-27,0.0003986597497236831,8.368313092296515e-07,1.208163156800492e-06,0.0,1.9257174436033673e-06,2.2504226745070112e-07,0.10495645221156735,0.08781635241265733,0.05000925148093956,0.0003944639955465989
2022-10-28,-9.543118319107348e-05,7.135921232369353e-07,1.4821140551879983e-06,0.0,1.0363605025084385e-06,7.94168731308853e-08,0.10491411333877694,0.0634857718880089,0.05014373720202017,-9.874266674513774e-05
2022-10-31,-0.00046340013024494703,1.3683987791575196e-06,1.2511522004179271e-06,0.0,1.522623992249617e-06,1.6389580838218361e-07,0.08734235630095727,0.07749020305471964,0.0499557072465128,-0.0004677062010251543
2022-11-01,0.00039070136038179485,4.836951264916219e-07,4.845455667254217e-07,0.0,3.6801961180318973e-07,1.8734972722667362e-07,0.03470848700028979,0.08147475417408116,0.05,0.00038917775034954795
2022-11-02,-0.0019339643458162008,1.272835662744862e-06,1.2685640309581988e-06,0.0,1.2126677291052578e-06,2.0688084510700067e-07,0.08727542021290728,0.08482777379096845,0.050071791812992344,-0.001937925294084116
2022-11-03,-0.0008170800096755641,1.4033796114406948e-06,1.93763443585892e-06,0.0,2.139099047873321e-06,5.894639009367749e-07,0.13767101449366553,0.14901420937218912,0.049984274014810925,-0.0008231495866716738
2022-11-04,-0.00017374125048694034,1.1464163772003224e-06,2.0629501224083763e-06,0.0,1.3520321651275744e-06,6.376077822847645e-07,0.1453552312348588,0.15792824091150817,0.05081013348766779,-0.00017894025693396138
2022-11-07,0.0007485526822657504,9.51172481132192e-07,1.4164872441775853e-06,0.0,1.509746264573702e-06,4.858091794272965e-07,0.09755452810254503,0.1320130656728567,0.050397123529070886,0.0007441894670964396
2022-11-08,0.0006206319108435283,2.076369529486766e-06,3.424211554981612e-06,0.0,3.5971059764263218e-06,8.690349272407143e-07,0.23804850661510063,0.1802992559422225,0.03430138816578247,0.0006106651888553928
2022-11-09,-0.0003997474663941613,7.60349182296734e-07,2.0166718464903455e-06,0.0,1.002549792548761e-06,1.5005408526612427e-06,0.08705210984376713,0.21613720932000396,-0.035953653927084814,-0.00040502757806815836
2022-11-10,-0.00333134973199475,1.59220915685357e-06,3.554617104974442e-06,0.0,2.924777174896815e-06,1.091076044681931e-06,0.24191626724915322,0.13171039819310032,-0.05159037731346405,-0.003340512411476157
2022-11-11,-0.002445934844520058,2.2257748695570996e-06,1.3712450824872686e-06,0.0,3.5612204256182156e-06,6.239929924143357e-07,0.18197167708560222,0.15434220748947838,0.049511384763870035,-0.0024537170778901347
2022-11-14,-2.855265817286767e-05,2.7112418101203573e-06,5.457468583498523e-06,0.0,4.655621245635269e-06,2.1812841153593574e-06,0.40990292466347195,0.4164259913585222,0.04997025997815005,-4.355827392748118e-05
2022-11-15,-0.00022330069885312587,7.131248657816321e-07,1.0929967888191532e-06,0.0,1.712877050559855e-06,2.1724577928148658e-06,0.07974071458970945,0.4155825361240193,0.05060962693112184,-0.0002289921553511014
2022-11-16,0.002575930564530576,2.8247696084951457e-06,4.282801002185506e-06,0.0,4.520830578806881e-06,1.1779142088893878e-06,0.29708681020814875,0.2482236818271606,0.05033409473374349,0.002563124249132199
2022-11-17,0.00010376256979805324,2.8169816144531087e-06,5.869374069075333e-06,0.0,4.592490952572543e-06,1.7870149553617065e-06,0.32637447424313004,0.2501640823393526,-0.05005443016141402,8.869670820659055e-05
2022-11-18,-0.00021405889706154242,2.137701577307225e-06,2.072563016887857e-06,0.0,3.690136273023751e-06,6.495346540942235e-07,0.22534721620695525,0.15869287478634897,0.049571052898519416,-0.00022260883258285548
2022-11-21,-0.0007937584437400111,8.639164671514061e-07,2.7530196137210423e-06,0.0,1.1448923281754042e-06,6.222308833824989e-07,0.13492393854555576,0.07175859378023568,-0.03277619462802413,-0.0007991425030324414
2022-11-22,7.879786694972166e-05,5.07419816608314e-07,1.0682707161484729e-06,0.0,7.278097519302608e-07,6.662973440048628e-07,0.06614692704463188,0.061935952079581816,-0.05000200171323512,7.582806932102974e-05
2022-11-23,-0.00022341456202365305,6.805433754200936e-07,4.536205305348185e-07,0.0,6.140520857604709e-07,3.8612313848352237e-07,0.07085689161969765,0.062009547456354674,-0.002859139808877087,-0.00022554890115385196
2022-11-28,-0.0004115686510993351,3.87952914406593e-07,9.279446301507355e-07,0.0,8.274262530535478e-07,2.784168470311704e-07,0.06339132880274728,0.036396893828879215,-0.010377136472357416,-0.00041399039174397714
2022-11-29,1.0210300420152006e-05,5.91797248992364e-07,5.626051685047313e-07,0.0,7.894827776052692e-07,1.1704468438588549e-07,0.06852703432456758,0.04835500764198243,0.028691500665153673,8.149370540663756e-06
2022-11-30,0.000810180330522745,8.014782703483437e-07,2.1156997077763076e-06,0.0,9.911905066452568e-07,6.729998337714574e-07,0.0879190583927563,0.06311897167303168,-0.049945000400573175,0.0008055989622042036
2022-12-01,-0.00010023044220301416,9.614940051956532e-07,1.191106946266963e-06,0.0,1.1660804647660712e-06,5.968924608009087e-07,0.10515598927492625,0.0685821705888017,-0.03169576282575099,-0.00010414601608004377
2022-12-02,8.182196822552055e-05,5.099020644511891e-07,6.594839587717991e-07,0.0,5.94477429174728e-07,6.460105190109634e-07,0.02794016078331389,0.05848312321742885,-0.05004664397641301,7.941209425411187e-05
2022-12-05,0.000639811833166535,3.2671169223481457e-07,1.9213636843993812e-07,0.0,2.175928633381387e-07,2.8321066742545776e-07,0.03689491717494664,0.026770372405253675,-0.020809019722223227,0.0006387921815750967
2022-12-06,0.0002024918997632462,6.949881666146695e-07,1.0191845765383384e-06,0.0,8.238716641736962e-07,3.5912258054758704e-07,0.09777331515398593,0.07113215699440187,0.010799563462407236,0.00019959473277537192
2022-12-07,0.00023282736912047083,2.6508728571796466e-07,7.030021276542051e-07,0.0,4.976229747314632e-07,5.927500453165865e-07,0.06077818055765971,0.12096685272995265,0.021384845116766117,0.00023076890668705062
2022-12-08,0.0003220162858816227,4.840681410489482e-07,9.171270525350641e-07,0.0,1.0334209350598668e-06,3.5638412921521716e-07,0.07830868579889425,0.0944568475445208,0.03458431383636433,0.0003192252856237636
2022-12-09,-0.0001746304389849265,5.909077784070338e-07,2.8818520949667195e-06,0.0,1.099362941132556e-06,6.245164323016599e-07,0.1489168154549127,0.055066645599457516,-0.04985211502722134,-0.00017982707823173448
2022-12-12,-0.0005518887125572078,1.6108673388252146e-07,3.2911516209082686e-07,0.0,3.1374856118610805e-07,6.262769676918821e-07,0.023367121508110718,0.05527113050206547,-0.0499434000701707,-0.0005533189399820592
2022-12-13,-0.0004242931453896056,4.4162810599490386e-07,8.401051473863455e-07,0.0,5.28533367053258e-07,8.816868402160296e-07,0.062039300923928675,0.09816898354421102,-0.04995440561208196,-0.0004269850988502561
2022-12-14,0.0006314499708883899,2.8556477025413256e-07,3.971181635424781e-07,0.0,1.741543340235546e-07,9.016474532103371e-07,0.026881617908919117,0.10143556502856077,-0.05004120711077587,0.0006296914861673594
2022-12-15,0.001693343293139681,5.140808177522061e-07,8.249670117232543e-07,0.0,4.197204464379273e-07,8.014501407428503e-07,0.056918031723052015,0.08480613240679727,-0.04983749123800156,0.0016907830747230248
