date,gross_ret,commission,fees,spread,impact,borrow,turnover,gross_exposure,net_exposure,net_ret
2005-01-03,0.0,0.0,0.0,0.0,0.0,0.0,0.0,0.0,0.0,0.0
2005-01-04,0.0,0.0,0.0,0.0,0.0,0.0,0.0,0.0,0.0,0.0
2005-01-05,0.0,0.0,0.0,0.0,0.0,0.0,0.0,0.0,0.0,0.0
2005-01-06,0.0,0.0,0.0,0.0,0.0,0.0,0.0,0.0,0.0,0.0
2005-01-07,0.0,0.0,0.0,0.0,0.0,0.0,0.0,0.0,0.0,0.0
2005-01-10,0.0,0.0,0.0,0.0,0.0,0.0,0.0,0.0,0.0,0.0
2005-01-11,0.0,0.0,0.0,0.0,0.0,0.0,0.0,0.0,0.0,0.0
2005-01-12,0.0,0.0,0.0,0.0,0.0,0.0,0.0,0.0,0.0,0.0
2005-01-13,0.0,0.0,0.0,0.0,0.0,0.0,0.0,0.0,0.0,0.0
2005-01-14,0.0,0.0,0.0,0.0,0.0,0.0,0.0,0.0,0.0,0.0
2005-01-18,0.0,0.0,0.0,0.0,0.0,0.0,0.0,0.0,0.0,0.0
2005-01-19,0.0,0.0,0.0,0.0,0.0,0.0,0.0,0.0,0.0,0.0
2005-01-20,0.0,0.0,0.0,0.0,0.0,0.0,0.0,0.0,0.0,0.0
2005-01-21,0.0,0.0,0.0,0.0,0.0,0.0,0.0,0.0,0.0,0.0
2005-01-24,0.0,0.0,0.0,0.0,0.0,0.0,0.0,0.0,0.0,0.0
2005-01-25,0.0,0.0,0.0,0.0,0.0,0.0,0.0,0.0,0.0,0.0
2005-01-26,0.0,0.0,0.0,0.0,0.0,0.0,0.0,0.0,0.0,0.0
2005-01-27,0.0,0.0,0.0,0.0,0.0,0.0,0.0,0.0,0.0,0.0
2005-01-28,0.0,0.0,0.0,0.0,0.0,0.0,0.0,0.0,0.0,0.0
2005-01-31,0.0,0.0,0.0,0.0,0.0,0.0,0.0,0.0,0.0,0.0
2005-02-01,0.0,0.0,0.0,0.0,0.0,0.0,0.0,0.0,0.0,0.0
2005-02-02,0.0,0.0,0.0,0.0,0.0,0.0,0.0,0.0,0.0,0.0
2005-02-03,0.0,0.0,0.0,0.0,0.0,0.0,0.0,0.0,0.0,0.0
2005-02-04,0.0,0.0,0.0,0.0,0.0,0.0,0.0,0.0,0.0,0.0
2005-02-07,0.0,0.0,0.0,0.0,0.0,0.0,0.0,0.0,0.0,0.0
2005-02-08,0.0,0.0,0.0,0.0,0.0,0.0,0.0,0.0,0.0,0.0
2005-02-09,0.0,0.0,0.0,0.0,0.0,0.0,0.0,0.0,0.0,0.0
2005-02-10,0.0,0.0,0.0,0.0,0.0,0.0,0.0,0.0,0.0,0.0
2005-02-11,0.0,0.0,0.0,0.0,0.0,0.0,0.0,0.0,0.0,0.0
2005-02-14,0.0,0.0,0.0,0.0,0.0,0.0,0.0,0.0,0.0,0.0
2005-02-15,0.0,0.0,0.0,0.0,0.0,0.0,0.0,0.0,0.0,0.0
2005-02-16,0.0,0.0,0.0,0.0,0.0,0.0,0.0,0.0,0.0,0.0
2005-02-17,0.0,0.0,0.0,0.0,0.0,0.0,0.0,0.0,0.0,0.0
2005-02-18,0.0,0.0,0.0,0.0,0.0,0.0,0.0,0.0,0.0,0.0
2005-02-22,0.0,0.0,0.0,0.0,0.0,0.0,0.0,0.0,0.0,0.0
2005-02-23,0.0,0.0,0.0,0.0,0.0,0.0,0.0,0.0,0.0,0.0
2005-02-24,0.0,0.0,0.0,0.0,0.0,0.0,0.0,0.0,0.0,0.0
2005-02-25,0.0,0.0,0.0,0.0,0.0,0.0,0.0,0.0,0.0,0.0
2005-02-28,0.0,0.0,0.0,0.0,0.0,0.0,0.0,0.0,0.0,0.0
2005-03-01,0.0,0.0,0.0,0.0,0.0,0.0,0.0,0.0,0.0,0.0
2005-03-02,0.0,0.0,0.0,0.0,0.0,0.0,0.0,0.0,0.0,0.0
2005-03-03,0.0,0.0,0.0,0.0,0.0,0.0,0.0,0.0,0.0,0.0
2005-03-04,0.0,0.0,0.0,0.0,0.0,0.0,0.0,0.0,0.0,0.0
2005-03-07,0.0,0.0,0.0,0.0,0.0,0.0,0.0,0.0,0.0,0.0
2005-03-08,0.0,0.0,0.0,0.0,0.0,0.0,0.0,0.0,0.0,0.0
2005-03-09,0.0,0.0,0.0,0.0,0.0,0.0,0.0,0.0,0.0,0.0
2005-03-10,0.0,0.0,0.0,0.0,0.0,0.0,0.0,0.0,0.0,0.0
2005-03-11,0.0,0.0,0.0,0.0,0.0,0.0,0.0,0.0,0.0,0.0
2005-03-14,0.0,0.0,0.0,0.0,0.0,0.0,0.0,0.0,0.0,0.0
2005-03-15,0.0,0.0,0.0,0.0,0.0,0.0,0.0,0.0,0.0,0.0
2005-03-16,0.0,0.0,0.0,0.0,0.0,0.0,0.0,0.0,0.0,0.0
2005-03-17,0.0,0.0,0.0,0.0,0.0,0.0,0.0,0.0,0.0,0.0
2005-03-18,0.0,0.0,0.0,0.0,0.0,0.0,0.0,0.0,0.0,0.0
2005-03-21,0.0,0.0,0.0,0.0,0.0,0.0,0.0,0.0,0.0,0.0
2005-03-22,0.0,0.0,0.0,0.0,0.0,0.0,0.0,0.0,0.0,0.0
2005-03-23,0.0,0.0,0.0,0.0,0.0,0.0,0.0,0.0,0.0,0.0
2005-03-24,0.0,0.0,0.0,0.0,0.0,0.0,0.0,0.0,0.0,0.0
2005-03-28,0.0,0.0,0.0,0.0,0.0,0.0,0.0,0.0,0.0,0.0
2005-03-29,0.0,0.0,0.0,0.0,0.0,0.0,0.0,0.0,0.0,0.0
2005-03-30,0.0,0.0,0.0,0.0,0.0,0.0,0.0,0.0,0.0,0.0
2005-03-31,0.0,0.0,0.0,0.0,0.0,0.0,0.0,0.0,0.0,0.0
2005-04-01,0.0,0.0,0.0,0.0,0.0,0.0,0.0,0.0,0.0,0.0
2005-04-04,0.0,0.0,0.0,0.0,0.0,0.0,0.0,0.0,0.0,0.0
2005-04-05,0.0,0.0,0.0,0.0,0.0,0.0,0.0,0.0,0.0,0.0
2005-04-06,0.0,0.0,0.0,0.0,0.0,0.0,0.0,0.0,0.0,0.0
2005-04-07,0.0,0.0,0.0,0.0,0.0,0.0,0.0,0.0,0.0,0.0
2005-04-08,0.0,0.0,0.0,0.0,0.0,0.0,0.0,0.0,0.0,0.0
2005-04-11,0.0,0.0,0.0,0.0,0.0,0.0,0.0,0.0,0.0,0.0
2005-04-12,0.0,0.0,0.0,0.0,0.0,0.0,0.0,0.0,0.0,0.0
2005-04-13,0.0,0.0,0.0,0.0,0.0,0.0,0.0,0.0,0.0,0.0
2005-04-14,0.0,0.0,0.0,0.0,0.0,0.0,0.0,0.0,0.0,0.0
2005-04-15,0.0,0.0,0.0,0.0,0.0,0.0,0.0,0.0,0.0,0.0
2005-04-18,0.0,0.0,0.0,0.0,0.0,0.0,0.0,0.0,0.0,0.0
2005-04-19,0.0,0.0,0.0,0.0,0.0,0.0,0.0,0.0,0.0,0.0
2005-04-20,0.0,0.0,0.0,0.0,0.0,0.0,0.0,0.0,0.0,0.0
2005-04-21,0.0,0.0,0.0,0.0,0.0,0.0,0.0,0.0,0.0,0.0
2005-04-22,0.0,0.0,0.0,0.0,0.0,0.0,0.0,0.0,0.0,0.0
2005-04-25,0.0,0.0,0.0,0.0,0.0,0.0,0.0,0.0,0.0,0.0
2005-04-26,0.0,0.0,0.0,0.0,0.0,0.0,0.0,0.0,0.0,0.0
2005-04-27,0.0,0.0,0.0,0.0,0.0,0.0,0.0,0.0,0.0,0.0
2005-04-28,0.0,0.0,0.0,0.0,0.0,0.0,0.0,0.0,0.0,0.0
2005-04-29,0.0,0.0,0.0,0.0,0.0,0.0,0.0,0.0,0.0,0.0
2005-05-02,0.0,0.0,0.0,0.0,0.0,0.0,0.0,0.0,0.0,0.0
2005-05-03,0.0,0.0,0.0,0.0,0.0,0.0,0.0,0.0,0.0,0.0
2005-05-04,0.0,0.0,0.0,0.0,0.0,0.0,0.0,0.0,0.0,0.0
2005-05-05,0.0,0.0,0.0,0.0,0.0,0.0,0.0,0.0,0.0,0.0
2005-05-06,0.0,0.0,0.0,0.0,0.0,0.0,0.0,0.0,0.0,0.0
2005-05-09,0.0,0.0,0.0,0.0,0.0,0.0,0.0,0.0,0.0,0.0
2005-05-10,0.0,0.0,0.0,0.0,0.0,0.0,0.0,0.0,0.0,0.0
2005-05-11,0.0,0.0,0.0,0.0,0.0,0.0,0.0,0.0,0.0,0.0
2005-05-12,0.0,0.0,0.0,0.0,0.0,0.0,0.0,0.0,0.0,0.0
2005-05-13,0.0,0.0,0.0,0.0,0.0,0.0,0.0,0.0,0.0,0.0
2005-05-16,0.0,0.0,0.0,0.0,0.0,0.0,0.0,0.0,0.0,0.0
2005-05-17,0.0,0.0,0.0,0.0,0.0,0.0,0.0,0.0,0.0,0.0
2005-05-18,0.0,0.0,0.0,0.0,0.0,0.0,0.0,0.0,0.0,0.0
2005-05-19,0.0,0.0,0.0,0.0,0.0,0.0,0.0,0.0,0.0,0.0
2005-05-20,0.0,0.0,0.0,0.0,0.0,0.0,0.0,0.0,0.0,0.0
2005-05-23,0.0,0.0,0.0,0.0,0.0,0.0,0.0,0.0,0.0,0.0
2005-05-24,0.0,0.0,0.0,0.0,0.0,0.0,0.0,0.0,0.0,0.0
2005-05-25,0.0,0.0,0.0,0.0,0.0,0.0,0.0,0.0,0.0,0.0
2005-05-26,0.0,0.0,0.0,0.0,0.0,0.0,0.0,0.0,0.0,0.0
2005-05-27,0.0,0.0,0.0,0.0,0.0,0.0,0.0,0.0,0.0,0.0
2005-05-31,0.0,0.0,0.0,0.0,0.0,0.0,0.0,0.0,0.0,0.0
2005-06-01,0.0,0.0,0.0,0.0,0.0,0.0,0.0,0.0,0.0,0.0
2005-06-02,0.0,0.0,0.0,0.0,0.0,0.0,0.0,0.0,0.0,0.0
2005-06-03,0.0,0.0,0.0,0.0,0.0,0.0,0.0,0.0,0.0,0.0
2005-06-06,0.0,0.0,0.0,0.0,0.0,0.0,0.0,0.0,0.0,0.0
2005-06-07,0.0,0.0,0.0,0.0,0.0,0.0,0.0,0.0,0.0,0.0
2005-06-08,0.0,0.0,0.0,0.0,0.0,0.0,0.0,0.0,0.0,0.0
2005-06-09,0.0,0.0,0.0,0.0,0.0,0.0,0.0,0.0,0.0,0.0
2005-06-10,0.0,0.0,0.0,0.0,0.0,0.0,0.0,0.0,0.0,0.0
2005-06-13,0.0,0.0,0.0,0.0,0.0,0.0,0.0,0.0,0.0,0.0
2005-06-14,0.0,0.0,0.0,0.0,0.0,0.0,0.0,0.0,0.0,0.0
2005-06-15,0.0,0.0,0.0,0.0,0.0,0.0,0.0,0.0,0.0,0.0
2005-06-16,0.0,0.0,0.0,0.0,0.0,0.0,0.0,0.0,0.0,0.0
2005-06-17,0.0,0.0,0.0,0.0,0.0,0.0,0.0,0.0,0.0,0.0
2005-06-20,0.0,0.0,0.0,0.0,0.0,0.0,0.0,0.0,0.0,0.0
2005-06-21,0.0,0.0,0.0,0.0,0.0,0.0,0.0,0.0,0.0,0.0
2005-06-22,0.0,0.0,0.0,0.0,0.0,0.0,0.0,0.0,0.0,0.0
2005-06-23,0.0,0.0,0.0,0.0,0.0,0.0,0.0,0.0,0.0,0.0
2005-06-24,0.0,0.0,0.0,0.0,0.0,0.0,0.0,0.0,0.0,0.0
2005-06-27,0.0,0.0,0.0,0.0,0.0,0.0,0.0,0.0,0.0,0.0
2005-06-28,0.0,0.0,0.0,0.0,0.0,0.0,0.0,0.0,0.0,0.0
2005-06-29,0.0,0.0,0.0,0.0,0.0,0.0,0.0,0.0,0.0,0.0
2005-06-30,0.0,0.0,0.0,0.0,0.0,0.0,0.0,0.0,0.0,0.0
2005-07-01,0.0,0.0,0.0,0.0,0.0,0.0,0.0,0.0,0.0,0.0
2005-07-05,0.0,0.0,0.0,0.0,0.0,0.0,0.0,0.0,0.0,0.0
2005-07-06,0.0,0.0,0.0,0.0,0.0,0.0,0.0,0.0,0.0,0.0
2005-07-07,0.0,0.0,0.0,0.0,0.0,0.0,0.0,0.0,0.0,0.0
2005-07-08,0.0,0.0,0.0,0.0,0.0,0.0,0.0,0.0,0.0,0.0
2005-07-11,0.0,0.0,0.0,0.0,0.0,0.0,0.0,0.0,0.0,0.0
2005-07-12,0.0,0.0,0.0,0.0,0.0,0.0,0.0,0.0,0.0,0.0
2005-07-13,0.0,0.0,0.0,0.0,0.0,0.0,0.0,0.0,0.0,0.0
2005-07-14,0.0,0.0,0.0,0.0,0.0,0.0,0.0,0.0,0.0,0.0
2005-07-15,0.0,0.0,0.0,0.0,0.0,0.0,0.0,0.0,0.0,0.0
2005-07-18,0.0,0.0,0.0,0.0,0.0,0.0,0.0,0.0,0.0,0.0
2005-07-19,0.0,0.0,0.0,0.0,0.0,0.0,0.0,0.0,0.0,0.0
2005-07-20,0.0,0.0,0.0,0.0,0.0,0.0,0.0,0.0,0.0,0.0
2005-07-21,0.0,0.0,0.0,0.0,0.0,0.0,0.0,0.0,0.0,0.0
2005-07-22,0.0,0.0,0.0,0.0,0.0,0.0,0.0,0.0,0.0,0.0
2005-07-25,0.0,0.0,0.0,0.0,0.0,0.0,0.0,0.0,0.0,0.0
2005-07-26,0.0,0.0,0.0,0.0,0.0,0.0,0.0,0.0,0.0,0.0
2005-07-27,0.0,0.0,0.0,0.0,0.0,0.0,0.0,0.0,0.0,0.0
2005-07-28,0.0,0.0,0.0,0.0,0.0,0.0,0.0,0.0,0.0,0.0
2005-07-29,0.0,0.0,0.0,0.0,0.0,0.0,0.0,0.0,0.0,0.0
2005-08-01,0.0,0.0,0.0,0.0,0.0,0.0,0.0,0.0,0.0,0.0
2005-08-02,0.0,0.0,0.0,0.0,0.0,0.0,0.0,0.0,0.0,0.0
2005-08-03,0.0,0.0,0.0,0.0,0.0,0.0,0.0,0.0,0.0,0.0
2005-08-04,0.0,0.0,0.0,0.0,0.0,0.0,0.0,0.0,0.0,0.0
2005-08-05,0.0,0.0,0.0,0.0,0.0,0.0,0.0,0.0,0.0,0.0
2005-08-08,0.0,0.0,0.0,0.0,0.0,0.0,0.0,0.0,0.0,0.0
2005-08-09,0.0,0.0,0.0,0.0,0.0,0.0,0.0,0.0,0.0,0.0
2005-08-10,0.0,0.0,0.0,0.0,0.0,0.0,0.0,0.0,0.0,0.0
2005-08-11,0.0,0.0,0.0,0.0,0.0,0.0,0.0,0.0,0.0,0.0
2005-08-12,0.0,0.0,0.0,0.0,0.0,0.0,0.0,0.0,0.0,0.0
2005-08-15,0.0,0.0,0.0,0.0,0.0,0.0,0.0,0.0,0.0,0.0
2005-08-16,0.0,0.0,0.0,0.0,0.0,0.0,0.0,0.0,0.0,0.0
2005-08-17,0.0,0.0,0.0,0.0,0.0,0.0,0.0,0.0,0.0,0.0
2005-08-18,0.0,0.0,0.0,0.0,0.0,0.0,0.0,0.0,0.0,0.0
2005-08-19,0.0,0.0,0.0,0.0,0.0,0.0,0.0,0.0,0.0,0.0
2005-08-22,0.0,0.0,0.0,0.0,0.0,0.0,0.0,0.0,0.0,0.0
2005-08-23,0.0,0.0,0.0,0.0,0.0,0.0,0.0,0.0,0.0,0.0
2005-08-24,0.0,0.0,0.0,0.0,0.0,0.0,0.0,0.0,0.0,0.0
2005-08-25,0.0,0.0,0.0,0.0,0.0,0.0,0.0,0.0,0.0,0.0
2005-08-26,0.0,0.0,0.0,0.0,0.0,0.0,0.0,0.0,0.0,0.0
2005-08-29,0.0,0.0,0.0,0.0,0.0,0.0,0.0,0.0,0.0,0.0
2005-08-30,0.0,0.0,0.0,0.0,0.0,0.0,0.0,0.0,0.0,0.0
2005-08-31,0.0,0.0,0.0,0.0,0.0,0.0,0.0,0.0,0.0,0.0
2005-09-01,0.0,0.0,0.0,0.0,0.0,0.0,0.0,0.0,0.0,0.0
2005-09-02,0.0,0.0,0.0,0.0,0.0,0.0,0.0,0.0,0.0,0.0
2005-09-06,0.0,0.0,0.0,0.0,0.0,0.0,0.0,0.0,0.0,0.0
2005-09-07,0.0,0.0,0.0,0.0,0.0,0.0,0.0,0.0,0.0,0.0
2005-09-08,0.0,0.0,0.0,0.0,0.0,0.0,0.0,0.0,0.0,0.0
2005-09-09,0.0,0.0,0.0,0.0,0.0,0.0,0.0,0.0,0.0,0.0
2005-09-12,0.0,0.0,0.0,0.0,0.0,0.0,0.0,0.0,0.0,0.0
2005-09-13,0.0,0.0,0.0,0.0,0.0,0.0,0.0,0.0,0.0,0.0
2005-09-14,0.0,0.0,0.0,0.0,0.0,0.0,0.0,0.0,0.0,0.0
2005-09-15,0.0,0.0,0.0,0.0,0.0,0.0,0.0,0.0,0.0,0.0
2005-09-16,0.0,0.0,0.0,0.0,0.0,0.0,0.0,0.0,0.0,0.0
2005-09-19,0.0,0.0,0.0,0.0,0.0,0.0,0.0,0.0,0.0,0.0
2005-09-20,0.0,0.0,0.0,0.0,0.0,0.0,0.0,0.0,0.0,0.0
2005-09-21,0.0,0.0,0.0,0.0,0.0,0.0,0.0,0.0,0.0,0.0
2005-09-22,0.0,0.0,0.0,0.0,0.0,0.0,0.0,0.0,0.0,0.0
2005-09-23,0.0,0.0,0.0,0.0,0.0,0.0,0.0,0.0,0.0,0.0
2005-09-26,0.0,0.0,0.0,0.0,0.0,0.0,0.0,0.0,0.0,0.0
2005-09-27,0.0,0.0,0.0,0.0,0.0,0.0,0.0,0.0,0.0,0.0
2005-09-28,0.0,0.0,0.0,0.0,0.0,0.0,0.0,0.0,0.0,0.0
2005-09-29,0.0,0.0,0.0,0.0,0.0,0.0,0.0,0.0,0.0,0.0
2005-09-30,0.0,0.0,0.0,0.0,0.0,0.0,0.0,0.0,0.0,0.0
2005-10-03,0.0,0.0,0.0,0.0,0.0,0.0,0.0,0.0,0.0,0.0
2005-10-04,0.0,0.0,0.0,0.0,0.0,0.0,0.0,0.0,0.0,0.0
2005-10-05,0.0,0.0,0.0,0.0,0.0,0.0,0.0,0.0,0.0,0.0
2005-10-06,0.0,0.0,0.0,0.0,0.0,0.0,0.0,0.0,0.0,0.0
2005-10-07,0.0,0.0,0.0,0.0,0.0,0.0,0.0,0.0,0.0,0.0
2005-10-10,0.0,0.0,0.0,0.0,0.0,0.0,0.0,0.0,0.0,0.0
2005-10-11,0.0,0.0,0.0,0.0,0.0,0.0,0.0,0.0,0.0,0.0
2005-10-12,0.0,0.0,0.0,0.0,0.0,0.0,0.0,0.0,0.0,0.0
2005-10-13,0.0,0.0,0.0,0.0,0.0,0.0,0.0,0.0,0.0,0.0
2005-10-14,0.0,0.0,0.0,0.0,0.0,0.0,0.0,0.0,0.0,0.0
2005-10-17,0.0,0.0,0.0,0.0,0.0,0.0,0.0,0.0,0.0,0.0
2005-10-18,0.0,0.0,0.0,0.0,0.0,0.0,0.0,0.0,0.0,0.0
2005-10-19,0.0,0.0,0.0,0.0,0.0,0.0,0.0,0.0,0.0,0.0
2005-10-20,0.0,0.0,0.0,0.0,0.0,0.0,0.0,0.0,0.0,0.0
2005-10-21,0.0,0.0,0.0,0.0,0.0,0.0,0.0,0.0,0.0,0.0
2005-10-24,0.0,0.0,0.0,0.0,0.0,0.0,0.0,0.0,0.0,0.0
2005-10-25,0.0,0.0,0.0,0.0,0.0,0.0,0.0,0.0,0.0,0.0
2005-10-26,0.0,0.0,0.0,0.0,0.0,0.0,0.0,0.0,0.0,0.0
2005-10-27,0.0,0.0,0.0,0.0,0.0,0.0,0.0,0.0,0.0,0.0
2005-10-28,0.0,0.0,0.0,0.0,0.0,0.0,0.0,0.0,0.0,0.0
2005-10-31,0.0,0.0,0.0,0.0,0.0,0.0,0.0,0.0,0.0,0.0
2005-11-01,0.0,0.0,0.0,0.0,0.0,0.0,0.0,0.0,0.0,0.0
2005-11-02,0.0,0.0,0.0,0.0,0.0,0.0,0.0,0.0,0.0,0.0
2005-11-03,0.0,0.0,0.0,0.0,0.0,0.0,0.0,0.0,0.0,0.0
2005-11-04,0.0,0.0,0.0,0.0,0.0,0.0,0.0,0.0,0.0,0.0
2005-11-07,0.0,0.0,0.0,0.0,0.0,0.0,0.0,0.0,0.0,0.0
2005-11-08,0.0,0.0,0.0,0.0,0.0,0.0,0.0,0.0,0.0,0.0
2005-11-09,0.0,0.0,0.0,0.0,0.0,0.0,0.0,0.0,0.0,0.0
2005-11-10,0.0,0.0,0.0,0.0,0.0,0.0,0.0,0.0,0.0,0.0
2005-11-11,0.0,0.0,0.0,0.0,0.0,0.0,0.0,0.0,0.0,0.0
2005-11-14,0.0,0.0,0.0,0.0,0.0,0.0,0.0,0.0,0.0,0.0
2005-11-15,0.0,0.0,0.0,0.0,0.0,0.0,0.0,0.0,0.0,0.0
2005-11-16,0.0,0.0,0.0,0.0,0.0,0.0,0.0,0.0,0.0,0.0
2005-11-17,0.0,0.0,0.0,0.0,0.0,0.0,0.0,0.0,0.0,0.0
2005-11-18,0.0,0.0,0.0,0.0,0.0,0.0,0.0,0.0,0.0,0.0
2005-11-21,0.0,0.0,0.0,0.0,0.0,0.0,0.0,0.0,0.0,0.0
2005-11-22,0.0,0.0,0.0,0.0,0.0,0.0,0.0,0.0,0.0,0.0
2005-11-23,0.0,0.0,0.0,0.0,0.0,0.0,0.0,0.0,0.0,0.0
2005-11-28,0.0,0.0,0.0,0.0,0.0,0.0,0.0,0.0,0.0,0.0
2005-11-29,0.0,0.0,0.0,0.0,0.0,0.0,0.0,0.0,0.0,0.0
2005-11-30,0.0,0.0,0.0,0.0,0.0,0.0,0.0,0.0,0.0,0.0
2005-12-01,0.0,0.0,0.0,0.0,0.0,0.0,0.0,0.0,0.0,0.0
2005-12-02,0.0,0.0,0.0,0.0,0.0,0.0,0.0,0.0,0.0,0.0
2005-12-05,0.0,0.0,0.0,0.0,0.0,0.0,0.0,0.0,0.0,0.0
2005-12-06,0.0,0.0,0.0,0.0,0.0,0.0,0.0,0.0,0.0,0.0
2005-12-07,0.0,0.0,0.0,0.0,0.0,0.0,0.0,0.0,0.0,0.0
2005-12-08,0.0,0.0,0.0,0.0,0.0,0.0,0.0,0.0,0.0,0.0
2005-12-09,0.0,0.0,0.0,0.0,0.0,0.0,0.0,0.0,0.0,0.0
2005-12-12,0.0,0.0,0.0,0.0,0.0,0.0,0.0,0.0,0.0,0.0
2005-12-13,0.0,0.0,0.0,0.0,0.0,0.0,0.0,0.0,0.0,0.0
2005-12-14,0.0,0.0,0.0,0.0,0.0,0.0,0.0,0.0,0.0,0.0
2005-12-15,0.0,0.0,0.0,0.0,0.0,0.0,0.0,0.0,0.0,0.0
2005-12-16,0.0,0.0,0.0,0.0,0.0,0.0,0.0,0.0,0.0,0.0
2005-12-19,0.0,0.0,0.0,0.0,0.0,0.0,0.0,0.0,0.0,0.0
2005-12-20,0.0,0.0,0.0,0.0,0.0,0.0,0.0,0.0,0.0,0.0
2005-12-21,0.0,0.0,0.0,0.0,0.0,0.0,0.0,0.0,0.0,0.0
2005-12-22,0.0,0.0,0.0,0.0,0.0,0.0,0.0,0.0,0.0,0.0
2005-12-23,0.0,0.0,0.0,0.0,0.0,0.0,0.0,0.0,0.0,0.0
2005-12-27,0.0,0.0,0.0,0.0,0.0,0.0,0.0,0.0,0.0,0.0
2005-12-28,0.0,0.0,0.0,0.0,0.0,0.0,0.0,0.0,0.0,0.0
2005-12-29,0.0,0.0,0.0,0.0,0.0,0.0,0.0,0.0,0.0,0.0
2005-12-30,0.0,3.3988665842765928e-06,9.290191194145535e-07,0.0,2.5172159685891374e-06,3.3074207782742517e-07,0.10556466907500739,0.10556466907500739,0.04999999999999997,-7.175843750107708e-06
2006-01-03,0.0005591722204141072,4.880268739373476e-06,2.2897144509029625e-06,0.0,3.725536894428817e-06,9.530966419799509e-07,0.11324496924642735,0.1980527587078707,0.037932522855239036,0.000547323603687422
2006-01-04,0.0009799959487270758,1.2606706163634589e-05,7.39992225419898e-06,0.0,2.0664961759430146e-05,3.3672031086564484e-06,0.3703554250864092,0.5271978254665951,-0.03849229678768814,0.0009359571554411557
2006-01-05,-0.0010942088088516254,1.5194856843437708e-05,8.418930979919883e-06,0.0,2.1675109415783435e-05,3.7291283516775883e-06,0.4565660001104273,0.5762180382672831,-0.05027552481455206,-0.001143226834442444
2006-01-06,-0.0007094701219358745,1.6298991331479533e-05,8.209236815056113e-06,0.0,2.8472913357656798e-05,4.497132694862158e-06,0.5062874729867106,0.7057106735663522,-0.04980761917049037,-0.0007669483961349292
2006-01-09,5.5754211624903245e-05,1.3978742563224342e-05,7.312009671151652e-06,0.0,2.5206740156794594e-05,4.315931057669288e-06,0.44172012653108006,0.673571062271769,-0.051505355416671283,4.940788176063366e-06
2006-01-10,-0.0009936181320866918,1.8717557181754206e-05,1.0994470607464998e-05,0.0,2.2026783621015576e-05,5.308396331239092e-06,0.6437754748965754,0.8402112875653525,-0.051599296082814855,-0.0010506653398281657
2006-01-11,-0.002323135606944197,2.1001424923849024e-05,1.0005267727363816e-05,0.0,4.069082952757573e-05,5.778165807731018e-06,0.596415116459016,0.9188814354296142,-0.05185042026919737,-0.002400611294930717
2006-01-12,0.0018283016628554472,2.9695519178758252e-05,1.3193432329503886e-05,0.0,5.179982482992027e-05,5.902843994970779e-06,0.7917709957555414,0.9412250372151357,-0.050452753939955165,0.001727710042522294
2006-01-13,0.002822327104780902,2.20971531293126e-05,1.2688022530903525e-05,0.0,3.784146492357709e-05,6.491796371201553e-06,0.7278498964955266,1.0410371293760416,-0.049584660985820025,0.0027432086678259074
2006-01-17,-0.000976989839209494,2.7642946266135572e-05,1.3743519153129722e-05,0.0,4.7877506333882295e-05,6.886049647492437e-06,0.7761658613635367,1.105770409856841,-0.051085930921888234,-0.001073139860610134
2006-01-18,0.001430875060758393,2.7981272319291573e-05,1.3120009473564431e-05,0.0,4.783852958699877e-05,5.509044561392253e-06,0.8063325240352909,0.8746063192182577,-0.05091316709564091,0.0013364262048171458
2006-01-19,9.474847460034227e-05,2.8354791890071874e-05,1.1995628480432928e-05,0.0,4.504514589903306e-05,5.506220881327879e-06,0.6762685139447525,0.8816774081182791,-0.04336769994480451,3.846687449476525e-06
2006-01-20,-0.0011934065315375132,3.02066724442437e-05,1.24787322381936e-05,0.0,5.4446525757732415e-05,5.147998381420772e-06,0.755064140950854,0.9142794934919315,0.0494157654132413,-0.0012956864603591036
2006-01-23,-0.0005357207174103826,3.315890437197113e-05,1.2971193475233554e-05,0.0,4.9269958562473434e-05,5.382621570283678e-06,0.7160292161028066,0.9541514560969386,0.04987103228928043,-0.0006365033953903443
2006-01-24,-0.0010139517037438253,2.973731701936966e-05,1.3351787711480655e-05,0.0,4.0721596853815305e-05,7.226612519806209e-06,0.8449187274936235,1.2653714302289027,0.051300526901459975,-0.001104989017848297
2006-01-25,-0.001964190353602074,3.709564587009725e-05,1.675127506032265e-05,0.0,5.031996869161143e-05,6.582531281334613e-06,0.8763893594764959,1.1526009568037296,0.04673570153951481,-0.00207493977450544
2006-01-26,0.003231631361457356,2.8927805551022452e-05,1.320100198258055e-05,0.0,3.736497736824453e-05,6.129384974261221e-06,0.6653198184104754,1.0784835947475535,0.04874691907166892,0.003146008191581247
2006-01-27,-0.0017337172613199599,3.320753357519035e-05,1.5936499084614752e-05,0.0,5.287643922906216e-05,6.64942277722593e-06,0.8758432673256533,1.105172192064892,-0.011930834509064112,-0.001842387155986053
2006-01-30,0.004195849738283301,2.8719466757764272e-05,1.0282033941942016e-05,0.0,3.8478613149626e-05,5.7794092544310966e-06,0.6413120025943444,1.0210471950302837,0.05010644028585981,0.0041125902151795376
2006-01-31,0.003282625891742735,3.0138212322335815e-05,1.3450543307705784e-05,0.0,4.63748719636236e-05,5.810535781887964e-06,0.7667476994804248,1.0278680852473199,0.05169807389014186,0.003186851728367182
2006-02-01,0.0025361382756218503,3.9856558328286266e-05,1.6980441652514084e-05,0.0,6.947275823703939e-05,6.253716022527947e-06,0.9976299750808592,1.101050696545649,0.0504264047609535,0.0024035748013814828
2006-02-02,0.00159960837928107,2.714396183654555e-05,1.3653558715216338e-05,0.0,4.196728454067469e-05,6.286669504861838e-06,0.7465345765013037,1.1043189416702002,0.04815846485341191,0.0015105569046837716
2006-02-03,-0.0001538668501133943,3.0095072590403126e-05,1.7792522940926038e-05,0.0,4.89666143832622e-05,5.6896491773666675e-06,1.0039198676372958,1.0030868819002314,0.047225820102631086,-0.0002564107092053523
2006-02-06,0.0017796897434453865,2.787706562593849e-05,1.1363920110877917e-05,0.0,3.958637576042022e-05,5.264123830800917e-06,0.6451288394459499,0.9327536060473011,0.04838080247274787,0.001695598258117349
2006-02-07,0.001091879316684901,3.509180152104938e-05,1.6544050096907664e-05,0.0,5.1888618631444074e-05,6.35603748291375e-06,0.9180086247757434,1.115425943635229,0.047611646505718835,0.0009819988089525861
2006-02-08,0.0005587717236773352,3.1132430185875325e-05,1.4193938146003056e-05,0.0,4.163143124717168e-05,5.206076260956025e-06,0.818765036604284,0.9246913178353964,0.05007050599478485,0.0004666078478373291
2006-02-09,0.001871223431025577,3.4710313650882974e-05,1.6272327860485877e-05,0.0,4.9037471589486156e-05,5.203087155618844e-06,0.8573382451754614,0.880137900885637,0.006019258741671321,0.001766000230769103
2006-02-10,-0.0003205515416416028,3.587416017737502e-05,1.320913128224157e-05,0.0,5.255875931874434e-05,5.260904271795145e-06,0.7723682891619921,0.8951889967802411,0.011357079118656917,-0.00042745449669175887
2006-02-13,0.00026415459788189347,2.7537866604954126e-05,1.597287394429658e-05,0.0,4.134790577213622e-05,7.067852888665845e-06,0.8674610964535543,1.1384553315630415,-0.048943953732820455,0.0001722280986718407
2006-02-14,-0.0013735755543962487,2.902636704642975e-05,1.4309219076462706e-05,0.0,5.2481749807843955e-05,7.213385607041835e-06,0.7863599844709128,1.1606948955129885,-0.05115388647003932,-0.0014766062759340268
2006-02-15,0.0012201159135451138,3.116992310564335e-05,1.3970444244917908e-05,0.0,5.273832164960932e-05,7.135279731041486e-06,0.820061504109557,1.148249671347458,-0.05047732346751227,0.0011151019448139017
2006-02-16,-0.00033618968880292434,2.9690363788255862e-05,1.3355543732173493e-05,0.0,4.366275880093122e-05,6.392212009750544e-06,0.798329850582619,1.0239907215339177,-0.049900896104174336,-0.00042929056713403546
2006-02-17,0.0009312931674887318,3.219278739041978e-05,1.2386481070932572e-05,0.0,4.118004895643305e-05,5.715453533588775e-06,0.7209211918602025,0.9109534319700088,-0.049242761672905505,0.0008398183965373576
2006-02-21,0.00044016005664882223,3.6458168524213365e-05,1.613992291032915e-05,0.0,5.0739544961035835e-05,7.0629102409872945e-06,1.066821525387685,1.2371646823145515,0.05059576182868597,0.0003297595100122566
2006-02-22,-0.0036228712514059097,2.5692173199862303e-05,1.17779146886234e-05,0.0,3.2237557216908895e-05,7.42705322866504e-06,0.6781759939165389,1.2989362688204964,0.051191326404769755,-0.0037000059497399695
2006-02-23,0.0007914100184624257,2.6935616190420315e-05,1.2324842524928871e-05,0.0,4.083375074772337e-05,7.77443208822417e-06,0.7362624413235981,1.3583710363126458,0.05226644549098464,0.000703541376911129
2006-02-24,-0.000567141601797749,3.219698674533598e-05,1.772348568136965e-05,0.0,4.809008552539136e-05,6.173936135433366e-06,0.9676369241828895,1.087826620351603,0.05060534959879723,-0.0006713260958852793
2006-02-27,-0.001661565102371298,2.989741056521797e-05,1.2741551178071483e-05,0.0,4.0914287418768956e-05,7.201832025158375e-06,0.731968524513847,1.260323173941338,0.05041539371473097,-0.0017523201835585147
2006-02-28,-6.33451749635839e-05,2.5199206286174764e-05,1.192360449220253e-05,0.0,3.967495786454427e-05,6.899792442533908e-06,0.6744549406706002,1.207063296647885,0.04789816630218835,-0.00014704273604903938
2006-03-01,0.0013659288891129594,2.5026816977426916e-05,1.1190178390695166e-05,0.0,3.5368231590000396e-05,6.665489337641138e-06,0.6753866224764906,1.1725184823685,0.05271627364478865,0.0012876781728171959
2006-03-02,0.0016528465922525076,2.8052289857519987e-05,1.5109864127512888e-05,0.0,4.0062530398256955e-05,4.8782970549992e-06,0.8470883622271076,0.8698082520561304,0.05025434681626535,0.0015647436108142186
2006-03-03,-0.0002760907257636995,3.337203542558984e-05,1.4846390467026054e-05,0.0,4.5632416916839315e-05,6.6335870033980825e-06,0.9293895492593316,1.1650660177246186,0.05062340115374098,-0.0003765751555765528
2006-03-06,3.269052627086319e-05,3.288890090027996e-05,1.550238153995327e-05,0.0,4.0220707059957415e-05,6.318665640976129e-06,0.8455813180365412,1.1116704974696006,0.05013466978561065,-6.224012887030359e-05
2006-03-07,-0.000867371996746348,3.074032395619411e-05,1.6819544968948548e-05,0.0,3.654361556393726e-05,6.3365409565444306e-06,0.7825251453679796,1.0152449566297301,-0.04929392406973415,-0.0009578120221919724
2006-03-08,0.0011362886650200623,3.327239531130517e-05,1.1467920202052273e-05,0.0,3.9358492983746536e-05,5.830764621557863e-06,0.7677228237285654,1.031337527454962,0.05176907103324094,0.0010463590919014005
2006-03-09,-0.0021288114746077463,2.752556188547134e-05,1.1792451326200128e-05,0.0,3.5969298623937394e-05,6.299905997420378e-06,0.6204343127561864,1.1078319154197527,0.04944770785312916,-0.0022103986924407754
2006-03-10,0.0011579901876365788,3.894850931747196e-05,2.1327418070369357e-05,0.0,5.6572460184992204e-05,7.60225879325693e-06,1.0870364145760147,1.2274496191546387,-0.04972985811252509,0.0010335395412704885
2006-03-13,-0.0005901284608319366,2.5258775798636796e-05,1.2619362621882568e-05,0.0,3.6944387946968736e-05,5.905052548477174e-06,0.7372377714507734,0.9412983846152951,-0.050750443528869996,-0.0006708560397479019
2006-03-14,0.003663912516480033,2.2158853935403902e-05,9.814830423397942e-06,0.0,2.3234645802002252e-05,6.3976744740457975e-06,0.5982732321417658,1.0287279177573185,-0.04608139388237553,0.003602306511845183
2006-03-15,-0.000464445002561562,3.015037204709074e-05,1.2318256892247107e-05,0.0,4.563427559191087e-05,7.48782103432125e-06,0.7524224648860056,1.2167970057519684,-0.04115692801400184,-0.0005600357281271319
2006-03-16,0.000992307043006294,2.5373986220215196e-05,1.2081360708669356e-05,0.0,4.467009652506649e-05,6.95131572295707e-06,0.6953990587648241,1.1301732042674244,-0.037647837189363625,0.000903230283829386
2006-03-17,0.0005179345582629895,2.2800438401883256e-05,1.1698606743024103e-05,0.0,3.512161475571078e-05,6.641508386152131e-06,0.6517363571993425,1.0675618869946255,-0.0482115218789321,0.00044167238997621923
2006-03-20,0.0020685372003227363,3.5771925906500356e-05,1.612124434263166e-05,0.0,4.623100390788718e-05,7.759627147531531e-06,1.0615958866616602,1.3557147942060135,0.05209743342071693,0.0019626533990181856
2006-03-21,0.0011393809756453997,4.310481216290523e-05,2.6009664581031175e-05,0.0,4.7842528466885575e-05,6.853561988673076e-06,1.3360701573116902,1.1028373603249833,-0.048561053772093826,0.0010155704084459046
2006-03-22,0.0018086466941683401,2.5262661227139204e-05,1.1866109517181852e-05,0.0,3.191325501290479e-05,5.7937959553958305e-06,0.7363794158851703,0.940871094780452,-0.032486625726046665,0.0017338108724557185
2006-03-23,-0.00067310451750867,2.484480462049884e-05,1.0008318093739628e-05,0.0,3.480001057108626e-05,5.4626271151977e-06,0.6972237951237783,0.9676046217716618,0.04988326641844812,-0.0007482202779091925
2006-03-24,0.0002763218302399712,1.7011907232243913e-05,9.205194167043132e-06,0.0,2.367866947477874e-05,5.1822063742810436e-06,0.5256360632815811,0.9206587203363061,0.050048049457090876,0.0002212438529916244
2006-03-27,0.0010469476472100105,2.8361476964313723e-05,1.1212406429656628e-05,0.0,3.431288926446467e-05,6.455197970076912e-06,0.6784312284813246,1.1356499750250397,0.05117671605211829,0.0009666056765814986
2006-03-28,-4.633293904294033e-05,2.900883664889825e-05,1.550758593811951e-05,0.0,4.278912320216446e-05,5.7363405807309325e-06,0.8924230243650271,1.013327471741902,0.04962225417910572,-0.0001393748254128535
2006-03-29,-0.00016752452347481152,2.7268460082200626e-05,1.2608440267698104e-05,0.0,3.495609238772901e-05,5.648534396317674e-06,0.7035779747336123,0.9978723037012193,0.048918525119850065,-0.00024800605060875693
2006-03-30,-0.0016844842826082822,2.1088026210945034e-05,1.0273007326776814e-05,0.0,3.356870257690233e-05,5.561765002579975e-06,0.6254025013774192,0.982662804737863,0.04828628430442762,-0.0017549757837254864
2006-03-31,-0.00018863090323670785,3.03684603808206e-05,1.5662071793994246e-05,0.0,4.032762356930028e-05,7.921008218480988e-06,0.9876538015393727,1.3793321027917065,0.04860272208690031,-0.00028291006719930394
2006-04-03,0.002431195913700627,3.159607347569306e-05,1.480455085626046e-05,0.0,4.4848413130076706e-05,7.77146199433781e-06,0.8202956011041352,1.3556045547871527,0.04999893973840114,0.002332175414244259
2006-04-04,0.0009452009980644233,2.7098738191090588e-05,1.2776153305560672e-05,0.0,4.3387074175194276e-05,7.164196005775482e-06,0.7487878278839376,1.2542306134753214,0.05064568450504087,0.0008547748363868022
2006-04-05,0.0013743886547582628,2.6046610410529313e-05,1.3354708538157988e-05,0.0,4.338608725461683e-05,6.128925555471801e-06,0.7860489079576414,1.0802336942636495,0.05057420094438703,0.001285472322999487
2006-04-06,0.0013552028715273475,2.3098226408943207e-05,1.2189864042999732e-05,0.0,3.3207685318354436e-05,6.854292570493522e-06,0.6123397163066016,1.1033646180457575,-0.04815653379715393,0.0012798528031865565
2006-04-07,-0.0006557745892477864,2.8753787202161964e-05,1.1360011711965714e-05,0.0,3.66146477006814e-05,6.28115205287724e-06,0.7039674437137338,1.1061553797562875,0.050921834872911284,-0.0007387841879154727
2006-04-10,0.0018255817621532983,3.5964280066727835e-05,1.815304162378627e-05,0.0,5.009123641818877e-05,5.5016868033078845e-06,0.9419232739845271,0.9407888450121238,0.01650546205639928,0.0017158715172412875
2006-04-11,-0.0006054858688684915,4.6466855180609357e-05,2.758563725199142e-05,0.0,5.351616544286252e-05,1.0617482594278133e-05,1.4325838245180187,1.7334765319640113,-0.05026054387471579,-0.0007436720093382329
2006-04-12,0.001274249692617486,4.278369461746362e-05,1.922728674390701e-05,0.0,5.005713045413246e-05,7.141207522566838e-06,1.31670745307373,1.1901177926539201,-0.009605071137308602,0.001155040373279416
2006-04-13,0.002121952893586851,2.5981383221919883e-05,1.2160298347522872e-05,0.0,3.495054089821565e-05,6.7454704596393554e-06,0.6824017335514533,1.0840579916972042,-0.04918104552220712,0.0020421152006595534
2006-04-17,-0.00022323126608084164,2.753823064829545e-05,1.3821111397637351e-05,0.0,3.8625109519522015e-05,6.656543358023439e-06,0.7779877459611353,1.068058119198262,-0.05024116494967551,-0.00030987226100431987
2006-04-18,-0.002178315894603577,3.138264113267434e-05,1.5045955004828382e-05,0.0,4.553706796877235e-05,5.901932042087219e-06,1.0467759776293935,1.0408674358306085,0.04934285275995583,-0.0022761834907519393
2006-04-19,0.0030860602695726956,2.646810477566592e-05,1.2312247822644162e-05,0.0,4.2644102418270845e-05,5.851289598872552e-06,0.6786277181143607,1.007965883177851,0.024949230567262726,0.002998784524957242
2006-04-20,0.0044620388659494,1.8449939441727527e-05,1.0784911918294236e-05,0.0,3.2223598729885704e-05,6.248424430955956e-06,0.5933987362977645,1.003128740240398,-0.04660656416020245,0.004394331991428536
2006-04-21,0.0030639307354531813,3.3305013412263556e-05,1.3603223035422286e-05,0.0,4.2488910898397635e-05,5.979443405152604e-06,0.7954668236484005,1.059155467450492,0.05460897538485453,0.0029685541447019453
2006-04-24,-0.000555510292554229,3.014199833795824e-05,1.2978520780274533e-05,0.0,5.0775572150441575e-05,6.116355832383437e-06,0.740410370041874,1.079006156090545,0.0514583762501275,-0.0006555227396552869
2006-04-25,-0.00040629567237448984,2.736510850747651e-05,1.5477143993118374e-05,0.0,3.462587019279087e-05,6.177728473492991e-06,0.7756841248930904,0.9898910271676622,-0.047967356379160955,-0.0004899415235413686
2006-04-26,0.000127843035232626,3.468840187795587e-05,1.531631444750706e-05,0.0,4.4374325788038385e-05,7.012005078436871e-06,0.8258343349560759,1.130736787978968,-0.04728006519842631,2.645198804068782e-05
2006-04-27,0.0018749547693122333,3.107125664617647e-05,1.3514980404374226e-05,0.0,3.42559167092647e-05,7.730223538998117e-06,0.7237900830469494,1.2529363419697368,-0.045741212581947244,0.0017883823920134198
2006-04-28,-0.0008604393696361465,2.3914197726791014e-05,1.1144327352695768e-05,0.0,3.9208919079411394e-05,6.635981625472801e-06,0.6755952706004633,1.0639100177331584,-0.050934895346272074,-0.0009413427954205175
2006-05-01,0.0003761357741772454,3.0812825350400806e-05,1.4619380321117313e-05,0.0,4.245543174802199e-05,7.375869605351475e-06,0.8316469101451258,1.1887308193218487,-0.050415274377199226,0.00028087226715235383
2006-05-02,0.0027485802702452065,3.0612168087361586e-05,1.2727121127037882e-05,0.0,4.375855088099636e-05,6.359106595834697e-06,0.7236042423366715,1.0196611973168235,-0.04866871078340557,0.002655123323553976
2006-05-03,-3.6152446653270144e-05,2.688797459025095e-05,1.2679817050735745e-05,0.0,3.6186552760204934e-05,5.681814138660113e-06,0.8410427817884384,0.9045721324788812,-0.049972642816017314,-0.00011758860519312188
2006-05-04,-9.052837931924733e-05,2.172187685685212e-05,9.92804708153044e-06,0.0,2.9824309387669385e-05,5.146474540224557e-06,0.5481839828386232,0.8144359822126148,-0.05017174054511086,-0.00015714908718552384
2006-05-05,-0.0006275960241867927,2.2979602295229212e-05,1.0193036496554074e-05,0.0,3.729237356418136e-05,4.854062746829249e-06,0.6674636460813297,0.8645679699675924,0.04908542850027807,-0.0007029150992895866
2006-05-08,0.0012202614151345173,3.428533960894065e-05,1.594297848901151e-05,0.0,3.808783385767165e-05,5.18596071787902e-06,0.7545089150359137,0.8218021259712531,-0.049439274632422564,0.0011267593024610145
2006-05-09,0.0006191818654013784,2.206844612115417e-05,1.0459206776801918e-05,0.0,3.340231048664898e-05,5.6058087569231174e-06,0.6916493686930525,0.9590922386494095,0.01731636748632566,0.0005476460932598502
2006-05-10,0.0016416384337436727,2.5497419245001237e-05,1.4494445777893027e-05,0.0,2.9695688841054e-05,5.749111800348658e-06,0.7813560222155782,0.9234369706462251,-0.0424138118123495,0.0015662017680793758
2006-05-11,0.00031373846168661747,3.182188148669665e-05,1.7530851520261474e-05,0.0,3.9811518451389915e-05,7.324273842848429e-06,0.9605928863494279,1.1815847384536562,-0.04889326714487996,0.000217249936385421
2006-05-12,0.001266744540775203,2.6098795788556867e-05,1.0250834972946423e-05,0.0,4.2939420119579015e-05,6.2510965841082056e-06,0.6832940167925932,1.1021182298183758,0.05193400368819706,0.0011812043933100125
2006-05-15,-0.0012948262319559562,3.159114417745536e-05,1.641999450800262e-05,0.0,3.551810261609063e-05,8.124880949873258e-06,0.8298429645688994,1.3143361684315502,-0.050643831147157536,-0.001386480354207378
2006-05-16,0.0007582242260065741,2.6596512340870718e-05,1.1636878724034563e-05,0.0,3.328583704291359e-05,6.512170594301129e-06,0.7633969362330479,1.0722917100248694,-0.021752949817720024,0.000680192827304454
2006-05-17,-0.0010537473292026992,3.300084779996428e-05,1.5838290748622152e-05,0.0,3.7882532414788175e-05,6.782138386179758e-06,1.1439649749543377,1.1908909129310856,0.05149166405288674,-0.0011472511385522536
2006-05-18,-0.001580733077305528,2.4493541750462833e-05,1.2618370920511567e-05,0.0,3.631429773354849e-05,5.9370226099723305e-06,0.7004734393097497,1.047169879585697,0.049750081110345346,-0.0016600963103200234
2006-05-19,-0.0008301288324394134,3.7644623333969734e-05,2.0836813479025435e-05,0.0,4.865425280926002e-05,6.891343981291814e-06,1.0697513048349516,1.106868189781945,-0.050877599075079855,-0.0009441558660429603
2006-05-22,-0.0021570272390630803,3.6467187206600274e-05,1.8311532091015337e-05,0.0,4.572811939974406e-05,8.935277182729157e-06,1.3490661383903646,1.5494849907747557,0.04835842407625712,-0.002266469354943169
2006-05-23,0.00436630992192067,3.4200033181326737e-05,1.7996622509404273e-05,0.0,4.667424265270579e-05,1.0590712093922203e-05,1.1422965730428571,1.829246865580747,0.05000723380181693,0.00425684831148331
2006-05-24,-0.0049016740305518666,2.518055974366367e-05,1.1231605555261022e-05,0.0,3.31800547808831e-05,1.0255256389231305e-05,0.6270131003583538,1.7730250007780888,0.05014192738722911,-0.004981521507020905
2006-05-25,0.0001919277094526024,4.569575946830805e-05,3.087808643603309e-05,0.0,5.58230792613679e-05,6.35688925246567e-06,1.6179475816746005,1.0428575995433802,-0.025099794870851268,5.317389503442768e-05
2006-05-26,-0.00011344593847312764,1.9629097916817783e-05,8.532310993608538e-06,0.0,2.4142477045833293e-05,5.720692490518302e-06,0.46854641139908,0.9129565444652039,-0.04811979394187066,-0.00017147051691990554
2006-05-30,0.003380705942406989,2.685578534241114e-05,1.2791303636741723e-05,0.0,3.873043156469473e-05,6.035417588334346e-06,0.7719978517811704,0.9884003108411735,-0.02554984399899614,0.003296293004274807
2006-05-31,-0.0017998288497094838,3.9108227474005173e-05,2.2540629703989935e-05,0.0,4.968945222366687e-05,8.164499563573699e-06,1.2307769117070748,1.322539282107206,-0.04909664457317586,-0.0019193316586747194
2006-06-01,0.0007105209305236252,3.5185561833762974e-05,1.3798417441409321e-05,0.0,5.2682551884784124e-05,7.79306073820063e-06,0.7718951976525095,1.25972270519618,-0.04951149882152639,0.0006010613386254682
2006-06-02,0.0006059585957680788,2.7358090408506143e-05,1.3327167702394323e-05,0.0,3.467430417585957e-05,5.516753054455077e-06,0.8739943759015838,0.8767397804810254,-0.05007473266742779,0.0005250822804268638
2006-06-05,0.002849812962845163,3.412733197211182e-05,1.1352928999380513e-05,0.0,3.9376052360435856e-05,6.189172451849938e-06,0.8002036939095236,1.092850696990952,0.05306972508016272,0.002758767477061385
2006-06-06,-0.0032394773434025644,2.9698002291186307e-05,1.932083081724752e-05,0.0,3.9140422385872645e-05,7.826609183088095e-06,1.0378559869204962,1.263918073195619,-0.050952269563181024,-0.003335463208079959
2006-06-07,-0.0012200077163114918,4.0021139544378774e-05,1.9088057660374035e-05,0.0,6.352092394782239e-05,8.818772799145277e-06,1.2971487999455777,1.5314859333830355,0.04993210312662841,-0.0013514566102632124
2006-06-08,0.003310328325172559,3.414342101636865e-05,1.5599724805174955e-05,0.0,4.758942284543349e-05,8.97720268084598e-06,0.9045658871149629,1.5603667016275113,0.052196651245386916,0.003204018553824736
2006-06-09,0.0004082457672856851,4.2237616208228157e-05,2.206890972505013e-05,0.0,5.1545300532473645e-05,1.2651164572997584e-05,1.4160446675785692,2.1775663194808623,0.05217067121726793,0.0002797427762469356
2006-06-12,-0.0049213991100771895,2.8536981762736855e-05,1.645624007523572e-05,0.0,3.8340058668397284e-05,9.089910797629808e-06,0.9203849276315395,1.5741310700573377,0.04702605605553034,-0.005013822301381189
2006-06-13,-0.003459118192734729,3.3640504021388675e-05,1.5624172891200354e-05,0.0,4.0417358364894206e-05,1.1074538954972424e-05,0.924475840623566,1.905402329715133,0.044879785279765994,-0.0035598747669671844
2006-06-14,0.001571968806138879,6.249837445277542e-05,4.106992493662358e-05,0.0,7.645653472037039e-05,8.955393623853006e-06,2.1595873548949274,1.4574385241178267,-0.047067604689477405,0.0013829885784052566
2006-06-15,0.0036555107941973427,3.459351312737593e-05,1.4886497788149313e-05,0.0,4.3575753393909055e-05,7.402417018227871e-06,1.0136700450371823,1.294986313961732,0.05138025489944882,0.0035550526128696807
2006-06-16,-4.882578152856995e-05,3.806040775031593e-05,1.6246542724548852e-05,0.0,5.280146556180092e-05,8.058864028479824e-06,1.0268628605874208,1.405541802588378,0.051652645803767494,-0.00016399306159371545
2006-06-19,0.001204117769309929,2.2418093826894013e-05,1.1684851805348314e-05,0.0,3.557735361611802e-05,6.472321495828487e-06,0.6667948570590335,1.1381816376431706,0.05083162634398439,0.00112796514856574
2006-06-20,-0.00011587351532596928,2.7092570400589457e-05,1.072990174711708e-05,0.0,3.464464599345682e-05,5.176750840939177e-06,0.5734231260291738,0.9211611814308219,0.05146704015304007,-0.0001935173843080718
2006-06-21,0.003570916276806943,2.152468896582781e-05,9.376813330248502e-06,0.0,2.7542002042952536e-05,5.091325544383018e-06,0.5240405900294834,0.907721251215897,0.052378559759550025,0.003507381446923531
2006-06-22,9.487781944669782e-06,2.281173484396482e-05,9.576278341155186e-06,0.0,2.5939274665417804e-05,4.401002612537533e-06,0.5461439692276263,0.790452851302444,0.051084412396138534,-5.3240508518405565e-05
2006-06-23,-0.0009732711948516227,2.8976763008412066e-05,1.3273910677705075e-05,0.0,3.322488588249137e-05,7.031950157573622e-06,0.8541380251194003,1.2324963731261862,0.05112874665381828,-0.0010557787045778048
2006-06-26,0.0003529020210128456,2.2667604645800993e-05,1.2632860161258801e-05,0.0,2.2271946292580533e-05,5.248480238129331e-06,0.6804252228951526,0.9325421594439968,0.05079747943826926,0.00029008112967507594
2006-06-27,-0.0016435518485374099,2.5639544079295085e-05,1.0907560883135652e-05,0.0,3.740387933189546e-05,6.030238655541883e-06,0.6284494786813368,1.0609058648348084,0.0478257707037722,-0.0017235330714872779
2006-06-28,0.0029340148382473994,3.7044343868485464e-05,1.9668103215206488e-05,0.0,4.911907675646454e-05,5.088681289447904e-06,0.9226778142059027,0.8059586675359693,-0.04893978909127813,0.002823094633117795
2006-06-29,-0.0009773184114300472,2.665381732611249e-05,1.5424130166400065e-05,0.0,3.1776346257264725e-05,6.458519340854017e-06,0.9011709176315955,1.0357847851868134,-0.049246464076661944,-0.0010576312245206784
2006-06-30,-0.0008278252594952146,2.5025631938740467e-05,1.1659720024301327e-05,0.0,3.571443510090657e-05,6.260841800306435e-06,0.6760387016997815,1.0034571891167885,-0.04836423333469281,-0.0009064858883594694
2006-07-05,0.0015653357150780523,2.3370803720447798e-05,1.0056938304742103e-05,0.0,3.592058377548421e-05,5.93257046149995e-06,0.5672796583710431,0.9470289072736503,-0.04964293025834113,0.0014900548188158782
2006-07-06,0.001574785860766068,2.113353258581088e-05,9.585457666938426e-06,0.0,3.7018049781344584e-05,5.734568246091474e-06,0.5351565496265221,0.9134928827926619,-0.049914582550705994,0.0015013142524858826
2006-07-07,0.0030614247366522423,2.1431896232060634e-05,1.0272556952429025e-05,0.0,3.2858998797612444e-05,5.26072749266774e-06,0.6282442648809481,0.8364089793287555,-0.047393239439425,0.0029916005571774726
2006-07-10,0.0017278536115377884,1.922616112299859e-05,9.21763630438612e-06,0.0,3.166594566290469e-05,4.6040485981284566e-06,0.5302178894682509,0.7253414493981775,-0.048138715087402945,0.0016631398198493706
2006-07-11,0.0006583917093839435,2.7215952399192012e-05,1.2551745098932152e-05,0.0,4.3201470796789095e-05,4.935650983224673e-06,0.720488282512903,0.7802514983424769,-0.04893786683926847,0.0005704868901058056
2006-07-12,-0.000391197644807397,2.7761967057179284e-05,1.2212242330210764e-05,0.0,4.134081791764756e-05,4.397585267006326e-06,0.718150949654728,0.7259299788354996,-0.012864346021563125,-0.000476910257379441
2006-07-13,-0.000917972798268107,2.532116342073068e-05,1.0622345566380642e-05,0.0,3.3569976657154696e-05,4.780881767547719e-06,0.5353280387404497,0.7614415677677049,-0.04174656918031218,-0.0009922671656799208
2006-07-14,-0.0016346862208772984,2.82260110863638e-05,1.44467806256908e-05,0.0,4.5702026231312055e-05,6.562487914203022e-06,0.7866527666662719,1.0583663500599485,-0.044131619526159294,-0.0017296235267348682
2006-07-17,-0.0008120932838477752,3.1539744447523494e-05,1.3632813872939389e-05,0.0,4.5813815608306604e-05,5.744588859357294e-06,0.9997575043611115,1.0117183176695697,0.0466273892975442,-0.0009088242466359019
2006-07-18,-0.00029015105869549036,3.190802704183554e-05,1.7188988627368727e-05,0.0,4.554427410811704e-05,5.83426225824616e-06,0.9530283576017025,1.0102823357874888,0.03012627640213364,-0.00039062661073105783
2006-07-19,0.006313286344396907,2.463620106000705e-05,1.1625688466306882e-05,0.0,3.1449630403192636e-05,5.0428794653335675e-06,0.7479447867508083,0.9003075349848708,0.05310378480883149,0.006240531945002067
2006-07-20,-0.0026588361522817267,3.805348397376515e-05,1.5246798765406993e-05,0.0,5.331230873665589e-05,5.791043283791978e-06,0.8733663694541005,1.0226020642915326,0.04970679261448116,-0.0027712397870413466
2006-07-21,-0.003759449690617877,2.708605892879107e-05,1.3718322317317821e-05,0.0,5.43926872153238e-05,6.306688883053002e-06,0.7746246122119048,1.1075575957903023,0.04803386343739774,-0.003860953447962363
2006-07-24,0.0032430788139951095,2.194589354516185e-05,1.3479456202562862e-05,0.0,3.268412481748673e-05,4.729152212326559e-06,0.729397872594256,0.830015715058592,0.035518143387730176,0.0031702401872175717
2006-07-25,0.0024801126721648004,2.7524263348179966e-05,1.2933099162737525e-05,0.0,4.812174260249008e-05,5.045343361025956e-06,0.8501744017561685,0.8979851573241865,0.050367472671825814,0.002386488223690367
2006-07-26,-1.9856521989513883e-05,2.5741553454872975e-05,1.2056513569741522e-05,0.0,4.4887965321460624e-05,6.366893582887092e-06,0.731915399400106,1.1202974213388746,0.05065929941384306,-0.0001089094479184761
2006-07-27,-0.0023425600866731344,2.5532716851728455e-05,1.3892190647010384e-05,0.0,4.2458071959253036e-05,5.63807563268667e-06,0.7900600395878677,0.9972187171942959,0.050022010902935676,-0.002430081141763813
2006-07-28,0.0024454195852298887,2.3776879656969865e-05,1.140999723844131e-05,0.0,3.830004908994109e-05,6.353963748906936e-06,0.6837464075397383,1.1196638558268746,0.052197946010509366,0.0023655786954956295
2006-07-31,0.003467645128630742,1.9196190112175497e-05,8.846626543129788e-06,0.0,3.635197131141497e-05,5.913970311886348e-06,0.5208873459067436,1.0460705646562738,0.052523552259367334,0.0033973363703521356
2006-08-01,0.002363557610930005,2.953515859534991e-05,1.4493900636280684e-05,0.0,5.351613261344978e-05,4.925402453120338e-06,0.7945217294933953,0.8796757897848346,0.052208177660617694,0.002261087016631804
2006-08-02,-0.0003370686589415182,1.7393276637393126e-05,6.363696061448662e-06,0.0,2.4820495447870308e-05,5.50870083820057e-06,0.37313614886362045,0.9782592815042293,0.052797540686533945,-0.00039115482792643087
2006-08-03,0.002683999392000266,2.6898287882570798e-05,1.4090394148217264e-05,0.0,4.6113947734257064e-05,6.8809821781601885e-06,0.900627472029286,1.2070292535309886,0.051024247600077066,0.0025900157800570604
2006-08-04,0.00032714749813908225,4.25009773225618e-05,2.633209729268673e-05,0.0,7.97259768108719e-05,6.542147696839574e-06,1.3073354525677272,1.0484981384621055,-0.050582674606942823,0.00017204629901612227
2006-08-07,0.0009410017019034817,1.824923938804427e-05,7.656529096207586e-06,0.0,2.7173318986105154e-05,6.362516591776197e-06,0.4304732573205856,1.0177592759350005,-0.05114351148340022,0.0008815600978413485
2006-08-08,0.0019118625322857258,3.057709115196907e-05,1.4336463114809434e-05,0.0,4.078993969888015e-05,6.793195629901673e-06,0.739998652053082,1.0924113220549792,-0.04884554376850214,0.0018193658426901653
2006-08-09,0.003473791950006965,2.4430539336358317e-05,9.452832234822395e-06,0.0,3.5445976223428596e-05,5.254132316377411e-06,0.6833793749208534,0.9344134092376,0.05171918008619505,0.0033992084698959784
2006-08-10,0.0007603100004256361,2.3894629851663662e-05,1.1131201456697297e-05,0.0,3.139960099939057e-05,4.815925330808704e-06,0.6845807824026577,0.8605751500406787,0.051499694464816795,0.0006890686427870759
2006-08-11,-0.0008100671224162882,1.8779867615245423e-05,6.361315252291747e-06,0.0,2.5947785632832807e-05,4.8142585405345385e-06,0.3362189401172415,0.8597022775836013,0.0509068427737987,-0.0008659703494571927
2006-08-14,-0.0006298554679474597,2.015551083764241e-05,8.35493324694132e-06,0.0,3.175660445148307e-05,4.009389977278406e-06,0.4534287377921199,0.7227736867316348,0.049196170548862744,-0.0006941319064608049
2006-08-15,0.0027992731839860097,2.158759680552343e-05,9.508041931109754e-06,0.0,3.6375043987973295e-05,4.836600268590076e-06,0.5362422818998064,0.8625276120634715,0.04997876694033884,0.002726965900992813
2006-08-16,0.0018036914924922827,3.499093448133454e-05,1.635104250774996e-05,0.0,6.195512987194604e-05,6.418795890431014e-06,0.9848186667472083,1.1291040044364031,0.05074629484399304,0.0016839755897408212
2006-08-17,-0.003260566784618113,2.4002537862809438e-05,9.250717288329894e-06,0.0,2.8664535544055346e-05,6.458474776636649e-06,0.5083230167058879,1.1330866907562265,0.04806292828126996,-0.0033289430500899444
2006-08-18,0.002158857127700812,2.3529587713807116e-05,9.922998974573748e-06,0.0,3.0089221653497066e-05,5.4816218311008175e-06,0.5386100115922561,0.9272645556486316,0.006352088023694746,0.002089833697527833
2006-08-21,-0.0004662298735544471,1.5932442365629834e-05,6.626003448131934e-06,0.0,2.432481090519897e-05,5.909639583047751e-06,0.4558288567471692,1.043630557941233,0.05081110798921101,-0.0005190227698564556
2006-08-22,0.0006236744384630105,2.49195464966276e-05,1.5292251791523296e-05,0.0,4.0350750146355635e-05,4.779612589158889e-06,0.8198780384720419,0.8155590948775012,0.012584179898807349,0.0005383322774393451
2006-08-23,0.000245023833227648,2.916846153241066e-05,1.6805078576675158e-05,0.0,4.733084926042641e-05,5.783991271702772e-06,0.8771618470212218,0.9223944739675543,-0.04931605967851163,0.000145935452586433
2006-08-24,0.001140951821009075,2.132870928017142e-05,1.0120965198958496e-05,0.0,3.0568620936513256e-05,5.675512153960331e-06,0.528236814753508,0.9052111937660723,-0.048274848099263135,0.0010732580134394714
2006-08-25,0.0013084286821032725,2.249514892297944e-05,1.0613890475179648e-05,0.0,3.4679360490588916e-05,4.934992672983523e-06,0.803432567001273,0.8806342922953836,0.05155552323415148,0.0012357052895415408
2006-08-28,4.1622328873854076e-05,2.0965912925947668e-05,1.0679215929003684e-05,0.0,3.214876279680405e-05,3.4885310087426547e-06,0.5781542105992273,0.6240186380649887,0.037945428596222804,-2.566009378664398e-05
2006-08-29,-0.0015774736351923163,2.2535439445890294e-05,1.1170678024204757e-05,0.0,4.127775362000398e-05,4.418643263972265e-06,0.5512722352675348,0.7023730105481402,-0.039959057799200434,-0.0016568761495463877
2006-08-30,-0.001158108973222264,2.098850769534272e-05,1.0016872550243826e-05,0.0,3.195236441881174e-05,4.843065837586305e-06,0.5634905983687839,0.763355057405497,-0.05028000330900245,-0.0012259097837242485
2006-08-31,0.0003814995047722139,2.513887889131485e-05,1.0938149150456416e-05,0.0,4.3321865093159774e-05,5.8896627788122495e-06,0.8122739318907182,1.0397159485785958,0.050252601738138114,0.0002962109488584706
2006-09-01,0.0012640706036409432,2.0391920319618974e-05,1.0213416291244669e-05,0.0,3.0250610259524267e-05,4.753350502385684e-06,0.6049958800599049,0.8473010019320564,0.04873811753126178,0.0011984613062681695
2006-09-05,-0.0016619223658190577,1.6403207954143924e-05,9.634276836999118e-06,0.0,2.6332343022344488e-05,5.338020389637036e-06,0.48921216845364396,0.8462903022815774,-0.05049712317744492,-0.0017196302140221823
2006-09-06,7.514831824397541e-05,1.8363371370011545e-05,8.12363358752808e-06,0.0,2.9753425066321193e-05,3.6309585274059914e-06,0.5323211094068704,0.6567383265747044,0.0467372939704981,1.52769296927086e-05
2006-09-07,0.0005802576393829459,2.4080592362320877e-05,1.1221257932860903e-05,0.0,3.5363022960811285e-05,4.0914051256198004e-06,0.6085416857675647,0.7351999202661058,0.047843859161979335,0.0005055013610013331
2006-09-08,-0.0013394017348119702,1.9737859936704335e-05,9.324517530608203e-06,0.0,2.6261276090325357e-05,5.188556918364195e-06,0.4838547799032193,0.9137244479735194,0.042046885688335006,-0.0013999139452879723
2006-09-11,-0.000823503626232287,3.1215781900721644e-05,1.5285120628525127e-05,0.0,5.557905325821377e-05,6.605831728283713e-06,0.7857777683751339,1.0573548496099472,-0.05242488074171653,-0.0009321894137480312
2006-09-12,0.0011779361967624133,2.66290429032318e-05,1.380041776065535e-05,0.0,3.597046674665194e-05,6.594109756336172e-06,0.8807889657265389,1.0566392977178025,-0.051171141346674415,0.001094942159595538
2006-09-13,0.0027336225138268008,2.387039556509283e-05,1.3644710524893103e-05,0.0,3.604994579285258e-05,5.5708747757444776e-06,0.7903314027654078,0.8868599698348223,-0.049046992490249686,0.002654486587168218
2006-09-14,-9.001559397541695e-06,1.8632331636422012e-05,8.6168498713339e-06,0.0,2.8271457227988863e-05,5.179451583235643e-06,0.504409211364893,0.8193714937879246,-0.05077637219566328,-6.970164971652211e-05
2006-09-15,-0.0022481894038204526,2.8970400345054866e-05,1.3230141262522669e-05,0.0,4.7682037373962014e-05,6.6623507489253306e-06,0.8954575682717771,1.1370474082789293,0.017772482459474437,-0.0023447343335509176
2006-09-18,0.0017592634311964196,2.7247446598341657e-05,1.4640534348558226e-05,0.0,4.552610012497305e-05,6.63313465573096e-06,0.7973367925910724,1.0643609589580525,-0.05000566320474856,0.0016652162154688157
2006-09-19,0.001081489876459823,2.3408603541929697e-05,1.0901043749876876e-05,0.0,4.032200335662382e-05,5.7819372150375435e-06,0.6161185160563574,0.9210171382728988,-0.05034831385340852,0.0010010762885963552
2006-09-20,0.0005893557865505468,3.055394317287062e-05,1.3061114901522759e-05,0.0,4.47472456962317e-05,6.589243202577821e-06,0.7466049047540031,1.0568819957204454,-0.050110862312628096,0.0004944042395773439
2006-09-21,0.003722721084581406,3.800368354669693e-05,2.5234259546831932e-05,0.0,5.433635854086457e-05,9.221639545871889e-06,1.4309169322447475,1.501231665137186,-0.04800377856929133,0.0035959251434011406
2006-09-22,0.001158693322081007,2.8901448824360103e-05,1.2759036242537987e-05,0.0,3.6192436233640094e-05,7.580379746643858e-06,0.7233141521081511,1.226065013824286,-0.04743878361188253,0.001073260021033825
2006-09-25,-5.474327914344188e-05,2.7866318043011968e-05,1.3948546211890687e-05,0.0,3.874658484285056e-05,5.839838393545786e-06,0.91217746016823,0.9554611510343546,-0.025631699081338333,-0.00014114456663474087
2006-09-26,-0.0009155787523281675,2.4883233983308947e-05,1.0882490819924287e-05,0.0,3.800545357152023e-05,4.829458499539887e-06,0.6015776142574244,0.7624120757285582,-0.048936952194142555,-0.0009941793892024608
2006-09-27,0.002270202608640336,2.3713466878425665e-05,1.0901116609226611e-05,0.0,3.1495603136664e-05,5.5289988131429925e-06,0.6568056593644214,0.8870600903746984,-0.041811710233323654,0.0021985634232028766
2006-09-28,-0.0007040281946911879,2.297198616125194e-05,1.0363737244297314e-05,0.0,4.2633045147790925e-05,5.938716042388486e-06,0.6498431775382311,1.0205443047966143,0.022840009675348896,-0.0007859356792869165
2006-09-29,-0.00015813541621858347,2.646359772522154e-05,1.149863328033956e-05,0.0,5.023466099510694e-05,6.393978083653534e-06,0.7048106496256619,1.12436001845053,0.05017170039673691,-0.00025272628630290504
2006-10-02,0.004118460625527224,3.306116982586036e-05,1.50910582354253e-05,0.0,4.5028875184320336e-05,6.22978235190801e-06,0.8405939266260877,1.0976323987557322,0.05102896363518658,0.00401904973992971
2006-10-03,0.0012457079815850964,2.562536091204227e-05,1.195337651428085e-05,0.0,3.302190037843404e-05,5.787965133657028e-06,0.6664000795115966,1.024635188758852,0.05225704630447131,0.0011693193786466822
2006-10-04,0.0007706144902920382,3.255496340584813e-05,1.8067594695672598e-05,0.0,5.3283092436463016e-05,6.575117107428818e-06,0.9918185779826412,1.0562402802656652,-0.04837939378237574,0.0006601337226466256
2006-10-05,0.0028739972701387205,2.759680949934451e-05,1.4467759090639432e-05,0.0,4.72433398974978e-05,7.0182395478776265e-06,0.8891443026121597,1.1283768017360973,-0.05068744230734334,0.002777671122103361
2006-10-06,-0.0010897349701718274,2.8461575563278276e-05,1.23150761920416e-05,0.0,3.9377320113406525e-05,6.489172483442425e-06,0.6816693536054914,1.0384738915106693,-0.05170708570765796,-0.0011763781145239962
2006-10-09,-0.0006521808759512285,3.27849298469196e-05,1.9158941385055326e-05,0.0,5.543094348920322e-05,7.886408224024353e-06,1.1009170193313662,1.2737128366438886,-0.051203744992203315,-0.000767442098896431
2006-10-10,-0.0011686110452500042,2.6419623822099282e-05,1.2757902343952782e-05,0.0,4.5420683312554796e-05,7.75398972153112e-06,0.7376405819941406,1.250366912624024,-0.052303360593205006,-0.0012609632444501421
2006-10-11,0.0015461621740730784,2.53098344051142e-05,1.2493670255622712e-05,0.0,3.791030188913884e-05,8.073835790624334e-06,0.6811621464341194,1.3067558855467232,-0.04964852727816477,0.0014623745317325783
2006-10-12,-0.0011660574915829452,2.6190918885561904e-05,1.3978507596384984e-05,0.0,3.906575141049314e-05,5.868337575123865e-06,0.8780333619888965,0.9355485849571483,-0.0503321276636608,-0.001251161007050509
2006-10-13,0.0013585034092065066,2.3264000152327908e-05,1.1520814248052621e-05,0.0,4.4825001767814355e-05,6.865582001427903e-06,0.6848119752902425,1.1038679741393067,-0.04954980210058149,0.0012720280110368838
2006-10-16,0.0008211646428436197,2.641059512023517e-05,1.4647139103341968e-05,0.0,4.463650985025425e-05,6.287890191614375e-06,0.9183795638114017,1.0079173101268366,-0.048448242064378096,0.0007291825085781739
2006-10-17,-0.0008327163786852458,2.595441566857741e-05,1.3423511637531445e-05,0.0,4.016746420845472e-05,6.299170979534181e-06,0.805337754970264,1.0281816100242294,-0.030079114537513003,-0.0009185609411793435
2006-10-18,-0.0005876913049581237,2.557674667344357e-05,1.3341651358040878e-05,0.0,3.603367576409564e-05,6.851542748787136e-06,0.7401885988937338,1.1006515223926927,-0.0504076594035463,-0.0006694949215024909
2006-10-19,-0.0016936715502050659,2.9364625623606898e-05,1.3450337084870492e-05,0.0,4.1667679041703366e-05,7.594201250766461e-06,0.7557768904462281,1.2251734678857527,-0.05065234224301296,-0.001785748393206013
2006-10-20,0.0018704928860997178,2.492523772427673e-05,1.1873651228603632e-05,0.0,3.3855879874376483e-05,6.699587419519635e-06,0.6585970403172979,1.0765010515348044,-0.04902963494449425,0.0017931385298529414
2006-10-23,0.0002006412282714125,2.7052786799775093e-05,1.3164838564954232e-05,0.0,3.9973946257619886e-05,5.223671359126621e-06,0.7837787007739504,0.8282222795183176,-0.04935450881495476,0.00011522598528993667
2006-10-24,-4.620824449565706e-05,2.7906222023149313e-05,1.2437783242748518e-05,0.0,4.278544753150519e-05,6.239178669295278e-06,0.7170881319826968,0.9991894440594922,-0.0489925723821141,-0.00013557687596235535
2006-10-25,0.002768265076676715,3.442544879765734e-05,1.710336932055134e-05,0.0,5.3008609109451365e-05,6.139769641825172e-06,1.152625122831003,1.071474400880604,0.03999310105397508,0.00265758787980723
2006-10-26,0.0023935746025818523,2.139994508152294e-05,1.1488321129051069e-05,0.0,3.356264546886683e-05,6.200809948867516e-06,0.6609129737156566,1.046636918463878,0.004900847054135737,0.002320922880953544
2006-10-27,0.0006830121166977831,2.867605994173993e-05,1.9553780706851875e-05,0.0,4.672322624710929e-05,5.906598173759651e-06,1.1042683541770435,0.9408166791787211,-0.0514918140128999,0.0005821524516283224
2006-10-30,0.0012412994703624798,3.445519008186693e-05,2.1155333633541445e-05,0.0,5.6120939850816427e-05,8.885711562319927e-06,1.2248875376054178,1.442697307096035,-0.050102235373713055,0.0011206822952339352
2006-10-31,0.0005563147332408679,3.351207676025798e-05,1.634772319722156e-05,0.0,4.865089657117312e-05,5.846952429698113e-06,1.195983443818128,1.0318635780086418,0.04957556981935906,0.0004519570842825171
2006-11-01,-0.0027851761218335496,2.2267883932564302e-05,1.0609479188462527e-05,0.0,2.8180567967127476e-05,5.204558776658859e-06,0.614167754425805,0.9219685659510617,0.04760269147237316,-0.002851438611698363
2006-11-02,0.0004708054594860085,2.5528833152108895e-05,1.2354401688367545e-05,0.0,3.890982892843516e-05,5.522689238890287e-06,0.7096934452227391,0.9772880989229316,0.04947630678936317,0.0003884897064782066
2006-11-03,-0.0012219157208218669,2.346912666618221e-05,1.1285815594460359e-05,0.0,3.3071015537784176e-05,5.110511798682159e-06,0.6806809827403599,0.9077392036266803,0.049173221448077536,-0.0012948521904189757
2006-11-06,0.002793798378521163,2.8336032722612747e-05,1.294481501434519e-05,0.0,3.112965376698303e-05,5.066446737604467e-06,0.7275654378087315,0.9023032845824549,0.051140232664904445,0.0027163214302796173
2006-11-07,0.00021329047248138777,3.060894514588102e-05,1.6096963690692875e-05,0.0,4.280974973640144e-05,8.259487937614953e-06,1.0571022477609775,1.4405662292460328,0.05297225572672104,0.00011551532597079747
2006-11-08,0.002271178137334278,2.9526015721765085e-05,1.8234950938331194e-05,0.0,4.6371884105484515e-05,6.80110269119231e-06,1.0499591293137287,1.1944367629263468,0.051851510806039,0.002170244183877505
2006-11-09,-0.003328347090382738,3.0565796309411277e-05,1.460838502109913e-05,0.0,4.3222143957808226e-05,6.723209356625557e-06,0.7986958181210418,1.1562381476742443,0.026738975761151085,-0.003423466625027682
2006-11-10,0.0015219630788550415,3.2900881587543886e-05,1.9221696131738582e-05,0.0,4.205085243105423e-05,6.968476625215845e-06,1.0379652220744235,1.121244913151486,-0.04945915988477609,0.001420821172079489
2006-11-13,-0.0005901424178211024,2.372680819473218e-05,1.1253596334407116e-05,0.0,3.0301194844188757e-05,6.372475301002388e-06,0.6237112444246814,1.0209877970168302,-0.04958805355157064,-0.0006617964924954328
2006-11-14,-0.0004748141407025123,3.0457031291862154e-05,1.408678264433862e-05,0.0,4.2251193849839635e-05,6.915981304149794e-06,0.8991549412902623,1.1109431978027082,-0.05094166129445671,-0.0005685251297927025
2006-11-15,-0.0013446458303515037,1.9990563160108272e-05,1.1685240730614646e-05,0.0,2.6956812924060154e-05,6.388544886196885e-06,0.6919894987461294,1.0216747143463492,-0.05160082653472753,-0.0014096669920524837
2006-11-16,-0.0029744103719488908,2.7647457477352605e-05,1.3814379697809161e-05,0.0,3.657634980811562e-05,7.4913945579491856e-06,0.9591382808094091,1.2526650085577877,-0.0058892771776754005,-0.0030599399534901174
2006-11-17,0.0020108111406571846,2.6774632145452437e-05,1.542509747990202e-05,0.0,3.628104093832354e-05,6.144113327518618e-06,0.8041195053371906,0.9838082934793209,-0.04840274554380668,0.0019261862567659881
2006-11-20,-0.0008767404554049616,2.3290627515165446e-05,1.0037654627942884e-05,0.0,3.866391289529167e-05,5.553353743479036e-06,0.6852510510399566,0.9831807972551186,0.05021736835064074,-0.0009542860041868406
2006-11-21,0.001911766077627443,2.5383731765682606e-05,1.2210505624983809e-05,0.0,3.064246345437996e-05,5.912806386082012e-06,0.6340811249158137,0.9765586317360386,-0.01679284112573893,0.0018376165703963146
2006-11-22,0.0011394153407476106,2.528670766704576e-05,1.3029699270239374e-05,0.0,2.7354740626901475e-05,5.187115777910613e-06,0.7202011333377765,0.8223162453359901,-0.049119205352993314,0.0010685570774055133
2006-11-27,0.0031567270351828274,2.4460100754049773e-05,1.1424461528772978e-05,0.0,3.3907125068884474e-05,4.6511504771125074e-06,0.8343259148671969,0.8336845176684187,0.05229123751351741,0.0030822841973540075
2006-11-28,0.0004579738663132613,2.6620760180136286e-05,1.3379302057970211e-05,0.0,3.294223207358762e-05,4.706972292737271e-06,0.7112006783475443,0.7887377049174804,-0.002033640262381271,0.0003803245997088299
2006-11-29,-0.0020261865546170443,2.0272437399753405e-05,1.1301313756404676e-05,0.0,2.4222971759456397e-05,4.873930126175557e-06,0.6020330161809886,0.7706623251843245,-0.04815793601316879,-0.0020868572076588343
2006-11-30,-0.0004345072836207938,4.216482689694259e-05,2.250454191041726e-05,0.0,5.490174480735396e-05,8.970698670300861e-06,1.5601103593052612,1.5579472887498,0.05086991213925557,-0.0005630490959058084
2006-12-01,-0.00016193489966820547,3.726278663979542e-05,2.716882649348753e-05,0.0,4.003100681941442e-05,6.9135518094777505e-06,1.4862914855541116,1.1116490281660873,-0.04982767582617437,-0.0002733110714303806
2006-12-04,-1.7376682381005764e-05,2.315791569188343e-05,1.1839318689901301e-05,0.0,2.5423320684675182e-05,6.021577800976725e-06,0.7483726090837515,0.9615117871716288,-0.050113283392460836,-8.38188152484424e-05
2006-12-05,-0.0003204416328058882,2.1545946412972823e-05,1.2362341890059567e-05,0.0,2.4044157135907848e-05,6.3892244082915845e-06,0.7025182312286598,1.0226951543417915,-0.0506945462511946,-0.00038478330265312
2006-12-06,0.0014073933269545978,2.589757273950388e-05,1.2570021169991707e-05,0.0,3.203020302324321e-05,5.554791742644322e-06,0.7208280741152505,0.8841721831688704,-0.04903282959537568,0.0013313407382792145
2006-12-07,0.0001039236596063366,2.4307583293499e-05,1.108826671108387e-05,0.0,2.9316172990619444e-05,6.590110978984042e-06,0.7969670464366113,1.157882073865763,0.0507434293964438,3.262152563215026e-05
2006-12-08,0.0011425365253177099,2.6757100894984236e-05,1.2749426630607403e-05,0.0,4.471219464488357e-05,5.688038518944506e-06,0.751294330485928,1.0061984764919656,0.05060800530928801,0.0010526297646282902
2006-12-11,-7.987986873064741e-05,1.9758010399031523e-05,1.0003746653595397e-05,0.0,2.6123172542427917e-05,5.079616869442679e-06,0.5154172905833502,0.8506906675745874,-0.0026849664917831667,-0.00014084441519514492
2006-12-12,-0.0006539490379534669,1.4790382719891847e-05,8.393319337657945e-06,0.0,2.015315611484358e-05,4.738001463392053e-06,0.45278290092874546,0.7454127792576314,-0.05057146659223332,-0.0007020238975892524
2006-12-13,0.00010959736940518133,3.399900066756909e-05,1.41747748466031e-05,0.0,4.6151151127455276e-05,6.554873440664504e-06,0.8321274752477332,1.0935058693526138,-0.007712868679022586,8.71756932288936e-06
2006-12-14,0.0026565796409236666,2.5700334471931916e-05,1.1169678748493951e-05,0.0,3.370670629791232e-05,6.101386899197147e-06,0.7403422548409504,1.0757049878866751,0.05067198882155449,0.002579901534506131
2006-12-15,-0.001578027017688765,2.5688928137596786e-05,1.1605385840708952e-05,0.0,3.580081068980552e-05,5.628196391534032e-06,0.6487194254259798,0.994763111825911,0.049226118048193906,-0.0016567503387484102
2006-12-18,-0.003802884506306599,2.246516491201417e-05,1.3889961032500286e-05,0.0,2.5546371798424756e-05,5.46663988450656e-06,0.6846347100852782,0.8678001415197166,-0.050595359077385375,-0.0038702526439340448
2006-12-19,-0.0006503889220063728,2.2494929956016875e-05,1.0817847218496792e-05,0.0,2.9636948756955048e-05,5.571351700875895e-06,0.6611224848875056,0.8858947527844364,-0.0500923329627139,-0.0007189099996387175
2006-12-20,-0.0015264606836314005,2.919175823883476e-05,1.3137727276793093e-05,0.0,4.017191197138083e-05,7.12438817003765e-06,0.9531707860477876,1.2446801192034538,0.047782906637128086,-0.0016160864692884467
2006-12-21,-0.002685385269666735,3.0194659127505633e-05,1.6402014066346696e-05,0.0,3.189373671424955e-05,5.905232008329055e-06,0.8853972399155804,1.0417272394989718,0.04964826209969033,-0.002769780911583166
2006-12-22,0.0007818019499110276,3.549263617409253e-05,1.7671161371520785e-05,0.0,3.920677985189663e-05,6.5342729125730875e-06,1.0371311987652638,1.1480851495306628,0.05032730021838422,0.0006828970996009446
2006-12-26,-0.0014250409121303969,2.115506976632011e-05,9.392928294024514e-06,0.0,2.118212987186778e-05,5.346720018578927e-06,0.5426597750749053,0.9479333724619446,0.049684409340684965,-0.0014821177600811881
2006-12-27,0.0008311880642359374,2.114943818586994e-05,1.3592408624275494e-05,0.0,2.214022067840503e-05,5.134739713805613e-06,0.7152861685611739,0.8143030867636967,-0.04833318515564621,0.0007691712570335813
2006-12-28,0.0005158366967624682,1.8576151036471016e-05,9.328516611360462e-06,0.0,2.0521822982705288e-05,4.9899856742843625e-06,0.5820661195637246,0.788940893561141,-0.0493766997186315,0.0004624202204576471
2006-12-29,0.0002979572730939323,3.0006868391218353e-05,1.5112405730577658e-05,0.0,3.729152332589762e-05,7.65037289842844e-06,1.072101490475704,1.3352187738990102,0.0499561269630327,0.00020789610274781024
2007-01-03,0.002219640101206242,3.062475011077021e-05,2.253188923924052e-05,0.0,3.83892336244095e-05,5.7054262013079855e-06,1.3144765203216806,0.9971115573721803,0.038599955552438725,0.002122388802030514
2007-01-04,-0.0008622117672600837,2.809342427874011e-05,1.5043339034351837e-05,0.0,3.256468008215786e-05,7.393878201552017e-06,0.9402802902476363,1.2915790270069758,0.049407489146236355,-0.0009453070888568855
2007-01-05,0.00026582875626044523,2.6657227718748906e-05,1.431070618792034e-05,0.0,3.310427515059428e-05,6.116554736146305e-06,0.8306689497045675,1.0750547893737352,0.0474735937011561,0.0001856399924670354
2007-01-08,0.00026495610319433193,2.1763245637975365e-05,1.026462924226508e-05,0.0,3.0392431993224046e-05,5.338502945881684e-06,0.585997183044324,0.9455593940115223,0.048690899103399216,0.00019719729337498574
2007-01-09,-0.002179361537847845,2.206638587861817e-05,1.174020996257677e-05,0.0,2.5265266725436774e-05,7.125686450535536e-06,0.7710593232558289,1.246879194044987,0.049763870355017226,-0.0022455590868650124
2007-01-10,0.0006668643747320121,2.5121074429457534e-05,1.0622481429402463e-05,0.0,3.3505628764062184e-05,7.880766641306152e-06,0.6321519927678843,1.37508692413494,0.051118128395506834,0.0005897344234677838
2007-01-11,0.001620365062728186,3.0399268350537956e-05,1.3562532846084287e-05,0.0,3.8784200478732295e-05,8.072216723738366e-06,0.7845375292318706,1.4075116514690955,0.05137924188105042,0.001529546844329093
2007-01-12,-0.003301531188275328,2.3930640712209124e-05,1.1945252879841989e-05,0.0,3.55753957475662e-05,7.714900938273057e-06,0.7063524853701741,1.3456821502056964,0.04957879257582304,-0.0033806973785532185
2007-01-16,0.00262803044733295,2.273000794542009e-05,1.3935647597339982e-05,0.0,2.505094396070049e-05,6.469701005368181e-06,0.6914343121072896,1.0367409723803034,-0.050168796521551054,0.0025598441468241214
2007-01-17,0.0005619945831448582,2.00872407217386e-05,9.161422895046144e-06,0.0,2.6993544545857788e-05,5.961226125613802e-06,0.5614269262399763,0.9899594682930373,-0.011526520810081153,0.0004997911488566018
2007-01-18,0.0013641975385022317,2.2064348725509645e-05,1.3386789918709523e-05,0.0,3.3682453873230436e-05,5.222294006485773e-06,0.7598133759682177,0.8283663738088428,-0.04897901928076673,0.0012898416519782963
2007-01-19,-0.00010361606086832345,1.8841145357069817e-05,1.0664175302308836e-05,0.0,2.9302430440669285e-05,5.730494209418972e-06,0.6546922819096633,0.9127924633522658,-0.04993056383012149,-0.00016815430617779037
2007-01-22,0.0007348954241839824,2.2143074933265733e-05,9.092838704093462e-06,0.0,2.34925866180888e-05,5.66791801927967e-06,0.6588640731470684,1.0032435717018835,0.05103334446289884,0.0006744990059092547
2007-01-23,-0.0006953875036124736,2.5615049172920874e-05,1.4730437179982819e-05,0.0,3.088734331555893e-05,5.92954775888376e-06,0.7438192624276707,0.9456130425773318,-0.05055098091514019,-0.00077254988103982
2007-01-24,0.0011773020307714352,2.9874035519024597e-05,1.5245016458929323e-05,0.0,3.179036424452811e-05,5.780493014206649e-06,0.8318426769801427,0.9194973297014286,-0.05162549668528793,0.0010946121215347465
2007-01-25,0.0021916045316438568,1.891687521638052e-05,9.120815052647982e-06,0.0,2.0966795353599393e-05,5.689452781573036e-06,0.5208500790492064,0.9058216756086287,-0.05000639169564207,0.002136910593239656
2007-01-26,0.00020892617022524878,2.3985321234222838e-05,1.1092278577127911e-05,0.0,2.85376527828667e-05,5.357720685626253e-06,0.6259771991706617,0.8708321184120169,-0.02926495677319353,0.00013995319694540509
2007-01-29,-9.109234105119606e-05,2.3007299570178507e-05,9.158591432879507e-06,0.0,3.083784682430658e-05,4.081988733184111e-06,0.5790263219238876,0.7346865317986964,0.04891242462376588,-0.00015817806761174476
2007-01-30,0.0013464632402655956,2.206445175018238e-05,1.2751033400504981e-05,0.0,2.630527607380565e-05,6.251812682003925e-06,0.659750722810366,1.0008039485270475,-0.04950058204961233,0.0012790906663590986
2007-01-31,0.001154613841100236,3.8963046156087835e-05,1.799720189232363e-05,0.0,4.3384064467766524e-05,8.219766943066205e-06,1.328576627364121,1.4334350193604044,0.052514172925281766,0.0010460497616409919
2007-02-01,0.0027147405280304768,2.0271771341087566e-05,1.1349468687178168e-05,0.0,2.4330311906004353e-05,6.876436549741316e-06,0.6495630319265121,1.1965892855584606,0.041347945201919284,0.0026519125395464654
2007-02-02,-0.00023658698195094544,2.3420430068799284e-05,1.1475372010285255e-05,0.0,2.6956706715066155e-05,6.752024284301869e-06,0.6223887698015985,1.1177092467397802,-0.016630833022934166,-0.000305191515029398
2007-02-05,0.0009612482438702103,1.9849894960961316e-05,1.2223425006423463e-05,0.0,2.4317649944854854e-05,5.914011746639885e-06,0.6700909351549108,0.9451759177388857,-0.048378055696614755,0.0008989432622113308
2007-02-06,0.00034948777312167535,3.0885833355228215e-05,1.7345456536523193e-05,0.0,2.938836405916857e-05,6.095573915301097e-06,0.9005255093682952,0.9753453425502514,-0.04871107522033352,0.00026577254525545423
2007-02-07,-0.000876519823351255,1.92813353331196e-05,9.973716609115681e-06,0.0,2.754620186209726e-05,6.7426673526240625e-06,0.5987102540542282,1.0833924372491421,-0.04937567799169995,-0.0009400637445082116
2007-02-08,0.0019409188093648618,2.1785387226626e-05,1.149977136580166e-05,0.0,3.1945063739574376e-05,6.43581490211726e-06,0.6567151022496588,1.0318097639055201,-0.04940713965017915,0.0018692527721307424
2007-02-09,0.0012589977057331527,2.340272177769998e-05,1.3765214957636458e-05,0.0,3.0050141972889383e-05,8.277013981189296e-06,0.7861232216445487,1.3431530573170183,-0.04738529152278331,0.0011835026130437376
2007-02-12,-0.0006516443659041546,2.524448067977333e-05,1.1656885134547227e-05,0.0,2.681827866716285e-05,8.478686855545475e-06,0.6563863145286295,1.3767373055778134,-0.047682086153825964,-0.0007238426972411834
2007-02-13,-0.000681629335448179,2.155299447182169e-05,1.1248527753882765e-05,0.0,2.741744014541752e-05,8.955390809507861e-06,0.6645129479755064,1.4534398196850027,-0.05106583631231759,-0.0007508036886288089
2007-02-14,0.0016834789787267687,2.8869374173717185e-05,1.6828119007877343e-05,0.0,3.458566015197132e-05,5.7554650696112685e-06,1.1312684403746296,0.9158059662310136,-0.05111216546367983,0.0015974403603235916
2007-02-15,0.0003152590750808217,3.37183461335581e-05,1.7613251582094467e-05,0.0,3.615576478594365e-05,6.179098675690298e-06,1.2105459028584757,1.0158027668452334,-0.02228581067073651,0.00022159261390353516
2007-02-16,-0.00017199030594684854,2.4553943671514795e-05,1.5768386299798463e-05,0.0,2.3643373670575477e-05,4.654968371391228e-06,0.8584187801036921,0.7317503603834867,-0.05028432601023909,-0.0002406109779601285
2007-02-20,0.00034931451230096357,2.7976392708511913e-05,1.390342110294196e-05,0.0,2.9327465849444875e-05,7.050862228163146e-06,0.8976609600654268,1.1346635629644721,-0.049881291366936614,0.00027105637041190166
2007-02-21,0.00014168530823010473,1.7942987245764026e-05,1.0297912943452749e-05,0.0,2.1069498774831323e-05,5.976453433782012e-06,0.6029275285434987,0.9540629125071738,-0.04998126436820424,8.639845583227462e-05
2007-02-22,0.000334891673984663,3.104578274127551e-05,1.68586869063104e-05,0.0,3.212905147598167e-05,6.0622555418172995e-06,0.935151634158763,0.9695022538178031,-0.04895667720750285,0.0002487958973192781
2007-02-23,-0.0009089449582047797,1.6640871105447707e-05,9.085677855347318e-06,0.0,2.251085195533411e-05,5.579412718199349e-06,0.5911234523129998,0.8887276060833944,-0.048613730574095924,-0.0009627617718391082
2007-02-26,0.0008696864629060833,2.576766279254143e-05,1.4694709413096721e-05,0.0,3.103398264159999e-05,7.488716023733909e-06,0.8370497230071727,1.2112853190333408,-0.04681897295395643,0.0007907013920351113
2007-02-27,0.002122697473707294,2.803909607311512e-05,1.172955152054651e-05,0.0,3.296088725624858e-05,5.864972869382988e-06,0.8323382441868343,1.0426321877848514,0.05731674572850943,0.002044102965988001
2007-02-28,0.0015124873037448694,3.0551671436918305e-05,1.4892675564016108e-05,0.0,3.55910952390019e-05,6.531794688485279e-06,0.9423293790966801,1.1494808019162541,0.05213929425072705,0.0014249200668164479
2007-03-01,0.0025300867844021534,2.1882978058537888e-05,1.1182906818537076e-05,0.0,2.6317187798353022e-05,6.197356376665674e-06,0.6474384273788669,1.0928514313792606,0.05169556009942777,0.0024645063553500597
2007-03-02,-0.002505495539698947,3.1499324073556176e-05,1.830573388245675e-05,0.0,4.7512973588104994e-05,9.969604397186847e-06,1.25519578901285,1.7237246795956676,0.04883114086827678,-0.0026127831756402515
2007-03-05,-0.0002671300061938167,2.872586322597242e-05,1.3922340247432476e-05,0.0,3.427183823498026e-05,9.765033255611375e-06,0.8202562428830028,1.689631047260241,0.049105460317529825,-0.0003538150811578132
2007-03-06,0.0006463350807017183,4.563298665399452e-05,2.8829632728699778e-05,0.0,4.291510894654079e-05,5.539145639891027e-06,1.5447659519845256,0.9833725461073917,0.05279607860569875,0.0005234182067325921
2007-03-07,0.0018538933933911438,4.156066020606825e-05,2.1749207842161834e-05,0.0,4.091925031861141e-05,1.0046528698882195e-05,1.4715982734181225,1.739184473602305,0.051367652190096535,0.00173961774632542
2007-03-08,-0.0009275380798271241,2.302786764985613e-05,1.1332350512538386e-05,0.0,3.049702739163769e-05,9.36445849907565e-06,0.6602275274693976,1.6276166420019913,0.05438761415728244,-0.0010017597838802318
2007-03-09,0.0015386803603803425,2.3706678240531232e-05,1.1384943454513498e-05,0.0,3.767149278877144e-05,9.30414228535215e-06,0.6338014320538841,1.6167870753457476,0.053691171406586524,0.0014566131036111742
2007-03-12,0.0022734970556742857,3.428176139206447e-05,2.4686747293304745e-05,0.0,4.614850398147039e-05,6.829602852351022e-06,1.3227492414531528,1.0991284057694104,-0.048244873425560775,0.002161550440155095
2007-03-13,-0.00042216642283455087,3.4290832992745865e-05,1.414581156845045e-05,0.0,3.593759157566749e-05,7.223468846379212e-06,0.9697273555303141,1.2645323830690356,0.05098961687732814,-0.0005137641278177939
2007-03-14,0.002528299491457352,4.315082653801323e-05,2.8862194651856017e-05,0.0,4.602566028488708e-05,9.465233829101684e-06,1.6019760259781997,1.5412766445293289,-0.04888263875975457,0.002400795576153494
2007-03-15,-0.0017487576544892383,2.5781569125404016e-05,1.2307312855672957e-05,0.0,3.307541725331107e-05,7.811110432819729e-06,0.743152232836214,1.262307251322739,-0.04995930139097515,-0.001827733064156446
2007-03-16,0.001944270350400092,2.0911367994432995e-05,9.95088161517372e-06,0.0,2.53797006910948e-05,5.604344458234694e-06,0.7419302325288688,0.9931162025820314,0.05158633359860264,0.001882424055641156
2007-03-19,-0.00042799939824085824,2.3810361454422322e-05,1.1720597683011378e-05,0.0,2.3954772365467957e-05,6.3381449059602136e-06,0.5854680003374815,1.0158259985130196,-0.04898234568829568,-0.0004938232746497201
2007-03-20,0.001720339163966165,1.805848144394171e-05,9.897874946086746e-06,0.0,2.3817841996384324e-05,5.140574868201404e-06,0.569746508740169,0.8145730643116788,-0.04904351354615698,0.001663424390711551
2007-03-21,-0.001317989232926492,2.6990064660660382e-05,1.5144213835085153e-05,0.0,3.232421797672906e-05,6.410592467405495e-06,0.8777408641340402,1.0277974574325126,-0.04918207709161154,-0.001398858321866372
2007-03-22,0.0013360200493116614,1.5713606142006467e-05,8.302355236138858e-06,0.0,1.844764195035177e-05,5.375751351210753e-06,0.49331727777666445,0.854015049113283,-0.04911117789012334,0.0012881806946319534
2007-03-23,-0.0005028752833576858,2.3163519895844788e-05,1.1586332756725173e-05,0.0,2.4235791510550628e-05,4.084397457058107e-06,0.7461161188060068,0.6369462977288814,-0.04923247505688046,-0.0005659453249778645
2007-03-26,-0.00015066435177667087,2.9132240443697767e-05,1.6624263650068413e-05,0.0,3.056811429082583e-05,6.596755159272927e-06,0.8662031652091016,1.0580825854802132,-0.05017228127763884,-0.0002335857253205358
2007-03-27,0.002188235616537359,2.601316559820268e-05,1.1727563099737062e-05,0.0,3.0416808521493698e-05,4.757645151364882e-06,0.8055905321962489,0.8508498992906487,0.051565513861348534,0.0021153204341665607
2007-03-28,-0.0022358218888077585,2.063408754813949e-05,1.2119911932733993e-05,0.0,2.4958163838935614e-05,5.91653186327288e-06,0.8069600120006605,1.0445563417973742,0.050578988767530586,-0.0022994505839908407
2007-03-29,-0.0007403735474541904,2.3283510764223112e-05,1.1195633196078188e-05,0.0,3.029291977853405e-05,6.284357017527782e-06,0.6824259272434936,1.105928570155057,0.05015659121038951,-0.0008114299682105535
2007-03-30,0.00012996546209793406,1.5224603335798267e-05,6.3940781816787485e-06,0.0,1.5195246583978413e-05,5.381401568355763e-06,0.36652511347190647,0.954265745767955,0.05019028228418704,8.777013242812287e-05
2007-04-02,-0.0018522532525649077,2.0090058210821975e-05,8.084867992068121e-06,0.0,1.9792560880711995e-05,5.224296582619031e-06,0.4615574565079984,0.9267451286959087,0.04906330281591198,-0.0019054450362311287
2007-04-03,-0.00015735535115272563,2.1309753371845253e-05,9.82404084919894e-06,0.0,2.524170923766517e-05,5.322061696598221e-06,0.5505595233415993,0.945830237906082,0.05172387287758104,-0.0002190529163080332
2007-04-04,8.355871340026383e-05,1.5628428671502914e-05,7.314054785639769e-06,0.0,1.7415963320122332e-05,5.609976572333466e-06,0.42534268064570213,0.9938623143000833,0.051386250148061086,3.7590290050665355e-05
2007-04-05,0.0012858784520063111,2.163332497531239e-05,1.2204440717416417e-05,0.0,2.7149014196375213e-05,5.374757014700845e-06,0.6314771762759485,0.8860330706852254,-0.016926107784516226,0.0012195169151025063
2007-04-09,0.0009059056057640702,2.0583387662195597e-05,9.25248149786541e-06,0.0,2.2247397101452295e-05,6.329081692241829e-06,0.6026711458703035,1.1136776423120238,0.05039191801539683,0.0008474932578103151
2007-04-10,0.0009989784838903297,1.821648967702137e-05,9.866460418630285e-06,0.0,2.251497835750429e-05,5.269292788505886e-06,0.5751501792654958,0.9354083341581981,0.050167145689209075,0.0009431112626486678
2007-04-11,0.0004971301678038362,2.220640709951978e-05,1.0829075151773677e-05,0.0,3.2043963725036675e-05,5.457053506005252e-06,0.6473248586575411,0.9663946264387143,0.049609637429832515,0.0004265936683215008
2007-04-12,0.0005724915424195056,2.4852840625506496e-05,1.4500113384097413e-05,0.0,2.9386557102441554e-05,5.423493204868427e-06,0.8565550881407469,0.9618713277071976,0.050724469289301674,0.0004983285381025917
2007-04-13,-0.0004212112383426171,2.6574827586596932e-05,1.0213256253241598e-05,0.0,2.6922437212291e-05,5.137373191499289e-06,0.5460572494746979,0.8438603877227322,-0.019218308449148454,-0.0004900591325862458
2007-04-16,-0.0008260224099935477,2.5543332734317677e-05,1.0864271837444137e-05,0.0,2.7654986151484555e-05,5.401608010718732e-06,0.6162159135682052,0.8579345071287585,-0.04953563867198854,-0.0008954866087275129
2007-04-17,-0.0008084595084276217,1.8280631755180458e-05,9.711536310874836e-06,0.0,2.087104270057213e-05,5.4741404983645596e-06,0.5712849043962706,0.8693214180698285,-0.050334185655416946,-0.0008627968596926137
2007-04-18,-9.233558600927048e-05,3.349130085733926e-05,1.770573900698713e-05,0.0,3.728728287958307e-05,9.033296247387271e-06,1.2799072278705579,1.5680619082662446,0.05046813870518341,-0.00018985320500056722
2007-04-19,-0.0010568172763024733,2.007670792231707e-05,1.117797327633655e-05,0.0,2.137921448665356e-05,8.552045292351113e-06,0.6119864811905527,1.4875414681741703,0.05079785905918255,-0.0011180032172801316
2007-04-20,0.0010930043614068728,3.004105095724322e-05,2.4331324717680233e-05,0.0,4.36412806489445e-05,5.787636322941846e-06,1.3560622345607776,0.9244404178780135,-0.04788248437621627,0.000989203068760063
2007-04-23,0.0029157646684839188,2.7835264435769943e-05,1.1674368187907177e-05,0.0,2.8574877302804406e-05,5.5826388516495025e-06,0.7586806769782874,0.9898063462707938,0.05192301919367713,0.0028420975197057875
2007-04-24,-0.004177716919363682,2.3524467079840307e-05,9.41273965347617e-06,0.0,3.007230427410434e-05,5.064271424272412e-06,0.5807154397814511,0.901124327257945,0.050326727980180216,-0.0042457907017953754
2007-04-25,-0.0005097334321359331,2.5862159772041884e-05,1.2498354619291617e-05,0.0,3.510327982566232e-05,6.6758404637149335e-06,0.7138083871651174,1.1721381823704244,0.05059698446631583,-0.0005898730668166439
2007-04-26,0.0024457548924317193,3.867079528130225e-05,1.7452317853702063e-05,0.0,4.06465830318381e-05,9.030852410795147e-06,1.0682052675399674,1.568124527740175,0.0509413227265903,0.002339954343854082
2007-04-27,0.00027517013669878845,2.4523641158851826e-05,1.7178743414209516e-05,0.0,3.0427163977892126e-05,5.985964256926717e-06,0.9275820180510359,0.9886228962634278,-0.01701909890026035,0.00019705462389090828
2007-04-30,0.0006679909166183085,2.4008736472115678e-05,1.3345458017105879e-05,0.0,3.838248475130118e-05,7.2615828348430505e-06,0.9028875281132599,1.270662358606719,0.050716442353086755,0.0005849926545429427
2007-05-01,-0.00011429339603527867,2.5016149390352552e-05,1.47259102772601e-05,0.0,3.6762008122961625e-05,6.643292365935723e-06,0.8382372142943598,1.16602201972488,0.04994890224767848,-0.00019744075619178866
2007-05-02,-0.0009304059766579241,2.1716542846561637e-05,1.3039278131480273e-05,0.0,2.955255088083742e-05,5.598915838780569e-06,0.7824804617930454,0.9925208715284651,0.051903010613329706,-0.001000313264355584
2007-05-03,0.0013157200882981724,2.0748065622066942e-05,1.4120436230757246e-05,0.0,2.9850326790639627e-05,5.588208178021397e-06,0.7388646873842883,0.8914353552482616,-0.04738361865933299,0.0012454130514766872
2007-05-04,0.0018149169523899028,1.6960431893873672e-05,1.0427469369617924e-05,0.0,1.8346422176717637e-05,6.3444923317205474e-06,0.6126263164058936,1.0188475794895073,-0.047027132239544744,0.001762838136617973
2007-05-07,0.0005020833781558467,1.8628341462106524e-05,8.899109747071945e-06,0.0,2.209091366647284e-05,6.417862004467181e-06,0.5260200560492093,1.0315019736828273,-0.04669884306765876,0.00044604715127572814
2007-05-08,-0.0005859464330792826,2.4532966119608544e-05,1.2627343917043437e-05,0.0,3.388772592022915e-05,5.127769737114398e-06,0.8525693153923487,0.8135625972869838,-0.04790271854823463,-0.0006621222387732781
2007-05-09,-0.00123357291045221,1.7014429405716053e-05,9.077727239318744e-06,0.0,1.942008923363911e-05,5.0170031692250934e-06,0.5187862736556924,0.7932101493006113,-0.04964638312920441,-0.001284102159500109
2007-05-10,0.0013952280030902447,2.5154882866003673e-05,1.1963368293210867e-05,0.0,3.0383412428815106e-05,5.565161253127277e-06,0.8250105549847164,0.9850712114002387,0.05012412087485624,0.0013221611782490879
2007-05-11,-0.0008671438033930521,3.515905951435776e-05,2.1997833879469957e-05,0.0,3.677412753960846e-05,7.593134150389528e-06,1.1939288976261055,1.225194542655383,-0.05045199461005764,-0.0009686679584768778
2007-05-14,0.0007987631288995686,2.1609557270680555e-05,1.1780331487744412e-05,0.0,2.7148325056332628e-05,7.244064096739543e-06,0.6748094805802513,1.1667721918738465,-0.05023057637839723,0.0007309808509880715
2007-05-15,-0.00016285513811679193,2.913989649239579e-05,1.4259473044243584e-05,0.0,2.98379140423595e-05,4.970064265706981e-06,1.0422857845577327,0.8836445456740034,0.048673749035230834,-0.00024106248596149777
2007-05-16,-0.0005144897403906717,2.5070868082542666e-05,1.6760200833366998e-05,0.0,2.7301166503402403e-05,7.3063249679927805e-06,0.8974456206690571,1.1763915552393196,-0.051071039383467465,-0.0005909283007779765
2007-05-17,-0.0022293956530269076,2.1788995542762528e-05,1.0514824904924514e-05,0.0,2.782556657766488e-05,5.306877353473069e-06,0.8066040059492627,0.9400960331462631,0.048540637762787095,-0.0022948319174057328
2007-05-18,0.00041240143474782813,2.790071199345936e-05,1.4061680531283677e-05,0.0,3.0714175047255646e-05,5.236132384548103e-06,0.6975705440783069,0.8297173061888105,-0.049952934415270336,0.00033448873479128134
2007-05-21,0.0028622019928820196,2.5592068070465387e-05,9.406454293737792e-06,0.0,2.8605055161781855e-05,5.523496561169341e-06,0.6286650454632217,0.950932639067146,0.02298521679069694,0.0027930749187948653
2007-05-22,0.001540690248508172,2.7510179513948173e-05,1.6229582360976157e-05,0.0,3.642005502876204e-05,8.008919094155607e-06,1.0782787488577579,1.3962708724115407,0.050772464593398736,0.0014525215125103302
2007-05-23,0.0010181073778885094,4.102154054667408e-05,1.7517316051036357e-05,0.0,4.1222722155045404e-05,1.0878423294438622e-05,1.0835947511534756,1.879527197534914,0.05195208406922536,0.000907467375841315
2007-05-24,-0.0010313468138165324,3.355267116810554e-05,2.1639963683917446e-05,0.0,3.259349599652427e-05,7.652754513885717e-06,1.2384053456861386,1.3356175011356985,0.049954742802898244,-0.0011267856991789655
2007-05-25,0.002191858650812715,3.209235519440159e-05,2.087202334079465e-05,0.0,3.451210963158518e-05,6.684078350672213e-06,1.0698727975654434,1.0741643296293852,-0.0487608332835459,0.002097698084295261
2007-05-29,0.0011220017219641916,2.532584460267846e-05,1.1150761053815532e-05,0.0,2.6443294951331172e-05,6.627281175008656e-06,0.6461418300420598,1.0637943858784609,-0.049588851522993936,0.0010524545401813577
2007-05-30,-0.00619298003714004,2.7601449216419727e-05,1.4638928038837873e-05,0.0,3.35191785231521e-05,6.348421073741942e-06,0.8006329874936209,1.0150601925085772,-0.051474547880068694,-0.006275088013992192
2007-05-31,0.0009233069782851836,2.3608233015486712e-05,1.3753793165133611e-05,0.0,2.506061041561111e-05,7.339489005492597e-06,0.883188925538146,1.183166271919488,-0.04986788100326916,0.0008535448526834596
2007-06-01,0.00025956470887249884,2.570149342059704e-05,1.5321721538724356e-05,0.0,3.4662324329892466e-05,7.4159230760271015e-06,0.9197234593485215,1.1943934235784366,-0.05148165319411582,0.00017646324650725788
2007-06-04,-0.0003951754237276554,2.2503725962985362e-05,1.1690256243206847e-05,0.0,2.8059022073446597e-05,6.716016230089111e-06,0.673765811280781,1.0762562093285402,-0.05203451732643154,-0.0004641444442373833
2007-06-05,-0.0014230332286156767,2.4030678613622146e-05,1.0284377526249154e-05,0.0,3.103660806602856e-05,5.435701516964261e-06,0.6483595588366496,0.9335611053726233,0.02036325052262728,-0.001493820594338541
2007-06-06,-0.00021467718828959058,2.985936778138064e-05,1.5985554284136944e-05,0.0,3.312200710358518e-05,6.856406530718017e-06,1.0994352229612503,1.2005776373816388,0.0487013402210118,-0.00030050052398941136
2007-06-07,-0.0008785945253499921,2.206926721090321e-05,1.0652562340861355e-05,0.0,2.094147833212214e-05,6.981868132560404e-06,0.6715639792391142,1.2221470247080504,0.04919317843790255,-0.0009392397013664392
2007-06-08,-0.0004661267148509978,2.514621767181895e-05,1.9467753817118578e-05,0.0,3.170470824994267e-05,6.123105139872149e-06,1.186206278287823,1.0801541814771158,0.051472517978594826,-0.0005485684997297501
2007-06-11,0.00093684574770893,2.235669805859079e-05,1.4586051548147008e-05,0.0,2.492653359525695e-05,7.785012365414235e-06,0.9889058220872564,1.3569617287792473,0.0490796513896562,0.0008671914521415211
2007-06-12,-0.00013681999916831028,2.421232853986102e-05,1.3212992552325579e-05,0.0,2.5330968395841228e-05,8.291250883497627e-06,0.7701978077926417,1.4394384025703983,0.04650825414279758,-0.00020786753953983575
2007-06-13,0.0003939684874579579,4.262025997351013e-05,2.978482917129252e-05,0.0,5.328594053077756e-05,8.968226075479971e-06,1.6034172370782858,1.457662334111888,-0.04899964656874764,0.00025930923170689775
2007-06-14,0.0002542526772935276,3.3598362150507254e-05,1.6800355399040772e-05,0.0,3.3702793499336134e-05,8.224246635892449e-06,1.2438684553549049,1.4318153026214693,0.050141867791538536,0.00016192691960875097
2007-06-15,-0.0004310977965439295,2.0859003029746618e-05,1.0727104700696264e-05,0.0,2.424116348505297e-05,7.361528989121543e-06,0.6280272129485901,1.2874284949374197,0.05069162476500033,-0.0004942865967485469
2007-06-18,0.0007127742263161951,2.7025730634923422e-05,1.4145637076374247e-05,0.0,3.0364391247449887e-05,8.609246283243762e-06,0.897372596640104,1.4982606984584714,0.05190732287351918,0.0006326292210742038
2007-06-19,-0.001273701077911277,2.371971155458108e-05,1.0262917682957821e-05,0.0,2.566994144644238e-05,8.067274267333358e-06,0.6023535697561956,1.4067329834810351,0.05143090656903032,-0.0013414209228625915
2007-06-20,-0.0005366144179262917,3.4892375714757975e-05,1.841597048431437e-05,0.0,3.680795682638884e-05,1.0314290741745866e-05,1.1648552699026058,1.7835872898186147,0.05078644520530895,-0.0006370450116934987
2007-06-21,0.004658795606021038,3.335127874198711e-05,2.6682760600787237e-05,0.0,4.359293168842751e-05,6.4693908206546756e-06,1.4982764772186148,1.0386649540418558,-0.04819270382812948,0.004548699244169182
2007-06-22,-0.0018031755783034357,3.365382004534785e-05,2.1924265558271345e-05,0.0,3.035079885691867e-05,8.093455900864019e-06,1.2122373617007383,1.3105112740925187,-0.049189317252635645,-0.0018971979186648376
2007-06-25,-0.00027897756767401844,2.453461685417847e-05,1.3929208366557686e-05,0.0,2.7827650871390936e-05,8.616787205921238e-06,0.8427588335080978,1.3982503413052556,-0.04936990928951196,-0.0003538858309720668
2007-06-26,-0.0023768785723463806,1.8440991381505226e-05,9.517534512863657e-06,0.0,1.8408488127247875e-05,7.531560721068672e-06,0.5711039770268199,1.2165931143819688,-0.04870908675756758,-0.002430777147089066
2007-06-27,0.0026856628535415167,3.0506898049531175e-05,1.4828312884381306e-05,0.0,3.376940805316819e-05,7.628293958205189e-06,0.912528754549312,1.2309986890432287,-0.05055469593524303,0.002598929940596231
2007-06-28,0.00030547183209817197,2.973921197328871e-05,1.544264280393455e-05,0.0,3.937158791060242e-05,6.252949041630096e-06,1.1329014112025027,1.0990311546114415,0.04853571561758507,0.00021466544036871622
2007-06-29,-0.002651344416239026,2.5877657982918306e-05,1.5037717602801197e-05,0.0,3.487964931070681e-05,5.356689299408643e-06,0.8434382301339889,0.9399269461974881,0.040003143896836575,-0.002732496130434861
2007-07-02,0.0009624285797333799,2.5982325268624545e-05,1.4680219646253026e-05,0.0,3.0526995171416816e-05,6.4680321273036875e-06,0.7563895988413353,1.03711190574136,-0.049517491645659606,0.0008847710075197818
2007-07-03,-0.0009830497628999556,1.2737068353902476e-05,5.358142003572443e-06,0.0,1.0738399865673507e-05,4.4962536565621555e-06,0.33362517126429275,0.7053257149220561,-0.050044899380385546,-0.0010163796267796661
2007-07-05,0.0013462808210893613,1.0413202823918967e-05,5.793977869248666e-06,0.0,1.2516575462287985e-05,2.3467837211504134e-06,0.36238409661064674,0.34340197217721935,-0.05085769297605004,0.0013152102812127552
2007-07-06,0.0008955434416957578,9.142320276849746e-06,4.570140153894859e-06,0.0,8.768205807835827e-06,1.5707075076849111e-06,0.3126238779147191,0.25284104089193776,-0.011037820399127284,0.0008714920679494925
2007-07-09,9.05649081605295e-05,1.4892094206269503e-05,6.4724510068125145e-06,0.0,1.5522353618277243e-05,2.810480311286254e-06,0.4921008962121727,0.5221620858407269,0.05000139354463638,5.0867529017883976e-05
2007-07-10,0.0004211034312480414,1.2748730270574171e-05,7.458988368702859e-06,0.0,1.807694480031799e-05,4.492338480346818e-06,0.4775484440390448,0.804735325298052,0.050022460599786905,0.00037832642932809956
2007-07-11,0.000749531823443914,2.8713546871608732e-05,2.1675084682455684e-05,0.0,3.3602034759619765e-05,6.423088241143378e-06,1.1586440644187455,1.0294259019176644,-0.049652922594423166,0.0006591180688890865
2007-07-12,-0.0015409537929865628,2.5992136176385704e-05,1.4655081099015547e-05,0.0,2.9019553412682733e-05,7.959577012772789e-06,0.8244851728656575,1.2874869251999723,-0.04972201294585704,-0.0016185801406874195
2007-07-13,-0.0002900569452070117,3.246578435341777e-05,2.182643947019469e-05,0.0,4.065634225588548e-05,7.279545707652854e-06,1.60032622011363,1.2371687254373518,0.014205046551672429,-0.00039228505699416246
2007-07-16,-0.0002427564148043608,2.5537151303010942e-05,1.2556767222146987e-05,0.0,2.148207767423339e-05,6.2403955682498896e-06,0.6868753869250241,0.9979552438971353,-0.05043121156884618,-0.000308572806572002
2007-07-17,0.0006698332818618861,2.205374288737297e-05,8.321806961260628e-06,0.0,2.068820153020043e-05,6.0999747161335375e-06,0.46739502595215665,0.9746029146041418,-0.05019283770629199,0.0006126695557669185
2007-07-18,0.002040682441283353,4.497419743459479e-05,3.204546894286496e-05,0.0,4.822711559706066e-05,1.1131627277528274e-05,1.8217226094930004,1.8208590412034018,-0.04925434142134666,0.0019043040320313044
2007-07-19,-0.004156434745295745,2.1109613936605713e-05,1.142132303677163e-05,0.0,2.3980825258218717e-05,9.475669025389113e-06,0.7133340642270956,1.539091760729746,-0.05282063553562377,-0.00422242217655273
2007-07-20,0.004824443871387142,2.7886119428120913e-05,1.6576583670165163e-05,0.0,3.393262590288278e-05,7.4736427312640236e-06,1.1021675598941099,1.2075130783189838,-0.04805890053337181,0.004738574899654709
2007-07-23,-0.001225483880178446,1.973954207308635e-05,9.876274783576078e-06,0.0,2.288876698592817e-05,4.680796108963706e-06,0.7349766569525511,0.8359898682033097,0.04961612189740714,-0.0012826692601300004
2007-07-24,-0.003930305608710513,2.7653258029672455e-05,1.781099229077907e-05,0.0,3.0979946092041755e-05,7.085162266668763e-06,1.051296671849704,1.2125701540023994,0.022262893202047218,-0.004013834967389674
2007-07-25,-0.00045622282711351976,2.3199970484895465e-05,1.479979265402077e-05,0.0,3.211825003868873e-05,8.284183690066247e-06,0.8280575542004192,1.3415981975982811,-0.05014466233284787,-0.000534625023981191
2007-07-26,0.0003019992914197547,2.346305471594058e-05,1.238038113039102e-05,0.0,3.103636010505624e-05,9.268213417911776e-06,0.7519333110879796,1.5116042607999594,-0.045455593409219175,0.0002258512820504551
2007-07-27,-0.004217729483796149,4.743863214708672e-05,2.640287318154032e-05,0.0,6.930540742635784e-05,9.663843922975153e-06,1.9267631913625558,1.67689063648398,0.053364857424155254,-0.0043705402404741085
2007-07-30,-0.0016440981840525368,2.8290309014868115e-05,1.6303200233628038e-05,0.0,3.07975291311697e-05,7.595719450150237e-06,0.8829649440413243,1.3274206195413545,0.051339751916114534,-0.0017270849418823528
2007-07-31,0.0035602568893114057,3.779211536282293e-05,2.1420752958235375e-05,0.0,5.062041921027478e-05,1.0849564625223951e-05,1.413088171629239,1.8737074068118789,0.0509805497742557,0.0034395740371548486
2007-08-01,0.004301506927482705,6.125830917629468e-05,4.2681116393419276e-05,0.0,7.716577246493526e-05,1.140440448927347e-05,2.3441132817844803,1.8673730855366397,-0.04856686866130322,0.004108997324958783
2007-08-02,-0.0019384098316154472,2.6250736148054127e-05,1.3055665955153627e-05,0.0,3.748235560755601e-05,1.0442850783543738e-05,0.7784471056813138,1.7027880585743964,-0.051610873060950746,-0.0020256414401097545
2007-08-03,0.0002400568926193643,5.634349592815188e-05,2.9973141909866083e-05,0.0,7.235081774627511e-05,1.211250074661132e-05,2.1894610337743385,2.0905868530451643,0.055686727614463805,6.927693628845988e-05
2007-08-06,-0.0014999053299887067,4.5079709616159677e-05,3.315801440600637e-05,0.0,6.413674731072583e-05,1.0844234364672727e-05,1.852167598920192,1.777506617032131,-0.0443247562328874,-0.0016531240356862714
2007-08-07,-0.005423284295808756,6.0725016035114716e-05,3.142254774150589e-05,0.0,8.601522795744763e-05,1.2776332495223738e-05,2.2476952297186905,2.1989080380182755,0.052484178820688676,-0.005614223420038048
2007-08-08,-0.0026866504367720066,4.387078903155793e-05,3.331300267712003e-05,0.0,7.31730439375476e-05,9.564929220104278e-06,1.8561609953019251,1.558436262598969,-0.04847184637855012,-0.0028465722016383366
2007-08-09,-0.004747293548549494,4.351143949722591e-05,2.257959074946309e-05,0.0,7.142635049408855e-05,1.2805879364766188e-05,1.6263455159752245,2.2020910625569288,0.05070332927620913,-0.0048976168086550375
2007-08-10,0.026929514307452627,4.4896411847088014e-05,2.750401103712763e-05,0.0,7.072783156029053e-05,8.730809331043983e-06,1.4231997518065365,1.4727790718286495,0.006003104213260391,0.026777655243677076
2007-08-13,0.013167355152976366,4.0750356763145875e-05,2.064078557622483e-05,0.0,6.505902987704409e-05,8.932013112622287e-06,1.295728587623527,1.5554372264095946,0.05485902348905053,0.01303197296764733
2007-08-14,-0.0010885069600797053,3.0755880763243466e-05,1.584266017351224e-05,0.0,4.558915061861551e-05,9.218594563984425e-06,0.9835611561473842,1.5999790303345631,0.05125514358517935,-0.001189913246199061
2007-08-15,-0.006715077448036091,3.000605845648116e-05,1.2693210943984433e-05,0.0,4.18362428958017e-05,1.0257206292465063e-05,0.8384133254109417,1.7679570652457133,0.044746408111582814,-0.006809870166624823
2007-08-16,0.0008035236852410068,4.7639143028373754e-05,3.5935466329964885e-05,0.0,7.032857598543526e-05,7.546927464200605e-06,2.0519877598599274,1.291218190036132,0.02333437605043044,0.0006420735724330323
2007-08-17,0.0043824352040893735,3.239511415515654e-05,1.732874423322636e-05,0.0,4.78886752553694e-05,7.0695199543334786e-06,0.961409351585065,1.1402620880646794,-0.047417264263344666,0.004277753150491287
2007-08-20,0.0031505558710473373,3.53779957262237e-05,1.721522353290391e-05,0.0,5.090798191520214e-05,6.732720428153922e-06,1.1945914758277922,1.182535722321654,0.05143869039179527,0.003040321949444854
2007-08-21,0.0007992018011239358,1.7021281259469225e-05,8.564611749908093e-06,0.0,2.8846988647481272e-05,5.947509089066395e-06,0.5155766188565315,1.049776351136155,0.05059482417300093,0.0007388214103780108
2007-08-22,0.003489359749940965,1.641532949713252e-05,1.0653133961397283e-05,0.0,1.9848424730301477e-05,3.7791863850448858e-06,0.5884516710177223,0.6853433737724909,0.05044006108495008,0.003438663675367089
2007-08-23,0.0012684238742918135,1.4432201157579531e-05,9.543048060182329e-06,0.0,2.2586800805759724e-05,3.818376039961085e-06,0.4943184435113084,0.5923408987948104,-0.049146275918651866,0.0012180434482283308
2007-08-24,-0.0004949166103966815,1.2623982283839757e-05,6.4409802087517824e-06,0.0,1.813769836534652e-05,3.334363657776705e-06,0.35538042411164666,0.511947145402583,-0.048225949103903556,-0.0005354536349123963
2007-08-27,0.00044820456633943055,3.360412818350278e-05,1.6565738012895592e-05,0.0,5.07393170925345e-05,7.841301034810696e-06,1.232069186769332,1.3685497403703009,0.05121116652210361,0.000339454082015687
2007-08-28,-0.003202663167063876,1.988229929336789e-05,1.2345401116845537e-05,0.0,2.996094071007155e-05,5.2500655992875806e-06,0.7235572309139415,0.9324938719983398,0.050482851318025934,-0.0032701018737834485
2007-08-29,0.001855839123050071,2.8049614593483557e-05,2.0459873954247623e-05,0.0,3.679104394973943e-05,5.276304523532e-06,1.092819546192851,0.8393169389754798,-0.04710222097789653,0.0017652622860290684
2007-08-30,-0.0013731725821389976,1.3181499548062589e-05,6.088916114392963e-06,0.0,1.7310069047245537e-05,3.928203054543079e-06,0.3681643563499614,0.6164849378265186,-0.04345317533671862,-0.0014136812699032416
2007-08-31,1.3442489398343592e-05,4.3360968372187476e-05,2.4313564806421623e-05,0.0,5.330548751396585e-05,1.0310602180681455e-05,1.7832172078352229,1.782988325663188,0.05080715930870339,-0.0001178481334749128
2007-09-04,0.0001992944223603027,1.7010774377547798e-05,9.151316090435037e-06,0.0,1.916072192884206e-05,8.59749917536486e-06,0.5056708339637545,1.497031831441367,0.0526519699800706,0.00014537411078811293
2007-09-05,-0.002988157382419441,1.587929158001028e-05,1.174343107216051e-05,0.0,1.8152991149540847e-05,5.488114182761924e-06,0.6881828183677976,0.9697069169287678,0.04770373422476454,-0.003039421210403915
2007-09-06,0.00043952632959228904,1.316135274431643e-05,8.48166090277138e-06,0.0,1.4956073116952274e-05,3.891201569122898e-06,0.4819206998936167,0.7035136982274066,0.049791834614759695,0.00039903604125912607
2007-09-07,-0.0016707761459780277,1.619103859986438e-05,1.0382777897187754e-05,0.0,1.7962728978268024e-05,3.2382579084481835e-06,0.5383236024239197,0.49375675772873695,-0.050270570890557746,-0.001718550949361796
2007-09-10,-5.4877887303718384e-05,1.8309676238334498e-05,1.0323547543431535e-05,0.0,2.605231285426145e-05,5.774712675323618e-06,0.816580051667454,1.0202336447279474,0.05008191527357991,-0.00011533813661506948
2007-09-11,-0.0007744632136561744,3.131346102672256e-05,2.3233307621646966e-05,0.0,4.456314190825074e-05,7.3332349475893945e-06,1.2271467881886151,1.1832284912219218,-0.04875497997309647,-0.000880906359160384
2007-09-12,-0.0012266643964688958,2.1022876492404192e-05,1.0937177291366647e-05,0.0,2.6477407937995826e-05,4.792738917812153e-06,0.709720459959545,0.7550955278075183,-0.05008461038492279,-0.0012898945971084746
2007-09-13,-0.0009158764895835805,1.2475901673448588e-05,6.70868027150056e-06,0.0,1.9554794282120716e-05,5.2333653967490075e-06,0.39854746400765656,0.8285895308629624,-0.05061585579087064,-0.0009598492312073994
2007-09-14,0.001964824575742827,1.0796003676589093e-05,6.410337565685575e-06,0.0,1.623902691481762e-05,3.8019366038922436e-06,0.3889132849206547,0.5875652058867431,-0.051160143567153926,0.0019275772709818426
2007-09-17,0.0007351377189596901,7.653358212240622e-06,4.15997523887345e-06,0.0,1.2217138514347145e-05,3.216529476891334e-06,0.2605588841589456,0.49021794535036806,-0.05015900676737638,0.0007078907175173376
2007-09-18,-0.0014423698616472024,1.596974720351044e-05,8.908906975620779e-06,0.0,2.0132654827615766e-05,4.238709006847399e-06,0.5114388298026917,0.6611053884168239,-0.05099772473353886,-0.0014916198796607967
2007-09-19,0.0012907869439186075,1.4044956175331461e-05,8.729487549250303e-06,0.0,2.100352533575299e-05,4.103532546376176e-06,0.5719121021786586,0.639571091699169,-0.04982237609202827,0.0012429054423118966
2007-09-20,0.000392077898486381,1.036223163924269e-05,3.890242438146136e-06,0.0,1.9240779563350568e-05,3.649042022453944e-06,0.30874863520999163,0.6488434288168684,0.03580436904460588,0.00035493560282318765
2007-09-21,0.001295789825722225,1.8434514768732686e-05,6.553033012319129e-06,0.0,2.0235929196322e-05,3.949725419566292e-06,0.420455633244739,0.7167661241278092,0.053212253640672,0.001246616623325285
2007-09-24,-0.0022795439218280186,1.1662887562968796e-05,5.823414557630728e-06,0.0,1.6873033212252748e-05,4.05963087620761e-06,0.3364677103162979,0.7320403550380599,0.05002236783518152,-0.0023179628880370786
2007-09-25,-0.0009645089529463403,1.5053940734246837e-05,8.893047597242362e-06,0.0,1.721238413871186e-05,3.956011617400577e-06,0.39261822128478385,0.6212288105854071,-0.04338114113788981,-0.001009624337033942
2007-09-26,0.0010390961001364159,1.3826041604678239e-05,7.806821695580848e-06,0.0,1.7977095870710338e-05,3.6847582608692558e-06,0.4392540729731817,0.5705010757328035,-0.04853831209323152,0.0009958013827045772
2007-09-27,0.0021546939500660754,1.6053765770668102e-05,6.6497571975991495e-06,0.0,1.952070454889274e-05,3.4763259219499707e-06,0.3830071002388601,0.5361123219028302,-0.047910432984764995,0.002108993396626965
2007-09-28,0.0016055996047551993,1.2425947751210027e-05,7.782475403994167e-06,0.0,2.3967096538676287e-05,3.984391041144786e-06,0.46903303679944736,0.6212208992472628,-0.04815679566506108,0.001557439694020174
2007-10-01,-0.020330588295406307,1.6892011417706055e-05,1.0588512188593824e-05,0.0,2.2199761120810534e-05,5.664941790132177e-06,0.5891443612787453,0.902165775582378,-0.04954444515982814,-0.02038593352192355
2007-10-02,-0.0005280344192037729,7.52201487595513e-06,4.7548995232941695e-06,0.0,1.6682601354596386e-05,4.16752611591122e-06,0.33721811708689514,0.6510360168120987,-0.04910837066098639,-0.0005611614610735297
2007-10-03,-0.00015792798897703574,1.4684888204081136e-05,7.925232301376607e-06,0.0,2.0178756002541248e-05,4.959772669104645e-06,0.4440065138945955,0.7858851269709446,-0.04735668143863586,-0.00020567663815413938
2007-10-04,0.003623912282633518,9.495135782991984e-06,5.08985223285759e-06,0.0,8.8669728889664e-06,4.1690671438360736e-06,0.33150423273970425,0.6544945935999633,-0.045908686564496926,0.003596291254584866
2007-10-05,-0.0016966143956357257,1.0347322864742933e-05,5.120229939527613e-06,0.0,1.8110211979522556e-05,4.185627734787496e-06,0.31186627969983644,0.6545110395626659,-0.048674419881633735,-0.0017343777881543064
2007-10-08,0.0015937153057545162,1.0055057240246105e-05,5.351356012679448e-06,0.0,1.1023799962395374e-05,2.9109263332006266e-06,0.3264480596168196,0.44111141743546123,-0.04792420654224369,0.0015643741662059946
2007-10-09,-0.00037486692956490537,1.4657312157339708e-05,1.0798722282307549e-05,0.0,2.6900339650484773e-05,5.2848187691777655e-06,0.6254486136429729,0.8389802630674943,-0.048869290154370304,-0.00043250812242421515
2007-10-10,-0.0001822514497094783,9.045759844945846e-06,5.025681897913647e-06,0.0,1.3745246738930753e-05,4.409774561115082e-06,0.3357792297820278,0.6925343442481244,-0.04830778201920899,-0.00021447791275238363
2007-10-11,0.0018086821997098208,2.1667235614858984e-05,7.18844718279405e-06,0.0,2.0622785245109025e-05,3.0056035187435564e-06,0.49625453137614917,0.4570908962111151,-0.04785049493780236,0.0017561981281483151
2007-10-12,0.0013540951177038734,2.3407569252573154e-05,1.0766203765146486e-05,0.0,3.305042967050685e-05,4.195289177689959e-06,0.5220431714699433,0.6571742833876089,-0.04763429846430439,0.001282675625837957
2007-10-15,-0.0006260606631423861,1.260341408973239e-05,6.315222571352256e-06,0.0,1.6978084352279548e-05,4.309378922189547e-06,0.33183232425804277,0.6772631897227123,-0.04671246920513156,-0.0006662667630779398
2007-10-16,0.0009783783509545818,9.760341501850839e-06,6.41982154137674e-06,0.0,1.4280906093290388e-05,2.751337681793013e-06,0.4425550282719878,0.4139692031578723,-0.04825552738335386,0.0009451659441362709
2007-10-17,-0.0006316043443851322,1.6296722100687958e-05,1.0508210049155242e-05,0.0,1.9572382493978674e-05,5.292211049522699e-06,0.6189611023641197,0.8408620015379065,-0.04822945478190682,-0.0006832738700784768
2007-10-18,-0.002709581811462494,1.68243215134299e-05,6.639957959955685e-06,0.0,2.070441243702597e-05,5.79935526294277e-06,0.35550494608469974,0.9250361179904202,-0.04925556618396515,-0.002759549858635848
2007-10-19,0.0057650405508476105,2.7832017665943483e-05,1.3224654654839462e-05,0.0,3.396323916773059e-05,4.770830224064702e-06,0.9918280801076782,0.8552892013716036,0.05378972372873392,0.005685249809135032
2007-10-22,0.003833946798578111,1.8914506276403608e-05,1.3858160667651245e-05,0.0,3.243669939932062e-05,5.596366127537929e-06,0.8379592249844956,0.9949739571392364,0.0547844477128642,0.0037631410661071976
2007-10-23,-0.0014035242174906912,1.489986839230446e-05,9.741054763502573e-06,0.0,2.461294178045197e-05,5.815039494514161e-06,0.47976833894663673,0.9267808087733178,-0.05014582630506115,-0.0014585931219214645
2007-10-24,0.0035090107998829783,3.109783993809649e-05,2.057305416691964e-05,0.0,4.2552261167348004e-05,9.404984681389e-06,1.1353044754245636,1.5312198348433466,-0.04881759163000521,0.003405382659929225
2007-10-25,0.004933470975074681,2.6310424202987035e-05,1.5115837952305835e-05,0.0,3.669146014419173e-05,5.796436709374943e-06,1.0730354385545384,0.9225561642855794,-0.05124520288941088,0.004849556816065821
2007-10-26,0.003956089790440492,1.6474105538723562e-05,7.499274636011406e-06,0.0,2.8446890147635125e-05,4.303336928038184e-06,0.4672880778609231,0.7139987425390484,-0.008961861371366453,0.003899366183190084
2007-10-29,-0.001423966386416297,1.7522491702912777e-05,8.990621316759791e-06,0.0,2.599679357474855e-05,3.980011493559165e-06,0.4825919198656221,0.6159333239193558,-0.05270860699858419,-0.0014804563045042773
2007-10-30,0.0014219174649926418,1.3487643972894481e-05,7.2240945472884476e-06,0.0,1.786474352005746e-05,4.0925063544639786e-06,0.5303834036860213,0.6748796981969981,-0.012661369352950452,0.0013792484765979373
2007-10-31,9.14809947269255e-05,2.4493236677969074e-05,1.5223384939363149e-05,0.0,3.633820044337672e-05,5.23509074904709e-06,0.8220431942149666,0.8294875233776892,-0.050007722462222376,1.0191081917169484e-05
2007-11-01,-0.0012912741548084098,2.5291498606011058e-05,1.4753498827477816e-05,0.0,3.6897446518257084e-05,5.633008006530579e-06,1.0876329530074422,0.9972592775342095,0.050913932437071985,-0.0013738496067666863
2007-11-02,0.0026329746444583523,2.0482806056848992e-05,1.284808732297333e-05,0.0,3.244848840972799e-05,4.354816408521981e-06,0.7587325605352573,0.781587922425566,0.04997876579387283,0.00256284044626028
2007-11-05,0.0005086899144566014,1.5238238464994959e-05,8.608108914200512e-06,0.0,2.1005331924156674e-05,4.614789360192586e-06,0.5008285047727197,0.8228875856064698,0.047602973094115375,0.00045922344579305663
2007-11-06,0.0003789467442462624,2.5829262021375194e-05,1.9486829336287134e-05,0.0,5.246753426397789e-05,9.240860689936083e-06,1.0698169582381263,1.5006392978453944,-0.05182529806386699,0.0002719222579346861
2007-11-07,0.004393502285314086,4.5812615752590675e-05,2.4027907822892532e-05,0.0,6.205185770759746e-05,8.47433497728523e-06,1.7561662646745158,1.4763766313914302,0.052688355207510695,0.004253135569053721
2007-11-08,0.0060619573596129035,2.4282319316158664e-05,1.0191622050081547e-05,0.0,3.4738148521750296e-05,7.1200403120339424e-06,0.589090466341748,1.246630413327521,0.05046364090581912,0.005985625229412879
2007-11-09,0.002787372348970021,2.859456184430101e-05,1.5982805361377787e-05,0.0,3.780841896902954e-05,9.897620938115702e-06,1.0845746782306949,1.714615595679268,0.05181527807583031,0.002695088941857197
2007-11-12,0.002416322359035979,2.7514543064806582e-05,1.3387552604224221e-05,0.0,3.998037235047368e-05,1.1174247028720479e-05,0.8514186193822342,1.9258652417105133,0.04859174088547169,0.002324265643987754
2007-11-13,0.0025789509712209973,4.172884104333223e-05,2.8999175549222638e-05,0.0,6.913640297996557e-05,7.497990828971161e-06,1.6399300550672442,1.320195266742484,0.06053280747532966,0.0024315885608195056
2007-11-14,-0.002794823089912577,4.175711230220594e-05,2.441148401937506e-05,0.0,7.199033474748112e-05,1.2251334995898248e-05,1.6442848985736798,2.111510054568645,0.05328577525774025,-0.0029452333559775376
2007-11-15,-0.003289108317103159,4.308368789725755e-05,2.911857569455025e-05,0.0,6.281603183028879e-05,6.659287595820675e-06,1.6663977379466688,1.164475063851288,0.04571474775341543,-0.003430785900121076
2007-11-16,0.0012906214759248267,4.187309463688811e-05,2.9568660514930425e-05,0.0,5.65929375969693e-05,1.0677669419584331e-05,1.6332401676938502,1.7453653924657941,-0.048483070024372577,0.0011519091137564546
2007-11-19,0.0013549768353964876,2.0140564311336118e-05,9.983198269594618e-06,0.0,3.342761840519847e-05,9.22129557161514e-06,0.6239639390429517,1.5058845777680165,-0.04329307826332657,0.0012822041588387433
2007-11-20,-0.001153263864487603,3.019208992129509e-05,1.5556444930138842e-05,0.0,5.052183045851858e-05,5.752273540787081e-06,1.1255998131373754,1.016737106048742,0.05035515119651284,-0.0012552865033383428
2007-11-21,-0.003136277868225277,3.1364096043142176e-05,1.8385428366381433e-05,0.0,3.695637310522831e-05,8.48417730226553e-06,1.2699589242535758,1.4748079991350993,0.04946621235449089,-0.0032314679430422944
2007-11-26,-0.0015193852672052111,4.001113412579381e-05,2.0627924238249685e-05,0.0,5.246414551878045e-05,1.2797481400643786e-05,1.384985146530107,2.199038171688471,0.04906129638031531,-0.0016452859524886789
2007-11-27,0.006388519525181013,4.996135016970318e-05,3.514972936596903e-05,0.0,6.874496030054586e-05,7.300538957401171e-06,1.88218282780906,1.2172723423050762,-0.009218202538321313,0.006227362946387394
2007-11-28,0.0005524381504840926,3.245273379698091e-05,1.618899479513745e-05,0.0,4.694238852743219e-05,6.306728159896039e-06,0.8682096957228498,1.0122136180794952,-0.04731671278304067,0.000450547305204646
2007-11-29,0.001075899242781587,2.2165730599572372e-05,1.102734634717138e-05,0.0,3.453795999363013e-05,5.863570830306179e-06,0.7229636507769099,0.9367867608746016,-0.04829313861683637,0.001002304635010907
2007-11-30,0.0027621367210607377,1.923864057056358e-05,1.0253193089592868e-05,0.0,3.380919296333091e-05,5.223859510835887e-06,0.5942504483997952,0.8320925852909556,-0.04551581252947348,0.0026936118349264143
2007-12-03,0.0028751429387681594,2.9009953791774337e-05,1.1829029302630512e-05,0.0,4.1157582478047063e-05,5.718719919636886e-06,0.8192106816161111,1.0145172318177342,0.053772285318737234,0.0027874276532760707
2007-12-04,0.0034973017193477116,2.0206871664342295e-05,1.0273375917872568e-05,0.0,2.8460190988835602e-05,6.511171660232085e-06,0.5937913216926176,1.146899721583031,0.053022882664041204,0.003431850109116429
2007-12-05,0.0010862932995376843,1.99782619290839e-05,1.185479369132487e-05,0.0,3.649607205495235e-05,5.489650211749389e-06,0.6488310475373253,0.9778669650783794,0.05560572950448189,0.0010124745216505738
2007-12-06,0.002429124166084353,2.1108775255538983e-05,1.4452130318757943e-05,0.0,3.91182387790937e-05,4.3474340552187035e-06,0.7697096599306908,0.6851710038244143,-0.045197917452327985,0.0023500975876757433
2007-12-07,0.0024968014325462786,1.2345635289354463e-05,6.749522195224668e-06,0.0,2.1879983522195186e-05,4.3435567808882256e-06,0.42567699713577173,0.6853217264608148,-0.044395812728407286,0.002451482734758616
2007-12-10,0.0015289891818032302,1.092956889859109e-05,6.94276799618783e-06,0.0,2.0150558448860745e-05,3.922493175203651e-06,0.42814464288625653,0.6123849570429695,-0.0465938963912442,0.001487043793284387
2007-12-11,0.001933670587603678,2.22582666613938e-05,9.938074731899678e-06,0.0,4.3790277478141e-05,4.725617310064951e-06,0.6859337597569819,0.8442833188786207,0.050379610787709014,0.0018529583514221785
2007-12-12,-0.0004313461246511199,4.420471712500199e-05,3.407976183903354e-05,0.0,6.371804131075803e-05,1.1422179954312087e-05,1.9026756558597817,1.8700505140917199,-0.048875718232710974,-0.0005847708248802256
2007-12-13,0.0017041688479747157,1.890295228446414e-05,9.47977918733771e-06,0.0,3.164286277169981e-05,1.0598504520556418e-05,0.570177006383916,1.7324717397860652,-0.048077019667412735,0.0016335447492106575
2007-12-14,0.002225133371029639,3.010871906550909e-05,1.591236807109723e-05,0.0,4.2366788475912756e-05,7.560261436015309e-06,1.0892230303594852,1.2268382691072497,-0.04328565214332197,0.002129185233981105
2007-12-17,0.0024807833372242475,2.377784160334275e-05,1.0728111731497867e-05,0.0,2.920470088965754e-05,5.231809616588428e-06,0.7964354142381971,0.9373991956934925,0.05845518010663634,0.002411840873383161
2007-12-18,0.0006155337370255657,2.160423336791104e-05,1.0750803968151756e-05,0.0,2.7162764391312513e-05,4.691421496879766e-06,0.6440114936259866,0.8399740536212924,0.051815242145491436,0.0005513245138013107
2007-12-19,-0.0004987021190729957,3.339994512283391e-05,1.5772999945345033e-05,0.0,5.2599644931505216e-05,7.272439888085026e-06,1.0181631688390058,1.2724619640855217,0.050692062887237876,-0.0006077471489607649
2007-12-20,0.00024590544417229593,3.08063661553904e-05,2.1369972853804566e-05,0.0,4.460032227170551e-05,5.761484378769721e-06,1.1134116628253163,0.9176068212884195,-0.05032255434489422,0.00014336729851262574
2007-12-21,0.004279915926119999,1.6989875129360074e-05,1.0965339332994022e-05,0.0,2.323884682924647e-05,6.1650524241085336e-06,0.6615533379998497,0.9893062393297839,-0.0464225679204492,0.004222556812404289
2007-12-26,-0.002359245425577332,2.097370915141368e-05,9.467470397684393e-06,0.0,3.236089239073982e-05,5.2029700344003725e-06,0.5497177578342816,0.8258899720583289,-0.048208993720933666,-0.00242725046755157
2007-12-27,0.0010056012947531328,2.0664473754624798e-05,9.240342198879145e-06,0.0,3.194882667469418e-05,4.3536038370264515e-06,0.6773092171146087,0.7825705036541001,0.05116505903365613,0.0009393940482879083
2007-12-28,0.00032127824994557724,1.6586584918082035e-05,8.73435026779097e-06,0.0,2.5279680913195802e-05,3.6425729973150237e-06,0.5213269443444672,0.6585712674800664,0.046619003931142704,0.0002670350608491934
2007-12-31,0.00221025690470538,2.2363838728963664e-05,1.3265176263157362e-05,0.0,3.0665523696859646e-05,6.624643087684544e-06,0.9239335573840449,1.1639921237725956,0.051052085041591866,0.0021373377229287147
2008-01-02,-0.00690445846819428,1.5232262672534617e-05,7.971619796005862e-06,0.0,1.8761721864555577e-05,5.306416984078916e-06,0.4462985923518977,0.9372521604288482,0.04577410710359031,-0.0069517304895114545
2008-01-03,-0.00466177793816789,1.336028875809995e-05,9.320674996903685e-06,0.0,1.997261727117007e-05,3.7393699757497683e-06,0.5326150409014194,0.6742859149665368,0.046071759040575685,-0.0047081708891698135
2008-01-04,-0.0027720193092890285,2.7538619313981852e-05,1.3696355226905319e-05,0.0,3.770171989135713e-05,6.818246652785072e-06,0.9000256136365729,1.1927022062921833,0.0472367686242911,-0.002857774250374058
2008-01-07,-0.00046394374834156615,3.960956843592943e-05,2.902151495549813e-05,0.0,5.4672540882606405e-05,8.249003454410598e-06,1.5407136316421401,1.334178604425857,-0.05165397591512427,-0.0005954963760700107
2008-01-08,0.004420824220422007,3.830676496583099e-05,1.8078036039859192e-05,0.0,5.172632280244793e-05,8.500909305193179e-06,1.3406292156073794,1.4820034520234793,0.05385068875102578,0.004304212187308676
2008-01-09,-0.006367488224219357,3.908453399018384e-05,2.468812469247748e-05,0.0,5.043483976704034e-05,8.163225843854988e-06,1.2722095108296845,1.3434122941537807,-0.028009647613857075,-0.0064898589485129134
2008-01-10,0.0032243424086716515,3.60517095474207e-05,1.7875794063056107e-05,0.0,5.635127336974214e-05,7.505599974663738e-06,1.2030456743637086,1.3110236287850934,0.05008283304158506,0.0031065580317167687
2008-01-11,-0.00033746564106018053,2.5342209741746583e-05,1.0623228983417944e-05,0.0,3.750985694728102e-05,6.912147950614075e-06,0.5812135836807681,1.2129886887814645,0.051747833078300165,-0.00041785308468324017
2008-01-14,0.004060587516213509,2.440024811047835e-05,1.3941288141676105e-05,0.0,3.4662844598332124e-05,4.506173508208423e-06,0.755726013507959,0.811264863954251,0.05422771457523603,0.003983076961854814
2008-01-15,-0.001602398654352001,3.584141824545934e-05,1.9029740741205004e-05,0.0,5.36165570140078e-05,7.850134990518212e-06,1.3271439357954213,1.368894593002174,0.050071914595114286,-0.0017187365053431913
2008-01-16,0.005271063390148678,2.548625041659637e-05,9.724684853122418e-06,0.0,3.8493496801216226e-05,7.644756788537538e-06,0.5473696694766468,1.3328020978527384,0.04848295737843211,0.005189714201289206
2008-01-17,-0.003730378520645091,2.7862096281228943e-05,1.1485218796083882e-05,0.0,3.642870509268376e-05,6.9409457494809315e-06,0.6046769685722824,1.2113549901808076,0.04527610426801054,-0.003813095486564569
2008-01-18,0.005679266273730563,2.4475015979976425e-05,1.4452275343944381e-05,0.0,4.009389335401881e-05,4.313664655865586e-06,0.7741995343725832,0.7715699570111745,0.046874294825756474,0.0055959314243967575
2008-01-22,-0.004227403556483661,2.0332759624431317e-05,8.99046711246292e-06,0.0,2.7633548512773523e-05,5.537124842959064e-06,0.5853491751474247,0.9774121964686173,0.04717522285149517,-0.004289897456576287
2008-01-23,-0.00340368768121395,4.730503349993936e-05,3.022677775201928e-05,0.0,8.663773424681731e-05,8.023070855351491e-06,1.571439440759352,1.2999021980902232,-0.047973705608827244,-0.0035758802975680774
2008-01-24,-0.000839788320467172,2.779963063568774e-05,1.1723253311779267e-05,0.0,4.6859758063814026e-05,4.9615844101877305e-06,0.8601093119296401,0.8851828103232905,0.051636629411751726,-0.0009311325468886407
2008-01-25,-0.0014349515764212216,5.396630115699295e-05,2.5968886100393553e-05,0.0,7.576517618340659e-05,1.0366169462853628e-05,1.7313214836128594,1.7919521884663694,0.05043571870696051,-0.0016010181093248682
2008-01-28,0.00348286963145389,2.4989411642333068e-05,1.4551605081586175e-05,0.0,4.635250446412489e-05,7.367102622880278e-06,0.8493942292028199,1.2930614586126423,0.055388217968755704,0.0033896090076429657
2008-01-29,0.0019253201913621773,2.603248663347617e-05,1.5981772555674576e-05,0.0,4.945318291330198e-05,4.713455149332777e-06,0.8525767415536314,0.8455970149822334,0.05373654989432658,0.0018291392941103919
2008-01-30,0.0018012799041819136,3.052833504877486e-05,1.736343871565608e-05,0.0,4.910085685482971e-05,8.398047682145321e-06,1.1360887474910233,1.4623766686416004,0.051504658041185924,0.0016958892258805076
2008-01-31,-0.0004255202573749656,3.496270800113679e-05,1.7933271528553456e-05,0.0,5.439332626984885e-05,1.1152204183514995e-05,1.1649467525791362,1.9269871631335358,0.05341686030301762,-0.0005439617673580197
2008-02-01,0.0022843013143508447,2.7794167963404912e-05,1.5460007753901536e-05,0.0,2.9292162868120805e-05,7.932957852946783e-06,0.8279680554765075,1.3853437866011233,0.05260686730606401,0.002203822017912471
2008-02-04,0.004185768810520466,1.7291150603607968e-05,8.978152657594576e-06,0.0,3.317523227553605e-05,7.311850995014406e-06,0.5166922815858691,1.27995009683628,0.051559129673860005,0.004119012423988713
2008-02-05,-0.00717012367742691,1.4529091184811388e-05,8.112733602640196e-06,0.0,2.277478444974275e-05,5.576251473184461e-06,0.4838581189199712,0.9821187044565116,0.04530845696152214,-0.007221116538137289
2008-02-06,-0.002200146853152564,1.476774315068548e-05,9.38689418452653e-06,0.0,2.466132009759845e-05,4.217333559952531e-06,0.5315740123297962,0.750626359701358,0.042114321629333096,-0.0022531801441453268
2008-02-07,0.003989659907485273,4.5458634389730056e-05,3.3363567195714616e-05,0.0,6.856172293278018e-05,1.0284897738274e-05,1.8378259055045378,1.6799411468859289,-0.04792167314410356,0.0038319910852287744
2008-02-08,-0.003172586205947621,2.798829493084621e-05,1.2499111868207758e-05,0.0,2.6054988893997344e-05,6.648906422056728e-06,0.875070564777028,1.065537115407662,-0.05147916349786838,-0.003245777508062729
2008-02-11,-0.0021326812120496656,2.14449956140103e-05,9.366139142506402e-06,0.0,2.6596410935838256e-05,6.711951306720737e-06,0.5106808004085175,1.0761249061429825,-0.05148291338610134,-0.002196800709048741
2008-02-12,0.0015193146724792996,2.4572842115528827e-05,1.4367248934536455e-05,0.0,3.517909243284968e-05,7.568378913159831e-06,0.8002063241337078,1.2211581672585614,-0.05032949015229021,0.0014376271100832248
2008-02-13,-0.002110904378637733,1.7230935417580006e-05,1.0580343286519637e-05,0.0,2.0913220321096316e-05,5.111727274403177e-06,0.7211120980111638,0.8054773739411006,-0.05329280815863363,-0.002164740604937332
2008-02-14,0.0011522462232079398,2.6835257913610614e-05,1.3684228703118428e-05,0.0,3.602201370224314e-05,5.515430750224897e-06,1.034788505844091,0.9748383325657453,0.04824596652796215,0.0010701892921387427
2008-02-15,-0.00016546503877102047,2.9182783677363654e-05,1.8407342108422366e-05,0.0,3.5846719429648615e-05,4.896993082422045e-06,0.8791829574267864,0.7719492989558395,-0.050745538891064104,-0.0002537988770688771
2008-02-19,0.0008198739616714309,2.0352901431724486e-05,6.836693865459512e-06,0.0,2.127647307678865e-05,3.2789932593940563e-06,0.5253918123334631,0.599443136883037,0.048572269304835186,0.0007681289000380642
2008-02-20,0.003103327030927705,1.5461969855051358e-05,1.0651724569696975e-05,0.0,1.9019478822719937e-05,4.708156315168942e-06,0.5075525782421492,0.742175022926779,-0.04879523802160296,0.003053485701365068
2008-02-21,0.002692438427912729,1.257045368626446e-05,5.527593889034818e-06,0.0,1.8828682527862346e-05,3.7661613408891254e-06,0.332928173473395,0.5843448358653134,-0.048370269404059765,0.002651745536468678
2008-02-22,0.0020318491131458703,3.947653400896145e-05,2.6969705140275074e-05,0.0,5.967512507259775e-05,1.0387781765700336e-05,1.5305052892692852,1.698447509772453,-0.0466998268652038,0.0018953399671583356
2008-02-25,-0.002897805476035644,1.5063561561353595e-05,9.103526629212898e-06,0.0,2.094990930442414e-05,8.057310764300731e-06,0.6125781165367185,1.300511741541214,-0.05311646686130833,-0.0029509797842949353
2008-02-26,-0.002855908092239553,1.3718529319919987e-05,8.053287524876274e-06,0.0,2.5067608397576363e-05,5.698824356717033e-06,0.561550049249008,0.9033519936109025,-0.054050498317559315,-0.0029084463418386428
2008-02-27,-0.0011861498048304998,1.255379123549611e-05,7.408648811638655e-06,0.0,1.91509150905724e-05,4.68037738695009e-06,0.4672040777322678,0.7342585186527093,-0.0520448823549054,-0.0012299435373551572
2008-02-28,0.0024889252630170573,1.456827489277716e-05,7.033148434848099e-06,0.0,1.8971748904516243e-05,4.076185347416656e-06,0.451506962920556,0.6334034252163374,-0.05139571314966104,0.002444275905437499
2008-02-29,0.0034234863499546537,1.4752287932681308e-05,7.771204030802013e-06,0.0,2.197710175075242e-05,4.471874372684988e-06,0.46904857035715103,0.7158593335494691,-0.03541556106160873,0.003374513881867733
2008-03-03,6.534396835248334e-05,1.5964322710645815e-05,1.109132358018958e-05,0.0,3.1557696258099525e-05,6.239080663680309e-06,0.6553630291616009,1.0029561313495075,-0.045209420148784096,4.915451398681078e-07
2008-03-04,-0.0015363867204767421,2.4719933335637877e-05,9.853968051560064e-06,0.0,3.521181145380987e-05,4.495049767711698e-06,0.7087480418097191,0.8065754355630002,0.05140707458743493,-0.0016106674830854617
2008-03-05,0.002048664393519869,2.4223507454343145e-05,1.4234622330201779e-05,0.0,2.942788742110964e-05,6.169714550132259e-06,0.7096716703213396,0.9889095702740642,-0.047602474148155716,0.001974608661764082
2008-03-06,0.001142960094723939,3.7345248757808706e-05,1.8097008111482318e-05,0.0,5.530082319366262e-05,6.1386862437014275e-06,1.3286365349913645,1.0835509142552775,0.05225162531343783,0.0010260783284172837
2008-03-07,0.0010205904102943844,1.8126443141555703e-05,8.50379340671416e-06,0.0,2.7168658104302758e-05,4.761256309502309e-06,0.4759250904909386,0.8508831154043444,0.050992055407956594,0.0009620302593323095
2008-03-10,-0.0015097868635674395,1.8470158961457642e-05,8.674577530029968e-06,0.0,2.2547931698132256e-05,5.263251064896905e-06,0.5372788075091426,0.9330476873587907,0.048821508456110885,-0.0015647427828219562
2008-03-11,0.009548112865005062,5.146857239396416e-05,3.645930626852962e-05,0.0,6.980986576731902e-05,1.0941966106965397e-05,1.92329855769932,1.7927452459236088,-0.04550506004657773,0.009379433154468283
2008-03-12,0.0029793292805641346,3.2989383642942615e-05,1.5322839625642084e-05,0.0,4.694581749979131e-05,5.768647409496274e-06,1.0050068543108583,0.9211854584752213,-0.04794730632015337,0.002878302592386262
2008-03-13,-0.0009907779042549745,1.8950288967418942e-05,9.96214680708182e-06,0.0,2.0725306635217257e-05,3.322180645048448e-06,0.6737183228314572,0.5389416807840127,-0.019184667584126715,-0.001043737827309741
2008-03-14,0.0007454976327080415,1.8692296833428053e-05,7.844434266658813e-06,0.0,1.8257012176420857e-05,3.6431466886608766e-06,0.43896429149157423,0.5805172249988914,-0.03153141869613571,0.0006970607427428728
2008-03-17,-0.001851299137695462,3.528881739566472e-05,1.7380210271361324e-05,0.0,4.308853421846213e-05,7.054905660656587e-06,1.2445099334035024,1.2360047312123834,0.050780580222077154,-0.001954111605241607
2008-03-18,0.007548827499392838,2.834739801706524e-05,1.702566766125306e-05,0.0,3.416564020824489e-05,5.4186137308621835e-06,0.9652964770308795,0.9708237920811222,0.06049668529627547,0.0074638701797754125
2008-03-19,-0.0032909385731071266,4.368127248509773e-05,1.9731375645739247e-05,0.0,5.558975744687209e-05,8.406796809748286e-06,1.2252237208785226,1.4645675296513074,0.052225665613595706,-0.003418347775494584
2008-03-20,0.002511053331102516,2.84441604550007e-05,2.0326165194631206e-05,0.0,4.4764011359255666e-05,6.337054480650971e-06,1.0798855465910009,1.0244288264591659,-0.04019632629019758,0.002411181939612978
2008-03-24,0.0027953042014074,1.4922908955505465e-05,5.984306280482819e-06,0.0,2.1092154691033546e-05,5.00519792718458e-06,0.3652958356616761,0.8492051758331968,0.008331924066187713,0.0027482996335531935
2008-03-25,0.00379925007176944,1.5489301635298794e-05,6.459087054101083e-06,0.0,2.0507972401857774e-05,3.91735407591533e-06,0.39539914286510525,0.7029154243406324,0.04479993958685685,0.003752876356602267
2008-03-26,0.0005831693059814401,1.3730634176491729e-05,7.265975620943176e-06,0.0,1.516060022120499e-05,3.917365473425465e-06,0.3040326273146072,0.6188441281450092,-0.03927327139046877,0.0005430947304893748
2008-03-27,-0.0013913074370688226,1.602122017706468e-05,4.481977180697923e-06,0.0,1.8910539545761005e-05,2.944307569750143e-06,0.32569763659425865,0.5475586832667889,0.05291501154876488,-0.0014336654815420963
2008-03-28,-0.0002570839373744416,9.610892264700728e-06,5.5209852671628855e-06,0.0,1.2716712124752392e-05,2.5154257173540556e-06,0.2949159043430237,0.4428613808836784,0.020269860368197057,-0.00028744795274841166
2008-03-31,0.0015949193769924754,1.2954867819409045e-05,5.592501079205149e-06,0.0,1.3876059939896915e-05,2.6653849353280385e-06,0.3372280035910992,0.5005190900633745,0.052734420928264095,0.0015598305632186363
2008-04-01,0.0037426501328704843,1.3971131130454196e-05,6.960223986671611e-06,0.0,2.353364631865778e-05,3.843953885604347e-06,0.33651698929108026,0.6285620138617182,-0.017222238919812047,0.0036943411775490964
2008-04-02,0.0016402357931068205,1.4700353636989804e-05,7.184686532199486e-06,0.0,2.053902708269599e-05,3.0489192511889224e-06,0.34336900020883293,0.46745459911950626,-0.04476383508023263,0.0015947628066037463
2008-04-03,-0.0008034609504674004,1.3645720677241786e-05,7.798521123853912e-06,0.0,1.2974876783751849e-05,4.111138280013747e-06,0.40728413963136695,0.6418661392873419,-0.04880509175496775,-0.0008419912073322617
2008-04-04,-0.0004672625527624972,9.682630783305207e-06,4.357880354965671e-06,0.0,1.2281937293145495e-05,4.08585763602866e-06,0.25183867436010654,0.6374188831046821,-0.049005199748133194,-0.0004976708588299422
2008-04-07,-0.00018304783510714407,2.0160910780823773e-05,8.100462322165e-06,0.0,2.2810331597542112e-05,2.9390484567514853e-06,0.4471407642006588,0.4436977400445384,-0.050062400689711226,-0.00023705858826442643
2008-04-08,0.00027344333685510854,1.0909886089159512e-05,4.721596338668935e-06,0.0,1.2629724435571785e-05,2.6845358744408614e-06,0.3128503332836159,0.40888121938698724,-0.04212080751907739,0.00024249759411726745
2008-04-09,0.0028721476693505882,1.2456010878856068e-05,3.921149618560686e-06,0.0,1.6896992677704785e-05,1.890927668174541e-06,0.28048618682894005,0.3692545497425482,0.051578701489225345,0.002836982588507292
2008-04-10,0.0015184140099241102,2.7640064228933674e-05,1.4177314913691361e-05,0.0,3.314931024838564e-05,4.772914570658753e-06,0.7127427013533323,0.753148180975846,-0.04870146689482524,0.0014386744059624408
2008-04-11,-0.00030126048942290647,1.1752362690275328e-05,4.215011715810251e-06,0.0,1.3681325077179654e-05,4.3593378928917425e-06,0.22304587465762574,0.6860555476716523,-0.04631321833416041,-0.00033526852679906347
2008-04-14,-0.00024105855433586418,1.000128790122663e-05,4.3106550198940505e-06,0.0,9.057170499364642e-06,3.276206323478927e-06,0.25911839783582696,0.5022445687002858,-0.04815809364417417,-0.0002677038740798284
2008-04-15,-0.0026051957986933617,1.3214834203034737e-05,6.0252633008342665e-06,0.0,1.3000586643520824e-05,3.841760632682499e-06,0.29599097930389995,0.5948248166043943,-0.050590969686265946,-0.002641278243473434
2008-04-16,-0.00044029054661375255,1.8448394312475565e-05,7.8224462177814e-06,0.0,2.2244475709519603e-05,4.235717649759218e-06,0.4032349494709096,0.6597697413212293,-0.051830823838318885,-0.0004930415805032883
2008-04-17,0.0007066855448816788,2.324936342179956e-05,1.0367722732384565e-05,0.0,2.8361060894955272e-05,3.7849032266559614e-06,0.8003826267615932,0.6856618916535423,0.049798149575340914,0.0006409224946058834
2008-04-18,0.00346556530619265,1.959736522816831e-05,1.1587934462063507e-05,0.0,2.3528455952548536e-05,3.3555235993040836e-06,0.5650636668681494,0.515105505737184,-0.04862245894590222,0.003407496026950566
2008-04-21,-7.00332190860563e-05,1.930492734979337e-05,6.740973066317899e-06,0.0,1.7484697532882993e-05,3.7817223287860544e-06,0.46097523025245846,0.6275695133482214,-0.00775983788783581,-0.00011734553936383662
2008-04-22,-0.0023126149608189424,2.2821312825791926e-05,1.1370392399751604e-05,0.0,2.4092212416763397e-05,3.6842696381597756e-06,0.5414895790081333,0.56936445485815,-0.0495928443526924,-0.002374583148099409
2008-04-23,-2.3077140557720322e-05,1.478106551916267e-05,6.293141473238293e-06,0.0,1.7193259825836688e-05,3.882218797610606e-06,0.3572382889016095,0.6036571119483265,-0.048555646050255516,-6.522682617356858e-05
2008-04-24,0.00170983521499025,1.351571655270685e-05,7.409442053988815e-06,0.0,2.5374131014303123e-05,4.409522296061336e-06,0.4250074716173405,0.6926856514660781,-0.0481140942722261,0.00165912640307319
2008-04-25,-0.0016635710043304954,1.7431937178864603e-05,7.206592452853949e-06,0.0,2.186898393012308e-05,3.754566111714969e-06,0.4320247454919898,0.5811473745763268,-0.04961973219178803,-0.0017138330840040519
2008-04-28,0.0019948254587686346,1.8065601978261937e-05,8.294597710627665e-06,0.0,2.256528240403521e-05,3.6523549485319977e-06,0.5278973702367479,0.6135520802088176,-4.355114455810438e-05,0.0019422476217271778
2008-04-29,-0.0005159195004752514,1.1775867686340428e-05,4.998541895243194e-06,0.0,1.764478354106397e-05,3.758061863984404e-06,0.3330926988786916,0.6822211372792623,0.050866744129882444,-0.0005540967554618834
2008-04-30,0.0004266266034464394,1.909660208931073e-05,8.655298229996148e-06,0.0,2.6845267389509522e-05,4.148680158258218e-06,0.5081015947210286,0.7483086879952074,0.0513304214078269,0.00036788075557936476
2008-05-01,0.0023186101123454806,2.3893432957778834e-05,1.5257719379937479e-05,0.0,3.8798600266012125e-05,5.276847983476995e-06,0.7785548129303042,0.840275087737184,-0.04623537348695099,0.002235383511758275
2008-05-02,0.0021009094392668306,1.7222041374516208e-05,7.887181158168454e-06,0.0,2.172121484009624e-05,4.851867058036173e-06,0.43262717244399784,0.7689563946183676,-0.046157271131709796,0.0020492271348360137
2008-05-05,0.0033814156281964415,1.7335047221811804e-05,7.747974034377157e-06,0.0,2.1424685641659534e-05,3.92733601518318e-06,0.4381153962872229,0.6144957749477999,-0.04529667560297439,0.0033309805852834097
2008-05-06,0.0009582260048374388,1.4413937173541022e-05,5.945069400464759e-06,0.0,1.9996838319384115e-05,3.7097452186137535e-06,0.3831564344708526,0.6095056907876678,-0.013731505939442685,0.0009141604147254351
2008-05-07,0.002808240669663969,2.3777263186713396e-05,1.090404074680414e-05,0.0,3.3000396537517594e-05,4.50825414506551e-06,0.7425423649155632,0.8104760078443847,0.053089311473378864,0.0027360507150478684
2008-05-08,0.0028503896693161572,2.6898585214540428e-05,1.890165819889491e-05,0.0,3.464189815253379e-05,5.95176681318334e-06,0.9827063186985414,0.9536492730515485,-0.04624755156325261,0.002763995760937005
2008-05-09,0.0028184020586689827,2.1050080677897434e-05,1.0504837040187549e-05,0.0,2.5127890086253836e-05,4.255612803440149e-06,0.790435497700238,0.7671780755183275,0.05223512454038212,0.0027574636380612036
2008-05-12,-3.148519855276374e-05,1.437839531288992e-05,8.664448461666213e-06,0.0,1.759530757141895e-05,3.49273271722394e-06,0.49451823239090215,0.6390131452274621,0.05223404873384042,-7.561608261596277e-05
2008-05-13,-2.4049671532572916e-05,1.641780861621158e-05,8.187917550896918e-06,0.0,2.404145829937174e-05,3.5365041165928465e-06,0.4100999892640672,0.5475300297124007,-0.04660266187519731,-7.6233360115646e-05
2008-05-14,-0.00012175002221342295,1.4594542307960833e-05,6.878918391367119e-06,0.0,2.077205343792e-05,3.5717437404780238e-06,0.35179401794018944,0.5520914555782126,-0.04796149282209534,-0.00016756728009114893
2008-05-15,-0.00158068598772641,1.4332745349479957e-05,6.852611389888956e-06,0.0,1.828398829266568e-05,3.1488685657133955e-06,0.42355310672299673,0.47908136795639494,-0.04992855108345537,-0.001623304201324158
2008-05-16,0.0007178519168731604,1.0123127021280678e-05,4.810407857917519e-06,0.0,1.2527857720236311e-05,3.1219046030619677e-06,0.2888787620335543,0.47468665894225737,-0.04979331437215318,0.000687268619670664
2008-05-19,-0.0008997753005237806,1.4704569103673955e-05,7.138649015951049e-06,0.0,1.7421681456927147e-05,3.5035992065833144e-06,0.4125877950527651,0.5392388700165036,-0.049365796689493514,-0.000942543799306916
2008-05-20,0.0012695187469275145,1.3126733755542977e-05,8.85660981712064e-06,0.0,2.0441952927437188e-05,4.828803893347851e-06,0.5240453539356327,0.7628078893154318,-0.048431164767006984,0.001222264646534066
2008-05-21,0.0029067033561533295,1.8783777961916505e-05,8.528524448071815e-06,0.0,2.3672695823301853e-05,5.651520087720293e-06,0.47316210113374946,0.9053214233516657,-0.04413395138534376,0.002850066837832319
2008-05-22,-0.0004195968784104454,2.4577950663857794e-05,1.2564943617521354e-05,0.0,3.4258656881577374e-05,7.215077117512421e-06,0.6873576675434686,1.1658172781148726,-0.0463156776272145,-0.0004982135066909143
2008-05-23,0.0005085962072580298,1.868394682916878e-05,8.761952870591894e-06,0.0,2.2197482882616825e-05,4.843780230459509e-06,0.6902014060479226,0.8667152008310084,0.05296012211381135,0.0004541090444451928
2008-05-27,-0.0007302593112791258,1.6545160483484366e-05,9.228118557335912e-06,0.0,2.595781429702434e-05,4.107818234476729e-06,0.5866134198316556,0.7400637078706598,0.049950244478569175,-0.0007860982228514471
2008-05-28,0.0007987314510772277,2.1760183503009657e-05,1.5548100701312883e-05,0.0,2.6462730907935154e-05,6.561566482460593e-06,0.8388005163860681,1.053076513872588,-0.049266655180791485,0.0007283988694825093
2008-05-29,-0.0005367994512229565,2.3627323714012616e-05,9.955025161861752e-06,0.0,2.5850237857487258e-05,4.771730492080726e-06,0.5856344192462051,0.7505621374387473,-0.05108858523081483,-0.0006010037684483988
2008-05-30,0.0005949970676317153,2.6938293440124567e-05,1.4110870806130042e-05,0.0,3.594410312533095e-05,4.9310976329669965e-06,0.9314076543848502,0.7880350802671813,-0.0403893220712738,0.0005130727026271628
2008-06-02,-0.00013222033771023074,1.4716196850150976e-05,5.920036679939373e-06,0.0,1.6784405971659373e-05,3.154888815287117e-06,0.3839941627417505,0.5549909253689094,0.02496960440067357,-0.0001727958660272676
2008-06-03,-0.0017228588030675756,1.7323531460887417e-05,7.66500415000151e-06,0.0,1.8880330523048054e-05,3.6201869585576196e-06,0.43060732002674507,0.6581460254606426,0.04995461642296263,-0.0017703478561600702
2008-06-04,-0.0003037044867847964,2.220639192823885e-05,1.6566980213801373e-05,0.0,3.432862994145741e-05,5.9067679373998775e-06,0.8737154904532913,0.9412459237384267,-0.05109108974475296,-0.0003827132568056939
2008-06-05,-0.00013164004917346373,2.1376747408215125e-05,1.0465229771874957e-05,0.0,2.695603091575053e-05,6.453501978572552e-06,0.5821700354387593,1.0330630435183934,-0.05112528888179596,-0.00019689155924787689
2008-06-06,0.004723616752211026,3.9857120006574686e-05,1.858075366000084e-05,0.0,5.0579207507292204e-05,7.403196729534626e-06,1.3970906484163548,1.2993438067147747,0.055606756152957904,0.004607196474307624
2008-06-09,-0.0011848096750931099,2.8670776017430255e-05,1.3866374171555306e-05,0.0,3.41211292329693e-05,5.4566335960378e-06,0.7422327393029382,0.9666973479500701,0.04998290381571985,-0.0012669245881111026
2008-06-10,0.004406432523686525,2.2655960976513248e-05,1.276229911448937e-05,0.0,3.204367650260097e-05,3.6979153185030606e-06,0.6813667856299601,0.6701004742302629,0.04885070072174852,0.0043352726717744185
2008-06-11,2.0465730886190716e-05,2.7424245641502487e-05,1.2501055063867483e-05,0.0,3.0837037284284414e-05,5.996333193071162e-06,0.8425620252615875,1.0598116689142616,0.052427692478306254,-5.6292940296534824e-05
2008-06-12,-0.001029350787419277,4.404931577753859e-05,2.4063351669430298e-05,0.0,4.5290839542190015e-05,6.736367313347008e-06,1.3230043371061653,1.1793317093702076,0.04762200072791012,-0.0011494906617217828
2008-06-13,-0.0026644559265784438,3.7430380586012086e-05,2.5146024671862243e-05,0.0,5.1356785531975277e-05,1.2127602156417322e-05,1.383664042551147,1.9855485206884527,-0.051888641589657225,-0.002790516719524711
2008-06-16,0.002523228305095262,3.337213452510234e-05,1.7078482864678524e-05,0.0,4.0918717381609944e-05,7.967248393536835e-06,1.0691055705996328,1.2891322474147486,-0.04936548269943952,0.0024238917219303346
2008-06-17,0.0029021351806542933,2.5619713452411864e-05,1.138805250435327e-05,0.0,3.002424121506152e-05,6.467560438650671e-06,0.6438268660174721,1.0406328345726492,-0.04591731912066327,0.002828635613043816
2008-06-18,-0.0012142853022581437,2.7364071292637996e-05,1.2169468122628419e-05,0.0,3.9591100945128213e-05,6.050254367721636e-06,0.7394879058594547,0.9697050341805129,-0.04673769959672219,-0.0012994601969862599
2008-06-19,-0.0013754650466775182,2.059762702582766e-05,1.1225618801209451e-05,0.0,2.7911493290607293e-05,6.3960106124143865e-06,0.6216915165886245,1.0250414682062052,-0.049488314679411394,-0.001441595796407577
2008-06-20,0.003914680251659645,2.7924777083118297e-05,1.181425524067071e-05,0.0,3.168544838547982e-05,6.751593682518426e-06,0.6115659029933247,1.087520708803673,-0.04674702985942236,0.0038365041772678576
2008-06-23,-0.0005047815679914474,2.0655983557892586e-05,8.678683221504702e-06,0.0,3.273302853280714e-05,5.933075654201451e-06,0.5817101487960938,0.9847005952217214,-0.012056114684122071,-0.0005727823389578533
2008-06-24,0.0011208210385454723,3.0404578613087245e-05,1.1371964712486228e-05,0.0,3.555673454622041e-05,4.819053970229043e-06,0.7191803085530067,0.8621182775273792,0.05251721052889974,0.0010386687067034494
2008-06-25,0.0025524135062524617,3.5294197341461726e-05,1.4227759691056977e-05,0.0,4.403801339300231e-05,5.5159919057859805e-06,0.8225633983258792,0.9775318804144487,0.05084524024240411,0.0024533375439211545
2008-06-26,0.001784311852023807,3.180820484539576e-05,1.640443316760068e-05,0.0,3.816092722130732e-05,6.974113416677456e-06,0.9777409219314739,1.220359441937315,0.04870838793550192,0.0016909641733728257
2008-06-27,0.002009628265043648,2.8031585397359053e-05,1.3166121270206853e-05,0.0,3.53571728408489e-05,8.308948879987283e-06,0.8281921982011466,1.4438526801495075,0.04794926831164398,0.0019247644366552458
2008-06-30,-0.005844941495032088,3.127123454660858e-05,1.6145400527234838e-05,0.0,4.200196528373917e-05,1.0388232072680662e-05,1.0168685968983253,1.7963739739113238,0.05115098570097332,-0.005944748327462351
2008-07-01,-0.0019749077436604506,4.246125975776469e-05,2.5699531783665753e-05,0.0,5.8410116968488184e-05,7.417799974831766e-06,1.4479606018483384,1.2962425743173647,0.05005217854562813,-0.002108896452145201
2008-07-02,0.005637637798103333,2.945308475876043e-05,1.3223043874711514e-05,0.0,4.054238117898028e-05,7.739036410630453e-06,0.8219258627481509,1.350828447214763,0.05067033022884698,0.00554668025188025
2008-07-07,0.0017317614292719186,4.401345294274508e-05,1.8274336817808377e-05,0.0,5.0768755003005325e-05,9.927624120344083e-06,1.1564482238011156,1.7211171064225352,0.05327625420472948,0.0016087772603880159
2008-07-08,0.005309483871191924,5.260276630942167e-05,3.344465609844083e-05,0.0,6.57429460935776e-05,7.656052275681187e-06,1.794383277451079,1.3137553390913386,0.027538556776898898,0.005150037450414803
2008-07-09,-0.010809951625171309,3.043514057281541e-05,1.3078110938273796e-05,0.0,4.964830509257741e-05,6.825698196701312e-06,0.8034090251337624,1.1956247863327556,0.04890748928693518,-0.010909938879971676
2008-07-10,0.001339889655766545,4.104978811844745e-05,2.426685016451522e-05,0.0,5.0316275898623355e-05,9.440335184863842e-06,1.2307503786715643,1.533626535456293,-0.05234977560083265,0.001214816406400095
2008-07-11,0.0008286359213232301,2.8436110590929477e-05,1.3591449908572509e-05,0.0,3.7719980512805676e-05,9.169931911216742e-06,0.7577604092229662,1.4914935955481083,-0.04905496553630423,0.0007397184483997057
2008-07-14,0.005786522081955223,5.1582812650773465e-05,2.0768803464375485e-05,0.0,6.199857796157916e-05,6.664866552777722e-06,1.49730513580779,1.170213554959041,0.05051597409238348,0.0056455070213257165
2008-07-15,0.007989385409174725,3.820390631094495e-05,1.517774106018111e-05,0.0,4.83469510595251e-05,6.286455697387387e-06,0.7775780092041551,1.1083520729152563,0.05222751575417567,0.007881370355046687
2008-07-16,0.013908801564161279,2.840863092129971e-05,1.6128000611706715e-05,0.0,3.329905478722733e-05,6.0027912542306e-06,0.8828972340350434,1.0647836734962115,0.05631474278547072,0.013824963086586815
2008-07-17,0.010126089307999119,3.587632963665012e-05,1.8078749535367792e-05,0.0,5.265385952243333e-05,7.211518435621653e-06,0.8947654530797008,1.1732951994044822,-0.03823989777995537,0.010012268850869047
2008-07-18,-0.0007070135824535784,2.8809410454979183e-05,1.2338332506999554e-05,0.0,4.5570781412177395e-05,6.167599231619675e-06,0.6817039893784782,0.9916415340940454,-0.044515136818059464,-0.0007998997060593542
2008-07-21,0.0010151456661666818,2.2558956586599737e-05,9.630995455636528e-06,0.0,2.6460608862534986e-05,5.965571671652638e-06,0.46488389588618073,0.9553258538682728,-0.04689018696937053,0.0009505295335902579
2008-07-22,-0.001784051813871702,2.785146309280302e-05,1.054185674647941e-05,0.0,4.8487678680224865e-05,6.262561198332137e-06,0.5655708043800318,1.0049464677418725,-0.04716381357792643,-0.0018771953735895416
2008-07-23,0.003911495825005612,2.896765224234588e-05,1.2598692666597997e-05,0.0,4.053060836886578e-05,7.08144240903904e-06,0.661292775027501,1.1413561936130736,-0.04832613110548517,0.003822317429318763
2008-07-24,0.004404581722203401,3.197858255401909e-05,1.180701845997798e-05,0.0,4.623314091196677e-05,6.429762671617226e-06,0.6694141999592708,1.0352015005321822,-0.044998628299511734,0.004308133217605819
2008-07-25,-6.471302248966047e-05,3.6065133418827216e-05,2.1246454521525736e-05,0.0,5.982312107484006e-05,1.0049815058907219e-05,1.1621315675530408,1.6408421682518841,-0.0475267616445294,-0.00019189754656376068
2008-07-28,0.00027596331952669915,3.0587076143687374e-05,1.3550900151182492e-05,0.0,4.79238879383096e-05,6.507097099599418e-06,1.027468380599744,1.1461148452257501,0.052922532493047764,0.00017739435819392026
2008-07-29,0.0037075160845448578,2.9582467567908733e-05,1.6707658965392172e-05,0.0,4.9937885195174356e-05,8.499856218950157e-06,0.8716501933625191,1.3862049583683747,-0.04177088641525162,0.0036027882165974323
2008-07-30,0.004076812007611584,2.6648935445129963e-05,1.4265977765248842e-05,0.0,4.3515351426239094e-05,5.439759074277699e-06,0.9045455318638269,0.8670760916945309,-0.046803432784121746,0.003986941983900688
2008-07-31,-0.000878879972969467,3.048994853797248e-05,1.5010516986532682e-05,0.0,4.145788299442891e-05,6.438962521753999e-06,1.089415924777433,1.1328168090321735,0.05107110537750198,-0.000972277284010155
2008-08-01,0.0004189081576492803,2.7130383738000763e-05,1.2946549751305976e-05,0.0,3.444693602973209e-05,7.63429630008496e-06,0.8009367714948308,1.3357348786686893,0.053173100254415406,0.00033674999183015654
2008-08-04,-0.0017793826405178073,2.1029782308670553e-05,1.3486734861566136e-05,0.0,2.7486191846052242e-05,4.724057518024217e-06,0.7884508169062573,0.846149827667709,0.05250816463964089,-0.0018461094070521204
2008-08-05,-0.0003129864567941985,2.012097854281444e-05,1.2588759691415524e-05,0.0,3.138765027912022e-05,4.536875899114755e-06,0.6955703838951071,0.7611643225976479,-0.001030828453630981,-0.00038162072120666345
2008-08-06,0.006769338706078146,1.8046498082825733e-05,8.870546650757038e-06,0.0,2.7861842392379207e-05,4.284609688101673e-06,0.5998358621220002,0.7790995028320744,0.059285075230993536,0.0067102752092640825
2008-08-07,-0.003937010816597208,2.339849143118857e-05,1.2394863348751235e-05,0.0,3.3343243471286856e-05,4.060395350000606e-06,0.6510087575593293,0.7183151410274232,0.03616872222732099,-0.004010207810198435
2008-08-08,-0.001543483471035495,1.7213267938040996e-05,8.403223509749697e-06,0.0,2.9055688981472032e-05,4.394491662845926e-06,0.4291221332254416,0.7166653902541729,-0.021609209103942824,-0.0016025501431276036
2008-08-11,0.0030658579714651505,2.2581313310574445e-05,1.1804716776036675e-05,0.0,3.6691840560364244e-05,4.372120228253844e-06,0.6188410455753388,0.6863978004911272,-0.04811839785551918,0.0029904079805899214
2008-08-12,0.002588983305139519,1.9245048621506316e-05,7.506827365669555e-06,0.0,2.5794747220963243e-05,4.7268084461027414e-06,0.3997703146617432,0.7482487559660415,-0.04585506297921896,0.002531709873485277
2008-08-13,-0.0013712900852985352,2.8628413279146976e-05,1.7626183128813448e-05,0.0,4.681103301729012e-05,8.205161170001331e-06,0.9930649650285066,1.328886547673362,-0.04958052888686193,-0.0014725608758937871
2008-08-14,0.0006369982178034512,2.3395935985601598e-05,1.2814100209750564e-05,0.0,3.294240640333589e-05,4.9477849765551175e-06,0.8507223475374539,0.782188482780102,-0.04903939328115775,0.000562897990228208
2008-08-15,0.0004419369693884132,1.7518494026248455e-05,7.966667498186007e-06,0.0,2.7936959541323674e-05,3.2458631199757242e-06,0.525716393832182,0.5297688998193492,-0.015536104336572598,0.00038526898520267934
2008-08-18,0.0007055053377380368,2.2366199765329206e-05,1.3596028150337677e-05,0.0,3.788999580373612e-05,5.346852747609017e-06,0.7298618050925059,0.8504556551214533,-0.047815606476860895,0.0006263062612710248
2008-08-19,0.0032725277168388395,1.0089166513911659e-05,5.5912297490809545e-06,0.0,2.0148061661488613e-05,5.836688173729628e-06,0.31638830483172975,0.9372153835401262,-0.0433482296464513,0.0032308625707406285
2008-08-20,0.0005716493667289396,2.0776667234939703e-05,8.07890997223045e-06,0.0,3.240471054628983e-05,5.4196345956232324e-06,0.4445421592952196,0.8638001088134446,-0.04669850325125807,0.0005049694443798563
2008-08-21,0.000504698825867258,2.5122347979111425e-05,1.0594997435068144e-05,0.0,3.6986068994443074e-05,3.6282408576295785e-06,0.783865591246,0.6470765528958002,0.03753208881403117,0.00042836717060100573
2008-08-22,0.0028526738578094927,1.461923458180112e-05,7.5750566131772626e-06,0.0,1.768080937673867e-05,3.2602279999798703e-06,0.406509810351107,0.4978835263587339,-0.04983477763788462,0.002809538529237796
2008-08-25,0.0009429557150984466,1.6624902289025225e-05,8.085607514618725e-06,0.0,1.568100947966124e-05,3.3637244242485412e-06,0.4085233505485636,0.5148242710469826,-0.05028143222677221,0.0008992004713908929
2008-08-26,0.0003442511173037809,2.453633826372196e-05,1.4285762328030969e-05,0.0,3.518996228456595e-05,5.629580596883333e-06,0.7544724630073972,0.896527581932762,-0.049241958343637815,0.0002646094738305787
2008-08-27,-0.0008668482370516634,1.844815000830343e-05,9.101022961520892e-06,0.0,3.0287519916090862e-05,6.409680528979258e-06,0.48933731355235677,1.0261334381497595,-0.05069289071875632,-0.0009310946104665579
2008-08-28,-0.0022066779616567345,1.7190249840543903e-05,7.995685507124087e-06,0.0,2.7570031024915268e-05,5.376282973116251e-06,0.5192157294570829,0.8497812608610494,-0.05343427862248007,-0.002264810211002434
2008-08-29,-7.571987659329106e-06,2.75659362293726e-05,1.2727856039085177e-05,0.0,3.1960071299677146e-05,4.242033810168689e-06,0.9928040624328265,0.7629175799358099,0.05025589982747021,-8.406788503763272e-05
2008-09-02,0.0029133530266148865,3.74749175670241e-05,2.2964118132217745e-05,0.0,5.836532938773018e-05,7.106759369574358e-06,1.2117899268639905,1.189978506951473,-0.003957067137018766,0.00278744190215834
2008-09-03,-0.0023473832422633584,1.982957590484466e-05,9.798383836751435e-06,0.0,3.6959896143230534e-05,7.111949563272354e-06,0.5401452698913185,1.1471920782347385,-0.04761544839501697,-0.0024210830477114573
2008-09-04,0.005666472872339481,2.3603205341293937e-05,9.452016647128385e-06,0.0,3.0091185022501782e-05,4.80889908466791e-06,0.7326464353302219,0.8630318834053996,0.05513683718119066,0.0055985175662438885
2008-09-05,0.0005928905187345346,2.1755660912742676e-05,1.0099349004031003e-05,0.0,3.6765555597965256e-05,3.962068787429628e-06,0.5670950884888526,0.717765701774277,0.05213814548609981,0.000520307884432366
2008-09-08,-0.007795864321634745,1.7238571124867736e-05,8.713508282021738e-06,0.0,3.331770631848924e-05,4.313828296188561e-06,0.4777967551482993,0.7276946341774053,0.0029714804177273374,-0.007859447935656313
2008-09-09,-0.001602729745586116,3.4588434110615925e-05,1.743111168156233e-05,0.0,4.7327369784179544e-05,8.311175304416519e-06,1.2148925120042784,1.4417017434964543,0.04542429235447881,-0.0017103878364668904
2008-09-10,0.010288366418753307,2.5773901812952743e-05,1.1446875420563466e-05,0.0,3.473729047334551e-05,7.054906388059659e-06,0.6389570418633248,1.2365199628548214,0.05129568966079873,0.010209353444658386
2008-09-11,0.0024827845073539887,4.83115869291474e-05,3.36833344899745e-05,0.0,6.140723974004779e-05,8.742536749087685e-06,1.8163590078803167,1.4173140690570523,-0.05143210478967869,0.002330639809445731
2008-09-12,0.0012694216345051747,2.257056043647226e-05,1.048429154903941e-05,0.0,2.542948521670699e-05,7.083385157730443e-06,0.5802967141837015,1.1388075587280322,-0.051201147770682576,0.0012038539121452256
2008-09-15,-0.004006432470961925,3.6072079902254094e-05,1.8504212848603005e-05,0.0,4.4971626916219845e-05,6.80776689302039e-06,1.3907196932364827,1.199761125218672,0.05605628719124628,-0.004112788157522022
2008-09-16,-0.004581510494414776,3.861442402593062e-05,2.447431769283828e-05,0.0,5.649865817692399e-05,7.969542654784848e-06,1.3195936026239372,1.3822221485635287,0.04333898255967383,-0.004709067436965254
2008-09-17,-0.003674690477903609,3.915399885891536e-05,1.791777439379115e-05,0.0,4.237871490971646e-05,6.642360378467665e-06,1.217694706711566,1.176074865012506,0.06015832142993757,-0.0037807833264444997
2008-09-18,-0.007241470282167611,2.637134293008625e-05,1.1576981672727157e-05,0.0,3.627879021639776e-05,5.827569473146947e-06,0.6264341042810682,1.0350483016969987,0.056016630208311755,-0.00732152496645997
2008-09-19,0.005227227945893098,3.922985013631019e-05,1.6458346718201578e-05,0.0,6.426829884051446e-05,5.518923976882584e-06,0.8631454400953023,0.948538989647874,0.02135976153160038,0.005101752526221189
2008-09-22,0.00179262753738051,2.147373462288592e-05,8.373326619988157e-06,0.0,3.078638810606883e-05,4.637125580015954e-06,0.5147882269233068,0.8282306704784861,0.049193573035805904,0.0017273569624515512
2008-09-23,0.002446297745152894,2.419090008780364e-05,1.0848705297391738e-05,0.0,3.679702380513347e-05,5.1700638749712926e-06,0.6415427159768046,0.9185919891571475,0.05002125816197073,0.0023692910520875937
2008-09-24,-0.0008718207156120632,3.3791792840565155e-05,1.9700693359246622e-05,0.0,4.731178901528953e-05,4.9132281560160545e-06,1.0662693291753291,0.8740033477900887,0.048581017579391664,-0.0009775382189831806
2008-09-25,0.0038995011616720626,2.0119710607982178e-05,8.583787375971459e-06,0.0,3.2685546987174646e-05,4.112575674285511e-06,0.4899440375545705,0.7422443619022767,0.05133164862231099,0.0038339995410266487
2008-09-26,-0.0017194397496986616,2.1917014720300808e-05,1.066049173521992e-05,0.0,4.2855199728472804e-05,4.606854343819532e-06,0.4444653338684619,0.729829713238892,-0.044121816522789306,-0.0017994793102264746
2008-09-29,0.006160749790749236,3.052525276418608e-05,1.1010738330893428e-05,0.0,4.2874027507822446e-05,4.254522870444259e-06,0.7680461780937466,0.7727400010796337,0.05798015884499805,0.0060720852492758895
2008-09-30,0.012712271227622945,3.557384576489078e-05,2.0217969475180222e-05,0.0,4.628454459843814e-05,6.042329656584104e-06,0.9764905423443595,0.9740403252930363,-0.04107105701309269,0.012604152538127852
2008-10-01,-0.007297257388872875,2.074773135815725e-05,9.229760651305115e-06,0.0,3.443729388240673e-05,4.732472550297895e-06,0.5432422432450251,0.7449080130448577,-0.05014737540518939,-0.007366404647315042
2008-10-02,-0.003712336489321906,1.5838302551797665e-05,6.676660094500641e-06,0.0,2.699868078136732e-05,3.599509276109134e-06,0.4294828068361969,0.5770548676865701,-0.027662690699764632,-0.0037654496420256806
2008-10-03,0.0006571674816251258,2.265323786772722e-05,9.973843358034942e-06,0.0,3.3564314999560865e-05,4.093329817373064e-06,0.5329787231332584,0.671432696205695,-0.01624671311297947,0.0005868827555824297
2008-10-06,-0.0014532390524116484,2.8315295663328136e-05,1.5058343067359892e-05,0.0,3.8874650457306866e-05,6.564773308222743e-06,0.7993658488090732,1.0736962282154536,-0.029185687565966734,-0.0015420521149078661
2008-10-07,0.007296300045101575,2.985693488496337e-05,8.602593924341372e-06,0.0,4.33491915567726e-05,4.659286781580106e-06,0.6156040740280339,0.8421691236698075,0.05940894436434982,0.007209832037953917
2008-10-08,-0.0004433112014767659,2.9850772647303255e-05,1.2400893712556934e-05,0.0,3.527637475775114e-05,3.916534907906876e-06,0.7827439835693721,0.7089868231883915,0.05100895866003635,-0.000524755777502284
2008-10-09,-0.00040768501145410993,1.995091993079128e-05,7.611899895936768e-06,0.0,2.424871312320295e-05,4.324178253426194e-06,0.4549218761892416,0.7755004478224633,0.04903850124686307,-0.0004638207226574671
2008-10-10,0.001015052376185386,2.5240067059264238e-05,9.730931927607556e-06,0.0,3.479401670073902e-05,3.915878226158217e-06,0.45282345943919333,0.7055448519155374,0.04767730992095698,0.000941371482271617
2008-10-13,-0.004450133781388218,3.722502182659409e-05,2.0303585173733988e-05,0.0,5.4983552105071925e-05,4.855589722922076e-06,0.9911299278002446,0.7721534307887309,-0.04358564266217785,-0.004567501530216541
2008-10-14,0.001815796246764258,1.8763324975214863e-05,7.601321754572796e-06,0.0,3.226636480491132e-05,4.260022214437497e-06,0.4499323013925749,0.6714643843434481,-0.04421934768205149,0.0017529052130151215
2008-10-15,0.010333145507820381,3.865510105968756e-05,1.1284534492606728e-05,0.0,6.305302491591798e-05,4.800093146119267e-06,0.8108317481725492,0.8711179110695362,0.06470226252149947,0.01021535275420605
2008-10-16,0.006915013260196095,3.2247849660705805e-05,1.7397793552786155e-05,0.0,7.001495602737589e-05,3.762064102763316e-06,0.7909619410358049,0.5850450505388022,-0.046981718725434864,0.006791590596852463
2008-10-17,0.0020197449032821673,3.157153653493834e-05,1.0469730422457587e-05,0.0,5.3456245146831015e-05,4.087860103528988e-06,0.7008659853434747,0.737095270425044,0.05033477303217454,0.0019201595310744115
2008-10-20,0.0026710258259902697,2.6579466107718754e-05,1.4898790356060208e-05,0.0,4.528583577670058e-05,3.764054019036705e-06,0.6683538143257763,0.589332679148336,-0.043028396049830275,0.0025804976797307536
2008-10-21,0.003530007809618077,2.403854667507153e-05,8.772857338303334e-06,0.0,5.1896489216624655e-05,3.878809579683739e-06,0.5640166558293849,0.6516049550330139,-3.5054353854077624e-05,0.003441421106808394
2008-10-22,0.0018121269517253403,3.532545951600154e-05,1.9623502086869458e-05,0.0,6.385354351174075e-05,5.342211035806201e-06,0.9796451809148055,0.8511270194365106,-0.04636443457893108,0.0016879822355749224
2008-10-23,0.0013446177860210282,1.6658657244762794e-05,6.788406950412969e-06,0.0,2.4771412522450387e-05,5.130630441654875e-06,0.3495945550784984,0.8123156000221474,-0.049630314175871826,0.0012912686788617471
2008-10-24,-0.0025209725948807417,2.7154790104178214e-05,7.521346703786751e-06,0.0,3.735240077407979e-05,3.1373239706424876e-06,0.5801273898354392,0.5820054358924398,0.05493500882450175,-0.002596138456433429
2008-10-27,-0.0037450390374692763,3.3013025194335696e-05,1.1051374771337366e-05,0.0,5.531495998381761e-05,4.576141826700786e-06,0.7191892560422598,0.8216988889279914,0.05290706204225923,-0.003848994539245468
2008-10-28,0.002007152143494262,4.2626849753886446e-05,2.2830453627002857e-05,0.0,7.465815493873087e-05,5.071679322924317e-06,1.0112471020755465,0.8083753688664196,-0.043666757384865695,0.0018619650058517175
2008-10-29,0.003925689775910846,3.8348896622685873e-05,1.4239885906427134e-05,0.0,6.641666884654218e-05,4.521279114585536e-06,0.9680154106473117,0.8120456708152289,0.05247077956485913,0.0038021630454206055
2008-10-30,0.0005184448630692402,2.4976821713363964e-05,1.3392722470835386e-05,0.0,4.371518009297172e-05,3.5562984703920076e-06,0.6113079040647067,0.551327446276062,-0.04613069674979546,0.0004328038403216771
2008-10-31,-0.00015001276160490375,1.5314156083978868e-05,6.19290520821855e-06,0.0,2.477128595094743e-05,2.802127295491837e-06,0.320415258781923,0.4232475559897501,-0.04750982965287864,-0.00019909323614354044
2008-11-03,0.0010693332869908497,1.0023068182206961e-05,3.923309015190371e-06,0.0,1.7171974744583912e-05,2.017006307184441e-06,0.23276778661211742,0.29085691975212374,-0.04800013985486226,0.001036197928741684
2008-11-04,-0.0016527940729733513,1.3979046526749013e-05,6.082028196471734e-06,0.0,2.2461104557549536e-05,2.2321514976484157e-06,0.27658077646956125,0.324787622899668,-0.050213828705266,-0.00169754840375177
2008-11-05,0.0011112544664688727,1.141820958577487e-05,3.850993544259006e-06,0.0,1.5218639119446349e-05,1.2491557636508334e-06,0.2630230688919284,0.18445991170438195,-0.02539825658895805,0.0010795174684557418
2008-11-06,0.001963513298795736,9.333747584651131e-06,2.2161045718948768e-06,0.0,1.173512325065074e-05,9.616939217892326e-07,0.16176281853274124,0.19508028111388914,0.033515702253298044,0.00193926662946675
2008-11-07,0.0009758895293434898,1.617187110275349e-05,9.386079106169892e-06,0.0,2.980482366970861e-05,3.217049086956785e-06,0.40235273261746185,0.4916992178777384,-0.04876502873100144,0.000917309706377901
2008-11-10,0.0017645764220124986,8.081857797983445e-06,3.0196248415059625e-06,0.0,1.2603527061080431e-05,2.8970736431420114e-06,0.1454978092083006,0.4404520844452651,-0.04625628760259265,0.0017379743386687868
2008-11-11,0.001308358319359887,8.737053394976831e-06,3.2895460201541952e-06,0.0,1.2329215992910239e-05,1.85841781208777e-06,0.20033543622993577,0.2670259998673019,-0.045188192563443516,0.001282144086139758
2008-11-12,0.0025302340715842265,2.053670637172776e-05,3.829220307171275e-06,0.0,3.3450922673372994e-05,1.4414473181637827e-06,0.33714110647725115,0.2980707407411039,0.0559075912895884,0.0024709757749137905
2008-11-13,0.004479932451734622,2.432794151736315e-05,1.3852905587989282e-05,0.0,3.428725700534466e-05,3.8158999600578964e-06,0.6103630465350214,0.5940228745726406,-0.04704831871708587,0.0044036484476638665
2008-11-14,0.0011443259174376012,2.957532313197354e-05,8.409031512372497e-06,0.0,4.4961842523699745e-05,2.6967747583429152e-06,0.6104946253268299,0.5056376567234644,0.052579497321854504,0.0010586829455112125
2008-11-17,-0.0009175118597551635,2.2906360003464797e-05,7.840179989785547e-06,0.0,3.3807984620716845e-05,3.056698571614731e-06,0.4398594768472989,0.5642554535294464,0.05073009349817148,-0.0009851230829407455
2008-11-18,-0.0028241167641049423,3.100757091644448e-05,1.6577875615153234e-05,0.0,4.700556826274204e-05,3.6362427161482345e-06,0.741418731401265,0.5852539918626556,-0.025634784450247722,-0.0029223440216154303
2008-11-19,-0.00444390834040915,1.9751946709092956e-05,4.125243518246323e-06,0.0,3.4583049665597065e-05,2.7488271644043563e-06,0.30934481665028424,0.517382203777064,0.05557924015713228,-0.004505117407466491
2008-11-20,-0.005007133540692336,1.373347107412061e-05,3.916463760373287e-06,0.0,1.7468664571054874e-05,1.9314943510659458e-06,0.195461044215906,0.37645787245017204,0.05196682147109313,-0.005044183634448951
2008-11-21,0.002217379971859894,2.681140939116914e-05,1.2474883181489606e-05,0.0,4.077510013250839e-05,3.625617419453491e-06,0.5018611398635994,0.5602599007646195,-0.048843825703567184,0.0021336929617352734
2008-11-24,0.004214817788206128,2.767918117605251e-05,8.75411457179966e-06,0.0,4.408266731805571e-05,2.659544390025792e-06,0.6168224993928677,0.49571644269214726,0.048912985167814366,0.004131642280750194
2008-11-25,0.0012103721884968784,1.5322149425544156e-05,5.049168780731635e-06,0.0,2.2940408645792668e-05,2.385316319762888e-06,0.2516799783251119,0.4495491029031869,0.048815961183021686,0.0011646751453250471
2008-11-26,0.0036538034005647035,1.8518784162803235e-05,1.0315589987674423e-05,0.0,4.10637165712572e-05,2.7657737386888183e-06,0.44333678810763444,0.41648356344809756,-0.048166424651624073,0.00358113953610428
2008-12-01,0.006045881978703608,1.617662630190321e-05,4.262139601278816e-06,0.0,2.7058460422219188e-05,1.4657952715282429e-06,0.2996857944746518,0.2658421965057927,0.01958859088904786,0.005996918957106679
2008-12-02,0.001116238075465053,1.1640385062963574e-05,5.642868865772492e-06,0.0,2.2023232979975148e-05,1.843781103918073e-06,0.20555179872696758,0.2761420720375483,-0.033613153420687894,0.0010750878074524237
2008-12-03,-0.0021524324158377975,8.371275117438805e-06,3.2039355779385258e-06,0.0,1.624831582608137e-05,1.9354939479841033e-06,0.15476551769268332,0.27500204654459776,-0.05016093671673161,-0.0021821914363072403
2008-12-04,6.271703239947614e-05,5.617961754072157e-06,2.023739090579101e-06,0.0,8.1690641893478e-06,1.4746171920456336e-06,0.12007646534009345,0.19732549838039798,-0.05041018988326851,4.543165017343146e-05
2008-12-05,-0.002231628476826791,3.239943164057172e-06,1.263121568348453e-06,0.0,5.87999893701833e-06,1.382716235594111e-06,0.055622415475387724,0.18023132537503883,-0.052065002204771886,-0.002243394256731809
2008-12-08,-0.0017821649882436088,5.762607136415762e-06,2.4205798757509444e-06,0.0,1.1841258560368503e-05,1.223342076236248e-06,0.168614956931461,0.16872856385981014,-0.03679290494787954,-0.0018034127758923802
2008-12-09,0.00015962062406190772,2.367868822051363e-06,8.561920348041956e-07,0.0,3.978205649879011e-06,8.50410022079096e-07,0.052563895610373855,0.11556302914694548,-0.02730585456234267,0.00015156794753309405
2008-12-10,-0.00038289566451892,1.947220088244796e-06,1.049750617829326e-06,0.0,2.700608751308169e-06,6.644728692827854e-07,0.05441798554623811,0.08351159787389209,-0.028119844165615894,-0.00038925771684558507
2008-12-11,0.001387257491903254,1.0262701487628992e-06,2.307706817041574e-07,0.0,1.4483979271254979e-06,5.398413980694147e-07,0.01959854868600215,0.07182941793106248,-0.01886393694459919,0.0013840122117475921
2008-12-12,-0.0002928151807817665,3.857251232039862e-06,1.3857955707738975e-06,0.0,4.8677693039637316e-06,6.009499904378457e-07,0.056325085019716156,0.0888375610928131,-0.01212203730074498,-0.00030352694687898183
2008-12-15,0.0005168083442749031,2.2747136505205494e-06,5.183466599008961e-07,0.0,2.924844063001234e-06,3.6333497649912963e-07,0.03775506435327912,0.05530932371690327,-0.005730952334950525,0.0005107271049249812
2008-12-16,-0.0008968971490547674,1.7580905657768543e-06,1.0193112526134275e-06,0.0,3.443125546701317e-06,6.234710998541164e-07,0.03148801618533012,0.07433702390436318,-0.030406120871128345,-0.000903741147519713
2008-12-17,-0.0007193270751988405,3.2622424021738503e-06,6.254075434631476e-07,0.0,3.9093645797149345e-06,3.9893811407615164e-07,0.05662980936463978,0.05193802794087457,-0.015083575223918906,-0.0007275230278382686
2008-12-18,0.001044962784978932,1.1878586136849182e-06,5.958346689305009e-07,0.0,2.4333689579275957e-06,4.144416125440028e-07,0.03285929908806062,0.05871303735739812,-0.010913153549994366,0.001040331281125845
2008-12-19,-0.0009405269528233116,1.3766709385002427e-06,5.50379296658281e-07,0.0,1.2567534209335912e-06,4.5856254333409823e-07,0.03298517999327179,0.06825705842583346,-0.008781448854295024,-0.0009441693190227378
2008-12-22,0.00030695485240966457,1.0889405868146483e-05,5.826737221823209e-06,0.0,1.7935523062862714e-05,1.9483957345598005e-06,0.24566560414138466,0.27797854894853236,-0.04935193445751411,0.00027035479052227236
2008-12-23,0.000832897578968238,4.70465835798121e-06,1.4871900488965573e-06,0.0,6.311506719728111e-06,1.344698539670339e-06,0.09821801777230879,0.17664147950037645,-0.04926787516424054,0.0008190495253019618
2008-12-26,-0.0010693767112062843,2.7789578862011647e-06,7.663619051345597e-07,0.0,3.4181877094392543e-06,9.264899983315538e-07,0.06045790887117394,0.11901674216923507,-0.03663357755046591,-0.001077266708705391
2008-12-29,0.00019990524159944017,1.8942267555918632e-06,7.516847987757266e-07,0.0,2.2309863344726364e-06,7.255415445290016e-07,0.04879718038143745,0.09039193984768298,-0.03149903963318931,0.00019430280216607094
2008-12-30,-0.00044701184648371925,1.580816118597774e-06,4.374479837836948e-07,0.0,2.206492210526046e-06,6.564833271699947e-07,0.03322911634964994,0.09310862192497177,-0.0171805770395873,-0.00045189308612379677
2008-12-31,-0.0002513082339183613,5.47063373789462e-06,1.19614814218067e-06,0.0,8.363883753203167e-06,5.940174704459901e-07,0.09348235314488391,0.09494660574964704,-0.004848329285279272,-0.00026693291702208576
2009-01-02,0.0011874645499044692,2.64531127615417e-06,8.303682757342191e-07,0.0,5.158546135963244e-06,4.0797918874715887e-07,0.03354507719671225,0.06652076762924497,-0.0020197360802777344,0.0011784223450278704
2009-01-05,0.00043647264733382297,8.389628157422634e-07,2.7341055551711966e-07,0.0,9.063182648479641e-07,3.3923768607754267e-07,0.015431089488832544,0.059148846954900886,0.0021569156938737247,0.0004341147180116381
2009-01-06,-0.0002798158266161651,9.278626924146388e-07,2.8675638290413516e-07,0.0,9.783552120121447e-07,3.0405664309112347e-07,0.012026973988926912,0.05027791435486745,-0.0008036016844412824,-0.00028231285754658713
2009-01-07,-0.00023358017386812177,1.5330018903627946e-06,1.0538436165379523e-06,0.0,3.0936036016516467e-06,5.069612035684664e-07,0.04293325113346551,0.0679933004604276,-0.01717618173907475,-0.00023976758418024264
2009-01-08,0.0006434460634694005,1.146197719561757e-06,2.948624009190792e-07,0.0,1.1192575941096708e-06,3.5035241696703384e-07,0.020108855487422375,0.05041919065229116,-0.008440015398170542,0.000640535393337843
2009-01-09,-6.539045664850034e-05,3.1989632848407564e-06,7.961977403892638e-07,0.0,5.1720826772691826e-06,4.034089453371195e-07,0.05599051063066015,0.0745549350312605,0.006782232214624425,-7.496110929633666e-05
2009-01-12,-0.00150349774522756,2.718988175557616e-06,1.2264459651411508e-06,0.0,2.144874242060075e-06,4.317085352559661e-07,0.054449887694131324,0.07509710788025539,0.002570073957253104,-0.0015100197621455748
2009-01-13,-8.344389592329339e-05,2.8339941718198627e-06,4.798705257803119e-07,0.0,4.332276496829502e-06,3.501081402894933e-07,0.04152631712684551,0.07292152758267396,0.014103360014039107,-9.144014525801256e-05
2009-01-14,-0.0007002713319751865,2.1633225886793275e-06,9.996872680856898e-07,0.0,2.453984931694766e-06,3.4113066358175605e-07,0.03244155910579233,0.05976163951147655,0.0024516880297415404,-0.0007062294574272281
2009-01-15,0.00012239684327126788,1.948918482322041e-05,1.1142078235976421e-05,0.0,2.6556606510203244e-05,3.399561009058261e-06,0.5126877489814878,0.5210697155254629,-0.05005653399632479,6.180941269280954e-05
2009-01-16,-0.002299452685449211,7.859388755371104e-06,3.29795266560289e-06,0.0,9.036541791317952e-06,2.2823154250190173e-06,0.21145471452106612,0.33134677225104703,-0.052082219152148,-0.002321928884086522
2009-01-20,0.002998671943655309,1.0006812174704887e-05,1.9403787148237524e-06,0.0,1.3293040965380132e-05,1.7553754760492913e-06,0.17616877828152439,0.29832352408664703,0.0034204441103662248,0.0029716763363243507
2009-01-21,0.0009526375752623287,1.1570056865031956e-05,4.180943501996756e-06,0.0,1.211149897209972e-05,1.6219790629831532e-06,0.16256891884115068,0.23852493794041899,-0.0339675446407507,0.000923153096860217
2009-01-22,0.000507128774388954,5.706357242367175e-06,1.2921070222651888e-06,0.0,9.774598579978776e-06,1.1009678740337647e-06,0.09813450490088119,0.185841023137226,0.0008784202995534354,0.0004892547436703091
2009-01-23,-0.0007885282798874992,3.7797328320659107e-06,1.5570236921802717e-06,0.0,5.256523699535666e-06,1.0752353335532703e-06,0.054273400888535314,0.16260162793800853,-0.01803790809894088,-0.0008001967954448343
2009-01-26,-0.0007521897868244376,1.4559241476106465e-06,5.640821664990557e-07,0.0,1.3486097736500375e-06,9.600392427054774e-07,0.02974479684007047,0.14365527154081986,-0.017631321233700314,-0.0007565184421549028
2009-01-27,-0.0007458425283220662,1.8929582805369193e-06,7.247102017878262e-07,0.0,1.3893969120749031e-06,7.882840313492212e-07,0.0427649348476902,0.11054771780126033,-0.02188399946540885,-0.0007506378777478151
2009-01-28,0.0005024686250450775,3.6983156115810394e-06,1.230286654430395e-06,0.0,3.534264567427448e-06,7.19762205818865e-07,0.0596338744314933,0.09431392202568167,-0.026606128551887674,0.0004932859960058197
2009-01-29,0.000694622089796666,2.375461461288761e-06,7.338799961881334e-07,0.0,2.0005133632131466e-06,7.303554323428338e-07,0.034888448726737645,0.09890712248442823,-0.023792590149167826,0.0006887818795436331
2009-01-30,0.0009830484372565101,2.5210956910731744e-06,9.365266518082082e-07,0.0,3.018235330387385e-06,7.444429865722704e-07,0.05707139128997414,0.11127271156529137,-0.013793710178850067,0.0009758281365966691
2009-02-02,-3.736887464659317e-05,4.746039170916123e-06,1.190787794427205e-06,0.0,6.817016165527852e-06,4.5505454758697956e-07,0.10416658002533938,0.09562568474189785,0.01917652074728527,-5.0577772325051325e-05
2009-02-03,0.0006795098522771368,4.29820411361512e-06,2.2748516228766804e-06,0.0,8.256926751386151e-06,7.758124475042154e-07,0.08269212435461258,0.10917966230271181,-0.021156828877996366,0.0006639040573417546
2009-02-04,-0.00016497954071591992,5.2809666458692285e-06,1.323063962108468e-06,0.0,1.0849850307759463e-05,5.697456052622968e-07,0.0871258809742614,0.10156928739167417,0.005852025707608286,-0.00018300316723691938
2009-02-05,0.0015904646336096474,5.584997694495063e-06,1.7762890759772354e-06,0.0,1.221077557459897e-05,6.392466758976958e-07,0.10320824399098896,0.12201927468704558,0.014625833136232703,0.0015702533245886784
2009-02-06,0.00041276613688765053,2.094014754125104e-06,1.0842326533374233e-06,0.0,2.496417921924291e-06,6.042544781237277e-07,0.04825144521613514,0.10684877434220344,0.0053340220174171865,0.00040648721708013997
2009-02-09,-0.0004577155293800352,3.5806987703998176e-06,1.2432848312742974e-06,0.0,3.857033828270841e-06,3.433773446600808e-07,0.06470602368567595,0.06815132085204574,0.010463926949152179,-0.0004667399241546402
2009-02-10,-4.425897771684165e-05,4.684179459010223e-06,2.0915117256693037e-06,0.0,3.874669645644165e-06,6.810149329348192e-07,0.07547698552543233,0.1012822120238428,-0.01312829670920682,-5.559035348010016e-05
2009-02-11,0.0001885813991948319,1.404361472053887e-05,7.0677968791463475e-06,0.0,1.7019547654361392e-05,2.388908998362012e-06,0.31002185199044635,0.35124261785792876,-0.05009409386688926,0.00014806153094242328
2009-02-12,-0.0012716973865298498,5.6543844034148715e-06,1.7086721981626636e-06,0.0,7.463119187099041e-06,2.3392257318596116e-06,0.09213992841979092,0.34207110085304454,-0.05091882209937014,-0.001288862788050386
2009-02-13,4.2225562361467116e-05,2.982002188411677e-05,9.484904414457106e-06,0.0,3.277802471917934e-05,3.4871915850008895e-06,0.7270658365451383,0.6348927795988755,0.049044593318726154,-3.334458024128699e-05
2009-02-17,-0.0032913943041039825,1.960619339203054e-05,6.402116931382184e-06,0.0,1.886210236180666e-05,4.091512452521319e-06,0.3641894715560394,0.7377281864713494,0.05035409444776762,-0.0033403562292417233
2009-02-18,-0.0014145108422441287,1.1973936557110221e-05,5.543427648001624e-06,0.0,1.2447766825177771e-05,2.763612639415867e-06,0.2613208152637757,0.5127732001186543,0.048486276696788816,-0.0014472395859138343
2009-02-19,-0.0011279216565838813,1.5383276677998402e-05,4.28049996499969e-06,0.0,1.8074730409473203e-05,2.739286628587528e-06,0.22583865080051915,0.5079372357961472,0.04773708219344261,-0.00116839945026494
2009-02-20,-0.0016982404994816608,2.4749655335538917e-05,1.2216420961477427e-05,0.0,2.3937182914173453e-05,2.6815163222278004e-06,0.5428729997283193,0.4810826347566637,0.030587892622393267,-0.0017618252750150785
2009-02-23,-0.000411018210351618,1.3082720682401842e-05,3.3820016825694907e-06,0.0,1.2378775773948465e-05,1.7969062197937039e-06,0.1848379612781007,0.351799810266425,0.04991956534108274,-0.0004416586147103315
2009-02-24,0.0002589129845141855,1.4350834117006463e-05,4.441131513648465e-06,0.0,1.3586802553256353e-05,1.848205679872531e-06,0.18620024170272081,0.35993369775134354,0.04943514353275834,0.00022468601065040166
2009-02-25,-0.0010442474135677537,3.1154815062222176e-05,1.186115890201812e-05,0.0,3.408803701483842e-05,4.3761674672696135e-06,0.778221136931307,0.7833473334802294,0.04815119897893416,-0.001125727592014102
2009-02-26,-8.771289363555342e-06,2.5861130293761988e-05,7.972686257517726e-06,0.0,2.814696533072196e-05,5.044826500691666e-06,0.4073588063816649,0.8955114935322342,0.0479806414160342,-7.57968977462487e-05
2009-02-27,-0.005418923291670621,2.2938130458162735e-05,7.0573490236261876e-06,0.0,2.7378140990076633e-05,4.4949315501206525e-06,0.34945402419534405,0.8048270752330258,0.049678574812756116,-0.005480791843692607
2009-03-02,-0.003363917431014686,1.7868703304939927e-05,7.815084504680269e-06,0.0,1.4377615829081944e-05,2.693799655641051e-06,0.35965807069484634,0.4980332775091707,0.04547493536147418,-0.0034066726343090293
2009-03-03,-0.0027936416102196738,2.0665110511118715e-05,9.268434623435582e-06,0.0,2.4995745385010466e-05,2.1176500952163246e-06,0.43142309581184946,0.40012033743631287,0.04435512143997051,-0.002850688550834455
2009-03-04,0.0031194747701199454,4.679343799807126e-05,1.4134202923535787e-05,0.0,5.4419956919023243e-05,4.81055253976571e-06,0.8585839132709273,0.8591156886422029,0.05094286196156361,0.0029993166197395493
2009-03-05,-0.0052536831465014484,3.6252072118527924e-05,1.715476009341172e-05,0.0,3.6898672872057055e-05,3.6777467139207586e-06,0.696728592332905,0.5595113374166459,-0.05835011052204125,-0.005347666398299366
2009-03-06,0.0014654038498068294,4.702714841286256e-05,2.0340289087918858e-05,0.0,5.347995283761715e-05,5.9562181562820315e-06,0.9055403974400413,0.9495655099737577,-0.05107914028162314,0.0013386002413121488
2009-03-09,-0.002909323808402051,2.0096048288748527e-05,5.517907381836532e-06,0.0,1.839505680042087e-05,5.20380530249943e-06,0.26438524441209205,0.824129506965248,-0.050109783854655365,-0.0029585366261755566
2009-03-10,-0.008393580481453932,2.3447276273722962e-05,8.863630815627718e-06,0.0,2.684880167738982e-05,6.363233576166081e-06,0.3935490185395935,1.0083546025001704,-0.06066863829573177,-0.008459103423796839
2009-03-11,0.0013382025736840253,5.884050281948933e-05,2.0195836900308147e-05,0.0,7.061862724915705e-05,5.040783365620402e-06,1.4079878052413548,0.8924503040785562,0.04559869865432825,0.0011835068233494504
2009-03-12,-0.0032369050504567815,1.5570879880004002e-05,6.025166650389215e-06,0.0,2.3751884408800992e-05,3.5689602112331185e-06,0.3229627999559349,0.6505656766957568,0.050980361208593006,-0.003285821941607209
2009-03-13,0.0015527501713144245,1.0615598395026075e-05,3.422486523973313e-06,0.0,1.0581705051516172e-05,3.1809656189351e-06,0.1780121991015535,0.5868444568853401,0.05244223290424324,0.0015249494157249738
2009-03-16,0.002166548226568725,1.599348134102218e-05,5.042333551428037e-06,0.0,2.022618695350679e-05,2.8344453737913647e-06,0.26805685376517663,0.5298963766363931,0.053709553839443785,0.002122451779348977
2009-03-17,0.0036880165085077118,3.0479576967413452e-05,1.6705830342276562e-05,0.0,3.484199547645424e-05,4.082646143759133e-06,0.7360128202717756,0.6387117433452076,-0.04717280880632668,0.0036019064595778083
2009-03-18,-0.0029250882934332054,2.3227071843708303e-05,7.713589700370007e-06,0.0,2.5478186974907222e-05,4.009957136364058e-06,0.34769119267000187,0.624992393779841,-0.0486804051293207,-0.002985517099088555
2009-03-19,0.0015608374130199173,1.5762294433338366e-05,5.316615700165436e-06,0.0,1.3014497711768527e-05,2.9304753553277935e-06,0.33651918948095805,0.44340285164416987,-0.04891700805089941,0.0015238135298193173
2009-03-20,0.003973139668993292,3.2746507912150585e-05,8.974801703182584e-06,0.0,3.7229382673147184e-05,3.041356100047725e-06,0.6115007185290415,0.5605717471023492,0.049623922294331296,0.003891147620604764
2009-03-23,0.007093693063733535,3.245990293554502e-05,1.8212864266451708e-05,0.0,3.338901731671836e-05,4.782000938850138e-06,0.8418718569606095,0.762567697186477,-0.04080846054034598,0.00700484927827597
2009-03-24,0.0008292783849189467,3.6256967940008195e-05,9.838579849571178e-06,0.0,4.0488345626924016e-05,3.2253342960513676e-06,0.6767792531605583,0.5933883416660778,0.05153217992944809,0.0007394691572063919
2009-03-25,0.0029286084277237692,3.552711407667521e-05,1.7976523401365457e-05,0.0,4.859975911988941e-05,5.716150494346061e-06,0.7678036148053882,0.9120267216789191,-0.04828656137121934,0.002820788880631493
2009-03-26,-0.003201455673924317,2.0993123156116043e-05,7.38490650142253e-06,0.0,2.3239159273070738e-05,4.117586568746664e-06,0.42857771327702526,0.6428320543638331,-0.048922489185606294,-0.0032571904494236733
2009-03-27,0.0008721839621949701,1.6237667177188554e-05,5.753148578151365e-06,0.0,1.810303005504059e-05,2.6411564494134975e-06,0.3719118886161219,0.410663081931258,-0.03305120157020938,0.000829448959935176
2009-03-30,0.0006130911805873122,2.3887235078397e-05,1.0662115602996323e-05,0.0,2.493560535952172e-05,3.3687719131745166e-06,0.4789823955563151,0.5159964119370115,-0.049957269476306965,0.0005502374526332226
2009-03-31,0.0008344237001842527,1.2982436206308357e-05,4.330605392046773e-06,0.0,1.7118095983943485e-05,2.511281068218365e-06,0.22247676474931632,0.3726780340086005,-0.04921718545208488,0.0007974812815337357
2009-04-01,0.0007060873874708959,1.0823355866669374e-05,3.5515123560549294e-06,0.0,9.654590505661773e-06,2.18557896384618e-06,0.23005239241674127,0.3324475403920708,-0.03472972553408727,0.0006798723497786636
2009-04-02,-0.001586810933058644,2.4168031719851897e-05,7.290372768121142e-06,0.0,2.801927708165055e-05,3.0885005721918086e-06,0.5434918525733032,0.5693561989861368,0.05048810285791311,-0.0016493771152004592
2009-04-03,-0.000932001793256298,2.8311788311852706e-05,1.4464202801354727e-05,0.0,3.27880931782161e-05,3.4831617133588924e-06,0.6065805384461739,0.5343820040308738,-0.05078916381341998,-0.0010110490392610805
2009-04-06,0.005193599196782123,1.4557725740855861e-05,6.976514769781181e-06,0.0,1.4488607721990608e-05,3.904879207043626e-06,0.34356951039935757,0.6081767975783934,-0.047842909204935946,0.0051536714693424515
2009-04-07,0.004944689080660113,3.96008696944163e-05,1.2584943489634175e-05,0.0,4.8468099707714806e-05,4.065941503468804e-06,0.9183353195928524,0.7335385802942364,0.05046040771147722,0.004839969226264879
2009-04-08,-0.0013029130455677524,1.2721109462047388e-05,6.463315731436352e-06,0.0,1.0167817424468875e-05,2.770059249135099e-06,0.33645467743247526,0.5129052775654815,0.0475353237107851,-0.00133503534743484
2009-04-09,0.0030076089311296137,1.8450115641278144e-05,9.255933837356166e-06,0.0,3.0047026301949258e-05,2.4990998658797777e-06,0.4064253860350584,0.4103553118909402,-0.009493465576862543,0.0029473567554831504
2009-04-13,-0.0009085802577100228,2.6539178926305028e-05,9.901983205523096e-06,0.0,3.0921460000895594e-05,4.4829054815876644e-06,0.6798125593173927,0.8060151712714326,0.05288705036470509,-0.0009804257853243343
2009-04-14,0.0009938742752099896,1.3988951965377855e-05,5.986448525481636e-06,0.0,1.558283326639135e-05,3.0306279203988567e-06,0.30817594056162045,0.5571798937322915,0.048034403105283674,0.0009552854135323399
2009-04-15,0.001131526541227331,3.1706030297633466e-05,1.8831761520134024e-05,0.0,3.832225072983737e-05,4.833407303679471e-06,0.8896472408290372,0.7620905897402903,-0.049921837277860814,0.0010378330913760466
2009-04-16,-0.0022808433171025975,1.5957478124693757e-05,6.575979633608015e-06,0.0,2.0398561428644257e-05,3.227309314840556e-06,0.41601656726485103,0.48949349310364687,-0.05269447178956607,-0.002327002645604384
2009-04-17,-0.0010042104607970405,2.592289404750178e-05,9.41871376556608e-06,0.0,3.171091739773814e-05,3.8705130593221415e-06,0.699250855104242,0.6981922107377152,0.047946016771595185,-0.0010751334990671687
2009-04-20,0.0009620997064939338,2.078670294113821e-05,6.3259215974764825e-06,0.0,2.3334084792785332e-05,3.3242828353277397e-06,0.33444432566063226,0.608168675866817,0.0496891595317569,0.000908328714327206
2009-04-21,0.0017439900044124192,3.04495550622281e-05,1.677976465227195e-05,0.0,3.369436625289848e-05,3.717510592379341e-06,0.7453240203644113,0.5758202396271986,-0.04872153989253081,0.0016593488078526413
2009-04-22,-0.0018597542208849517,3.1631708676520633e-05,1.0053661449967585e-05,0.0,3.443103722363188e-05,4.191407899551463e-06,0.7430805165051043,0.753211449909412,0.04905492278476656,-0.0019400620361346233
2009-04-23,0.00022384512717702815,2.7030371354512533e-05,1.3699285351878488e-05,0.0,3.252767211210238e-05,3.515212180625245e-06,0.5495686400537592,0.5398147371417991,-0.050740909203242326,0.00014707258617790953
2009-04-24,-0.004436315420021042,2.2287108567167658e-05,7.760926211569076e-06,0.0,2.4313596474685852e-05,3.937284558147107e-06,0.5037902256607769,0.6582544974800277,-0.0032093082886858054,-0.004494614335832612
2009-04-27,0.0037222690227496514,2.781523302576861e-05,8.43951677027559e-06,0.0,3.5759788920831773e-05,4.379212115691193e-06,0.5787202795663186,0.7863626635596314,0.050655028123511026,0.003645875271917084
2009-04-28,0.0007790450856972474,8.412592093808981e-06,3.8091499256632245e-06,0.0,7.597520081201701e-06,3.3310848446064775e-06,0.20379585840125905,0.6103865444091472,0.05076429051525916,0.0007558947387519669
2009-04-29,0.0011504637499597824,1.0071130071800355e-05,4.54769395155547e-06,0.0,8.521671766001362e-06,2.394971903393011e-06,0.22170142051212985,0.45761203839995,0.05525675862992399,0.0011249282822670323
2009-04-30,0.000985129246531145,9.64559435533911e-06,3.970258106222212e-06,0.0,9.850875078456743e-06,2.8070070002573565e-06,0.22650096460028774,0.5256212496219803,0.054044073578744134,0.0009588555119908696
2009-05-01,0.00213655577610084,1.7538351465349358e-05,9.930303043902169e-06,0.0,2.3732753497773235e-05,2.7930531165653777e-06,0.4107853996365501,0.4304255843056613,-0.03880733927732215,0.0020825613149772497
2009-05-04,-0.0014428900007593423,1.8189064669161714e-05,8.919586359493593e-06,0.0,2.2796231146076146e-05,3.19411691813725e-06,0.45086412980629487,0.4868781692355387,-0.04973347301151915,-0.001495988999852211
2009-05-05,0.002751880452855026,1.0253908978585684e-05,3.4973081811969698e-06,0.0,9.546675364533718e-06,2.404665700681871e-06,0.1925277359968569,0.35754034187640155,-0.046443495838152826,0.002726177894630028
2009-05-06,-0.002695684419318826,1.1385511496523041e-05,5.0300033774190975e-06,0.0,1.3700894087826324e-05,2.7631540769960637e-06,0.2668868328703834,0.4135562859169907,-0.05065359901834815,-0.0027285639823575905
2009-05-07,0.001608078228805845,8.549882054363943e-06,3.5966756779425825e-06,0.0,1.0462003134131402e-05,2.8247045766738942e-06,0.1783946438248408,0.42488889302984667,-0.049661475851367265,0.0015826449633627331
2009-05-08,-0.003005617555816458,7.975449107928466e-06,2.9222262986473242e-06,0.0,8.931053012419627e-06,2.5672441961090436e-06,0.160888138837405,0.38125823299949974,-0.05003879194681962,-0.0030280135284315624
2009-05-11,0.0028308475966985504,1.3103146284321797e-05,5.111720716256441e-06,0.0,1.4572845209290352e-05,1.6841187275284454e-06,0.32631592507352536,0.235396394007188,-0.04753555221759086,0.0027963757657611535
2009-05-12,0.00034554367354847873,5.818546806618587e-06,2.3947532412871527e-06,0.0,5.771328749177351e-06,1.5580878362570596e-06,0.11378086246914706,0.21286567477833632,-0.04889308171284973,0.0003300009569151386
2009-05-13,0.0009858375674153973,5.373092748475045e-06,1.7007419857248061e-06,0.0,7.807437254685965e-06,1.528691925775714e-06,0.09840734602506576,0.21011463234296163,-0.04670561118735829,0.0009694276035007357
2009-05-14,-0.0010861561708128214,7.900580910477078e-06,1.7713902528458413e-06,0.0,8.556251965851243e-06,9.986441281013583e-07,0.13684069045391312,0.17335981910264583,0.005587605581617583,-0.001105383038070097
2009-05-15,0.0005264473736146634,1.0887528931669342e-05,3.3864857567554544e-06,0.0,1.141859582793503e-05,1.250699357337229e-06,0.234162071413188,0.26020741816953036,0.05008992613687593,0.0004995040637409663
2009-05-18,0.0011869669799736357,1.846838228327237e-05,1.1786475571482175e-05,0.0,1.830193457275817e-05,3.298642613678826e-06,0.539428348774992,0.5051362259166776,-0.04903573318136517,0.001135111544932444
2009-05-19,0.00039769701415282797,1.2240611044435553e-05,4.956746065818559e-06,0.0,9.079405136094002e-06,2.2983254467448683e-06,0.31942561044632245,0.35109631260706814,-0.03502236244606965,0.00036912192645973497
2009-05-20,0.001065783622005661,9.195556932905808e-06,3.116070911623023e-06,0.0,7.839023944150156e-06,1.7728399612908832e-06,0.1696787861074553,0.2705612194424538,-0.027275894054414627,0.0010438601302556912
2009-05-21,0.002700463408682575,1.1265662390185626e-05,6.450930022413798e-06,0.0,1.3812275675837477e-05,2.992989378669308e-06,0.3156633549517799,0.45624116804679077,-0.04658104756965312,0.002665941551215469
2009-05-22,-0.00016608441829417793,2.370595896059396e-05,7.913787636780596e-06,0.0,2.7479597169249396e-05,2.8724614902356783e-06,0.6216543429120875,0.5341878990384479,0.05161436867885405,-0.00022805622355103757
2009-05-26,0.0021491070250132917,2.2457590088341494e-05,1.2339722594471729e-05,0.0,2.7751118492795368e-05,3.186209766718203e-06,0.5694209058485065,0.5096118974012032,-0.02567134340745529,0.002083372384070965
2009-05-27,-0.0017372718613167155,8.61613707944002e-06,3.991338014633999e-06,0.0,8.699139498492541e-06,2.2127601052416977e-06,0.21546301126405398,0.3233188518913815,-0.048424845789223805,-0.0017607912360145237
2009-05-28,-0.0015569800676788694,8.44996015501976e-06,3.1678520529821338e-06,0.0,8.453191617181234e-06,1.8144876212516798e-06,0.1971994604007381,0.255377980531219,-0.04945593983906321,-0.0015788655591253043
2009-05-29,0.0004707680897743622,2.819733138932694e-05,1.5371711973432524e-05,0.0,2.604515326534949e-05,4.900410438399079e-06,0.7759316074282093,0.7739916986140991,-0.049277255036946965,0.00039625348270785416
2009-06-01,-0.0051621380269962795,1.1272984182406153e-05,5.859154121356579e-06,0.0,1.0913077075864258e-05,2.969391588526723e-06,0.40771634782480687,0.4465322979195734,-0.052325488952916194,-0.005193152633964433
2009-06-02,0.0003111790995627217,1.0042773424227244e-05,4.8460640264693806e-06,0.0,9.387311984128854e-06,2.132612983168798e-06,0.333246645744093,0.3068345845855025,-0.05144439658685528,0.00028477033714472745
2009-06-03,0.0024810789565582053,1.920928067480159e-05,1.0875807777097432e-05,0.0,2.000459097001199e-05,4.186942671301021e-06,0.5803208797934987,0.6553602229481326,-0.04804614583043909,0.0024268023344649935
2009-06-04,-0.0020108294020624333,1.1205752315148799e-05,4.099544142455203e-06,0.0,1.2020722056954689e-05,4.245963049588947e-06,0.2108715326034909,0.6615223706655182,-0.05179942166542506,-0.0020424013836265807
2009-06-05,-0.0006976855907919563,7.92013558981068e-06,3.576796712435984e-06,0.0,5.9606794475588e-06,2.9043400134289193e-06,0.24391857143269724,0.43633582420691613,-0.05159329804914231,-0.0007180475425551907
2009-06-08,0.000559159420713432,1.1800762799720462e-05,4.896362154435625e-06,0.0,1.1047379087905094e-05,1.6318764185478507e-06,0.3666716254383747,0.26578651597366554,-0.008368722342373255,0.000529783040252823
2009-06-09,-0.0004791063107593126,1.4497812712949893e-05,3.6535025178157664e-06,0.0,1.1369402218343178e-05,1.7577543726329003e-06,0.26339943754232575,0.34564997743421694,0.05034724283188984,-0.0005103847825810543
2009-06-10,-0.00010433678098513489,7.681771293443642e-06,5.134298924113874e-06,0.0,7.479737263853969e-06,1.713347188849672e-06,0.2421771643408768,0.2800980005241234,-0.007744327202621262,-0.00012634593565539605
2009-06-11,-0.00030223666638244906,1.3950463019221106e-05,5.687947232784766e-06,0.0,1.479520074203519e-05,2.738945873037266e-06,0.4259719722829449,0.5092956894834406,0.049152782813179724,-0.00033940922324952736
2009-06-12,-0.0008109879435021009,1.4542607431993005e-05,9.201333274430602e-06,0.0,1.480376437156444e-05,3.0756381890584933e-06,0.4232352494866304,0.4931383698575784,-0.02356884590424827,-0.0008526112867691474
2009-06-15,0.0021541953629560548,9.542892208455243e-06,4.502436990546829e-06,0.0,7.554264166102037e-06,2.6421611632988338e-06,0.21609692475334497,0.39539461857957214,-0.04848845685463177,0.002129953608427652
2009-06-16,0.0014501840075081217,2.6094594880853644e-05,9.384958322640927e-06,0.0,3.0665633253766284e-05,4.076265692654163e-06,0.7110050436621618,0.73588227679999,0.05106964043409079,0.0013799625553582067
2009-06-17,-0.00010605776002709722,8.047439277484082e-06,4.006838676076294e-06,0.0,8.65301840868368e-06,3.055660109423662e-06,0.21234446407580038,0.563423247566847,0.0500723491836719,-0.00012982071649876494
2009-06-18,0.0015182283693626203,7.661121216783222e-06,2.9397279785715648e-06,0.0,6.357852824731588e-06,2.84674268051908e-06,0.14922684297156075,0.5302601952841993,0.05200742495699387,0.0014984229246620148
2009-06-19,-0.00020169410417944747,1.9510049730749637e-05,7.641932232018546e-06,0.0,2.172183939072285e-05,4.480677886760242e-06,0.47790461884270874,0.8052511055003042,0.05249722052458344,-0.00025504860341969877
2009-06-22,-0.0021828865160610413,2.024337113532932e-05,8.809588887139285e-06,0.0,2.5636386973268377e-05,5.316310162958142e-06,0.4816914026087368,0.9407897704885593,0.04764966311159141,-0.0022428921732197365
2009-06-23,0.0008590871306588862,1.1075055580051073e-05,5.40747497538509e-06,0.0,9.851016714037976e-06,4.331709465468913e-06,0.28684300778992833,0.7783756558411467,0.05064846564236902,0.0008284218739239432
2009-06-24,0.0016398369485454548,2.039670182612367e-05,1.1264375097593359e-05,0.0,1.9525206884835774e-05,2.84263138859689e-06,0.570879556542399,0.5301244184691212,0.05256234518484372,0.0015858080333483052
2009-06-25,0.0016811658683194145,3.3641140379777395e-05,1.9153247182411188e-05,0.0,3.704144405807344e-05,5.7471054229841184e-06,0.9030001517940403,0.917332495062364,-0.04818121599896763,0.0015855829312761685
2009-06-26,0.0011493232976328305,3.476308997926154e-05,1.3786254508595839e-05,0.0,3.4521159074170344e-05,4.8660717439616615e-06,0.9232421966617592,0.7677257020428723,-0.0497743509426872,0.0010613867223268412
2009-06-29,-0.0005241499911152517,1.212272830964005e-05,4.916600504264502e-06,0.0,1.2307380772711912e-05,3.5340454451262566e-06,0.2653796250007826,0.5442047191255353,-0.04951491565567546,-0.0005570307461469945
2009-06-30,0.0005648853773608571,1.4925283957280497e-05,5.353206594279515e-06,0.0,1.2912000606319575e-05,2.7840097713871126e-06,0.2601319038481595,0.41820675998587065,-0.04950688160716437,0.0005289108764315903
2009-07-01,-0.0006838637782795584,6.409589090808232e-06,2.7309753745804933e-06,0.0,4.7958642426689805e-06,2.252693505143423e-06,0.155946716816175,0.32820339485062344,-0.050249114013471756,-0.0007000529004927595
2009-07-02,0.0008923061594462758,1.6851823885843675e-05,4.919358430880998e-06,0.0,1.4337069112477321e-05,2.6928711308014043e-06,0.3721597135713207,0.5024766240643823,0.05007427408974652,0.0008535050368862724
2009-07-06,-0.0004897218869106092,2.8863900766821123e-05,1.6122506290561933e-05,0.0,2.8064468461525882e-05,4.479337713313545e-06,0.8578365163132526,0.8028096694117708,0.05028093357509564,-0.0005672521001428317
2009-07-07,-0.0006192815509568924,1.3117218398666288e-05,5.287674547923671e-06,0.0,1.150134296754333e-05,3.281625047949481e-06,0.3235204369335442,0.6035398613450167,0.052226853289503744,-0.0006524694119189751
2009-07-08,-7.917794239982179e-06,1.0074413327937786e-05,3.890201231770488e-06,0.0,7.284080786440049e-06,2.6720326598993686e-06,0.20104039717936906,0.49877071324046834,0.04986922637737455,-3.183852224602987e-05
2009-07-09,0.001902332660754691,1.4092554288485351e-05,4.822166731220037e-06,0.0,1.1923918996440662e-05,1.72754835950355e-06,0.25906469849651415,0.34000443820338244,0.0497763138067861,0.0018697664723790414
2009-07-10,-0.00013702631173120178,7.937529437157445e-06,3.4145306388683257e-06,0.0,5.489594140039626e-06,1.5823399386665757e-06,0.14330438366530823,0.2996452921284739,0.033812182432489166,-0.00015545030588593375
2009-07-13,0.0013522082803517142,5.964889214555071e-06,2.771455575340506e-06,0.0,4.970372046577029e-06,1.313117316415889e-06,0.13600260176227089,0.23454448124080127,0.013940772082931853,0.0013371884461988257
2009-07-14,-0.00036707229043782686,7.364539420657985e-06,2.7715548317684838e-06,0.0,7.581810813140775e-06,1.547994402757751e-06,0.10865145919967055,0.2491799986105968,-0.01088306105270534,-0.00038633818990615185
2009-07-15,0.0007179869654147528,1.0191046631797173e-05,4.19467892319432e-06,0.0,1.1856144227829359e-05,2.3756100751605424e-06,0.18732911732740443,0.3491553874276649,-0.049947105199306084,0.0006893694855567714
2009-07-16,-0.0014904255507515065,1.8802806714485043e-05,7.657018667408066e-06,0.0,1.487772525478367e-05,3.7648436266662206e-06,0.5222732651436929,0.5822635793098969,-0.05023014997002817,-0.0015355279450148496
2009-07-17,-0.0034685496708931197,1.4480105191846131e-05,8.059176550920495e-06,0.0,1.3650727103555583e-05,2.568296034481772e-06,0.43674666572346443,0.381075096344257,-0.050398637448680984,-0.0035073079757739238
2009-07-20,0.0002865506112377985,1.5018701635735124e-05,6.697590730895478e-06,0.0,1.5660492031073073e-05,2.8824473767536442e-06,0.32738298910777613,0.4341277567150882,-0.050123402579524134,0.00024629137946334116
2009-07-21,0.0013389405155750716,1.2866124590232286e-05,5.5758969254798145e-06,0.0,1.4012727557184784e-05,3.071866597548984e-06,0.2869166116232528,0.46566142895012036,-0.05041215943810892,0.0013034138999046257
2009-07-22,0.0005386964015656325,1.4557137304090157e-05,6.35620731726672e-06,0.0,1.3776957441096925e-05,3.6350645897981485e-06,0.28535679816575443,0.5611749614211927,-0.04951588966489587,0.0005003710349133806
2009-07-23,-0.00340835886575572,3.673165763573482e-05,1.2469452877976618e-05,0.0,4.280042571744584e-05,3.987543151470911e-06,0.9270217530036531,0.7162354102734974,0.04632816082638422,-0.0035043479451383483
2009-07-24,0.0009244859835859449,2.4783889881751613e-05,1.3149146929890493e-05,0.0,2.3968378789125237e-05,3.5017772230433136e-06,0.5727597794279753,0.5353454420151187,-0.05295313145615811,0.0008590827907621342
2009-07-27,-0.0010836465434515283,1.8089962126176898e-05,7.67817592711185e-06,0.0,2.0332280397770996e-05,3.7458938038013983e-06,0.40484509320489953,0.5776087006690479,-0.05170145836958709,-0.0011334928557063895
2009-07-28,0.0013311585048339201,1.818898386911927e-05,6.966459244356204e-06,0.0,2.397281738523668e-05,3.508491850426252e-06,0.32462421062037633,0.5385986024527922,-0.05082802841881831,0.0012785217524847816
2009-07-29,0.002351292768658052,1.7779469440431813e-05,6.769936161606701e-06,0.0,2.558742593059865e-05,3.914540410375691e-06,0.31628596638236955,0.6078428386278447,-0.04979995031527126,0.0022972413967150395
2009-07-30,0.0024889465683261046,1.5827756867854336e-05,5.454368991263236e-06,0.0,1.6391001331910744e-05,3.773451974474227e-06,0.2999300527185882,0.5855626706971888,-0.04837726101448134,0.002447499989160602
2009-07-31,0.00010681240785702858,2.1206858759118944e-05,6.442360441167552e-06,0.0,2.0356088243205138e-05,3.196401845143722e-06,0.40223452204853116,0.48752254997672256,-0.049472960007422156,5.561069856839323e-05
2009-08-03,0.0005936279686774667,2.2702764568057063e-05,1.2072062908670065e-05,0.0,2.4565952734085685e-05,5.284655569359971e-06,0.6113175903874407,0.8357973666330116,-0.05202476901946351,0.0005290025328972939
2009-08-04,0.00017191444759917144,3.4248001885417015e-05,1.6014969091524397e-05,0.0,3.234246946076754e-05,7.671927924204737e-06,0.7958812215416025,1.2392837709688713,-0.049600120297523975,8.163707923725775e-05
2009-08-05,-0.0016472267953106232,1.9037505479041708e-05,8.352972776669993e-06,0.0,2.1554047710020576e-05,6.041620835039638e-06,0.5350570775550763,0.9636560598772284,-0.0513362404094318,-0.0017022129421113952
2009-08-06,-0.00033630302908427485,2.182441125060283e-05,8.161997849895362e-06,0.0,2.242140019753938e-05,4.866287371021284e-06,0.4870744663969576,0.767133985949771,-0.0504022923818046,-0.00039357712575333373
2009-08-07,-0.001795837514427111,2.1926392871085748e-05,7.393099508902689e-06,0.0,2.2649494498908404e-05,3.5273572011625142e-06,0.5145373398558388,0.6072090842854841,0.014613074490181458,-0.0018513338585071702
2009-08-10,0.0019190537293317955,1.544058446232768e-05,7.346485040868219e-06,0.0,1.886679559123791e-05,3.1645742643351667e-06,0.32032196512953537,0.48183948376481145,-0.04980899264349627,0.0018742352899730264
2009-08-11,0.0010545780492424396,4.0107937806081e-05,1.6194933899771658e-05,0.0,3.72254653558469e-05,6.367429338548993e-06,1.1987114390773503,1.1200214673222988,0.050293338446068425,0.0009546822828421911
2009-08-12,0.003845730826715984,2.7288574583197594e-05,1.1149221497077325e-05,0.0,2.7601971961920703e-05,6.4372369660273e-06,0.5622754241793222,1.131851393754355,0.05039558346176881,0.003773253821707761
2009-08-13,-0.0010689835052798229,1.8639064337083186e-05,9.495102514317391e-06,0.0,1.6592400117652975e-05,5.0214619735022034e-06,0.49604868839857985,0.8948916177286015,0.051286006180230936,-0.0011187315342223786
2009-08-14,-0.001672076290655721,3.276416158107774e-05,1.8383761428451137e-05,0.0,2.8351123336122355e-05,4.682246492495268e-06,0.8755162759385781,0.734975901965911,-0.051641508773293335,-0.0017562575834938676
2009-08-17,0.00014364299662995617,1.4373650280103576e-05,6.048795979863817e-06,0.0,1.3146025872408415e-05,3.840278493250033e-06,0.3289317497591403,0.5959723627043191,-0.049194424161686734,0.00010623424600433032
2009-08-18,-0.0004669335478503243,2.284912069229029e-05,7.4284307419654e-06,0.0,1.8516323764164946e-05,2.4331956099837342e-06,0.46549345355569915,0.3677998228419374,-0.04097703963532999,-0.0005181606186587287
2009-08-19,-0.0006127170837959132,6.6740126966839396e-06,3.0630453173461503e-06,0.0,7.569391228484227e-06,2.1035795010527517e-06,0.16965011062471033,0.3027576583637436,-0.05064369781311874,-0.0006321271125394802
2009-08-20,-0.00036472614799158996,7.429518993747106e-06,2.8766531306217073e-06,0.0,5.281856877566489e-06,2.3222054935486176e-06,0.1703668257165947,0.340365401591472,-0.049765121324695814,-0.00038263638248707386
2009-08-21,-0.0028233282742356936,1.1084084821361009e-05,3.1079290468072635e-06,0.0,1.5862277804977537e-05,2.43545114808767e-06,0.18486354786169099,0.3669437702804229,-0.0422120225983056,-0.002855818017056927
2009-08-24,0.00020194873501058657,1.6602714448590754e-05,7.823241961589002e-06,0.0,1.9913967771550513e-05,2.6122121456893074e-06,0.3465012457573861,0.388457842716574,-0.05039379775922943,0.000154996598683167
2009-08-25,0.0004094335444877308,1.3584215389071845e-05,5.586710310742701e-06,0.0,1.2168021791567876e-05,3.037866817190046e-06,0.3732099493987687,0.48151853506792275,-0.028843090220005058,0.0003750567301791583
2009-08-26,-6.601854794344805e-05,2.2150285982546665e-05,1.0469762466456067e-05,0.0,2.0475937340764962e-05,3.3220297643414793e-06,0.5102382796733735,0.5083482517226157,-0.04975274868675275,-0.00012243656349755723
2009-08-27,-0.00014764703876000442,1.2307319588875133e-05,4.784965463112085e-06,0.0,1.2151997014119085e-05,3.0917927750844457e-06,0.2627351023045775,0.4699262337051307,-0.049494952509056375,-0.00017998311360119517
2009-08-28,-0.000494844239581468,2.005497125335226e-05,1.0819332232803054e-05,0.0,1.954052947780636e-05,5.0206714464144185e-06,0.5881609372151383,0.7936050964546328,-0.04986770654298911,-0.0005502797439918441
2009-08-31,0.001144392452850839,2.0527321351391252e-05,1.1376121647275914e-05,0.0,2.1215233943475383e-05,6.465737263670782e-06,0.6313523068953011,1.0378008972869377,-0.04844296300975354,0.0010848080386450256
2009-09-01,0.0020127346868495633,1.4483332920176133e-05,6.886694348138168e-06,0.0,1.3022659661633786e-05,5.048049992611333e-06,0.4187782799405112,0.803626861304094,-0.044445537454609774,0.001973293949927004
2009-09-02,0.0007785882700591181,2.2919271114562283e-05,9.298642336330736e-06,0.0,2.200985587889981e-05,3.0883031316212192e-06,0.7232040909520255,0.5726933182940513,0.05385839218168659,0.0007212721975977041
2009-09-03,0.001083453393657867,4.014720632574313e-05,2.3214752101520923e-05,0.0,3.6365978367213445e-05,8.399938737184871e-06,1.1246916795072517,1.3632745736228198,-0.04791513422423882,0.0009753255181262047
2009-09-04,0.0009552490995733009,2.8895929441186175e-05,1.301122761860294e-05,0.0,2.85170657721358e-05,5.6839388209499395e-06,0.8107788389453988,0.9051606863088865,-0.049741035610703865,0.000879140937920426
2009-09-08,-0.0009805331805372074,1.593387274960779e-05,5.649662380601018e-06,0.0,1.1318577349287545e-05,4.938189654648246e-06,0.35922310595219004,0.7778082472398,-0.05180761474110518,-0.001018373482671352
2009-09-09,-0.0032868425557639152,1.6982205280302743e-05,5.391082442268438e-06,0.0,1.2415677407214815e-05,4.8501234577988844e-06,0.24114951772888732,0.7634213768083218,-0.05139936410189044,-0.0033264816443515
2009-09-10,0.00011900204257860812,2.0031603117296057e-05,9.201334409659574e-06,0.0,1.8420563135304857e-05,5.867663032052531e-06,0.4829196856552926,0.9332680296086309,-0.052499359776194354,6.54808788842951e-05
2009-09-11,0.0011235833949934328,3.140730617636382e-05,1.5504267803728886e-05,0.0,2.549614234021788e-05,4.990394917219766e-06,1.048124793531134,0.7976459772499237,-0.0407403688429971,0.0010461852837559025
2009-09-14,0.0006500224986361178,1.164190611156776e-05,4.949861158882482e-06,0.0,9.989080919198217e-06,4.12536748743015e-06,0.255620004747695,0.6457432927410711,-0.047318445147194285,0.0006193162829590392
2009-09-15,-0.0024655060233776827,1.5089004851740367e-05,8.16464282401983e-06,0.0,1.3481413399050813e-05,3.6548191807511897e-06,0.4572648005044423,0.564754613003535,-0.04925500936266487,-0.002505895903633245
2009-09-16,-0.00029220630650090944,1.6721515467750594e-05,7.655031160604467e-06,0.0,1.5249612087606397e-05,3.817509653609321e-06,0.41398970263955676,0.5927465533053311,-0.04859506850103462,-0.0003356499748704802
2009-09-17,0.003988518447983587,2.7089707923647797e-05,9.753697300800667e-06,0.0,2.288298608259391e-05,3.767094225243752e-06,0.682045829290589,0.6492732421961578,0.01640141235520752,0.003925024962451301
2009-09-18,-0.0002293906479769482,2.6923728308558542e-05,1.0607846528513512e-05,0.0,2.6646378535151102e-05,4.863584782668618e-06,0.5914969357896376,0.8106438272059708,-0.006438416282356668,-0.00029843218613184
2009-09-21,-0.0009353047145512336,2.8761920929312184e-05,9.895933970563084e-06,0.0,2.3170423027185848e-05,3.94072210134127e-06,0.48316529331710434,0.6604074415182312,-0.0016338715071021886,-0.001001073714579636
2009-09-22,0.0006246064987616995,1.7926712345673426e-05,6.812317524258885e-06,0.0,1.7624324775826664e-05,3.654698320387439e-06,0.37924266528281125,0.6643202027079629,0.050330884882872934,0.000578588445795553
2009-09-23,-0.0004465788585468256,4.959769321684048e-05,2.4181882491682724e-05,0.0,4.2614644393720806e-05,1.0612182379354055e-05,1.634356134860181,1.8333896367023608,0.05054299697087983,-0.0005735852610284236
2009-09-24,0.0010232162713136675,1.9979212632199665e-05,1.1476805673239783e-05,0.0,1.384676192926428e-05,7.636247556124997e-06,0.6446199190538316,1.3315740288674418,0.04868443943844236,0.0009702772435228387
2009-09-25,-0.0027740866352237593,1.669519901050172e-05,7.195716349986347e-06,0.0,1.2357220373882038e-05,7.119570592163538e-06,0.36164199934007296,1.2425141953642695,0.04642633588079553,-0.002817454341550293
2009-09-28,0.0027428515912327226,2.929358492753035e-05,1.803199636859941e-05,0.0,2.937462066523105e-05,4.47957745175464e-06,0.992322651213202,0.8054463507409527,0.052877338846172864,0.002661671811819607
2009-09-29,0.002247422342365443,2.5548049556267744e-05,1.1847509189514026e-05,0.0,2.2532351678910244e-05,5.998291956821066e-06,0.7521016891423091,1.0595017940413718,0.05178874529543254,0.00218149613998393
2009-09-30,-0.000783028384724725,3.2061231185337973e-05,2.0606516871394208e-05,0.0,3.57706203022927e-05,6.101390180484249e-06,1.041866096173228,0.9762004156054302,-0.048833134715923265,-0.0008775681432642341
2009-10-01,0.0066259071909989115,4.4399866020902945e-05,1.7651227536610075e-05,0.0,3.689319008176269e-05,6.979340837222679e-06,1.23203155276958,1.2265667336050132,0.05403747295160355,0.006519983566522413
2009-10-02,-0.0032937055104140123,2.2175890699663846e-05,8.455773126349703e-06,0.0,1.7142480781370197e-05,6.752266260321192e-06,0.46889396287596513,1.1853523551175023,0.05097162338354261,-0.0033482319212817173
2009-10-05,0.001109082985007023,2.5705453105071006e-05,1.4538878393396684e-05,0.0,1.7480701873446995e-05,4.121886470957472e-06,0.7643953842158059,0.7446181523012513,0.052141225180395906,0.0010472360651641508
2009-10-06,1.1474583895307302e-05,2.573429192130552e-05,1.2963584545885457e-05,0.0,2.0885664071051977e-05,3.815513286177679e-06,0.5914643931213341,0.5915545529060459,-0.04945167917180422,-5.1924469929113336e-05
2009-10-07,-0.0004102379799816559,1.5841099666553246e-05,8.589925217765261e-06,0.0,1.2575436344817804e-05,4.8085461624409215e-06,0.46690997204267076,0.7575527352467099,-0.05028302004336496,-0.00045205298737323313
2009-10-08,-0.004700204810614246,1.661365819399454e-05,7.4786071624188555e-06,0.0,1.0665574622780912e-05,4.122636883270212e-06,0.4590639186282747,0.6414137455298784,-0.051189250859517185,-0.0047390852874767105
2009-10-09,0.0007235405774711186,1.6999438320376154e-05,6.794992492385361e-06,0.0,1.5966109533313733e-05,3.930388393145196e-06,0.3611795911710713,0.6101471921356263,-0.05015805791276666,0.0006798496487318981
2009-10-12,-0.0013335190747948572,1.8237365103343475e-05,8.861381709566989e-06,0.0,1.206594251785817e-05,4.830788663656102e-06,0.46090496772322886,0.7591353305858096,-0.052437164908415435,-0.0013775145527892818
2009-10-13,-0.00020806330688171655,1.7956691751776756e-05,6.190609780005102e-06,0.0,1.3444345300753403e-05,4.105892183619195e-06,0.33934848141959895,0.6388255795122078,-0.050964307335816444,-0.000249760845897871
2009-10-14,-0.0005270866069669095,1.6384604221275414e-05,6.3112626948630135e-06,0.0,1.3924075063527936e-05,4.308631887244313e-06,0.3408768632149023,0.6728084098485769,-0.051041747208467464,-0.0005680151808338202
2009-10-15,-0.0025267340113352614,2.6762177590227516e-05,1.5463431779785626e-05,0.0,2.1026984828256094e-05,7.2655992433784936e-06,0.855149877592215,1.1693496086039077,-0.051271064283679335,-0.002597252204776909
2009-10-16,0.000612651189137526,5.1791734374357026e-05,2.022940607065019e-05,0.0,3.905489746448441e-05,6.899465139320763e-06,1.4392201569758534,1.1382899567874678,-0.020820186618420167,0.0004946756860887136
2009-10-19,-0.0007747123401290343,2.1539106993915546e-05,7.031946358808969e-06,0.0,1.2925638042470164e-05,5.720890217578566e-06,0.39606108794834793,1.0119832401828899,0.05087368362969091,-0.0008219299217418076
2009-10-20,0.0013395037264700362,2.4290852809425986e-05,1.1013539009451738e-05,0.0,1.9792553861364974e-05,4.476264805800023e-06,0.5318070248762933,0.8019362263465102,0.04992373897210643,0.0012799305159839935
2009-10-21,0.0013652544159084856,2.2870503614690904e-05,1.169483825679171e-05,0.0,2.939104609493564e-05,4.819325717857116e-06,0.6492166055559957,0.8446854647462952,0.03503874414629935,0.0012964787022242102
2009-10-22,0.0065014116836933315,2.329117646502847e-05,1.059669216436795e-05,0.0,2.4792039877835933e-05,4.5143741872792574e-06,0.6057102003597485,0.8112456357722586,0.05283077230934348,0.00643821740099882
2009-10-23,-0.003826707708659714,2.340701643692807e-05,1.0597483778611213e-05,0.0,2.1640433227098838e-05,4.233596486105753e-06,0.585020636434908,0.7305915089202488,0.019347299254482246,-0.003886586238588458
2009-10-26,-0.0011104125401961136,2.5791641695019967e-05,1.0373701309343491e-05,0.0,2.4721617444067255e-05,4.358413722726525e-06,0.5991465735892595,0.780377559804934,0.04816405438687754,-0.0011756579143672708
2009-10-27,-0.0003086814040956139,2.976511145375755e-05,1.3473951463897247e-05,0.0,2.7992307292097308e-05,5.9003220958014036e-06,0.8092061259629515,1.0414023910188077,0.050148278924172396,-0.0003858130964011674
2009-10-28,-0.0012799364653387887,2.4182233417319087e-05,1.0648647040574232e-05,0.0,2.7947359491094155e-05,7.14223864356793e-06,0.6294835064662556,1.243235177678921,0.043339085559508383,-0.001349856943931344
2009-10-29,0.007190229174969854,4.578535471526611e-05,2.715347030006082e-05,0.0,4.749969765672115e-05,5.648035910586483e-06,1.3528229725936336,0.9020866393428523,-0.04678339363567664,0.00706414261638722
2009-10-30,0.001761346575414461,3.639936691432925e-05,1.3746315698141908e-05,0.0,3.937388065430968e-05,5.209667290619925e-06,0.9634782836485951,0.9265885898043708,0.05136448498022328,0.0016666173448570602
2009-11-02,0.0001041090245312393,1.527533271914259e-05,6.374699103996388e-06,0.0,1.3081612994085456e-05,4.454620394318753e-06,0.3427374897016604,0.8007633636951579,0.052387137449606935,6.492275931969612e-05
2009-11-03,0.00017631924473746088,2.3090314386181823e-05,1.0789404545019843e-05,0.0,1.6384544020870908e-05,3.200555176424454e-06,0.5486938527757977,0.5790487415478367,0.04135547190852798,0.00012285442660896385
2009-11-04,-0.0011247983420012108,4.092588743803232e-05,1.6127571520050124e-05,0.0,3.664864051433648e-05,6.732445052780454e-06,1.0834389770727852,1.1809804146378031,0.04992964577068665,-0.0012252328865264102
2009-11-05,0.004431243679210402,3.732433172442067e-05,2.1152534968679978e-05,0.0,2.851033244064614e-05,5.367426163725711e-06,0.9974592587657786,0.855679565289184,-0.04604803021673568,0.004338889053912929
2009-11-06,0.0036315464037094906,2.012887992219166e-05,7.994883338146034e-06,0.0,1.8471887433997157e-05,5.076119586628358e-06,0.41552156002505614,0.8050270767135326,-0.04776101384003176,0.0035798746334285273
2009-11-09,0.0008190753031305033,2.1827907314084405e-05,1.2367990445629714e-05,0.0,1.5868451837570788e-05,4.887075656810393e-06,0.6668572724974613,0.7759870447183721,-0.04504166562577372,0.000764123877876408
2009-11-10,-0.0014312752514220354,1.4801029617923283e-05,6.180130018403266e-06,0.0,9.860327580018375e-06,4.46921952143686e-06,0.3482168438475095,0.7047726381444219,-0.046056241456970376,-0.0014665859581598172
2009-11-11,0.0016406693920081507,1.717661531640002e-05,7.776321010804181e-06,0.0,1.4848125676922171e-05,4.50063979249368e-06,0.41887097127295625,0.7067386597695956,-0.049368825369343144,0.0015963676902115307
2009-11-12,0.000310106643462613,2.2817188898081407e-05,1.2397886712717771e-05,0.0,1.5164695893960353e-05,6.4918563972246236e-06,0.6578560376221951,1.041941647306644,-0.04869022742709239,0.00025323501556062883
2009-11-13,-0.000298378553322471,2.0795484939041814e-05,1.0478635543794272e-05,0.0,1.660063807059966e-05,3.930936110346246e-06,0.6978783400418551,0.6089919031775197,-0.05140536336064987,-0.00035018424798625297
2009-11-16,-0.0017952345314505575,1.5898849134756767e-05,8.290197999068005e-06,0.0,1.1311965642125722e-05,4.626327378291826e-06,0.4610053331782513,0.7247447660610083,-0.05247823349201819,-0.0018353618716047998
2009-11-17,0.0004742956471402331,1.5668505322942568e-05,5.452976954926704e-06,0.0,8.441779913068058e-06,3.7954310667468755e-06,0.3222540780540595,0.5868191407979928,-0.050813278415482305,0.0004409369538825489
2009-11-18,0.002111270930585252,1.3388471771562369e-05,5.644161603441929e-06,0.0,8.710928173219735e-06,4.1230875151536315e-06,0.3071371526861686,0.6436930847884057,-0.048985617757404565,0.0020794042815218744
2009-11-19,0.0022682982457222635,1.1371475065454479e-05,4.879352502346551e-06,0.0,8.62712789831268e-06,3.460782864853003e-06,0.31331396508060505,0.5355898319954709,-0.045821689299833934,0.0022399595073912966
2009-11-20,0.002062782630263438,1.4140671379784546e-05,4.719996781542344e-06,0.0,1.6701707376175252e-05,2.285747981196663e-06,0.38113850565437124,0.4366259728426207,0.052620312001581286,0.0020249345067447394
2009-11-23,0.0026123994479224388,2.650353046533942e-05,1.66311301558938e-05,0.0,1.9185742459152058e-05,6.510631963345015e-06,0.8096065964342483,1.047753085112351,-0.04603308472961187,0.0025435684128787086
2009-11-24,0.0010866949169102704,1.879363537819e-05,8.292727133254342e-06,0.0,1.5180838327185769e-05,4.873724439929333e-06,0.49551992436768255,0.7717632724812113,-0.04702243342691653,0.001039553991631711
2009-11-25,-0.0012278631893328869,1.4791239161562432e-05,6.1279673465580155e-06,0.0,1.0555260506505124e-05,4.251963976612978e-06,0.33370132248415013,0.6661404162213386,-0.04818953184964156,-0.0012635896203241255
2009-11-30,0.000800879033686957,2.2587189982997547e-05,8.358840711415974e-06,0.0,1.839283888710689e-05,5.192049154722884e-06,0.41296914813929536,0.8252642533893191,-0.04700000460412504,0.0007463481149507136
2009-12-01,0.00021636408986999237,1.8595446472990995e-05,7.309946051179768e-06,0.0,1.1874760837626603e-05,3.832405353337788e-06,0.4454044962338647,0.5947134578016884,-0.04913064155906009,0.00017475153115485722
2009-12-02,-0.0019962541491871837,1.7124830854762165e-05,6.448870764506689e-06,0.0,9.804102340842382e-06,2.9625905684756394e-06,0.3545049071951375,0.4474008985111445,-0.05031431699276287,-0.0020325945437157707
2009-12-03,0.0026223138950012027,4.0106812281182656e-05,1.6678296220330598e-05,0.0,3.0599444357280345e-05,7.17486533374849e-06,1.189924334529397,1.256862715755513,0.051485339685766796,0.002527754476808661
2009-12-04,0.0005240179593037958,3.767014681565279e-05,2.0377317947341827e-05,0.0,2.7634045804937625e-05,6.689041855265535e-06,0.8973879376290528,1.0753450502002668,-0.04841398148434291,0.000431647406880598
2009-12-07,0.004095045116286761,3.560668463876402e-05,1.2119561158787605e-05,0.0,2.8187091397113337e-05,6.9178598586833796e-06,0.8303517097816349,1.2144414835715414,0.0522410273127335,0.004012213919233412
2009-12-08,-0.00027877455538528943,2.2628932474725565e-05,8.88830791872202e-06,0.0,1.8251112016416293e-05,6.1715638977399215e-06,0.4619164889855613,1.0867204649446505,0.0498977301243439,-0.00033471447169289325
2009-12-09,0.001351934332614731,2.4168149784072064e-05,1.0787857950932861e-05,0.0,1.6704422463885934e-05,4.859054623371639e-06,0.5895300201362781,0.868453148926316,0.05213197219988021,0.0012954148477924685
2009-12-10,0.0003659045867759109,2.1869979440120808e-05,1.0391187197946903e-05,0.0,1.8573003838606892e-05,3.7395247510126374e-06,0.5599946738202775,0.659394076897952,0.03115391872782904,0.00031133089154822366
2009-12-11,-0.0008121675115096841,1.572357335310539e-05,7.991644081721283e-06,0.0,1.1332453142297492e-05,3.5489315193933423e-06,0.36052670812382276,0.547726117491581,-0.04849437776650024,-0.0008507641136062017
2009-12-14,-0.0007581012187310169,1.4477054480066663e-05,6.044409710814778e-06,0.0,2.0898250229706952e-05,3.290946718709052e-06,0.3051397531050266,0.5051068911558921,-0.047772157587228456,-0.0008028118798703144
2009-12-15,0.00107871211896979,2.0384466390449542e-05,9.477967043675339e-06,0.0,1.7089233502133907e-05,5.162472148776746e-06,0.5422425257925825,0.8204355330682755,-0.046859787926217644,0.0010265979798847545
2009-12-16,-0.0006667685370257485,1.9776490438595102e-05,6.817235194428044e-06,0.0,2.541275537635455e-05,4.185170905334181e-06,0.42042657612741696,0.6538866399645774,-0.049222072131565,-0.0007229601889404604
2009-12-17,-0.0005677631580182155,2.3850997837443373e-05,9.977806705371396e-06,0.0,2.382574120213011e-05,3.421638437452695e-06,0.7181793841569148,0.6252838185696846,0.05044856107763193,-0.0006288393422006131
2009-12-18,0.0011207832060140584,2.968489819482632e-05,1.901973812115499e-05,0.0,3.217170722313903e-05,6.25077542168477e-06,0.9372095345557668,1.0012000155318699,-0.048930255311171456,0.0010336560870532533
2009-12-21,-0.0012655220938871748,2.5976342286388916e-05,9.799997481346147e-06,0.0,2.2522399783284343e-05,5.154548474605013e-06,0.5372103429000017,0.8153822293330323,-0.050581914400609856,-0.0013289753819127992
2009-12-22,-0.0009035917635830276,1.517521856590611e-05,6.729255479396276e-06,0.0,1.4211609543268363e-05,4.364251024176724e-06,0.35703188184118273,0.6836190991782686,-0.04957507288342178,-0.0009440720981957751
2009-12-23,-0.00018281344737337515,1.9536770396922448e-05,6.51161392478125e-06,0.0,1.6177857237975687e-05,4.075473852223221e-06,0.36443918202616643,0.6341104221167043,-0.05056918505679653,-0.00022911516278527777
2009-12-24,-6.537369435773324e-05,8.833936793083674e-06,3.414655150133693e-06,0.0,5.197434236126887e-06,3.135818902087246e-06,0.16126524458325217,0.476432994079832,-0.050384581470825196,-8.595553943916475e-05
2009-12-28,0.0004093729230157286,6.473668243728845e-06,3.2478684217518446e-06,0.0,4.279417902979152e-06,1.9997991075991273e-06,0.18998372418749565,0.2867713965000216,-0.049194853576631795,0.00039337216933966963
2009-12-29,0.0005943588223435532,1.161683783958223e-05,3.988625382736533e-06,0.0,9.977469217307769e-06,1.3355358338844447e-06,0.2905839957707629,0.22724052697323488,0.0028705068806482055,0.0005674403540700422
2009-12-30,0.00033269129749733355,6.3560144072594005e-06,3.946910183508523e-06,0.0,4.929975663060902e-06,2.221523051502584e-06,0.17356892028818158,0.324878071975358,-0.04833780067707623,0.00031523687419200214
2009-12-31,0.0003908849537863048,3.300999004206524e-05,1.2767840716386443e-05,0.0,2.6709676682098336e-05,5.988060857340489e-06,0.9774711826884352,1.057416526275023,0.05142230224182154,0.0003124093854884143
2010-01-04,0.0029253168772653644,2.4428043493879966e-05,1.3077239311830964e-05,0.0,2.0208288442544047e-05,4.8621074712700156e-06,0.6800856180150725,0.8734613108528377,0.05662725567947541,0.0028627411985458393
2010-01-05,0.0010505935201220726,2.7655495420179526e-05,1.3640192482727743e-05,0.0,1.898289225640567e-05,3.687130947375108e-06,0.6809413882155296,0.672895430764581,0.053457431605563,0.0009866278090153845
2010-01-06,-0.0022350201810453713,1.7968490835015656e-05,7.4844904311451965e-06,0.0,1.4311082858150705e-05,3.322926806116489e-06,0.4143820934247314,0.6103360871896352,0.05208438376206491,-0.002278107171975799
2010-01-07,-0.002005748600788731,2.3189236232149152e-05,9.812220208889985e-06,0.0,1.738020152341266e-05,4.184653910044229e-06,0.5680023203626693,0.7519737448563466,0.04895188796891643,-0.0020603149126632273
2010-01-08,0.0006901994628695824,2.1786934911945384e-05,8.875987243708855e-06,0.0,1.7143280170198925e-05,3.7870736140654463e-06,0.46558578422115904,0.6873309009678574,0.05110253380486264,0.0006386061869296637
2010-01-11,-0.00012150006893147838,1.33740587647977e-05,5.4452404861330076e-06,0.0,1.1334828054957463e-05,3.1416849693412915e-06,0.3131236449426395,0.5795506638678192,0.05174758901848238,-0.00015479588120670783
2010-01-12,-0.00011137117527886007,3.756093267832199e-05,2.2967723493855967e-05,0.0,2.9520675634649124e-05,7.2119809854896635e-06,1.148565647807004,1.1642667319007087,-0.04734607366155452,-0.00020863248807117683
2010-01-13,0.0004937392674504844,2.329627444972235e-05,1.2172250996331151e-05,0.0,2.0081537346789826e-05,5.7501343749183326e-06,0.770714601979394,0.9162613806098096,-0.04976119437647045,0.00043243907028272274
2010-01-14,-0.0011393346157146727,2.2578416164824556e-05,1.0200000832079801e-05,0.0,1.8194496548688e-05,3.897038114582715e-06,0.6356468341468894,0.6044460536945894,-0.05025634955530654,-0.0011942045673748478
2010-01-15,0.0007775476475875824,1.6220097710348432e-05,6.199482496446338e-06,0.0,1.3118897487241872e-05,3.4068996627055198e-06,0.36051699945098314,0.5217748032351823,-0.050584340099344906,0.0007386022702308402
2010-01-19,0.0006479788175334612,1.3195424478338589e-05,5.998649195187334e-06,0.0,1.2698465436044507e-05,3.2130516766290772e-06,0.3555855056034437,0.49109298958519065,-0.04869969208849431,0.0006128732267472617
2010-01-20,0.00047333708739303194,1.3124210414119767e-05,5.710350071990114e-06,0.0,8.340830305885603e-06,2.6738314511308263e-06,0.34936586427190486,0.4479325705144779,-0.001271113275501029,0.0004434878651499056
2010-01-21,0.0012229578146228026,2.135298270256877e-05,9.293688699729497e-06,0.0,1.6872469244600394e-05,4.047004939237047e-06,0.6628635913699372,0.7315023694714193,0.0516055396795953,0.001171391669036667
2010-01-22,-0.0015689804786794715,2.527048024857719e-05,1.0106117205251131e-05,0.0,2.223318910401723e-05,4.832189515307244e-06,0.5717379035520654,0.8620947612693799,0.050286922697762804,-0.0016314224547526242
2010-01-25,0.0008949369991921533,1.3648107775140036e-05,5.208559434412208e-06,0.0,8.980661163780871e-06,4.2014973177103005e-06,0.28779780973961744,0.7561943925013104,0.05034284312598017,0.0008628981735011099
2010-01-26,-0.0015238274652241517,2.150109799008646e-05,1.0488491568984767e-05,0.0,1.7008294304635394e-05,3.016469136200964e-06,0.5516744218620668,0.5577642925354964,0.050997477653734566,-0.0015758418182240592
2010-01-27,0.00043861960070093947,1.600128227615328e-05,7.23906820714038e-06,0.0,1.2465624328188579e-05,3.2781836360838556e-06,0.38665166245594185,0.6016464948078796,0.05091164394579194,0.00039963544225337337
2010-01-28,2.6916268807330058e-05,4.329843420687292e-05,2.1545052592220012e-05,0.0,3.971236343000963e-05,1.010782033866132e-05,1.4971485158935314,1.748420959666106,0.05030714277100412,-8.774740176043381e-05
2010-01-29,-0.0024392187237311214,2.2957819174968155e-05,9.844753970876695e-06,0.0,1.833264884431786e-05,9.706892406315159e-06,0.5680364459269912,1.67983682025328,0.04907889599233295,-0.002500060838127599
2010-02-01,0.0032422510740733428,4.3007256939612785e-05,2.8757824046145796e-05,0.0,3.740636691255296e-05,5.4536041074745734e-06,1.578698743087589,0.9701900164786046,0.053984526422876364,0.0031276260220675567
2010-02-02,0.0023148973330366497,2.383187071831892e-05,1.1961327914177378e-05,0.0,2.391067516070753e-05,5.387863397078194e-06,0.6401497268678932,0.8601864312751326,-0.044974619434003896,0.0022498055958463676
2010-02-03,0.003526499256487349,3.035539837294491e-05,1.246518593906667e-05,0.0,2.2096790282809194e-05,6.136505675971687e-06,0.8211536604246311,1.0825500460071817,0.051617092443938584,0.0034554453762165563
2010-02-04,-0.0018454520418816924,3.7150245872763964e-05,1.654316954899601e-05,0.0,2.9644241053936346e-05,9.293420213415356e-06,1.0675126579025447,1.6081606204598764,0.04686602460609679,-0.001938083118570804
2010-02-05,0.0014385313977910827,3.269195580573868e-05,2.015918125920972e-05,0.0,2.4765016563023272e-05,5.701406425324894e-06,1.112390144415191,1.004913928523683,0.047077649069100724,0.0013552138377377861
2010-02-08,0.0017585961521831685,4.109247982738356e-05,1.6350884483051623e-05,0.0,3.1688378388882157e-05,7.097102676143939e-06,0.9742816087724623,1.2408356311511044,0.04852238155892247,0.0016623673068077072
2010-02-09,-0.0008535954737586256,2.9586010470795154e-05,1.0539108499830223e-05,0.0,2.2007356649844783e-05,7.3777869007340475e-06,0.6107271049290659,1.2920009036028226,0.05253270427950252,-0.0009231057362798298
2010-02-10,-0.0009355861051628282,3.13668744628269e-05,1.8027994477781742e-05,0.0,2.5336172346851914e-05,4.5578624963726e-06,0.9409150371847915,0.8168436875284767,0.051122788137879974,-0.0010148750089466613
2010-02-11,0.0014701828604707847,2.9808017549681143e-05,1.0990180517941263e-05,0.0,2.2824638794998086e-05,3.571999524899197e-06,0.5301956730371746,0.6527571038236237,0.0526611836405584,0.001402988024083265
2010-02-12,-0.00013734248636313728,3.218902956629028e-05,1.9399314004593765e-05,0.0,2.7045409603617676e-05,7.1197591275766825e-06,0.9518214041389473,1.1471370175067812,-0.0489825159261017,-0.00022309599866521569
2010-02-16,-0.0030240870821454414,3.146331236665294e-05,1.2318440382621547e-05,0.0,2.5211522728678136e-05,5.260181751944399e-06,0.6910448549629138,0.8319343009669018,-0.051776233359757534,-0.0030983405393753384
2010-02-17,0.0002639095766011286,1.746374361856501e-05,6.825666835178813e-06,0.0,1.3030071288095231e-05,4.624683830813546e-06,0.38380987305311026,0.725358395541558,-0.05158848803511787,0.000221965411028476
2010-02-18,-0.0015864829582533718,1.760049036510763e-05,9.388255402725423e-06,0.0,1.5103358450808909e-05,4.104939703954196e-06,0.619278003671374,0.6384657612588176,-0.05116410900548723,-0.001632680002175968
2010-02-19,-0.00027697953985466716,2.3437600296006344e-05,1.046231360857557e-05,0.0,1.8302113388342578e-05,5.7780321927045776e-06,0.6768348338591027,0.9202801869933718,-0.050429221380997424,-0.0003349595993402962
2010-02-22,0.0023218407767695167,1.7304159022480672e-05,8.65742251113885e-06,0.0,1.6969745008087116e-05,4.812428024149179e-06,0.4865626898615116,0.7595009099919741,-0.04898699806508805,0.002274097022203661
2010-02-23,0.000450469504426301,2.817465895689025e-05,1.0643329490720945e-05,0.0,2.3469012868577306e-05,5.658022618191761e-06,0.6931369544628956,1.001670524395937,0.05112272453972144,0.00038252448049192075
2010-02-24,0.0013937563507511017,2.811115754379023e-05,1.7389725921679317e-05,0.0,2.1256352287732353e-05,5.217349583020144e-06,0.9221250253551445,0.9067215481015382,0.030206818154154033,0.0013217817654148797
2010-02-25,-0.002372269127595503,2.0404173998812947e-05,1.0202628366005143e-05,0.0,1.9172439357086895e-05,4.29368578444192e-06,0.5105044458361776,0.6773679611803611,-0.043971250605881924,-0.00242634205510185
2010-02-26,0.0009161025258199516,2.490017750812755e-05,9.625698752577735e-06,0.0,1.8746651185289576e-05,4.2801461935149055e-06,0.6107314003845639,0.7248982854687945,0.005833724958290612,0.0008585498521804419
2010-03-01,-0.00023890191647084178,1.4694563420609482e-05,6.433488456217621e-06,0.0,1.051082092975154e-05,4.107086976513342e-06,0.31670574978693933,0.6595775636968921,-0.030413048357349017,-0.00027464787625393377
2010-03-02,-2.8565092501876013e-05,3.0092472515387016e-05,1.6656775787657924e-05,0.0,2.9888660480232368e-05,6.015483508872096e-06,0.848472082369065,0.9594006750412629,-0.05120055444924948,-0.0001112184847940254
2010-03-03,0.0017275713156141264,3.846359136592843e-05,1.506085006031903e-05,0.0,2.649903473075769e-05,6.539133403799671e-06,1.0846539045900463,1.102024533090594,0.0034501212522491387,0.0016410087060533215
2010-03-04,0.0018593384089254322,2.671707924854498e-05,1.31634654944885e-05,0.0,2.7821031079786426e-05,5.409341787714392e-06,0.6766804032275702,0.8929406528690685,-0.015828767466949778,0.0017862274913148979
2010-03-05,0.00023346998629873993,2.314457866013434e-05,1.072591412103875e-05,0.0,2.158684477281692e-05,5.368762752488483e-06,0.5678839864921631,0.8546943772906868,-0.04725776512737889,0.00017264388599226143
2010-03-08,-0.0003589730675193711,2.1358399836131328e-05,9.181601723407413e-06,0.0,1.5720767048359554e-05,5.941558600875986e-06,0.587399710343455,0.9971226252165724,-0.0010592197305934192,-0.0004111753947281454
2010-03-09,-0.0014099791012085268,1.9351881413136757e-05,7.827424153673677e-06,0.0,1.1717985854982993e-05,4.9874378984182445e-06,0.4132230937495271,0.8504151033783308,0.01252553644406551,-0.0014538638305287386
2010-03-10,0.0008421826761727244,3.0416926165484378e-05,1.8352208643838934e-05,0.0,2.5765343046245827e-05,6.494236033045718e-06,0.9561585094254715,1.0417379850683592,-0.04929366848332084,0.0007611539622841095
2010-03-11,0.0012246291612666733,2.8162784922520673e-05,1.299329585369521e-05,0.0,2.1073013684058535e-05,6.552277426926794e-06,0.6917266436276934,1.050529927643341,-0.050252680080360435,0.0011558477893794722
2010-03-12,0.00035573120781170065,2.230819377024851e-05,9.202646215471397e-06,0.0,1.567335993733842e-05,5.195299312188615e-06,0.5381119404721788,0.8220721078711748,-0.050738176576512056,0.0003033517085764537
2010-03-15,0.00037016297736197656,1.7299570973711218e-05,7.021589013022991e-06,0.0,1.3802520484366943e-05,5.536129596812777e-06,0.40674050299867764,0.8795908609972303,-0.050478911267316406,0.0003265031672940626
2010-03-16,-0.0006934342021405437,2.3449952256028183e-05,9.9909824879444e-06,0.0,1.816649754859369e-05,5.945807571445438e-06,0.501043913164864,0.9476412743801208,-0.051254397622712444,-0.0007509874420045554
2010-03-17,-0.0010727785440964668,2.1308378964866547e-05,1.0213216980717941e-05,0.0,1.3860998279895779e-05,6.68547921622742e-06,0.5600307225932393,1.073415196830537,-0.04974531149567013,-0.0011248466175381746
2010-03-18,0.000641922421323553,1.8325245103983264e-05,7.849565081542086e-06,0.0,1.0212245203257719e-05,5.436907934298983e-06,0.46361510410201723,0.8636201594788302,-0.0497803734833987,0.000600098458000471
2010-03-19,3.819664924739904e-05,3.8824249724542565e-05,1.9406335525267075e-05,0.0,2.862736487052042e-05,9.829731554581432e-06,1.074008331247009,1.6024291162908666,-0.04896578487881453,-5.8491032427512443e-05
2010-03-22,0.002520477064773529,3.63887288801409e-05,1.5725719034320423e-05,0.0,2.1326224063560348e-05,7.1162260372902266e-06,1.0379284246514748,1.1461766024066127,-0.04934937185814528,0.0024399201667582174
2010-03-23,-5.6467719429540125e-05,2.9125309650682977e-05,1.3271937617866703e-05,0.0,2.0551587661676645e-05,4.6682442778945905e-06,0.7674193145436354,0.7432361610310815,-0.04102887765520934,-0.00012408479863766105
2010-03-24,7.563047753669127e-05,2.9938221296984085e-05,1.2998430320283552e-05,0.0,1.9684545703322238e-05,6.624316899531918e-06,0.9282492099268064,1.1640665888908786,0.051181349769516216,6.38496331656947e-06
2010-03-25,-0.001046261383755717,4.288225880506478e-05,2.223616902434826e-05,0.0,3.213533087420075e-05,1.1720901799777405e-05,1.461618709723016,2.0201575973944363,0.05104609503183177,-0.0011552360442591081
2010-03-26,0.0013440128691800104,3.362081072791916e-05,2.169277415410063e-05,0.0,2.16431407482897e-05,6.440051548848881e-06,1.2085191138196483,1.1334981360352985,0.05156947582868726,0.001260616092000852
2010-03-29,0.0002553681912022712,2.105227486917159e-05,1.0479655064427424e-05,0.0,1.7139457431486254e-05,5.059878959145178e-06,0.5795375723790683,0.8953243518840542,0.04526468674766451,0.00020163692487804074
2010-03-30,0.0006855245625397172,1.785569681355921e-05,8.442457355957539e-06,0.0,1.4943441367474203e-05,5.313903067978064e-06,0.47896574123429336,0.94459051359819,0.05185479817787547,0.0006389690639347482
2010-03-31,-0.0005977525559921523,2.1268370521023053e-05,1.0941519590556584e-05,0.0,1.8094619986036265e-05,6.223620779302283e-06,0.5788845518089594,1.0100962939784242,-0.03547199694435982,-0.0006542806868690704
2010-04-01,0.00198934984799177,4.7245623569958424e-05,2.875358755892611e-05,0.0,3.694680838069435e-05,9.124219454939836e-06,1.569910532790979,1.4845880077446685,-0.04828086068522386,0.0018672796090272515
2010-04-05,-0.0023970006584238947,2.3072836396139222e-05,1.0737572888187561e-05,0.0,1.9929194344155384e-05,7.862624386878511e-06,0.6144304651092032,1.2713291750082796,-0.04959172198731093,-0.002458602886439255
2010-04-06,-0.001606824394449953,2.738592234218648e-05,1.3428262304635309e-05,0.0,1.7682600519026742e-05,4.898797426490051e-06,0.8684099388185147,0.7730738875837072,-0.04992408006662111,-0.0016702199770422916
2010-04-07,0.0003415363236241318,2.614066688494171e-05,1.6754590068130133e-05,0.0,1.9735685888226945e-05,8.057778942230705e-06,0.9440339123415079,1.3047818774852518,-0.04892498480950519,0.0002708476018406023
2010-04-08,-0.00029329084918611306,2.32731675680181e-05,1.0013441248147716e-05,0.0,1.6462582855274843e-05,6.239269120075583e-06,0.611758115831743,0.9981279696979294,-0.05006924247476832,-0.0003492793099776293
2010-04-09,0.001951392892060455,3.4111847018405636e-05,1.724865508176734e-05,0.0,3.5369701775500395e-05,7.960870322399439e-06,0.9532834289102153,1.287936600682139,-0.049489613480966976,0.001856701817862382
2010-04-12,-0.001862239092193911,2.0824060487913092e-05,9.428254930040023e-06,0.0,1.7040141076557384e-05,5.568790858406267e-06,0.5895416692393065,0.8847837286987599,-0.05077313551349266,-0.0019151003395468278
2010-04-13,0.0011947196215103205,2.7726517574867464e-05,1.1912457199635312e-05,0.0,1.5464898501244482e-05,4.0135619002090124e-06,0.7986316559904343,0.6240398178994685,-0.05023858133564586,0.0011356021863343643
2010-04-14,0.0024643847043866723,1.9807756738154838e-05,9.279914348264138e-06,0.0,1.7211022374631104e-05,4.867430967991963e-06,0.4741895102605387,0.7681338090095787,-0.04959459361307138,0.00241321857995763
2010-04-15,-0.0006895503228493584,2.010054916303011e-05,1.0693947602772394e-05,0.0,1.969636889305323e-05,6.2229775067297366e-06,0.6140380450945506,0.9947971308181357,-0.0506630903124603,-0.0007462641660149438
2010-04-16,0.002313407546440945,3.6967130247040496e-05,1.789050224772966e-05,0.0,2.8418472440780614e-05,6.363626546832378e-06,1.2514778869934997,1.1221382872207917,0.05304902735295247,0.0022237678149585618
2010-04-19,0.0006906430634939588,4.6203108488449274e-05,2.949263144119639e-05,0.0,3.202528383164932e-05,8.586309840014902e-06,1.5384388850714985,1.3936111470965575,-0.048888906025945256,0.000574335729892649
2010-04-20,-0.0013954004927874972,2.6999727624027792e-05,1.1856965555818306e-05,0.0,1.799175071556084e-05,5.287411497771614e-06,0.779702448166899,0.8379544336156151,-0.05033069801001597,-0.0014575363481806759
2010-04-21,0.00031389302354960474,1.2756239921548435e-05,5.842247298845126e-06,0.0,8.210902838404946e-06,4.973529560001552e-06,0.3402590272085458,0.7869605071640505,-0.04859245891621014,0.0002821101039308047
2010-04-22,0.001244174051388559,2.6105800321815176e-05,1.3674707252506151e-05,0.0,2.4475880960768424e-05,5.943226264667119e-06,0.9143449605281895,0.9495757282615682,-0.04888628420250771,0.0011739744365888022
2010-04-23,0.002418808483413219,3.67724463562637e-05,2.499206649612432e-05,0.0,2.6693473837734064e-05,8.357940190886176e-06,1.377612638849116,1.351350178159479,-0.05278377390939859,0.0023219925565322107
2010-04-26,0.0039193190854698925,2.39003436654977e-05,1.3727806868027418e-05,0.0,1.6953654737761713e-05,5.353743786333183e-06,0.9116265954366172,0.8499552757721016,-0.0494736803318728,0.0038593835364122723
2010-04-27,0.0019973814429363242,4.194435934790812e-05,1.9528858898126758e-05,0.0,2.946984607156627e-05,7.94406907198218e-06,1.4186818289918475,1.3837983539354148,0.049194749842408236,0.0018984943095467408
2010-04-28,-4.538089510168922e-05,1.91812114146908e-05,1.0208475043138807e-05,0.0,1.2640181712104239e-05,6.629323951899561e-06,0.6028273518226128,1.1648747508808805,0.05114832696175453,-9.404008722352264e-05
2010-04-29,0.004563195258317853,3.123802417132331e-05,1.740854067629675e-05,0.0,2.4267426505576428e-05,4.835004132216266e-06,0.8404419094392297,0.786336447795076,-0.025944246417256886,0.00448544626283244
2010-04-30,0.0013097839180220136,3.2117922888953326e-05,1.3620802168493965e-05,0.0,2.5215382265452712e-05,6.234243722636532e-06,0.9000346692564529,1.0985855819375214,0.051232636534583764,0.001232595566976477
2010-05-03,0.0028106044673629083,1.888554662542206e-05,1.2639089983358196e-05,0.0,1.6932626798444114e-05,5.030820811975449e-06,0.6362380542114272,0.7973239748712996,-0.04785392154057605,0.0027571163831437086
2010-05-04,0.005084545410240925,4.197793683653412e-05,2.6302441128872305e-05,0.0,2.8343888624416346e-05,9.161192025771053e-06,1.4484690335233887,1.4899396752866079,-0.04914058504292956,0.004978759951625331
2010-05-05,0.001937361111004622,2.3120785111820742e-05,9.484482919562606e-06,0.0,1.517190504315105e-05,7.674750694747321e-06,0.5287495483782658,1.2414705200509393,-0.047887596666610244,0.0018819091872353403
2010-05-06,0.003717755137210142,2.9675990457483326e-05,1.0789826458396952e-05,0.0,2.1164277672134047e-05,5.703478908661742e-06,0.7526381589097281,1.0069283785371486,0.048743921881976016,0.0036504215637134657
2010-05-07,-0.0012572956020462276,1.7959825350330383e-05,6.895851360543061e-06,0.0,1.1100322277190522e-05,5.4043282039899715e-06,0.4124912513972069,0.9620104720502298,0.05408333377991473,-0.0012986559292382815
2010-05-10,0.0027081354679780725,4.2035655998959316e-05,2.7591490340744462e-05,0.0,3.3936206809572656e-05,1.1223835004100232e-05,1.4596840697714528,1.8420171060056032,-0.043587174683235363,0.0025933482798246956
2010-05-11,0.0037331075917159907,4.242582109616032e-05,2.2475390902396357e-05,0.0,3.346426919643633e-05,4.53731714337398e-06,1.628245263065697,0.8138943012274883,0.051625021140659665,0.0036302047933776237
2010-05-12,0.0008071140672193033,1.7734200888599385e-05,9.857567004430997e-06,0.0,1.359163218256121e-05,4.241728318662961e-06,0.46531501914621765,0.6634341569279841,-0.0491762006073934,0.0007616889388250488
2010-05-13,0.00020658484323267954,1.4086613042715125e-05,5.750031309190746e-06,0.0,8.452773660060844e-06,3.06265548407818e-06,0.37332443122213244,0.5124716655386526,-0.00205445578648193,0.00017523276973663464
2010-05-14,0.000795386689922853,1.8208777046560457e-05,9.600109276017772e-06,0.0,8.604690163822877e-06,3.952248048177671e-06,0.5000627958003224,0.616803211738728,-0.047174460355120656,0.0007550208653882743
2010-05-17,0.0016647054395871475,1.727987049839016e-05,8.817726538996365e-06,0.0,1.0660439661399358e-05,4.732035232241756e-06,0.488173488788438,0.7466985936199722,-0.04828332539664293,0.0016232153676561199
2010-05-18,0.0016503262236583923,1.8484822378160048e-05,7.523421853261213e-06,0.0,1.006830110438371e-05,2.8110782818757583e-06,0.602005569595778,0.5241700003539554,0.051908848998828014,0.0016114386000407115
2010-05-19,-0.0012641822758270903,1.5915435760716074e-05,6.8782634485713375e-06,0.0,8.110770452690474e-06,2.98908141839877e-06,0.4364626585346073,0.5529157970757407,0.050750118784747306,-0.001298075826907467
2010-05-20,-0.0028613718229252363,2.013307279733611e-05,7.799143856147874e-06,0.0,1.1248988825575574e-05,4.065123240116481e-06,0.49013402430903386,0.7357619819400032,0.05282127760043398,-0.002904618151644412
2010-05-21,0.00203662671757261,3.236856554162e-05,2.143947410805447e-05,0.0,2.0744551898785936e-05,5.732661442926784e-06,1.0768287575210742,0.9154461957499014,-0.04764092666179859,0.0019563414645812228
2010-05-24,0.002383065095367156,3.056138886639313e-05,1.2026965536036315e-05,0.0,1.478881573104187e-05,4.122061351542811e-06,0.838380015591727,0.7445780298696952,0.05207172281050272,0.002321565863882142
2010-05-25,-0.0014794646130833764,1.961442845323837e-05,1.0445343111462345e-05,0.0,1.007238825779322e-05,3.5636296620594366e-06,0.5200782771550285,0.6286019148106846,0.02991213158469945,-0.0015231604025679297
2010-05-26,-0.0007308852536228139,2.3702984538323895e-05,1.1198612682050505e-05,0.0,1.2567510395075144e-05,4.4317524575053774e-06,0.7745340783975325,0.7944374345367669,0.049903021675863635,-0.0007827861136957688
2010-05-27,0.0012697515137401999,2.7640550282760202e-05,1.82591700303514e-05,0.0,1.677178340627655e-05,4.780380917763688e-06,0.9137819161005886,0.7571141781075522,-0.045989816076747264,0.001202299629103048
2010-05-28,0.0016855585667879995,3.0390762321043905e-05,1.2932587360522572e-05,0.0,1.7692576298965197e-05,5.670646559656147e-06,0.958684946198503,1.0043068094889294,0.05163818746669688,0.0016188719942478117
2010-06-01,-0.002876984064010221,2.2661429473539524e-05,8.323875905969002e-06,0.0,1.2516864889225713e-05,4.270388844883819e-06,0.4571370631633737,0.7681922494728615,0.050766923532380104,-0.002924756623123839
2010-06-02,0.0015697136602099155,2.664824179206715e-05,1.7881763638388676e-05,0.0,1.5976210744532964e-05,5.004933093477004e-06,0.9080492763416238,0.8062964253353835,-0.03453233436875369,0.0015042025109414498
2010-06-03,-0.0003985386326435501,1.2721013999113803e-05,5.972814318568e-06,0.0,7.501917482121114e-06,3.0458322860537736e-06,0.3726157732991188,0.485524936350635,-0.026174887706399346,-0.0004277802107294068
2010-06-04,-0.00031322492125946576,1.1135708106984713e-05,5.074360034106107e-06,0.0,7.016224872764379e-06,2.5404258639326093e-06,0.23739673047553136,0.38022264673175915,-0.04656889840891936,-0.00033899164013725356
2010-06-07,0.0011716709511683588,9.657640201763153e-06,3.1144452966804336e-06,0.0,5.656578478169337e-06,2.3535498721359124e-06,0.22593505904287609,0.4201523253135867,0.024755946794753354,0.00115088873731961
2010-06-08,-0.0008911080002040395,1.093049538474163e-05,4.4200315650840215e-06,0.0,5.574806629874971e-06,1.989670595919794e-06,0.24059447454916838,0.3405250254478436,0.006260365333318363,-0.00091402300437966
2010-06-09,-0.00026220059405115677,9.050529874607112e-06,3.919200520521912e-06,0.0,4.195214882135332e-06,1.9953996013410435e-06,0.1773972571737311,0.2940402553703382,-0.04118687765495719,-0.00028136093892976215
2010-06-10,-0.0016786490198518692,7.602939026727999e-06,4.339557036114814e-06,0.0,5.181214030324777e-06,2.34805183773018e-06,0.23788878805040245,0.3451324646252522,-0.04934024411341803,-0.001698120781782767
2010-06-11,-0.0002523595000979505,1.4452292193141798e-05,7.586269488442641e-06,0.0,8.537192640801011e-06,3.541898482673631e-06,0.3768651310651213,0.5447241412646127,-0.05031480382455755,-0.0002864771529030096
2010-06-14,-0.0012489169421265728,1.6362315390321007e-05,9.176095223641145e-06,0.0,8.658148187542851e-06,3.2620715900394964e-06,0.64778481054303,0.49796716886352144,-0.05006085826311392,-0.0012863755725181173
2010-06-15,-0.0005308989522705022,8.814501485465901e-06,4.600105606243443e-06,0.0,4.245238774815832e-06,2.343730239017532e-06,0.2645837854644063,0.34360005011503963,-0.05014663003990573,-0.0005509025283760449
2010-06-16,0.000746627336826454,7.568532765731835e-06,3.7543840769281366e-06,0.0,3.316589944419799e-06,2.024139766450208e-06,0.20191679398549,0.29034058591251805,-0.04971489485111706,0.000729963690272924
2010-06-17,-0.0004962077153193102,2.065947058835204e-05,1.284185339857266e-05,0.0,1.2502560840300028e-05,4.766482417020107e-06,0.712514500268826,0.7508661170825928,-0.04990292897678489,-0.000546978082563555
2010-06-18,6.870160836917492e-05,6.840217238842633e-06,3.45575624374948e-06,0.0,3.870671824474497e-06,3.726376812238774e-06,0.21971056949959955,0.5756907358424228,-0.050340568613691794,5.080858624986954e-05
2010-06-21,0.00034496652757606513,1.5858005114315004e-05,8.436975466240479e-06,0.0,8.385172726771784e-06,5.079032368096967e-06,0.4695491462558188,0.8038998405155986,-0.049377597324691436,0.00030720734190064087
2010-06-22,0.002490689939343731,1.214739346081768e-05,5.451409173832136e-06,0.0,5.585233188058006e-06,3.686953456154528e-06,0.3760596140131076,0.5733753664317781,-0.04603281420218239,0.002463818950064869
2010-06-23,4.038753104502858e-05,7.369385598390112e-06,2.0162067391784845e-06,0.0,4.854062439638272e-06,2.626425130916343e-06,0.19477504172168078,0.4816012518543466,0.04036182986040092,2.352145113690537e-05
2010-06-24,-0.001304274351851889,6.658072051508468e-06,3.1641057757307715e-06,0.0,3.165979702777597e-06,1.8979064225278977e-06,0.22589844680459947,0.37227131350096676,0.05342303451627983,-0.0013191604158044336
2010-06-25,0.0005490600177090802,1.4330364163514878e-05,6.3168536058749975e-06,0.0,7.976863861048627e-06,2.065289558291339e-06,0.38904911096196637,0.3985976385534756,0.05162899276053072,0.0005183706465203504
2010-06-28,0.0012397718331351587,1.6426555552494773e-05,7.66660754818577e-06,0.0,8.498154106925702e-06,2.9362507195372495e-06,0.4882506505526052,0.5443234687515582,0.05103334786930025,0.0012042442652080152
2010-06-29,-0.003735579645730592,1.7086843167869575e-05,1.0811400205369677e-05,0.0,1.0188616387810826e-05,3.157748620424813e-06,0.5814140523203866,0.5673976989194959,0.03689593068812708,-0.0037768242541120667
2010-06-30,-0.0010991087678179643,9.219670370682027e-06,5.196448792739449e-06,0.0,6.786091746634468e-06,3.133898628310127e-06,0.2648395213777309,0.5463657931987408,0.0198708236426397,-0.0011234448773563303
2010-07-01,-0.0012601586786490885,5.930382132050297e-06,2.5083141218503297e-06,0.0,2.2609136282281675e-06,2.5853470580444767e-06,0.1407515755819687,0.44597623300034983,0.011637927248877578,-0.0012734436355892617
2010-07-02,-0.0009355417580280066,2.275538403530895e-05,9.26613887052883e-06,0.0,1.2508177050608994e-05,3.174938074883111e-06,0.6736325030197348,0.582312190078397,0.04892259349803421,-0.0009832463960593365
2010-07-06,-0.0003365478047277617,1.0419970278714202e-05,6.41800428940633e-06,0.0,5.6085892242237885e-06,2.1773359510053867e-06,0.3563339479788447,0.41604917093064475,0.050256731161739926,-0.0003611717044711114
2010-07-07,0.0028149581329185284,1.0536766045808818e-05,5.748859795975851e-06,0.0,5.434463958482361e-06,2.1332653895539368e-06,0.23079629222939838,0.3312655053949712,-0.02712308005009043,0.0027911047777287074
2010-07-08,-0.0004692760830289816,5.171750031531593e-06,1.7975798511633956e-06,0.0,2.6281811507330106e-06,1.4807209199692346e-06,0.13089686983350635,0.2619034602772209,0.0131423457223894,-0.00048035431498237883
2010-07-09,-6.441854470209423e-05,4.865602293765387e-06,2.536213306626189e-06,0.0,2.6253485643116887e-06,1.3778542741588118e-06,0.11262574927804153,0.20771938193379658,-0.02376013612488386,-7.582356314095631e-05
2010-07-12,3.667407683745088e-05,4.200342784692607e-06,1.936239756267633e-06,0.0,2.183628094693077e-06,1.404869980326519e-06,0.07162645536119146,0.18684255722521242,-0.04917559946964268,2.6948996221471046e-05
2010-07-13,-0.0008702169215958984,1.2235039036360049e-05,4.70231789885772e-06,0.0,7.4208327274659604e-06,2.7162217643418054e-06,0.40410853588656914,0.5065139840957833,0.05018872768635996,-0.000897291333022924
2010-07-14,-0.0010895128824454413,1.90564926612883e-05,1.2282403950883736e-05,0.0,8.934003602335162e-06,3.253986988351842e-06,0.5811903955739869,0.4961271390791045,-0.0505426749640045,-0.0011330397696483004
2010-07-15,0.0002482413369428515,9.835741071028864e-06,4.273276449641907e-06,0.0,5.099204083744981e-06,2.7963240140638497e-06,0.23688704296674187,0.4192104421736838,-0.05057199218904271,0.0002262367913243719
2010-07-16,0.001771377019554877,1.1742043311311625e-05,4.299041442754918e-06,0.0,6.77640676656071e-06,2.034896740428303e-06,0.3144282020380771,0.3328927643986676,-0.008969887993287493,0.0017465246312938214
2010-07-19,-0.0002167018716836574,6.931763661074777e-06,3.4732587748195662e-06,0.0,3.8779178071187765e-06,1.952749765101713e-06,0.14833615650292112,0.27919290811835057,-0.04886905241873726,-0.00023293756169177223
2010-07-20,-0.0004948035336228112,9.412377527526389e-06,3.822527447804607e-06,0.0,4.9677634877102315e-06,1.782498812520765e-06,0.20828143598103033,0.24984777401759214,-0.049612026485896354,-0.0005147887008983733
2010-07-21,0.0010235107400536963,7.6278858629192925e-06,2.9442818122359758e-06,0.0,4.846276008075828e-06,1.68229636053871e-06,0.15930493860191255,0.23310099664387332,-0.049524791926629855,0.0010064100000099264
2010-07-22,-0.0010505797495813265,7.290066028586345e-06,3.478449359061367e-06,0.0,4.233616435790489e-06,1.865891521433883e-06,0.19346789502472578,0.2636020908950579,-0.0498676847058345,-0.0010674477729261985
2010-07-23,-0.001016072354958537,6.345288309501015e-06,3.7453245966383145e-06,0.0,6.932515275590602e-06,2.4120526802693557e-06,0.21735564416052183,0.35559649241482616,-0.04962835787042595,-0.0010355075358205363
2010-07-26,-0.0004886472613847942,6.025718323247274e-06,2.9428996860313577e-06,0.0,3.566476171693073e-06,1.939984375034005e-06,0.16965022825989473,0.2761085600597589,-0.04980881494595388,-0.0005031223399407998
2010-07-27,0.0010835626131715827,3.5773031410273696e-06,2.0441997692973346e-06,0.0,1.7444844296296273e-06,1.4671061468102054e-06,0.12758458138564993,0.19694732333502718,-0.0495265093290872,0.0010747295196848181
2010-07-28,0.0014370587744146179,5.117169542081493e-06,2.33531731915911e-06,0.0,3.7871988266299173e-06,1.36208663204314e-06,0.14531809280735053,0.17985960913326088,-0.04897094504998664,0.0014244570020947043
2010-07-29,-1.7621722025331853e-05,8.832063298323859e-06,1.8649366935607321e-06,0.0,7.63301226678994e-06,8.793455100045712e-07,0.19182521378501233,0.19873127693284245,0.05100123125207453,-3.683107979401096e-05
2010-07-30,0.0001803918808081975,1.1665860848940301e-05,5.901213261636645e-06,0.0,7.3927925654369815e-06,2.5693762937344354e-06,0.40361056980824184,0.48203432131387436,0.05037910396648909,0.00015286263783844913
2010-08-02,0.0006127636193403246,5.692975495739422e-06,2.9466994104987955e-06,0.0,3.2176126996766653e-06,2.0559041517550058e-06,0.1566295672925888,0.3978001293088993,0.052408231814058265,0.0005988504275826547
2010-08-03,-0.0005778546188046053,5.436643985008764e-06,2.572888310676318e-06,0.0,2.359776256799711e-06,1.4028150726886382e-06,0.1393794989568265,0.28651393078841514,0.0508409985767239,-0.0005896267424297787
2010-08-04,0.00012511821432770873,5.549374395881374e-06,2.953224585059676e-06,0.0,3.4365834870059747e-06,1.0404767646972358e-06,0.1579654633461226,0.22575895318214154,0.05095885671300589,0.00011213855509506447
2010-08-05,-0.0003174641641185966,6.83789427323735e-06,3.6499943489318e-06,0.0,4.31172544643944e-06,8.000399691166305e-07,0.16244470480776235,0.16603289004058724,0.031626175228993254,-0.0003330638181563218
2010-08-06,-0.0009288030464803374,7.1172675625197296e-06,3.6285930240650818e-06,0.0,3.642456435847351e-06,1.5828449926511964e-06,0.14367412975379368,0.22719905219363742,-0.03871890657176365,-0.0009447742084954208
2010-08-09,4.5923738456423534e-05,5.367917328633705e-06,1.7003310470871655e-06,0.0,3.684736614629458e-06,1.4130272531821211e-06,0.12310467829630148,0.23010337098036376,-0.007285207554232544,3.375772621289109e-05
2010-08-10,-0.0008958721142703365,1.424785116361718e-05,6.64097464603432e-06,0.0,1.1044896472854754e-05,3.48369761794847e-06,0.49398634339333414,0.6351784050102551,0.04991720519491233,-0.0009312895341707912
2010-08-11,-0.0019045491229858482,1.321098253839277e-05,6.051988848540177e-06,0.0,9.495104378103952e-06,2.631722220549861e-06,0.33162044687832426,0.48874550698457214,0.04661617393219544,-0.001935938920971435
2010-08-12,-0.0005171568411011614,1.327799055857923e-05,7.048933906117433e-06,0.0,6.237963513417693e-06,1.9057632869149564e-06,0.3647013321774001,0.3686247418300256,0.048456509628313,-0.0005456274923661907
2010-08-13,0.00036132055035500266,8.950893963004924e-06,4.245631727119226e-06,0.0,5.3229091297556905e-06,1.8193878304208854e-06,0.2525968775413546,0.3543312856868581,0.04867413017614941,0.0003409817277047019
2010-08-16,0.0005058366221137493,7.0850998729998145e-06,3.081730431461277e-06,0.0,5.082750294782908e-06,1.2970270899739237e-06,0.1660977281124535,0.267008238281247,0.049107687165627786,0.0004892900144245313
2010-08-17,0.0012469202106025375,2.069095513279418e-05,9.782160791146879e-06,0.0,1.2559014731921417e-05,4.032536030416173e-06,0.6643903584297296,0.7278588587651356,0.050392805655218476,0.001199855543916259
2010-08-18,0.0008880501931938015,1.3951566148706328e-05,4.7547876027907e-06,0.0,8.613882102303394e-06,3.7896097255940692e-06,0.2564431289749518,0.6875060154034394,0.05085158150363561,0.000856940347614407
2010-08-19,-0.0011121527963600787,1.484572757383156e-05,7.756953093090087e-06,0.0,7.773736667662616e-06,2.2087658402649944e-06,0.3727429666287262,0.41969236667392223,0.048619705509403185,-0.001144737979534928
2010-08-20,0.0004357789648483659,8.114372366161877e-06,3.887892324189015e-06,0.0,3.572162123300354e-06,1.4659865852955738e-06,0.2060661321677561,0.29639017811866686,0.05010443178901064,0.0004187385514494191
2010-08-23,0.000675969330135171,4.432137824289868e-06,2.13137005699588e-06,0.0,2.7170159005070645e-06,1.0978851609274929e-06,0.1235673021937299,0.23511391348464247,0.05066920644882371,0.0006655909211924507
2010-08-24,-0.0008760454715070642,9.282911078120091e-06,4.801327067021612e-06,0.0,7.6253546709251344e-06,2.632108478523281e-06,0.32834351041084453,0.4921036844184123,0.04990946002650104,-0.0009003871728016543
2010-08-25,0.0006656917156157906,1.2182901609661926e-05,4.4932049988697615e-06,0.0,8.337774606980929e-06,2.4886752451067332e-06,0.2451664268293124,0.46829244634847544,0.05019500517054423,0.0006381891591551713
2010-08-26,-0.0004680721975654084,1.9731625176413308e-05,7.595987887349463e-06,0.0,8.260323654811836e-06,4.164901489674659e-06,0.48870591572944305,0.7496322314071269,0.049928781141784284,-0.0005078250357736576
2010-08-27,0.003882889037530358,1.052969175080889e-05,6.136896095549543e-06,0.0,6.7275736925681885e-06,3.2379679703852143e-06,0.32798817369639754,0.5992908692426029,0.05531225021788716,0.0038562569080210466
2010-08-30,-0.0020055326652258735,1.593822128657623e-05,6.334888963630548e-06,0.0,7.2219031979563424e-06,4.1702055026958665e-06,0.376663507043414,0.7516412539977322,0.051046729544826586,-0.0020391978841767327
2010-08-31,3.789373241607424e-05,1.9312766480025016e-05,1.216724364714851e-05,0.0,9.798297004011408e-06,2.169778353325189e-06,0.6485435711319598,0.41472391243901796,0.05020114908038639,-5.554353068435885e-06
2010-09-01,0.002781677507216922,1.2643734509911436e-05,6.35134225433301e-06,0.0,5.986180158189477e-06,2.5889844313642344e-06,0.3112191290908348,0.4857567694157448,0.05080738494655305,0.0027541072658631236
2010-09-02,0.0020056435572281253,1.2209180083490047e-05,6.048578511923419e-06,0.0,5.795280865276513e-06,2.2090709011410542e-06,0.2828176328228148,0.3553729576186795,-0.01575095377301762,0.001979381446866294
2010-09-03,-0.00025177425223465115,6.8585040851011094e-06,3.359774798270289e-06,0.0,3.6538903315765606e-06,1.9963952656042828e-06,0.18021183621180345,0.2874195994102585,-0.04797480521126105,-0.0002676428167152034
2010-09-07,0.0003818611911002524,1.4028949651967498e-05,5.046906630881708e-06,0.0,7.175816437282721e-06,2.6381423996024784e-06,0.42420966275075067,0.4834636393122566,0.040255716179040224,0.00035297137598051803
2010-09-08,0.0015306206831156959,9.107107777893255e-06,5.117787175020666e-06,0.0,5.033016683247525e-06,2.954980075885514e-06,0.19931387100055792,0.451918190837461,-0.04451846191130532,0.0015084077914036488
2010-09-09,-0.0006090510593819824,1.3241273103199266e-05,3.0972433470587337e-06,0.0,5.740552220510763e-06,2.7754901898658767e-06,0.25607198662806363,0.5149032043386227,0.04862085244115527,-0.0006339056182426171
2010-09-10,6.732143879637113e-05,7.350037460950926e-06,4.645280144665496e-06,0.0,3.056300399338044e-06,3.541285055552154e-06,0.19901001183612038,0.5519321512657387,-0.043003738067023234,4.8728535735864517e-05
2010-09-13,7.404236270592464e-05,9.11632753724157e-06,3.5707290032464678e-06,0.0,4.487717948215687e-06,4.124419714597847e-06,0.2032140230732756,0.6470460209047407,-0.04585649114769769,5.274316850262307e-05
2010-09-14,0.0009590942604892745,1.5255639831853692e-05,5.573476275899548e-06,0.0,7.810580613494842e-06,4.415857999444604e-06,0.2966408370145868,0.6937671109657215,-0.048097032940971896,0.0009260387057685818
2010-09-15,-0.00011083349026529181,7.956531316340664e-06,4.987915164006502e-06,0.0,3.0975847811401623e-06,3.4982424473110493e-06,0.27179392157622284,0.5391481580563493,-0.04855657309190703,-0.0001303737639740902
2010-09-16,-0.0008841349245748776,8.730926488931057e-06,3.6330010855743195e-06,0.0,5.030382187746055e-06,3.105632786310104e-06,0.1924064579263455,0.47255710997934774,-0.04918919812074979,-0.0009046348671234391
2010-09-17,-0.0006192473221588349,8.752418770316296e-06,3.3859940786750105e-06,0.0,4.65882558579638e-06,3.304102913444413e-06,0.1864492460421822,0.505560728832835,-0.0495285606258265,-0.0006393486635070671
2010-09-20,-0.00011245637007745735,9.906576586301651e-06,4.552980572011146e-06,0.0,5.041323224672837e-06,3.708674170387516e-06,0.2625427373224132,0.5740233332395583,-0.04903392738554416,-0.0001356659246308305
2010-09-21,0.0001433399321708655,1.2648152697785177e-05,4.514503228294493e-06,0.0,6.277222220689587e-06,3.4277817290565934e-06,0.2434784391497462,0.5577771246253577,-0.018090205856149927,0.00011647227229503966
2010-09-22,-5.729565574382597e-05,1.1292154404066653e-05,4.710993654361163e-06,0.0,7.010512106605603e-06,2.8747428425559322e-06,0.30186766836682166,0.5004469090170073,0.01749011146761062,-8.318405875141534e-05
2010-09-23,-0.0005392860516178605,2.1047875461293527e-05,1.2869489403785874e-05,0.0,8.997469429260592e-06,3.2466617795566795e-06,0.7041335233543737,0.5957145242691384,0.05027534530361613,-0.0005854475476917572
2010-09-24,0.00010299926692721565,1.469648698805512e-05,6.509170584293417e-06,0.0,6.996228431203852e-06,3.7123201246192253e-06,0.324986536661119,0.6553383328731693,0.03166855193713958,7.108506079904404e-05
2010-09-27,0.0009690099794945975,2.1820667582975646e-05,9.606577012577093e-06,0.0,9.138238673593267e-06,2.130630828194482e-06,0.6631228787922392,0.4078518549876613,0.04990587585098885,0.000926313865397257
2010-09-28,9.619190285458575e-05,1.4085424119333184e-05,7.381440394299221e-06,0.0,6.798261363207189e-06,2.4089569697458407e-06,0.31137736025422436,0.3548015034255194,-0.04990326749178197,6.551782000800032e-05
2010-09-29,0.0007451374792250663,1.7198987631429554e-05,1.0815009012579173e-05,0.0,7.18022920804846e-06,4.404851894647375e-06,0.5933171802057289,0.690387107311213,-0.04962801098954556,0.0007055384014783618
2010-09-30,0.00038636755957391155,1.964919745575101e-05,8.38070152483802e-06,0.0,1.1831390821461847e-05,2.3943680143603813e-06,0.6637253454160114,0.4522653730647423,0.050011546652197994,0.0003441119017575003
2010-10-01,-0.00047224542250603855,8.71578710008431e-06,3.6784472442839768e-06,0.0,4.921437557278473e-06,2.0562139628017408e-06,0.2113757187694367,0.395826450204275,0.050382504453582576,-0.0004916173083704871
2010-10-04,-0.0003224400016258085,1.2797162087535906e-05,7.764297958768654e-06,0.0,8.420229730291106e-06,2.732410796761756e-06,0.3457320337335873,0.41256535257111526,-0.046479661284859385,-0.00035415410219916593
2010-10-05,-0.0026730632252523413,1.3459108722295714e-05,4.9067030020655795e-06,0.0,7.82755528025895e-06,1.9610119358751076e-06,0.35241524317348294,0.34487311557232464,0.015423110345306648,-0.0027012176041928365
2010-10-06,-0.0008620959195311609,1.0921132971485186e-05,7.108073468919217e-06,0.0,6.43628994935554e-06,2.682072088262274e-06,0.3465770810415465,0.3999463951669208,-0.05064171566114145,-0.000889243488009183
2010-10-07,0.0008039200935247176,7.986117818237725e-06,3.257776061889025e-06,0.0,3.819427906025618e-06,2.086166499321922e-06,0.25818391724707207,0.3427260505263702,-0.0077499213597124975,0.0007867706052392433
2010-10-08,0.00032761464970031373,1.6200844759075365e-05,6.671336761522865e-06,0.0,9.3169632354218e-06,2.7303266894047476e-06,0.47402637457631636,0.5085738045823838,0.049878920762386175,0.000292695178254889
2010-10-11,-0.0006031443399695033,1.5272002352150666e-05,9.944806325763804e-06,0.0,9.90375048033261e-06,2.4036202399398394e-06,0.4956155716546369,0.40031502507682126,-0.003493175233071872,-0.0006406685193676902
2010-10-12,-0.00010133506107024275,1.1849039696863689e-05,6.016685219945872e-06,0.0,7.140582404170822e-06,2.5979664265648163e-06,0.3947398509978934,0.43617573663483655,-0.0002826230280524311,-0.00012893933481778795
2010-10-13,-9.517891919067226e-06,1.4022342523407479e-05,6.610183128020544e-06,0.0,6.005695854104486e-06,4.08459563096467e-06,0.4561373752278566,0.7050615065248302,0.01884944052276566,-4.0240709055564406e-05
2010-10-14,0.0004269679740690838,1.2236891491164843e-05,8.133703619214286e-06,0.0,6.0587647821486025e-06,3.454118805598586e-06,0.3965988124900211,0.5301409537275676,-0.05015100561299522,0.0003970844953709575
2010-10-15,0.00012503711841069592,9.799316691160187e-06,5.425237234180439e-06,0.0,4.7959856439690455e-06,2.5775848494198824e-06,0.30364835014093794,0.3826987032233287,-0.050335551479211794,0.00010243899399196637
2010-10-18,-0.0007894739799142757,7.819668071934734e-06,3.832233345767505e-06,0.0,3.2885156079678905e-06,2.5897372510787627e-06,0.2307849237569246,0.39098612406237476,-0.044089734118857235,-0.0008070041341910246
2010-10-19,0.0009387010936832451,1.2915239363032522e-05,7.364494596628637e-06,0.0,5.025587198295546e-06,2.61795002210076e-06,0.3983702806278378,0.3887851926989042,-0.051030411014023544,0.0009107778225031876
2010-10-20,-0.0007864471166163691,9.91906088681718e-06,4.960320111521403e-06,0.0,3.530810565206925e-06,1.91013738720868e-06,0.3162433837307552,0.2707377512438806,-0.050165329807177514,-0.0008067674455671234
2010-10-21,0.0004317643062750016,9.911371680969846e-06,3.7752242990780554e-06,0.0,4.537902413517425e-06,1.880442101154761e-06,0.2137882934398861,0.2655810876732226,-0.05033318532077722,0.00041165936578028154
2010-10-22,-0.0001665964437653271,8.693810032729059e-06,3.93447473253152e-06,0.0,3.8684590658241685e-06,1.927593675099832e-06,0.20211986429040205,0.27367402967882637,-0.05016170773794541,-0.0001850207812715117
2010-10-25,-0.0005437942110833078,2.0172165379079286e-05,1.0411864895578172e-05,0.0,1.0648766767063e-05,5.033274491767477e-06,0.7287326322386478,0.7953158993182423,-0.05027421529869386,-0.0005900602826167957
2010-10-26,0.00013578563987505648,1.0777850135109762e-05,6.190161069602091e-06,0.0,5.706415624310844e-06,3.669601088398027e-06,0.34760106689846054,0.5663843001389801,-0.050108682711888175,0.00010944161195763575
2010-10-27,-0.0011642710218612597,2.171866884691721e-05,1.2787925396262918e-05,0.0,1.1287918991569098e-05,3.791013520485902e-06,0.6711273887613867,0.5860525389091912,-0.05083773253244034,-0.0012138565486164948
2010-10-28,0.0011447324644484212,1.4327017025820337e-05,5.6235011261697315e-06,0.0,7.780157352579883e-06,2.948487986276402e-06,0.29307929957528417,0.4634739820154221,-0.03187199967901351,0.0011140533009575749
2010-10-29,-0.0012668085647816027,1.5377947595150766e-05,6.0102901340706695e-06,0.0,9.709807122129272e-06,2.983109968872435e-06,0.46708874772531417,0.5497414791245538,0.04857900435398456,-0.0013008897196018258
2010-11-01,0.0003543793859597737,2.540235384928733e-05,1.6446506973427602e-05,0.0,1.4286470002123734e-05,5.9654813564467e-06,0.8417574520517279,0.9515741591837783,-0.05062670869926711,0.0002922785737784883
2010-11-02,-0.0008996989216139541,1.8965188977120142e-05,8.926083894754583e-06,0.0,9.112474577441954e-06,3.4506226179258454e-06,0.5688510850385802,0.5290903715938378,-0.05061422821770423,-0.0009401532916811967
2010-11-03,0.0012599803899723961,1.560902694817363e-05,8.621246229663887e-06,0.0,7.385182665190172e-06,3.920612381284783e-06,0.47334772394451224,0.6084154951661229,-0.05024738488972064,0.0012244443217480836
2010-11-04,-0.0017507409745727773,1.2271388828134553e-05,5.376115041617407e-06,0.0,6.0666162963325895e-06,2.8211751100552536e-06,0.3559875762360041,0.4229493662750839,-0.05100805221419881,-0.001777276269848917
2010-11-05,-0.0008935062880238664,1.1027377018359559e-05,6.193193907293766e-06,0.0,4.2002572921407954e-06,3.6964014947492273e-06,0.3345239418367344,0.5701188025983789,-0.05087664851949175,-0.0009186235177364098
2010-11-08,0.0005054170712948678,1.4570738353870357e-05,6.80039528742846e-06,0.0,5.745987985319709e-06,2.3919600323647582e-06,0.4772700731592945,0.3512385908411468,-0.05061069459613248,0.0004759079896358845
2010-11-09,0.00033978379504236476,1.94357680332063e-05,1.1519572858115127e-05,0.0,9.552478671187664e-06,4.194384689335075e-06,0.6149203144834661,0.6553609030173564,-0.0492957247909358,0.0002950815907905206
2010-11-10,-0.00013637976436558418,1.5424884912927643e-05,7.10689561820343e-06,0.0,1.154662020041995e-05,4.806336334488808e-06,0.3657273640823712,0.7575826649247446,-0.04988183926937567,-0.00017526450143162401
2010-11-11,-0.0005306273023007869,1.2718378258175298e-05,5.295179974631661e-06,0.0,6.762417280569017e-06,4.9866239593473665e-06,0.3081985230737425,0.788388526572295,-0.04936429859806252,-0.0005603899017735103
2010-11-12,0.0024829781995168864,1.00260863576056e-05,4.500418138796678e-06,0.0,4.771365821782381e-06,4.967558757582965e-06,0.24095507483568154,0.7873871749220327,-0.04716269635190551,0.002458712770441119
2010-11-15,-0.00017798967587080648,1.545920665000592e-05,5.64630629053709e-06,0.0,6.699530111293638e-06,3.3539664578989003e-06,0.47421433978214944,0.6144756659496091,0.051009301022593045,-0.00020914868538054202
2010-11-16,-0.0005353475365709732,1.775338275152785e-05,1.0071634638412071e-05,0.0,8.868111911755012e-06,5.090079317219682e-06,0.5409340699783551,0.9064219153846874,0.05128859009178083,-0.0005771307451898879
2010-11-17,0.0005401736007365326,1.7012771892176586e-05,8.058174650429123e-06,0.0,7.952499704536111e-06,4.005924257288995e-06,0.4732855000864901,0.6764467692233161,0.003451493998765154,0.0005031442302321018
2010-11-18,-0.0011071571242235734,1.1561093962377638e-05,4.280921146590831e-06,0.0,5.872759568705748e-06,2.9611215154252213e-06,0.2818115042630059,0.5459846316297952,0.04851621703835805,-0.0011318330204166728
2010-11-19,6.771202678106955e-05,1.2477460990765378e-05,6.404768575468311e-06,0.0,7.71911835514385e-06,3.651168253509697e-06,0.28970720803038197,0.5625491918939506,-0.05084707469567834,3.745951060618232e-05
2010-11-22,-0.0007728063199761622,1.424559481680165e-05,6.5181889487422455e-06,0.0,7.653927666568988e-06,2.9829881112904944e-06,0.4152283179750602,0.45023609228511063,-0.05090591041169241,-0.0008042070195195656
2010-11-23,0.0005188687422761402,1.413944640751937e-05,6.138706376652049e-06,0.0,6.284000344233454e-06,2.8897098977266724e-06,0.3891767205189653,0.5205307946095862,0.035059531791505144,0.0004894168792500086
2010-11-24,-4.7138420893187e-05,1.1572812967707602e-05,6.866141616188268e-06,0.0,8.311383570047742e-06,3.807804763051015e-06,0.31328251910392746,0.5930076151992774,-0.04670358499329336,-7.769656381018163e-05
2010-11-26,-0.0003497903174158745,6.9450825750626675e-06,2.1376604075524217e-06,0.0,3.0963398855089627e-06,2.371321589397104e-06,0.18206231167801457,0.4067014259360006,0.00831939891728714,-0.00036434072187339564
2010-11-29,0.00014061692774035688,8.020713865665073e-06,4.484635322906562e-06,0.0,4.013983748700294e-06,9.159506999600013e-07,0.267081811439591,0.13971109502927598,-0.014168622564004228,0.00012318164410312493
2010-11-30,-0.0003493432668121275,7.721734415197808e-06,1.8472013896690655e-06,0.0,2.6718543084602252e-06,4.018955702070439e-07,0.14561975380087958,0.1174589526109862,0.04994049681620276,-0.00036198595249566166
2010-12-01,0.0009932977408403819,9.728981290684498e-06,3.418831138422936e-06,0.0,3.37020995144022e-06,1.2678887933290027e-06,0.21777344449007224,0.26146446912157373,0.048459151842301304,0.0009755118296665052
2010-12-02,0.001423582585202902,4.693662457780978e-06,3.2249197592365374e-06,0.0,2.2963522695608448e-06,2.184817242069782e-06,0.14321448577640253,0.35633947203142907,-0.010709824636294267,0.001411182833474254
2010-12-03,-0.00012397630736534146,8.498848728792918e-06,4.13652828788432e-06,0.0,4.017757873741025e-06,2.2489752287440336e-06,0.1891490304066053,0.32880507565208567,-0.04902276277691212,-0.00014287841748450376
2010-12-06,0.00030069012919329495,2.2428757739957575e-05,1.0307434929725293e-05,0.0,1.1247402707692318e-05,4.950229755386263e-06,0.7377721832184545,0.8817079683482236,0.05006936944333146,0.0002517563040605335
2010-12-07,0.0008092510957358065,1.3140226232020313e-05,7.422175393186868e-06,0.0,6.217104376185018e-06,3.7868262758769777e-06,0.40891502091239584,0.6848756300886133,0.04868881574128106,0.0007786847634585374
2010-12-08,0.0005838317143528495,1.8994023447125783e-05,1.3276010225242697e-05,0.0,8.96874234044038e-06,3.6308860716340895e-06,0.650210628469556,0.5600915648865465,-0.049897295147980886,0.0005389620522684065
2010-12-09,0.0010777860800664193,1.2860166007938325e-05,5.4105081792447496e-06,0.0,6.5326597456497345e-06,2.6875477675634737e-06,0.32670432847279407,0.40167187849296226,-0.04983614645770139,0.001050295198366023
2010-12-10,-0.0011476014761983159,1.3959010847484308e-05,5.91972625665139e-06,0.0,6.337999419458002e-06,3.30455051707174e-06,0.3700034973254651,0.5049609116375668,-0.05020357523048542,-0.0011771227632389812
2010-12-13,2.992282297730116e-05,1.8460665788511734e-05,1.0283374035339202e-05,0.0,2.0313907578249154e-05,6.273233455615621e-06,0.7508037024828871,1.049870944401011,-0.004032276142413083,-2.5408357880414554e-05
2010-12-14,6.723158556982598e-05,2.1891101617280858e-05,1.5077542230581031e-05,0.0,9.827414681715506e-06,4.240707044734074e-06,0.8191358302972556,0.661669751577177,-0.05076903193814736,1.619481999551451e-05
2010-12-15,0.00014031910705303042,2.9930999418209642e-05,1.2250914198879277e-05,0.0,1.679822137691029e-05,6.650436341009651e-06,0.887077948387033,1.1674491476390738,0.050175842349452826,7.468853571802155e-05
2010-12-16,0.002416310351389501,2.1627629150721092e-05,1.2023826675926713e-05,0.0,1.2895908617847023e-05,5.5213969532743544e-06,0.6144230042545693,0.9217057363652952,-0.005888951784796481,0.0023642415899917317
2010-12-17,0.00016035487211058015,2.8037051456676464e-05,1.1553226830209122e-05,0.0,1.7755056091417046e-05,4.524105959141436e-06,0.6614688974559315,0.8110646780911807,0.05101487695541966,9.848543177313609e-05
2010-12-20,0.0009629090400512276,1.7453785309900676e-05,9.537253551364448e-06,0.0,8.93032942481478e-06,5.132961424797394e-06,0.4833215924837675,0.8132604535201062,-0.04907706584585653,0.0009218547103403503
2010-12-21,-0.0004391150860799334,1.4086937814034162e-05,6.386000026483362e-06,0.0,7.757954930337782e-06,5.772361151675212e-06,0.396002131447185,0.9356831489155772,-0.03407352456585844,-0.0004731183400024639
2010-12-22,-0.0008427196006506545,1.4695231041512212e-05,8.483860751278243e-06,0.0,6.94087181684034e-06,4.687336811530933e-06,0.4582362478891125,0.7368252636409982,-0.05064732069619832,-0.0008775269010718161
2010-12-23,0.0005239766863764132,1.144082629750658e-05,4.5466771672928675e-06,0.0,6.0149597299453726e-06,3.945688724415683e-06,0.25421143262287815,0.6132232539092798,-0.049652451792554994,0.0004980285344572526
2010-12-27,0.0001695909600117657,1.2748899398882717e-05,5.575548965546872e-06,0.0,1.2440629234414618e-05,4.296382069421863e-06,0.32744395242415203,0.6725690751848067,-0.049223112478066516,0.00013452950034349964
2010-12-28,-0.0005292124021679178,1.6833947522778666e-05,5.86526147652009e-06,0.0,1.1175918817212024e-05,4.670106696236381e-06,0.40524978857574745,0.8021726331438157,0.017594708176103507,-0.000567757636680665
2010-12-29,0.0007829654481792907,2.1174043431776412e-05,9.364366919145228e-06,0.0,1.3083830849242347e-05,5.3362431997147784e-06,0.6130291115267409,0.947212818352035,0.050723960799951895,0.0007340069637794119
2010-12-30,0.00047025607459914436,1.614323459854643e-05,7.5698495648223705e-06,0.0,9.818493008989374e-06,6.0461704873621295e-06,0.44969668895185844,1.0664029811822369,0.050646339305399024,0.00043067832693942403
2010-12-31,0.0005028080317196736,8.497636572982947e-06,5.441087906185769e-06,0.0,4.082074430480377e-06,4.261016259283029e-06,0.29950607163667164,0.7671881977019646,0.05133746614241602,0.00048052621655074153
2011-01-03,0.0010939346795799647,9.567986519184004e-06,6.589208141164782e-06,0.0,3.973499162464116e-06,2.09746341552183e-06,0.370502508048619,0.40474988175696613,0.05237602794929855,0.00107170652234163
2011-01-04,-0.0007025337520179235,1.7516477278196057e-05,9.989252694373029e-06,0.0,1.034295730364563e-05,1.711407765061444e-06,0.547154415273114,0.33825397366881943,0.050737469138496985,-0.0007420938470591997
2011-01-05,0.0004000529380238534,1.5241363805371613e-05,8.562021641848771e-06,0.0,1.049523624702411e-05,3.985252319239096e-06,0.40832538925873546,0.6207835573750182,-0.04873883225715002,0.00036176906401036977
2011-01-06,-0.0011834535296241688,1.0511383821961125e-05,5.738698064293323e-06,0.0,5.772985571753279e-06,5.461353860905913e-06,0.3123520723779335,0.8680470622552262,-0.049460386376967536,-0.0012109379509430826
2011-01-07,-0.00020071906460874064,2.6139512423161735e-05,1.1182070258143627e-05,0.0,1.8617819736081472e-05,5.9477954815598634e-06,0.585386345003336,0.9484225258844468,-0.05080711501761029,-0.0002626062625076873
2011-01-10,0.0015609853161791675,2.2039334059109544e-05,1.0454498614966615e-05,0.0,1.3759999957577827e-05,4.073198325949337e-06,0.641478756879892,0.6335183038727241,-0.05077901488676456,0.001510658285221564
2011-01-11,0.0004547129188475952,1.584122606701691e-05,7.5389825705216396e-06,0.0,1.1503048770220724e-05,4.063628321579747e-06,0.43410734781942456,0.6334798733067564,-0.04920968471864093,0.00041576603311825616
2011-01-12,-0.0010653134241741678,1.925435261231054e-05,1.063661072397508e-05,0.0,1.2462289751721389e-05,4.684222432452438e-06,0.6062533149142024,0.7375222704581069,-0.04942709819390256,-0.0011123508996946272
2011-01-13,0.00015596981889811864,1.3529976729327924e-05,7.196252076167617e-06,0.0,7.455398032799328e-06,5.21080900246148e-06,0.4160069908755259,0.825688742865861,-0.04972716954766809,0.0001225773830573623
2011-01-14,-0.000257534780506278,1.7992500716743516e-05,7.628838099444329e-06,0.0,1.0451330887078381e-05,5.200880886583803e-06,0.4227757792773753,0.8227138042591945,-0.05103418468688525,-0.000298808331096128
2011-01-18,-0.0007902634087384546,1.2750462161754762e-05,6.700892591756695e-06,0.0,1.0670049300249033e-05,4.76438322947222e-06,0.444981920506977,0.7490430143605847,-0.051373368190747865,-0.0008251491960216872
2011-01-19,0.00042323120798609833,1.7715307069267466e-05,7.3022735770752205e-06,0.0,1.1749494995288245e-05,5.233972925547558e-06,0.39334676019049086,0.8299004520114108,-0.049406999480579444,0.00038123015941891983
2011-01-20,-0.0016788069361784723,2.5011278606679538e-05,1.1439757211634698e-05,0.0,1.9220507233898752e-05,5.680680664320748e-06,0.5822218030630113,0.9057011727434092,-0.04865317886247636,-0.0017401591598950061
2011-01-21,-0.0016173804984704412,2.5868476882722703e-05,1.2362146544620774e-05,0.0,1.7481252611931797e-05,6.332593323613359e-06,0.670367500165175,1.014843647233155,-0.0490320311338896,-0.0016794249678333299
2011-01-24,0.0018305519052253447,2.447640464862428e-05,1.1122784433182154e-05,0.0,1.7233681153054268e-05,4.3393515109446586e-06,0.7255329917190987,0.6804219996202263,-0.048589054218476674,0.0017733796834795393
2011-01-25,0.0003236256495958579,2.113812094174373e-05,9.99086730714293e-06,0.0,1.4753303664466662e-05,5.420588372860998e-06,0.5688620420032651,0.8621035393536676,-0.04855530728698004,0.00027232276930964363
2011-01-26,-0.00018539706813431228,1.8784911733738947e-05,1.1238609040230156e-05,0.0,1.3662796793637896e-05,3.886394772241835e-06,0.7339973001342778,0.6030780630689097,-0.049836258667718555,-0.00023296978047416113
2011-01-27,0.00038883899490876824,2.1146007282349193e-05,1.1886240115506243e-05,0.0,1.4262311908566554e-05,5.893406404324679e-06,0.7963192540689668,0.9755937382921691,-0.014498537634377084,0.00033565102919802157
2011-01-28,4.9062331469641386e-05,1.9262348186521312e-05,9.074991936243488e-06,0.0,1.4522193154924947e-05,6.740003634613831e-06,0.5056010570197349,1.079800543558639,-0.05252006705648546,-5.372054426621957e-07
2011-01-31,-0.0007701051045547577,2.2715738226682196e-05,1.1724156773712522e-05,0.0,1.4113720303290741e-05,5.5405197985018625e-06,0.6613091427544465,0.8794851970406233,-0.05132212910768952,-0.0008241992396569451
2011-02-01,0.0015187289251589052,1.8515647643846136e-05,7.338290742547287e-06,0.0,1.2637105383257006e-05,4.941241075196702e-06,0.44347150464487906,0.7810709380501848,-0.049057562582861314,0.0014752966403140581
2011-02-02,-0.00016386631827200294,1.518601461152931e-05,6.954342889077968e-06,0.0,1.078184382481604e-05,5.181951059839161e-06,0.4216512114132308,0.8206538316148311,-0.04991394643814773,-0.00020197047065726543
2011-02-03,0.00024476119932196916,1.8666405214145177e-05,5.336796910058486e-06,0.0,9.418727695626649e-06,5.3812899809625895e-06,0.39095078293131585,0.9553573222462598,0.05130060544454462,0.00020595797952117627
2011-02-04,0.0005322252978731049,2.3355227970578903e-05,1.4785005325100288e-05,0.0,1.509412219184515e-05,5.2464373200805665e-06,0.7289602775186952,0.8318705401049344,-0.04953092966860067,0.00047374450506549996
2011-02-07,0.001089870323195278,1.6891038336524257e-05,8.508734247606284e-06,0.0,1.0187311514578333e-05,3.968610890156876e-06,0.4919376777298011,0.617106292918877,-0.049620336627478265,0.0010503146282064123
2011-02-08,0.0006137149997393047,1.3067349332013466e-05,5.63661978740977e-06,0.0,7.272631182370393e-06,4.191086189978893e-06,0.32162880237038066,0.6545784534711139,-0.04952402644534008,0.0005835473132475322
2011-02-09,-0.00039134836975619124,1.7167648299262777e-05,1.133575673243641e-05,0.0,1.0888310174779686e-05,4.483075414496107e-06,0.6592784849022637,0.7031342582764744,-0.050022411358871505,-0.00043522316037716624
2011-02-10,0.00013791339488857074,2.0679415402588873e-05,1.1385966890008664e-05,0.0,1.1972541932284104e-05,5.854975366722279e-06,0.6311747436217038,0.9328237811010403,-0.05081208050830249,8.802049529696683e-05
2011-02-11,0.0011020617292797725,1.9305081352370545e-05,9.106444041929783e-06,0.0,3.699282075734246e-05,4.412330315466699e-06,0.6538566091880238,0.7909178078826778,0.04964631488427253,0.001032245052812663
2011-02-14,-0.0009241918523954106,2.084123361821838e-05,1.1112147705633096e-05,0.0,1.4030502591306705e-05,4.097010602171367e-06,0.6069904755031348,0.6375003659697793,-0.050797415195010284,-0.0009742727469127402
2011-02-15,0.0009789498436275704,1.937431459512305e-05,9.04689091979715e-06,0.0,1.1120936488882183e-05,4.579477440918048e-06,0.5165704695235913,0.7199914445264237,-0.04936076554780833,0.00093482822418285
2011-02-16,-0.0016138614085601272,1.803931960683073e-05,9.78591360335231e-06,0.0,1.1118865176000286e-05,4.801341308409737e-06,0.6090217619678142,0.7571950691945624,-0.049430270618273646,-0.0016576068482547202
2011-02-17,-0.002656547146746896,1.8821474133485543e-05,7.834110689218785e-06,0.0,1.3475009121198628e-05,4.51307864338924e-06,0.5477565327026461,0.8091148634231822,0.05091765133379042,-0.002701190819334188
2011-02-18,-8.60983987439613e-05,1.7233479359456286e-05,1.2065369507850313e-05,0.0,1.0998543371597075e-05,3.5419312967509794e-06,0.6344634239148925,0.5457032615168829,-0.04934119633728147,-0.00012993772227961594
2011-02-22,-0.00048170024247078103,2.8341800955477715e-05,1.578668309181519e-05,0.0,1.6222195307771588e-05,6.69774740335102e-06,0.894293672161218,1.075177767350675,-0.05004379641229617,-0.0005487486692291965
2011-02-23,0.002236248611966775,2.8916277306991195e-05,1.3423386100015986e-05,0.0,2.9681580731969253e-05,3.5355013738119244e-06,0.9386801195978485,0.6453785592408646,0.05141432844046163,0.002160691866453987
2011-02-24,0.0009710818255564384,1.4778237184029846e-05,7.4758842778197825e-06,0.0,9.966368384743267e-06,3.4772389870849485e-06,0.448885211532654,0.6345207548156879,0.05034460498541651,0.0009353840967227605
2011-02-25,0.0021752836325738055,1.8907749317518136e-05,1.091359694429084e-05,0.0,1.3168740775532034e-05,3.9709284662028365e-06,0.5258023137384766,0.6192486822170457,-0.047867300105031166,0.002128322617070262
2011-02-28,0.00045117483784119035,1.520727098836504e-05,7.889354316565185e-06,0.0,1.0276327214016212e-05,3.2153720809451487e-06,0.4522585374107844,0.4911902839561894,-0.04899222564259528,0.00041458651324129874
2011-03-01,0.0016237386687944677,2.871242332969202e-05,1.236788975414547e-05,0.0,1.3748739797049656e-05,5.75404278290474e-06,0.8948945979504515,0.9676762816473271,0.0009970941193307437,0.0015631555731306758
2011-03-02,0.00015125425962933498,9.957247853401373e-06,6.549988250187159e-06,0.0,6.4385229646185375e-06,5.535796435416873e-06,0.33998761582216747,0.8811298860321761,-0.04888391511785839,0.00012277270412571105
2011-03-03,-0.0007503887433973429,1.5023992771501512e-05,6.510976229285567e-06,0.0,9.297279306972002e-06,4.917958724941165e-06,0.4022226351050957,0.8237738257704107,-0.002443240019705001,-0.0007861389504300431
2011-03-04,-0.0010119242280653494,2.8939145813624035e-05,1.9544765022398052e-05,0.0,2.0554820446417527e-05,5.258537367340032e-06,1.038730498213128,0.8330475913194895,-0.050386686393635916,-0.001086221496715129
2011-03-07,0.0007974803628957981,1.7998919366172116e-05,7.678470141736316e-06,0.0,1.421086796510205e-05,3.169910269825624e-06,0.5566830320917373,0.5834052979087923,0.05086037257808751,0.000754422195152962
2011-03-08,0.0005282067585450985,1.7288959882871448e-05,8.297218525584713e-06,0.0,8.19674789808578e-06,2.340754768953559e-06,0.5027125992230962,0.44245124816597303,0.049204446981774994,0.000492083077469603
2011-03-09,-0.0011449916481869073,1.5578595183410294e-05,9.056233923265108e-06,0.0,7.676571123246924e-06,3.4321333412734505e-06,0.5048326503659515,0.5846227834675879,0.008024382133648311,-0.001180735181758103
2011-03-10,-0.00040848938052153984,1.977799374340871e-05,1.1132817418996536e-05,0.0,1.1002083111503864e-05,4.048732407307922e-06,0.7781858313623264,0.7309032882325273,0.05071624380479606,-0.00045445100720275687
2011-03-11,0.0024458445736427136,1.1924825560029589e-05,6.183306960853185e-06,0.0,7.318358305368735e-06,4.186602918174721e-06,0.37802187365674933,0.7547703315879762,0.051421041334623024,0.0024162314798982874
2011-03-14,0.0007863048574966436,1.1939236308645185e-05,5.9636538532412345e-06,0.0,6.276161618831898e-06,2.841105157135879e-06,0.3403370861989234,0.527911342281932,0.05060567588310452,0.0007592847005587894
2011-03-15,-0.0006761925915959862,1.6725706345145707e-05,9.559226046153786e-06,0.0,1.045944575004065e-05,5.344468568463354e-06,0.6498280106584031,0.9474478289800733,0.04957710947822985,-0.0007182814383057898
2011-03-16,-0.0003409471627278818,1.3758714893165866e-05,8.320659107774215e-06,0.0,6.144658126784767e-06,3.4970666589232455e-06,0.4681282349381352,0.636410456975026,0.04890325827592057,-0.0003726682615145299
2011-03-17,0.0008434592527975073,1.0665540048368133e-05,6.878350016289738e-06,0.0,5.494407059024455e-06,2.415617923751635e-06,0.39133818265300135,0.4575036808626522,0.05167986967237742,0.0008180053377500734
2011-03-18,0.00031567283546346574,1.8972461841894237e-05,1.0756449712797548e-05,0.0,1.1780623065245267e-05,3.4287172925837496e-06,0.5230004561920321,0.527051518908733,-0.04897298624533719,0.00027073458355094494
2011-03-21,0.0009877502521974532,9.719206536867254e-06,5.0109614798436115e-06,0.0,7.489278748798933e-06,3.1742438381069028e-06,0.30687440120054577,0.48529087631558143,-0.04798208848637819,0.0009623565615938365
2011-03-22,-0.0005753728554793189,1.3872798529314262e-05,5.575787569996859e-06,0.0,7.927426400912897e-06,3.839579122193132e-06,0.4344025050434756,0.6956452750445113,0.05059598251606509,-0.0006065884471017361
2011-03-23,0.0018675070263148195,1.3816405638344252e-05,6.0701128141968655e-06,0.0,1.0125266324389312e-05,4.133374391353472e-06,0.37445911914589064,0.7458797360059618,0.051472838258578346,0.0018333618671465355
2011-03-24,0.0005794316620683303,9.254263273577489e-06,3.941871929020371e-06,0.0,5.007050724827752e-06,4.272488845888077e-06,0.23297777705955686,0.769695031650691,0.051916905541494196,0.0005569559872950166
2011-03-25,0.0009233562398965676,1.633253322315812e-05,7.80088480846031e-06,0.0,8.688835501592115e-06,5.568353495869239e-06,0.5173211959777947,0.9877125228964547,0.05222913559042286,0.0008849656328674878
2011-03-28,-0.00012487122832607325,1.6874086972195336e-05,7.912597177574865e-06,0.0,9.017915103394777e-06,5.6917861755383926e-06,0.4158844082387505,1.0075483952686104,0.051328317778160826,-0.0001643676137547766
2011-03-29,0.00022486781139605631,1.3515977340120248e-05,1.0418391186278238e-05,0.0,6.601053524315402e-06,4.626904123461607e-06,0.5130041408747525,0.7278088686101132,-0.049511024131437126,0.00018970548522188082
2011-03-30,-5.796462695595781e-05,1.0494085188756624e-05,5.534217260142743e-06,0.0,4.982621007304953e-06,5.339967415763585e-06,0.37108289547101425,0.8480475509908514,-0.04906697485743122,-8.431551782792572e-05
2011-03-31,0.00041913437347520827,1.693656455902757e-05,7.706431113201333e-06,0.0,9.996600804776537e-06,6.238486836016704e-06,0.48992215549048757,0.9984402899539724,-0.04962549849683423,0.00037825629016218615
2011-04-01,9.501008883849135e-05,9.955244017878254e-06,6.833215560860707e-06,0.0,3.6423816593838026e-06,4.625560613277664e-06,0.38280195189698846,0.7280577594489095,-0.04903642358173774,6.995368698709093e-05
2011-04-04,-0.0006968792911366588,8.907866132173142e-06,5.195083206986091e-06,0.0,4.0002008438780285e-06,3.7683332777641257e-06,0.2934276802699991,0.5833160674414806,-0.04976392322289225,-0.0007187507745974602
2011-04-05,-0.0002160249722521871,1.0585630840941357e-05,4.7543024966417275e-06,0.0,7.916113137920422e-06,3.871961778707607e-06,0.2811988543622963,0.6008715828257297,-0.04961799599714822,-0.0002431529805063982
2011-04-06,0.0013776574707754182,8.858769076112033e-06,4.0357990467980945e-06,0.0,4.51279604765051e-06,3.5362129792356233e-06,0.2232612840731743,0.5621939039884188,-0.03188987652316588,0.001356713893625622
2011-04-07,0.00023994319707521422,1.5199003948575788e-05,7.1818725549342875e-06,0.0,7.207844403010311e-06,2.8608907359517537e-06,0.4039870233755372,0.4619933054291792,-0.018636338210715614,0.00020749358543274208
2011-04-08,-0.00032790617988388506,1.9714547017674736e-05,1.189219349494727e-05,0.0,9.568337000338011e-06,3.699516634075081e-06,0.6026514857750915,0.5719696430031542,-0.04954915152145925,-0.00037278077403092016
2011-04-11,-1.1812392641062897e-05,1.0937934911290466e-05,5.394105120401735e-06,0.0,6.299430781731239e-06,3.811244099386183e-06,0.3163558069804149,0.5908187138593112,-0.04947029483756757,-3.825510755387252e-05
2011-04-12,0.0020440036994408073,1.1769035457144445e-05,5.08310376530411e-06,0.0,5.851564189879294e-06,3.837758350782006e-06,0.2645438135500527,0.5961490116053711,-0.04859439132600596,0.0020174622376776976
2011-04-13,-0.00043083836698078426,9.237572809867833e-06,3.0811963642157797e-06,0.0,4.745921363854287e-06,2.888313630642966e-06,0.28550038170436387,0.5357919425988991,0.050555252650880886,-0.0004507913711493651
2011-04-14,0.0002454520072354241,1.088748740214037e-05,5.492777520435137e-06,0.0,4.651874454779796e-06,1.923868842909519e-06,0.362012803182177,0.37357247424806583,0.050362508639266626,0.0002224959990151593
2011-04-15,9.521840206404666e-05,1.1931598435146784e-05,7.092345760484862e-06,0.0,6.385353675345724e-06,2.6421570164441763e-06,0.3223166864124163,0.39432149015827284,-0.04956088860434921,6.716694717662511e-05
2011-04-18,0.0012185554958156594,9.939991934627503e-06,6.260721727282339e-06,0.0,4.632006749001202e-06,3.7650375267706085e-06,0.36647657575839965,0.5848918616205067,-0.04763444287695562,0.0011939577378779777
2011-04-19,0.002294305720533762,1.2950541430737482e-05,5.6280467585032694e-06,0.0,6.649499100378529e-06,3.4236734701587806e-06,0.31333904742341223,0.5265750768861671,-0.04860206610050816,0.002265653959773984
2011-04-20,-0.0008120304506891755,1.2071836139184071e-05,6.277282871262062e-06,0.0,5.843870886380997e-06,2.0733766980694837e-06,0.435277587094674,0.2985610336573587,-0.0497662516183145,-0.0008382968172840721
2011-04-21,0.0004923838351068533,8.655655884656964e-06,3.566828997410245e-06,0.0,3.5247991596165537e-06,2.19602021707067e-06,0.21490159265370318,0.31975916266509974,-0.04917223380277275,0.0004744405308480989
2011-04-25,0.0005784070632617153,9.346311681360815e-06,4.832481834116505e-06,0.0,4.204274669935486e-06,3.115480234886486e-06,0.29815887916483375,0.4744671564095462,-0.04893352305138368,0.000556908514841416
2011-04-26,-0.0010746070048324944,9.361319917493415e-06,4.662645928551551e-06,0.0,4.845156951424849e-06,2.7140519039639435e-06,0.2534553225924496,0.4061378403661018,-0.049822879499840475,-0.0010961901795339282
2011-04-27,0.00013878976468271464,1.138770969637989e-05,5.705173462326464e-06,0.0,5.269186065280813e-06,3.4223309664828873e-06,0.34595412824559046,0.525179101578886,-0.04977250079023904,0.00011300536449224458
2011-04-28,0.00047810357933888455,1.1508251342862309e-05,5.694246339739971e-06,0.0,6.324033027142063e-06,4.112218670846444e-06,0.36480102125717184,0.6408609359515294,-0.04999180075067333,0.00045046482995829374
2011-04-29,-0.0010879966707960601,1.2098346681337538e-05,5.456850830523114e-06,0.0,5.597718186928961e-06,3.7825231573298323e-06,0.3101925266321583,0.5857702343847367,-0.04969365604667489,-0.0011149321096521796
2011-05-02,0.0015527405592026917,1.1322394109792794e-05,8.340150148557146e-06,0.0,4.945792760873095e-06,2.2455361994994937e-06,0.4771429289219275,0.3275606501505517,-0.04968943136536331,0.0015258866859839692
2011-05-03,0.0018963008173893691,1.2817987846338847e-05,7.676466879519436e-06,0.0,5.902301496530743e-06,3.455744585635228e-06,0.42735641097991,0.531814342372217,-0.04875074801450113,0.0018664483165813448
2011-05-04,0.0014725792506411785,1.5731120819031262e-05,7.754612620799776e-06,0.0,8.755557557299021e-06,4.110628323197334e-06,0.39966373974167513,0.6423121957411162,-0.048273362556035565,0.0014362273313208512
2011-05-05,0.000516106618592529,8.612266316940109e-06,2.831576864409784e-06,0.0,3.875961538941914e-06,3.2029979639168132e-06,0.23041531092081988,0.5690595955802209,0.030955937642196063,0.0004975838159083204
2011-05-06,0.0003120263027933193,1.2341952408287714e-05,5.706671184597373e-06,0.0,4.626595616297148e-06,1.8303464678249904e-06,0.4057340785745059,0.357766719373838,0.05026851277923956,0.0002875207371163121
2011-05-09,0.0015980005449774042,9.944964410563809e-06,4.021398294551913e-06,0.0,4.583622384333308e-06,1.436884038595488e-06,0.23808718539349785,0.2921667336426653,0.05077021515862347,0.0015780136758493596
2011-05-10,0.0003277174205162209,1.3504013711786138e-05,8.672341674402758e-06,0.0,5.521648682271202e-06,3.806157562526121e-06,0.5437297300653251,0.6266159148114745,-0.012818555692913791,0.0002962132588852347
2011-05-11,0.001198706924407186,1.3551171124497328e-05,9.23681661466474e-06,0.0,5.4937864933046945e-06,2.25625069821502e-06,0.5038856072581633,0.3289463337597254,-0.05010378354039791,0.0011681688994765042
2011-05-12,-0.0006483457786984882,7.370544891106996e-06,3.042711640581276e-06,0.0,3.4366039741872668e-06,2.1163334100904485e-06,0.1775524436191381,0.3054780960806446,-0.05006591681455089,-0.0006643119726144543
2011-05-13,0.0009646964341666142,1.1225430958615037e-05,5.755326044370692e-06,0.0,4.1782969774810646e-06,1.9692896180206593e-06,0.28422430251564196,0.28204373068628896,-0.04879692514118171,0.0009415680905681268
2011-05-16,7.233194798311395e-05,5.462962212523483e-06,2.395631331154408e-06,0.0,1.9375676611573522e-06,1.9444231865495613e-06,0.13296270154617565,0.27701942397553664,-0.04964367136478966,6.059136359172914e-05
2011-05-17,0.00011350231999666232,1.4415036635679965e-05,9.711073498090175e-06,0.0,7.086460432918507e-06,4.375798941592587e-06,0.6039949062722033,0.7501570742147243,0.015022852027169464,7.791395048838107e-05
2011-05-18,0.00031185092971381035,1.097908350073546e-05,6.917465517722005e-06,0.0,5.6557958775037876e-06,3.1469714727486433e-06,0.41925627700808665,0.4877978653936652,-0.04089334202810657,0.00028515161334510044
2011-05-19,-0.00042352415355561776,6.735915471298422e-06,3.589703669870181e-06,0.0,2.8119041930522234e-06,2.5271363359866063e-06,0.21695317499008943,0.3742159029188818,-0.050343001526867937,-0.0004391888132258252
2011-05-20,0.0014055217131257712,1.7028569818147257e-05,8.535347566347758e-06,0.0,8.469466938821931e-06,3.183487949484496e-06,0.6817894672403577,0.5853311180296314,0.05050514251623647,0.0013683048408529698
2011-05-23,-0.00043999102241965894,1.2175178605391188e-05,7.909731868690031e-06,0.0,4.528314479694065e-06,1.5423124929372672e-06,0.44170269430383147,0.3094778886824827,0.050369389869021765,-0.0004661465598663715
2011-05-24,0.00035173623243680636,8.767482452289572e-06,4.1220415728717e-06,0.0,3.7099454978844684e-06,1.46243949668172e-06,0.25700097143343587,0.2960648350361471,0.05037499959361812,0.0003336743234170789
2011-05-25,2.454649243536669e-06,1.4765587296974667e-05,8.608491973115419e-06,0.0,7.0573218690340564e-06,4.148090100340294e-06,0.6017297160524628,0.7467773765847847,0.04989823972761542,-3.212484199592777e-05
2011-05-26,3.567654282907281e-05,1.2307206373689746e-05,5.772180217975555e-06,0.0,6.498485943030749e-06,4.757419939189327e-06,0.3665940735872822,0.850193448572094,0.050946898788286954,6.341250355187433e-06
2011-05-27,0.00036788377406345385,9.07467806051556e-06,6.164560737012655e-06,0.0,3.834862065262376e-06,3.5849639094393503e-06,0.3561016410202189,0.6536592032861865,0.051385266500376225,0.0003452247092912239
2011-05-31,0.0005747250971799613,1.209063483445174e-05,9.304960086138428e-06,0.0,5.8545090809833e-06,3.223427889245046e-06,0.45483943387453196,0.49279031268730755,-0.0487455727058602,0.0005442515652891428
2011-06-01,0.0022298954498132127,1.3872604414995577e-05,6.831034716810138e-06,0.0,6.714398183080166e-06,4.326956467236773e-06,0.4458353937117575,0.6784221817346985,-0.048506504761079317,0.00219815045603109
2011-06-02,0.0004036662336344666,1.0657559541284188e-05,4.236167404462524e-06,0.0,5.2523778021796214e-06,3.538995460704744e-06,0.27176670207630305,0.5859484507948182,-0.0086027866035788,0.00037998113342583553
2011-06-03,-0.0005810607400752307,8.946373611626644e-06,3.600336197281529e-06,0.0,3.274294656231768e-06,2.7099970561948004e-06,0.23918883686105108,0.5042967595235983,0.04901725408287208,-0.0005995917415965654
2011-06-06,-0.0007065109557204622,7.02764738949022e-06,3.2422011709713734e-06,0.0,2.6375506271444336e-06,2.5638660335687026e-06,0.18188249119026267,0.4790365719571043,0.04830707831756209,-0.000721982220941637
2011-06-07,-2.2987914108059045e-05,5.720165116293289e-06,2.7535260864652925e-06,0.0,1.564329239817954e-06,2.249356123476213e-06,0.1534771388940282,0.42599397462348026,0.04810214587947645,-3.527529067411179e-05
2011-06-08,-0.0009485804225718331,6.085476742092527e-06,4.490181625680932e-06,0.0,2.4058771528862856e-06,1.4822317952687896e-06,0.2556694683912097,0.29671201412836884,0.04769707252321226,-0.0009630441898877616
2011-06-09,0.0007304651409489217,1.2082376733584936e-05,5.996591966874187e-06,0.0,3.824631752342643e-06,3.12907995971258e-06,0.4149676076635476,0.574726592158955,0.049041158927241674,0.0007054324605364074
2011-06-10,-0.0007783610784207299,1.067731409986778e-05,5.4007329984705965e-06,0.0,3.1513228350964175e-06,2.0996740479393493e-06,0.29869833266964363,0.40152193662309854,0.048776696569287986,-0.000799690122402104
2011-06-13,0.00011384091771291453,5.853168191813445e-06,3.0721238781510707e-06,0.0,2.130859113974626e-06,1.642359975233274e-06,0.17543596313607063,0.32527481807780717,0.04935834223861707,0.00010114240655374212
2011-06-14,0.0011949720981956839,6.692659846853544e-06,3.169275951853921e-06,0.0,2.1770350496287386e-06,1.4514939296905986e-06,0.16685516605537087,0.29451792452517866,0.050666944337158196,0.0011814816334176572
2011-06-15,-0.0012414006501483045,7.3959236211557e-06,3.322892154478012e-06,0.0,3.1928931696248554e-06,1.9910203743173346e-06,0.20135299479554905,0.3838995568831317,0.04940813399781964,-0.0012573033794678803
2011-06-16,0.0003034259114606899,1.0440431459732345e-05,7.172088600581416e-06,0.0,5.369228505892269e-06,2.333331854766855e-06,0.3313466618066063,0.3416958018137736,-0.050303949787058086,0.00027811083103971705
2011-06-17,-5.9683833420520914e-05,1.2331061801591767e-05,4.612095484733515e-06,0.0,7.1845378380635815e-06,2.5181953350988407e-06,0.33487847627407835,0.47286574154488686,0.049808925248281725,-8.632972388000862e-05
2011-06-20,0.0013255588437438676,1.2542155669718286e-05,6.048092147207697e-06,0.0,4.678912737862143e-06,2.9572797018674956e-06,0.2768271572567666,0.44768184910206443,-0.04914114081167478,0.001299332403487212
2011-06-21,0.0010375279079600417,8.024801923472488e-06,4.494311362940486e-06,0.0,2.8977714564098164e-06,2.382249641273327e-06,0.2562365873426349,0.3516601563476723,-0.048557783386246695,0.0010197287735759456
2011-06-22,0.0007052614691820204,6.876200411533644e-06,4.202273373154608e-06,0.0,2.554347514216567e-06,2.9113197009562713e-06,0.2871676385506388,0.44181764212232255,-0.04728406763833108,0.0006887173281821593
2011-06-23,0.0003459032714733589,3.1338752105568746e-05,1.9059093123466896e-05,0.0,1.116275623891048e-05,4.97748901815058e-06,0.9674090412911545,0.7861023039772908,-0.050115851072006445,0.0002793651809872622
2011-06-24,0.002028728476726195,1.100282531482096e-05,2.5289582625590496e-06,0.0,4.429042269494254e-06,3.9670687565794115e-06,0.22067476662088062,0.7191290836581388,0.05266153255279793,0.0020068005821227415
2011-06-27,-2.8913548662191955e-05,1.5498106809129862e-05,7.328780969220928e-06,0.0,5.332683247310836e-06,1.8291388353125593e-06,0.510162993251505,0.3573358449153886,0.0500405205828787,-5.8902258523166144e-05
2011-06-28,0.0009034694758097333,1.0667023803137153e-05,5.373853400441804e-06,0.0,3.7036260407319784e-06,1.96322100628203e-06,0.2472753363487406,0.2900615640211049,-0.03975956503427616,0.0008817617515591403
2011-06-29,-0.00017403599036583913,1.1089097626444843e-05,5.267275930312913e-06,0.0,5.9168409217468615e-06,2.3512412934307508e-06,0.34698230768074134,0.34547052148845375,-0.04953801580791238,-0.00019866044613777448
2011-06-30,-0.0009832138324178718,8.648050649217655e-06,3.4698287792678552e-06,0.0,2.8950629956916233e-06,2.9307530064403e-06,0.21945619849909925,0.44279299542009937,-0.04957350966187116,-0.0010011575278484892
2011-07-01,-0.00095261404418135,1.1382076628682595e-05,5.065578618175051e-06,0.0,4.274633290243351e-06,4.044540526917836e-06,0.3408908930778981,0.6303509622485599,-0.04913184627363651,-0.000977380873245369
2011-07-05,-0.0015379123614264458,8.814353517270517e-06,4.0253952033200905e-06,0.0,3.2197509619601893e-06,3.6504713086600955e-06,0.20271366885737013,0.5627371344371979,-0.05054204541769819,-0.0015576223324176568
2011-07-06,-0.0002454970229597614,6.025007524545804e-06,3.853596422653691e-06,0.0,1.9101864883778907e-06,2.9403573323353785e-06,0.2166870072677337,0.44373032601704504,-0.050249705815298445,-0.00026022617072767414
2011-07-07,-0.0002617642752219185,6.855373564174921e-06,3.156220491828099e-06,0.0,1.8786392670524694e-06,3.475891286204788e-06,0.2076143434241675,0.5349110542413849,-0.04903868184101959,-0.0002771303998311788
2011-07-08,-0.0006492414609171202,1.2467634998187725e-05,7.66255135751414e-06,0.0,3.658185839355898e-06,2.097994437110858e-06,0.4007509898939207,0.30274913640603657,-0.04971392902858756,-0.0006751278275492888
2011-07-11,0.0007175586802541684,6.695119907185423e-06,2.8100469439041966e-06,0.0,1.9278670006708966e-06,1.5456888972542197e-06,0.1452090025987679,0.21001094968656198,-0.04966478505214689,0.0007045799575051537
2011-07-12,-0.0005632456766471763,6.600349584108362e-06,1.7482628615291192e-06,0.0,2.5568069682154374e-06,9.95360109222824e-07,0.17047301425746988,0.2173383284836936,0.05011783013425918,-0.0005751464561702521
2011-07-13,0.00025055034703843254,8.896797894224295e-06,5.507550264599062e-06,0.0,2.671666126766258e-06,2.0436682334642565e-06,0.29742517654309514,0.3934691495917656,0.05013288636977063,0.00023143066451937868
2011-07-14,-0.0005967622608072532,7.121383518403516e-06,3.4024022881962796e-06,0.0,2.0827155230850316e-06,1.4413960970124082e-06,0.21564724961390075,0.29260189690894817,0.05044735261086362,-0.0006108101582339504
2011-07-15,0.0002355517426496959,8.106543436285047e-06,3.557524028204732e-06,0.0,2.947564703430548e-06,1.2338777027414744e-06,0.2090143151127678,0.2458385581936579,0.03854710413309029,0.00021970623277903413
2011-07-18,-0.0004090700700661535,1.4607159784979582e-05,9.089480733058183e-06,0.0,4.613991571613726e-06,3.0251220100193967e-06,0.4343652820297954,0.49347779933621944,-0.014742698347039312,-0.0004404058241658244
2011-07-19,-0.000412366986985635,8.997191157665117e-06,4.913662867379025e-06,0.0,3.3128112185068934e-06,1.9534892721843568e-06,0.30908798828909256,0.27765731468504984,-0.050528883041922074,-0.00043154414150137037
2011-07-20,-0.00012772215948681883,8.190384116326169e-06,2.5625408664226426e-06,0.0,3.4795050432530465e-06,1.6974374398095623e-06,0.2059362951974481,0.3055964240994534,0.020426934211446885,-0.00014365202695263026
2011-07-21,0.0008148975565405728,8.18139836382952e-06,4.796467613170999e-06,0.0,3.179389976266811e-06,1.8174387841800439e-06,0.27798658396910675,0.2810708646850378,-0.02425885105720956,0.0007969228618031254
2011-07-22,-0.00028645392607478103,9.566060789402539e-06,5.8339998776826025e-06,0.0,3.0866029456746416e-06,2.158252567475457e-06,0.29312911738460856,0.3119029692881355,-0.05068346204774139,-0.0003070988422550163
2011-07-25,0.0001539735239616272,8.485002493921049e-06,3.3720047101774255e-06,0.0,3.4859693844270377e-06,1.6594604201714424e-06,0.26465867312671415,0.2866786117607329,0.007889261171930438,0.00013697108695293024
2011-07-26,-0.00014559440150588965,6.584018139773744e-06,3.6117308473338016e-06,0.0,2.7066425359029412e-06,1.374230038015263e-06,0.2104436654426543,0.23777129748804174,0.006900651101477615,-0.00015987102306691542
2011-07-27,-6.531608112879653e-05,7.692772622044674e-06,2.860131114468172e-06,0.0,3.4453149563907006e-06,1.2552475770152326e-06,0.195765182031733,0.26208699335354485,0.05120540041498568,-8.056954739871531e-05
2011-07-28,-0.00010626394180896789,8.258600254658722e-06,4.100082061159722e-06,0.0,3.412693751527469e-06,1.5075774062982608e-06,0.21462948886210897,0.30390944580830265,0.050636441550194755,-0.00012354289528261207
2011-07-29,-0.000704549584591009,1.0429960148389009e-05,4.357511092000945e-06,0.0,3.2963653269906674e-06,1.1115211726772664e-06,0.2496574152797875,0.23726083678292237,0.050525279773141654,-0.0007237449423310669
2011-08-01,-0.0002944140757037674,5.956533862110667e-06,2.427108600781936e-06,0.0,1.931896028363739e-06,1.145558044921902e-06,0.1387431050955378,0.24256528509971462,0.05011153355283513,-0.00030587517223994566
2011-08-02,-0.0012567898351305686,7.150594607623572e-06,3.7829833310656313e-06,0.0,2.3970403832915218e-06,1.389310134851706e-06,0.24961085058023735,0.2835093202688664,0.050105217613779826,-0.001271509763587401
2011-08-03,0.0008298813383106175,1.2725164722221177e-05,8.836118792155257e-06,0.0,4.664591874091272e-06,2.7385341136471074e-06,0.5094668383162639,0.49968789098331634,0.03961415989060235,0.0008009169288085026
2011-08-04,-0.0003404033843831462,1.9456201431834142e-05,8.049278411790106e-06,0.0,6.0279859844014975e-06,2.4825919004557533e-06,0.547830347025607,0.46981157878982527,0.05273613951325887,-0.0003764194421116277
2011-08-05,-0.0005966170534733807,1.0298141445310934e-05,4.991480538876754e-06,0.0,4.6628733581955824e-06,2.8440992341481986e-06,0.2967495034467957,0.5288112308330346,0.05100255949613727,-0.0006194136480499122
2011-08-08,-0.0062115180110965925,1.8768977458093568e-05,7.400600997377362e-06,0.0,8.461178410236318e-06,3.418833039924425e-06,0.4334448781869414,0.6267335755263557,0.052369624819052135,-0.006249567601002224
2011-08-09,0.004516839920453033,2.566200029945338e-05,1.7073814074247954e-05,0.0,1.8692603462369966e-05,4.4215603871492545e-06,0.8445547906104094,0.6989295992464787,-0.04389254579459562,0.004450989942229812
2011-08-10,0.0008223862438855493,2.110870575543466e-05,8.4160504098018e-06,0.0,1.3706693716459081e-05,3.1499523909036844e-06,0.6212737683893983,0.5847348823464851,0.055542880674666215,0.0007760048416129501
2011-08-11,0.003602220919692097,1.9484108673373084e-05,9.270741851812183e-06,0.0,1.6693634774627892e-05,4.097872066279998e-06,0.573604980590002,0.7389488551721722,0.050506348037132526,0.003552674562326004
2011-08-12,0.0016752775781449655,1.1550507493828988e-05,6.959384225799255e-06,0.0,7.431675516954891e-06,2.3702861327866265e-06,0.3891872813869484,0.4483279610246588,0.05011989071650545,0.0016469657247755957
2011-08-15,0.0010996094670668503,7.835261176176552e-06,5.2810804522355065e-06,0.0,6.6475287256470885e-06,2.5840300254164087e-06,0.2141743689707625,0.38600478064136917,-0.04811226362858759,0.0010772615666873747
2011-08-16,0.0012388291875312046,1.936750092705433e-05,6.94056836421828e-06,0.0,1.3961972947332617e-05,3.3495680416968613e-06,0.5401814010359794,0.6134039828793592,0.05067655187428677,0.0011952095772509025
2011-08-17,-0.0008315189341126279,1.2462310895142708e-05,8.346178488773304e-06,0.0,5.344914083068966e-06,2.89804966620123e-06,0.3639800479819386,0.4372281572037465,-0.049644186718060125,-0.0008605703872458141
2011-08-18,0.00011091002985217933,2.370646742946822e-05,1.6239088080443866e-05,0.0,1.608669030157129e-05,5.006261345978119e-06,0.9172953119825178,0.7928994959230726,-0.04815241020125127,4.987152269471783e-05
2011-08-19,-0.0009593192487067191,1.0801461634788788e-05,3.9521198726865404e-06,0.0,5.58031744287482e-06,3.4771302655085596e-06,0.33974867247513274,0.636196386952208,0.052038502346770266,-0.0009831302779225778
2011-08-22,4.076499209954319e-05,1.3896921266231996e-05,7.293846947366351e-06,0.0,7.2783355100592e-06,2.282110426334981e-06,0.4926484652336761,0.4326631200799392,0.049268568455662014,1.0013777949550659e-05
2011-08-23,0.0023641817380746265,1.9106218696743566e-05,1.1848321597973633e-05,0.0,1.583201718561817e-05,4.152303873885637e-06,0.5642605484363408,0.6485540563206609,-0.04903299449212642,0.0023132428767204056
2011-08-24,-0.0017180615383810508,1.2469581610480152e-05,5.942623472952757e-06,0.0,7.015596039364168e-06,2.2521432340450324e-06,0.4055326545117295,0.3420438276406696,-0.036316235678896,-0.001745741482737893
2011-08-25,0.0013868889343684782,9.748289540535708e-06,5.499814792508615e-06,0.0,5.183490640536744e-06,2.6141298517309717e-06,0.2824486774387436,0.3885486716665497,-0.05062514342425345,0.0013638432095431662
2011-08-26,-0.0010585399965654433,7.2600661625149715e-06,3.2878149640849195e-06,0.0,5.116752483836494e-06,1.8478989351997646e-06,0.20501771816683073,0.2595696177528229,-0.050877403360737504,-0.0010760525291110795
2011-08-29,-0.0018674230562175046,4.473865866873662e-06,1.9766822425476363e-06,0.0,2.540925320197425e-06,1.5587065637340667e-06,0.11237500215267897,0.20883539981759786,-0.05302730288972547,-0.0018779732362108573
2011-08-30,9.412955656446285e-06,2.3361245210053436e-05,1.2816368895643688e-05,0.0,1.2524739752267135e-05,5.597137383260062e-06,0.9165764417623119,0.8892181670835508,-0.05110091330413968,-4.488653558477804e-05
2011-08-31,0.00013987539490772439,5.5035830285353705e-06,3.283461787772077e-06,0.0,2.9808149181259072e-06,4.816444559158251e-06,0.1887120473444999,0.7590176945469578,-0.050144991391628424,0.00012329109061413277
2011-09-01,-8.703675558091226e-05,9.731070951023521e-06,5.880967762388299e-06,0.0,4.802866173336023e-06,3.171684503752049e-06,0.33798693432536464,0.48194078035429727,-0.050902216276046935,-0.00011062334497141216
2011-09-02,0.0006848160120700732,8.16362967304995e-06,3.480468480782905e-06,0.0,3.1335259369392107e-06,1.544660824394505e-06,0.26675792084552896,0.30664183134573403,0.04713881284745715,0.0006684937271549066
2011-09-06,-0.0006432889758856081,2.5816965174247428e-05,1.7025117526319996e-05,0.0,1.4732871469079833e-05,4.38509278789039e-06,0.9133003225582477,0.7861615663912775,0.04946597802569158,-0.0007052490228431458
2011-09-07,0.00047358058921398,1.0808676409226848e-05,5.871792731421535e-06,0.0,7.191841942983167e-06,3.6969208261110995e-06,0.34897074520022503,0.6340751101553936,0.012992411368729029,0.00044601135730423737
2011-09-08,0.0001528564205436588,1.3779638504201634e-05,6.291673688416158e-06,0.0,7.178077240996406e-06,1.9659787879349072e-06,0.46680537805688677,0.38016256528369596,0.04987812891063152,0.0001236410523221097
2011-09-09,-0.0009727797044269316,3.895722660218562e-06,1.8810086766325403e-06,0.0,1.6575005249696187e-06,1.267149897954383e-06,0.11808058326090522,0.2627734121602436,0.04989222930390735,-0.0009814810861867066
2011-09-12,-1.6899350727942537e-05,1.679707386192713e-05,1.1221069881652573e-05,0.0,8.38676640698682e-06,4.022428270678946e-06,0.5883925363148086,0.6939533863471037,0.01818543687304064,-5.7326689149188006e-05
2011-09-13,-0.0007652383510071012,9.837869470101537e-06,4.202996132634617e-06,0.0,3.6727807136676496e-06,2.4433093870527064e-06,0.31388839683897474,0.45199141966415424,0.04151544263929968,-0.0007853953067105577
2011-09-14,0.0003736584428011264,1.96826738569117e-05,1.109468543502457e-05,0.0,1.0411763933868578e-05,3.090307907114275e-06,0.7891100155640474,0.56363503415868,0.04446330576348184,0.0003293790116682073
2011-09-15,0.0007911879709176959,5.264429959222371e-06,3.0222604081755508e-06,0.0,2.2263357935317642e-06,3.1347263254935935e-06,0.12064987437657401,0.516013631201157,-0.010620391481766661,0.0007775402184312726
2011-09-16,-0.000538490134200624,6.056281275708277e-06,4.150711932280272e-06,0.0,2.361757084926667e-06,2.8510917137048094e-06,0.19578195872867393,0.4301331534572036,-0.048850254445204175,-0.0005539099762072441
2011-09-19,0.0005413734994524093,1.1312237713483872e-05,3.2733710597869436e-06,0.0,7.011886652366279e-06,2.380742599708622e-06,0.26896380475963566,0.4501573574318095,0.05019260068076106,0.0005173952614270635
2011-09-20,-0.0017528836717371071,6.665646203254427e-06,2.9052527090140474e-06,0.0,3.499811431592239e-06,2.0451868229506646e-06,0.1493018736268283,0.39341063125734876,0.04981924500163715,-0.0017679995689039185
2011-09-21,-0.0037425554853159734,8.241981981249446e-06,3.3095062948166046e-06,0.0,4.431304334339947e-06,1.7097770660784106e-06,0.18315405228569334,0.3361982044306516,0.04895565732947865,-0.003760248054992458
2011-09-22,-0.0033434258643021976,1.5154323207472048e-05,1.0503603169381118e-05,0.0,7.698300324416392e-06,2.6499704846316737e-06,0.5817358391649367,0.4927540335764025,0.0475589921582813,-0.003379432061488099
2011-09-23,-0.00018723713951960513,5.218392529167668e-06,2.6507581802045394e-06,0.0,2.406074059977915e-06,2.0383010499414144e-06,0.15201116509626944,0.38391179108838297,0.041477214698225365,-0.00019955066533889666
2011-09-26,0.0015157628703330876,1.0105242874782654e-05,6.2498998923216e-06,0.0,4.984744969472643e-06,1.4999977165042385e-06,0.2963166514231818,0.20150377509316586,-0.05049584127954623,0.0014929229848800066
2011-09-27,-0.00039662429825829186,8.910296654064538e-06,3.448270785367721e-06,0.0,3.899470707400443e-06,1.8351433659920118e-06,0.24404372752563802,0.2580031305112898,-0.05030095497536812,-0.0004147174797711166
2011-09-28,0.0005153799653875976,9.311301415323186e-06,2.4953437005413152e-06,0.0,5.305199450929207e-06,1.625967455950455e-06,0.23662774460773545,0.3226539882254444,0.04949145562576791,0.0004966421533648534
2011-09-29,0.0011042564310729797,1.7959515787059837e-05,1.1861794009796913e-05,0.0,1.097208552823851e-05,2.855843821522723e-06,0.5374547396207371,0.4298747056942961,-0.0499070563215213,0.0010606071919263616
2011-09-30,0.0018660998702310675,1.166556865257979e-05,3.718129457807238e-06,0.0,6.177533705893537e-06,1.4249029257621783e-06,0.31393284921471665,0.2901764136029675,0.050792722074921526,0.0018431137354890247
2011-10-03,-0.0016455121513621106,6.597402035958641e-06,2.4501945648546847e-06,0.0,2.2722307305562007e-06,1.1504093151647922e-06,0.1568950420762109,0.24479403425107168,0.05152526930338654,-0.0016579823880086449
2011-10-04,0.0014794561370870725,1.3928055015483142e-05,9.342182413411636e-06,0.0,7.1535349936578435e-06,2.8058232269615265e-06,0.492467858996506,0.4879452929138248,0.01656699078428786,0.0014462265414375583
2011-10-05,0.0005678232829466664,9.072556756745918e-06,4.815468302488267e-06,0.0,3.6640319482476155e-06,1.654776963710709e-06,0.3045843530901892,0.2635258921211523,-0.014476637782246893,0.0005486164489754739
2011-10-06,0.00016705722851043464,3.832285641928957e-06,2.0804816176069338e-06,0.0,1.7835643517241504e-06,1.2411085109733357e-06,0.1119624744593187,0.17847541214903795,-0.03003081769448244,0.00015811978838820126
2011-10-07,-0.00023266609650516676,1.6757536964155695e-05,6.881984309537928e-06,0.0,9.209399455551638e-06,2.8903266141907487e-06,0.5457383320100361,0.531698735483549,0.04612386429950299,-0.0002684053438486028
2011-10-10,0.002142773410201555,1.0128519858393584e-05,7.051371918906521e-06,0.0,4.062671055611239e-06,2.8572938248846613e-06,0.3059967258002102,0.4350415349903551,-0.0449838275902681,0.002118673553543759
2011-10-11,-5.9254760034553094e-05,4.987920580118179e-06,2.5010117841676492e-06,0.0,1.8770726180387685e-06,2.1685917531377148e-06,0.1275536052450003,0.31589598321754997,-0.048427431309586114,-7.07893567700154e-05
2011-10-12,-5.231826774873918e-05,1.0145935724539403e-05,4.9269131618995735e-06,0.0,4.023920021886912e-06,3.2793058742922293e-06,0.32715764023224736,0.5012362694271838,-0.049687117453910606,-7.46943425313573e-05
2011-10-13,-0.00028654978650328674,6.5412203457847436e-06,3.84154122659346e-06,0.0,2.5812590005350365e-06,2.2888301539792133e-06,0.2061080239606953,0.33619082271504686,-0.04833264315346106,-0.0003018026372301792
2011-10-14,-0.0008175224011264138,3.302450120261606e-06,1.8301032100713452e-06,0.0,1.3451090912073567e-06,1.899556294750369e-06,0.10341158762734573,0.27047255057552344,-0.04865290694253853,-0.0008258996198427045
2011-10-17,0.000647749627434464,6.834574310947189e-06,1.8175716447701535e-06,0.0,2.9079672149385458e-06,1.0631794519729115e-06,0.18543024953128773,0.22877986062412892,0.05016571269267989,0.0006351263348118351
2011-10-18,0.002284598722627972,4.221091062911921e-06,2.4293517061894016e-06,0.0,1.5191300158362514e-06,7.058786106244298e-07,0.10080900706842996,0.14697000451644807,0.028382397931543867,0.0022757232712324097
2011-10-19,-0.0002957909957857491,2.1430321834911944e-06,1.3324400435903816e-06,0.0,6.92504794304318e-07,4.1372217353513283e-07,0.06856759239291388,0.09283492236874398,0.023329597214841683,-0.0003003726949806701
2011-10-20,0.00040525143184070694,8.939536334970941e-07,5.723290301811896e-07,0.0,3.188946186232895e-07,3.468194992362848e-07,0.028734400319380533,0.07495312133895124,0.01668744546725539,0.0004031194350591691
2011-10-21,0.0002659645075078442,4.942351470002309e-06,3.6284187033733747e-06,0.0,2.252400108860444e-06,1.172859066542732e-06,0.14364038212558064,0.147419837727903,-0.04962048545127591,0.0002539684781590654
2011-10-24,-0.0010712685097904067,2.5686419258853334e-06,1.2272981379674757e-06,0.0,7.537237508852595e-07,9.017908367681919e-07,0.0844806633652919,0.102030255510249,-0.04947060506680724,-0.001076719964441913
2011-10-25,0.0009885675119107383,4.237242628939334e-06,1.5173771334406683e-06,0.0,1.6014575505639757e-06,1.1172000575408316e-06,0.12576115197776777,0.16458970806562795,-0.023099901601231772,0.0009800942345402535
2011-10-26,-0.0006544336490726501,3.03928597417626e-06,1.0242141722319824e-06,0.0,1.4133760625969283e-06,1.0495560272423521e-06,0.07424864931149802,0.17165129389097672,-0.004674118685738422,-0.0006609600813088976
2011-10-27,-0.0002363701469401333,3.858388890746693e-06,1.3200027876667438e-06,0.0,2.120803540610808e-06,7.753846895677933e-07,0.10346048962594578,0.16220998028741723,0.03194535244002801,-0.0002444447268487253
2011-10-28,9.529341844391262e-07,1.8856110110086732e-06,1.7391173099546131e-06,0.0,1.0480154134151682e-06,1.037638356528157e-06,0.06559235438949287,0.15442379435461168,-0.019899449542118613,-4.7574479064674854e-06
2011-10-31,0.0003678625286815371,7.568840263417454e-06,2.950378070401541e-06,0.0,4.662477533488924e-06,1.6828702644155581e-06,0.2492231060071266,0.33275402321180136,0.05003181878998755,0.0003509979625498136
2011-11-01,-0.0010122017118004976,5.309442648650064e-06,2.872137344707577e-06,0.0,3.210330879814693e-06,1.0419371639370507e-06,0.16136325458604506,0.22351356335100558,0.048468119809581045,-0.001024635559837607
2011-11-02,0.000550964016053165,3.3856265605171268e-06,2.385868921976874e-06,0.0,1.3894457455775962e-06,4.965365412265237e-07,0.13357128616276487,0.1334426119832087,0.05002447305715267,0.0005433065382838669
2011-11-03,0.0008861199118578814,2.164415459624349e-06,1.156628432578476e-06,0.0,7.57506368632259e-07,2.0803340913259668e-07,0.06288935800524514,0.08500118911274672,0.05005157637847047,0.0008818333281879137
2011-11-04,-0.00029327099698965277,1.5759682374993174e-06,1.0827994937881413e-06,0.0,5.789429227043787e-07,2.326057983032384e-07,0.03851058820189457,0.06134617394778966,0.022268399832845592,-0.00029674131344194785
2011-11-07,0.00013804593547803843,1.1731163283894662e-06,1.045974696657599e-06,0.0,3.6757664765673463e-07,4.837535453807042e-07,0.03797927699263305,0.07222261740604814,-0.00904797821791019,0.00013497551425995392
2011-11-08,4.477138410467383e-06,1.2559201734873062e-06,8.475467261751038e-07,0.0,4.862134500721e-07,4.4458027964609813e-07,0.037746335307376436,0.05279775235627014,-0.021891734624274323,1.4428777810867747e-06
2011-11-09,0.0008294906006949372,1.2101526770716436e-06,8.169671919256912e-07,0.0,3.606022542277108e-07,6.177102522539568e-07,0.02837965947834322,0.06355001713070627,-0.040225305247958476,0.0008264851683194582
2011-11-10,-0.0003730214448986008,1.1808744900199163e-06,6.181140961316893e-07,0.0,4.4094656054172723e-07,7.18092142144077e-07,0.030699470563438025,0.072403467020311,-0.04823601285989391,-0.0003759794721874382
2011-11-11,-0.0010601701209081783,9.699019464561426e-07,4.2065220651753857e-07,0.0,4.1934708728308924e-07,7.201127530680846e-07,0.02237265599566195,0.07082212640097885,-0.05015681611445941,-0.0010627001349015031
2011-11-14,0.00039268457128650006,7.654674995930362e-07,1.2480138907143745e-07,0.0,2.1570131418922955e-07,6.271961874966558e-07,0.015127473609428508,0.06510105688820284,-0.04026790261123534,0.0003909514048961497
2011-11-15,-0.0002954524192771564,3.194005360167518e-06,1.2632198073521105e-06,0.0,1.2801226881982734e-06,1.0113692826658394e-06,0.11114507071813905,0.15483574470859257,-0.015074294779268499,-0.00030220113641554015
2011-11-16,0.0005225626536736677,3.5396510615680576e-06,1.0706530084319408e-06,0.0,1.1424907166790236e-06,3.4241485242697584e-07,0.1176254202498586,0.10702633972588091,0.04950064451814895,0.0005164674440345617
2011-11-17,-0.001080512923258713,9.142583796316956e-06,7.180734109370675e-06,0.0,4.751781484098396e-06,2.06789194833452e-06,0.32339568639335387,0.29704450501664487,-0.05036134230355439,-0.0011036559145968336
2011-11-18,-0.00012978069226298987,2.406020016093148e-06,5.694372099207476e-07,0.0,8.61778664156734e-07,1.587861490677967e-06,0.06724749384467923,0.2587413976172208,-0.008019332816677743,-0.00013520578964383847
2011-11-21,0.00011645753716703661,2.7003832376648405e-06,4.7012293498041266e-07,0.0,1.082725475515625e-06,1.2830055977516752e-06,0.07468850922890176,0.26645094593483504,0.05090600551255368,0.00011092129992112406
2011-11-22,-0.00036273926066817666,2.4459639240851145e-06,1.1270311460598948e-06,0.0,1.0494425347446106e-06,1.1440540144917107e-06,0.060856439577903834,0.24260671688479793,0.05040564245019055,-0.00036850575228755797
2011-11-23,-0.0008116188112973554,5.327056788153902e-06,2.689675239899835e-06,0.0,1.692808028056252e-06,7.027586659303094e-07,0.18525197008786762,0.16904589719977534,0.05098244132348333,-0.0008220311100193957
2011-11-28,0.001421878849980774,8.815787238337013e-06,5.496034541878837e-06,0.0,3.1555068024831082e-06,1.8682711746597834e-06,0.2964459172218103,0.3647907682603879,0.05092121091754424,0.0014025432502234154
2011-11-29,0.0004928188311701209,5.120174307347895e-06,2.5881865805028285e-06,0.0,1.7211584346377471e-06,1.0182135864360496e-06,0.17172210972785906,0.2214515714115253,0.050391688890268946,0.0004823710982611964
2011-11-30,0.0018717773187650751,5.1157944080480025e-06,4.2424151096160054e-06,0.0,1.5591500935238536e-06,1.1255074517233734e-06,0.18159634636479072,0.1384505758905467,-0.05063467599898004,0.001859734451702164
2011-12-01,0.00014940253199111157,1.7502141161197e-06,8.860854241976891e-07,0.0,5.083972675524857e-07,9.458209625952438e-07,0.062128782234314284,0.10869950069467903,-0.050198421021321854,0.00014531201422064645
2011-12-02,0.0002496781113719212,2.1170540855424215e-06,9.652014296146968e-07,0.0,1.2011964684412586e-06,1.007524696093641e-06,0.06290630930024885,0.11907079563460919,-0.05019335330912253,0.0002443871346922292
2011-12-05,-0.00021549510135630343,4.4433281850352945e-06,2.8993446040916544e-06,0.0,2.129810117077098e-06,1.2455374684805948e-06,0.16827006849049617,0.15886334320313558,-0.050386951501604375,-0.00022621312173098807
2011-12-06,-8.61885617631793e-05,3.3258811259134173e-06,2.1669873809951626e-06,0.0,1.1040697354132235e-06,1.0246169922813156e-06,0.1528871222653795,0.12203517546637928,-0.05010047923688179,-9.381011699778242e-05
2011-12-07,4.287807638109102e-05,2.6368315991442707e-06,9.638291313905765e-07,0.0,9.927520364608536e-07,1.0847949535954125e-06,0.09203308581004538,0.1641662897949561,-0.01807926240907326,3.71998686604999e-05
2011-12-08,0.0006715983223218263,5.71635862977511e-06,1.6984396094501227e-06,0.0,2.4071096452057116e-06,1.2361089950226848e-06,0.16821932456949823,0.2577411198889312,0.05007480872512017,0.0006605403054423726
2011-12-09,0.0008509155061030919,2.3127156237952927e-06,1.3153018363585844e-06,0.0,1.0876593294225618e-06,1.0084072344022339e-06,0.07632304696798163,0.22042379474024898,0.051011379360673695,0.0008451914220791132
2011-12-12,-0.0008791181112730291,3.956943593326992e-06,2.773890384343472e-06,0.0,1.5701213644815378e-06,2.0283779134719803e-07,0.14966265498778686,0.07781405153744825,0.043737302591118986,-0.0008876219044065283
2011-12-13,-0.0006220207930155672,2.7204753064153096e-06,1.9270703214493154e-06,0.0,1.2631459416393184e-06,4.879032815921757e-07,0.10932535541652966,0.12756222319097274,0.045594471883487225,-0.0006284193878666633
2011-12-14,-0.0006334742437879196,1.166594293906704e-06,3.9436811229927885e-07,0.0,5.200094968399658e-07,4.3349885987610645e-07,0.022601292972281178,0.12266221407594122,0.049834405616755346,-0.0006359887145508417
2011-12-15,0.00026189401340146194,8.006434993042991e-07,4.900677054150698e-07,0.0,2.5993297532406794e-07,3.025880355471447e-07,0.033307115707962104,0.1002917576441372,0.04945696767221689,0.00026004078118587137
2011-12-16,7.340172448411982e-05,3.990157833536403e-06,2.505664170087657e-06,0.0,1.5102633449429838e-06,6.329443305424972e-07,0.08867938580468646,0.09518441709106708,-0.01115023044007244,6.476269480501027e-05
2011-12-19,0.0004879337737001099,2.6241113414360394e-06,1.4091199876364724e-06,0.0,8.847182651866883e-07,6.88432266984533e-07,0.07259910549333937,0.08440569202941237,-0.0312509288239892,0.00048232739183886616
2011-12-20,-0.0012676303087127167,1.2281166247603905e-06,1.8472529640219522e-07,0.0,2.347515480605129e-07,5.719457396763521e-07,0.019592534987159595,0.07512566585651398,-0.02096121840911318,-0.0012698498479216161
2011-12-21,-0.000259903651756157,2.299027600803924e-06,6.724357197541609e-07,0.0,5.574501833089538e-07,2.856213737050002e-07,0.0782748525480603,0.08348990620742705,0.035505515424987026,-0.000263718186633729
2011-12-22,0.0002516487003320482,1.674735275759568e-06,7.983240351784407e-07,0.0,3.290226299229613e-07,2.0337738070221568e-07,0.039336856827758365,0.051407947916067134,0.01724054795809491,0.000248643241010485
2011-12-23,0.00014263917284961796,7.649604116193571e-07,3.4227819453188087e-07,0.0,9.686612202451742e-08,1.8807417489412834e-07,0.012404473852247062,0.045224287956709526,0.013627826574495974,0.00014124699394654807
2011-12-27,-6.143259743076148e-05,6.85864224696484e-07,1.4102280619545949e-07,0.0,1.364472582291556e-07,1.7707827230630384e-07,0.012046110149382882,0.04905315898188036,0.01930400923442133,-6.257300999218888e-05
2011-12-28,-0.00022040196436023601,2.249401878097065e-06,6.576685836154425e-07,0.0,4.869041416955592e-07,2.672731439237479e-07,0.03527519557596483,0.05683375974624069,0.011931871567051024,-0.00022406321210756782
2011-12-29,8.577740205593783e-05,1.0907073054601614e-06,9.041389946288061e-07,0.0,2.3382900838032197e-07,4.808718870012014e-07,0.038739586866626846,0.07340805968628669,-0.007378417329915121,8.306785486046735e-05
2011-12-30,7.079216533940174e-05,3.149797005227568e-06,9.301723964168086e-07,0.0,6.987841806446454e-07,8.948774446385782e-08,0.08937500002582308,0.06516932731360905,0.05013538624368096,6.592392401264886e-05
2012-01-03,0.0007912716774458204,4.757795518578171e-06,3.7889858558065953e-06,0.0,2.4366692242578543e-06,1.5143766398918106e-06,0.2208367911052438,0.24699387875114512,-0.007421396750679071,0.000778773850207286
2012-01-04,-0.000426180770532357,3.6917139761900065e-06,1.614290219687115e-06,0.0,1.3649631864151672e-06,8.918352248447637e-07,0.1397980819824335,0.20025834179163082,0.050430024017710476,-0.0004337435731394941
2012-01-05,0.0002258504721878736,3.5430797474569767e-06,1.3928661536017565e-06,0.0,9.490935612247403e-07,7.879440419650445e-07,0.06207803771054993,0.17771632104273283,0.04534172199260533,0.00021917748868362507
2012-01-06,-6.566086146715424e-05,2.6686686459818633e-06,1.164651496128389e-06,0.0,1.285478491676739e-06,6.256918730094186e-07,0.06191942855748709,0.15510285335019985,0.04998661868461751,-7.140535197395065e-05
2012-01-09,7.46155826106251e-05,2.1148399678856736e-06,9.858527620462172e-07,0.0,7.390743205893268e-07,5.778181442710091e-07,0.053468509689611726,0.14744400617698222,0.05037055793945273,7.019799741583287e-05
2012-01-10,0.0007391653549984749,1.682978553970957e-06,1.2934411558873198e-06,0.0,6.436502712723933e-07,7.825071599634772e-07,0.04828250265201569,0.14702047353320466,0.015559270659340499,0.0007347627778573807
2012-01-11,0.00019808477860575727,2.5723943346308834e-06,1.20420516916413e-06,0.0,1.0894412395044158e-06,6.413920344772115e-07,0.07527404309793231,0.1307467006538885,0.02299283886171698,0.00019257734582798063
2012-01-12,-3.15821358635878e-05,2.4033280984221947e-06,1.5216344539253717e-06,0.0,8.631390847281456e-07,8.571408221808073e-07,0.07092704227079494,0.13797643887441113,-0.006023219251964508,-3.722737832284432e-05
2012-01-13,0.00015111139970618424,2.40854303498236e-06,1.4653005564810375e-06,0.0,7.932923080655968e-07,5.373981071334902e-07,0.09927910568853165,0.10127578518582595,0.01099290318739965,0.00014590686569952176
2012-01-17,9.415537945171199e-05,3.23937710972032e-06,1.3741411302874298e-06,0.0,9.511061184522839e-07,6.589455061333602e-07,0.07177232434816518,0.11332594554897317,0.0026231005185686634,8.79318095871186e-05
2012-01-18,0.0003288226264940705,1.9742080667794485e-06,1.3469409867646827e-06,0.0,9.622691879006707e-07,8.295630739151028e-07,0.05809054067080366,0.11543253983470148,-0.023934056583035823,0.0003237096451787106
2012-01-19,0.00035772894828722286,4.379580122212585e-06,2.362051703930145e-06,0.0,1.1181166224072667e-06,1.2258228180863177e-06,0.12688596288806556,0.15641513479739438,-0.04952309864110695,0.00034864337702058656
2012-01-20,-0.00047498035326293893,3.097752788749636e-06,1.911491635795947e-06,0.0,1.0444589798266678e-06,9.31030166123854e-07,0.10182036828242294,0.1062889201673804,-0.050124147741427066,-0.000481965086833435
2012-01-23,0.00012947470963073406,3.087220232148167e-06,6.900181174597193e-07,0.0,1.0227493318480086e-06,7.608573105965784e-07,0.07369564845376639,0.115948917232041,-0.01187511094818421,0.00012391386463868158
2012-01-24,0.0002404339197283729,4.2859026079770124e-06,2.2213110778440028e-06,0.0,1.5626418664017008e-06,7.802642261016175e-07,0.11404976557335043,0.10901537533122577,-0.022069014653845944,0.00023158379995004858
2012-01-25,-2.0394738217453968e-05,4.105660102749295e-06,1.9845760701855233e-06,0.0,1.4039536659984282e-06,9.715315364301311e-07,0.11207770674483782,0.13117749316789423,-0.03203980495236775,-2.8860459592817347e-05
2012-01-26,0.00018197600202609317,3.2272190131487043e-06,2.025630683727772e-06,0.0,1.30851669259554e-06,1.0513060618619459e-06,0.09636306080177924,0.12678893426827106,-0.04983048412453585,0.00017436332957475922
2012-01-27,0.00020569101920437153,7.534425006777692e-06,2.2373374020769213e-06,0.0,2.9572778201495365e-06,1.078460726289177e-06,0.22410065544332058,0.2311170777608043,0.0499356757442226,0.0001918835182490782
2012-01-30,-0.00025349540491021366,8.194362931592263e-06,6.07671892486692e-06,0.0,2.708960954920634e-06,1.2957055106286319e-06,0.3270050158031733,0.23846110616588834,0.020782580380278165,-0.00027177115323222213
2012-01-31,5.459794226289585e-05,4.423672291964775e-06,1.7574230331036405e-06,0.0,1.2880766223397569e-06,1.3084359752242354e-06,0.11457667077091375,0.2611458521338764,0.04132860829620499,4.582033434026344e-05
2012-02-01,0.0003775779585989227,6.431082053901517e-06,3.6687922241019363e-06,0.0,2.406042689119918e-06,9.143463080575467e-07,0.25663851573616964,0.20318424124843398,0.04957406149476605,0.00036415769532374177
2012-02-02,0.0004240884882839437,5.930346043756462e-06,2.9291142622585465e-06,0.0,1.9169545281183164e-06,1.0160970333719616e-06,0.19243752679589066,0.22083240741223836,0.050128105805748835,0.0004122959764164384
2012-02-03,0.0005238380650597492,5.5852632562276336e-06,4.0597284930106525e-06,0.0,1.646735037638396e-06,1.8375688278131657e-06,0.14697213133111764,0.2592128259553943,-0.04949873711721756,0.0005107087694450594
2012-02-06,0.0003748456592226252,2.7942885092862097e-06,1.6134962394887e-06,0.0,8.446620987113963e-07,1.442177805550383e-06,0.0918123143966683,0.1925198136350339,-0.04976605769743042,0.00036815103456958856
2012-02-07,8.41280976643158e-05,4.709473644625899e-06,2.321087162553546e-06,0.0,2.242331595335613e-06,1.8499880896316873e-06,0.1845161127380734,0.2893389595565355,-0.02145903950158798,7.300521717216905e-05
2012-02-08,3.5401974449828935e-05,4.4526410922275655e-06,2.10006703453741e-06,0.0,1.5497727348488625e-06,1.4911840675876352e-06,0.12460724144384538,0.23753337864764296,-0.012985544707079785,2.5808309520627462e-05
2012-02-09,-2.443567031238769e-05,2.8098480774879134e-06,1.5840337566370292e-06,0.0,1.0793427093236274e-06,1.3893735227507673e-06,0.07939816010137934,0.20668004240796695,-0.02673470941416197,-3.1298268378587024e-05
2012-02-10,0.00017496113524197504,6.260910560140393e-06,4.492396821566792e-06,0.0,2.055781432194144e-06,1.3117962030540587e-06,0.22983087915957173,0.17031632158368737,-0.050065440529394566,0.00016084025022501964
2012-02-13,-0.00029497131348006595,3.7988876130895564e-06,1.8200487154614878e-06,0.0,1.05718429398793e-06,1.272234112500726e-06,0.12569216787076948,0.16376774043994097,-0.049967590460180955,-0.00030291966821510566
2012-02-14,-0.00020141474855604098,8.372850649030135e-06,5.47000055500179e-06,0.0,2.5290633019462593e-06,2.0631278591784323e-06,0.29980899680709716,0.2967302808866535,-0.04987519945532294,-0.0002198497909211976
2012-02-15,0.00023102936405758836,4.382130735622474e-06,1.2709036411478163e-06,0.0,1.2857315513097288e-06,1.4320712802255973e-06,0.12690648165110732,0.24379176300817193,0.0032037879302716787,0.00022265852684928274
2012-02-16,0.00040108323749656175,4.180149423850422e-06,1.5258972744270367e-06,0.0,1.0439119895622732e-06,1.3642450152024785e-06,0.09922435465614715,0.2579828105075076,0.028789647953491204,0.00039296903379351953
2012-02-17,0.00012743698862342315,4.640846431553524e-06,2.5463713207609825e-06,0.0,1.4422892348720173e-06,7.310751533175688e-07,0.1707301311810703,0.14982165592340874,0.0270010301660571,0.00011807640648291906
2012-02-21,-0.0001979079585971039,3.91449685611897e-06,3.2321671961223947e-06,0.0,1.2547019937806234e-06,1.304049215354766e-06,0.15096094683712058,0.1690078509797524,-0.05007241719984824,-0.00020761337385848065
2012-02-22,9.049730599097424e-05,5.3244129920735884e-06,1.64330247252552e-06,0.0,2.154443867320782e-06,1.2921655762887545e-06,0.11289499105427583,0.19558873702417162,-0.02149507979233915,8.00829810827656e-05
2012-02-23,0.000437517524136533,4.861299608812496e-06,2.2678757294104928e-06,0.0,2.1042797601336696e-06,1.3809928409970635e-06,0.11796504006268782,0.20396221388127084,-0.028044583406235786,0.0004269030761971793
2012-02-24,4.396149255293851e-05,3.7983628585285774e-06,1.5029394788016547e-06,0.0,1.416998081995389e-06,1.1996651133535858e-06,0.0966486854557104,0.1818055039938849,-0.019738235049517612,3.60435270202593e-05
2012-02-27,0.00018731873767309487,1.1555616035021337e-05,7.4721199950760074e-06,0.0,4.225715722635928e-06,3.646161488265219e-06,0.4917666313033754,0.5626441672234643,-0.04991096280509258,0.00016041912443209638
2012-02-28,0.00020060735404623276,6.0599708414654285e-06,3.4012580248488966e-06,0.0,2.615233563870876e-06,3.0743693103578655e-06,0.19464669496664208,0.46675000078930556,-0.04974404335081589,0.0001854565223056897
2012-02-29,0.000565053405953448,8.730443670166352e-06,4.023185412417459e-06,0.0,3.336749529662117e-06,2.8979506788746895e-06,0.2295700117584421,0.4369436862588547,-0.04991202779209292,0.0005460650766623274
2012-03-01,3.8001201294447694e-05,7.630088499437403e-06,5.003177210961928e-06,0.0,2.337414891164926e-06,2.15269870368549e-06,0.2911844157943722,0.31192879778749055,-0.049724584431671694,2.0877821989197947e-05
2012-03-02,0.00021178757016696096,6.771087631180976e-06,3.2237046086068037e-06,0.0,2.5380375624712855e-06,1.6813033873435007e-06,0.16874884781700572,0.23728741128547837,-0.045171557788229615,0.0001975734369773584
2012-03-05,0.00012083650321289253,4.6963543002161775e-06,2.398055110531006e-06,0.0,1.928035182421704e-06,1.7699131291140823e-06,0.12980767404976878,0.2477723377594088,-0.04957306793175696,0.00011004414549060956
2012-03-06,0.0005339062264153435,9.648438746100364e-06,5.4457494833572466e-06,0.0,3.3996198797323966e-06,2.1937696177614063e-06,0.31997017036635056,0.3504051145559444,-0.018148181227971946,0.0005132186486883921
2012-03-07,-0.00020437017625194828,8.288135055607517e-06,2.5945968478350498e-06,0.0,2.863624021454372e-06,1.6862917141944322e-06,0.20997690852226125,0.33369954799718593,0.05040254001252136,-0.00021980282389103965
2012-03-08,0.0007983238179467852,1.205369892767446e-05,8.352149981753912e-06,0.0,4.732372460270001e-06,2.82563662348126e-06,0.5203750352563967,0.46680791432675894,-0.007899038418092613,0.0007703599599536055
2012-03-09,0.00022309276667242272,9.722844520852457e-06,4.934325036219043e-06,0.0,3.8075288720534055e-06,3.967644281607865e-06,0.28074843878906813,0.6174120125784813,-0.04915222673163999,0.00020066042396168994
2012-03-12,-0.0006902944998740539,5.83982352208891e-06,4.8260015300387825e-06,0.0,2.135193603405578e-06,2.8358198358638784e-06,0.2905687171529404,0.42584037311012507,-0.050577359315006565,-0.000705931338365451
2012-03-13,-0.0004767194766653452,9.213060869616239e-06,5.277267536694444e-06,0.0,3.842580216793e-06,2.4607273994585586e-06,0.3143561103820187,0.36303619052873654,-0.05036601258030109,-0.0004975131126879074
2012-03-14,0.0006419003688589599,1.0077670953649704e-05,5.771246982744645e-06,0.0,3.7738011508011216e-06,2.882940071834203e-06,0.32910382229744717,0.43383778843471793,-0.05049614363342814,0.0006193947096999302
2012-03-15,-1.8243672316861727e-05,9.888729368311831e-06,5.818419084285455e-06,0.0,5.757220156771842e-06,2.480410891770175e-06,0.37451567912416384,0.36657245347748496,-0.05013657633990444,-4.218845181800103e-05
2012-03-16,-0.000378013410046462,1.1944931898445609e-05,6.8336880653847365e-06,0.0,6.5577426072466645e-06,3.8347108407995985e-06,0.45121510447090096,0.5938509312819482,-0.05038048997238434,-0.0004071844834583386
2012-03-19,0.00015169339164112196,9.961387102578103e-06,4.294047989565121e-06,0.0,4.502255083324017e-06,3.832105674882749e-06,0.24949020894802237,0.59372991700737,-0.05006383637293188,0.00012910359579077196
2012-03-20,3.138791529982069e-05,1.1786148751171637e-05,5.980474333366447e-06,0.0,5.196700152879446e-06,3.371694021777332e-06,0.3312476728224971,0.5160160196422103,-0.050428576016381677,5.052898040625823e-06
2012-03-21,0.000563667159503283,1.611875196968217e-05,6.588504734150958e-06,0.0,7.4740291708731255e-06,4.163436294291072e-06,0.486039146003553,0.7495828764637126,0.05012557902281223,0.0005293224373342857
2012-03-22,0.00020734936301194853,1.4443296358851583e-05,1.0148889776466843e-05,0.0,6.426987536254401e-06,2.0614965838910122e-06,0.5659366789150255,0.39667605341931356,0.05034462732562356,0.00017426869275648468
2012-03-23,0.00016124608442102557,1.0269148291418847e-05,4.249622287499604e-06,0.0,4.264890756360167e-06,1.8500634328402908e-06,0.25074505845614964,0.36090076301393,0.05009010629676096,0.00014061235965290666
2012-03-26,0.0009253680138986404,1.0364477520281845e-05,6.928822712747671e-06,0.0,4.501599981553647e-06,2.1082563338921075e-06,0.3311615692653897,0.304895165269378,-0.0492918988244961,0.0009014648573501651
2012-03-27,6.229092665058778e-05,2.331922213523302e-05,1.3946513573118603e-05,0.0,1.1985525106750538e-05,6.8697986976105275e-06,1.001591234626365,1.1050038979844026,-0.049122283214166285,6.16986713787509e-06
2012-03-28,7.676133863855531e-05,2.1994945446597435e-05,1.5178731250175654e-05,0.0,1.1431678737143916e-05,5.118025099170447e-06,0.8494301528102435,0.8091262963602706,-0.050701920300364654,2.3037958105467864e-05
2012-03-29,-0.0005072355380821067,1.6616126310466208e-05,9.23347415924121e-06,0.0,7.905297562566255e-06,4.112440913642241e-06,0.5200554999541707,0.6416507923058719,-0.04923928118602468,-0.0005451028770280227
2012-03-30,0.0003645919521487237,2.269908747110561e-05,8.170850350459094e-06,0.0,1.0975410322016582e-05,3.777174806019704e-06,0.5451232258169358,0.6846926435322338,0.050127276120923964,0.0003189694291991227
2012-04-02,0.0009230903877571134,2.097837090168376e-05,1.0145462286202412e-05,0.0,1.0134771450030757e-05,4.559930384110365e-06,0.6257164942826892,0.7573095171034245,-0.008758787427117054,0.0008772718527350861
2012-04-03,-0.0005276193482413692,1.6073320214088132e-05,1.2113713845043563e-05,0.0,9.337672291535615e-06,3.251466602915098e-06,0.677242104808492,0.4954825211195443,-0.05076386817019235,-0.0005683955211949516
2012-04-04,-0.0006895913336408656,1.2521955474921855e-05,5.429782962246763e-06,0.0,5.048907710931167e-06,2.797633068375252e-06,0.30489022079348266,0.42037545043686075,-0.049626905050181615,-0.0007153896128573407
2012-04-05,0.0007948944232159549,8.705548278623322e-06,4.4530297685613134e-06,0.0,4.848152534423843e-06,2.571638202108273e-06,0.23869796946708527,0.3824683508100139,-0.049566867144175894,0.0007743160544322382
2012-04-09,0.0003334275016616968,9.470536621749377e-06,3.2129519386744118e-06,0.0,3.956256419879851e-06,1.836977340511999e-06,0.25147107627943355,0.3582566679972079,0.0496444747911922,0.00031495077934088115
2012-04-10,-0.00026759542277631637,8.773440427168404e-06,3.878873425873193e-06,0.0,3.291457626503002e-06,1.6125252397578958e-06,0.21527218422958608,0.32062399941046676,0.0497197591311401,-0.0002851517194956189
2012-04-11,0.0003473674779287624,1.2393152070163777e-05,8.412561008400922e-06,0.0,5.165007104901219e-06,2.870368194750697e-06,0.47166727953263954,0.532186129895363,0.049964273177246055,0.00031852638955054576
2012-04-12,0.0008316363697051136,1.113398072113664e-05,4.999827893601366e-06,0.0,4.291658202570404e-06,2.082024404098698e-06,0.3161361923696966,0.3965714073974481,0.04679130750886701,0.0008091288784837065
2012-04-13,-0.001579127051039691,1.8258495111177355e-05,1.0444632702182047e-05,0.0,6.658942847892345e-06,3.5466193146195987e-06,0.737143556903266,0.6455784676186787,0.04974642276258645,-0.0016180357410155624
2012-04-16,0.00011854679047077705,1.1511465511757084e-05,5.477078883762474e-06,0.0,4.2375335503373525e-06,3.830872828131621e-06,0.33824384565829346,0.6937835041028093,0.05019686897669717,9.348983969678851e-05
2012-04-17,0.0017006599671335568,7.1901504996339155e-06,3.2174457941167218e-06,0.0,3.341912779596063e-06,3.963487231770217e-06,0.19030100815426854,0.7185505858551375,0.05268473091774095,0.0016829469708284398
2012-04-18,-0.001127268583799982,1.3231630174713704e-05,5.9374617600971484e-06,0.0,5.199348006095448e-06,4.933509594057372e-06,0.36790984395193943,0.879956712271589,0.05112710046995067,-0.0011565705333349456
2012-04-19,0.0006932186191539491,1.7194897697030926e-05,1.132839927096183e-05,0.0,7.1218544173001034e-06,2.942436489943769e-06,0.633847290846019,0.5445519623173326,0.050222632006779205,0.0006546310312787125
2012-04-20,-0.0003560897967920904,1.1542345341897378e-05,5.3582616634373735e-06,0.0,4.281304692181515e-06,2.2790433697258257e-06,0.28491923346663,0.43396469565756707,0.051085409543628175,-0.0003795507518593325
2012-04-23,-0.0005888184656664493,1.09237786025269e-05,5.744985300038663e-06,0.0,4.842747251717914e-06,1.861942037126744e-06,0.3233486281019866,0.36334193763509276,0.05053567539779967,-0.0006121919188578595
2012-04-24,0.0010772376045024394,1.2487241042757676e-05,8.218840576285851e-06,0.0,6.909362070011214e-06,3.4151452917290745e-06,0.45937847866389936,0.6236350356341821,0.04989062662369789,0.0010462070155216555
2012-04-25,0.0008822522660371492,1.230016605572361e-05,8.050664910273248e-06,0.0,7.435475189737584e-06,3.443883540529981e-06,0.42583884948176,0.5280492507517652,-0.05052318405727131,0.0008510220763408848
2012-04-26,0.0005737725589440139,1.3836055862554108e-05,6.960914239640608e-06,0.0,6.353372920264361e-06,2.6821898499524266e-06,0.4564028493289625,0.40042908936587923,-0.05017880542612839,0.0005439400260716024
2012-04-27,-0.0012587673620030938,1.0310338471438581e-05,4.836332163123178e-06,0.0,4.369882846196437e-06,3.1272076579127174e-06,0.30817224428853834,0.47532923838712254,-0.05004164814221394,-0.0012814111231417647
2012-04-30,0.00036819715769007434,1.103047683879218e-05,4.656069113625331e-06,0.0,6.175508167225441e-06,3.0291935368339933e-06,0.2538167091784075,0.4589286927211914,-0.04997582146691959,0.0003433059100335974
2012-05-01,0.000143245441094613,1.5246632761423251e-05,7.711660870752645e-06,0.0,6.5470417426510195e-06,4.796633939596586e-06,0.5461368098802568,0.788306708921066,-0.017527792931160247,0.0001089434717801895
2012-05-02,-0.0009927981630388956,1.3172667738985518e-05,8.500645467318642e-06,0.0,5.489694809641282e-06,2.2434202134726117e-06,0.5533356223391999,0.4267177167171694,0.04982312085377075,-0.0010222045912683137
2012-05-03,-0.0020771720061780055,1.0510586101324116e-05,4.906874293477197e-06,0.0,5.044640601809208e-06,2.3965481468969933e-06,0.23529191965167057,0.4132399878320483,0.010619899153353221,-0.002100030655321513
2012-05-04,-0.00021023981918751988,1.3755075819096449e-05,5.2043183170900054e-06,0.0,5.43881670407078e-06,1.911499906845408e-06,0.28409076291801566,0.3707319719047131,0.04959998755468456,-0.0002365495299346225
2012-05-07,-0.0006018654818615548,5.662079901900989e-06,2.511755334404889e-06,0.0,2.1111186233162392e-06,1.9615347428819517e-06,0.13695457882480883,0.37927984690139466,0.049742010097226896,-0.0006141119704640589
2012-05-08,-0.0003832768146799275,7.219756958811997e-06,4.645523903781385e-06,0.0,3.812750234427835e-06,1.7695496522791821e-06,0.2716701997814668,0.34621538546043934,0.0489310438775367,-0.0004007243954292279
2012-05-09,-0.00021332400287295042,1.4383018809952496e-05,7.487706495664052e-06,0.0,5.776420049615958e-06,3.434207948592434e-06,0.49381188407428506,0.6259316313994658,0.048984696035936914,-0.00024440535617677536
2012-05-10,-0.00024651863366767035,1.014276546097393e-05,6.2721687712218805e-06,0.0,4.750851982318168e-06,2.5507766829045576e-06,0.361561108988596,0.4771512780749272,0.04862079534696152,-0.0002702351965650889
2012-05-11,-0.0002290781827383165,1.0998663498549131e-05,5.534594819899112e-06,0.0,5.1693655308361e-06,2.1035545220397395e-06,0.30106622802613836,0.40204289424093304,0.04864573453825655,-0.00025288436110964055
2012-05-14,-0.0009378617145881934,1.1463516827087532e-05,5.042197428689757e-06,0.0,5.062020498540285e-06,1.3745385397614334e-06,0.2836897846997064,0.2798259092662564,0.04890343458633572,-0.0009608039878822724
2012-05-15,0.0001047336558594604,6.106084628113694e-06,3.397023975167268e-06,0.0,2.2614899773903164e-06,1.713580111782077e-06,0.1916723143493351,0.3378755570282683,0.04999409824887936,9.125547716700704e-05
2012-05-16,-0.0009903413704207143,5.909317862908509e-06,2.791931057841225e-06,0.0,1.920653356709873e-06,1.7207572683735673e-06,0.17608598589993102,0.33879831766123614,0.04971109657447677,-0.0010026840299665475
2012-05-17,-0.0011841022555225318,7.933105669052274e-06,3.5153696747431403e-06,0.0,3.165250602907903e-06,1.6117824034193584e-06,0.18952928056886773,0.3200853922181197,0.049305948443667647,-0.0012003277638726545
2012-05-18,0.0005526011030941592,2.5036763526877332e-05,1.5575603784851488e-05,0.0,1.0183666925062895e-05,5.239696617909385e-06,0.8266382857093653,0.9296029705170634,0.04933393870828723,0.0004965653722394581
2012-05-21,0.003117639024378284,1.5591495968394054e-05,6.383916253851085e-06,0.0,5.038751155190413e-06,3.958198016936887e-06,0.3896834217192412,0.7141948417548993,0.04921757490950235,0.0030866666629839113
2012-05-22,-0.0009406659664502547,1.2966710303638753e-05,7.559976412628561e-06,0.0,6.614856786360751e-06,5.079541601121174e-06,0.3598444916223217,0.8025087381280565,-0.050854250860300654,-0.000972887051554004
2012-05-23,-0.0009616019440749048,1.774061840579085e-05,7.479146307952795e-06,0.0,6.699675361699692e-06,3.252712952886557e-06,0.5499371908444912,0.5322389850921692,-0.014216790992772399,-0.0009967740971032347
2012-05-24,-0.0006216035279696122,1.767344831400992e-05,1.0806532376310504e-05,0.0,8.11680250194028e-06,4.961087670210751e-06,0.5710633324752009,0.7834974971925105,-0.04996523140289577,-0.0006631613988320837
2012-05-25,-0.0009140873239094373,8.888402952147066e-06,4.558912457388084e-06,0.0,3.415704030992753e-06,3.801412449227469e-06,0.2789466013891969,0.5886169899134206,-0.05002030155679399,-0.0009347517557991927
2012-05-29,-0.0008648564056211581,9.605770960408946e-06,4.747755557047637e-06,0.0,4.513810305772674e-06,3.1528556730052067e-06,0.31977984247281,0.5132176876756783,-0.016462065389196312,-0.0008868765981173925
2012-05-30,0.0017151495049706274,1.0045523779897919e-05,3.7044023700151335e-06,0.0,4.421481009422996e-06,2.115841811920452e-06,0.2711877597318544,0.4063432333587255,0.050881808956089764,0.001694862255999371
2012-05-31,-0.00021897432630389597,1.8109636319769495e-05,1.0684657216153828e-05,0.0,9.288658437345121e-06,3.671282809169392e-06,0.7544185335092352,0.666822894542392,0.05004738260193431,-0.0002607285610863338
2012-06-01,-0.002842361546218822,1.4192975684724573e-05,8.660358264473935e-06,0.0,5.147747692004742e-06,1.9133693438937795e-06,0.4657067545591652,0.37040910721549125,0.048963057441336555,-0.0028722759972039194
2012-06-04,0.0012059830627504076,1.8321385767157723e-05,1.2039688729625287e-05,0.0,7.67368085586545e-06,4.176736463496925e-06,0.613863761102009,0.6545758014109042,-0.047115924456578945,0.0011637715709342622
2012-06-05,-9.004040593944434e-05,1.7081586933813015e-05,7.043179900166313e-06,0.0,8.244367798071507e-06,2.4991363588924876e-06,0.570785036859696,0.46892435565832874,0.04906944736439081,-0.00012490867693038768
2012-06-06,0.0021284311767838945,1.3144398151672652e-05,7.018613530413151e-06,0.0,6.781324911962148e-06,2.3943804410421746e-06,0.3158360658621938,0.3536446531137677,-0.04861126098131762,0.0020990924597488044
2012-06-07,0.00012187709217073224,1.121433098767494e-05,5.457519760425901e-06,0.0,3.992561634695314e-06,2.943094261353796e-06,0.3485809130480821,0.444643479907511,-0.049796355999926906,9.826958552658229e-05
2012-06-08,0.00024007198814848818,7.645651215595179e-06,4.787895793769888e-06,0.0,2.7329900059932334e-06,2.0955213654284373e-06,0.26648240469853274,0.30236367648559076,-0.04968391290638666,0.00022280992976770144
2012-06-11,0.0007212295450198823,1.9970889824014118e-05,8.196002967415773e-06,0.0,9.375561097774679e-06,4.008309242424681e-06,0.6474528571483531,0.7240375426554273,0.050641589928081265,0.000679678781888253
2012-06-12,0.002011313056214467,8.755412019993835e-06,5.571349848857893e-06,0.0,3.82538848718608e-06,3.028267757299959e-06,0.2844109119709466,0.5288677017906046,0.020118718564211435,0.001990132638101129
2012-06-13,-0.0015531596111975291,1.9826087559846953e-05,1.3546144240117607e-05,0.0,8.069540902226494e-06,2.8547405788453033e-06,0.712630880927835,0.47033245226820447,-0.009263964977806155,-0.0015974561244785654
2012-06-14,9.833568863935126e-05,9.741004232262726e-06,5.4897134617636635e-06,0.0,3.710002590072509e-06,1.5880062688559373e-06,0.33090862537039023,0.21737439333044045,-0.04941065983735696,7.780696208639642e-05
2012-06-15,-0.00016507243533124219,7.203515152808488e-06,3.3773018994990587e-06,0.0,2.8152651163600306e-06,1.6748510342874884e-06,0.18415457198466503,0.2317572525219626,-0.0496177212383353,-0.00018014336853419726
2012-06-18,0.0003192353499419666,7.725753469472927e-06,3.9333041970677355e-06,0.0,3.0665354091769933e-06,2.258998493410431e-06,0.2720198865010843,0.3300121243824079,-0.04949962251054437,0.0003022507583728385
2012-06-19,0.00023186041582361663,7.70314784372785e-06,3.7237983846045845e-06,0.0,2.3536030775903657e-06,3.026870371519096e-06,0.24820585938989154,0.4591365263668267,-0.04937769604838155,0.00021505299614617474
2012-06-20,0.00025353576584174266,6.780364741944356e-06,3.641418176615847e-06,0.0,1.8609407525667864e-06,2.349506236972295e-06,0.18645661639324249,0.34524545460278194,-0.04947159320856376,0.00023890353593364338
2012-06-21,0.0007742751823623719,9.978588902840137e-06,3.181796702454587e-06,0.0,3.6650362510863e-06,2.179903924457344e-06,0.26835568830482703,0.41621840458242415,0.04999454527359026,0.0007552698565815335
2012-06-22,0.00011414978274470115,9.469037353475744e-06,3.803664556307621e-06,0.0,4.717902512659579e-06,2.6784737421477506e-06,0.22067669840882206,0.5007813091617375,0.05079772048091552,9.348070458011045e-05
2012-06-25,-0.001277813155974897,7.68507363209106e-06,4.0112383677256165e-06,0.0,3.5762224272236627e-06,2.0259239072883838e-06,0.23263264005742562,0.3897182236659888,0.04936300724154043,-0.0012951116143092257
2012-06-26,0.00022765383558555105,1.4611154145026131e-05,7.0795828374529825e-06,0.0,5.45659795216074e-06,3.684250206912527e-06,0.48282667541984414,0.6693304009621242,0.05037636620081981,0.00019682225044399866
2012-06-27,0.0016512370223169563,7.91221175735854e-06,4.555159549669209e-06,0.0,2.8649366198935997e-06,3.1102320397550072e-06,0.22032850528197442,0.5514347697303459,0.02891578705150466,0.0016327944823502799
2012-06-28,0.0002924918965768077,1.1281030097650076e-05,7.901021203605967e-06,0.0,4.307943040319422e-06,2.697166254794801e-06,0.36150607158211756,0.4029245346337851,-0.050199396171741587,0.0002663047359804375
2012-06-29,-0.0001073979734021258,8.348129903991078e-06,5.300756267494411e-06,0.0,2.940234208216151e-06,1.911780345757138e-06,0.3015188328113661,0.27273099082066626,-0.04844810726653305,-0.00012589887412758457
2012-07-02,0.00018498249573959918,7.715999267611314e-06,4.312979349544794e-06,0.0,2.4938254008083676e-06,2.394368277897596e-06,0.23630389026736823,0.3529592804676354,-0.04929459021916058,0.0001680653234437371
2012-07-03,-0.0005433117673298394,5.1972992917529744e-06,3.191264399522836e-06,0.0,2.0233694228624166e-06,1.2296290866024648e-06,0.22578049470943132,0.15731584530502463,-0.04926184124418952,-0.0005549533295305801
2012-07-05,0.0004467441228876302,3.206484482061165e-06,1.3671720076263326e-06,0.0,1.163522543185956e-06,8.480082147402797e-07,0.07439867366176324,0.09294350122753814,-0.04952187884882885,0.0004401589356400165
2012-07-06,0.0003040618424582234,2.4636191685028514e-06,8.043194156248208e-07,0.0,7.242273657519812e-07,3.8700488097682775e-07,0.09602189929353067,0.07406753672611144,0.009050716722004372,0.0002996826716273669
2012-07-09,2.3143393045770913e-05,4.404183205373118e-06,3.19810031501237e-06,0.0,1.628594163289869e-06,1.3842235965110748e-06,0.20013919471283728,0.2648515027612611,0.03230193854740053,1.2528291765584482e-05
2012-07-10,8.683990503844203e-05,1.795759187391252e-05,1.3335028480372786e-05,0.0,7.624922804123005e-06,5.65836490734546e-06,0.7713775498429285,1.0009643864894433,0.050359082055406956,4.2263996972688255e-05
2012-07-11,-2.9109448325345468e-05,7.558144643187687e-06,4.1773108531184306e-06,0.0,2.943463338369885e-06,4.665788605527144e-06,0.27568635498615285,0.8341270409560834,0.05027455522752289,-4.845415576554861e-05
2012-07-12,0.0002497949479186045,1.6070260282920173e-05,9.038040638915809e-06,0.0,5.3900506694172314e-06,2.409621608007065e-06,0.6521355228142245,0.4545988824531008,0.04978245230791417,0.00021688697471934426
2012-07-13,0.0006130120379846098,1.0954757348514767e-05,5.12268048053752e-06,0.0,3.987922204523038e-06,1.793868636016473e-06,0.3576454516106049,0.3520034603889777,0.050633529538210265,0.0005911528093150181
2012-07-16,-0.0001412850121691341,6.795693465523222e-06,3.9884077107934175e-06,0.0,2.535014003192796e-06,1.5821890830825376e-06,0.22486183387510345,0.3159360137429307,0.05012824778506457,-0.0001561863164317261
2012-07-17,0.00036545103937874634,9.889102445509888e-06,6.163931861006097e-06,0.0,3.72672897409142e-06,2.0146599003183054e-06,0.27565272861302953,0.28801863158518126,-0.05044423166829416,0.00034365661619782065
2012-07-18,-0.0002812439929864687,6.809991566981706e-06,3.109579589901487e-06,0.0,3.2475779284709846e-06,2.2512763756418908e-06,0.2123960744597319,0.3341157619096761,-0.044098669198161404,-0.0002966624184474648
2012-07-19,-0.0007958011678437528,5.14847600228e-06,2.847460065001437e-06,0.0,2.3145528473329195e-06,2.565552970536019e-06,0.1698849014179163,0.38108326747067817,-0.04992963157937297,-0.0008086772097289032
2012-07-20,-0.00025024777941447365,6.7588220566056615e-06,2.7891681680295014e-06,0.0,2.983729528747459e-06,2.2094291903105796e-06,0.16268943278862824,0.3214236724059718,-0.049760431566205604,-0.00026498892835816683
2012-07-23,0.0005340407800991534,8.469150102339803e-06,3.965129033056242e-06,0.0,3.383996770300406e-06,7.487083443602659e-07,0.24150334407505047,0.1345687811758338,0.008785779323309137,0.0005174737958490967
2012-07-24,0.00021773558966643587,2.0116523411167054e-05,1.2630080288007424e-05,0.0,9.108737758084057e-06,3.8239717111991795e-06,0.6900412187218203,0.6924532455260695,0.05002599804460722,0.00017205627649797815
2012-07-25,0.00035690966801336677,6.6154790403298e-06,2.736454842189969e-06,0.0,3.1586865974230683e-06,3.624527617357797e-06,0.17015995454703325,0.6589791417902365,0.050058502074126654,0.00034077451991606616
2012-07-26,-0.0006892186879109217,1.4540528518185822e-05,6.516677698286984e-06,0.0,5.783228851159089e-06,2.3467327883094222e-06,0.4395479842399017,0.4436986673515451,0.049447558915562156,-0.0007184058557668631
2012-07-27,0.0003339466400793818,1.5647557541858816e-05,9.93351288242362e-06,0.0,7.979763692967502e-06,3.0329694573811903e-06,0.6475379572195661,0.4971132502464028,-0.012425618593637083,0.0002973528365047507
2012-07-30,-0.000614025514412414,6.751849189617586e-06,3.8015277180263477e-06,0.0,3.2377737668038547e-06,2.736652081086845e-06,0.18224074472312293,0.4087486857525692,-0.051008863870020765,-0.0006305533171679485
2012-07-31,-0.0005423001938121499,1.1203066521899955e-05,3.883875204557797e-06,0.0,5.448714399490906e-06,2.673878392889387e-06,0.30379043795856153,0.4994234766428979,0.050211906637480846,-0.0005655097283309879
2012-08-01,-0.0010476675194911699,1.0552375278854321e-05,5.111753635531403e-06,0.0,5.573759465686256e-06,2.9462567901527575e-06,0.30515321208298307,0.5451138513887525,0.05014271064308909,-0.0010718516646613947
2012-08-02,-0.0009000217418906407,1.2104455465668239e-05,9.150397966485923e-06,0.0,5.1137205169684045e-06,1.5598645012364274e-06,0.5356137701908557,0.3109460075811262,0.04888877137340651,-0.0009279501803409997
2012-08-03,0.0009291002152041327,5.89832036992792e-06,3.6993365884865985e-06,0.0,2.641242883065765e-06,1.595985517347918e-06,0.21832333511842023,0.3188014264214404,0.05067585950699011,0.0009152653298453045
2012-08-06,0.00016988248916501082,1.0825736556145286e-05,6.991889177152056e-06,0.0,4.443938571708804e-06,2.3044136583264055e-06,0.49030157545425324,0.43783581431574786,0.05069431971691199,0.00014531651120167825
2012-08-07,0.000704910356614055,7.731413173376928e-06,3.2917166940331223e-06,0.0,3.3414759056041317e-06,2.5814601150447403e-06,0.1984808433962284,0.48490856197382715,0.05122326264631069,0.0006879642907259961
2012-08-08,9.85648033329877e-05,4.867173518733472e-06,3.1014385862398353e-06,0.0,2.339064949374341e-06,2.7261312333239983e-06,0.12365910203224423,0.45361630592144186,-0.00437374127698989,8.553099504531604e-05
2012-08-09,-0.0002547237745427525,5.7709445570561505e-06,2.9770197464212455e-06,0.0,2.0320393461076807e-06,1.9195694014893556e-06,0.19450105507417337,0.34874867555664446,0.02626101610643286,-0.00026742334759382696
2012-08-10,0.00019554895546440722,4.926140111019033e-06,2.9924289762543513e-06,0.0,1.799852751923297e-06,1.1617814644406229e-06,0.1834073308430824,0.2338458734252239,0.03866658739919927,0.00018466875216076992
2012-08-13,-0.00011339411481867889,5.137529106453629e-06,2.7844275907101193e-06,0.0,1.5925264259046653e-06,1.1011431252418364e-06,0.13426311291791043,0.19949009982655427,0.014498054785925599,-0.00012400974106698914
2012-08-14,8.066677141835867e-05,4.38794798366304e-06,3.7200860032715815e-06,0.0,2.5063290486645917e-06,1.699485981256801e-06,0.17317804226876934,0.2364468129498018,-0.04906683190134087,6.835292240150266e-05
2012-08-15,-0.0006534450271690912,3.6372201981868223e-06,1.4423629327820502e-06,0.0,1.509651451270044e-06,1.0823333595583984e-06,0.09925907168285104,0.1555487523356294,-0.026283252070181524,-0.0006611165951108885
2012-08-16,0.00021681008711032113,5.803077035932535e-06,1.6726944514474362e-06,0.0,2.660371756486985e-06,9.480317316100058e-07,0.1326469642733557,0.16707617284827236,0.007806841937791459,0.00020572591213484416
2012-08-17,0.00040591848588798193,4.44341593927436e-06,2.6142100794097252e-06,0.0,1.5726623484479313e-06,1.3189729423398473e-06,0.1043829439646154,0.17222441582263698,-0.04936303849045742,0.00039596922457851006
2012-08-20,3.606607975837215e-05,4.418391994047638e-06,2.2019390139474114e-06,0.0,1.546650934822387e-06,1.1848254974805243e-06,0.11992141925355246,0.14954559495112785,-0.04950508862560026,2.671427231807419e-05
2012-08-21,0.00029307256919937515,5.75937856097191e-06,2.822739200594178e-06,0.0,2.5003392993824934e-06,1.5228622594873767e-06,0.1475064597573315,0.20637158418467508,-0.04946927540920411,0.0002804672498789392
2012-08-22,0.00010560444150750765,6.85870767012931e-06,2.4833046654840466e-06,0.0,2.547521105794702e-06,1.3478640296290743e-06,0.15568404978766376,0.1887088593445029,-0.03773229763318152,9.236704403647052e-05
2012-08-23,0.000584525392788243,4.397795801373048e-06,1.3852380177764186e-06,0.0,1.4677064259676823e-06,1.0318096744146878e-06,0.08703503509351959,0.17520222023117427,0.001858194929506802,0.0005762428428687112
2012-08-24,0.00023443928227315087,4.059339081615488e-06,1.514053909632568e-06,0.0,1.8339117951604645e-06,9.80846282191358e-07,0.08068635075470182,0.16857503034766735,0.0037928549395191864,0.00022605113120455098
2012-08-27,-4.121888432116915e-05,5.041976572064825e-06,2.088745239369031e-06,0.0,1.6317100986653545e-06,8.190218706782249e-07,0.12001684149900917,0.13413409240330892,-0.0034615818706328666,-5.080033810194659e-05
2012-08-28,-0.0003528950057378415,7.153922235675403e-06,4.1195019083061955e-06,0.0,3.3193976526546e-06,1.8021000809868397e-06,0.26127919929428767,0.2731506974879211,-0.02960211611786802,-0.00036928992761546455
2012-08-29,0.0003343311375136959,9.95416912297556e-06,3.377071931571179e-06,0.0,4.8096236271162205e-06,1.9488901226661347e-06,0.23468893851265338,0.37770105253826813,0.050287511930357603,0.0003142413827093668
2012-08-30,-0.00036387073929140747,8.79373615016388e-06,3.7706037491242672e-06,0.0,3.1910447442598144e-06,1.7623531805136338e-06,0.2114586823675707,0.34607475975537305,0.049999425429082506,-0.00038138847711546907
2012-08-31,0.00019031684850185642,1.220411142135434e-05,8.698415328931254e-06,0.0,6.523866027773593e-06,2.4882456661792233e-06,0.41419122133981057,0.3685223462645598,-0.04950292565354977,0.000160402210057618
2012-09-04,0.00016511206101715815,7.995614688673006e-06,3.5266332946731906e-06,0.0,3.3665846061161133e-06,2.105391040622919e-06,0.2292181901328162,0.3149003451119153,-0.038805349712735006,0.00014811783738707292
2012-09-05,-0.00033856538748503265,1.0208749794443147e-05,4.715606161089412e-06,0.0,4.250340828005791e-06,2.775298534400432e-06,0.3026168326725799,0.4161628370534108,-0.050087316725861836,-0.00036051538280297145
2012-09-06,-0.0012803198171091868,1.0460431424840222e-05,5.522541685015348e-06,0.0,3.590886654849817e-06,2.2906835750061374e-06,0.300307366451951,0.3361782359647227,-0.04865660463630853,-0.0013021843604488982
2012-09-07,0.0006533344392484228,8.257402324148742e-06,4.404702076553736e-06,0.0,3.758553769721752e-06,1.9634175146303995e-06,0.245996375776689,0.2811428515949046,-0.04871129086300244,0.0006349503635633681
2012-09-10,0.00034421604952863727,1.0859590908724894e-05,6.923225734969434e-06,0.0,5.466388209073869e-06,3.3019480175616465e-06,0.46074008995873017,0.5052275974057223,-0.04949966954463424,0.00031766489665830744
2012-09-11,-0.0010666761889071392,8.501500004962281e-06,4.825238200732385e-06,0.0,3.5555150078058396e-06,2.6045918554657235e-06,0.2688223149138853,0.38705415244441665,-0.050517279273824794,-0.0010861630339761054
2012-09-12,-0.00026604851540473485,9.058473505251339e-06,5.235128138908832e-06,0.0,5.130460570268096e-06,2.2059045790006993e-06,0.2873958876550093,0.3201125780124473,-0.05047939125967004,-0.0002876784821981638
2012-09-13,-0.0009318239836823978,1.1885051206052762e-05,6.542667759154058e-06,0.0,7.180048415475348e-06,3.3341133931405725e-06,0.4511184327030934,0.510260004612037,-0.04987104543557919,-0.0009607658644562205
2012-09-14,-0.00035747528106709,7.172609857185832e-06,4.016659361513772e-06,0.0,2.563483793806981e-06,2.651224856765318e-06,0.2325796645623956,0.3948585818125977,-0.05054719412397574,-0.0003738792589363619
2012-09-17,0.0005313050508221596,7.980563513674567e-06,5.537043872297334e-06,0.0,3.380015812195028e-06,2.02190919354523e-06,0.3349502766807346,0.2895393975167122,-0.05014134699888648,0.0005123855184304474
2012-09-18,-0.00014210881732292598,7.3061873698716815e-06,5.361320936376058e-06,0.0,3.644263071552094e-06,2.9658925687729485e-06,0.32603638216532504,0.4481921434062397,-0.050077808147615616,-0.00016138648126949874
2012-09-19,-8.803305918599098e-05,1.0162284824486679e-05,4.5378364938094434e-06,0.0,4.948159920442357e-06,1.9216803501214987e-06,0.37829060687892013,0.3448671061463734,0.022024807325961834,-0.00010960302077485096
2012-09-20,-0.00027696200462361064,9.459320350438897e-06,5.101718415123012e-06,0.0,4.428423064768495e-06,2.2853463925062027e-06,0.25107804262288086,0.37169492893328215,-0.012243265007759671,-0.0002982368128464472
2012-09-21,-0.0004721538581935964,1.4630181488219832e-05,7.392959326382043e-06,0.0,8.303446061804081e-06,2.898161885171163e-06,0.4782598157762032,0.4919359057733921,0.0050447090646366655,-0.0005053786069551735
2012-09-24,-0.0001841569657932285,9.483773157672818e-06,4.669195428732277e-06,0.0,3.695083362508394e-06,1.493513801123169e-06,0.30593110677470536,0.30029041198050527,0.04938009339181292,-0.00020349853154326517
2012-09-25,-0.001209895200504544,7.550002957809193e-06,3.479702808198302e-06,0.0,2.677276849085937e-06,1.4481294406265886e-06,0.2136738416751225,0.2936046126712183,0.05031886664595146,-0.001225050312560264
2012-09-26,0.0003000213990108492,7.513352307347993e-06,4.782035476154993e-06,0.0,4.075779194346697e-06,1.8094136870393466e-06,0.280053931914756,0.35406842406438305,0.050086924641772834,0.00028184081834596017
2012-09-27,0.0010845832469597986,6.7252683470116216e-06,3.817385905500191e-06,0.0,3.0627976666514924e-06,1.5009007922459415e-06,0.23865489102627932,0.3027116303963848,0.050560297299066526,0.0010694768942483893
2012-09-28,0.0003335752647811623,8.937000658095234e-06,5.093128221020851e-06,0.0,3.3176187902360986e-06,1.71061652581231e-06,0.277109679156316,0.3379182543523978,0.05053467801592981,0.0003145169005859978
2012-10-01,-9.508977351088314e-05,7.097675978567877e-06,4.664852685359361e-06,0.0,2.9458277947204325e-06,1.7735626312444062e-06,0.24243479260120382,0.2762987685221907,-0.02165975352686942,-0.00011157169260077521
2012-10-02,0.00011136621444673549,1.2521465229706804e-05,8.811432608616758e-06,0.0,6.533551716328566e-06,3.7295346308386635e-06,0.47441665814012524,0.5765870525704032,-0.04997476541049212,7.97702302612447e-05
2012-10-03,-0.00127544837716147,9.810875035699362e-06,5.960820851080485e-06,0.0,4.7222995441111524e-06,2.0140134638250164e-06,0.407810459712925,0.28787860663377446,-0.050475655288828275,-0.001297956386056186
2012-10-04,-0.0005126472039422714,5.827250768436684e-06,2.872192648001039e-06,0.0,1.910092110331404e-06,1.6570995058498868e-06,0.180179923151865,0.22952644905266278,-0.04886626793011819,-0.0005249138389748903
2012-10-05,3.2092081578582773e-06,9.71181095765446e-06,6.246038410009666e-06,0.0,3.394205311059453e-06,2.508105021217495e-06,0.35846330095470585,0.3712438095919258,-0.050117833972613116,-1.8650951542082798e-05
2012-10-08,0.00044944823132593093,6.503414959516917e-06,3.841419427448593e-06,0.0,3.0028270541272933e-06,2.0613193842713255e-06,0.2532020687468603,0.29699326943117205,-0.04930838712641063,0.0004340392505005668
2012-10-09,-0.0011010654785713417,7.54284988288254e-06,2.5040248954004165e-06,0.0,3.7055736830326413e-06,1.7299491991259763e-06,0.24018050829683485,0.3415968505969499,0.05096538514378604,-0.0011165478762317832
2012-10-10,-0.0006269424627882086,5.578537861501285e-06,3.42156224022684e-06,0.0,3.824137653513267e-06,2.030129703416271e-06,0.20943575841607023,0.3913247112101426,0.05026292103620893,-0.0006417968302468663
2012-10-11,0.00032252878247662433,5.567261243128959e-06,3.1314012760231348e-06,0.0,2.57737686939593e-06,1.7594840845083224e-06,0.19962642468654754,0.3457690917370988,0.050175765539700476,0.000309493259003568
2012-10-12,0.0008921197173863033,6.408399840429272e-06,3.5921401668388317e-06,0.0,2.837329691799367e-06,1.8035249552503497e-06,0.20605529145975168,0.3539216462847487,0.0509294538026899,0.0008774783227319855
2012-10-15,-0.0001070162187718431,9.07535263741739e-06,5.912771280979464e-06,0.0,3.884738727640659e-06,2.773729994928849e-06,0.26102869934764383,0.4163201134946336,-0.049666525653412924,-0.00012866281141280946
2012-10-16,-0.0008606860212837216,1.0265448786535989e-05,5.941957094232314e-06,0.0,4.4396878985913365e-06,2.246301352157099e-06,0.40746170321589825,0.32720333349861813,-0.05017529366377455,-0.0008835794164152383
2012-10-17,0.00014596863399847406,9.817062087837183e-06,6.6474473460053334e-06,0.0,5.521262061698418e-06,3.861797500358478e-06,0.45669904861038335,0.5990294646545112,-0.04975251540571271,0.00012012106500257465
2012-10-18,-7.004890713580924e-05,1.0579025178442525e-05,4.337270498853487e-06,0.0,4.8605175409933486e-06,4.022276901937446e-06,0.29316146375820923,0.6575057379646874,-0.01823678156080366,-9.384799725603604e-05
2012-10-19,0.0006362727978936578,1.113210440573886e-05,7.643680416998255e-06,0.0,5.480775110385955e-06,2.213084345331234e-06,0.4997290660779231,0.41761593553379756,0.045817765518150276,0.0006098031536152036
2012-10-22,0.00044751210695199095,2.6222697351874373e-05,2.2473470620295938e-05,0.0,1.904891586230798e-05,7.646376949126448e-06,1.3502154531678685,1.3348590183446136,0.05026769089136984,0.00037212064616838625
2012-10-23,-0.0018354527622051883,1.1151616564993628e-05,5.897988745633214e-06,0.0,5.713511777148365e-06,6.0617207722083924e-06,0.392560778041175,1.0711155632341707,0.05274647350316064,-0.001864277600065172
2012-10-24,0.0002872172720440635,9.963605230784163e-06,5.546935253713938e-06,0.0,6.039708686880601e-06,6.130666569399298e-06,0.3196631979573177,1.0818874276775055,0.05193544401842326,0.0002595363563032855
2012-10-25,0.0006993917680509672,1.4156794118132244e-05,6.837841672863849e-06,0.0,7.836430140311972e-06,6.150081983232107e-06,0.3692888584952402,1.0842007108824308,0.05098693769943663,0.000664410620136427
2012-10-26,0.0008214461802532404,2.1978921829579554e-05,1.2146821603250759e-05,0.0,1.0735579653049397e-05,3.4935919680857934e-06,0.8631159769452955,0.6376375850794291,0.05071413444101582,0.0007730912651992749
2012-10-31,-0.00037267791266214694,1.704678553420902e-05,9.188933618136172e-06,0.0,7.64937186193586e-06,3.2301404340160815e-06,0.5966051053562174,0.5934469522367003,0.05078335932199872,-0.00040979314411044405
2012-11-01,0.0006637782491970942,1.3459942650547546e-05,8.367022070446338e-06,0.0,7.731061273875933e-06,3.657150285967568e-06,0.3999087187222916,0.5657510766519769,-0.048650171390574676,0.0006305630729162568
2012-11-02,0.0008437465710438485,1.4827314646524586e-05,6.176517261104349e-06,0.0,8.73015485528841e-06,4.171516827624932e-06,0.47917136764616713,0.7532012752838377,0.05238644824284858,0.0008098410674533062
2012-11-05,0.0007545260436475202,1.6987096606527057e-05,8.434130942526588e-06,0.0,8.466577033058168e-06,4.551512286780236e-06,0.5157723465541596,0.8165765595165468,0.05192249533746707,0.0007160867267786282
2012-11-06,0.0007938725335614942,1.4196774436625767e-05,9.375949835058053e-06,0.0,6.277168199771377e-06,3.301693878449907e-06,0.5153420915001276,0.5915836792358651,0.03689910765628088,0.0007607209472115891
2012-11-07,-0.0010421655912787936,2.0432906267656847e-05,1.169959105055341e-05,0.0,1.1605298123901374e-05,6.807744834700852e-06,0.8214981857824837,1.1947947785656212,0.051093646335878484,-0.0010927111315556062
2012-11-08,-0.0005011932638061221,1.9541155720346843e-05,1.1879784003642073e-05,0.0,9.757882670214544e-06,3.6865797922902646e-06,0.6956794879675536,0.6689848453106215,0.04963944020585728,-0.0005460586659926157
2012-11-09,-0.0004855477704888163,8.204875697235955e-06,3.877885127063897e-06,0.0,3.5480663822243225e-06,3.1894715158457046e-06,0.2276755251151724,0.5847626271683579,0.048931412506279415,-0.0005043680692111862
2012-11-12,0.0002701817535980354,1.1755498726581434e-05,5.019870445847514e-06,0.0,6.309074445514503e-06,3.703932371519542e-06,0.30341377017666127,0.672616243089984,0.05035560467470085,0.00024339337760857243
2012-11-13,-0.0007363473493362827,1.640952620397434e-05,6.914781861601849e-06,0.0,8.168927220896133e-06,4.546116109187123e-06,0.40264404393698616,0.8125987260793541,0.048851219735916995,-0.0007723867007319421
2012-11-14,-0.0009887853222404965,1.7255733498120827e-05,1.0702755580619676e-05,0.0,8.037781003391914e-06,2.8681256765073813e-06,0.5920330494081021,0.5303971630627322,0.04855204940949216,-0.0010276497179991363
2012-11-15,0.001128153263950895,1.326044092894375e-05,7.887591174250103e-06,0.0,7.354239727120321e-06,2.4873324820788446e-06,0.44307032825223563,0.4673075285260328,0.04943567153678693,0.001097163659638502
2012-11-16,-0.00039031959261542996,1.3473438850945075e-05,6.822508762354664e-06,0.0,7.005040935392063e-06,2.4696851902134503e-06,0.42759137363654,0.46408530363665873,0.04917819168079887,-0.0004200902663543352
2012-11-19,0.0018847413990686999,1.64163802854158e-05,1.0341181050681301e-05,0.0,9.419438366136177e-06,3.084871187703525e-06,0.49366124446945714,0.46929933749345387,-0.048959022040738376,0.001845479528178763
2012-11-20,-0.00019002389098547813,7.429900825895735e-06,4.611452311094539e-06,0.0,3.281064222886038e-06,3.1410037522690445e-06,0.26197930525320806,0.4779715621581266,-0.04971706822307306,-0.00020848731209762347
2012-11-21,-0.0005479190873107529,1.1289348079617118e-05,4.913553602418482e-06,0.0,6.835443442103823e-06,2.553891388763701e-06,0.3112265537491379,0.3788894063213993,-0.05016434699090232,-0.000573511323823656
2012-11-26,-0.00025632220668624084,9.58303751098475e-06,4.384346199350636e-06,0.0,4.656901623222251e-06,2.7224755579281177e-06,0.24192270066805904,0.4072440160012326,-0.05013187773069111,-0.0002776689675777266
2012-11-27,-2.7127863219518113e-05,1.3508804527593038e-05,6.653387676708553e-06,0.0,5.878136409196892e-06,3.12863773894109e-06,0.4382851761234593,0.47547862599373303,-0.05013251414836992,-5.629682957195768e-05
2012-11-28,-0.000946139733587833,9.740528767948638e-06,4.843476679794714e-06,0.0,3.237410253096724e-06,2.3658144782208563e-06,0.2566976997575336,0.34686596518114354,-0.05059086715996032,-0.0009663269637668939
2012-11-29,-0.000617376710507795,9.04250932008317e-06,5.443587912605848e-06,0.0,5.447705431650995e-06,3.403731657049411e-06,0.3686547054252059,0.5214140883909768,-0.05041282999332425,-0.0006407142448291844
2012-11-30,-0.0015054442645213262,8.34567295599183e-06,5.801421347108336e-06,0.0,3.7363837586950554e-06,2.6820655558664976e-06,0.3376564602705189,0.39958473508057996,-0.051002278304991606,-0.0015260098081389878
2012-12-03,0.0008270492535220416,1.5551512035494304e-05,6.320854274731498e-06,0.0,7.606576870192562e-06,3.7990239834454354e-06,0.5158424861764189,0.6879176324065627,0.04968160318772952,0.0007937712863581778
2012-12-04,-0.0005547757175352661,1.458120794794601e-05,8.704938115242782e-06,0.0,7.2237765357576315e-06,1.881061476344283e-06,0.48015647067949957,0.3662623479725283,0.05024401994668881,-0.0005871667016105568
2012-12-05,0.0008926088629821393,1.5338917789178892e-05,6.871290265524717e-06,0.0,6.582735776750006e-06,3.182208206562963e-06,0.37472343842307476,0.5847635931070321,0.05015261440445434,0.0008606337109441228
2012-12-06,5.490863874677748e-05,1.2995909007035464e-05,6.0779302355853256e-06,0.0,5.981418012022088e-06,3.052711497022058e-06,0.2911785741145372,0.48814470135079335,-0.02471083014891237,2.6800669995112542e-05
2012-12-07,0.00017520036038398739,8.354260900720687e-06,3.6766539666202356e-06,0.0,2.7663177224884045e-06,2.6733910280247013e-06,0.1841687321166267,0.39968021659979025,-0.04944947610835955,0.00015772973676613335
2012-12-10,0.00013933063049725123,9.657426987908023e-06,4.7631983757811195e-06,0.0,6.1265403270735944e-06,3.368039028565917e-06,0.3039973491658665,0.5161313401872514,-0.049699216611822555,0.00011541542577792258
2012-12-11,-0.0001273316639014078,1.0505151973978708e-05,4.311878188163161e-06,0.0,6.239173956876457e-06,3.0942486618011735e-06,0.24690208427005725,0.470243832504079,-0.0495899426785181,-0.0001514821166822273
2012-12-12,-4.591251954517135e-05,1.0477339419730588e-05,5.47352660978404e-06,0.0,3.6603394654240004e-06,2.317544501291848e-06,0.27489622331524466,0.33914757893721065,-0.050199897279819786,-6.784126954140183e-05
2012-12-13,0.0005198627163274888,1.1680588639342085e-05,5.492353633681039e-06,0.0,8.437882856786804e-06,3.1259582511109974e-06,0.40430702373202154,0.5495251057467234,0.024364119560075753,0.0004911259329465679
2012-12-14,-0.0007281564747297667,1.1636805676887363e-05,7.2851981778720575e-06,0.0,6.050639244204099e-06,1.6913745644282163e-06,0.39574975232498166,0.30285694780758937,0.018706020983648885,-0.0007548204923931584
2012-12-17,0.0007070094778479525,2.0114706581723894e-05,1.504667411186683e-05,0.0,1.0688892137379555e-05,5.2735878650370765e-06,0.8239777733227815,0.8366790041722847,-0.04928375715394401,0.0006558856171519451
2012-12-18,-0.0008389762948037917,1.533041827003495e-05,9.164218607967492e-06,0.0,7.223900385449486e-06,2.5071196997532394e-06,0.6181941381040363,0.37173555251907625,-0.04946055703946807,-0.0008732019517669969
2012-12-19,0.0002959096644503811,2.464105425077308e-05,1.4652370142944379e-05,0.0,1.2965543798049971e-05,5.95208383812505e-06,1.080133179176705,0.9805528471024898,-0.01939723770251839,0.00023769861242048864
2012-12-20,-0.0013533097433956302,9.218663204318835e-06,7.278635088943865e-06,0.0,4.097704482327393e-06,4.613423222364457e-06,0.41509386036082835,0.725138858202024,-0.049916243155204765,-0.0013785181693935847
2012-12-21,0.000899151839057477,1.2843153875669709e-05,7.756190756854882e-06,0.0,5.56107508444351e-06,2.1432761232132975e-06,0.5104909183881736,0.40054295332670625,0.040472564626872314,0.0008708481432172956
2012-12-26,-0.0006680958751362075,6.162191825376315e-06,3.551429787306752e-06,0.0,2.123087970864607e-06,1.720208550508197e-06,0.2187726190106774,0.33840898479469106,0.04941394830931409,-0.0006816527932702633
2012-12-27,8.86066925989925e-05,6.1064167547080316e-06,3.2216783156821235e-06,0.0,2.487054949690324e-06,1.8258368895725918e-06,0.20291022583554177,0.3560216418868556,0.04928104443866023,7.496570568933943e-05
2012-12-28,-0.0004391940264668934,4.827278979941695e-06,3.065616744675446e-06,0.0,1.32948855181836e-06,2.1859864289557587e-06,0.20476300814339288,0.41631871637218065,0.04907299630761333,-0.0004506023971722847
2012-12-31,0.0012249614937854425,1.9826821645558018e-05,1.6371353271404476e-05,0.0,1.0844561832630358e-05,5.011288812995652e-06,0.8727919136575268,0.7933693577928225,-0.048527162790447165,0.001172907468222854
2013-01-02,0.0003724727956986804,1.52926054205547e-05,7.075773848895342e-06,0.0,7.157802557432365e-06,4.2045511074837085e-06,0.41123828712479044,0.6553154176847211,-0.051049168372541975,0.00033874206276431426
2013-01-03,-0.0014327941237635034,8.325354407308382e-06,4.769263305816495e-06,0.0,3.2745789813405558e-06,2.9861092748296544e-06,0.3192893399810088,0.4503570136836573,-0.05130934448772426,-0.0014521494297327984
2013-01-04,-0.001295086140161538,9.479332076155121e-06,5.355538153673681e-06,0.0,4.006154606893145e-06,2.3545268935703315e-06,0.3627543070379914,0.3429041106143165,-0.05265640750549943,-0.0013162816918918302
2013-01-07,0.0007926448928926069,7.652948693455644e-06,3.844718866497324e-06,0.0,3.900697609456943e-06,2.2099521684586155e-06,0.247170775502629,0.3211472248662424,-0.05012473943480487,0.0007750365755547383
2013-01-08,8.420408387836035e-05,9.032392918701372e-06,7.52288779059054e-06,0.0,4.964703733480004e-06,3.0970547709718754e-06,0.46203137917087256,0.4705876857057144,-0.04971751581756062,5.958704466461656e-05
2013-01-09,-0.0001085337029436431,1.2712783260035884e-05,7.062364333590864e-06,0.0,5.1939479759109064e-06,4.119431529135797e-06,0.39201342148676865,0.6417934846959071,-0.05027101219890634,-0.00013762223004231655
2013-01-10,-0.000264880857698795,1.301381431561522e-05,6.9777202298740894e-06,0.0,5.308615979202094e-06,2.3828090027388517e-06,0.4806161804687032,0.35062572226610056,-0.04968619019402652,-0.00029256381722622525
2013-01-11,0.0001453136599814059,8.035843236621775e-06,3.1625790667313732e-06,0.0,2.4513364166650967e-06,1.96525832993139e-06,0.20577617832829398,0.28057007231476216,-0.049593327113711325,0.00012969864293145626
2013-01-14,-0.00012223446893084135,6.6155629355859585e-06,2.8511491419031247e-06,0.0,2.3801741316717716e-06,1.8546893951784622e-06,0.14115534719181924,0.26184295418862835,-0.0497448642013532,-0.00013593604453518066
2013-01-15,6.852261182301904e-05,9.223095956089543e-06,2.8039594162033725e-06,0.0,4.800807560932497e-06,1.3951195462387038e-06,0.23434194879641085,0.2842076859202412,0.04982760215213887,5.029962934355492e-05
2013-01-16,0.000160992861737382,1.2005790825903038e-05,5.104883769703285e-06,0.0,4.401936641669571e-06,1.560015072194801e-06,0.19758843524495623,0.27341337991537595,0.011330847786649407,0.0001379202354279113
2013-01-17,0.000112230289265679,1.8954057999671745e-05,1.1019062259813696e-05,0.0,7.551313018196854e-06,4.9882884970232e-06,0.7552329923588021,0.8319636409022877,-0.006068826597610044,6.97175674909735e-05
2013-01-18,-0.0001453452714519603,8.909213966701286e-06,6.674669303071457e-06,0.0,3.3875830024206543e-06,4.338398277754493e-06,0.34709297158766916,0.6786966946888147,-0.050154215973940014,-0.00016865513600190817
2013-01-22,-9.149022567486841e-05,8.271501608961554e-06,4.576017298916654e-06,0.0,3.3438988776801784e-06,3.4895074758759374e-06,0.27663632404455407,0.5365182460222291,-0.049719009924928365,-0.00011117115093630273
2013-01-23,0.00010062530910628723,4.3621821350753085e-06,3.0444866629724382e-06,0.0,1.5612963028434239e-06,2.7965654009776157e-06,0.18337356863312232,0.4202206084111428,-0.04960237895309652,8.886077860441845e-05
2013-01-24,0.00043098353374623825,1.2852475209111228e-05,6.437293701161699e-06,0.0,6.009082296750919e-06,4.182142257796666e-06,0.4716221627698004,0.6915183027303147,-0.011081596579525343,0.00040150254028141773
2013-01-25,0.00040768081950046315,1.121401604476159e-05,7.832193817812704e-06,0.0,3.4451244039297766e-06,3.367128663682995e-06,0.4300959924297983,0.5163505427454131,-0.04932707275333015,0.0003818223565702761
2013-01-28,7.70741767266768e-05,7.5782341302031656e-06,3.546074063210986e-06,0.0,3.015905509811101e-06,2.8034196640638615e-06,0.18413433242561997,0.42153739559708314,-0.04943710796564538,6.013054335938769e-05
2013-01-29,-0.0002470541877331161,5.947593647774354e-06,3.882152009704856e-06,0.0,3.0919302138142327e-06,3.349210949497089e-06,0.26574835803978375,0.5129803618988925,-0.04968707761661839,-0.00026332507455390663
2013-01-30,0.0013682036497964913,8.47429177362323e-06,6.601542361823771e-06,0.0,4.448566953275017e-06,2.2421049303494777e-06,0.40143100387823105,0.32694154402046394,-0.04973208427824823,0.0013464371437774197
2013-01-31,0.0003338163565628459,1.0837128833999771e-05,4.928463074976573e-06,0.0,4.363776906836445e-06,1.8646722729852195e-06,0.26104209595586036,0.2632007339194792,-0.05006420794203758,0.0003118223154740479
2013-02-01,-0.0002763873364723312,5.259331278151929e-06,2.682909198523017e-06,0.0,2.6904804622383517e-06,1.844862936509853e-06,0.21719942612601092,0.3214552020111293,0.011518228677473923,-0.00028886492034775434
2013-02-04,-0.0007035688478065541,5.575566627817864e-06,2.736505341767935e-06,0.0,2.712331267705067e-06,1.3859365495154353e-06,0.19698099075557493,0.28339996450692373,0.05056262418833053,-0.0007159791875933604
2013-02-05,0.0008266249413015396,1.204368625098313e-05,7.152398955291534e-06,0.0,6.799757104026738e-06,2.623149237687952e-06,0.4780605701328148,0.47814737955708714,0.03745830762551117,0.0007980059497535503
2013-02-06,0.00028734946336995526,9.955085065167467e-06,6.568921025113063e-06,0.0,5.707897370573006e-06,1.5456947650949133e-06,0.38776849592632195,0.30776048508752896,0.04808376455158354,0.0002635718651440068
2013-02-07,-0.0003539955836787869,8.157083428270441e-06,4.219386925450902e-06,0.0,4.2057458393148245e-06,1.8508622307384763e-06,0.20505860355328123,0.3360259458451711,0.025081091081107156,-0.00037242866210256153
2013-02-08,0.00028816860311748537,7.472646573270478e-06,4.622709624499991e-06,0.0,3.484406281600295e-06,2.0190493233915392e-06,0.21970551048836384,0.2891717055302351,-0.05002858079954351,0.0002705697913147231
2013-02-11,-0.00038466136230115046,9.059144339208079e-06,5.4401191209755945e-06,0.0,3.696849874989489e-06,2.543639217585212e-06,0.36655865275607913,0.37782827275901376,-0.04950311579530188,-0.00040540111485390883
2013-02-12,0.0005670460424331674,6.699158333930884e-06,2.6604997748745768e-06,0.0,2.743420895205679e-06,2.5238260178793423e-06,0.15894004490440836,0.3742156518983887,-0.0497871191053407,0.000552419137411277
2013-02-13,-0.0003994458023614124,7.071982781485804e-06,5.654127427005236e-06,0.0,2.6589689594459807e-06,2.053290528619261e-06,0.33828456951864827,0.2951428497384029,-0.04980995906963293,-0.0004168841720579687
2013-02-14,-0.000550644556367102,6.24196204871515e-06,3.1920171364438025e-06,0.0,3.274917866750658e-06,2.3077168319765406e-06,0.20193238584433038,0.337100479856636,-0.0505959479154228,-0.0005656611702509882
2013-02-15,9.715414607347294e-05,9.045807755778801e-06,5.163540272506799e-06,0.0,4.951320807412907e-06,2.4641249325213548e-06,0.2927093504772764,0.36385569291818043,-0.05011729574540705,7.552935230525307e-05
2013-02-19,-0.00017685038405596757,7.467154785781382e-06,4.0223137988215685e-06,0.0,4.638342779210206e-06,2.3425267419803355e-06,0.23455747320613757,0.343454508901887,-0.050089983750809516,-0.00019532072216176108
2013-02-20,0.0005547637912255177,8.983364417246638e-06,5.56407652686594e-06,0.0,3.6554898897643126e-06,3.0284484298473996e-06,0.39694889086456414,0.4789816252883134,-0.02979771092604981,0.0005335324119617934
2013-02-21,-7.502953185232824e-05,7.326051441702777e-06,2.8893139240540607e-06,0.0,3.5178744916039448e-06,2.252949718785509e-06,0.24037339389713913,0.4280139380989729,0.04951838534300765,-9.101572142847453e-05
2013-02-22,0.0014563727493369736,1.0409859682991063e-05,8.439364545242304e-06,0.0,6.519514158343633e-06,2.820579791167597e-06,0.5242918687860024,0.5243224726781477,0.050465067761991264,0.001428183431159229
2013-02-25,-0.0010857647153476172,1.1966099308375901e-05,8.220137985505012e-06,0.0,4.901677959911504e-06,3.0293889016048574e-06,0.587612874534402,0.5594939900178112,0.050556654548195135,-0.0011138820195030145
2013-02-26,-6.250602528164527e-05,1.3695761299892178e-05,6.147830858840876e-06,0.0,5.686047130780756e-06,3.4890325785731162e-06,0.38723644283321745,0.6365548052428307,0.050397332042547094,-9.152469714973219e-05
2013-02-27,0.00313864411395873,1.139012331483777e-05,6.048041285889701e-06,0.0,5.696941308125175e-06,4.200583037776593e-06,0.3691016399198376,0.757842803004607,0.05214485265813906,0.0031113084250121007
2013-02-28,0.0004990891360222396,1.3278727149454502e-05,1.0868984368582907e-05,0.0,5.861846795062591e-06,7.706616094146815e-06,0.667543933333192,1.252427018710869,-0.04228448510579608,0.00046137296161499275
2013-03-01,-0.001318109149561225,1.1748408143810583e-05,9.718218010166114e-06,0.0,4.417840816106855e-06,5.615337639655501e-06,0.5655091478839003,0.8939807217450462,-0.04939600171707825,-0.001349608954170964
2013-03-04,-0.0010039775186964034,8.94953553970601e-06,6.424678096377218e-06,0.0,3.594924120512327e-06,4.10436756412482e-06,0.3708724610882972,0.6388909575447577,-0.05064279322821219,-0.0010270510240171238
2013-03-05,-0.000261590915040445,7.965705753116456e-06,4.766829617201123e-06,0.0,3.612545996841389e-06,4.652059022029898e-06,0.3187976458349028,0.7320233889745855,-0.04952252672643723,-0.0002825880554296339
2013-03-06,0.000699592235679891,8.01320581551152e-06,6.2236008513906895e-06,0.0,3.300967845581203e-06,3.1504733719280553e-06,0.372132526487555,0.4802150920324414,-0.049064434451471864,0.0006789039877954795
2013-03-07,0.00014407697769359685,6.4763004486630685e-06,3.5253143058108973e-06,0.0,2.9680027084304912e-06,2.865836649549782e-06,0.19117359368197973,0.43157192615670026,-0.04988863096766312,0.0001282415235811426
2013-03-08,-0.00046632413894796663,7.0170655468809035e-06,4.005674944890723e-06,0.0,2.7268220830113672e-06,3.6205190442128792e-06,0.2743628219177826,0.5584146840882487,-0.04983251533951508,-0.0004836942205669625
2013-03-11,-0.0005987154171059481,5.990578388472713e-06,3.835352378741621e-06,0.0,1.8211883534924116e-06,2.7087396978437815e-06,0.22619686981159057,0.4049781940455424,-0.05009007519221301,-0.0006130712759244986
2013-03-12,0.0005766645729568015,4.393533130248769e-06,2.3946249944878805e-06,0.0,1.931692530414153e-06,2.409996695401165e-06,0.14967459255406232,0.35495579075970446,-0.04992365406769121,0.0005655347256062496
2013-03-13,0.00029083607671589323,8.367248053194499e-06,5.270062486203158e-06,0.0,3.712124034456171e-06,2.0696475046222575e-06,0.2876649695430099,0.2980649825475978,-0.04963579822894154,0.00027141699463741715
2013-03-14,-0.00026362282476905896,8.85920665833398e-06,3.872680569681646e-06,0.0,3.4024128314872666e-06,2.0555927669650074e-06,0.22142075606392395,0.2960704671602184,-0.04926911768990314,-0.0002818127175955269
2013-03-15,0.0002777480652854022,8.833971429528821e-06,5.4656671131208806e-06,0.0,4.634648787933132e-06,3.013297246987931e-06,0.3584646133988329,0.45611578647246487,-0.050118151021507774,0.00025580048070783143
2013-03-18,0.00011444806522127688,8.773194717945556e-06,7.331425958242608e-06,0.0,4.897177683301687e-06,2.7129965857828383e-06,0.44764093772288144,0.4061247226995759,-0.04965870371194098,9.073327027600419e-05
2013-03-19,-0.00027253788894635343,1.6446026726301695e-05,1.1747964960858725e-05,0.0,7.66130019847177e-06,5.2296572794305805e-06,0.7693112197370173,0.9289595822010928,0.05037715925675551,-0.0003136228381114162
2013-03-20,0.0002089347471997247,1.235986979213816e-05,8.003909274494212e-06,0.0,4.532245219355358e-06,2.873852895233022e-06,0.5766147412570128,0.5315707666289957,0.04876348022984803,0.00018116487001850395
2013-03-21,-0.0005634003044847881,7.45067295080661e-06,3.7279567230861123e-06,0.0,2.5858853416980383e-06,1.9543244212898865e-06,0.2431962578703885,0.37780139074183605,0.049474887965135,-0.0005791191439216688
2013-03-22,0.0008669748360286344,6.243020754553672e-06,3.960141283396361e-06,0.0,2.7436959173434985e-06,2.0183848579972822e-06,0.20130521988570124,0.3523573694945391,0.013268713350995748,0.0008520095932153436
2013-03-25,0.00018741020104812137,5.783923380054507e-06,3.4932030523806675e-06,0.0,2.7050510885662663e-06,2.39151384369571e-06,0.18347120378792528,0.4110941440099936,0.009319818269114266,0.0001730365096834242
2013-03-26,0.00041497812236700106,7.985710855948295e-06,5.209397065225631e-06,0.0,3.194698599872447e-06,1.7907120856542215e-06,0.30219127030835097,0.2510281889412021,-0.04981144144870709,0.0003967976037603005
2013-03-27,0.0007580035748119169,5.194917399923982e-06,2.1056326046092326e-06,0.0,1.9531552886457388e-06,1.5762205386336694e-06,0.1331392370833648,0.23004995486428625,-0.034755095626170254,0.0007471736489801042
2013-03-28,-0.0010184021360284058,9.942146661037284e-06,4.020812030684562e-06,0.0,3.7149920426354964e-06,1.930512088471823e-06,0.2302984186938593,0.2740973662223624,-0.05022866464090397,-0.001038010598851235
2013-04-01,0.0006643917088830505,6.859493937286682e-06,4.250759806499394e-06,0.0,2.3788622577503225e-06,2.375710325565458e-06,0.2379744688148071,0.3501344057584219,-0.04898492893657519,0.0006485268825559486
2013-04-02,-0.0004824575285056467,1.1194597538262981e-05,9.956997078116387e-06,0.0,4.9884362889953856e-06,4.8962468151014524e-06,0.6212021036585613,0.7732642707266271,-0.04930519421041735,-0.0005134938062261229
2013-04-03,0.0009578263657100608,8.99630431746954e-06,4.981270704545078e-06,0.0,3.754189099837504e-06,4.128719418074999e-06,0.30538743281271097,0.6462846690936208,-0.04734019314297905,0.0009359658821701337
2013-04-04,-0.000687147592374202,1.001889820189391e-05,5.258993564860888e-06,0.0,4.329497390100431e-06,3.6079536048147244e-06,0.3318243118335632,0.5567909611924238,-0.04934524441644947,-0.000710362935135872
2013-04-05,0.000697648292638523,1.1518173157466282e-05,5.954413638166019e-06,0.0,4.567820301789909e-06,4.1454443819659895e-06,0.29896037766280664,0.6472336918197656,-0.04920096435052068,0.0006714624411591349
2013-04-08,-0.00011196577261431423,1.3347239208515778e-05,6.222893061806466e-06,0.0,4.9123472438289724e-06,2.658972559810643e-06,0.4069507222976556,0.3969934081741385,-0.04971398187404946,-0.0001391072246882761
2013-04-09,-4.3895779992976084e-05,7.781978597862587e-06,5.609528283311459e-06,0.0,3.1887430365567547e-06,2.1799024306057393e-06,0.3978832410563537,0.3162996617462889,-0.04992394659547516,-6.265593234131262e-05
2013-04-10,-0.0011336039817826864,7.462934817563924e-06,4.079173207396232e-06,0.0,3.1645439556041914e-06,2.6053585229902846e-06,0.2754352985509525,0.387988675508784,-0.04971155635358385,-0.001150915992286241
2013-04-11,-0.0007886234493486119,5.316499428387836e-06,2.2733209902303146e-06,0.0,2.0254880856753358e-06,2.649331697866697e-06,0.13123093337603897,0.39503715316963894,-0.05005057207196602,-0.0008008880895507721
2013-04-12,-7.716801709102925e-05,7.623681941136031e-06,3.724386669883639e-06,0.0,2.769333947142959e-06,2.585604252823801e-06,0.21320359367111344,0.3841359028142056,-0.050245611660193104,-9.387102390201568e-05
2013-04-15,0.00044384582007325914,1.0772302593629884e-05,4.873887515501618e-06,0.0,5.3353541258826915e-06,3.1054865511532268e-06,0.39832000815684254,0.5711611317955463,0.049439391201804184,0.00041975878928709174
2013-04-16,0.0006972327873626161,9.86059168044213e-06,8.556139184537789e-06,0.0,5.868170139098518e-06,2.4930491232115606e-06,0.5265141015068749,0.4698175958325276,0.05098534313298538,0.0006704548372353261
2013-04-17,-0.0005654658108940582,1.0843524496578626e-05,5.956314588780678e-06,0.0,4.7235133580772e-06,2.1653253357026396e-06,0.27832267113708437,0.3831469238997912,0.019372267501747878,-0.0005891544886731973
2013-04-18,-0.0009766345807649887,7.217831280627621e-06,3.2742052348935038e-06,0.0,3.819041221710333e-06,1.9315339061007423e-06,0.22302358304470926,0.3747285194726731,0.05023082324774829,-0.000992877192408321
2013-04-19,-0.00031025190922412264,7.706502298982888e-06,4.034128609013971e-06,0.0,3.8813495868091796e-06,2.089058236965645e-06,0.24763287665542716,0.4007674827461947,0.04980569893596645,-0.00032796294795589434
2013-04-22,0.00023835071368139184,1.164929280519707e-05,7.86636950699371e-06,0.0,6.051714992525614e-06,2.409622909515868e-06,0.5124350845566588,0.39714764228792737,-0.0076690065107383465,0.00021037371346715957
2013-04-23,0.001158348479852709,5.575484485409755e-06,3.3866994855010135e-06,0.0,1.8415290050801182e-06,2.287228816357003e-06,0.16341697878580724,0.33576495376997284,-0.04848948737800368,0.001145257538060361
2013-04-24,0.0012498955100600313,4.654794273387473e-06,3.7529747691643834e-06,0.0,5.020524026385057e-06,2.716493917005877e-06,0.24386165601010068,0.407089627629156,-0.04928135042783144,0.0012337507230740885
2013-04-25,5.17139624307381e-05,7.864070900201721e-06,4.318105267058708e-06,0.0,3.841055490444369e-06,3.542953251198242e-06,0.2881271550062646,0.5458956764810852,-0.049320469720219584,3.2147777521835065e-05
2013-04-26,0.0005438358894327353,1.0211432017021848e-05,6.925497050349514e-06,0.0,6.441075646362612e-06,4.795374991971995e-06,0.4431424647447964,0.756215239407521,-0.04940775924377394,0.0005154625097270293
2013-04-29,-0.0005111461995118433,7.509351070459243e-06,4.698398365479283e-06,0.0,4.61711330281325e-06,4.387264612554941e-06,0.2921488158842864,0.687492242452474,-0.0495682124567563,-0.0005323583268631501
2013-04-30,0.0001697956861594322,7.630918792196825e-06,5.981028067807129e-06,0.0,3.6877929754280508e-06,3.156606545288327e-06,0.3630945403667007,0.480433464056717,-0.049876435551721804,0.00014933933977871188
2013-05-01,0.0005610282986541191,4.831736165203998e-06,3.0621996012663192e-06,0.0,2.797537704883521e-06,3.0717338475211373e-06,0.18578835777026417,0.4657851960663763,-0.05026609031717502,0.0005472650913352442
2013-05-02,-0.000676171344734039,5.313876130942425e-06,3.456853004684384e-06,0.0,2.7229629152390897e-06,2.7814387778193728e-06,0.20655135987640094,0.41743181071371016,-0.04984990395994479,-0.0006904464755627242
2013-05-03,-0.000115146799588826,6.916863996381822e-06,4.002001739192333e-06,0.0,4.4634249998238506e-06,2.8913545169583476e-06,0.2734242382960771,0.4370224834506549,-0.04872507539834742,-0.00013342044484118237
2013-05-06,0.0004013584437483831,6.4016454813832375e-06,4.001340864915294e-06,0.0,3.6654679874733965e-06,3.585470151243889e-06,0.26137962615500143,0.5534098614703502,-0.04894912393862319,0.0003837045192633673
2013-05-07,0.00015772259958924287,3.4872587443644058e-06,2.466647881708447e-06,0.0,1.869357710816724e-06,3.3599119314621894e-06,0.15300278271530393,0.5159756917634589,-0.04848951272218879,0.0001465394233208911
2013-05-08,3.819486244083951e-05,4.465671418182137e-06,3.5710827174889505e-06,0.0,2.0199797762264975e-06,2.5588762049475434e-06,0.21651259650217217,0.3800797532458091,-0.04981144918537829,2.557925232399438e-05
2013-05-09,-0.0006710760131737305,5.681225962397723e-06,3.0781139331472646e-06,0.0,2.5485715001355227e-06,2.6199793765362863e-06,0.18942655106304332,0.3899246363026453,-0.05023189895545081,-0.0006850039039459473
2013-05-10,0.0002477468007480608,7.496879625460607e-06,6.024097041746277e-06,0.0,2.953444149400628e-06,1.9303706970479134e-06,0.35537147326545115,0.2740063260095603,-0.05029595109448921,0.0002293420092344054
2013-05-13,0.00032729307999043326,4.998022424059322e-06,2.9765898751884697e-06,0.0,2.4649935618012575e-06,2.004153130730377e-06,0.17822412208562166,0.2867518161614283,-0.04994590980127499,0.00031484932099865384
2013-05-14,-0.00038958588611847966,7.137548517587648e-06,4.293093311258048e-06,0.0,3.551716229502127e-06,2.029313077254916e-06,0.29149797269342304,0.29122376552307633,-0.04970083145574945,-0.0004065975572540824
2013-05-15,0.0005563406529653118,5.2824792818761255e-06,3.6705060213536727e-06,0.0,2.310072437990694e-06,1.5953669630153058e-06,0.22161574601495387,0.21827816449612597,-0.04974348529044535,0.000543482228261076
2013-05-16,0.0005681794984966569,5.6559521372191e-06,3.740710194344034e-06,0.0,2.7521504993775355e-06,2.103988527638451e-06,0.2499358939886267,0.3040790064423785,-0.049391066200881184,0.0005539266971380778
2013-05-17,-0.0005406428198395288,4.676587617205317e-06,2.0202522938186743e-06,0.0,2.273941510649142e-06,2.1127642862122277e-06,0.13458104745175076,0.31323261426534094,-0.04171178581831337,-0.0005517263655474142
2013-05-20,0.0004819906162436267,6.465169645970139e-06,3.025915319958095e-06,0.0,3.029948518420335e-06,2.4141400228221234e-06,0.17825280506692132,0.3558360014708285,-0.04973952236328831,0.000467055442736456
2013-05-21,-0.000121822931535519,7.777459414756624e-06,4.562432358466688e-06,0.0,3.3435641737413097e-06,3.1043832963172166e-06,0.3005386863967383,0.4718546580380969,-0.049681735743195315,-0.00014061077077880084
2013-05-22,-8.884819144892255e-05,1.0372832884495298e-05,8.938283338847378e-06,0.0,4.4934335957309226e-06,2.660854417301853e-06,0.5323717790906292,0.3965074323991957,-0.050516109707515286,-0.000115313595685298
2013-05-23,0.0005030781751281764,8.296477031806336e-06,4.5564049516238745e-06,0.0,4.1214045443068364e-06,2.5291998911000346e-06,0.2561792685839312,0.37520843276263516,-0.049697148942170866,0.0004835746887093393
2013-05-24,0.0005161683810269043,1.7902567342598552e-05,1.3934140284405819e-05,0.0,9.225058128371529e-06,6.007641034578865e-06,0.859875669138247,1.0009387304157977,-0.008344963393451643,0.0004690989742369495
2013-05-28,0.0011238507448446734,1.2542543705422843e-05,7.3900550721104745e-06,0.0,5.61798714785633e-06,3.707013446665597e-06,0.5772585542376378,0.6720605682800891,0.04928230924026908,0.0010945931454726182
2013-05-29,0.00011710645669075925,8.581898108682819e-06,6.38459245717749e-06,0.0,4.2880824235408305e-06,2.058631598513682e-06,0.45353765725469053,0.3955971077385053,0.04974699918820677,9.579325210284443e-05
2013-05-30,-0.00024378735551381563,1.3775339432395076e-05,9.362038383792926e-06,0.0,5.808556293584213e-06,3.463276258332773e-06,0.6680504497792864,0.6301950943963012,0.04836468299639557,-0.0002761965658819206
2013-05-31,-0.0005918454311172592,7.123423555628365e-06,4.684335799803645e-06,0.0,3.362424037745145e-06,2.679952296937414e-06,0.28928724722533916,0.49969458326610017,0.049462597380614565,-0.0006096955668073738
2013-06-03,3.251517797143962e-05,8.270041034918255e-06,6.767919973201016e-06,0.0,3.1987064533575707e-06,2.455036921419115e-06,0.30843968463603366,0.3631557807776914,-0.04929042202071996,1.1823473588543661e-05
2013-06-04,8.135354170969657e-05,6.256414969036406e-06,2.183674909420158e-06,0.0,2.8726083712144046e-06,2.201498753618261e-06,0.22348128109574722,0.42017534977415694,0.05032355916628929,6.783934470640734e-05
2013-06-05,-0.0005947250156482026,6.174853106469624e-06,4.098219149064549e-06,0.0,2.474289186834321e-06,3.199066608643468e-06,0.2753249580478151,0.5867820012892893,0.049338811037186264,-0.0006106714436992145
2013-06-06,0.0016664181419946726,1.429513394956263e-05,1.3616518795110507e-05,0.0,8.792311571963938e-06,3.7104952445015418e-06,0.8030407284456849,0.6353050586698226,0.011941857593564115,0.001626003682433534
2013-06-07,-0.000780647770470098,1.1388663440082502e-05,8.317402091463747e-06,0.0,6.3849204804328205e-06,2.020736086525261e-06,0.4952857960564413,0.2901245459505437,-0.049359116585700004,-0.0008087594925686023
2013-06-10,0.00022795121332017034,7.408811526171505e-06,4.362326213174947e-06,0.0,2.7865359303577406e-06,2.7058456702349947e-06,0.3085870762391806,0.4047650333182891,-0.049817039281189905,0.00021068769398023115
2013-06-11,0.0013396411532593919,6.155166952501889e-06,2.63009230381812e-06,0.0,3.0158482927053754e-06,2.075715111307681e-06,0.2097966809930834,0.37434849835929757,0.025628359659606997,0.0013257643305990589
2013-06-12,-0.0011098345813299357,8.450820432216842e-06,6.114902175901754e-06,0.0,3.885900090898827e-06,1.551090245125341e-06,0.3275114251010907,0.25702084204148323,-0.0035623191395741625,-0.0011298372942740785
2013-06-13,-0.00043867382888117577,6.775860264088452e-06,3.4551876647625818e-06,0.0,2.666103304715509e-06,1.658919819532626e-06,0.24248206647829318,0.32881916541100353,0.05012063572952231,-0.0004532298999342749
2013-06-14,-0.00027243948746215004,4.442309045776067e-06,3.0064466667794963e-06,0.0,2.112747129054258e-06,1.944167751595551e-06,0.12505232839810557,0.3155026785997218,-0.011117503668330794,-0.0002839451580553554
2013-06-17,7.493633412066629e-05,5.792654571056246e-06,3.252010003913178e-06,0.0,2.625795799606952e-06,1.230211459035939e-06,0.2372774731566763,0.21446926354787216,0.0077937384298344715,6.203566228705397e-05
2013-06-18,0.00015714102928268578,6.631388776900721e-06,4.436456731195882e-06,0.0,2.324301478492199e-06,1.8371852049599283e-06,0.24868667765836303,0.25860119473589926,-0.05004591969736867,0.00014191169709113706
2013-06-19,0.0006806512586261592,1.4757278430520889e-05,9.369544430359246e-06,0.0,6.193026345451844e-06,4.6509013906466105e-06,0.6524821119095485,0.7315067644754281,-0.049844669153202736,0.0006456805080291806
2013-06-20,0.0010766397546066468,1.6075852964505706e-05,1.1820729321056739e-05,0.0,6.271578420588379e-06,2.7929871670351183e-06,0.6522116805817502,0.41784425626228205,-0.051377587799617555,0.0010396786067334608
2013-06-21,0.0006232035648436412,8.840873100129296e-06,4.855217135879285e-06,0.0,3.5449252273304427e-06,2.079013965213818e-06,0.37313592724245903,0.3940298069827872,0.04475546082686586,0.0006038835354150883
2013-06-24,-0.0002075315070881062,7.78619448383957e-06,4.6584894444331555e-06,0.0,3.0057623015255704e-06,1.9322428459294024e-06,0.32686336170332037,0.3740464968349004,0.04942969871876074,-0.0002249141961638339
2013-06-25,0.00046800875991204,1.0841320137640268e-05,6.605956914641287e-06,0.0,4.564139887527661e-06,2.8522863795588237e-06,0.46328803889006487,0.5299667846103092,0.05078267284442667,0.00044314505659267194
2013-06-26,0.0003847659043550856,5.425850360452543e-06,3.1461946143839048e-06,0.0,2.4127562203291117e-06,2.2593966240990753e-06,0.19091384095353733,0.4314079812530113,0.05182934840436673,0.00037152170653582093
2013-06-27,0.00045028969216531897,4.3968996015695245e-06,2.4312098306758544e-06,0.0,2.0415683578358427e-06,2.6214454111634804e-06,0.15604062218016415,0.49190072517297767,0.05149789609751315,0.00043879856896407427
2013-06-28,0.0006181695015770791,1.4029455345005537e-05,8.631627971157922e-06,0.0,6.994767698999962e-06,4.717142814066388e-06,0.5940765964249051,0.8433504259353688,0.05087043317221546,0.0005837965077478493
2013-07-01,7.2716225937345e-05,7.443062281963561e-06,5.938148194452157e-06,0.0,2.8333604989817e-06,4.5507540381389905e-06,0.2585077430179122,0.715719137424164,-0.048807540983186515,5.1950900923808594e-05
2013-07-02,-0.0002631171458569002,1.114642064280287e-05,9.596262122012444e-06,0.0,4.003577971662703e-06,2.6605966813547075e-06,0.5697758518150298,0.39642708394620085,-0.05055315852138985,-0.0002905240032747329
2013-07-05,-0.0009698541439714232,6.219641533140736e-06,3.2963192478344216e-06,0.0,2.359074155786333e-06,2.037016534343767e-06,0.20664510889546095,0.2920658343961653,-0.05015294337358754,-0.0009837661954425285
2013-07-08,-0.00014622608591200468,3.243953280340268e-06,1.8188961780203914e-06,0.0,1.2710733084980994e-06,1.7928099587720834e-06,0.11229108649983799,0.2515065281577479,-0.04968554491596207,-0.0001543528186376355
2013-07-09,0.00012751337437776503,3.897004557697667e-06,2.924448004058116e-06,0.0,2.289156717649798e-06,2.3599386275631665e-06,0.19638197260003082,0.3470243473928234,-0.049445342037788595,0.00011604282647079628
2013-07-10,-8.270730558069075e-05,2.8310375213032604e-06,1.9674159629475547e-06,0.0,1.1280354593715254e-06,2.0545048842030964e-06,0.11713943839139136,0.29565798355377726,-0.04949883699234291,-9.068829940851619e-05
2013-07-11,0.00010073306233482923,3.791599392639825e-06,2.3568938489466503e-06,0.0,1.480594832817694e-06,2.291675243949101e-06,0.15110861844894677,0.3357133966517317,-0.04928804433171714,9.081229901647596e-05
2013-07-12,3.216601557273835e-05,4.68638949572329e-06,3.918210275636906e-06,0.0,1.6074209221774309e-06,1.7044751016003136e-06,0.24012054209984796,0.23679961121399407,-0.049552205854858596,2.0249519777600408e-05
2013-07-15,-0.00018850609059216416,4.894585568993018e-06,2.8175126228060026e-06,0.0,1.7191457692840628e-06,2.125571277999231e-06,0.20044252824465913,0.30775270430272705,-0.04934327040114378,-0.00020006290583124647
2013-07-16,7.275177292954466e-05,5.527816200215172e-06,4.199178167285412e-06,0.0,2.232899742009202e-06,1.5014069871073127e-06,0.23938751252509138,0.20238227436328837,-0.04985409947074026,5.929047183292756e-05
2013-07-17,-0.0005388471553277684,3.1687758743131968e-06,2.0493639436735686e-06,0.0,1.2099390190827156e-06,1.2521608312404555e-06,0.1277152486009628,0.16018185527827705,-0.050181164370119526,-0.0005465273949960784
2013-07-18,-0.0003946701971451083,2.783960175091139e-06,1.63243988328438e-06,0.0,8.827667707926905e-07,1.0722148281680188e-06,0.10401774575039312,0.13032383407484696,-0.04980825705738022,-0.00040104157880244454
2013-07-19,0.000423577760121267,3.2244976619045936e-06,1.756776714393151e-06,0.0,1.2339795821676907e-06,1.1181061928326693e-06,0.10956684439201064,0.13787261669501,-0.04996922370087842,0.0004162443999699689
2013-07-22,0.0005089712857709172,2.5888135981489614e-06,1.365910325885703e-06,0.0,1.0972732854282326e-06,1.2348769782710448e-06,0.08033609356128192,0.15770888579169445,-0.04975044655784104,0.0005026844115831833
2013-07-23,0.00029037702954443165,3.6573678510125093e-06,2.3342970384003475e-06,0.0,2.359101488562441e-06,1.7323155346318306e-06,0.17279568717569221,0.2629117339686943,-0.028117275849453352,0.0002802939476318245
2013-07-24,-0.0003821779921993315,6.4218823947544325e-06,5.660957719578037e-06,0.0,3.6527510153614314e-06,1.9841476677843186e-06,0.3389957383568287,0.28341475440181163,-0.049922053785954074,-0.0003998977309968097
2013-07-25,3.694981739214957e-05,4.3305722819707135e-06,1.8500359794960092e-06,0.0,1.891722959222057e-06,1.7051497810247739e-06,0.11808761539057885,0.2550535928190802,-0.03141157039308188,2.7172336390436018e-05
2013-07-26,-0.00028433915372088795,5.711537258622224e-06,4.161611871291993e-06,0.0,2.9087404736229728e-06,2.4315966681694535e-06,0.2415447698154367,0.35862343948122416,-0.04988480077124413,-0.0002995526399925946
2013-07-29,0.0010532578927906309,7.208243728878753e-06,4.5424307523766955e-06,0.0,3.1303160314470053e-06,1.770112213252123e-06,0.31015934746258544,0.247252041563005,-0.05012681026335157,0.0010366067900646763
2013-07-30,0.0006327784239162318,3.8391525116544e-06,2.1010908493019057e-06,0.0,2.0190229615231875e-06,1.9003351181218304e-06,0.17502520500615512,0.3138332977306187,-0.005423002113848843,0.0006229188224756305
2013-07-31,0.00036617066165778854,8.114787336839985e-06,4.355377391904039e-06,0.0,3.853063656551327e-06,2.6508532467198767e-06,0.3489881347193296,0.4963210321361202,0.05097768668718092,0.0003471965800257733
2013-08-01,0.0019714783886017515,6.7461504150400885e-06,3.540953848912875e-06,0.0,3.060380162402496e-06,2.352826959341107e-06,0.21094886381865477,0.44755666239196074,0.052281733222654614,0.0019557780772160548
2013-08-02,-4.5003490766426334e-05,4.504251416788558e-06,3.7232733315486625e-06,0.0,1.9602291641077343e-06,2.636001822558954e-06,0.13596413867527846,0.3950238204755247,-0.04782448571437964,-5.7827246501430244e-05
2013-08-05,0.00019612790143798653,3.6612164205645827e-06,2.15574748341396e-06,0.0,1.4537338469584634e-06,2.4856547654859025e-06,0.1301666681427452,0.36836735576205487,-0.04922264483957671,0.00018637154892156362
2013-08-06,0.0007413289020242305,5.556534636074689e-06,3.4496929450786922e-06,0.0,2.2239119415899377e-06,1.3818968022170006e-06,0.24511772476848714,0.23035329626379414,-0.001805366508662004,0.0007287168656992701
2013-08-07,-0.00032035449683692844,5.141312795562845e-06,2.8654484247431524e-06,0.0,1.9082290021265736e-06,1.158083936559019e-06,0.22077407962524073,0.2447956555730222,0.05023755423110707,-0.00033142757099592006
2013-08-08,0.00030105153310751683,2.853512260487155e-06,1.7947612176451303e-06,0.0,1.1815255096267105e-06,1.0117657491965709e-06,0.11171728567019534,0.22044206728394966,0.050465421418925696,0.0002942099683705613
2013-08-09,-0.0001934704322402873,3.008904556193511e-06,1.9206179970627785e-06,0.0,1.3047687404857155e-06,9.335915729082088e-07,0.11421062054084725,0.2077985100319098,0.0509551257833306,-0.0002006383151069375
2013-08-12,0.00011783580065613953,2.9681504493833954e-06,1.9083145683199992e-06,0.0,1.991384259420595e-06,1.0831284830521638e-06,0.11235008580172273,0.23313448940007298,0.05116890424730945,0.00010988482289596337
2013-08-13,0.0010639496337254614,3.3736343718529584e-06,2.4129720198939673e-06,0.0,1.8907712729135324e-06,1.1457202761183735e-06,0.13158046138009435,0.22438060080414973,0.031899594416262916,0.0010551265357846827
2013-08-14,-0.0003576779263395527,2.9842169265347102e-06,1.6469311560403963e-06,0.0,1.4125923950121273e-06,1.00512580197674e-06,0.10362041789402723,0.20945681419040693,0.04059567945831472,-0.00036472679261911667
2013-08-15,-0.0005323305469673082,2.9927528455663206e-06,1.8757431976830831e-06,0.0,1.5122115170836158e-06,1.0490463168863212e-06,0.12436671345215727,0.2268975346945849,0.05065775345768285,-0.0005397603008445275
2013-08-16,0.0002825167412957961,4.503822648956581e-06,2.897696263084922e-06,0.0,1.5208817393214237e-06,7.238638234935388e-07,0.1971764893370882,0.17213327079028515,0.05052414844337059,0.00027287047682093965
2013-08-19,-0.0002555324182890833,3.697237056040656e-06,2.1530046287256686e-06,0.0,1.4134003885248803e-06,9.699709022488976e-07,0.1329930652617406,0.21332956977626685,0.05037445819845207,-0.0002637660312646234
2013-08-20,0.00013871568178971407,7.1611794555639095e-06,5.073370569714354e-06,0.0,3.6611456368296933e-06,1.735832029892754e-06,0.3613333612356343,0.34180107264878323,0.05018129162680046,0.00012108415409771336
2013-08-21,-0.0006720231795886471,5.673232490752759e-06,3.6315266593294396e-06,0.0,2.065943728157632e-06,1.0115485275731918e-06,0.21612880285845448,0.22018844436545001,0.05024829173315387,-0.0006844054309944602
2013-08-22,0.0007968476305335506,2.778453947014886e-06,1.9174566345398174e-06,0.0,1.208633518670898e-06,1.4250510118139734e-06,0.12782574612742947,0.2903278315226018,0.050919261537854144,0.000789518035421511
2013-08-23,0.0002045409898608897,3.3649751092210246e-06,2.7369330470474602e-06,0.0,1.5970308702381534e-06,9.379963890718868e-07,0.167729459545341,0.20837378284394792,0.050790389479870995,0.00019590405444531116
2013-08-26,2.9823816878501798e-05,9.079333822981907e-06,6.727121799553149e-06,0.0,4.0998814985829585e-06,3.071192918685689e-06,0.4780844725139622,0.5663610588266306,0.05040064848743475,6.846286838698093e-06
2013-08-27,-0.0010123058018293562,5.481101588480483e-06,4.6653086648207e-06,0.0,2.3769293912342326e-06,2.0910172139001174e-06,0.2545025093040626,0.37298075450826795,0.021689862573048224,-0.0010269201586877918
2013-08-28,-0.0002962044938755522,5.07926976791354e-06,2.5726186853107934e-06,0.0,2.435254408707517e-06,2.3310458012133835e-06,0.18568277490537424,0.44050219610292846,0.04888650149907983,-0.0003086226825386975
2013-08-29,0.0009274792238991425,5.552791116980043e-06,3.0149918882464304e-06,0.0,2.0585209518731556e-06,1.6882491954356081e-06,0.18155963103309736,0.33368630975713864,0.050060444923956435,0.0009151646707466073
2013-08-30,-0.0005243004944118292,5.7081358977889296e-06,5.046470069267607e-06,0.0,2.0887622520605058e-06,1.717957994344734e-06,0.21471638960805733,0.23817277600975834,-0.05044416704015704,-0.000538861820625291
2013-09-03,5.914928665820662e-06,6.796030668802846e-06,4.322145810728467e-06,0.0,2.78250610638076e-06,2.935191328857844e-06,0.3172758389489315,0.4531581471638847,-0.03995399608423289,-1.0920945248949257e-05
2013-09-04,-0.00023773130500086842,4.652828042800186e-06,3.320006306589606e-06,0.0,1.8168013858507298e-06,2.6255401298708992e-06,0.18836444591510326,0.3919775798623966,-0.04911316195591456,-0.0002501464808659798
2013-09-05,-0.00025460406350560487,3.0927989823037017e-06,2.206630630963518e-06,0.0,1.1726839717488595e-06,2.8762927823620483e-06,0.1500112068333416,0.43389156637489107,-0.049325621061933084,-0.000263952469872983
2013-09-06,8.932425972298451e-05,8.897435567856507e-06,6.817704854542473e-06,0.0,4.266091122741551e-06,4.911222899961423e-06,0.47499002312366784,0.7756503929086174,-0.049435054284901636,6.443180527788255e-05
2013-09-09,-0.0004875885372065385,4.3389634038959514e-06,3.637166620631891e-06,0.0,1.5648793464811743e-06,4.141144631962499e-06,0.22167774564280956,0.6478592022045828,-0.04785309596511697,-0.00050127069120951
2013-09-10,-0.0007065816457508656,3.821577019538938e-06,3.6513134289075523e-06,0.0,1.86378855699624e-06,3.2014574795662735e-06,0.23762972669274418,0.48998426136078305,-0.0478605952063508,-0.0007191197822358747
2013-09-11,0.0003325330943817152,3.5887025831963954e-06,3.687975405275864e-06,0.0,1.4252254093182357e-06,2.5854645633757086e-06,0.2364263707956135,0.3854145068448491,-0.04894353980226995,0.000321245726420549
2013-09-12,8.43335845051055e-05,3.822798235458204e-06,2.650666230988571e-06,0.0,1.6930695391787405e-06,2.830859868400863e-06,0.16800993507841294,0.42608848858720005,-0.04949596930414492,7.333619063107912e-05
2013-09-13,0.00016798392204941522,5.6944580604743564e-06,4.347954740661375e-06,0.0,2.414827297794347e-06,2.216925060894809e-06,0.2598637208930388,0.3232858466938139,-0.04915756353651424,0.00015330975688959033
2013-09-16,-5.767858018218399e-05,5.290359714848459e-06,4.102088726585053e-06,0.0,2.8941621487036863e-06,2.0061203693714183e-06,0.2604740550039447,0.28738111747713624,-0.049647104577261944,-7.19713111416926e-05
2013-09-17,1.3090561581321932e-05,3.4817504289914466e-06,2.8210305297758426e-06,0.0,1.43343580458212e-06,1.8704873643966753e-06,0.19432555319545206,0.26479047705914865,-0.04945140015949273,3.4838574535758464e-06
2013-09-18,-0.00021226622599985557,6.439900622566793e-06,3.473039085669789e-06,0.0,3.0091136164224077e-06,2.7662501499581946e-06,0.24436410332833303,0.4153571151351529,-0.04937291005782371,-0.00022795452947447275
2013-09-19,-0.0001343812600759347,5.787595072072567e-06,3.6891117715042446e-06,0.0,3.22790543065495e-06,3.047372430099008e-06,0.23734475451869255,0.46160197089019395,-0.05035659736643949,-0.00015013324478026547
2013-09-20,5.621585233004165e-05,8.778120135300973e-06,5.473233935581041e-06,0.0,4.144911447248063e-06,2.516309325437315e-06,0.35140414850050905,0.40598126794449113,-0.01675869872897766,3.530327748647426e-05
2013-09-23,-8.408280861808875e-05,8.196069816857242e-06,5.277966796688128e-06,0.0,3.6792654140408623e-06,1.519667099498549e-06,0.37815317795381914,0.3055379770174325,0.05023390430167629,-0.00010275577774517352
2013-09-24,0.0006077253925231848,4.067380080554144e-06,3.0516118674556848e-06,0.0,1.5411569575337066e-06,1.4394091188215982e-06,0.21177542995183515,0.29208296936484485,0.05026223740281628,0.0005976258344988196
2013-09-25,0.0003360006530445213,4.234662342839473e-06,2.5079467544409846e-06,0.0,2.1336040864111528e-06,1.2900642483256378e-06,0.15084783176468697,0.2671304115102575,0.050399617791550305,0.0003258343756125041
2013-09-26,0.0008037437965917492,9.90181949605721e-06,8.958251996276073e-06,0.0,7.003969222548135e-06,3.3068956866124568e-06,0.4780189619327059,0.5061810418234619,-0.049377433527431,0.0007745728601902552
2013-09-27,0.000251697237531595,5.935812774762479e-06,3.12451289414413e-06,0.0,2.5556709917205174e-06,2.8555508806860627e-06,0.17969560736247991,0.43061110327116636,-0.049121444684092144,0.0002372256899902818
2013-09-30,7.338866808287691e-05,1.1054901099063447e-05,8.39640448667261e-06,0.0,5.454855484082261e-06,4.168744107127066e-06,0.5029927078732419,0.6508431660834499,-0.049505843913897396,4.4313762905931524e-05
2013-10-01,-0.00017495317600771672,9.813041290813012e-06,6.993531486539656e-06,0.0,4.711650687987505e-06,5.089238134741358e-06,0.4241956923224872,0.8049449678405337,-0.050047038796013854,-0.00020156063760779825
2013-10-02,7.403457577295232e-05,9.224585702569715e-06,5.090556652643756e-06,0.0,4.34082662524975e-06,5.197238654080651e-06,0.307861638829707,0.8233523539730061,-0.04978373991254359,5.0181368138408456e-05
2013-10-03,0.00011068494932153963,1.0425219417747153e-05,6.317698862316218e-06,0.0,4.5694309759643945e-06,3.440658043225794e-06,0.542711265565581,0.6292045262303333,0.051173974968399816,8.593194202228608e-05
2013-10-04,0.00014741300524287348,8.423052504787472e-06,5.140127191030648e-06,0.0,3.557960317537687e-06,3.3005181576619864e-06,0.304160396129408,0.6047087815935133,0.05022173110629946,0.0001269913470718557
2013-10-07,0.00013810148481266683,8.08930947789442e-06,5.436925417565283e-06,0.0,3.043409223829871e-06,1.9934400102963738e-06,0.37785335026830247,0.38551091164678264,0.050612989916991855,0.00011953840068308088
2013-10-08,-0.0003413298271131131,5.885131782754755e-06,4.109363200483e-06,0.0,2.0082663201176187e-06,1.5028523176677747e-06,0.2800140262880299,0.3031118040069522,0.050632614638766116,-0.00035483544073413627
2013-10-09,-0.0001139368234594979,4.850104694969779e-06,2.7743230574050647e-06,0.0,1.9965663551317425e-06,1.3687634246043424e-06,0.15740922133074206,0.28025797455143653,0.05030571921790699,-0.00012492658099160883
2013-10-10,0.002013985987034011,1.0890638823816819e-05,7.85470161982057e-06,0.0,4.670203274886472e-06,3.0635340184258678e-06,0.43691695080778475,0.5171259056774101,0.0024521905818644107,0.0019875069092970613
2013-10-11,-0.0005656951346210369,1.0256533729541737e-05,6.007081766103511e-06,0.0,4.249043981507514e-06,2.391192133126191e-06,0.32520294872328837,0.3522166729053738,-0.04950360545982631,-0.0005885989862313159
2013-10-14,9.561251957732705e-05,3.3082413729373496e-06,2.2249448691182484e-06,0.0,1.3434867945598442e-06,1.9599579336498035e-06,0.1495741290590708,0.27958292672518226,-0.04969000612798463,8.67758886070618e-05
2013-10-15,0.000147878093123388,4.923464680207246e-06,3.931033145886454e-06,0.0,2.143809504359621e-06,2.0918691835040625e-06,0.2738712731162598,0.3017669270424713,-0.04966709578621123,0.00013478791660943062
2013-10-16,-0.001058212484971531,5.0281186938374286e-06,3.7703459619850048e-06,0.0,1.8991378288450724e-06,1.938247084560291e-06,0.23739771346973776,0.2755137670320043,-0.050111743174124534,-0.001070848334540759
2013-10-17,-0.0015540311622930783,3.81479381276205e-06,2.3655353646803733e-06,0.0,1.976061687943196e-06,1.5730961321688363e-06,0.15241375300774063,0.21330935336289047,-0.050970796841473986,-0.0015637606492906327
2013-10-18,0.0003118569640446683,4.924617095223232e-06,2.908030082535586e-06,0.0,2.3444457971561357e-06,1.7216670293867005e-06,0.18270482073381764,0.23834144272369817,-0.05089861821326773,0.00029995820404036665
2013-10-21,0.00017071519910356943,4.2535758679604626e-06,2.3531786082966636e-06,0.0,1.3098767508639278e-06,1.7867319129098986e-06,0.13788020172339233,0.24964305251759616,-0.05052790885126705,0.00016101183596353848
2013-10-22,-0.0007070257105066347,9.326769742335074e-06,5.900381230803984e-06,0.0,3.8374093740680746e-06,2.9816491129165606e-06,0.40986774087666633,0.45044978626840304,-0.050467264701579195,-0.0007290719199667583
2013-10-23,5.772645369467143e-05,6.087373687691656e-06,4.191543261570005e-06,0.0,2.94059339647792e-06,2.3239225235946616e-06,0.2485766996099369,0.3400324448776336,-0.05038653908626968,4.218302082533719e-05
2013-10-24,0.0009196963250858251,5.886681049511567e-06,3.099893386309713e-06,0.0,2.590810788777977e-06,2.0191440947742414e-06,0.17631750449075373,0.2896478346347956,-0.04956837328727707,0.0009060997957664516
2013-10-25,-0.0002284522915333624,3.986279126637529e-06,2.6039749783904484e-06,0.0,1.8163929673322168e-06,1.9095411802449975e-06,0.1573423805774628,0.27110510194593207,-0.04969781633522751,-0.0002387684797859676
2013-10-28,0.00028897688307114397,4.1928621695647105e-06,2.8753938234679884e-06,0.0,2.209951770994213e-06,2.0274165430009036e-06,0.18530867347063182,0.290767874037894,-0.04983810518625785,0.00027767125876411615
2013-10-29,3.372130693022056e-05,4.051300839928693e-06,2.9491528098005155e-06,0.0,1.846343370216439e-06,1.5195709309896475e-06,0.18913774040665993,0.20556214582084886,-0.04972577058541183,2.335493897928527e-05
2013-10-30,0.0006224272148425879,8.234278974235691e-06,3.968677172712453e-06,0.0,4.485056054367986e-06,2.34056651689754e-06,0.31288900959875776,0.39948514852491623,0.006269973686129429,0.0006033986361243742
2013-10-31,0.0004444138272013698,1.1489484694274301e-05,6.0541853098156575e-06,0.0,5.61056999186734e-06,2.7554527971061183e-06,0.4114728637788529,0.5136517219388184,0.05073565202499039,0.00041850413440830636
2013-11-01,-0.00022233064115018068,7.438595085076988e-06,6.529836303775013e-06,0.0,3.7178686672391525e-06,1.2099077907978552e-06,0.4125962253600437,0.25350680783888746,0.05024229898484778,-0.00024122684899706968
2013-11-04,0.00019725418719324501,4.320643862533903e-06,4.271522814555688e-06,0.0,2.251571643118254e-06,1.8655847518811045e-06,0.20388286550314816,0.2772307431667717,-0.036187495149253866,0.00018454486412115606
2013-11-05,0.00012021413176540792,5.288053118319388e-06,2.2435581554735773e-06,0.0,2.4791985424608405e-06,1.7290562796829385e-06,0.17947987102110827,0.3061233083470799,0.015641853360346264,0.00010847426566947118
2013-11-06,0.000342144891549667,5.465290406702383e-06,4.212422117318676e-06,0.0,2.9780245325227715e-06,1.9942415495521488e-06,0.2081534833102279,0.28527012526585505,-0.04976245505890586,0.000327494912943571
2013-11-07,0.0004745425587743354,6.42967344295316e-06,4.013465430940929e-06,0.0,2.670076330989807e-06,1.8068703344458228e-06,0.3052048234999532,0.33172331006516664,0.028169093878268554,0.0004596224732350057
2013-11-08,0.0006944559182515951,7.476968559821113e-06,5.192275136858763e-06,0.0,3.2450871004394562e-06,2.44364601940476e-06,0.24480626774432804,0.3612901298088235,-0.049242401451176324,0.0006760979414350709
2013-11-11,3.8928270471613345e-05,5.414672357506192e-06,3.3047047679760288e-06,0.0,2.1596403879831873e-06,1.8809091492617316e-06,0.22831913663380882,0.26623668618969154,-0.049756050886279275,2.6168343808886204e-05
2013-11-12,0.0007703471572588358,3.592316078950976e-06,2.5895790644377094e-06,0.0,2.075087456402961e-06,1.7319219165313247e-06,0.1642259965160786,0.24165482352282394,-0.04930805845443846,0.0007603582527425128
2013-11-13,-0.0004470542536921339,7.000237382226615e-06,5.695647808895502e-06,0.0,2.9500336005308153e-06,2.5915885171444636e-06,0.34261985777300086,0.3855911800450136,-0.049795690835256146,-0.00046529176100093127
2013-11-14,-4.941752250998896e-06,7.455613398086261e-06,5.960344668110431e-06,0.0,3.867649939205029e-06,2.442032052282544e-06,0.43713548067186064,0.36077166034043884,-0.04948972444302854,-2.466739230868316e-05
2013-11-15,-5.8106364779489115e-05,4.691554294897249e-06,2.701980376926509e-06,0.0,2.0181173082354086e-06,2.36584623363286e-06,0.1621822945208437,0.34743551947164175,-0.05002664777867893,-6.988386299318114e-05
2013-11-18,0.0004772534743878539,5.350212439901471e-06,2.8802852585424067e-06,0.0,1.8515783359282592e-06,1.9048431581835525e-06,0.17495661233871196,0.2704658690738338,-0.04954778150100307,0.0004652665551952982
2013-11-19,-0.0005562230493318103,5.501745735355638e-06,3.357551946300406e-06,0.0,1.9757302656548094e-06,1.3364722140934407e-06,0.18920809691993656,0.17493857587307615,-0.04958875609462189,-0.0005683945494932147
2013-11-20,-0.00021545574785347853,4.611631983469515e-06,3.3111954652658444e-06,0.0,2.1358885691579916e-06,1.7736681288146742e-06,0.19255751001894478,0.24802313899817868,-0.04995310664268665,-0.00022728813200018655
2013-11-21,-0.0009606379505007255,6.257176218203726e-06,3.195616056994359e-06,0.0,2.7951053169000843e-06,1.8087129536709465e-06,0.1984834515291466,0.253440376070727,-0.050423400145992,-0.0009746945610464947
2013-11-22,0.00013314889988481668,4.919798751434759e-06,3.092556233563008e-06,0.0,2.14981063064131e-06,1.717941903859903e-06,0.21206216369914188,0.23852329753733414,-0.05009094231112948,0.0001212687923653177
2013-11-25,0.0005638888713331885,3.8155582335960765e-06,2.173776556881777e-06,0.0,1.6350208565155825e-06,1.4776191911724217e-06,0.1293440227026112,0.19878458077266975,-0.049455443344297204,0.0005547868964950226
2013-11-26,-0.00022838598164638373,1.2632427184082455e-05,9.70169340984309e-06,0.0,6.563329334500378e-06,4.772047951466736e-06,0.7217186295121198,0.777259753031001,-0.02444430281541038,-0.0002620554795262764
2013-11-27,0.000265992619461764,6.911095669625978e-06,5.7475491287360114e-06,0.0,2.7148982200484346e-06,3.5633209995009263e-06,0.32388040236827514,0.548389302949085,-0.050248624967070415,0.00024705575544385264
2013-12-02,0.0003726550672204382,4.503504522594755e-06,4.161180577687928e-06,0.0,2.013726854204998e-06,2.707504624786538e-06,0.2669544951448143,0.40475657664033915,-0.05010420032379921,0.000359269150641164
2013-12-03,0.00036984813103522747,1.0008440138240746e-05,9.068985046109114e-06,0.0,4.01882560079652e-06,2.79873025778353e-06,0.5484779873064773,0.4203468112630566,-0.049839872044576614,0.0003439531499922976
2013-12-04,0.0006181074087379329,5.713245129796823e-06,2.3641666820656508e-06,0.0,2.724533719055496e-06,2.192278222491791e-06,0.22985979337645568,0.41862258802484575,0.0503198466462249,0.0006051131849845231
2013-12-05,0.00044325281854881536,6.495567164226151e-06,4.203612046453472e-06,0.0,3.53955596821594e-06,2.394579467622922e-06,0.251977842401206,0.4525523102893557,0.05026295972870484,0.0004266195039022969
2013-12-06,0.0008691928122321706,7.962297278359962e-06,5.73767185494309e-06,0.0,4.224698479851331e-06,3.4571572357381635e-06,0.2787191824271976,0.5314372013694906,-0.04936521423452106,0.0008478109873832781
2013-12-09,-0.00025288301251814155,5.59873750821627e-06,4.224893824872975e-06,0.0,2.6206953716000165e-06,2.243003528693309e-06,0.2872330819914347,0.32709709007671,-0.049727502743766056,-0.0002675703427515241
2013-12-10,0.00041027198309267294,6.388672072872906e-06,3.7504640033676795e-06,0.0,2.258576302119634e-06,1.9807718912634767e-06,0.25827986426370253,0.28802215357805316,-0.044747524154210905,0.00039589349882304924
2013-12-11,0.0005052754883260178,7.135101637307086e-06,5.655939214545813e-06,0.0,2.6483834435602218e-06,2.6149701500022297e-06,0.4206266538285445,0.48942884462726827,0.05011385942689356,0.00048722109388060243
2013-12-12,-0.00048234640883369604,4.2375947860039694e-06,2.8755047762633915e-06,0.0,1.5402592435641114e-06,2.1667060850329994e-06,0.19895282654700105,0.4140393575795272,0.05003273529398322,-0.0004931664737245605
2013-12-13,0.0002727553158644568,4.611540836137401e-06,2.9129075151585963e-06,0.0,1.2939601046478956e-06,1.6208925056110371e-06,0.1944072509166177,0.32219387807511607,0.049883937132461795,0.00026231601490290184
2013-12-16,0.0005018957019848825,6.758205896846976e-06,5.110124828072709e-06,0.0,2.9918053848688753e-06,2.0167324366380293e-06,0.3594934677997357,0.38914930076628984,0.05033825141110118,0.0004850188334384559
2013-12-17,-0.0007338339454277877,4.960732702325542e-06,3.140371969174044e-06,0.0,2.4441297025714957e-06,1.7317170631768484e-06,0.19684684241702974,0.3404983238648066,0.04956985725109608,-0.0007461108968650357
2013-12-18,0.0011618781990862565,5.333260047061795e-06,3.239497960131084e-06,0.0,2.7776231662483067e-06,1.8362318980436042e-06,0.19997371264025857,0.3591449887234786,0.050658029852153064,0.0011486915860147717
2013-12-19,-0.0003060990285599387,6.304784542297726e-06,4.552626106581005e-06,0.0,3.048678889439955e-06,1.293388303286034e-06,0.2755729845978374,0.2674885676745079,0.050199332722454255,-0.00032129850640154345
2013-12-20,0.001949694677758187,1.0156265116691513e-05,9.26802078586067e-06,0.0,5.00743379312534e-06,3.7795771919420605e-06,0.5672254263584632,0.5859414223095576,-0.04902754593670838,0.0019214833808705674
2013-12-23,0.0005296713488509718,6.280458792082704e-06,3.5837490825264175e-06,0.0,2.6657323408484646e-06,3.7465861413276737e-06,0.21997987249076326,0.5804741192361442,-0.04895235250690494,0.0005133948224941865
2013-12-26,-0.00031776101165930775,4.2962502567405675e-06,2.508861240576826e-06,0.0,1.9668650845827635e-06,3.4966899089255564e-06,0.1600534341866455,0.5389375043857527,-0.048506400313740566,-0.00033002967815013345
2013-12-27,0.0002391070827997834,3.7405166769926196e-06,2.7946422360350263e-06,0.0,1.9953761770138014e-06,3.1359389382815685e-06,0.17490831510548888,0.4778600325603378,-0.04897770907096577,0.00022744060877146038
2013-12-30,0.00038098541819036875,4.375263183142581e-06,3.587846558835817e-06,0.0,2.118582579561766e-06,2.5642886575518233e-06,0.22457556131759965,0.3812659723242702,-0.0495345221444362,0.00036833943721127676
2013-12-31,-0.00017119221298264522,6.228788963808656e-06,4.978610413247762e-06,0.0,2.939734336649209e-06,1.915246298518703e-06,0.30721464143225796,0.2715908645673869,-0.0501705135837552,-0.00018725459299486955
2014-01-02,0.0010361820152314364,4.322550961390528e-06,2.954988483408685e-06,0.0,2.2680383938386172e-06,1.7529514958925363e-06,0.18378364327299757,0.2449953977298764,-0.049500453580069645,0.0010248834858969061
2014-01-03,5.322817927647678e-05,7.95449244276997e-06,5.6239933124282134e-06,0.0,4.690636041235712e-06,2.816148567409106e-06,0.49020293970588413,0.5233119677759167,0.05019900845118694,3.214290891263378e-05
2014-01-06,-0.00047018984740978485,5.800522370134586e-06,4.858093302028822e-06,0.0,2.886121259549282e-06,1.6254531076828498e-06,0.3102258577604893,0.32332863420628766,0.05025251211556886,-0.00048536003744918037
2014-01-07,0.00010875440604856114,7.0508740312992195e-06,6.042844708813678e-06,0.0,3.954783763824184e-06,3.575675133521075e-06,0.43566434886729055,0.6515777383131165,0.05086431588157592,8.813022841110299e-05
2014-01-08,0.000763218993517057,8.677429607695135e-06,8.480023398581977e-06,0.0,3.6154475213520896e-06,3.455283463875532e-06,0.4324729112182029,0.5311428166139931,-0.04934480531709641,0.0007389908095255523
2014-01-09,0.00044770353557630854,7.079718711501662e-06,4.544098788595307e-06,0.0,2.844566068350806e-06,3.3717055150103025e-06,0.29713487639449737,0.5170181633748069,-0.04942836314692388,0.00042986344649285045
2014-01-10,0.00025829298455741647,6.302666284248013e-06,3.930965409822589e-06,0.0,2.544621054771126e-06,3.0084140965292916e-06,0.2318467226738748,0.45596079699115427,-0.04945277122576651,0.00024250631771204545
2014-01-13,0.0010137271399679511,1.8722462011227322e-05,1.4842451683612035e-05,0.0,9.301119350686123e-06,4.949093624832312e-06,0.8681146589400487,0.781512507228225,-0.049935221743603486,0.0009659120132975934
2014-01-14,-0.0005786085518128875,1.2155145620166426e-05,7.119903168692887e-06,0.0,5.5138880332733265e-06,2.9819244426671805e-06,0.503504423005176,0.45064969830043866,-0.050313608067647814,-0.0006063794130776873
2014-01-15,0.0007363120500904159,7.3484137336351345e-06,5.234466457844731e-06,0.0,3.789771466134117e-06,2.3495302399632033e-06,0.36166983527943725,0.34519968738448376,-0.04952139292933415,0.0007175898681928387
2014-01-16,-0.0007659863007828987,5.455524224988612e-06,3.302978804532865e-06,0.0,2.9941386151452368e-06,2.4764909563370676e-06,0.20172608508438788,0.3660551585500585,-0.04999532211456886,-0.0007802154333839025
2014-01-17,0.0014967535442176319,1.2126699844700321e-05,1.04891815362283e-05,0.0,6.65361866111439e-06,4.577598511711638e-06,0.663672013826456,0.7194347026372929,-0.049601847330261406,0.0014629064456638773
2014-01-21,-0.0005761162445464845,9.066975069954586e-06,5.27046057194654e-06,0.0,4.795153221331269e-06,4.494375465850146e-06,0.30877852121013794,0.7048084119554847,-0.05024666630733987,-0.000599743208875567
2014-01-22,0.0001417954533228353,1.058131265728557e-05,8.479860551021123e-06,0.0,5.582695831604455e-06,3.1380053394127844e-06,0.5951625960884885,0.47701449493649206,-0.050170402084855875,0.00011401357894351137
2014-01-23,0.00034899169092203404,9.061810099937771e-06,7.138368857649206e-06,0.0,6.185920436034851e-06,4.144261005108228e-06,0.44813112842504177,0.6462165464191207,-0.050019302439061164,0.000322461330523304
2014-01-24,0.001775857575618393,1.2820139237580664e-05,7.217704623696031e-06,0.0,8.000103360700161e-06,2.585326458426677e-06,0.5590831833971422,0.4870351785550054,0.05270033353932376,0.0017452343019379896
2014-01-27,-0.0007889393960130497,9.386163580251978e-06,6.594722088656242e-06,0.0,4.991333110677272e-06,2.3813465854213187e-06,0.4549560881451657,0.45045180491811065,0.0503855785673292,-0.0008122929613780565
2014-01-28,0.0002755051194164035,6.6953329711506e-06,5.102964810333171e-06,0.0,4.161965057790813e-06,2.390421708973365e-06,0.3176688814292015,0.45308418651778903,0.0514933394102636,0.0002571544348681556
2014-01-29,-0.0009060787649828379,8.825945395099593e-06,5.391691935740135e-06,0.0,4.782024546465063e-06,2.152837658149694e-06,0.33491973354635984,0.41148214721510606,0.04980542064595742,-0.0009272312645182924
2014-01-30,0.000937032778245233,9.824815660976935e-06,6.637091569216046e-06,0.0,4.660459019228487e-06,3.0933594772403356e-06,0.46187917998225747,0.5708278900331529,0.051143497856776826,0.0009128170525185712
2014-01-31,-0.0019806908420446504,9.609490858333286e-06,5.903688615127151e-06,0.0,4.6214804060361725e-06,2.3114244088875567e-06,0.35161214144646413,0.43783150801956694,0.049512207326457336,-0.0020031369263330346
2014-02-03,-0.001442297864030897,7.110158453962756e-06,4.304083907915839e-06,0.0,4.033459678829233e-06,2.4578629693157036e-06,0.2546445147052673,0.46246275209433024,0.04954177324929207,-0.0014602034290409204
2014-02-04,0.0014575759655757507,7.93416282086478e-06,5.7067693469382064e-06,0.0,5.0380923372815696e-06,2.096872819042976e-06,0.3444866258944779,0.40231140893558937,0.050036775336369466,0.0014368000682516231
2014-02-05,0.0002098534398483501,1.0083614332148372e-05,7.851257177858221e-06,0.0,6.7657028635211525e-06,3.926097572580633e-06,0.5544309959859188,0.7091335738322571,0.04954918163871058,0.00018122676790224173
2014-02-06,0.0012008673263707106,8.168230698484124e-06,5.249021252815533e-06,0.0,5.870100598383442e-06,3.7003009697697577e-06,0.33013364385997235,0.6731765114730562,0.051525948551736894,0.0011778796728512577
2014-02-07,0.0005137596228924815,9.036532783935657e-06,4.851281365475e-06,0.0,6.129101285405793e-06,3.9325379927753145e-06,0.3032418851840044,0.7135768328015274,0.05291045001527461,0.0004898101694648897
2014-02-10,3.8770865283715945e-05,7.160694731122095e-06,4.538516664617411e-06,0.0,3.3152956725876696e-06,3.119085820379887e-06,0.2584282231598858,0.5675022785641438,0.043495860740322745,2.063727239500888e-05
2014-02-11,0.00024549306132163104,9.930955821300822e-06,9.138571587130576e-06,0.0,7.60153940544746e-06,5.593709476554545e-06,0.5685246758671694,0.8920191430712536,-0.047724048989910006,0.00021322828503119763
2014-02-12,3.493695897449237e-05,7.507402073115811e-06,5.617793054199498e-06,0.0,3.9380179342779135e-06,4.355156933162956e-06,0.3416153152317061,0.6836973575642515,-0.0479690072071251,1.3518588979736193e-05
2014-02-13,0.00026217603903922084,5.707152477483616e-06,4.654674769287496e-06,0.0,3.0859746993320966e-06,3.2895427940112207e-06,0.28362395920353334,0.5041377599177211,-0.04850542947616404,0.0002454386942991064
2014-02-14,0.00015432958875990244,6.762106755098044e-06,3.124711623340475e-06,0.0,3.0093855199729914e-06,3.5092472916552214e-06,0.19408483460148254,0.5407025883090473,-0.048850956689030084,0.0001379241375698357
2014-02-18,-0.0009398505900598265,8.53378949621235e-06,5.21902217745433e-06,0.0,3.815262307969915e-06,4.478968794842663e-06,0.3443054958310745,0.7026377123957541,-0.0498290451378135,-0.0009618976328363058
2014-02-19,0.0009628756464852843,9.273123595697142e-06,4.659307330034172e-06,0.0,4.202634858543134e-06,4.44063259894964e-06,0.277008384392356,0.6958625007767026,-0.05016377584683662,0.0009402999481020602
2014-02-20,0.0004592237996532446,6.799792146725968e-06,3.6644302432666707e-06,0.0,2.9836057696098122e-06,3.6148716160584134e-06,0.282324380792917,0.6337470397956415,0.02644860829782808,0.00044216109987758374
2014-02-21,2.482641495655271e-05,8.647385646315365e-06,5.090078024610477e-06,0.0,4.37497316627526e-06,3.86032724718273e-06,0.3224120556189103,0.6994765916249355,0.05094161409823689,2.8536508721688797e-06
2014-02-24,0.0003455426086520782,1.3552906786960725e-05,8.961880320625554e-06,0.0,6.25171589292728e-06,5.920387059779294e-06,0.6168144211688539,1.045835345780354,0.05121031973743245,0.0003108557185917853
2014-02-25,-0.0011197818947814948,8.422997657136542e-06,8.419993144941826e-06,0.0,3.945126605532197e-06,4.949516058021441e-06,0.44305294110535237,0.7811425344868117,-0.05037616326079064,-0.0011455195282471268
2014-02-26,0.0010872935346870024,8.976535364551934e-06,7.412628066317496e-06,0.0,4.734584126250212e-06,3.3459191732189157e-06,0.4788993874082959,0.5458776895611757,-0.016236731539602173,0.0010628238679566639
2014-02-27,0.00015161863156615185,7.484713120316053e-06,7.196715845339425e-06,0.0,4.500828582603433e-06,2.7077376312569976e-06,0.4305068742942008,0.4049006823451099,-0.04999923970606553,0.00012972863638663595
2014-02-28,-0.0008252048751075094,8.845903399020878e-06,6.786895801278444e-06,0.0,4.589717026785135e-06,3.601397788117283e-06,0.47337155001727493,0.5552135735483075,-0.04982125485539618,-0.0008490287891227111
2014-03-03,0.0006148698542144432,7.416651628429873e-06,6.5894281330364955e-06,0.0,4.023793864880173e-06,2.623781570187171e-06,0.4175001936846974,0.3908748825520874,-0.049920421239357374,0.0005942161990179095
2014-03-04,-0.0004928350290021282,8.033364517087871e-06,5.823007093649436e-06,0.0,6.337266599527351e-06,3.3660505357685635e-06,0.4941184927601897,0.615545377879758,0.050048887870639575,-0.0005163947177481615
2014-03-05,-0.00029306106970968795,1.1457694812939475e-05,1.0124629213878878e-05,0.0,5.777363853975608e-06,2.9397997922129664e-06,0.5236636058680741,0.4436854792847209,-0.05020088580705767,-0.00032336055738269487
2014-03-06,-0.0007160095193095018,1.2604444950800129e-05,9.462693032331487e-06,0.0,8.140794355565204e-06,4.60491523393174e-06,0.6763025984651473,0.7241697878793482,-0.049455971421184186,-0.0007508223668821304
2014-03-07,0.00028836441516409016,1.306417685771762e-05,1.1018661918533833e-05,0.0,6.160128366450071e-06,3.259662055994772e-06,0.6629948779245538,0.4982022537603175,-0.04942097164680424,0.0002548617859653939
2014-03-10,0.0005721445112377793,9.34446022901668e-06,7.109481950011881e-06,0.0,5.4073226064998764e-06,4.08496564174801e-06,0.455887259366922,0.6366185646532165,-0.04965566316044964,0.0005461982808105029
2014-03-11,0.000619641356696501,9.36245265105908e-06,8.159178531085014e-06,0.0,4.6071621818912655e-06,5.187478275756724e-06,0.5098303056569473,0.82354516870904,-0.04795118161808953,0.000592325085056709
2014-03-12,-0.00016664125941621372,1.1367277926694484e-05,9.652947564608892e-06,0.0,6.165118399179464e-06,7.028758177017364e-06,0.6124741731091605,1.1323832771493967,-0.048448096589520595,-0.00020085536148371392
2014-03-13,6.0813323401183914e-05,7.69118531801848e-06,5.84083832093247e-06,0.0,3.6043377813128915e-06,5.270390341173885e-06,0.41668572245198154,0.8385933017697811,-0.046832275547431745,3.8406571639746184e-05
2014-03-14,-0.00043704741885332825,8.752373999785262e-06,4.144620484481399e-06,0.0,5.829009985545385e-06,4.634616572883737e-06,0.32630241137725535,0.8213965817262423,0.04278099748177494,-0.000460408039896024
2014-03-17,0.001158498754252676,1.0096641927944136e-05,7.616344410811945e-06,0.0,5.883781556650802e-06,4.7668762333773385e-06,0.39279087206817037,0.7514706734481417,-0.04936453375925126,0.0011301351101238918
2014-03-18,0.0005386314040763543,1.0902949687232758e-05,6.3153494989628995e-06,0.0,4.988275955067862e-06,2.3410722337459572e-06,0.495928293323352,0.3949527199066106,0.0016525846372898861,0.0005140837567013448
2014-03-19,1.4285968993689349e-05,8.922041713632379e-06,7.334510420246148e-06,0.0,5.830747425586029e-06,3.009276146014634e-06,0.5702533387002358,0.5567966349181159,0.051238242387657285,-1.0810606711789842e-05
2014-03-20,-0.0007583084935618152,5.294784985416701e-06,4.930913391443192e-06,0.0,2.5593885525472146e-06,3.2056397647393497e-06,0.22417164503545264,0.48946154254972096,-0.049085937926489784,-0.0007742992202559617
2014-03-21,0.0006652974426684717,1.0711181480395158e-05,8.068628178706687e-06,0.0,5.2058586111764635e-06,2.720650585947239e-06,0.5660330126841646,0.4818258145704264,0.024756516131290082,0.0006385911238122461
2014-03-24,-1.779210048150882e-05,8.13570219564113e-06,5.99393401118014e-06,0.0,3.517068333610009e-06,2.869216633550407e-06,0.4421186250195743,0.5325104277420072,0.05048203330553891,-3.830802165549051e-05
2014-03-25,-0.00021371031999491266,6.381546119899674e-06,4.519701456051243e-06,0.0,3.843868475831158e-06,3.178217337993128e-06,0.29815118854857536,0.5842692950446031,0.05032878226175766,-0.00023163365338468785
2014-03-26,-0.0015804329004850508,8.639130955051241e-06,4.9849255579743214e-06,0.0,4.031064663646952e-06,2.803571981986102e-06,0.30842613845662603,0.5208956097665607,0.04989551679289517,-0.0016008915936437094
2014-03-27,0.0005083849074231076,7.630746955203887e-06,5.262776024679271e-06,0.0,3.381714142133215e-06,2.188039073000725e-06,0.31699808691269293,0.41705725453813247,0.04946669027401067,0.0004899216312280906
2014-03-28,-0.0008047888195279425,7.385591249430962e-06,6.411613301603368e-06,0.0,3.4094244294754768e-06,2.8399351386947846e-06,0.4014208710431004,0.5261447608465186,0.04903565754579463,-0.0008248353836471471
2014-03-31,0.0007988802685838758,1.0591596842504644e-05,1.0056156337528992e-05,0.0,5.768207290923303e-06,3.5564613118675224e-06,0.6447656752579796,0.5481820135215565,-0.049303486872187274,0.0007689078468010514
2014-04-01,0.0014233036698006662,4.976818550477394e-06,3.852177847589973e-06,0.0,1.7047617676571615e-06,2.8665328669072388e-06,0.23297757813774167,0.4335938297978521,-0.04798369184256375,0.0014099033787680344
2014-04-02,-0.00016299777235048076,9.936502690368655e-06,7.992790841914774e-06,0.0,5.7914610823853394e-06,4.948265442563966e-06,0.5670812774029712,0.7828079359313785,-0.048500658419367904,-0.0001916667924077135
2014-04-03,0.0008355988488292725,6.142046727145337e-06,3.8605074568780645e-06,0.0,3.2347444465333396e-06,4.9061097829609975e-06,0.23206745147385013,0.7746125893339753,-0.04961385420347236,0.0008174554404157548
2014-04-04,0.0014833490375086226,5.764046582216212e-06,4.645029930010409e-06,0.0,3.887811857463347e-06,4.480760742597437e-06,0.2959192925182597,0.7054275359837614,-0.047340268772608135,0.0014645713883963353
2014-04-07,0.0001543494127046367,9.264243584892753e-06,6.546987682190742e-06,0.0,5.26038198689329e-06,2.4469428279610477e-06,0.4812895001826892,0.46054474832677855,0.04945835322932256,0.00013083085662269887
2014-04-08,0.00015102279529932578,5.693600031919468e-06,3.7139350926909654e-06,0.0,2.5585693883821705e-06,2.109119126560083e-06,0.2358688102997657,0.4040003575359028,0.04966834427380895,0.0001369475716597731
2014-04-09,0.0008839141191421457,5.634266230880077e-06,3.3984215332902473e-06,0.0,2.7201757219586085e-06,1.9647730534221415e-06,0.21236917269162336,0.3813868846142333,0.0513050116393135,0.0008701964826025946
2014-04-10,-0.0007817135969660575,1.267417187951622e-05,1.1349793209809646e-05,0.0,6.756966266898559e-06,5.5329598723679625e-06,0.7862176713843103,0.9408634196530681,0.011326161095250364,-0.0008180274881946499
2014-04-11,-0.0010811460370145213,9.210389644119106e-06,7.353776040909555e-06,0.0,4.51250165481412e-06,3.1689631428083697e-06,0.5008014270811858,0.5810585461070953,0.04867273811528905,-0.0011053916674971724
2014-04-14,0.00046901068266736736,1.4573152896638165e-05,1.4892014360055622e-05,0.0,7.408313971916057e-06,3.7808421042916852e-06,0.9297173071114532,0.6858409477068599,0.05065947418585692,0.00042835635933446585
2014-04-15,0.0009758050901516059,9.212872594246074e-06,8.534546758174236e-06,0.0,5.06319193415958e-06,2.4621275785056588e-06,0.5029664533873817,0.3641403731371691,-0.04949706005178167,0.0009505323512865203
2014-04-16,-0.0006039460879178291,5.130466931188426e-06,3.7527349922706393e-06,0.0,2.984248216488424e-06,1.8646922882079452e-06,0.2492882694412643,0.26307934298671803,-0.050188961432216773,-0.0006176782303459846
2014-04-17,-0.0006799121552847127,8.595253522400955e-06,6.944813345786381e-06,0.0,4.692412898212401e-06,4.060034791535505e-06,0.5029978452702327,0.6313377847960897,-0.05074806018187519,-0.0007042046698426479
2014-04-21,-0.00023387017487390063,4.8187320696916036e-06,3.2717031958220364e-06,0.0,1.7132204818539103e-06,3.4487381440456483e-06,0.19441036727743222,0.5290944407208569,-0.05029356747881185,-0.00024712256876531383
2014-04-22,0.00035315290303145123,5.0268619845346585e-06,4.319923445664475e-06,0.0,3.0641174941438035e-06,3.832927721893415e-06,0.291167267993428,0.5943609878761626,-0.049570869401931034,0.0003369090723852149
2014-04-23,0.00022978893893452174,4.758545351290782e-06,2.9113694558710963e-06,0.0,2.1963420419195267e-06,3.426650257406061e-06,0.18164185624992069,0.5262408014484579,-0.049436441795760455,0.0002164960318280343
2014-04-24,-7.896166850107618e-05,5.1232044945710865e-06,4.335917036424707e-06,0.0,2.096410113351734e-06,2.518499786825966e-06,0.2694817135718635,0.3735078526017615,-0.049600111585000675,-9.303569993224967e-05
2014-04-25,0.0010919182265578305,6.218942611701632e-06,3.826701647553289e-06,0.0,2.376756316384281e-06,1.2371357345959186e-06,0.3200033647993177,0.2585894628838985,0.05075065947178414,0.0010782586902475953
2014-04-28,-0.0003554501964345844,9.375404360957357e-06,7.39540002391353e-06,0.0,4.812129680667364e-06,3.3041146840731347e-06,0.5085738461969994,0.6054936302636188,0.050402363339331985,-0.0003803372451841958
2014-04-29,0.0016393350091511247,7.461956727894363e-06,4.888445617774435e-06,0.0,3.572079850539868e-06,2.468440759507837e-06,0.3059120017066025,0.46562496112772556,0.05092691353040896,0.0016209440861954083
2014-04-30,0.0009122324722731712,1.0485354214020193e-05,8.263783813109954e-06,0.0,4.302595023048118e-06,4.70638308867479e-06,0.4983387602958149,0.7415839977449628,-0.049088361152401616,0.0008844743561343181
2014-05-01,0.0007459027848658835,7.485939670374407e-06,7.100501887393849e-06,0.0,3.489296835295742e-06,3.0058368466396015e-06,0.44109043963687034,0.4554587129770451,-0.049521877258407815,0.00072482120962618
2014-05-02,0.0011089430737548805,6.938737222642388e-06,5.930680283097529e-06,0.0,3.5609671595240265e-06,2.0643902301032504e-06,0.35770436822719265,0.2972134726310286,-0.049604086026317266,0.0010904482988595132
2014-05-05,0.0006871681492108407,7.860853902781098e-06,6.706862717878558e-06,0.0,3.911353995400392e-06,3.0269690218852805e-06,0.4113564369424867,0.45909062610204887,-0.049440169574678255,0.0006656621095728954
2014-05-06,0.0011121766450385546,5.776540874881707e-06,3.1351680860236772e-06,0.0,2.86919567641803e-06,1.7454929544778588e-06,0.2949947164651017,0.3434775296961252,0.05023471334384485,0.0010986502474467533
2014-05-07,-0.00010368143460806395,4.803302226543624e-06,5.053280131752789e-06,0.0,2.2553409096727376e-06,1.8630517139700635e-06,0.2705359719236717,0.26292627809541097,-0.05006640985155983,-0.00011765640959000316
2014-05-08,-0.0006985003946189535,6.4850094228562066e-06,5.378215259995263e-06,0.0,2.4653598244678863e-06,2.929771737487406e-06,0.333811156844112,0.44184134069445746,-0.050360311203427,-0.0007157587508637603
2014-05-09,1.949531073259907e-05,6.689457321460311e-06,2.90534731835184e-06,0.0,3.017557694906106e-06,2.871374451570092e-06,0.21770855421273488,0.4848073294852745,0.002416421621499326,4.011573946310721e-06
2014-05-12,0.0006583624826861491,5.754413457641339e-06,4.391514793772554e-06,0.0,2.298177884602859e-06,2.1003291917609106e-06,0.2696704283343698,0.3194920129281587,-0.033363291287673985,0.0006438180473583715
2014-05-13,-0.00021462616098294877,6.237876569980714e-06,3.987408440935821e-06,0.0,2.7750498946800244e-06,2.296433816052301e-06,0.24905082186757915,0.3485856856198412,-0.0372151954769455,-0.00022992292970459762
2014-05-14,0.0002296968734428767,6.923004782367106e-06,4.869351169378112e-06,0.0,3.413979344263952e-06,2.0771111586407245e-06,0.2794422259870235,0.3001575683091012,-0.04879710634254053,0.00021241342698822679
2014-05-15,0.0006045501378983067,6.741548085311508e-06,4.941138997744694e-06,0.0,3.936172485855728e-06,2.602592760538373e-06,0.3938668002586361,0.4888557199789388,0.051620136208492096,0.0005863286855688565
2014-05-16,0.0002603500971561105,7.743824409307765e-06,5.605762312093272e-06,0.0,3.883708669754548e-06,3.5761637014573344e-06,0.33578089059113125,0.651158742879369,0.05036324103453704,0.00023954063806349755
2014-05-19,0.0006374884077339127,8.865130492394084e-06,6.762521108918508e-06,0.0,4.575850873940535e-06,1.8857254153532248e-06,0.4823677038502111,0.3677032040046402,0.05090133422529841,0.0006153991798433064
2014-05-20,-0.00047337380937132823,8.629851920954376e-06,7.1405788839490916e-06,0.0,3.706643801399551e-06,2.686709889858875e-06,0.5011313432042948,0.48701020716860366,0.035642945672312826,-0.0004955375938674901
2014-05-21,0.0007075283199348359,5.110365936390571e-06,4.055398867615519e-06,0.0,2.4649161032801925e-06,1.5932381671812379e-06,0.2713465369603294,0.31889938877225704,0.05123537668580902,0.0006943044008603684
2014-05-22,0.00014202737486656143,7.042135601867164e-06,6.422333410408885e-06,0.0,2.9973830796939e-06,3.2719429121197414e-06,0.39072315504131966,0.530002957994758,-0.019683451241358535,0.00012229357986247175
2014-05-23,0.0008373233581445064,4.7686334471152145e-06,2.9288120673986396e-06,0.0,1.8795691969351297e-06,3.2279017386862273e-06,0.1530205923487384,0.4940162380146408,-0.04827125408464547,0.0008245184416943712
2014-05-27,-0.0010305494206312366,4.394130734639735e-06,2.48848657866723e-06,0.0,1.6204359812877559e-06,3.3781320469368374e-06,0.1560391699256192,0.5190386117123664,-0.04848757217302238,-0.0010424306059727683
2014-05-28,6.331593751416747e-05,8.647057716304697e-06,6.420984983730396e-06,0.0,3.859448031936628e-06,5.337600454981396e-06,0.4378189776980888,0.8476829966917347,-0.04903387974513995,3.905084632721435e-05
2014-05-29,-0.0002877393460986126,5.883515774400145e-06,4.8042194160896625e-06,0.0,2.0212824084483703e-06,4.280804484204065e-06,0.2944579912621228,0.6695709517710695,-0.04960420157521345,-0.0003047291681817549
2014-05-30,0.00048041094446441755,5.608045656190448e-06,4.16794525678232e-06,0.0,2.0712152051008183e-06,3.505234360600701e-06,0.26009977481073177,0.5393155260805795,-0.04956384650033838,0.0004650585039857433
2014-06-02,7.698670466163065e-05,4.464040902718084e-06,3.2650990748094735e-06,0.0,2.5600645022354528e-06,3.817803460410998e-06,0.219120155886578,0.5916874516386212,-0.04970352971042649,6.287969672145664e-05
2014-06-03,-0.000158604445281642,4.1084215750354165e-06,3.700007851682012e-06,0.0,1.4325615065770905e-06,2.882626021427269e-06,0.23102016739382825,0.434076000707748,-0.050205170892033246,-0.0001707280622363638
2014-06-04,0.00011892734707066834,3.8497389309737475e-06,2.6166034820686853e-06,0.0,1.3225819663222154e-06,2.7823774423922414e-06,0.1552451192749226,0.41790263138302775,-0.04953677893886871,0.00010835604524891145
2014-06-05,0.0001431166103369981,3.0460100974202633e-06,2.186768175633033e-06,0.0,1.0124712240306383e-06,2.373841563902596e-06,0.14032547328113754,0.34979904414271734,-0.049006338592918794,0.0001344975192760116
2014-06-06,0.00010416713262414609,3.3474630630959427e-06,2.7801000449211217e-06,0.0,1.0230724239844107e-06,1.919345160329462e-06,0.17296731857276781,0.2733972086778982,-0.049052778257451454,9.509715193181515e-05
2014-06-09,-1.339551443285668e-06,3.0471020630776653e-06,1.951770539600878e-06,0.0,1.0685063205324086e-06,1.994482295950724e-06,0.12328190942443835,0.28552162138156395,-0.04955140433815765,-9.401412662447343e-06
2014-06-10,4.234818427524618e-05,3.6685532478747528e-06,2.7992473770167336e-06,0.0,1.67881696129692e-06,1.9871783294423535e-06,0.17234447410610348,0.28417144788879933,-0.049674511457515905,3.221438835961542e-05
2014-06-11,-0.0001136410882419485,5.0952613146893775e-06,2.5749544646888698e-06,0.0,2.553270706680075e-06,1.5066821008973857e-06,0.24201525286031605,0.29893591109406376,0.045813318143302945,-0.00012537125682890422
2014-06-12,-0.00040564977312602403,1.1130701800217332e-05,1.0248319740924744e-05,0.0,5.019214589599777e-06,3.854821294655826e-06,0.6414946202332936,0.6980895434615175,0.050479565959338946,-0.0004359028305514217
2014-06-13,-0.00014166881490556408,1.136749944612358e-05,1.0650024445459477e-05,0.0,5.649810847299403e-06,6.019803300423098e-06,0.6846871422670681,1.0617563615317458,0.050429407060663956,-0.00017535595294486964
2014-06-16,0.0006411472060974075,7.1390938740273824e-06,7.287017127813769e-06,0.0,3.2674541723256764e-06,5.114794083547587e-06,0.4283059356363241,0.8154379297162879,-0.04384747631970648,0.0006183388468396931
2014-06-17,-0.001148319589709214,1.659809461656634e-05,1.121293326189996e-05,0.0,6.685068255447528e-06,2.823619852772918e-06,0.7993043363979698,0.4245737051969929,-0.049794430068857254,-0.0011856393056959007
2014-06-18,-0.0011677567561803515,5.3704539001745436e-06,3.526046068840176e-06,0.0,2.2943532870198905e-06,3.0248160952520404e-06,0.23045169212752906,0.45802837458953527,-0.05014072941280764,-0.001181972425531638
2014-06-19,-0.00021691991903626253,6.089729861798828e-06,3.853474505344793e-06,0.0,3.5535917628743596e-06,3.1224927712800146e-06,0.2468938963840239,0.47418643112096387,-0.05039235445407857,-0.0002335392079375605
2014-06-20,-0.00019631273471052983,7.911648528053934e-06,5.581029427753048e-06,0.0,4.173042978183125e-06,4.035638426306597e-06,0.3590184103696977,0.6277443200139801,-0.05024293560552806,-0.00021801409407082653
2014-06-23,-0.0002332855720882432,7.3596483845694585e-06,5.1969912848307645e-06,0.0,2.6440307077284286e-06,3.0053004558518258e-06,0.3102382948761226,0.4545684205502397,-0.050322056032867005,-0.00025149154292122367
2014-06-24,0.0008266767482628886,6.3269928891638675e-06,3.5949911284022825e-06,0.0,2.6722619937432616e-06,2.4971088284889722e-06,0.2276894444600527,0.3697261233663389,-0.04978815981980838,0.0008115853934230903
2014-06-25,-0.0005124397102138433,4.325540603565368e-06,2.6209775919481353e-06,0.0,2.4738406953875234e-06,1.6489966667322017e-06,0.2318256031020137,0.30709290404324424,0.03006146403223437,-0.0005235090657714765
2014-06-26,-0.00016638250319593443,5.7694507426463325e-06,4.77410870882051e-06,0.0,2.90424479296533e-06,1.600270199966707e-06,0.27554691482163485,0.2768004009163416,0.007955007321934859,-0.0001814305776403333
2014-06-27,-0.0002001448308566819,7.67511441971215e-06,6.321687371518264e-06,0.0,3.382348894816629e-06,2.9408999112313436e-06,0.3969944293314748,0.4440613407553547,-0.0500098443315109,-0.0002204648814539603
2014-06-30,0.0003847593039833592,7.874362051872472e-06,7.543888449472344e-06,0.0,3.7863345156227954e-06,3.1345094567258173e-06,0.4648930384037956,0.47616671410845834,-0.050430874621478536,0.00036242020950966576
2014-07-01,1.3824814464525054e-05,1.409129538705949e-05,1.2904101336404781e-05,0.0,7.797282204334147e-06,4.979200047992339e-06,0.9430028273105411,0.7865526378932033,-0.04995297016950967,-2.59470645112657e-05
2014-07-02,-0.001226595117394376,7.992267413495741e-06,7.044037111499882e-06,0.0,3.086063526596409e-06,3.708261249130046e-06,0.4317629025964583,0.5721147248214609,-0.05087316503238663,-0.001248425746695098
2014-07-07,2.4205180143111138e-05,5.4193858721179635e-06,4.306954427076016e-06,0.0,2.795505822925817e-06,2.729232150516518e-06,0.2770053434975833,0.4080762459846794,-0.050434755302095645,8.954101870474822e-06
2014-07-08,0.0006437843788906308,7.2616832787080755e-06,5.882738115319541e-06,0.0,3.811243326074837e-06,2.1100885793592738e-06,0.36145639067063157,0.30498584550172636,-0.04950903583063142,0.0006247186255911691
2014-07-09,-6.20915247602392e-05,5.781779085130051e-06,4.113322605769555e-06,0.0,2.864761696518116e-06,2.184705147111263e-06,0.29444509095963833,0.3217178858210625,-0.04531257889362968,-7.703609329476818e-05
2014-07-10,-2.4713924736139624e-05,6.350651365812912e-06,3.4868413679685945e-06,0.0,2.4587819314119463e-06,1.3031568192199112e-06,0.2820613276259859,0.2689522788685259,0.05002193323958073,-3.8313356220552984e-05
2014-07-11,7.947492492704819e-05,4.759712787449992e-06,3.4052428108165034e-06,0.0,2.1903399032606617e-06,1.4222891512586253e-06,0.23517606134249155,0.289404547981085,0.050459970569635984,6.76973402742624e-05
2014-07-14,0.00015998435353217782,4.829404962723995e-06,4.8630106573546365e-06,0.0,2.1334555871513393e-06,2.7362952609181267e-06,0.23672343687269987,0.409948988524335,-0.04974861530991037,0.00014542218706402972
2014-07-15,-2.345099298210401e-06,4.781830144631598e-06,2.577099753206085e-06,0.0,2.4986772924293395e-06,2.7277013642923255e-06,0.20197374303164084,0.4482386664655554,-0.010015162735555194,-1.493040785276975e-05
2014-07-16,0.0003896082239679694,6.1624131135481075e-06,3.48023864464756e-06,0.0,2.1199461878903178e-06,2.884119194180782e-06,0.18053923846970316,0.4352714638841392,-0.049260560738232144,0.0003749615068277026
2014-07-17,0.00034678453685890514,1.2430018988031944e-05,1.0376534593496722e-05,0.0,6.5650371703021966e-06,3.5319128944762646e-06,0.7058512504348213,0.6437903901627544,0.05042902389074222,0.000313881033212598
2014-07-18,0.000858957848923333,1.2349606378128077e-05,8.864705777017843e-06,0.0,5.366049281056486e-06,2.44312099109362e-06,0.5386858733756608,0.3602895289747094,-0.05015479752901867,0.000829934366496037
2014-07-21,-4.172771492511611e-05,1.0957206177185398e-05,5.2641877562390365e-06,0.0,4.245999827283081e-06,2.220331819258091e-06,0.37092633920437423,0.4225413913363666,0.0495256457010072,-6.441544050508172e-05
2014-07-22,-0.00040121075229949173,9.185205827819521e-06,7.605973584266062e-06,0.0,4.7115862681756565e-06,2.56336535096207e-06,0.4838741484176934,0.4113209176285115,-0.019324461333116008,-0.00042527688333071504
2014-07-23,-0.001986196524785627,8.139448169922646e-06,7.2420023676825045e-06,0.0,4.4604671881343994e-06,4.527474723338251e-06,0.48426958713395507,0.7107060058560033,-0.04990974766482298,-0.0020105659172347046
2014-07-24,0.0009385263284766375,8.1939130998015e-06,5.2522243222614945e-06,0.0,3.4614108703597305e-06,5.1105007017572825e-06,0.34774235612750604,0.8088436068556453,-0.04972051103957803,0.0009165082794824575
2014-07-25,-0.00015267740530791555,1.2867802122169306e-05,1.1649512910738797e-05,0.0,6.561862364430842e-06,3.5493701204324843e-06,0.7039521239246838,0.5460608649166222,-0.05023331531603521,-0.00018730595282568697
2014-07-28,0.00042302840416334726,8.910024247383035e-06,4.1742778018361565e-06,0.0,4.2343382782509864e-06,2.076199622270559e-06,0.3307870849117134,0.3990700093485793,0.050268472807125465,0.00040363356421360653
2014-07-29,0.0003602402771874685,7.820255535245463e-06,4.6870987904376836e-06,0.0,2.9302529161079103e-06,2.0023483754388614e-06,0.30306586507684075,0.3858825005574222,0.049487973483693534,0.0003428003215702386
2014-07-30,0.0008508372767128038,7.896798527241955e-06,5.216105607104363e-06,0.0,2.9482220963184265e-06,3.141833335977175e-06,0.36411867817020177,0.5779293937914232,0.05010139334725788,0.0008316343171461619
2014-07-31,-0.0014617722699006618,8.713375223385375e-06,6.293655506762329e-06,0.0,4.691716442034115e-06,2.692354123945778e-06,0.38581196643507143,0.5017222606255225,0.049406767802631646,-0.0014841633711967894
2014-08-01,8.718918744102168e-05,6.294844342489378e-06,4.1817901285426865e-06,0.0,3.1904302907555245e-06,3.0081910516098354e-06,0.2750842393541576,0.5546988156136587,0.04932271894320628,7.051393162762426e-05
2014-08-04,0.0006011578361679855,1.228734858746611e-05,9.54061721084172e-06,0.0,7.019115213024945e-06,5.261442644109247e-06,0.6553098581214938,0.933756194778468,0.04983383056811458,0.0005670493125125434
2014-08-05,0.000522122698123951,8.81032211919899e-06,7.87721088893786e-06,0.0,6.070115399243936e-06,3.0210371604100106e-06,0.496111828053224,0.557175837578563,0.04964159462968132,0.0004963440125561602
2014-08-06,0.00022262912309446305,4.57170258390065e-06,3.902693825464582e-06,0.0,2.7614429886421954e-06,2.3382082043526236e-06,0.25078962664544896,0.4424977180037929,0.049678739672552125,0.000209055075492103
2014-08-07,0.00011375043130200037,1.3095706321268627e-05,1.2919042729379721e-05,0.0,7.0886391865210945e-06,3.4410691841184906e-06,0.7989757587840121,0.6278670946448088,0.04976747171290255,7.720597388071243e-05
2014-08-08,0.00022130449290721948,8.50536612081595e-06,5.828470730888187e-06,0.0,3.745706841568509e-06,2.390727306856446e-06,0.4012692787877471,0.451211206647703,0.04956901909582025,0.00020083422190709038
2014-08-11,0.0005776341702695127,5.079765800170852e-06,4.359794592095142e-06,0.0,3.0429632109388696e-06,1.5438688836963878e-06,0.28963631835796316,0.293438697878563,0.03406872541756985,0.0005636077777826115
2014-08-12,0.0002160876618437817,9.57800223122085e-06,8.649725028114341e-06,0.0,4.031500423015075e-06,3.900612334214677e-06,0.5446802053582572,0.6054816106544703,-0.04982126149359559,0.00018992782182721674
2014-08-13,-0.00012854536844829226,5.564351317200654e-06,4.031053895432212e-06,0.0,2.297333442216651e-06,3.258418713036891e-06,0.24487027006646692,0.49780251027527095,-0.04961183351492662,-0.00014369652581617867
2014-08-14,-0.0006791917488251501,4.426946928589459e-06,4.050567291849737e-06,0.0,1.8690886335842649e-06,2.7161979793338863e-06,0.25405646023992257,0.40579174030985815,-0.050529520218234834,-0.0006922545496585074
2014-08-15,-0.00019776376008536487,6.826907876046552e-06,3.4189095291512277e-06,0.0,2.747696485212486e-06,2.741039388643953e-06,0.21230949708818705,0.40971747079201937,-0.050777146500164794,-0.00021349831336441908
2014-08-18,0.0003003193735900953,5.460374737144368e-06,3.4623247589235362e-06,0.0,1.90574180950919e-06,2.502971091317419e-06,0.20569545383154964,0.3708233950322089,-0.049675748309117335,0.00028698796119320077
2014-08-19,0.001118410320520559,5.018121651820217e-06,3.511820133524993e-06,0.0,2.2471301451327987e-06,2.6548871699226176e-06,0.22983823186682645,0.3963079163891004,-0.049713128157899224,0.0011049783614201583
2014-08-20,0.00015807364421776009,8.7444558272502e-06,6.191421172247864e-06,0.0,3.057921300857753e-06,3.938182048698647e-06,0.429279171082579,0.6116758788067531,-0.04993870537461953,0.0001361416638687056
2014-08-21,0.000256504058744418,5.50169928611134e-06,3.314327688925072e-06,0.0,1.8586325541472046e-06,4.240456061215544e-06,0.21451568343877675,0.6628065926245074,-0.04959002565970405,0.00024158894315401882
2014-08-22,0.0003602496840667681,4.07186592460749e-06,3.246691822555945e-06,0.0,1.6553299647208552e-06,3.476385661462426e-06,0.20450898410587182,0.5337185027057281,-0.050314288419959496,0.0003477994106934214
2014-08-25,-0.0003901738995631888,5.495130090736833e-06,3.2361321763733866e-06,0.0,2.159632367561487e-06,3.7744306845232742e-06,0.19960701185418797,0.5845349908395117,-0.04956936416039831,-0.0004048392248823838
2014-08-26,-5.980237683406668e-05,4.625444781919176e-06,2.800677212384197e-06,0.0,2.156235423769869e-06,3.929133783778214e-06,0.17194896064471915,0.6102134119836682,-0.04988106369107162,-7.331386803591814e-05
2014-08-27,-5.4214114755069725e-05,4.533742406990036e-06,4.069475318361177e-06,0.0,1.6285798673280483e-06,3.3522910463949723e-06,0.2555651810952175,0.5128650060310784,-0.050319889763276976,-6.779820339414397e-05
2014-08-28,0.0003128251908697831,4.994688659758549e-06,3.685496688969276e-06,0.0,3.1744865907893747e-06,3.3902297757118243e-06,0.23948635446054015,0.5195423056360404,-0.05001629668354601,0.00029758028915455407
2014-08-29,-0.0002985997698884683,8.608606219332962e-06,8.736702316157844e-06,0.0,5.046990053670532e-06,3.3710901322467585e-06,0.5537447873462504,0.5164671623359031,-0.04987597988155275,-0.00032436315860987636
2014-09-02,0.0006670330478312204,6.909986675297415e-06,4.505488333115191e-06,0.0,3.5310770772468183e-06,3.0590419673104127e-06,0.27560602992228433,0.4642524186520528,-0.049666631856096446,0.0006490274537782505
2014-09-03,-0.0003514603557582997,6.354531569388822e-06,3.9187860429920285e-06,0.0,2.735311239033306e-06,2.5581073611546695e-06,0.26779506017562704,0.38005322595991664,-0.04970881071406759,-0.00036702709197086855
2014-09-04,0.0007492973908325633,1.5163234178087981e-05,1.528630196251817e-05,0.0,7.2825814481747065e-06,6.28364040772635e-06,1.0430767467114572,1.10681904052437,0.05116745202634343,0.000705281632836056
2014-09-05,-8.512490219874599e-05,1.0296669004819688e-05,7.309955259295511e-06,0.0,5.460688491159966e-06,5.183673693938921e-06,0.4867446222171541,0.9211931588418256,0.05033597826008729,-0.00011337588864796007
2014-09-08,0.0004951727582162963,7.844454692508205e-06,6.348494245921622e-06,0.0,3.1728413444012924e-06,3.3697636921014346e-06,0.44764572043115347,0.6167561355751271,0.05063583530208593,0.0004744372042413637
2014-09-09,-0.00013130119223359063,6.224484456834224e-06,4.026960007906097e-06,0.0,3.2041050185433786e-06,3.2005407418735302e-06,0.2553954293728641,0.5886172401917127,0.0509263955569596,-0.00014795728245874784
2014-09-10,0.0005705523493475911,6.743620690178496e-06,4.214427486225977e-06,0.0,3.197488647090998e-06,3.246113326794836e-06,0.2573767700450038,0.5960598002823032,0.05071276138077052,0.0005531506991973008
2014-09-11,-0.0003018532837238597,1.2890270893653941e-05,8.426880527557658e-06,0.0,5.727107598059921e-06,4.681718715624455e-06,0.45250697624050173,0.8009427704978147,0.014414026272906832,-0.0003335792614587557
2014-09-12,-0.0005869463963175138,9.436108924185202e-06,6.302447644261658e-06,0.0,5.978314683828272e-06,5.3600097925764765e-06,0.37269583145439494,0.8515916589947026,-0.048889986158145216,-0.0006140232773623654
2014-09-15,0.0007038228045515663,8.5572159114942e-06,4.837175825778658e-06,0.0,3.8144494047205327e-06,5.050282160715256e-06,0.3165597047401432,0.8442303908976573,-0.0042170121025055796,0.0006815636812488577
2014-09-16,5.000418760399034e-05,7.489321573949696e-06,4.845277891927108e-06,0.0,3.946101524460992e-06,3.523051961064572e-06,0.38878586264843457,0.6416269987454364,0.049754269286588104,3.020043465258797e-05
2014-09-17,-0.0008167767748783878,1.016103781946924e-05,8.41143597745894e-06,0.0,5.53490081458818e-06,2.02257624444254e-06,0.6066136960127249,0.3899099805296788,0.05011717146333218,-0.0008429067257343467
2014-09-18,0.0003107360219975211,6.926560829689454e-06,6.593165822233977e-06,0.0,3.118745718944356e-06,3.131353404253354e-06,0.36789703459026313,0.4760621540112146,-0.050005217903349025,0.00029096619622239996
2014-09-19,-0.0005334547659918429,1.3428240341380604e-05,1.0255186900415548e-05,0.0,7.020290803509992e-06,6.153137787218685e-06,0.7252910809512363,0.983849649142791,-0.049877499109948376,-0.0005703116218243677
2014-09-22,7.283096544023582e-05,7.833266190678506e-06,5.128856558536212e-06,0.0,4.467056761526975e-06,6.383176562594861e-06,0.32038878873650717,1.0218417077096456,-0.05053195480629136,4.901860936689926e-05
2014-09-23,0.0005760451963101067,1.0820382577935267e-05,8.151584686930852e-06,0.0,5.468711407722957e-06,3.431561615415809e-06,0.5944869465968442,0.6252469336055959,0.04874458221574024,0.0005481729560221019
2014-09-24,0.0007150295126809383,7.1363344408775585e-06,6.142771452031674e-06,0.0,2.5506984036170404e-06,2.2583800649867057e-06,0.37798284372771807,0.4299979115660911,0.05059006064832437,0.0006969413283194253
2014-09-25,-0.0009731746793719316,5.911873888919728e-06,4.642730777019748e-06,0.0,1.8674123425227813e-06,3.1836862736905845e-06,0.3305568098873356,0.5840491573593978,0.04918986337937925,-0.0009887803826540845
2014-09-26,0.0008318052319617617,5.902164172997878e-06,5.402541582221024e-06,0.0,2.353139920357851e-06,2.191932571839348e-06,0.3186612965107412,0.3910867921551713,0.022842120086160767,0.0008159554537143455
2014-09-29,-0.0002060847202444512,4.6723524429368095e-06,5.2378715098260496e-06,0.0,2.5500245432757697e-06,2.238093320720942e-06,0.2950626996255323,0.34296550186873764,-0.03303417601238037,-0.00022078306206121077
2014-09-30,6.842545872243701e-05,1.438239619778584e-05,9.033442912688435e-06,0.0,7.36780103381969e-06,4.748016446616951e-06,0.69317494714266,0.8374596045922316,0.03979284156058349,3.2893802131526096e-05
2014-10-01,-0.00039205984208596356,1.1041706163973365e-05,8.649163603625726e-06,0.0,5.1713799723010464e-06,2.178130817749095e-06,0.5282419028651466,0.41602398497131343,0.05009800758946541,-0.0004191002226436128
2014-10-02,-0.00032303255939565497,8.59060445127922e-06,8.363412799513884e-06,0.0,3.881221373388514e-06,3.1521546396818115e-06,0.5186075598543989,0.5796024339549408,0.0500404544883961,-0.0003470199526595184
2014-10-03,0.0011456086037280081,6.144477879603711e-06,4.449261618146148e-06,0.0,2.83940910735575e-06,2.663826944083813e-06,0.2908382070760168,0.49794629908134297,0.05042337247526228,0.0011295116281788188
2014-10-06,3.230612448247466e-06,1.3444330558525465e-05,8.988387013484635e-06,0.0,7.2785155843562464e-06,3.6152842769287865e-06,0.6168294076111711,0.6575841527682611,0.05021639424422497,-3.0095904985047664e-05
2014-10-07,-0.001745610232706301,9.774186100636698e-06,7.212431855836235e-06,0.0,6.418680178385796e-06,3.450030484017772e-06,0.47418213746310167,0.6296844930809725,0.05007937176598706,-0.0017724655613251775
2014-10-08,0.0014051974692510182,7.1626049626899725e-06,5.581088812898583e-06,0.0,3.170243032414783e-06,2.4319361555138876e-06,0.3500352574520815,0.46033776688678,0.051772492760446986,0.001386851596287501
2014-10-09,-0.0022034840784156758,6.871461357829753e-06,4.97180036729922e-06,0.0,3.319130830728356e-06,2.2938586239922314e-06,0.3381787271504141,0.4352181379156369,0.04984988908494195,-0.002220940329595525
2014-10-10,-0.002246092201851096,5.910034001183731e-06,3.827005303345552e-06,0.0,2.2961192212324996e-06,2.38422997652306e-06,0.24501751234530103,0.4504024056771444,0.049851769621270275,-0.0022605095903533807
2014-10-13,-0.0013096321657020246,5.300300603949835e-06,3.6605984202958596e-06,0.0,1.844940332147695e-06,1.8390737982186268e-06,0.22026941304991451,0.3582598989237374,0.04929550082300804,-0.0013222770788566367
2014-10-14,0.0002651947423320515,5.366453943271186e-06,4.294446486421856e-06,0.0,3.5261311965209008e-06,1.7314295450666234e-06,0.27034790540230974,0.34109260451913753,0.050212440947945025,0.00025027628116077095
2014-10-15,-0.0018250458719172745,5.665238008593347e-06,3.986423020529259e-06,0.0,2.3991626359350553e-06,2.3258278124201994e-06,0.27227286438429227,0.4401931871953739,0.04945411470878036,-0.0018394225233947523
2014-10-16,0.0014241787611387225,6.385167878668663e-06,4.316966459955795e-06,0.0,4.074134882869462e-06,2.5534518378197236e-06,0.26928417332655763,0.4791974786307465,0.050217569877032825,0.001406849040079409
2014-10-17,0.0016745000186950115,1.4505429377425822e-05,1.1123187770676261e-05,0.0,8.263292165786629e-06,5.5466222588511e-06,0.7939266984409162,0.9832436069691566,0.051411067482172,0.0016350614871222717
2014-10-20,0.001356061266289619,7.311440078689005e-06,6.197778313877818e-06,0.0,3.7566470295746e-06,5.286072739865484e-06,0.29576927435989614,0.8403955339267528,-0.047664686370648746,0.0013335093281276122
2014-10-21,-0.0018899039515528145,5.781828166779052e-06,5.748111890917889e-06,0.0,2.807268444209429e-06,4.098840041032836e-06,0.3715683924449241,0.642858718929962,-0.04574640796355439,-0.0019083400000957536
2014-10-22,0.0007534915051120311,6.312540943366216e-06,5.4846663478797676e-06,0.0,5.48743652567126e-06,4.5817122049656755e-06,0.3696810679155442,0.7228497000055922,-0.04687795042864096,0.0007316251490901482
2014-10-23,-0.00028752219385861353,7.116849073249758e-06,3.913782734275215e-06,0.0,4.408699282027235e-06,3.6491117741626507e-06,0.3194334852557299,0.6512457446693509,0.03819496661002553,-0.00030661063672232837
2014-10-24,-0.0004214792893277863,6.7714150073092526e-06,5.59253191908853e-06,0.0,3.6716899557896566e-06,2.0377060535341807e-06,0.3367044011919621,0.38654037381041595,0.04420575681667363,-0.0004395526322635079
2014-10-27,-0.0013561410861856395,5.456665909408857e-06,5.007917940561976e-06,0.0,2.4937934064637922e-06,3.0557435582287887e-06,0.27553722209562953,0.46406015165361647,-0.04930476612881993,-0.0013721552070003029
2014-10-28,-0.00032224252934542566,3.974273947691038e-06,3.819590608355345e-06,0.0,1.8570923729735041e-06,2.5785771138807356e-06,0.23927924213237933,0.3850009061193107,-0.04820004901265293,-0.00033447206338832626
2014-10-29,6.10500766249671e-05,4.809011411389694e-06,2.771534033329285e-06,0.0,3.008952454493894e-06,2.702666585858515e-06,0.23373884045715118,0.46432481033367096,0.010276823909440375,4.7757912139895716e-05
2014-10-30,0.0005019526886495788,5.6298841941443185e-06,5.708202690667554e-06,0.0,2.2599444993795054e-06,2.1933775785142708e-06,0.30597169978341726,0.3189624330235054,-0.049525000166892014,0.0004861612796868732
2014-10-31,-0.000476597918146045,2.9127207690634745e-06,1.8023572928703752e-06,0.0,1.1743747606615269e-06,1.9782833573056915e-06,0.11457308942688295,0.28332582043636,-0.04902578359099613,-0.0004844656543259461
2014-11-03,-0.0003386322959636125,2.303929240357641e-06,2.167323877250477e-06,0.0,1.030360133399973e-06,1.624248627134722e-06,0.14325706158623464,0.22318028830447284,-0.04969348105416041,-0.00034575815784175534
2014-11-04,-0.0002217999709978001,5.397973675985368e-06,4.2235310182315135e-06,0.0,3.036951154572342e-06,1.9665940799047635e-06,0.2619457083866594,0.28076075158408786,-0.04962705383991241,-0.00023642502092649409
2014-11-05,-0.000925444074133631,4.35516309660667e-06,3.1798016008539434e-06,0.0,2.269066232164016e-06,2.047126808628238e-06,0.2034424920138577,0.29415837235911824,-0.04975893149042562,-0.0009372952318718839
2014-11-06,-0.0005876992262559859,3.7103763640367014e-06,3.0951313007304595e-06,0.0,1.91037857183647e-06,1.324956600340489e-06,0.21368413537431175,0.17260219538422125,-0.04999051347298085,-0.00059774006909293
2014-11-07,-0.0002265559514393611,2.438162727152939e-06,2.0789822836432255e-06,0.0,9.597567895393692e-07,1.0859719152287456e-06,0.13207112452314757,0.13218410762771043,-0.05025917413071877,-0.00023311882515492539
2014-11-10,-3.0191081300429967e-05,1.6432065586737877e-06,1.3269460761600314e-06,0.0,8.877325293417291e-07,1.2575721286856644e-06,0.08558122943755768,0.16125533814047727,-0.05001677947871447,-3.530653859329118e-05
2014-11-11,0.00011177956080001052,2.3249292176861653e-06,1.8010428902115343e-06,0.0,9.796579235772039e-07,1.1439973362317085e-06,0.12344096789128572,0.14218204479672308,-0.05000950769020392,0.0001055299334323039
2014-11-12,0.00017805849731110363,5.0528484941282044e-06,4.011851829811729e-06,0.0,2.541739132272148e-06,2.2775770144467233e-06,0.28762241858726056,0.33277392196753575,-0.04985901645951389,0.00016417448084044483
2014-11-13,-2.5767719534459754e-05,4.115927691159805e-06,2.9183670370349435e-06,0.0,2.6143920211605408e-06,2.6170301001363397e-06,0.18320995799850376,0.38987431536664835,-0.04978674145625678,-3.803343638395138e-05
2014-11-14,0.00044039128111790217,2.8256587038321846e-06,2.520632191396649e-06,0.0,1.4610911458435726e-06,1.9312404407254545e-06,0.16296730970225026,0.2748248673443639,-0.049623526697512396,0.0004316526586361043
2014-11-17,-0.0003098975446164486,3.061181598433744e-06,1.6779360989782463e-06,0.0,1.3162238586073029e-06,1.9095580684077712e-06,0.10956188271011812,0.2710020913078173,-0.04980366418468821,-0.00031786244424087567
2014-11-18,-0.0007961786174210762,6.123475334972016e-06,5.652679665052652e-06,0.0,2.9895041363590193e-06,3.822421939676113e-06,0.41319757321940037,0.5925083969783432,-0.04965848888724361,-0.000814766698497136
2014-11-19,-4.269577040508307e-05,5.249356171586867e-06,5.178449851496209e-06,0.0,2.417195852598632e-06,2.7910353244805183e-06,0.32434313185474123,0.41879956038314037,-0.050094374129587046,-5.8331807605245294e-05
2014-11-20,-0.0002888498643058812,3.250221112804004e-06,1.981497861554659e-06,0.0,1.3958673394064878e-06,2.278761468679181e-06,0.13906401132563287,0.3478298471326128,-0.03500207960548973,-0.0002977562120883255
2014-11-21,0.0002797969199513453,3.3443341619255305e-06,2.0594523390112032e-06,0.0,1.8329113100195893e-06,2.384284734639273e-06,0.1581142818226034,0.3979899726056628,-0.0025698628137349744,0.0002701759374057497
2014-11-24,0.00020649755595949663,3.090688987945631e-06,2.7522820498407097e-06,0.0,1.1935571460984437e-06,2.6825258427079142e-06,0.14370354796205315,0.401451327207362,-0.04921301436756767,0.00019677850193290392
2014-11-25,-5.661871439071032e-05,5.76516574513244e-06,4.546020439768629e-06,0.0,2.396574298698898e-06,3.7148336227423577e-06,0.3109763121604805,0.5746068663861377,-0.04948518223457832,-7.304130849705265e-05
2014-11-26,-0.00016976364508218376,3.9515999015160785e-06,3.457615940700067e-06,0.0,1.5084586586742969e-06,2.965380672519572e-06,0.2157087890886689,0.44834763017777873,-0.049836322805509314,-0.0001816467002555938
2014-12-01,0.0004397785679783603,5.0491845484136224e-06,2.8113131474438622e-06,0.0,2.6291038110422325e-06,3.222657543656782e-06,0.17631561847290425,0.4918130787264912,-0.04959338860784804,0.0004260663089278038
2014-12-02,9.487820807705581e-05,4.5152459221549e-06,3.5860563330675163e-06,0.0,2.027457087578801e-06,2.550736278768853e-06,0.22856300059083898,0.3793549859784911,-0.04916870885467621,8.219871245548574e-05
2014-12-03,0.000667059555692099,3.7706165182300045e-06,2.6299195021781444e-06,0.0,1.9092575209304997e-06,2.6212125975855304e-06,0.1755782568802886,0.3914401544122698,-0.04892356198209938,0.0006561285495531748
2014-12-04,-0.0005143999958040836,3.817797661593254e-06,3.56544710180161e-06,0.0,1.6576306636331747e-06,1.9042469059215804e-06,0.22362979629347612,0.2700648167558899,-0.049848663438935535,-0.0005253451181370332
2014-12-05,-3.409656749429008e-05,5.833237619039702e-06,5.316044212878824e-06,0.0,2.115151887603576e-06,2.329909262046976e-06,0.3195927017252533,0.34127417035508656,-0.05015058566880547,-4.9690910475859155e-05
2014-12-08,0.0006441219164182903,5.042375935850602e-06,3.3789945123641794e-06,0.0,2.245782357445094e-06,2.290424312540886e-06,0.22454183263461702,0.35995533109738764,-0.024835953409481387,0.0006311643393000896
2014-12-09,1.3919130352659998e-06,4.1794452639779585e-06,3.986558751507488e-06,0.0,1.9291701221547096e-06,3.124438726219247e-06,0.31490444103729776,0.5652275164352021,0.04032181043036845,-1.1827699828593403e-05
2014-12-10,-0.0003172650444028756,5.216229677464894e-06,4.4201765551308855e-06,0.0,2.3039114124159584e-06,2.2117190047924813e-06,0.3245178954810839,0.423222017741016,0.051653224935879066,-0.0003314170810526798
2014-12-11,1.533781099592e-05,6.5767500281836756e-06,5.9408126015707835e-06,0.0,3.4800011961700718e-06,1.7941389123598393e-06,0.4280558913725524,0.3516732535627459,0.050257916286293114,-2.45389174236437e-06
2014-12-12,-0.000654620131225412,6.103640034689938e-06,3.9614834812123145e-06,0.0,2.7195481678309464e-06,1.6930862670259162e-06,0.26407969912708423,0.3346709858431037,0.05023249298274997,-0.0006690978891761712
2014-12-15,-7.00906587201374e-05,3.109153823918388e-06,2.1118877830160935e-06,0.0,1.5665066513894215e-06,1.4873591655074908e-06,0.1372531306071738,0.29969441232265015,0.04981807251739166,-7.83655661439688e-05
2014-12-16,-8.183756998068148e-05,3.091230515220086e-06,2.375477596787217e-06,0.0,9.285481077036798e-07,1.0088123291536883e-06,0.14410170072086753,0.21950846008313082,0.050027988785311284,-8.924163852954615e-05
2014-12-17,0.0017945720885393188,2.4929794895581538e-06,2.5147649075696423e-06,0.0,1.1654720353486796e-06,9.007891703710975e-07,0.16220331925540873,0.20338868340720154,0.052056102784857235,0.0017874980829364713
2014-12-18,0.0015579436844947578,8.229523261507696e-06,8.498225728066854e-06,0.0,5.2245378804309796e-06,3.0295626166294125e-06,0.4533375069391091,0.46026706066224876,-0.048699458931492745,0.0015329618350081228
2014-12-19,-0.000614567689255,1.0947714145271777e-05,1.1084467896925224e-05,0.0,6.101750971924893e-06,3.684588830067649e-06,0.8116789912478167,0.5692415388375213,-0.049769384613843726,-0.0006463862110991895
2014-12-22,0.0008038099760398099,3.383037562766495e-06,2.8222830053961655e-06,0.0,1.3915760854819964e-06,2.866999606312864e-06,0.18393463401695506,0.432346890516162,-0.0493090433443992,0.0007933460797798524
2014-12-23,4.7640641786771166e-05,2.4608941147860593e-06,1.9483481068681968e-06,0.0,1.3330238786494475e-06,2.648799154908038e-06,0.1320675295777402,0.39545929764670384,-0.049538960377846525,3.924957653155942e-05
2014-12-26,-0.00017810688015545845,1.982678281376493e-06,1.4952985668632689e-06,0.0,1.1147837461120021e-06,2.421598987274645e-06,0.09976993229431202,0.3575328527991304,-0.04929577706300994,-0.00018512123973708487
2014-12-29,3.5630903816276835e-05,3.2702377092809332e-06,2.7320400679728233e-06,0.0,1.4061809740112668e-06,3.117899306956427e-06,0.18942538926809901,0.4745076676429071,-0.04929941592577261,2.510454575805538e-05
2014-12-30,0.00036493168814785877,2.4966076369463845e-06,2.4683750817082712e-06,0.0,1.371297330706772e-06,2.7396405206321653e-06,0.16319014136796303,0.41040626643043154,-0.04985334103577227,0.0003558557675778652
2014-12-31,0.0005233048365090075,3.5746662866648367e-06,2.780784713591873e-06,0.0,1.1740510813015368e-06,1.2805281839796687e-06,0.24604167894647594,0.24828600931153505,0.033157274402950715,0.0005144948062434696
2015-01-02,-6.866998730391975e-05,1.9003805468035867e-06,2.2723532876993486e-06,0.0,7.908365744252136e-07,7.167125992260024e-07,0.16247411937926945,0.1698617151419946,0.04945399847202615,-7.43502703120739e-05
2015-01-05,-0.0006552439508124512,1.961096429589614e-06,1.6737308439913785e-06,0.0,8.750907284863938e-07,6.533100736840078e-07,0.10847046121532794,0.1589250017989967,0.04916890942008351,-0.0006604071788882027
2015-01-06,-7.132196703613555e-05,2.6937986600263467e-06,1.9213674845313405e-06,0.0,7.490187415231864e-07,8.43497595470104e-07,0.13176071314591764,0.1908755558457615,0.04916795980678394,-7.752964951768652e-05
2015-01-07,0.0008420067040843608,2.8075907453157034e-06,2.839217220564448e-06,0.0,1.1964090287157505e-06,8.638183108550969e-07,0.18273689667812845,0.19527153080785237,0.05015005458419608,0.0008342996687789098
2015-01-08,0.0007506873537112861,3.5070649949122063e-06,3.972851517346482e-06,0.0,1.6184751219371807e-06,1.3174603226540123e-06,0.19089091524210763,0.18131366850406208,-0.04001966570181216,0.0007402715017544362
2015-01-09,0.0004370165076074688,5.480946368713927e-06,5.050441944353328e-06,0.0,2.40637959762301e-06,2.9601666080062185e-06,0.3636573496630232,0.4510610689042046,-0.04624692124083998,0.0004211185730887723
2015-01-12,6.185754826199703e-05,5.167775607096939e-06,4.61726244928886e-06,0.0,1.896951352504148e-06,8.608206655230435e-07,0.3341816986290944,0.15915262551244802,0.014534753704576723,4.931473818758404e-05
2015-01-13,3.6863738757945045e-05,2.267714137847185e-06,9.048127451506879e-07,0.0,5.939381697896319e-07,4.6526673633938255e-07,0.08591590835446614,0.12814032392674515,0.049975512221728885,3.263200696881816e-05
2015-01-14,-0.0004087851929925975,3.405499700993578e-06,3.2990771211403354e-06,0.0,1.3726716791824897e-06,1.3405535413649283e-06,0.20485302069499783,0.2748408795114244,0.04962788456211636,-0.00041820299503527884
2015-01-15,-0.0004358039616747895,3.0438703429177966e-06,2.6039179664150694e-06,0.0,8.955586838805757e-07,8.207350180893494e-07,0.18778588670654467,0.18791759601212615,0.050034112973115476,-0.0004431680436860923
2015-01-16,0.0003897199725960071,4.205645447565586e-06,4.194154416050806e-06,0.0,1.401456110942121e-06,1.6866472404096223e-06,0.26502018717712517,0.3333964616665667,0.05003972527775004,0.000378232069381039
2015-01-20,-6.803121442194824e-05,3.8078646732101875e-06,3.5445210008496122e-06,0.0,1.5161699480736555e-06,8.295596224334547e-07,0.2539418008579988,0.18936258054728575,0.04999656397846544,-7.772932966651516e-05
2015-01-21,0.0004798379554462369,2.0153059085368557e-06,2.46811062653439e-06,0.0,8.964864004528987e-07,1.048465585981234e-06,0.14116373845413777,0.18685863348397708,0.010716415039129706,0.0004734095869247315
2015-01-22,0.000458870750345484,1.648823961956069e-06,1.580408992829158e-06,0.0,7.395305948712677e-07,1.3392036551751385e-06,0.09127587303564177,0.21693784550287826,-0.00804836856654504,0.00045356278314065234
2015-01-23,-0.00032052734323387115,3.1340338912043156e-06,1.333516009850129e-06,0.0,1.4752710373736105e-06,1.0373387815329423e-06,0.13607669901755093,0.2246444692544297,0.05037155395689537,-0.00032750750295383217
2015-01-26,0.0005606136763119493,4.107456617789374e-06,4.256613457377634e-06,0.0,2.019598719742955e-06,1.8386179431240004e-06,0.18058267077834614,0.2591558448824703,-0.04973196956236181,0.0005483913895739154
2015-01-27,0.0005394189242479635,3.2239456584094083e-06,2.2602270062508385e-06,0.0,1.5833071065313898e-06,1.0079569921725776e-06,0.23229016998293,0.21947980376298679,0.05014302907799375,0.0005313434874845992
2015-01-28,-0.0009059044338650115,3.5615007602780618e-06,2.4871013568403762e-06,0.0,1.3919607107490513e-06,1.1961089968557899e-06,0.14960825748280587,0.251300174904695,0.05035386343292224,-0.0009145411056897348
2015-01-29,0.0011487087301266055,2.2281647337221667e-06,1.7514519491498693e-06,0.0,9.674500033483174e-07,9.095687368735535e-07,0.11679664820567477,0.20311205259716936,0.05030450480241237,0.0011428520947035115
2015-01-30,-0.0009722065944744804,3.4203141289331445e-06,2.0399803951997453e-06,0.0,9.67066501091898e-07,7.62861272605873e-07,0.13869955102973497,0.17844921471041084,0.0502885209126242,-0.000979396816772311
2015-02-02,0.0007324212654107551,2.5933349815120542e-06,2.021982087373252e-06,0.0,8.57450902823279e-07,6.944849474488943e-07,0.12007457227082738,0.14571174995015992,0.029038278778745673,0.0007262540124915977
2015-02-03,0.0007362014184674617,2.0845912765169133e-06,2.830874219160503e-06,0.0,8.086616847616968e-07,1.4884908060998638e-06,0.1261977999497481,0.2012061283448262,-0.04886032707995103,0.0007289888004809227
2015-02-04,-0.00015741339288929992,2.5749954952798074e-06,2.2486292518396674e-06,0.0,1.3409213256410355e-06,1.900796717082666e-06,0.15464527767629718,0.2694083888772368,-0.049925459592651066,-0.00016547873567914308
2015-02-05,-0.00010193939163582571,3.0984928933973944e-06,1.2539890414268128e-06,0.0,1.2114138244379327e-06,1.6172490754500506e-06,0.1050078009597542,0.2501241376027521,-0.0215737070728564,-0.0001091205364705379
2015-02-06,-0.00010434211904168943,5.228620489004345e-06,5.791137299800536e-06,0.0,1.977317496622177e-06,1.881423011885494e-06,0.38079494389817514,0.30570582189982,-0.010373244096942763,-0.00011922061733900198
2015-02-09,0.0006903243337626498,2.7647283193837245e-06,1.705102605928578e-06,0.0,9.687536401735593e-07,1.2985768058483128e-06,0.1308916457143594,0.2299653151451707,0.011804411762654135,0.0006835871723913156
2015-02-10,0.0005953414832138282,2.41987915209095e-06,1.3510541302680488e-06,0.0,8.783121798671695e-07,8.939637016838424e-07,0.12052119515825944,0.20012310669069625,0.049937204807810734,0.0005897982740499182
2015-02-11,-0.00016001247983490663,2.0134320869962164e-06,1.8723925136165973e-06,0.0,9.47033476212029e-07,6.377858487127928e-07,0.12772143407573103,0.1497910675334007,0.0426430449496515,-0.00016548312376044426
2015-02-12,0.0009680121009925217,2.0336685105067476e-06,2.3959129204391875e-06,0.0,5.595825301977973e-07,9.239403705830154e-07,0.10673529624508556,0.13805183707805296,-0.017170145179893646,0.000962098996660795
2015-02-13,5.935608454728382e-06,1.0326381392809986e-06,1.4390303817122818e-06,0.0,3.964600573324854e-07,1.2564049642978494e-06,0.07447622244902652,0.16140769903421243,-0.04966833496782618,1.811074912104767e-06
2015-02-17,1.5903483582520375e-06,1.4976464479206444e-06,1.4380364769780988e-06,0.0,4.1849698823003035e-07,1.0445577974229515e-06,0.09275160155531569,0.12555002275370636,-0.04993568721334944,-2.8083893522996883e-06
2015-02-18,0.0002772489827710353,1.163519110632358e-06,9.74079719738235e-07,0.0,4.3704607578848366e-07,9.526663146724268e-07,0.06193647514455469,0.10984532320606737,-0.05020261765890035,0.0002737216715502038
2015-02-19,0.0002203097310704573,1.3019305732961045e-06,8.893512391480224e-07,0.0,6.388552668631083e-07,1.0510780273970662e-06,0.058026574268441704,0.12662463898733856,-0.04995646961536851,0.00021642851596375301
2015-02-20,-0.00013783708256470236,1.9057436007921018e-06,1.322218875341984e-06,0.0,7.285592569897831e-07,1.0775647040960206e-06,0.0914070037428514,0.13106646363742155,-0.0499644066507099,-0.00014287116900192225
2015-02-23,-0.00021550393280499874,2.0640554933461664e-06,1.8708762967834497e-06,0.0,7.282749630224765e-07,1.0910275717309627e-06,0.11610844813532409,0.13318943013136958,-0.050103201919432114,-0.0002212581671298818
2015-02-24,-0.0001230857717450882,3.5532632847511464e-06,3.3175443303619906e-06,0.0,1.4063814389148288e-06,1.7662245984034632e-06,0.24482728958505956,0.24686165763537682,-0.04986407489640496,-0.00013312918539751963
2015-02-25,-0.000234886625272943,2.219243488315045e-06,2.2178452443609995e-06,0.0,8.054302702840256e-07,1.3151947317897146e-06,0.14164083378180437,0.17099346518522213,-0.04995924975544996,-0.0002414443390076928
2015-02-26,9.299482130906072e-05,2.2177138895813427e-06,1.2245548949605025e-06,0.0,8.782102141068578e-07,1.2103136464444738e-06,0.08465230135045354,0.16006099445421013,-0.04327169814846147,8.746402866396754e-05
2015-02-27,0.0002426778012434992,2.6996049760522202e-06,2.1971296036537748e-06,0.0,8.1053668839114e-07,8.336349279427573e-07,0.162180144312201,0.13457969390168145,-0.005470973992701744,0.00023613689504745932
2015-03-02,0.00020947030157033683,1.5212389474921868e-06,1.3771788936151455e-06,0.0,5.003099744315255e-07,7.58709372069875e-07,0.0825697942160202,0.10636649006933009,-0.02109668443840891,0.0002053128643827281
2015-03-03,-1.7968710060261238e-07,2.113657070976829e-06,1.810905107100197e-06,0.0,8.456427383496069e-07,9.682078486046773e-07,0.16073576984943386,0.19502440033365803,0.032365481768072205,-5.918099865633923e-06
2015-03-04,-0.0002127360085170988,1.1752473688234665e-06,9.313423941699916e-07,0.0,5.250001075055463e-07,9.557423084958458e-07,0.07600344216737151,0.2109126687009636,0.050347960873661425,-0.00021632334069609366
2015-03-05,-0.00016993788733225178,1.3801524853572281e-06,1.060534172620388e-06,0.0,7.242400360081189e-07,1.0647947160034515e-06,0.059740024272748715,0.2215192805523708,0.04263376826379105,-0.00017416760874224097
2015-03-06,-0.0006459038756264006,3.0785875520661535e-06,3.037787632030926e-06,0.0,1.5246648046024649e-06,1.8267835355927872e-06,0.18390113892684273,0.3345363101620763,0.02763667618248805,-0.0006553716991506929
2015-03-09,0.00043181971867567074,3.6166322542887465e-06,3.543377503610904e-06,0.0,1.6931523775775412e-06,1.030404114814645e-06,0.2518278615303089,0.19191936201901844,0.018811470730158063,0.0004219361524253789
2015-03-10,-0.00033261912759102106,4.037860543305497e-06,2.72363546876262e-06,0.0,1.6261114258537154e-06,8.166026021019173e-07,0.21017870632324212,0.18779656964262292,0.05060733248950093,-0.0003418233376310448
2015-03-11,0.00020735797476518835,1.7251449246946677e-06,1.458870005964615e-06,0.0,8.0702343927655e-07,7.496982826714147e-07,0.09496228864491668,0.17605235470027675,0.05010304321147895,0.0002026172381125811
2015-03-12,0.0005981472904459651,3.125783337979944e-06,2.864066073027228e-06,0.0,1.4835489847382452e-06,1.0686673171295708e-06,0.18117535602707802,0.2297585016145855,0.050222392336817606,0.0005896052247330901
2015-03-13,-0.0004386927260817112,3.4886499598461266e-06,3.1032489428159816e-06,0.0,1.5696055292918742e-06,1.4416146046017063e-06,0.15918918071402974,0.2528028799205622,0.010611626347475658,-0.0004482958451182669
2015-03-16,-0.00026223078238193936,2.6187550130574915e-06,2.823403518889433e-06,0.0,9.323756589367843e-07,1.0673732901052782e-06,0.1673325521371879,0.14941084910093239,-0.029907863636754427,-0.00026967268986292833
2015-03-17,0.00023052622699806162,1.5640441268913397e-06,7.879305371172309e-07,0.0,5.685445023532604e-07,9.083160214578201e-07,0.1156994881629917,0.2009601671316657,0.048363075526751995,0.00022669739181024195
2015-03-18,0.0008870513387779556,2.268598559465719e-06,3.1748069501066263e-06,0.0,1.1701567560635498e-06,7.825246547448885e-07,0.19461086138602596,0.13686842181353437,0.005404279816393073,0.0008796552518575749
2015-03-19,0.00025618276123660097,1.9465836140006825e-06,1.9306134848204945e-06,0.0,7.961157968625204e-07,9.48722817920421e-07,0.11552984354423967,0.15271665337316126,-0.006668780037469367,0.00025056072552299686
2015-03-20,-0.00025828560497240873,4.421356414013589e-06,4.71729558067294e-06,0.0,1.8891663884793822e-06,2.0154593200497804e-06,0.31627691896538435,0.3031375445080784,-0.03545962126028468,-0.0002713288826756244
2015-03-23,0.00011398205949834147,4.682989188571973e-06,2.041569318924596e-06,0.0,2.377555191002085e-06,2.0901743121625866e-06,0.20895115690189478,0.4012216628686376,0.05007237842532303,0.00010278977148768023
2015-03-24,0.00020554365383498784,3.294389182856867e-06,2.4092068678294716e-06,0.0,1.4493404141225713e-06,1.8193562804927198e-06,0.15268493603226724,0.35565768129960873,0.05000582617683179,0.0001965713610896862
2015-03-25,-0.0001459055304690186,3.4339986399954173e-06,2.8057331729765952e-06,0.0,1.5323873470011747e-06,1.1721510446802448e-06,0.1751957811261854,0.2463606849020742,0.04943930939579312,-0.00015484980067367204
2015-03-26,-2.9942238407202738e-05,1.992875901641231e-06,1.8149799109674984e-06,0.0,7.054926986317939e-07,8.626302104958044e-07,0.11621669583213934,0.19428935030683192,0.04936747494353677,-3.5318217128939065e-05
2015-03-27,-3.4553812982242405e-05,2.276217938454447e-06,1.8663026089514812e-06,0.0,8.762661734200033e-07,6.252793885219971e-07,0.11538688772566214,0.15478353516570698,0.049736597894011435,-4.0197879091590336e-05
2015-03-30,0.0006961941555795534,3.859849348814787e-06,3.5502554092059527e-06,0.0,1.7667753643924712e-06,1.5436559189644814e-06,0.24487718416972287,0.2989811623972319,0.039646968011198894,0.0006854736195381757
2015-03-31,-3.970678573177989e-05,3.3604584863183275e-06,2.6387536456392294e-06,0.0,1.5708174003106924e-06,1.7711849155114075e-06,0.1429324304615363,0.3121211954295908,0.014562129623674466,-4.904800017955954e-05
2015-04-01,-0.0004143421992016523,7.4684984240819055e-06,8.329722161479033e-06,0.0,3.2933934412752975e-06,2.067108066481435e-06,0.5676554608755171,0.3972510427396646,0.04997688757078372,-0.00043550092129496996
2015-04-02,0.00015329353619473665,2.506220381283646e-06,1.9410044417351366e-06,0.0,1.138846164633624e-06,1.7828074638461713e-06,0.13131264457252528,0.3492698058787149,0.049758151952558186,0.00014592465774323807
2015-04-06,7.915504322301483e-05,5.190498408663148e-06,5.204302753956019e-06,0.0,2.551601331890813e-06,9.336266916303573e-07,0.37223979777169225,0.1942705576637811,0.03742127346988113,6.52750140368745e-05
2015-04-07,-4.045579460835629e-05,4.991142234534485e-06,6.014510292047235e-06,0.0,2.4366465436178454e-06,2.931464417839149e-06,0.36377478254071416,0.44253653787493663,-0.04994948432204033,-5.6829558096395006e-05
2015-04-08,0.00010807912003833444,2.1830013261466117e-06,2.1829488694087146e-06,0.0,1.1349798997192463e-06,2.5332970107250262e-06,0.14408154544514856,0.37595877865802607,-0.04963511914377837,0.00010004489293233484
2015-04-09,-0.00016440815940785703,2.831852222280107e-06,1.978577093763617e-06,0.0,9.392366355913663e-07,2.1396066970282234e-06,0.12258291816529018,0.3098507222933099,-0.04960320280743158,-0.00017229743205652036
2015-04-10,-0.00047386567417272564,1.792055134212255e-06,1.476187843735757e-06,0.0,9.513274909190384e-07,2.246424849856262e-06,0.09992163271224186,0.32804268041277895,-0.049356694363072814,-0.00048033166949144895
2015-04-13,1.8995266381004694e-06,3.978513421338332e-06,3.568843090502023e-06,0.0,1.909405012957466e-06,3.052896718078428e-06,0.2460490670750145,0.46298693177666805,-0.04989971686050779,-1.0610131604775778e-05
2015-04-14,0.0003329528291290784,3.1423479756963717e-06,2.6869750306703212e-06,0.0,1.168382062277289e-06,2.55629073154584e-06,0.16716173675607615,0.3798177510376076,-0.049639091862093504,0.00032339883332888856
2015-04-15,-0.00012704315473766324,3.0969079792739933e-06,2.3384983209150916e-06,0.0,1.2167437020823075e-06,2.4075896517990797e-06,0.14686068197596047,0.354989018055176,-0.04948604344706933,-0.00013610289439173372
2015-04-16,-0.00026816049669897495,3.0702019957136617e-06,2.9474916031270023e-06,0.0,1.4355502571478703e-06,2.893166337218524e-06,0.20901194051994382,0.4361485006291905,-0.049903444023521454,-0.000278506906892182
2015-04-17,0.00030329770910956643,4.289148516341248e-06,3.5320491249838497e-06,0.0,2.247742356213384e-06,2.8178392808320724e-06,0.224389039866459,0.4226075409864174,-0.0507894581933709,0.0002904109298311959
2015-04-20,-0.0006910421650444636,3.6306241379902165e-06,3.389239402848801e-06,0.0,1.617409458731321e-06,2.256991911699119e-06,0.2230101730653205,0.32904129779480457,-0.050133343370647496,-0.000701936429955733
2015-04-21,0.0002829566071160452,3.3092125327007903e-06,2.6332140132106558e-06,0.0,1.4010619917055362e-06,1.7189753685873932e-06,0.16524638960341045,0.2387950337092154,-0.04999282821346665,0.00027389414320984085
2015-04-22,3.7353402794486255e-05,2.3059287941443385e-06,1.5934519776540615e-06,0.0,9.953523129640851e-07,1.542313402844186e-06,0.10399228231644539,0.2094500806816929,-0.04965857099613037,3.0916356306879583e-05
2015-04-23,-0.00038990205464866376,7.473343445953352e-06,7.588120184937517e-06,0.0,5.105284390398835e-06,4.3036455062956444e-06,0.559482739662411,0.6732292242992406,-0.04978322075842778,-0.00041437244817624913
2015-04-24,-0.0011017727742123526,3.547473265304863e-06,3.0949524248575842e-06,0.0,1.8307807749940504e-06,3.596273424115456e-06,0.19961853961126436,0.55392482108648,-0.05024911416491676,-0.0011138422541016246
2015-04-27,2.8312775936363782e-05,5.60188623479008e-06,3.836305552953144e-06,0.0,2.772813498417429e-06,2.983379023182819e-06,0.24778839056952165,0.4511837624037046,-0.05002391349100885,1.311839162702031e-05
2015-04-28,6.836345121407573e-05,4.484758192880887e-06,3.897007130932223e-06,0.0,2.114488637633987e-06,2.317324915836484e-06,0.2345032028491882,0.3395762062063481,-0.04973437965418104,5.554987233679215e-05
2015-04-29,-0.00017972912311649958,6.268839454650342e-06,6.006898433623882e-06,0.0,3.3158577766006294e-06,1.9381246654543685e-06,0.37202384964226953,0.27575413927485376,-0.04985080452148009,-0.0001972588434468288
2015-04-30,0.0003872278554209677,9.90251902495653e-06,9.700780411245533e-06,0.0,6.648834792408837e-06,4.626924372278609e-06,0.6976542309962119,0.8272797013749448,0.04995640683213848,0.00035634879682007816
2015-05-01,0.0012273553526785056,6.449282544607651e-06,5.365587559064182e-06,0.0,4.818275729904038e-06,4.2761290746335745e-06,0.3447745605854287,0.7523778249400012,0.033988140401560396,0.0012064460777702962
2015-05-04,-9.580974416479503e-05,1.0077785118490417e-05,1.0136588099759642e-05,0.0,6.073163771760692e-06,1.7497246139307414e-06,0.7327829179777443,0.30733788036502707,0.013384145224662587,-0.00012384700576873652
2015-05-05,-4.5335806457672884e-05,9.29753636593236e-06,7.4226930884847015e-06,0.0,5.29068175036932e-06,3.273345548005756e-06,0.5189300540858359,0.5422564518722868,-0.0076656001926804496,-7.062006321046502e-05
2015-05-06,5.710982666746946e-05,1.5175646922426611e-05,1.766258656215149e-05,0.0,9.51262234808162e-06,4.730137736193239e-06,1.1868943739985178,0.8445709527843417,0.0499078131038771,1.0028833098616507e-05
2015-05-07,0.0001192800546625192,4.733137710038037e-06,3.5265333909472973e-06,0.0,2.6545941869516486e-06,4.313266667174096e-06,0.2307207242872753,0.7742789791243141,0.0496501790390661,0.00010405252270740813
2015-05-08,0.0015224982286077106,5.425293947977598e-06,6.629693708187011e-06,0.0,3.419837320035058e-06,2.791855278713832e-06,0.43089466748397187,0.46040910825477877,-0.008622578569144917,0.0015042315483527972
2015-05-11,-6.034728596163947e-06,1.0636520408925869e-05,1.1001327012827504e-05,0.0,7.486806312179435e-06,3.757152300313006e-06,0.8002727242079587,0.6145492750147548,-0.01665231143783008,-3.891653463040976e-05
2015-05-12,9.775911166774554e-06,5.569627744537166e-06,5.149757571064186e-06,0.0,3.183580845612485e-06,1.752707788405e-06,0.39106342042953374,0.3441892509181313,0.04973434246609132,-5.879762782844284e-06
2015-05-13,-0.0004011961194217812,6.9206554660170056e-06,7.086430505731436e-06,0.0,3.86836160690588e-06,2.141304764574723e-06,0.4480787666054984,0.4095318842121075,0.04979268376355399,-0.00042121287176501024
2015-05-14,0.0010029707327631936,5.039792971833426e-06,4.856808247936985e-06,0.0,2.388339044757967e-06,2.649621911763443e-06,0.23083455652296975,0.3951271773774016,-0.050009303798856916,0.0009880361705869017
2015-05-15,7.049114392513766e-05,4.576096299524329e-06,3.825700027440139e-06,0.0,1.8270906881561714e-06,1.6984018887518756e-06,0.2620930824585512,0.2353288565226231,-0.050002660787692,5.856385502126515e-05
2015-05-18,-2.6666250571731768e-05,5.095722277797206e-06,4.796775561986529e-06,0.0,2.9639946492900227e-06,2.7182047661617246e-06,0.3478530818360779,0.4065583281548248,-0.05010007256034499,-4.224094782696725e-05
2015-05-19,-0.00011758951902779477,4.78956852881603e-06,5.000731672096474e-06,0.0,2.354990687153526e-06,2.132099167035213e-06,0.3250977294977664,0.30807918583881905,-0.0501134742230969,-0.00013186690908289603
2015-05-20,0.00016125903132452058,5.6027450973214195e-06,4.723709331166976e-06,0.0,3.3912075105594807e-06,2.6662045468443137e-06,0.3321990988513486,0.3978026149939933,-0.05011974887585151,0.00014487516483862838
2015-05-21,0.00011259035578069035,5.1278998408682536e-06,2.737761365999719e-06,0.0,2.8231870568286307e-06,2.5972058242968074e-06,0.2675859828921902,0.4841347540128662,0.04780417553100247,9.930430169269694e-05
2015-05-22,-2.538508112462414e-05,7.36743777509013e-06,7.059617533583042e-06,0.0,3.963856239746022e-06,4.047829108048244e-06,0.505684215304638,0.7304702613989236,0.050434971246818505,-4.782382178109157e-05
2015-05-26,-0.0006170874698823529,4.429989782254529e-06,4.768455266321889e-06,0.0,2.38646147316763e-06,2.8522802563723897e-06,0.3119605405374588,0.5281332100980739,0.048950127027512697,-0.0006315246566604693
2015-05-27,0.00030476893435169136,4.572378357336931e-06,4.422440575545288e-06,0.0,2.1111521339166033e-06,2.441249597984582e-06,0.25705880659311126,0.4275156067386745,0.01738567427726455,0.00029122171368690795
2015-05-28,0.00023096025848441228,4.222638182483321e-06,4.543054860913758e-06,0.0,2.0074229459243994e-06,1.7564068045648614e-06,0.24786010200423655,0.25855170841676334,-0.036524634750133476,0.00021843073569052595
2015-05-29,0.000399765115447212,5.644031515439493e-06,3.469317867558353e-06,0.0,2.729335293756466e-06,2.0886652228204563e-06,0.3122837113367458,0.40091704650182336,0.05002128906798689,0.00038583376554763725
2015-06-01,-0.00024099290950652935,3.5463665992463715e-06,3.361573666129233e-06,0.0,1.6268463673974785e-06,1.4794254832085005e-06,0.21699368325486623,0.2982813219834523,0.04973784080442417,-0.0002510071216225109
2015-06-02,-0.00019923266576186584,2.9746601497927655e-06,2.293771209523946e-06,0.0,1.3520310175729578e-06,1.1038809697836948e-06,0.14026527981450998,0.2355011178877509,0.050049114964090216,-0.0002069570091085392
2015-06-03,0.00027556705493406343,5.933714108316229e-06,4.451549913675002e-06,0.0,2.9300469528979315e-06,2.0502959969133725e-06,0.3177102039979064,0.39508231149657935,0.05063258401513268,0.00026020144796226087
2015-06-04,-0.0006879531276020433,4.521609152749554e-06,5.941726358022042e-06,0.0,3.680869341186578e-06,2.3285731167478944e-06,0.3152763085382188,0.3410064769986965,-0.05019380661494962,-0.0007044259055707494
2015-06-05,0.00010662065778906445,5.803414060082755e-06,5.122228745142862e-06,0.0,2.8893870612541884e-06,2.36397184985277e-06,0.32284188170850814,0.34713072727740113,-0.05001654349786444,9.044165607273186e-05
2015-06-08,0.00038601215360081455,3.957541240022724e-06,2.2407867254887984e-06,0.0,1.9075715531538764e-06,1.8493139436381244e-06,0.21865192145869516,0.3610021952146951,0.05031745268349003,0.00037605694013851103
2015-06-09,-0.00015115482641271202,3.463937907036744e-06,2.370356143312569e-06,0.0,1.7161815032868931e-06,1.9951619023781948e-06,0.14613331111699646,0.38560844540389383,0.05042124580435686,-0.00016070046386872642
2015-06-10,0.0003675033065481867,5.414751389015262e-06,4.417268251862671e-06,0.0,2.1897052478872425e-06,1.4107152643727436e-06,0.31180926868728054,0.28728767258732407,0.05028750817270314,0.0003540708663950488
2015-06-11,0.0005168625790898243,3.0611841899517903e-06,2.6500394792096e-06,0.0,1.4504246860193603e-06,1.1444451308211423e-06,0.17836936736049913,0.24291994837997527,0.05065316640202333,0.0005085564856038224
2015-06-12,9.816741685742328e-05,3.2250843528929453e-06,2.2562903171032726e-06,0.0,1.0066830446757493e-06,8.451478883090834e-07,0.12604747149313228,0.17976900877975008,0.03778416354382407,9.083421125444222e-05
2015-06-15,-0.00013483427499758584,2.2090961956662643e-06,1.6684097471832053e-06,0.0,9.260450353212402e-07,7.579983366286374e-07,0.11758704652620149,0.17782854025358533,0.05048481969997426,-0.0001403958243123852
2015-06-16,0.00029410439236969425,3.67384377095934e-06,3.7821485820013426e-06,0.0,1.6376529952617883e-06,1.562939428871316e-06,0.23887849221171267,0.31286400218801796,0.05029017813763695,0.00028344780759260047
2015-06-17,-0.000258955791638062,5.368855857793119e-06,5.536990337372368e-06,0.0,3.108790419476814e-06,1.5790676393605723e-06,0.3957469837733998,0.31167052204402346,0.04638715863144735,-0.0002745494958920649
2015-06-18,-0.00029176071004812854,7.600676567150351e-06,9.149233078666747e-06,0.0,4.454487211665123e-06,4.614991714094673e-06,0.5886329003530204,0.7255441442900997,-0.049774463677805525,-0.0003175800986197054
2015-06-19,0.0005334572197064555,6.271745701514289e-06,4.933996321042272e-06,0.0,3.3973272609967166e-06,3.960530660324222e-06,0.32892730408380993,0.6319411110621211,-0.03342803987234794,0.000514893619762578
2015-06-22,7.450670509531333e-05,4.112079591893497e-06,3.12977825060357e-06,0.0,1.878601930263462e-06,2.9446032584174135e-06,0.25118648922355785,0.5254573691562823,0.030764021742156644,6.244164206413539e-05
2015-06-23,-4.230651501454102e-06,4.515823679915692e-06,4.381091923576818e-06,0.0,2.6171608322794026e-06,2.870193119347529e-06,0.22670049943068302,0.43960136439953845,-0.042591079650846436,-1.861492105657354e-05
2015-06-24,0.00010523042394977189,5.3774682411458956e-06,3.893192036593239e-06,0.0,3.0331101422582633e-06,3.320443484362972e-06,0.35037134366798073,0.6076049767672085,0.04977047139422913,8.960621004541152e-05
2015-06-25,0.001165697931552025,5.878601596205505e-06,6.110102795399716e-06,0.0,2.695385296644624e-06,1.6654372144952223e-06,0.40383712577680747,0.3303135284147155,0.050520076379518095,0.00114934840464928
2015-06-26,0.001539921699205501,9.762563176299929e-06,8.106579723866277e-06,0.0,4.243731175362984e-06,2.7436681908169536e-06,0.49856427441659334,0.5113566772548506,0.05042042119760256,0.001515065156939155
2015-06-29,-0.0009086017632196267,5.226738952818148e-06,3.883905147634125e-06,0.0,2.133339530170522e-06,2.0427780736895544e-06,0.25838075357972795,0.3942252557049322,0.051038539325086923,-0.000921888524923939
2015-06-30,-3.468838799433241e-05,6.079272190693223e-06,4.467581903288708e-06,0.0,3.664480757394229e-06,2.0634898321809027e-06,0.29689276545070586,0.39697622389758513,0.050309932091193485,-5.096321267788948e-05
2015-07-01,-0.0006834151616029458,7.667785492883614e-06,5.1765861580115185e-06,0.0,3.633134261418921e-06,1.971093296174001e-06,0.30660169849648783,0.36736376766955386,0.036220093912321547,-0.0007018637608114339
2015-07-02,-0.0007892900985858755,4.7090588459459935e-06,5.305575401196859e-06,0.0,2.7749149741945395e-06,2.0268584216302415e-06,0.29418215140643067,0.29034576271376367,-0.05016645212011692,-0.0008041065062288431
2015-07-06,-0.000516153317788623,8.236097913022717e-06,8.477088772249551e-06,0.0,3.5494346686672106e-06,3.5831296753677353e-06,0.5455322129313682,0.5524298990777712,-0.04953588638400855,-0.0005399990688179302
2015-07-07,-0.00020004918817443287,4.4596068175173e-06,3.5927946332574447e-06,0.0,2.4574325834851382e-06,3.6906709880707627e-06,0.24006112753789688,0.5697018998509195,-0.05033082614496834,-0.00021424969319676351
2015-07-08,0.00035593618835479617,8.465649355722032e-06,5.5941837141003435e-06,0.0,3.845714140987947e-06,1.7954712618827287e-06,0.4851865825995398,0.35261907479488924,0.05097990279859112,0.0003362351698821031
2015-07-09,-3.830046029345442e-05,1.2139683783884356e-05,1.0929862364358337e-05,0.0,4.861279397940992e-06,4.604604354077928e-06,0.7800605098186859,0.8071651242144837,0.03359159272939205,-7.083589019371603e-05
2015-07-10,-0.0002255068440669367,8.036182972290128e-06,5.497422418233412e-06,0.0,3.2324864095703654e-06,3.5260020634883003e-06,0.35576552765037345,0.6433203374088237,0.05095199074278928,-0.00024579893793051893
2015-07-13,0.000277283218251326,4.63280538457116e-06,4.232530923365741e-06,0.0,2.31337108211252e-06,4.319980424359428e-06,0.20951614559807785,0.6886287552297592,-0.0371279560626247,0.00026178453043691714
2015-07-14,-8.220730858893816e-05,4.96618650044706e-06,4.115555779406716e-06,0.0,3.440387481658825e-06,4.816356747057408e-06,0.2650354304644833,0.7621273282882943,-0.047020605217350464,-9.954579509750816e-05
2015-07-15,-0.0020449776415054394,6.345020809697836e-06,5.278751082115521e-06,0.0,2.6757513390898503e-06,3.987675690242996e-06,0.33122999690214905,0.6210633016224409,-0.048866214338382286,-0.0020632648404265855
2015-07-16,-0.0011891570767447064,4.15847502290115e-06,3.5283417830081398e-06,0.0,1.769666145300205e-06,3.3548864263470564e-06,0.2208969527078155,0.5147639127749386,-0.04885700685136671,-0.001201968446122263
2015-07-17,-0.001479987159338628,4.9174530431575405e-06,3.2229903165600403e-06,0.0,2.1250445310017655e-06,3.152559351497053e-06,0.20199189080034363,0.4802076118076739,-0.04942235924383104,-0.0014934052065808444
2015-07-20,-0.0013381451490366975,3.903120918425745e-06,3.4001480204620823e-06,0.0,2.0836917154527516e-06,2.628935423950811e-06,0.21684810560122836,0.39182337041151605,-0.049837780812220164,-0.001350161045114989
2015-07-21,0.0008526253677178908,5.4493150498786895e-06,3.2048191574889393e-06,0.0,2.5291997653453524e-06,2.4503829012891923e-06,0.24401679542228188,0.4159799079086795,0.004315580492095128,0.0008389916508438886
2015-07-22,0.0006185260662568409,1.0040310253657862e-05,1.0282875161397923e-05,0.0,5.0891169938396886e-06,3.3850727900747076e-06,0.6895405730880575,0.6195357030914173,0.050843474358866436,0.0005897286910578707
2015-07-23,-0.0010740918500043407,5.806866907632862e-06,3.5395156847767892e-06,0.0,2.5417504814548645e-06,3.195999324994827e-06,0.2120284142694579,0.5880802248910602,0.05115233829192917,-0.0010891759824032
2015-07-24,-8.850462488460357e-06,6.6596371316773696e-06,4.849237651662573e-06,0.0,3.332721366947714e-06,3.7218287934407996e-06,0.2941877483842008,0.6762706189787742,0.05100338168071983,-2.7413887432188813e-05
2015-07-27,-0.0001750943937725259,8.367417549606844e-06,7.059772210339932e-06,0.0,4.973803321926962e-06,5.276967869962677e-06,0.45297500042089756,0.9371892436227339,0.050658641469005006,-0.00020077235472436232
2015-07-28,0.00028392169884916514,7.5731511639289204e-06,7.541699168282821e-06,0.0,4.188646452100833e-06,2.959987992220522e-06,0.5499672033100225,0.54681991058943,0.04954192789638212,0.000261658214072632
2015-07-29,-0.0002305211366837845,6.2806242948069944e-06,5.7204290306094275e-06,0.0,4.167100352214575e-06,1.7555008564086213e-06,0.41416296188015034,0.34439579223824884,0.04947164836160056,-0.0002484447912178241
2015-07-30,-0.0004898460366503341,5.4913082073776675e-06,6.6350770609529904e-06,0.0,3.482658447863953e-06,2.95777756105264e-06,0.38946977840191077,0.4458281495808864,-0.0510784806759573,-0.0005084128579275814
2015-07-31,-8.591304581020199e-05,5.532240826663157e-06,4.321019292770539e-06,0.0,3.522793375740965e-06,2.3239199882209917e-06,0.28356337026294465,0.3461631119805174,-0.04425544604060912,-0.00010161301929359763
2015-08-03,-0.0007990643491265887,7.68165470348764e-06,6.773679789420678e-06,0.0,3.895767239036204e-06,2.5773957989204824e-06,0.5118217555066588,0.48325473750320097,0.050252243284560044,-0.0008199928466574536
2015-08-04,0.0006406227213557018,6.513609035718804e-06,5.2974406504535296e-06,0.0,3.884853815620422e-06,3.247868729250608e-06,0.33283714938836706,0.5960938126593509,0.0504518661452488,0.0006216789491246585
2015-08-05,-0.0011410780457442136,5.515936812530372e-06,4.251707265914471e-06,0.0,2.6230590459319704e-06,2.7357744721166304e-06,0.2935304681139409,0.5089865323651189,0.049376421049524694,-0.001156204523340707
2015-08-06,-0.001251182610637168,4.148140487881781e-06,3.598842968999126e-06,0.0,2.1724344948598906e-06,2.293212137999921e-06,0.2343279265364907,0.4138990940413281,0.02863945485734136,-0.0012633952407269087
2015-08-07,-0.0004717940556812682,7.858694344260958e-06,7.1077450156939996e-06,0.0,4.420703876678403e-06,3.964424301977379e-06,0.3886394525303076,0.61638159811037,-0.04964168462182972,-0.0004951456232198789
2015-08-10,-0.0006049485699361549,4.964477301598195e-06,3.738362449585701e-06,0.0,2.5578931958481105e-06,3.933621387510091e-06,0.25114520554349934,0.6321506360408986,-0.028697757060796192,-0.000620142924270697
2015-08-11,-0.0005500722912058016,5.3663682125332296e-06,2.8813473779639176e-06,0.0,2.7316846429517186e-06,3.1948865552779527e-06,0.22674321159385616,0.5571019155949151,0.02036097430821937,-0.0005642465779945285
2015-08-12,-0.00030234098974100547,7.570219018559774e-06,6.106553932197889e-06,0.0,4.17523770853393e-06,3.416555888669454e-06,0.3355791663300537,0.5238889998985701,-0.05009238939789784,-0.00032360955628896654
2015-08-13,-0.00011137775665941561,5.620124229425618e-06,3.4655811821834115e-06,0.0,3.1552928490051833e-06,3.246931303412303e-06,0.22898791430118276,0.5070130672191822,-0.038471391754084816,-0.00012686568622344212
2015-08-14,-0.0005637630648345462,6.0977844998652536e-06,4.681177443405005e-06,0.0,3.443077499859622e-06,2.293334083726147e-06,0.33150218842670787,0.3479326343144658,-0.03734749175152704,-0.0005802784383614022
2015-08-17,-2.5034805839637228e-05,4.241390690193975e-06,3.5011297735435145e-06,0.0,2.0070530943607345e-06,1.5973375877274317e-06,0.2245818596784531,0.21841837170736175,-0.04993434303084685,-3.638171698546288e-05
2015-08-18,-0.00035387445748462755,3.524611230183283e-06,2.5244426563931004e-06,0.0,1.6053816934015153e-06,1.739290460133393e-06,0.15431959036628706,0.24194869746752057,-0.05025209983488943,-0.00036326818352473884
2015-08-19,-0.00022470393589739006,6.184521554976423e-06,2.5726169240808384e-06,0.0,2.755665584962695e-06,1.3637296606077434e-06,0.2521537067266771,0.27902791201580507,0.049921329033704345,-0.00023758046962201775
2015-08-20,-0.0016235218508226952,6.496111633660893e-06,4.364254810718494e-06,0.0,2.301872792080126e-06,1.7752954125167954e-06,0.30127983613176035,0.34843336541162784,0.050183736108806026,-0.0016384593854716716
2015-08-21,-0.0009385605829550622,4.998409245999185e-06,3.3144841817548972e-06,0.0,1.5322838238984483e-06,2.145808798386106e-06,0.21245865950283005,0.4107180015323071,0.050222123403441205,-0.0009505515690051008
2015-08-24,-0.0013090215238615846,4.351502339680347e-06,2.7828457213275523e-06,0.0,1.5096734617492247e-06,1.8105852030269287e-06,0.16883848756158,0.35415229902455975,0.0499739849160358,-0.0013194761305873686
2015-08-25,-0.0007764092925181675,4.585344676931199e-06,2.9261447543792875e-06,0.0,1.5600826905507709e-06,2.110711500218552e-06,0.1940067607392386,0.40385787218550684,0.04925834014879013,-0.0007875915761402473
2015-08-26,-0.0004359843981224897,4.621163592316752e-06,3.1935994375777724e-06,0.0,1.853075435228019e-06,1.7914516437871021e-06,0.19940740970040233,0.35425302058884156,0.053289144432608515,-0.00044744368823139934
2015-08-27,0.0032009899521085335,7.125240489199351e-06,7.881228976572007e-06,0.0,4.363575952325744e-06,2.045609100705289e-06,0.41543248888801787,0.29622790979169866,-0.04743441912679004,0.003179574297589731
2015-08-28,0.0002078639392912193,7.56214933935842e-06,6.6812822121296496e-06,0.0,3.1944714104887146e-06,3.529791678134383e-06,0.4086616072548345,0.5444451027123023,-0.04855989921427453,0.0001868962446511081
2015-08-31,-0.0008852107491699469,5.3557179379257464e-06,3.5960661792800113e-06,0.0,3.1053958159238026e-06,1.953294411925789e-06,0.3426508533367818,0.37934953339558286,0.05119607219205012,-0.0008992212235150023
2015-09-01,-0.001010911061925305,1.0562972547804927e-05,9.299303135039311e-06,0.0,5.754680532438153e-06,3.866939500691698e-06,0.5697724975172026,0.7007723826793785,0.05112654656317267,-0.001040394957641279
2015-09-02,0.002138290948789113,6.431683035703865e-06,6.144563479602282e-06,0.0,3.384662967060317e-06,3.884774185132602e-06,0.3314334406317495,0.6031899946893848,-0.04945206841289179,0.002118445265121614
2015-09-03,-0.0007213730568257743,4.423689683678703e-06,3.033564323569677e-06,0.0,2.0328113377847165e-06,3.21181238709396e-06,0.20909409370901694,0.48907327880125,-0.0505112022305354,-0.0007340749345579014
2015-09-04,0.0006542662526903842,8.467045347829902e-06,5.600756169651714e-06,0.0,4.400322039859549e-06,1.576242766024239e-06,0.4821928828714658,0.30012317732984023,0.03531439263776795,0.0006342218863670188
2015-09-08,0.0007532891855911166,4.032487087849027e-06,3.808319595041504e-06,0.0,1.8749798925773234e-06,1.9150882338307857e-06,0.24731778085806777,0.35994403560404764,0.038209212320475625,0.0007416583107818179
2015-09-09,-0.0004953295534546975,3.1702576562789115e-06,2.9286092405835073e-06,0.0,1.3150449093221663e-06,1.2623950323646222e-06,0.17575835596192566,0.22385247249563817,0.011770107058381551,-0.0005040058602932468
2015-09-10,0.0002696492266275358,4.4053230286093395e-06,3.5880397088250197e-06,0.0,1.8478203614970448e-06,2.005658046171997e-06,0.16890534465701765,0.28722190390228797,-0.049728647854607566,0.0002578023854824324
2015-09-11,-0.00025543740666190225,4.381433598589503e-06,3.914780179817254e-06,0.0,1.8140924038969444e-06,2.8607804406030303e-06,0.2388779835958829,0.4308371110637116,-0.04977400295759765,-0.000268408493284809
2015-09-14,0.00021972902906090843,3.7606750522574336e-06,2.3402875513297932e-06,0.0,1.3387359877837805e-06,2.456469269753664e-06,0.14803544569733174,0.3630911658554198,-0.04959567146319546,0.00020983286119978376
2015-09-15,-0.0009302119243986842,4.718146684850977e-06,3.0423775107273025e-06,0.0,1.9600880257073006e-06,1.5728722558339182e-06,0.24851935350967688,0.24693019730223117,-0.017312341677867042,-0.0009415054088758037
2015-09-16,-0.00020348149719721782,3.2926264148230784e-06,2.4591552481338676e-06,0.0,1.467649410079265e-06,1.0950354541367947e-06,0.1675158918838082,0.1641633629747036,-0.01980259332027797,-0.00021179596372439082
2015-09-17,-6.883673940336458e-05,7.912181627434389e-06,6.482191625202067e-06,0.0,3.9271751368019664e-06,3.1561576433406073e-06,0.4495636293300521,0.48013589917932603,-0.05009858490189589,-9.031444543614361e-05
2015-09-18,1.4350907748873883e-05,6.053257615536652e-06,5.459163874772773e-06,0.0,2.477406584742365e-06,1.924832499875158e-06,0.3284475943792969,0.27252570969147616,-0.050846150287550386,-1.5637528260530666e-06
2015-09-21,-0.0003008906166360268,4.88574738969984e-06,4.8536485527012776e-06,0.0,2.50549444178028e-06,2.0465770898287068e-06,0.3153814483430819,0.29314379188270123,-0.05068115920852147,-0.0003151820841100369
2015-09-22,0.0005410442403800027,3.0316509847234633e-06,2.0732192810104806e-06,0.0,1.3060660872182503e-06,1.4949961860264666e-06,0.1404233109697095,0.201802662953342,-0.049356696299104136,0.000533138307841024
2015-09-23,-0.0002637540494917003,2.394200901311423e-06,1.4669618331455815e-06,0.0,1.0274371399677242e-06,1.1725696444471343e-06,0.09056651829518761,0.14801175564749267,-0.04897994461962579,-0.0002698152190105722
2015-09-24,0.0004528365790515235,2.0909490934968203e-06,9.72991777307848e-07,0.0,8.33257335193844e-07,8.386936690916277e-07,0.07830020115600232,0.11968494169445176,-0.02121559471294166,0.0004481006871764334
2015-09-25,0.00018525886831141387,1.9230376343384587e-06,1.4487072093667451e-06,0.0,7.490850327322878e-07,1.018301954996545e-06,0.0771159276134166,0.13153473838565982,-0.039539990053759765,0.00018011973647997983
2015-09-28,0.0011922796263815045,2.7321024119536943e-06,1.01383840514133e-06,0.0,1.0397998589968103e-06,5.06920157907404e-07,0.1331341628316724,0.13571448141267145,0.05055189488422755,0.0011869869655475051
2015-09-29,-5.1217006345712104e-05,7.031356782951278e-06,7.862457902803057e-06,0.0,3.7822613948742643e-06,3.0574686484796203e-06,0.4758234318530422,0.5251737621846899,0.01151902924011386,-7.295055107482032e-05
2015-09-30,-0.00044064540991528193,3.7244822572503067e-06,3.0945279521267546e-06,0.0,1.5261034843766135e-06,1.9176013434306324e-06,0.21909652575486463,0.338105679319757,0.015948653623410913,-0.00045090812495246626
2015-10-01,0.0001224931048311965,4.171491877892817e-06,4.0083207259227966e-06,0.0,1.950601973728534e-06,2.8366836962381073e-06,0.19585314752669786,0.4264391682911315,-0.050123692676870585,0.00010952600655741425
2015-10-02,-0.0007707360318156141,4.851704742064723e-06,3.0896949862837582e-06,0.0,1.7212114526690662e-06,2.3523354071370056e-06,0.19897581727026434,0.3444420255623162,-0.05075032283670097,-0.0007827509784037686
2015-10-05,-0.0012688933253819348,2.0682816756143296e-06,1.551991753483966e-06,0.0,8.404030549066959e-07,2.0758070799239245e-06,0.11218446093440898,0.29645085365971857,-0.05228473576750091,-0.0012754298089458637
2015-10-06,0.0008000520807330635,3.044653885654848e-06,2.229442551479868e-06,0.0,1.5431664062616049e-06,1.5136391213281282e-06,0.1532139839168514,0.20347965130697593,-0.05081172107614971,0.000791721178768339
2015-10-07,-0.0007537184039206885,1.7640372068603147e-06,1.2245903262926445e-06,0.0,8.098326296614352e-07,1.4836686185183803e-06,0.07778636417039708,0.19824215377028592,-0.05101417414080199,-0.0007590005327020213
2015-10-08,-0.0007856550900071291,2.3353977277337643e-06,1.8960442095416406e-06,0.0,8.751204508821065e-07,1.2121836351518775e-06,0.12650017481228165,0.1527179512555062,-0.050928899450009245,-0.0007919738360304385
2015-10-09,0.00046329820882000047,2.7624255967415847e-06,2.0399303292910168e-06,0.0,1.125408133353216e-06,1.3974662071742985e-06,0.1452328857611073,0.1846310769053322,-0.05014324589995005,0.00045597297855344034
2015-10-12,-0.00033523936984398013,1.4788437238257206e-06,8.908097366571746e-07,0.0,5.963502804730665e-07,1.2164656939789995e-06,0.05801369643847992,0.15391756031423548,-0.05044867627423649,-0.0003394218392789151
2015-10-13,0.0008437822026154416,2.092500443781225e-06,1.4848657426216714e-06,0.0,7.765170035011636e-07,1.0953974870086281e-06,0.09465116739780671,0.13440331671977,-0.04962346109767954,0.0008383329219385289
2015-10-14,0.0005980665134850943,1.9613200331232423e-06,1.0027770379268105e-06,0.0,5.86755634225463e-07,1.0631174146859973e-06,0.06365405265240032,0.13213371802751522,-0.046470007639732275,0.0005934525433651328
2015-10-15,-0.000503131654290437,2.792568902014616e-06,2.1853042729055416e-06,0.0,1.295821480451726e-06,1.1252385245752343e-06,0.13174074486935725,0.13909630722203903,-0.049943764906600366,-0.0005105305874703841
2015-10-16,-0.0003561988713877613,2.337154701009564e-06,1.7461884537616641e-06,0.0,8.792769098645227e-07,9.56884427671277e-07,0.11319684332050184,0.1105199458756263,-0.05023663797314826,-0.00036211837588006837
2015-10-19,0.0001012521926570088,1.645204326331388e-06,1.1261876331440621e-06,0.0,4.814244753958888e-07,8.591090750526015e-07,0.06379609913228866,0.09420714388665541,-0.05012318072218166,9.714026714708486e-05
2015-10-20,6.313422744079899e-05,2.684769503020406e-06,1.4315844578298352e-06,0.0,9.420957360070734e-07,1.112467308483878e-06,0.08837358432785206,0.13688237177800655,-0.05001213604728498,5.69633104354578e-05
2015-10-21,-0.0005788060169670079,1.950515559601788e-06,1.3466681778460741e-06,0.0,9.361495621652292e-07,1.041416306488582e-06,0.08889656155020484,0.12665880571162846,-0.04829913377845328,-0.0005840807665731096
2015-10-22,-0.00033964782629476904,1.6677348422558538e-06,1.3130380757848674e-06,0.0,7.974215568518757e-07,1.2251670462769737e-06,0.09000524896882184,0.15598495951045832,-0.049843104264073186,-0.0003446511878159386
2015-10-23,0.0002735910862236986,1.825947601637838e-06,8.602784177301293e-07,0.0,9.125619786595011e-07,9.898603157923339e-07,0.06877673222152479,0.1319751878171094,-0.034321345236002776,0.0002690024379098788
2015-10-26,0.0003941878890700037,1.685787599338635e-06,1.0535358436260734e-06,0.0,1.1396990994535716e-06,7.829684212196358e-07,0.0703257221929289,0.10281375451428187,-0.028724940250616927,0.0003895258981063658
2015-10-27,-0.0005024002542467981,1.3454821699376185e-06,1.239949319067583e-06,0.0,7.563781593138262e-07,8.50208386899976e-07,0.07116841597990267,0.10372928946116258,-0.03910571953803335,-0.0005065922722820171
2015-10-28,-0.0004428764660586674,3.0876050058095875e-06,3.5644345761890325e-06,0.0,1.7694965175864902e-06,1.7572833610459915e-06,0.22230136858670996,0.24559099824228092,-0.049632606413445426,-0.0004530552855192985
2015-10-29,0.00012786068278228951,5.017572909923373e-06,3.6003785500916763e-06,0.0,2.8863927359575432e-06,1.0812914256737565e-06,0.2918897345543662,0.17759060521234823,-0.004066354300842848,0.00011527504716064317
2015-10-30,0.000619485798510567,3.64859289396133e-06,3.26738519450944e-06,0.0,2.204705467562904e-06,1.4696373091759116e-06,0.22631683480994735,0.24652287134809758,-0.0003761965934555439,0.0006088954776453574
2015-11-02,0.000300358120158613,1.714741188353299e-06,1.0698885301596998e-06,0.0,7.575272549192522e-07,9.256838285694644e-07,0.10814970640110634,0.20155163857252273,0.04603675537285272,0.0002958902793566113
2015-11-03,0.00032379418462048266,2.3083947949535136e-06,1.7995242942016204e-06,0.0,7.501297977108039e-07,1.3628498075748993e-06,0.09023193850873559,0.23339252630311141,0.004433758630528334,0.0003175732859260418
2015-11-04,-7.58919982577502e-06,3.6811213497743012e-06,3.659366543092468e-06,0.0,1.46410440505927e-06,1.3110299919414844e-06,0.17731418427303722,0.16999289708820278,-0.05026014155796661,-1.7704822115642542e-05
2015-11-05,-0.0010454621228235986,2.1244784444659697e-06,8.386246428976324e-07,0.0,1.1135885032242741e-06,8.716851841352099e-07,0.10314557814816533,0.15408125881621784,0.0076381478815025945,-0.0010504104995983216
2015-11-06,-0.00026314140496466705,2.7572344753523376e-06,2.5539427656037175e-06,0.0,1.3723281046496447e-06,1.1446495128649448e-06,0.1370812775600932,0.1752258195165024,-0.017075298644808324,-0.0002709695598231377
2015-11-09,0.00016301729898598406,1.8763691171664774e-06,1.1841259697653482e-06,0.0,7.19423941420326e-07,8.022869182134931e-07,0.08045504236802085,0.11777317199018253,-0.017011030269684358,0.0001584350930394184
2015-11-10,-4.436664979813295e-05,1.3832175125180893e-06,1.1202063505759011e-06,0.0,7.913490665304388e-07,7.807983047107273e-07,0.09130941065727513,0.13332850565003979,0.0021543904586376825,-4.844222103246811e-05
2015-11-11,0.00016127661327820748,9.612324891485103e-07,4.2958825078734796e-07,0.0,5.414113585313711e-07,6.300885265009106e-07,0.05834027504892334,0.14448603074467778,0.03863115829252477,0.00015871429265323933
2015-11-12,-0.000584175592812196,1.5259892484670644e-06,8.416427811523511e-07,0.0,8.325107128565583e-07,6.378375735685052e-07,0.06395776800513017,0.15788583081539764,0.050729118455888796,-0.0005880135731282405
2015-11-13,-0.00034292505477455035,1.3658327149420846e-06,1.118898357063664e-06,0.0,4.471547750966789e-07,6.481516467278224e-07,0.06970186548700666,0.15963322346940195,0.05074374681912776,-0.0003465050922683806
2015-11-16,0.0007362200061605014,2.361294362275171e-06,2.29071028198787e-06,0.0,1.1584315623535204e-06,1.219112894831335e-06,0.13618794659031208,0.24629512266407091,0.04148415633240665,0.0007291904570590535
2015-11-17,0.0002622715854457797,2.2667481798144927e-06,1.678922147277811e-06,0.0,1.1007392001570742e-06,8.44575169559134e-07,0.1302958996329036,0.1920765177769393,0.050187889291004754,0.0002563806007489712
2015-11-18,0.001066969287197032,2.7246981342953843e-06,3.6126499759666286e-06,0.0,1.3166605805003237e-06,1.2109929573713703e-06,0.1610792317945773,0.1559197746014734,-0.04752704223691685,0.0010581042855488984
2015-11-19,-0.0006239952883533928,2.532028204543524e-06,1.8221427070393607e-06,0.0,1.2633613612200714e-06,1.401259908530677e-06,0.12088158549403527,0.1855575982298801,-0.04985406640327361,-0.0006310140805347265
2015-11-20,-0.0006651869664804139,1.8940966288450238e-06,1.4029167982875396e-06,0.0,1.3847712501702735e-06,1.4557038369234633e-06,0.09634331362893364,0.19933600261208978,-0.04522224199105204,-0.0006713244549946402
2015-11-23,0.000560819156511011,3.5951569258126564e-06,2.4026539854336327e-06,0.0,1.6625849373690432e-06,1.3554394813791507e-06,0.13518423929003653,0.17788791510691815,-0.04982591776477936,0.0005518033211810166
2015-11-24,0.00026080376989842045,4.156689173850683e-06,2.729496136023668e-06,0.0,2.1346603036412613e-06,1.649856591973324e-06,0.19051994623591545,0.22711592175473938,-0.050059985696778934,0.0002501330676929315
2015-11-25,0.00036909134968931846,2.1292352685876455e-06,1.1794694766238498e-06,0.0,1.4918725782197372e-06,9.849670191462836e-07,0.13461445348944934,0.1859364565253715,0.02046199730879586,0.0003633058053467409
2015-11-30,-3.445545756029417e-05,6.736857503060145e-06,5.221224069180413e-06,0.0,4.410279829551884e-06,2.3158846694440006e-06,0.2726877931917728,0.3392275368129576,-0.049841087653634736,-5.313970363153061e-05
2015-12-01,0.0003099956966518969,4.601742168036829e-06,3.2119041885251092e-06,0.0,2.9479200735936333e-06,1.998887917828414e-06,0.20997831421141777,0.28641537118155797,-0.04939779901361572,0.0002972352423039129
2015-12-02,0.000653782544936518,6.291322358907586e-06,3.664566073336138e-06,0.0,3.2915436295139325e-06,1.4737136458713252e-06,0.2875147715663547,0.27570454587263277,0.02812065336625014,0.000639061399228889
2015-12-03,-0.000818068945031574,9.256014011372451e-06,7.357661425389371e-06,0.0,5.182765800556002e-06,3.2691703029430353e-06,0.4736239469524476,0.5939142536105804,0.04469364271615067,-0.0008431345565718348
2015-12-04,0.0018021522917965815,4.6985197447038095e-06,3.658794013966411e-06,0.0,2.893379068975215e-06,2.409690563584074e-06,0.25805306944065914,0.45392383784170404,0.04909582315957953,0.001788491908405352
2015-12-07,0.00043557245263023956,4.773198025770701e-06,3.7491885652128127e-06,0.0,2.864073169532593e-06,2.8787428562244486e-06,0.2316846426222397,0.5354182582167817,0.05178945837107432,0.000421307250013499
2015-12-08,0.00026230441387315736,6.555622988138877e-06,3.434106786693503e-06,0.0,3.8551668300437375e-06,2.5691678101851985e-06,0.1987103670020908,0.48331959151415854,0.05169939940304538,0.00024589034945809605
2015-12-09,-0.0004071478062939241,4.584186817119246e-06,3.0798977045546576e-06,0.0,2.96223315538175e-06,2.3529842556540593e-06,0.19773211687182882,0.44692355067515593,0.05162219572527413,-0.00042012710822663383
2015-12-10,-0.00033148235253255146,4.278222356106576e-06,3.722735282692507e-06,0.0,2.4525659543922974e-06,1.5902129217919004e-06,0.26709925440716853,0.31715741822503773,0.05000164736399842,-0.00034352608904753473
2015-12-11,-0.002098556381286102,7.959667866552428e-06,6.471274819767783e-06,0.0,5.047869096226152e-06,2.856292771557504e-06,0.39876571228384866,0.5293535475458908,0.04949636192422993,-0.002120891485840206
2015-12-14,0.00014750313483155998,1.3282727974725244e-05,1.1514419999988622e-05,0.0,8.702843767541387e-06,5.959716338621365e-06,0.6316738239277029,0.9506332402416853,-0.05059910464670431,0.00010804342675068337
2015-12-15,0.00044933279139432674,9.797423736057821e-06,6.462578036431698e-06,0.0,6.398919194988331e-06,3.999195017462653e-06,0.49143242556491945,0.6642603120447947,-0.007604450888930858,0.00042267467540938624
2015-12-16,0.0004585426562929524,1.0642845622838316e-05,8.876590794500325e-06,0.0,8.514256529882521e-06,2.734590082323374e-06,0.6042226404141553,0.4084414297939136,-0.050969704036413155,0.0004277743732634079
2015-12-17,-0.00042336340832337696,1.422705524141818e-05,9.675706279733223e-06,0.0,1.083632339243729e-05,4.548367622320974e-06,0.7539545605618223,0.8108786581300038,0.046752897580080055,-0.00046265086085928663
2015-12-18,0.00039254904871373846,1.118249914758815e-05,8.528882874222718e-06,0.0,7.948749956519941e-06,2.5797145207015574e-06,0.5112753377779901,0.4816920119010922,0.04829997242323028,0.0003623092022147061
2015-12-21,-0.0008565860835216646,1.5234983905584675e-05,1.575860033200164e-05,0.0,1.0573468438822182e-05,4.481330044926158e-06,0.9841310887174444,0.8021379416084498,0.04927449406085532,-0.0009026344662429993
2015-12-22,0.0004042573641676627,7.582619050210612e-06,5.415406864024103e-06,0.0,4.703616998989255e-06,2.6601425593578986e-06,0.3792357119994255,0.4968959067663639,0.0499919567942369,0.0003838955786950808
2015-12-23,-0.0003027624269992768,3.217753521608798e-06,3.1151622802732984e-06,0.0,1.7122034629789104e-06,2.184778044165313e-06,0.1895617660836029,0.3803586630074227,0.013315951587650032,-0.00031299232430830314
2015-12-28,-1.4024825149077558e-05,1.8576948937254494e-06,1.8431006093987238e-06,0.0,6.853959262523534e-07,2.052981380454652e-06,0.0940603444495527,0.3218823728074526,-0.02301849910892903,-2.0463997958908738e-05
2015-12-29,-0.0004900479985944124,1.779012196818189e-06,1.1837097994586585e-06,0.0,8.264913782264824e-07,1.937925536108849e-06,0.07573731886178665,0.29939530586024465,-0.026176184206041994,-0.0004957751375050246
2015-12-30,0.0005374167316346926,5.200047362353288e-06,2.322275121217696e-06,0.0,2.942388030231557e-06,1.0937770436113334e-06,0.22410030643930184,0.2334991057812197,0.049744562454515646,0.0005258582440772787
2015-12-31,-0.0005742473922876687,4.160482619829047e-06,3.284020762312939e-06,0.0,1.58914329482429e-06,7.708864308880603e-07,0.22681214928083818,0.17939075605729055,0.04988183566809638,-0.000584051925395523
2016-01-04,-0.0008817801640233054,1.5448427788645614e-05,1.6410748105905193e-05,0.0,1.1264754795805298e-05,5.993563457443357e-06,1.0284001022300426,1.0561034581308102,0.049184797280326376,-0.0009308976581711049
2016-01-05,0.0004041294461323542,6.3529436752372284e-06,5.544267449871675e-06,0.0,3.4931260266210202e-06,4.007886231954548e-06,0.3924763088590294,0.7219821733025444,0.04865728633418004,0.0003847312227486697
2016-01-06,0.0018888495479254205,5.403073147754564e-06,3.6299220618651917e-06,0.0,4.881280099139001e-06,3.915806300365222e-06,0.2441525362062074,0.7079877543913125,0.050132295929954995,0.0018710194663162966
2016-01-07,-0.0024583030826790787,5.075684596399525e-06,3.5986354951623566e-06,0.0,3.5160479294895164e-06,3.3967344798116586e-06,0.24930538311771663,0.6230142187976895,0.05236282618933086,-0.0024738901851799415
2016-01-08,-0.0002231353651268228,5.575259308168686e-06,4.459529732201908e-06,0.0,2.7527094792400022e-06,2.3118066795976824e-06,0.31301033271513706,0.44115208146756874,0.05276855929515816,-0.00023823467032603107
2016-01-11,-0.00103972171324469,6.768962312788998e-06,5.689405366037451e-06,0.0,3.554100517258779e-06,2.1637357374592232e-06,0.401771942449203,0.4148733174438923,0.051365713550742625,-0.0010578979171782345
2016-01-12,0.0007499058806674956,6.177152947162198e-06,4.725045574063793e-06,0.0,4.204709045826314e-06,2.461493538046845e-06,0.3293122035852678,0.46516822971576455,0.05163731532389462,0.0007323374795623964
2016-01-13,-0.0011957343640280685,9.633524117303402e-06,5.717701045719098e-06,0.0,6.086417741443532e-06,3.8672493529718105e-06,0.4000525213982259,0.6991769726080628,0.049479081308798745,-0.0012210392562855064
2016-01-14,-0.0006906094293581876,8.049161304957898e-06,4.72353993979211e-06,0.0,5.0049686455676925e-06,3.5894653097310262e-06,0.2822837435342893,0.6529629344741459,0.04993276243933353,-0.0007119765645582363
2016-01-15,-0.0014036651135019007,8.158840836297826e-06,7.286138480487994e-06,0.0,5.140809381183308e-06,1.6750893157840105e-06,0.44707405750693463,0.3301652542270296,0.04875024917531588,-0.0014259259915156538
2016-01-19,7.995358309879722e-05,8.338901850525003e-06,5.516296260478009e-06,0.0,5.6322872586840015e-06,3.2013943983166016e-06,0.3901415131006469,0.5870691130585441,0.0492348541413552,5.72647033307936e-05
2016-01-20,0.0010720568577433827,7.0889552313810845e-06,4.531980250963068e-06,0.0,4.356856102785424e-06,2.5958487021436204e-06,0.2735179940734528,0.4851963506539103,0.04909376869378218,0.0010534832174561096
2016-01-21,0.0014414912309954103,9.491132920104715e-06,6.89475292093917e-06,0.0,5.318899985919157e-06,4.426699262835238e-06,0.4829445474472751,0.7953229826980964,0.051637506541776235,0.0014153597459056122
2016-01-22,0.001891801302979323,7.235261228948173e-06,6.349915437578658e-06,0.0,4.382827036073988e-06,2.6519047389063757e-06,0.3827340464161385,0.4981480296021035,0.05262803346583236,0.0018711813945378158
2016-01-25,-0.002509655391657067,5.689982959868569e-06,4.205680927930022e-06,0.0,3.0195863227661993e-06,1.6924401184206384e-06,0.25345225482381045,0.33403854650940495,0.04970860661473779,-0.0025242630819860526
2016-01-26,0.0017644573387483329,4.991261343148711e-06,4.056491769352924e-06,0.0,3.3453564590260254e-06,1.9641867097145288e-06,0.19756172561677182,0.31590609350359544,-0.01407727372844543,0.0017501000424670907
2016-01-27,0.001036170172413414,7.4940348382439465e-06,5.593518011992103e-06,0.0,3.83005563074706e-06,1.3645946672171137e-06,0.3332633724085221,0.2334217640805,0.0041698599880247884,0.0010178879692652138
2016-01-28,0.0011012924080696853,6.377562503529199e-06,4.473218793294388e-06,0.0,4.317740406617234e-06,1.8296250607010037e-06,0.23392588973653772,0.2576703535075653,-0.04970665669020339,0.0010842942613055434
2016-01-29,-0.0012738040146614484,7.508717518988996e-06,7.2025583713061975e-06,0.0,5.58169682632675e-06,3.63485898924798e-06,0.4535377855547902,0.5608219053142807,-0.04983440487937971,-0.0012977318463673183
2016-02-01,0.0028236832989474657,1.927046965873273e-05,1.5513535325057007e-05,0.0,1.2794989266394508e-05,5.278084560605588e-06,1.1390191401348049,0.8388677517953379,-0.04785045438640079,0.002770826220136676
2016-02-02,-0.002616491773929802,7.692192589810782e-06,5.11231350654653e-06,0.0,4.5928773737516525e-06,3.955138016457111e-06,0.31820274027350903,0.6160590369835313,-0.04840414978126342,-0.0026378442954163683
2016-02-03,0.00037132568853025325,5.4437194128305494e-06,4.928906021579482e-06,0.0,3.755477490659144e-06,2.9543672608299333e-06,0.30291178315932277,0.4457263917099989,-0.050607308109430066,0.00035424321834435417
2016-02-04,0.0006714242754231539,4.638028216309735e-06,3.639919289662685e-06,0.0,2.7238639993411686e-06,2.1328003169486617e-06,0.24152839747709554,0.32808603395545216,-0.03022441929192294,0.0006582896636008916
2016-02-05,6.664438630400176e-05,6.83380819561492e-06,6.330468400869016e-06,0.0,5.555239558150918e-06,2.5270575202488e-06,0.3761763582520377,0.37359661758136986,-0.05094904582042857,4.53978126291181e-05
2016-02-08,0.0006252870843915216,5.386478940595322e-06,3.32966558782646e-06,0.0,3.972645876571368e-06,2.2245333380622413e-06,0.20875618603315393,0.3252668496889814,-0.048454751105475286,0.0006103737606484663
2016-02-09,-0.00017819490991092775,4.239687031235417e-06,1.7919851902298352e-06,0.0,2.9984332629380853e-06,1.7228776005195286e-06,0.19240731681968443,0.3396286694191369,0.0501852325318561,-0.00018894789299585062
2016-02-10,-0.00012668473238227357,5.281739891131771e-06,3.80066165691094e-06,0.0,3.460319270538712e-06,1.2832370815623e-06,0.26882159472934913,0.2663525077245236,0.050768678022057166,-0.0001405106902824173
2016-02-11,-0.0012693122341925324,7.63243943298345e-06,5.399524517312735e-06,0.0,3.9774711499559596e-06,2.092830429662991e-06,0.3841527546920258,0.40189153788724385,0.05029602570386141,-0.0012884144997224475
2016-02-12,0.003523578366328346,5.745000923531797e-06,4.992769024659291e-06,0.0,3.385418677283914e-06,1.7480060688224385e-06,0.2582790294185433,0.3012002435851134,0.007535224022943834,0.0035077071716340487
2016-02-16,0.0005890871122831926,5.49143923895251e-06,2.932189655292632e-06,0.0,2.7380764587416434e-06,1.2710553889180572e-06,0.16883233041564405,0.22655924842072458,0.013021943082491019,0.0005766543515412877
2016-02-17,0.0012041564779401968,5.148954065346458e-06,5.025613496332254e-06,0.0,4.954719046553219e-06,2.435943096919104e-06,0.28973934234654325,0.3607835078021022,-0.04845493248030734,0.0011865912482350459
2016-02-18,0.0004782617014273303,5.69179689550159e-06,2.7798367611742676e-06,0.0,4.3194792688905066e-06,2.5039279542697493e-06,0.17522684205999176,0.37118764319008757,-0.049472253127230414,0.0004629666605474942
2016-02-19,-0.0004608692225391943,4.440414459145826e-06,3.225737289824434e-06,0.0,3.08732451872818e-06,2.1378315941426418e-06,0.19310877518245476,0.3101512667426283,-0.04900444107333552,-0.00047376053040103537
2016-02-22,0.0003099034408530812,3.1441505009471856e-06,2.347501614932947e-06,0.0,2.0195903021057973e-06,1.8715670329577336e-06,0.14156246079340323,0.26506843213156694,-0.04935482940533219,0.0003005206314021375
2016-02-23,0.0004170526545762542,5.315004725599054e-06,1.5735782733883857e-06,0.0,2.930396350349769e-06,1.1505925739184907e-06,0.1798221242445902,0.2432778704477264,0.0499783180294199,0.0004060830826529985
2016-02-24,-0.00027168465542645986,3.875457279654468e-06,3.426437206714505e-06,0.0,2.1634035839398282e-06,1.6854881488814329e-06,0.14107728680446457,0.24625209350108512,-0.03690991551099558,-0.0002828354416456501
2016-02-25,6.782467097713504e-05,3.38387909672264e-06,2.844597158219152e-06,0.0,1.6563622935453573e-06,1.39495329366861e-06,0.16174602750748218,0.18468432365001652,-0.04966782968630996,5.854487913497928e-05
2016-02-26,0.0005772217819916649,4.34824541817569e-06,3.2038525146970186e-06,0.0,1.9641404509540856e-06,1.9743732015283637e-06,0.21998420842287547,0.2823834932252198,-0.04931120463154522,0.0005657311704063098
2016-02-29,0.0008129567163968684,9.8223105000198e-06,6.560935742748426e-06,0.0,6.783385777081417e-06,3.684223318230737e-06,0.5412151622890014,0.6696919942197834,0.050742476757019706,0.000786105861058788
2016-03-01,0.0002796868199718938,8.893633360068206e-06,9.173133979806558e-06,0.0,6.029016112966158e-06,2.1254149417562762e-06,0.5714674428218631,0.4091794863549578,0.052109776139903474,0.0002534656215772966
2016-03-02,-0.0008121566994624771,6.16044982253893e-06,4.990666578344094e-06,0.0,3.927588092187419e-06,2.2405408268582143e-06,0.23889469279646353,0.33819907364261165,-0.0382117852695682,-0.0008294759447824057
2016-03-03,-0.0011305806075245957,6.156108123545016e-06,3.812454828546271e-06,0.0,3.0993298313459435e-06,2.0355888026161795e-06,0.2407028961232174,0.2929948824538777,-0.04898403638564028,-0.001145684089110649
2016-03-04,-0.000592772309763324,3.707634882868648e-06,2.1108973358967827e-06,0.0,1.975032815814211e-06,2.1597033738808424e-06,0.15666782302006088,0.3331327746471242,-0.02969739216485734,-0.0006027255781717845
2016-03-07,0.0005003045507416463,3.094137470375692e-06,2.034636991390699e-06,0.0,1.473265206912335e-06,1.9021896834355845e-06,0.11119025870771995,0.27729818197447964,-0.04226968484269855,0.000491800321389532
2016-03-08,0.002278938025286355,4.521304087131438e-06,1.7164831213033946e-06,0.0,2.3427040292025427e-06,1.4588441567078563e-06,0.17558761656740696,0.2853170672290124,0.04023124890209262,0.0022688986898920095
2016-03-09,0.0006345929221688141,3.857652639899655e-06,3.2646706598673633e-06,0.0,2.0293122234325863e-06,1.376902309674644e-06,0.163064465073847,0.2323531507053095,0.0010335626799691695,0.0006240643843359398
2016-03-10,0.00016589777896398603,4.88453283376411e-06,4.100081042851858e-06,0.0,2.702631599812943e-06,1.837213034203885e-06,0.22070475638327358,0.25890810164071887,-0.049743688105533895,0.00015237332045335325
2016-03-11,0.0003113825272277634,4.053182311036744e-06,2.7829478058155044e-06,0.0,1.807425794831386e-06,1.317807928277125e-06,0.18209771540552416,0.17156433937594626,-0.04982739257461063,0.00030142116338780265
2016-03-14,0.00012800039879797695,3.4372086176418275e-06,3.6202579517007e-06,0.0,2.7697819159264574e-06,2.359150510248114e-06,0.2624100835760545,0.34646379990768245,-0.049873485814000695,0.00011581399980245985
2016-03-15,-0.0002673804967869351,2.8922806705178253e-06,2.7680429300301714e-06,0.0,1.5701130904283414e-06,1.8656033957532835e-06,0.17798889218824138,0.26313967093984175,-0.050281699546709954,-0.0002764765368736647
2016-03-16,-0.0009012256171031443,2.7292789493079973e-06,1.999374342480835e-06,0.0,1.5087465759746134e-06,1.995656297465704e-06,0.14031936800861938,0.2845389290520884,-0.05073132892214983,-0.0009094586732683734
2016-03-17,-0.00010387281615994595,5.7188392940634045e-06,4.013605917833346e-06,0.0,2.6792710840684585e-06,2.8580293644140888e-06,0.28524150596905495,0.4304082319997661,-0.049740701221800826,-0.00011914256182032525
2016-03-18,0.00012596172118188267,5.371377132916293e-06,3.836451267285927e-06,0.0,3.1277905845529174e-06,3.60405721725768e-06,0.24030281538324735,0.556730152897275,-0.048751459602015074,0.00011002204497986986
2016-03-21,0.0003738785427572071,3.208682205090624e-06,2.8321651457338633e-06,0.0,1.8317245407997107e-06,2.887957508380398e-06,0.17841511878869393,0.4363034838908552,-0.048873377517051564,0.0003631180133572025
2016-03-22,-0.0005609161681977481,2.3752756645593054e-06,2.1382568712132027e-06,0.0,1.3656944119488063e-06,2.3707889984300784e-06,0.14174420400919524,0.3489303327597636,-0.049362218976489486,-0.0005691661841438995
2016-03-23,0.0011800097099865972,2.9798046557887963e-06,2.7032838521462003e-06,0.0,1.748715085132379e-06,1.9063803837816818e-06,0.17340539116794162,0.2709529914814678,-0.04931891299385478,0.0011706715260097482
2016-03-24,0.00012519393532288404,3.672809411173469e-06,2.964306108096544e-06,0.0,1.717674659995989e-06,1.4419887758715325e-06,0.17689759209064004,0.1928469751284701,-0.04940713921794734,0.0001153971563677465
2016-03-28,0.00015023359240358061,3.5413379045841344e-06,2.614427957927769e-06,0.0,2.1832129545258824e-06,1.716552568026874e-06,0.18539230600359552,0.24048526652790986,-0.04789556490060502,0.00014017806101851595
2016-03-29,-0.0006895629404057879,2.3306799458196708e-06,1.5907036260874044e-06,0.0,1.2394412329954005e-06,1.1467678369372902e-06,0.13016177022457223,0.1811320154443074,-0.0115249811611573,-0.0006958705330476276
2016-03-30,0.00018696090752917687,3.186644282820957e-06,3.4259474790049247e-06,0.0,1.8456244004200087e-06,2.230623047282297e-06,0.21431197604613994,0.32518378717736984,-0.049560884766056024,0.00017627206831964868
2016-03-31,0.0005060892433306395,3.573207792010381e-06,2.7393387254830743e-06,0.0,2.1305680972311457e-06,2.6683896075906016e-06,0.18734979968777182,0.39869796361235355,-0.04959149046286754,0.0004949777391083243
2016-04-01,1.1103085625497558e-05,3.821607538307167e-06,2.3411617415005915e-06,0.0,2.402381931123504e-06,2.6427536947434386e-06,0.14345386428740514,0.3950162423512803,-0.048966378365617486,-1.0481928017714327e-07
2016-04-04,-0.0003415948084023499,4.717704682474876e-06,5.620120274218268e-06,0.0,2.8160730170688497e-06,1.7779247351147596e-06,0.37157802974379606,0.24904863253313672,-0.04964272296614282,-0.00035652663111122667
2016-04-05,0.0014182006377255873,2.7684912077157236e-06,1.722263493206483e-06,0.0,1.729252296469358e-06,1.4598922336332718e-06,0.12343656697457422,0.20770743019182736,-0.03755446505856242,0.0014105207384945626
2016-04-06,-0.0005369519696531234,4.147193739055799e-06,3.358033780214075e-06,0.0,2.232451772183028e-06,1.885433193639971e-06,0.19289471392313584,0.2671319495574571,-0.04962082697405816,-0.0005485750821382163
2016-04-07,0.0007238192128213426,4.203275678218277e-06,3.2569393227677407e-06,0.0,2.438590855755704e-06,2.142343234739711e-06,0.24088578717872516,0.35758955859567804,-0.002324104840593394,0.0007117780637298612
2016-04-08,0.00012855448002200762,3.944130008915252e-06,3.6488379481452396e-06,0.0,2.523585050091118e-06,2.3331995854075995e-06,0.19864178581783648,0.342497915484966,-0.049479614863510574,0.00011610472742944841
2016-04-11,-0.0006156111038546221,3.488361984122758e-06,1.9842806422561793e-06,0.0,2.1737826941991798e-06,1.947496750751364e-06,0.16994485775874377,0.3152671160768396,-0.011912338049389529,-0.0006252050259259516
2016-04-12,0.0004561443121268122,2.6884821164462632e-06,2.8335688396514475e-06,0.0,2.0769492235016645e-06,1.7552840416325546e-06,0.16572953582308192,0.2469860174594561,-0.04790170153481316,0.00044679002790558027
2016-04-13,-0.00010236533976966123,2.293579075720415e-06,1.5066377200791014e-06,0.0,1.0022637428383457e-06,1.419221622540279e-06,0.09803322829114583,0.18832126117527026,-0.05010797141149667,-0.00010858704193083937
2016-04-14,-0.0002291317475734286,4.026469618339121e-06,2.7775122217205e-06,0.0,1.980420066732893e-06,2.001899025981574e-06,0.19976521610013404,0.2864019831493136,-0.04991705321559076,-0.00023991804850620268
2016-04-15,0.00012331494381577179,2.8616105555600448e-06,2.484318997574553e-06,0.0,1.8207372853934494e-06,1.99071113109341e-06,0.1591041508677896,0.2846611922563385,-0.049778277767354315,0.00011415756584615033
2016-04-18,-0.00024386561225435432,2.4718398720655553e-06,1.6470633114143076e-06,0.0,1.269876260447736e-06,1.7351730133896713e-06,0.10291232567940325,0.24176493282749206,-0.04974413342197269,-0.0002509895647116716
2016-04-19,-0.0008873316885681371,2.290764974589997e-06,2.0074825765458206e-06,0.0,1.6658362021591952e-06,1.76520036808181e-06,0.1312422524953426,0.24668427502751467,-0.049869386810229455,-0.0008950609726895139
2016-04-20,0.0004220335960284138,5.526807296307824e-06,4.861905818954502e-06,0.0,3.586034143434508e-06,2.7026252721849784e-06,0.33470271977419375,0.4038788150269502,-0.05016223070012611,0.00040535622349753195
2016-04-21,0.00028994896532271824,4.868237371627473e-06,4.758451189967713e-06,0.0,4.7456885907239926e-06,3.921609402604645e-06,0.3327334651527689,0.6088669397727275,-0.0499634398648528,0.00027165497876779443
2016-04-22,0.0007136115042136084,7.5427158014552606e-06,8.417690342878619e-06,0.0,5.714332830936179e-06,2.2666845623169114e-06,0.5412133110268382,0.3307831386580392,-0.0500198678112021,0.0006896700806760215
2016-04-25,0.0010669791343741381,9.367835321282942e-06,8.863077237476004e-06,0.0,6.975051533786563e-06,4.125254804385093e-06,0.5597908727236228,0.6438790365205369,-0.049163770616159175,0.0010376479154772075
2016-04-26,-0.0028923810439177356,5.09771804844538e-06,3.5329834426585327e-06,0.0,2.812408119666412e-06,3.281500314345982e-06,0.2505189979591871,0.5067898144577111,-0.04450223835241393,-0.002907105653842852
2016-04-27,-0.0025741237462864205,1.0514449849943935e-05,9.111688303637471e-06,0.0,9.58069095538309e-06,2.9520081718818396e-06,0.7367378132333591,0.5452529751812535,0.049315602305104414,-0.0026062825835672667
2016-04-28,-0.00018726632330298422,5.745750145910042e-06,5.246251450802082e-06,0.0,4.392270072329738e-06,2.428536266983344e-06,0.337058248455093,0.4537470114377236,0.04575291858452182,-0.00020507913123900943
2016-04-29,-0.0015025170167697049,7.047560358139588e-06,6.634885758444253e-06,0.0,5.534386912478271e-06,2.4991704260309987e-06,0.4383570470996243,0.4699890181357942,0.05012838656258647,-0.001524233020224798
2016-05-02,0.0008493126611197917,5.354988867636024e-06,3.7440371371545e-06,0.0,3.082892020015433e-06,1.8376047558246056e-06,0.26085259192229393,0.3593933892626204,0.05067579028408657,0.0008352931383391612
2016-05-03,-0.0011693279429905213,9.288794789176228e-06,9.52775490562447e-06,0.0,6.206184288826205e-06,3.977170579866447e-06,0.5774628837963427,0.6905249130610253,0.022360255643462335,-0.0011983278475540147
2016-05-04,0.0011351244306611647,5.387837704985394e-06,3.909689926803411e-06,0.0,2.9587829149431263e-06,2.6336208719844675e-06,0.30398476562834087,0.49435695929317486,0.05190865279978413,0.0011202344992424483
2016-05-05,-0.00014700738376431167,5.075411982916775e-06,5.193988348180368e-06,0.0,4.050509305597369e-06,3.564857934195686e-06,0.3525282530247831,0.6494624530152863,0.050566320070411175,-0.00016489215133520186
2016-05-06,0.0010680847210768941,8.59097654782192e-06,9.406122501921414e-06,0.0,7.335610942722037e-06,5.662352580109088e-06,0.5354316512507387,0.9021454228803347,-0.04912981057799143,0.0010370896585043196
2016-05-09,-0.0011367837447746063,8.878949907908512e-06,8.49301390453123e-06,0.0,6.068616592943715e-06,3.110418411737429e-06,0.6513832878711332,0.5099282977284729,-0.012621995443414899,-0.0011633347435917273
2016-05-10,-0.0005367622192991332,6.868904684119313e-06,5.912045453234375e-06,0.0,4.250165894068472e-06,2.4139792842867112e-06,0.3581190060882182,0.35562345286091607,-0.04992506689925166,-0.0005562073146148421
2016-05-11,-3.6060421018623526e-05,5.716785389957938e-06,4.578240269478866e-06,0.0,3.3560031376328005e-06,3.192642569003876e-06,0.31468468139097966,0.48692511686321915,-0.04943883472943191,-5.2904092384697007e-05
2016-05-12,-0.000511224609395787,6.366377060753133e-06,4.576052328891905e-06,0.0,5.182535981163445e-06,3.40171559287152e-06,0.32789086590074384,0.5502418539275762,-0.021246365674839215,-0.000530751290359467
2016-05-13,-0.0006475096708820633,6.569997578971509e-06,6.011711657274279e-06,0.0,4.919946151066638e-06,1.9141975602347063e-06,0.42249203836947047,0.3382661273122667,0.016680937192836212,-0.0006669255238296105
2016-05-16,0.0007372130224081899,5.279813468402744e-06,3.598299766442203e-06,0.0,2.939577449755879e-06,2.1572194250825628e-06,0.24967668883526967,0.3894748172641908,0.027061953850320165,0.0007232381122985065
2016-05-17,0.0009542740816803738,7.497063357146323e-06,7.61795213120538e-06,0.0,5.060129437924996e-06,2.950733946966116e-06,0.44652900854060473,0.47698433809502583,-0.018738964995281826,0.000931148202807131
2016-05-18,0.0022073829774410204,1.4956147571994347e-05,1.3180759292937668e-05,0.0,9.343311730641131e-06,5.957734569538022e-06,0.7816363801234618,0.9519983277297851,-0.048901079952602844,0.0021639450242759094
2016-05-19,0.0006592942663105491,5.5058468307384735e-06,3.555777644284353e-06,0.0,4.0643722656999136e-06,5.2313010233740195e-06,0.26182124850274413,0.8563438073384433,-0.022514764588392022,0.0006409369685464523
2016-05-20,-0.0013789448244649121,8.849979461870933e-06,6.571238521393476e-06,0.0,6.122453034552347e-06,5.002631623289117e-06,0.39284925236191853,0.790892508916749,-0.04954960379582207,-0.001405491127106018
2016-05-23,-0.00011214763958190872,1.1022624143097598e-05,7.670749870764137e-06,0.0,6.184034920220958e-06,3.0152667526898082e-06,0.6464358559402428,0.5565451291226793,0.049980314670791295,-0.00014004031526868122
2016-05-24,1.5576676373580768e-05,6.560710497935953e-06,5.741964004671423e-06,0.0,4.583563043867239e-06,2.318892533687542e-06,0.40527168993372376,0.4397197022514502,0.05014575659194309,-3.6284537065813887e-06
2016-05-25,0.0004722133165620177,5.314992185014052e-06,5.185430835489808e-06,0.0,3.7140982106243207e-06,3.3752465963969564e-06,0.36774044627944924,0.6173851729365631,0.05034374474187464,0.00045462354873449255
2016-05-26,-0.00011937295991186684,6.139294073249349e-06,4.186761624910722e-06,0.0,3.5095460843320457e-06,3.398502877292287e-06,0.2507526626657802,0.5970932572208985,0.0261447738357945,-0.00013660706457165124
2016-05-27,0.00013127174837372784,5.508884106250834e-06,4.6272407000014876e-06,0.0,2.653192383335064e-06,3.0870491844315175e-06,0.2199052299744572,0.46889154591222043,-0.04973271707227454,0.00011539538199970894
2016-05-31,-0.00026455067804793486,6.468780883672967e-06,4.44458457226102e-06,0.0,3.4212550243013664e-06,3.352278008700888e-06,0.28861787480142354,0.5133837451740366,-0.04979896028771243,-0.0002822375765368711
2016-06-01,0.0003474108254249519,4.357431358188732e-06,4.334975251764719e-06,0.0,2.9377836551601063e-06,3.918585024367341e-06,0.30921734857062233,0.6087588484642756,-0.04956343562943749,0.000331862050135471
2016-06-02,-0.0009896660672135567,5.4705481371315425e-06,4.950303853545432e-06,0.0,2.3626244976437153e-06,3.149073952759532e-06,0.3033974882269153,0.4784944489496679,-0.05054997511393344,-0.001005598617654637
2016-06-03,-0.00034719096379009064,9.911824387197918e-06,8.612767473473143e-06,0.0,7.240384611786756e-06,5.788488149375356e-06,0.6193517443770141,0.9225187914841864,-0.049947217610873784,-0.0003787444284119238
2016-06-06,0.0004027731913262006,9.827397698815106e-06,7.494182180780523e-06,0.0,6.2045532316684735e-06,7.222099237998806e-06,0.5134697235051114,1.1643810296668229,-0.0489316423169775,0.00037202495897693767
2016-06-07,0.0009729523714551828,8.206187510977405e-06,8.809021086605088e-06,0.0,4.597832699588307e-06,4.627602887921265e-06,0.5655214667222348,0.7271933112459199,-0.05024397392485247,0.0009467117272700908
2016-06-08,-0.0005685198192642055,7.941544710429749e-06,3.4211650939655446e-06,0.0,3.7871846315368463e-06,4.2087078506425875e-06,0.2207253082536785,0.657725557955715,-0.049337360952239645,-0.0005878784215507802
2016-06-09,-0.0019448777576939397,5.2580419881109306e-06,3.558204047346421e-06,0.0,3.884716400672908e-06,4.497525635727838e-06,0.22898652705218722,0.7046766289560153,-0.05090767784626185,-0.001962076245765798
2016-06-10,1.6899178338953186e-05,1.4971679926438407e-05,1.549689128402471e-05,0.0,8.256218965410442e-06,4.785850120551048e-06,0.9641258307503783,0.7542964453873167,-0.04972637486525977,-2.6611461957471415e-05
2016-06-13,0.0006546096457906274,7.3364985715101595e-06,4.545513250448535e-06,0.0,3.848975063260749e-06,3.560034638959073e-06,0.2965371262565415,0.5493176184323563,-0.04876820091276787,0.0006353186242664488
2016-06-14,-0.0012225332962750443,4.5357881529097e-06,3.4022510570615452e-06,0.0,3.129608428954206e-06,3.31118903648666e-06,0.27565814090602253,0.5685093100176439,0.012229551887885104,-0.0012369121329504564
2016-06-15,0.0017069336283061216,6.995147352284949e-06,4.472276682795755e-06,0.0,3.949204719852825e-06,2.7263336833577227e-06,0.31922569604486417,0.5093417887873825,0.051317729983285196,0.0016887906658678304
2016-06-16,0.00018550143650882916,9.05162950046818e-06,7.322914555174198e-06,0.0,5.8599297769469405e-06,2.924579686125609e-06,0.5266114501817747,0.5410954691834217,0.04976608191431946,0.00016034238299011424
2016-06-17,0.0023520141036138184,1.2962553548242505e-05,9.994296834611696e-06,0.0,8.406628599468642e-06,3.3957087936571023e-06,0.5926560811539197,0.6200253005227832,0.04954622318838986,0.0023172549158378387
2016-06-20,0.0014381205229109057,2.214870324206671e-05,2.019909200543203e-05,0.0,1.306424731558284e-05,7.934347817839372e-06,1.4294298317246505,1.3238652669020983,-0.00910516649491655,0.0013747741325299849
2016-06-21,0.0001397084938100858,6.311674816331197e-06,5.938428245085924e-06,0.0,3.705569761874869e-06,6.099964071678129e-06,0.4075098172973272,1.0566154480405827,0.03182148399865703,0.00011765285691511569
2016-06-22,-0.0002276401960577752,8.54147439916879e-06,6.438674636224117e-06,0.0,6.089909464324728e-06,6.191034751099452e-06,0.37860900153476534,1.0244134989278137,-0.01568033925689427,-0.00025490128930859225
2016-06-23,0.0021187803322578625,1.0904794898885883e-05,1.0890074010946525e-05,0.0,4.761060406793888e-06,4.29647380862147e-06,0.6530680083658809,0.6750648896535174,-0.0467427101948899,0.002087927929132615
2016-06-24,-0.0009342848675709498,1.595937024121867e-05,1.1802591462007079e-05,0.0,1.154443682335435e-05,7.3453502794155465e-06,0.8753487461079564,1.239786455207303,0.00576760826549072,-0.0009809366163769455
2016-06-27,-0.004044937848186151,9.684986093167315e-06,9.461863049692601e-06,0.0,6.8362610868612095e-06,5.187873016977476e-06,0.5625098784512679,0.8187471759018569,-0.05281549095035912,-0.00407610883143285
2016-06-28,-0.00014905290357455385,1.4482844897946067e-05,1.357869964490423e-05,0.0,9.453307842367667e-06,3.384082171368946e-06,0.918190210655905,0.5835641592243137,0.015038354434330492,-0.00018995183813114077
2016-06-29,0.0011433987197910377,7.874153984534536e-06,7.509744252143848e-06,0.0,7.1797846818211155e-06,1.6939272935448328e-06,0.47401650946882756,0.24917560639845504,-0.035404178917076944,0.0011191411095789934
2016-06-30,-0.0010737495326964576,5.3554025032721295e-06,4.975095132903953e-06,0.0,3.001072571420683e-06,2.2194845312247966e-06,0.2943103898715161,0.32205222045729953,-0.050821180788466175,-0.001089300587435279
2016-07-01,-0.0005834322287282481,4.446219846864806e-06,3.6215449025098266e-06,0.0,2.524464241485816e-06,1.8247424648735855e-06,0.26267433693879655,0.25618788995463027,-0.05036884414413222,-0.0005958492001839821
2016-07-05,-0.0009987874109818346,6.580578472644534e-06,5.4012712808666065e-06,0.0,3.599132552632954e-06,3.2301046582312357e-06,0.3878255271012633,0.49205733082679387,-0.050600251756053566,-0.0010175984979462099
2016-07-06,-0.00017600508465706783,4.576000138711992e-06,3.6815854390475747e-06,0.0,2.3563754580856483e-06,2.4016498861827833e-06,0.22197299129133702,0.3538180504627699,-0.049659130415937655,-0.00018902069557909584
2016-07-07,0.0003787921128667178,5.12660852951392e-06,4.728944047965824e-06,0.0,2.2121632396418933e-06,1.5319910273858913e-06,0.29905932736126684,0.2111519043410651,-0.0462225882597645,0.0003651924060222103
2016-07-08,-0.0007119679652598662,3.607081240526689e-06,2.5363484204882e-06,0.0,1.9540732385429724e-06,1.354097125539894e-06,0.15978759002340828,0.17781634752215425,-0.04967196956854798,-0.000721419565284964
2016-07-11,-0.00044017218219255175,4.389581979877534e-06,4.355909421694133e-06,0.0,2.1202400163096493e-06,2.565125327598326e-06,0.32044975076900806,0.38128202093998814,-0.04965903409653051,-0.0004536030389380314
2016-07-12,-0.0005837849790918868,2.5944292093700294e-06,2.1783956948602175e-06,0.0,1.0546538538739212e-06,2.896930004846111e-06,0.15314884889957617,0.4376067209257793,-0.0490775198883677,-0.0005925093878548371
2016-07-13,-0.00016886004317143342,3.4857536261073676e-06,2.5243853594429727e-06,0.0,1.6740211825171413e-06,2.9773101640406685e-06,0.16283878848337074,0.450360224111148,-0.04982788344768427,-0.00017952151350354156
2016-07-14,-0.00024769638778481066,2.1185230071662915e-06,1.6553405661485323e-06,0.0,9.249957492130776e-07,2.779420200994753e-06,0.10377287935860141,0.417374397216057,-0.049568196551061317,-0.0002551746673083333
2016-07-15,0.00010517365245151017,3.3587390315088554e-06,3.007503064939013e-06,0.0,1.9165506018457195e-06,2.398359797634705e-06,0.1959858204948629,0.35319454335062894,-0.0497299026520015,9.449249995558187e-05
2016-07-18,-2.840263871272e-06,2.5878756672854926e-06,2.244237733405347e-06,0.0,1.6256098017738616e-06,2.531275971691941e-06,0.15186701295083543,0.3753245131998182,-0.049929850044427806,-1.1829263045428643e-05
2016-07-19,-0.00020594615435022247,4.231189092383567e-06,4.037966279115037e-06,0.0,2.255085514900103e-06,2.029059210274904e-06,0.25032356480320195,0.29089147082997346,-0.049990476496210266,-0.00021849945444689609
2016-07-20,-0.000431084723386932,5.136832769449802e-06,3.776463935931951e-06,0.0,2.535364430373288e-06,2.525451918352937e-06,0.27097818334251017,0.37455216786956885,-0.04972375441372459,-0.00044505883644104
2016-07-21,-0.0007686528888127862,5.861061676733649e-06,6.8894741888127135e-06,0.0,2.512831912032295e-06,2.2341992301333256e-06,0.46579621331302,0.33617698044455746,-0.03916849021784151,-0.0007861504558204981
2016-07-22,0.0005173403512544488,4.233512780676188e-06,4.679988155587226e-06,0.0,2.165882157892352e-06,1.873277975374879e-06,0.3312333250197831,0.2648954983030425,-0.04981520155993716,0.0005043876901849182
2016-07-25,0.0001730858752636311,4.235619294315134e-06,4.917315588864802e-06,0.0,2.627049425916872e-06,1.7542346397381094e-06,0.32158497819682097,0.2447759613386034,-0.04993545813739904,0.00015955165631479618
2016-07-26,-0.00012945890015179356,2.9154090045517896e-06,1.8520978130943601e-06,0.0,1.5366519382473272e-06,1.3705758543245103e-06,0.1366858180743193,0.1995666285418426,-0.03069011498467518,-0.00013713363476201157
2016-07-27,-0.00022202348459169553,4.617794548814849e-06,2.6759129832661393e-06,0.0,2.1352034526414374e-06,1.1599216762293526e-06,0.24946705998779167,0.24456986780905238,0.04970302620252123,-0.00023261231725264732
2016-07-28,0.00030979965166362126,4.578044170624766e-06,4.519026278462019e-06,0.0,2.3766482163889747e-06,2.1875728810264463e-06,0.3223380989306947,0.41786033608465567,0.050348092072212663,0.00029613836011711906
2016-07-29,-0.00030965837411810215,4.848964742486874e-06,3.269725466448603e-06,0.0,2.728825184520737e-06,2.3178869139960457e-06,0.2132879866451887,0.43946502401271476,0.05006002246137897,-0.0003228237764255544
2016-08-01,-0.00014354162066738127,4.341977833035234e-06,4.561583919861146e-06,0.0,2.349703155612582e-06,2.476348636831332e-06,0.21857217051379857,0.3744362934807497,-0.04159027750691405,-0.00015727123421272157
2016-08-02,0.00042040093313144925,3.7132476755647754e-06,3.83125041316708e-06,0.0,1.591315253739278e-06,1.3012007003419018e-06,0.2705325481701268,0.20638709513246228,-0.012214622524977155,0.0004099639190886362
2016-08-03,-0.0008547819596465293,5.6306382152508236e-06,7.279434662048751e-06,0.0,3.5266140202994247e-06,3.354410036963879e-06,0.48794691155023306,0.5523334279322651,-0.01120745827766656,-0.0008745730565810923
2016-08-04,0.000614104236742362,5.520101600404016e-06,5.4376120922257305e-06,0.0,3.1612049692679733e-06,2.868328778759526e-06,0.3358662756970066,0.4314493791748307,-0.05042985565676984,0.0005971169893017048
2016-08-05,-0.0007967396729871217,4.558511707798451e-06,3.641909618267631e-06,0.0,2.457533235815663e-06,1.648415399924875e-06,0.2568097021806023,0.22670683845066628,-0.050226948736712865,-0.0008090460429489284
2016-08-08,-0.0002189659400001073,2.8100107965670635e-06,1.7431185943902255e-06,0.0,1.2106360450217115e-06,1.7444492600463953e-06,0.11101316623917595,0.24307718810324563,-0.04999028758454875,-0.0002264741546961327
2016-08-09,-7.960840922489372e-05,3.418013378548147e-06,2.7056978332647747e-06,0.0,1.6524685052076667e-06,1.667464755550324e-06,0.17668004754294356,0.22989450606101713,-0.05023957287143717,-8.905205369746463e-05
2016-08-10,0.0002257903685681247,7.304437263567552e-06,7.816765822095376e-06,0.0,4.016763121160798e-06,3.1764298520637376e-06,0.5995429030879589,0.5834810225336486,0.04984080738694077,0.00020347597250923723
2016-08-11,-0.0003584728843737484,7.266925517705996e-06,6.61868939227204e-06,0.0,4.0258718599791705e-06,2.259008600883525e-06,0.47270638504722007,0.42898572886175784,0.04947228391332568,-0.00037864337974458914
2016-08-12,-6.019191177015448e-05,5.891270887482738e-06,4.13253088920552e-06,0.0,3.0950697171108643e-06,1.437634610773145e-06,0.2767636426756138,0.2913028944353462,0.049780279825457865,-7.474841787472675e-05
2016-08-15,0.0006488355866894534,6.7183588647949495e-06,8.699207130674975e-06,0.0,3.845433599962856e-06,3.502958249655225e-06,0.543986307293183,0.538930881894458,-0.0495661040476196,0.0006260696288443654
2016-08-16,-0.0005110728306483856,6.278819054670995e-06,4.315431919090462e-06,0.0,3.718182643353566e-06,2.473549258094537e-06,0.3617760869742006,0.46567702629801816,0.05012075093813628,-0.0005278588135235951
2016-08-17,0.0001227574467316232,4.115331301855256e-06,3.3056729764764554e-06,0.0,2.080034365226707e-06,2.1099616781798647e-06,0.21136549448987754,0.404653136326781,0.0501795743925636,0.0001111464464098849
2016-08-18,0.0007494071233177681,4.698749986522671e-06,3.946679227415418e-06,0.0,1.9271990197916623e-06,2.152160019441564e-06,0.2068106409170561,0.3668160353568222,0.005253152090639465,0.0007366823350645968
2016-08-19,-0.000424516769714217,7.1892492183376216e-06,5.7588868181914314e-06,0.0,2.9762664518083927e-06,3.300595676945444e-06,0.35068425351406096,0.5047177582104518,-0.0497823155163829,-0.0004437417678794999
2016-08-22,0.0003875941371058403,4.954393995126998e-06,3.865622240327752e-06,0.0,2.471210006649664e-06,2.137586535151623e-06,0.3079537211378611,0.382192025221139,0.023077487315666237,0.00037416532432858426
2016-08-23,0.0009447995828237545,5.101567027427154e-06,3.4904564488281618e-06,0.0,3.178168822915828e-06,1.5665374787508273e-06,0.24970881201200829,0.3139574234864484,0.050779127056309534,0.0009314628530458325
2016-08-24,-0.000574436655392731,7.902560971065046e-06,8.60886308361353e-06,0.0,4.189945860801036e-06,2.903497286940993e-06,0.49516190991834685,0.47586922886167954,-0.011918315344407016,-0.0005980415225951516
2016-08-25,0.0007452890737517993,4.908271302356641e-06,3.2088343343510434e-06,0.0,2.284155992874898e-06,2.62178567753838e-06,0.19164215857414751,0.43787689377451144,-0.002583100051936099,0.0007322660264446783
2016-08-26,-5.3689648992665244e-06,4.893139052883199e-06,2.1004853950877824e-06,0.0,1.7802979592324462e-06,2.440975471505051e-06,0.16865830222510167,0.46067767882793653,0.05059379961508806,-1.6583862777975003e-05
2016-08-29,-5.569913411011215e-05,3.2105490342396775e-06,2.6559002798678053e-06,0.0,1.693054908298962e-06,2.48024448607726e-06,0.16110127686279196,0.44499376008542313,0.028312686424443123,-6.573888281859585e-05
2016-08-30,-0.00044177671428530376,4.13642427117055e-06,4.233018758242052e-06,0.0,2.1692531944854024e-06,2.2697301988610735e-06,0.23682954167646772,0.3485735749695296,-0.03274109843913059,-0.00045458514070806285
2016-08-31,0.0001918285808021085,4.323143749044464e-06,2.1304976289176196e-06,0.0,2.333156017335166e-06,1.9652032440831606e-06,0.17847524396347644,0.35382383671500345,0.023669691709032492,0.0001810765801627281
2016-09-01,0.0003778169685695726,6.011032502970478e-06,6.8725197446113895e-06,0.0,3.1292219909899973e-06,3.901123593405628e-06,0.48074699136363797,0.7061120299439865,0.050723266251840815,0.0003579030707375951
2016-09-02,0.0004012913888766717,4.282952163844892e-06,4.698134356181647e-06,0.0,2.5657324186149878e-06,2.7695285111182434e-06,0.33570433849146714,0.5151656204037546,0.049884830535889574,0.00038697504142691194
2016-09-06,-0.00033703613587028673,5.564364281238848e-06,6.187757177440015e-06,0.0,2.680151114982406e-06,1.7353283296940538e-06,0.3543809855580376,0.2473138252345202,-0.0442213341540808,-0.00035320373677364205
2016-09-07,-0.00012789379288094166,4.117546313117265e-06,2.8234600917398967e-06,0.0,1.5968398134162254e-06,1.520001577237915e-06,0.18983946470724558,0.2053091186132426,-0.0500511463627269,-0.00013795164067645298
2016-09-08,-0.0006127117582606408,4.793001511078378e-06,3.847121434701207e-06,0.0,2.8750805482104428e-06,2.4286078972675757e-06,0.28439052733175807,0.3831464450342255,-0.02485968170672742,-0.0006266555696518984
2016-09-09,0.000909137766204987,8.716414826098643e-06,3.6084659358608604e-06,0.0,3.7042378471655007e-06,1.69865104716271e-06,0.288737982927932,0.33574897893874867,0.050375603015413384,0.0008914099965486993
2016-09-12,0.00038611068638552806,5.184378593549885e-06,3.818666819810117e-06,0.0,1.946288093516824e-06,2.3687770310919843e-06,0.24941690485983387,0.4483708542232876,0.050416312999834456,0.00037279257584755924
2016-09-13,-0.0009994684201563404,6.273551685119389e-06,6.909985014933364e-06,0.0,3.70733109493051e-06,1.1983040051897558e-06,0.44491248177734044,0.2510935676656264,0.0497784947937474,-0.0010175575919565134
2016-09-14,0.0003115501047108079,4.169340416770195e-06,4.095667035482674e-06,0.0,2.2321145223090465e-06,1.879455441174784e-06,0.2663805928087397,0.3660563507429372,0.05030783662557339,0.00029917352729507123
2016-09-15,0.0005327223561195655,5.429250629056282e-06,4.161691131648577e-06,0.0,2.3567378236703007e-06,1.4731367705687787e-06,0.2976295068193023,0.297377450969038,0.04989047351348327,0.0005193015397646216
2016-09-16,-0.0007006702186224416,4.15064868648329e-06,3.1546779386914477e-06,0.0,2.0867398151233424e-06,1.487250002759376e-06,0.2013572203852532,0.2999633368250197,0.05010533636144443,-0.000711549535065499
2016-09-19,0.0003628676589823566,6.572869345196018e-06,5.601172129284463e-06,0.0,4.00164345467963e-06,1.975530657626686e-06,0.37727381830208256,0.38212438392342074,0.05023523344213757,0.0003447164433955698
2016-09-20,-0.00021771547167335857,8.111955371625065e-06,6.258077636507432e-06,0.0,4.378828716751182e-06,3.2667431756494803e-06,0.4334502081527296,0.5991316803676675,0.050318826858555155,-0.00023973107657389173
2016-09-21,0.0008813443754355193,4.2847898115685374e-06,2.7948198628728172e-06,0.0,2.5225172728729292e-06,3.287273873966997e-06,0.18547780084315652,0.6048147354103297,0.05255272458387411,0.000868454974614238
2016-09-22,0.0012342404639306896,6.155905900427177e-06,6.692520944613645e-06,0.0,3.8526839286611335e-06,4.831882623830644e-06,0.3910157918354943,0.777087673721429,-0.03466860708211911,0.001212707470533157
2016-09-23,0.0006139977688281651,6.046471326327593e-06,4.363193976024403e-06,0.0,4.372131542092987e-06,4.242932715064573e-06,0.3477071554774188,0.7631964573433885,0.050383761212540235,0.0005949730392686555
2016-09-26,-0.0003091304928348095,7.4005211553045925e-06,8.075381412742894e-06,0.0,4.107612956606922e-06,2.8603535508413634e-06,0.4277773185536396,0.4305006605669248,-0.05003873597442421,-0.0003315743619103053
2016-09-27,-0.0007865785950368324,5.5831039816663234e-06,4.320327528903775e-06,0.0,2.674474859758494e-06,1.2863989834698222e-06,0.3568927825014953,0.2664059873790033,0.05029095815607323,-0.0008004429003906308
2016-09-28,0.000727414977074235,4.505273326564253e-06,4.761036696364578e-06,0.0,3.131466142612567e-06,1.870312717332345e-06,0.23427274367345116,0.2648680873665306,-0.04934444914530343,0.0007131468881913613
2016-09-29,0.0008207786443993972,1.0877898117115487e-05,1.3060446285641611e-05,0.0,6.480212806722108e-06,6.3811186833775386e-06,0.9642599552366403,1.0224167546879526,-0.049611184119473906,0.0007839789685065404
2016-09-30,-0.00013836298122698774,8.976144966172e-06,5.898990419085027e-06,0.0,6.802925268264453e-06,5.982944003858079e-06,0.4789038392774875,1.056120091032875,0.050985498384717054,-0.0001660239858843673
2016-10-03,-0.001933322126053932,9.798245551449613e-06,1.048472119910398e-05,0.0,5.4458842155998084e-06,2.7509523060562167e-06,0.6819793381171204,0.5123706573216074,0.05021066990416315,-0.0019618019293261416
2016-10-04,-0.0010361302880901734,4.118364615479287e-06,4.042290395441464e-06,0.0,2.8182719502167154e-06,2.475605929296407e-06,0.27078862338400245,0.4652181906549865,0.04931639453319017,-0.0010495848209806072
2016-10-05,0.0006731234230445485,5.339294490422618e-06,4.318221884001845e-06,0.0,2.1263233887988406e-06,2.2335702107221594e-06,0.2786455059432926,0.4253145083969454,0.0500747129956227,0.000659106013070603
2016-10-06,-2.4514052630807772e-05,9.471445097834259e-06,5.7774595227515085e-06,0.0,4.828145557909462e-06,2.947979125925099e-06,0.37933321049601676,0.5454420229099484,0.05018152975453172,-4.75390819352281e-05
2016-10-07,-0.0014614740946088662,7.164971875259512e-06,6.660727227963068e-06,0.0,4.537238212886984e-06,4.194847319230162e-06,0.46833877122108075,0.7542816237584162,0.04954727412774901,-0.001484031879244206
2016-10-10,0.00030681830981083464,7.27075113724074e-06,5.180265815619507e-06,0.0,3.278345840997024e-06,3.0816896182200137e-06,0.3350949678252352,0.5682257149096329,0.05050185904867052,0.0002880072573987574
2016-10-11,-0.0006796919423076135,9.108300225385542e-06,5.2800133301674365e-06,0.0,4.982087437266515e-06,2.212845976715216e-06,0.2613069235212756,0.4212913834015126,0.04953325931335645,-0.0007012751892771482
2016-10-12,0.0002664791506168927,6.10000655279919e-06,5.308934473113977e-06,0.0,4.1342185510025405e-06,3.200994614947926e-06,0.3683889323647939,0.5874038735064142,0.04963677819516246,0.00024773499642502907
2016-10-13,-0.0012802414395781286,7.443359815566151e-06,6.054875543549441e-06,0.0,4.437738923053092e-06,1.9049760101682472e-06,0.40079587427039487,0.37007687997687855,0.050040910268612876,-0.0013000823898704655
2016-10-14,-6.853729536348553e-05,1.5398000584496316e-05,1.2894097307065087e-05,0.0,1.0851014574089397e-05,6.668032709921441e-06,0.9450280772552633,1.1706064177219724,0.05037692245517056,-0.00011434844053905777
2016-10-17,-0.0007582220705969106,1.341125436157862e-05,1.3950930655020129e-05,0.0,8.444956702355494e-06,2.379785682527565e-06,0.8763643181490657,0.4497196224320097,0.04991562776737865,-0.0007964089979983924
2016-10-18,0.0010446995761773713,5.4986293832893165e-06,4.139070392121696e-06,0.0,3.3272996725286828e-06,2.287595754417813e-06,0.2708452035504955,0.43525020755423766,0.05093412081204508,0.0010294469809750137
2016-10-19,0.0006803163350075125,7.3319013197958386e-06,7.327521528215233e-06,0.0,5.6287575471673615e-06,3.740294040699953e-06,0.5065712471222343,0.6796558467489122,0.051286447911320365,0.0006562878605716341
2016-10-20,-5.025071223033485e-05,5.97475668316199e-06,5.950099376048484e-06,0.0,3.920200451844588e-06,3.8895581413065095e-06,0.29167763146258274,0.6038516826344149,-0.04959408510507873,-6.998532688269642e-05
2016-10-21,-0.0005918653955953769,8.318741362376972e-06,5.3403994993318655e-06,0.0,4.999302294559087e-06,3.967298451865387e-06,0.3428044643260505,0.6166902363830304,-0.04981590353035441,-0.0006144911372035102
2016-10-24,-0.0006480367488227948,7.962925150601958e-06,5.9644035547095426e-06,0.0,4.752393925102177e-06,2.9436279148527393e-06,0.4056380259037893,0.48174780359740127,-0.012781686097858812,-0.0006696600993680613
2016-10-25,0.0015858050480048872,7.5224736094145174e-06,5.839009268607951e-06,0.0,5.04801422774231e-06,2.8137378269466415e-06,0.34090751707708083,0.42312455816732314,-0.04958339675971271,0.0015645818130721758
2016-10-26,-0.0030403611387110805,9.123391722102596e-06,5.918431701958693e-06,0.0,6.5822293374024705e-06,3.519272567069445e-06,0.3945766579243146,0.5407279366855623,-0.050509854582104136,-0.0030655044640396137
2016-10-27,0.00018582485145227646,1.2988764222139852e-05,9.160018505463303e-06,0.0,7.680671219898982e-06,2.45866627887174e-06,0.6195662578364736,0.46298433693072794,0.049928402080275366,0.00015353673122590257
2016-10-28,-0.0021945426256159556,6.619350828216515e-06,5.513850188504428e-06,0.0,3.68579940951914e-06,3.4050430682603004e-06,0.3558656280763952,0.6217646006966183,0.04971736522888756,-0.002213766669110456
2016-10-31,-0.000799379923719579,8.852510176519368e-06,6.312381133424841e-06,0.0,5.4222541039105424e-06,2.9639343994826483e-06,0.4231307905965229,0.5473639111402908,0.04942293202720581,-0.0008229310035329164
2016-11-01,0.00010290562749630587,1.2392194362397312e-05,1.0234722013956713e-05,0.0,7.12956209171916e-06,4.743139563572915e-06,0.6615322566394128,0.8471501403738411,0.05030269369359097,6.840600946465976e-05
2016-11-02,0.0006006481045827078,8.007873054091439e-06,7.1672094867159085e-06,0.0,3.941213218931177e-06,2.8727539671831076e-06,0.517262992157183,0.5332221265098291,0.050599460023067325,0.0005786590548557862
2016-11-03,0.00029081184332939187,1.1825989676538794e-05,1.0987773798183439e-05,0.0,5.85804590026563e-06,4.925740109258768e-06,0.695260515903604,0.8778320848400561,0.05030774648458264,0.00025721429384514523
2016-11-04,0.0018843648260227876,6.960499303132834e-06,5.115598854566534e-06,0.0,2.6853210347055126e-06,3.887966951307551e-06,0.345542869293481,0.7039968701856202,0.050818422365951715,0.0018657154398790752
2016-11-07,0.0023130122872789018,1.660066789470397e-05,1.5480999641653526e-05,0.0,1.2734861975632436e-05,8.074940976339707e-06,0.8692496865217016,1.3070301096041075,-0.04955997442096294,0.0022601208167905723
2016-11-08,0.0006960791294527391,2.3441525607415937e-05,2.206551415600844e-05,0.0,1.630317262557462e-05,5.095503687122618e-06,1.6313691908267085,0.8061848934593824,-0.049859725977218106,0.0006291734133766175
2016-11-09,0.0003945175875536415,8.914705251760001e-06,6.085495649282179e-06,0.0,5.011500731453625e-06,4.917258327508962e-06,0.4133305628419563,0.7769896245814787,-0.0491097744400269,0.00036958862759363674
2016-11-10,-2.2070140690438128e-05,7.633748090501353e-06,5.203269788940183e-06,0.0,4.625768553109043e-06,4.6115007695743726e-06,0.33075593726245067,0.7244278388841086,-0.05030429040438597,-4.414442789256307e-05
2016-11-11,-0.00014343123165141188,6.3975326702857875e-06,5.32224416734031e-06,0.0,3.43021942975342e-06,3.628677465215426e-06,0.3399810665073042,0.5591262913649044,-0.05049152279128735,-0.00016220990538400683
2016-11-14,-0.0005983227182250096,9.804777699081862e-06,5.85667000016541e-06,0.0,5.512363783296606e-06,3.3882171353322864e-06,0.3763495540622954,0.5180656948460163,-0.05115478388980765,-0.0006228847468428858
2016-11-15,-0.00025762212781511623,9.765115703808866e-06,5.308471969416083e-06,0.0,5.519157727662771e-06,3.0266736599144322e-06,0.28686766492481275,0.45885145959174806,-0.04962971527387655,-0.0002812415468759184
2016-11-16,0.00199425801488324,3.877685044610332e-06,2.9674178343292102e-06,0.0,2.1626328025661962e-06,2.459569065534496e-06,0.18454186189514377,0.36396940930338695,-0.04923819370640851,0.0019827907101361997
2016-11-17,-0.0005093633756464761,3.6125613093952583e-06,2.5643783851017035e-06,0.0,1.803651902066107e-06,2.4678112217104953e-06,0.17301471248907108,0.3652475268777676,-0.049344758369595745,-0.0005198117784647497
2016-11-18,-4.623152342878399e-05,6.943435607354902e-06,3.678808381576556e-06,0.0,3.8764347536662355e-06,2.523248797135899e-06,0.28848470762234735,0.4514662855105581,0.02756048759172719,-6.325345096851759e-05
2016-11-21,0.0004248528691298161,5.97434751937036e-06,5.0308107737483555e-06,0.0,2.1893659452777054e-06,2.2463610623158423e-06,0.24901512631999187,0.32800016630913953,-0.04938849215992199,0.00040941198382910384
2016-11-22,-0.00014573897454993727,3.4159092634189353e-06,3.0905906585648925e-06,0.0,1.8014803128026935e-06,2.8007359800983602e-06,0.2180273451033941,0.42049149619158893,-0.05003214846493548,-0.00015684769076482216
2016-11-23,-0.0004845502968274134,2.7642074380838586e-06,2.3209950423027396e-06,0.0,1.481651231047933e-06,2.341873656663613e-06,0.15308495258139398,0.34338207265242204,-0.05005270166706499,-0.0004934590241955115
2016-11-28,0.0005431746506899907,3.0678119077770826e-06,2.7468459422176507e-06,0.0,1.5353106328990013e-06,1.8657342507639468e-06,0.18050692047535055,0.26349030936105927,-0.0499530447672839,0.0005339589479563331
2016-11-29,-8.617274613045348e-05,5.708172719988281e-06,4.672038611446963e-06,0.0,2.842224866160346e-06,1.8908803753186873e-06,0.2760081802085982,0.26797369366451734,-0.049694209389022206,-0.00010128606270336776
2016-11-30,-0.00017151671061725523,8.959628189634212e-06,6.558964033695686e-06,0.0,6.134264862013304e-06,3.166687057969782e-06,0.556334605888943,0.5820653694428298,0.050061943703906625,-0.00019633625476056822
2016-12-01,-0.0007824546948667091,1.0062117245812788e-05,9.677332562245026e-06,0.0,5.263449452447332e-06,3.1675687280787427e-06,0.6211951430574617,0.5808447815429993,0.048693235225770286,-0.000810625162855293
2016-12-02,0.0009202364311945375,6.873587165441378e-06,5.307862929998386e-06,0.0,4.2296375138753486e-06,2.2388138272385325e-06,0.36070547237165096,0.4261203789108696,0.04999965593479604,0.0009015865297579838
2016-12-05,0.0009955261516185858,6.6933951599160865e-06,6.283486457416259e-06,0.0,4.191304467132797e-06,2.3050151320959335e-06,0.3943598193061909,0.3972704705690583,0.01002792837694165,0.0009760529504020247
2016-12-06,-0.0005302924242460494,4.2485872149493315e-06,3.901594368063295e-06,0.0,2.6529316556766017e-06,2.4838760966700066e-06,0.21002354281979393,0.36740889734373067,-0.04988228689683042,-0.0005435794135814087
2016-12-07,-0.0008348966368376383,6.127201968083619e-06,3.1755783240378974e-06,0.0,2.6095885489996636e-06,2.7674979871642174e-06,0.2150766494296316,0.41544346881464644,-0.04949619302894177,-0.0008495765036659237
2016-12-08,0.00012026485180501777,4.537680515063411e-06,4.0515146096442355e-06,0.0,2.0528309459188355e-06,3.818385125487214e-06,0.2856952295902182,0.5923914293277482,-0.04909727175410361,0.00010580444060890408
2016-12-09,-0.0005565554444766224,3.323835006800589e-06,3.1952468223106406e-06,0.0,1.1493945390118796e-06,2.915801176785682e-06,0.2036763402320503,0.44087231379834463,-0.04898228390165002,-0.0005671397220215312
2016-12-12,1.1742049373194107e-05,2.721532506323041e-06,2.6362785347383983e-06,0.0,1.3794927316090896e-06,2.494516696291573e-06,0.17088472469616858,0.37008031389807794,-0.04899849107890614,2.510228904232005e-06
2016-12-13,-0.00015050777396867236,3.789880476137167e-06,3.545776691549278e-06,0.0,2.105428227775772e-06,3.1672001678125615e-06,0.2530836633882535,0.4833888917260137,-0.04870073646649675,-0.00016311605953194712
2016-12-14,0.0003253905018829282,6.165715549109453e-06,4.15738239164708e-06,0.0,2.9107576891816592e-06,1.910639073959502e-06,0.34821675542319913,0.37166821573381936,0.05068085130862297,0.0003102460071790305
2016-12-15,-0.0005799186982838856,3.0924247039993246e-06,3.2228465537366596e-06,0.0,1.4310887560874327e-06,2.251167068757259e-06,0.17274804824913742,0.3760332499148945,-0.0021628176363250595,-0.0005899162253664663
2016-12-16,-0.0005239527331150539,9.886182452994023e-06,1.0885552517717406e-05,0.0,4.775452436039927e-06,3.028473934781692e-06,0.7326545953132111,0.5588434201144827,0.05005979907115882,-0.0005525283944565869
2016-12-19,0.0005421446451675386,4.422610973052019e-06,4.134206400991487e-06,0.0,2.0150990694580825e-06,2.07106637410971e-06,0.26947074658306336,0.3797443847887923,0.031805233938360974,0.0005295016623499273
2016-12-20,0.0007032227510616259,2.9258415965596627e-06,3.317559227108291e-06,0.0,1.1590501074033878e-06,1.7911996304832639e-06,0.18842222702257888,0.2793819227019321,-0.02153961521925636,0.0006940291005000712
2016-12-21,-7.766212755720617e-05,4.648946636281752e-06,4.069198304738923e-06,0.0,2.676641883507898e-06,1.6497758160218763e-06,0.3342389321847443,0.3005455942974063,0.023383257205731117,-9.070669019775662e-05
2016-12-22,-0.00040663824214015154,6.4472456924421715e-06,5.069211919109142e-06,0.0,2.5604125569972325e-06,1.4110990326609913e-06,0.2855514243322793,0.24432837236271654,0.007263734875669815,-0.00042212621134136107
2016-12-23,3.0343000585592502e-05,2.3888038329701515e-06,1.6446637696650726e-06,0.0,9.183660890459079e-07,1.1875957578474194e-06,0.14517556228401693,0.24951162249174905,0.04999553517338262,2.420357113606395e-05
2016-12-27,0.000282560021559841,4.2455331227550985e-06,3.098881364644095e-06,0.0,1.5268588693285433e-06,7.074479945159652e-07,0.2288102164621968,0.16912596355168866,0.05027470047300653,0.0002729813002085973
2016-12-28,-0.0004082538266010027,2.5084569529421835e-06,3.3292588308020872e-06,0.0,1.1155287402654294e-06,1.4909490780615813e-06,0.15465651912344383,0.20795372302902815,-0.04252572208531744,-0.000416698020203074
2016-12-29,-0.0002633105501563183,2.557080776309119e-06,2.4397209332313054e-06,0.0,1.2346487043594461e-06,8.284605895320014e-07,0.18085250368290703,0.11999091671628441,-0.019190462325091886,-0.00027037046115975017
2016-12-30,0.00015482752456264792,7.611893659702151e-06,9.183600013418889e-06,0.0,4.565831068733007e-06,3.8120069353817306e-06,0.6578945012035005,0.6906466558394816,0.0502294906953511,0.00012965419288541214
2017-01-03,0.0005454919191457467,5.401811897863748e-06,4.626695732306463e-06,0.0,3.5040138749713824e-06,4.013535685672856e-06,0.2929903722898756,0.7241718848270247,0.04989788963398478,0.0005279458619549322
2017-01-04,-0.0005388122761662129,7.858207982944838e-06,1.0224334564783879e-05,0.0,4.183192955813382e-06,1.7940897267208616e-06,0.6788001979879801,0.2511107762682878,-0.050296297820816835,-0.0005628721013964758
2017-01-05,8.650404703496565e-05,2.5329962869047223e-06,1.9027415318749562e-06,0.0,1.1155361073530727e-06,1.7331294673486693e-06,0.1263030175830869,0.24126985056969047,-0.04989589994488592,7.921964364148423e-05
2017-01-06,0.00011539675440909005,6.428573885048872e-06,6.451699296098518e-06,0.0,3.572337676157268e-06,3.6082788104285354e-06,0.47413433697880897,0.5564343788150623,-0.04975646133693096,9.533586474135686e-05
2017-01-09,-0.00035387346825477577,5.0381170466954525e-06,4.377009643271169e-06,0.0,2.5480928976268325e-06,2.8847726137853274e-06,0.2871669111932311,0.4346549896398827,-0.04998680947605233,-0.00036872146045615456
2017-01-10,0.0007617015402036481,3.9941174566941895e-06,3.3758079423871933e-06,0.0,2.3162821663974864e-06,3.3057900853696025e-06,0.2822999633005645,0.5598800244192552,0.004507290077161885,0.0007487095425527996
2017-01-11,-0.00042646424307092243,6.730417695724888e-06,8.11109218198522e-06,0.0,3.840065643821616e-06,2.0220533712828934e-06,0.5266637154194802,0.3423229564620417,0.002617990086515528,-0.00044716787196373705
2017-01-12,0.00021531036975788894,3.2327926889659284e-06,2.3807033421463114e-06,0.0,1.8491420740962494e-06,1.5678636393955432e-06,0.1681484757666378,0.2763541292436969,0.012953037825245563,0.00020627986801328491
2017-01-13,-0.0002953639785362629,3.907950277122438e-06,5.213819883013581e-06,0.0,2.1327543406221484e-06,2.5050298362330916e-06,0.3437238915679707,0.3896271688197066,-0.031217843667452755,-0.00030912353287325416
2017-01-17,0.0011220217962496564,6.8955519736192165e-06,7.436638736071907e-06,0.0,3.594664746238351e-06,1.9939771326534655e-06,0.5414036835535638,0.38551370709180716,0.05052554880602533,0.0011021009636610734
2017-01-18,-0.0001874218583994605,3.4869141945048846e-06,2.8388448124630125e-06,0.0,1.6269817557488386e-06,1.674631785572869e-06,0.19244063320233745,0.3316782899698863,0.05034014999364427,-0.0001970492309477501
2017-01-19,-0.0010964536481536096,4.216491395581037e-06,4.113424036995781e-06,0.0,1.96481775454452e-06,2.3434708276423824e-06,0.2668392310292967,0.443491581473357,0.04978848242943662,-0.0011090918521683734
2017-01-20,-0.0005690112785172641,3.8070470707575532e-06,4.341788502523115e-06,0.0,1.6843651442508332e-06,2.0939753689285906e-06,0.24593885360970608,0.3345736176685459,-0.017214244311457322,-0.0005809384546037242
2017-01-23,0.00011999620056665888,2.6589666768963185e-06,1.6243635096704022e-06,0.0,9.618996608808026e-07,1.497540947092144e-06,0.15468288122222829,0.2859661007618216,0.03437922165034151,0.00011325342977211921
2017-01-24,-0.0002390523737647001,4.946695780751507e-06,5.714709256459107e-06,0.0,2.151557242400367e-06,1.928015138283713e-06,0.352085279068847,0.27627339739764667,-0.04763314583401702,-0.0002537933511825948
2017-01-25,-0.000273313887323763,4.05202618031205e-06,3.1452159358212085e-06,0.0,1.5345608116385268e-06,2.508295267285378e-06,0.21001780266122932,0.37183140430509587,-0.04956220059884757,-0.00028455398551882014
2017-01-26,0.0009620242390812795,4.070060094336367e-06,2.6617606856789135e-06,0.0,1.999240480646089e-06,2.2706081007957236e-06,0.16885391987796208,0.3315714658834213,-0.04989069505026021,0.0009510225697198225
2017-01-27,-5.8458859730385734e-05,6.111439184459043e-06,6.71208025046723e-06,0.0,2.6615345779914887e-06,2.199438592613107e-06,0.42919672335616466,0.3198249421177044,-0.04968074144129743,-7.61433523359166e-05
2017-01-30,0.00046055152013389306,5.692309166637476e-06,6.5683453264263334e-06,0.0,3.41457658663528e-06,3.596088124704069e-06,0.5157340771388171,0.6547338856693111,0.05059108071902718,0.0004412802009294899
2017-01-31,0.0004708094610016098,3.930495278078912e-06,3.444328320828077e-06,0.0,2.5171264322093452e-06,3.3111912456861853e-06,0.22934567461416253,0.6064668853694608,0.05018675609418194,0.0004576063197248073
2017-02-01,0.0010190467706882567,6.436211736022774e-06,4.872200700878339e-06,0.0,2.5759543056639583e-06,2.449136760928345e-06,0.3420333339564955,0.461977895845036,0.050522920009074185,0.0010027132671847634
2017-02-02,-0.0006035636349060689,4.576339382279796e-06,3.875939082565101e-06,0.0,2.254600862657062e-06,2.181655887601029e-06,0.2698113197724327,0.4166306675991015,0.05011247848212855,-0.0006164521701211719
2017-02-03,0.00023626275289986628,5.269420291594224e-06,4.662747226699479e-06,0.0,2.4694621424353876e-06,1.4209991756468309e-06,0.3339976583690475,0.2893545126232921,0.050626651114624596,0.00022244012406349035
2017-02-06,0.00038609017333674373,2.5627410918089594e-06,2.0813624683436352e-06,0.0,1.5156620336407912e-06,1.2128752249792592e-06,0.13345579176211878,0.25460880638797134,0.050845768591456154,0.0003787175325179711
2017-02-07,0.0005528948900440322,3.5245389123577046e-06,3.8430123593143694e-06,0.0,3.2302507099195365e-06,2.031282149003552e-06,0.20235585728341074,0.3213992134527838,-0.019856187579812917,0.0005402658059134371
2017-02-08,-1.1732521535733674e-05,4.55528691474691e-06,3.0131426287908535e-06,0.0,3.4479406836924024e-06,2.3116937070943366e-06,0.24339593543693858,0.42194963889306436,0.03358509610121561,-2.5060585470058177e-05
2017-02-09,0.0007341551629949625,7.64377127040666e-06,8.460319049239519e-06,0.0,3.5619987562785596e-06,3.877451958768399e-06,0.5214647207236834,0.6027512269927399,-0.04866070208035078,0.0007106116219602693
2017-02-10,0.001089108447137553,3.968807266122221e-06,2.8298043514374876e-06,0.0,1.7350434507968386e-06,3.5668907578198224e-06,0.1832545976578759,0.5512715406777591,-0.047966106635971034,0.0010770079013113767
2017-02-13,-0.0008073325402762783,3.4021848361628906e-06,2.8891426930040346e-06,0.0,1.4905760034848686e-06,4.096617695530319e-06,0.20378199630577365,0.640336111141134,-0.047895661707959336,-0.0008192110615044604
2017-02-14,-0.0005708905363700718,2.907647547853165e-06,2.843186091373569e-06,0.0,1.0539646091526254e-06,3.429953881451687e-06,0.18175118460656842,0.5276932308772626,-0.04853902120662104,-0.0005811252884999029
2017-02-15,4.436107648133922e-05,3.9454860452589725e-06,2.191751744325405e-06,0.0,1.683127530014547e-06,3.569699911719867e-06,0.14880058723310924,0.5510221422412273,-0.04868744292771032,3.2971011250020426e-05
2017-02-16,-0.0003386605816670299,3.5412082246767296e-06,3.1356401806749634e-06,0.0,1.4642780253333358e-06,3.090238180581423e-06,0.19944372891672132,0.4695857738770421,-0.04957424046063691,-0.00034989194627829635
2017-02-17,0.0001185794361795912,4.80764789504023e-06,5.375569190084387e-06,0.0,1.8508458134372805e-06,2.132088080621085e-06,0.35186165037822603,0.30804526248702885,-0.050145535057313596,0.00010441328520040822
2017-02-21,0.00010316921022510878,4.04516514022574e-06,3.837589316283051e-06,0.0,2.0966722718691105e-06,2.7882190884911466e-06,0.26939673067536085,0.4184004067026478,-0.050020400163865025,9.040156440823973e-05
2017-02-22,7.68508738855769e-05,3.2939638779962178e-06,2.5255766893757756e-06,0.0,1.7431444988764328e-06,2.766594446841884e-06,0.16579340099128823,0.4146921908443522,-0.05009567622508436,6.652159437248658e-05
2017-02-23,-0.001125541311095017,3.2234690976513405e-06,2.543986311771478e-06,0.0,1.7154634746929767e-06,2.693126188302549e-06,0.16644011105449874,0.40240128848995077,-0.050043911144877426,-0.0011357173561674355
2017-02-24,0.00012834599956374054,8.110385716831923e-06,8.663170666769465e-06,0.0,3.4909028595577545e-06,2.801034815277622e-06,0.6344127716572212,0.5207729326987959,0.050199083732155786,0.00010528050550530378
2017-02-27,0.0008663663497859999,6.145273497893038e-06,8.176653502140656e-06,0.0,3.0438679546312125e-06,2.030995466856187e-06,0.5128129035500915,0.29144203453009726,-0.04976520390174209,0.0008469695593644788
2017-02-28,0.0003312941238896281,7.106791095132038e-06,6.497333997806327e-06,0.0,3.0283460047256153e-06,2.7210608264094494e-06,0.3918811247949676,0.4078346189893774,-0.049303599847410284,0.00031194059196555467
2017-03-01,0.00038518672590971047,9.515044197668511e-06,8.683633838580519e-06,0.0,5.135227326054442e-06,3.6795998561678635e-06,0.6344981493696832,0.5683303691266139,-0.04984240670958662,0.00035817322069123914
2017-03-02,0.0011004750116958416,7.680584790303971e-06,7.467341975564176e-06,0.0,3.7773626570309476e-06,1.8047643429051908e-06,0.5629361034879683,0.3537381101912275,0.05053770058315548,0.0010797449579300373
2017-03-03,0.00010096035477718587,5.371928018382519e-06,4.586365678879845e-06,0.0,2.39933736187768e-06,1.668003980785193e-06,0.2765203758175369,0.28570618504603257,0.005481516274120052,8.693471973726064e-05
2017-03-06,-0.00015890070832203548,3.678672836414026e-06,2.4587479044201575e-06,0.0,2.005774290358824e-06,8.984141619884777e-07,0.198905351287155,0.20111317728603484,0.050179598071970664,-0.00016794231751521697
2017-03-07,-0.00020178100922566523,4.8564967707367416e-06,5.997113945561311e-06,0.0,2.480136483167579e-06,2.5311287342540015e-06,0.40046158738719134,0.47510441065467857,0.04987478330000647,-0.00021764588515938487
2017-03-08,5.724520827117509e-05,5.231113981760039e-06,4.19027689911618e-06,0.0,2.168203672965364e-06,2.817641288113926e-06,0.2614447865403936,0.5237760319244257,0.05041229552128654,4.283797242921958e-05
2017-03-09,1.1055047485354473e-05,3.0403290387595243e-06,2.5536022709922254e-06,0.0,1.2091247284176697e-06,2.3639047513444365e-06,0.17912927428753733,0.4472643998354716,0.05012840160960613,1.888086695840617e-06
2017-03-10,2.8504750315309883e-05,3.7706310481948793e-06,2.749702132462218e-06,0.0,1.5831483120208716e-06,2.587629721451148e-06,0.1711796574596101,0.484951752814122,0.05022995961032917,1.7813639101180767e-05
2017-03-13,-3.7139624386095505e-05,4.38712666897046e-06,3.590874852080145e-06,0.0,1.8767409594130897e-06,1.836787483889646e-06,0.24967739612559728,0.35854756903850915,0.04996727174504845,-4.8831154350448845e-05
2017-03-14,-7.240015359889329e-05,4.172238469040368e-06,3.189957808568142e-06,0.0,2.117389460322768e-06,2.0667349840816175e-06,0.21634781469661735,0.39782718927067034,0.05061571194495839,-8.394647432090619e-05
2017-03-15,0.0004173362713829798,7.61486440482488e-06,7.1080061505060175e-06,0.0,4.3582048661196075e-06,2.770937826731993e-06,0.5196249779438321,0.5156863622111187,0.0501688073201436,0.0003954842581347973
2017-03-16,0.0001819992567420128,8.019646131629412e-06,7.568425210904458e-06,0.0,3.5109913320505952e-06,1.9069959344918754e-06,0.48051915700536346,0.3708824698793378,0.05050715288470286,0.00016099319813293647
2017-03-17,-0.00035057915510353934,1.0001425844204984e-05,5.996119793249057e-06,0.0,3.990446942703313e-06,2.4139978445880466e-06,0.41621362470851553,0.44772370983571114,0.04217207194491931,-0.0003729811455282847
2017-03-20,0.0002760320880896812,9.41907139181883e-06,5.6527558137234365e-06,0.0,3.5127000253956205e-06,1.758773260977868e-06,0.30579739643432313,0.34624702327752527,0.05077311543324335,0.00025568878759776544
2017-03-21,-0.001279296551903677,5.9067599861696194e-06,5.214570071573421e-06,0.0,2.461250380365637e-06,2.4709927931892248e-06,0.3393667036698702,0.46518279167998794,0.05005600242419807,-0.0012953501251349749
2017-03-22,-0.00032844351055048116,5.754040536692169e-06,5.661873070392039e-06,0.0,4.528169384426069e-06,3.1539747606538244e-06,0.37185081002766335,0.5796926246109656,0.049824864821122694,-0.00034754156830264527
2017-03-23,-0.00026477634020879043,6.927635724151308e-06,7.108982125964294e-06,0.0,3.9924483006535964e-06,4.334423936899091e-06,0.4608935669566392,0.7781467084865576,0.04996348708751097,-0.0002871398302964587
2017-03-24,-0.000858588143107345,1.08280741032215e-05,1.2789141402468174e-05,0.0,5.970595325678038e-06,3.4143184918497197e-06,0.9515045280216539,0.6231634403869268,0.049557933756174344,-0.0008915902724305624
2017-03-27,-0.0007860846930261646,7.821107493888851e-06,8.521096929656998e-06,0.0,4.22823811466826e-06,2.4374200040566304e-06,0.5557796405695117,0.459043503330621,0.049556942649107275,-0.0008090925555684353
2017-03-28,0.0008484625456868062,7.239165182341745e-06,8.957681077104437e-06,0.0,3.52997205577802e-06,3.2633049170290444e-06,0.5967921351679306,0.5269120923628101,-0.02132313369806929,0.000825472422454553
2017-03-29,-0.0002387259851302676,2.9634104812395795e-06,3.3132670113023984e-06,0.0,1.5747687034696324e-06,3.1313014656926575e-06,0.19955233093792737,0.47610663166547773,-0.049952014570889006,-0.00024970873279197187
2017-03-30,-0.00023488349476940808,2.5647159223741913e-06,2.4599192415358595e-06,0.0,1.3868913845512563e-06,3.0935681088515246e-06,0.17166214083655051,0.4703117153289065,-0.049407726958149684,-0.0002443885894267209
2017-03-31,0.0009854242043338002,9.784646954602608e-06,1.1789678372842622e-05,0.0,5.386605028967705e-06,7.343941174268667e-06,0.8695109769164782,1.1843742350330269,-0.049407882244109524,0.0009511193328031187
2017-04-03,-9.969071098007026e-05,9.433181501054194e-06,1.0740997281483917e-05,0.0,4.939094443496541e-06,4.908552212641189e-06,0.7189919609397142,0.7745479380620843,-0.05008883366163508,-0.0001297125364187461
2017-04-04,0.0019346048692344031,7.97795755660745e-06,9.312006187355629e-06,0.0,3.971076497456991e-06,2.859969461530936e-06,0.6033040909978202,0.43078720129062814,-0.04968766824656902,0.001910483859531452
2017-04-05,-0.00019832050506500163,7.966571871720093e-06,6.101353964482474e-06,0.0,3.732976945383228e-06,2.945125141259403e-06,0.4611158691364262,0.5451701912723774,0.05038916754079806,-0.00021906653298784683
2017-04-06,0.0003586945377676877,6.625516310122388e-06,6.690886674182479e-06,0.0,3.149704196898491e-06,3.0243323949054663e-06,0.36231855944414065,0.45835149839911193,-0.0497363439450061,0.00033920409819157885
2017-04-07,-3.175768435366909e-05,4.6887328577516144e-06,3.7143712362958748e-06,0.0,2.1410575384262478e-06,2.7560468128901337e-06,0.32813373950483854,0.5133782928302242,0.05036242826468146,-4.5057892799032965e-05
2017-04-10,-0.0003579514047468021,1.046495377540941e-05,8.34081751923069e-06,0.0,4.52975017323902e-06,2.5468532832889083e-06,0.5249805551790185,0.3778726401768915,-0.04999871141564492,-0.00038383377949797017
2017-04-11,0.00021303853469270626,1.3127377920115898e-05,1.4241621593109017e-05,0.0,6.1962543004356995e-06,5.208579067184809e-06,0.9848402060473354,0.925224330680624,0.050183047393576485,0.00017426470181186083
2017-04-12,0.00048261067857616365,6.043401056499216e-06,5.537528932515734e-06,0.0,2.9893260661108023e-06,5.817506482699368e-06,0.3583845043443358,1.0284709402718484,0.051129851178354,0.00046222291603833853
2017-04-13,-0.0005664555921291326,6.037404015189272e-06,5.524803592988375e-06,0.0,2.6373262114343835e-06,3.949139348573025e-06,0.38914886421534384,0.7152787837914288,0.0518233732311606,-0.0005846042652973177
2017-04-17,0.0010616691857747813,4.179475030878847e-06,4.225855577468095e-06,0.0,2.1403053032059335e-06,4.543535377307175e-06,0.2795563132198047,0.8137395803151348,0.050425636927529494,0.0010465800144859212
2017-04-18,0.0002511369773194704,5.427202839151859e-06,5.051757491393927e-06,0.0,1.912005258756586e-06,2.9318360503273987e-06,0.3696701286469788,0.5436529959373064,0.05110453948230337,0.00023581417567984065
2017-04-19,-0.0001108816950725292,5.475869930825648e-06,4.564918857115319e-06,0.0,2.2463897582091046e-06,3.460096949194086e-06,0.2847249099913789,0.6322846603329693,0.05098837286836275,-0.00012662897056787335
2017-04-20,0.0007332696099716046,5.700920864237803e-06,5.966953671459759e-06,0.0,2.306562378035567e-06,2.3165134582622e-06,0.4268030958997836,0.4385458183628502,0.04937155737480099,0.0007169786595996093
2017-04-21,-0.0008712724624738131,5.503442365378415e-06,4.4285850186275615e-06,0.0,2.046109440506647e-06,1.695894281408232e-06,0.3209226231115896,0.33459255193681164,0.04968231266022883,-0.000884946493579734
2017-04-24,0.0009079890543358335,5.0333347623531884e-06,5.702907007748027e-06,0.0,2.210110660429157e-06,2.69576588582158e-06,0.37958715457926606,0.4640531064946477,0.011164437676622424,0.0008923469360194816
2017-04-25,-8.168121687176255e-05,4.215956874049997e-06,4.733211948511617e-06,0.0,1.9560661119677667e-06,3.889322510452518e-06,0.2709395552177538,0.6039671982323668,-0.04943898352365625,-9.647577431674446e-05
2017-04-26,-0.0004763300525342722,7.016042664271474e-06,6.380881375673989e-06,0.0,3.3935761481390043e-06,5.397904465334762e-06,0.4538920879638013,0.8569468635424285,-0.04990108663381143,-0.0004985184571876914
2017-04-27,-0.0012043950837910924,4.525920331315665e-06,4.843804911337611e-06,0.0,2.4391971258118234e-06,4.231618621908952e-06,0.31988569679638695,0.6611718166876039,-0.04974011179310006,-0.0012204356247814663
2017-04-28,-0.00167424283888536,7.796988572618896e-06,8.981637857150358e-06,0.0,3.314383458621862e-06,2.629715369798408e-06,0.5857501187613534,0.39228895235246686,-0.04950322977366549,-0.0016969655641435495
2017-05-01,0.00046291500526001383,7.82188460079405e-06,6.6517865045847345e-06,0.0,3.2687769481173375e-06,4.04920626604992e-06,0.5102519606346732,0.6747172800626705,-0.0055493726337160765,0.0004411233509404678
2017-05-02,0.0008444304498527976,9.775394481189082e-06,1.19799869587351e-05,0.0,4.705417639949433e-06,3.7457414610533783e-06,0.8150336544206842,0.6537709393370992,0.02448637388013203,0.0008142239093118706
2017-05-03,-0.00045071821111607906,6.224162937423769e-06,6.785495680246906e-06,0.0,3.0501807637395756e-06,2.40803755413732e-06,0.4550987401351856,0.3911959385253917,-0.013354370569677969,-0.0004691860880516266
2017-05-04,4.8845786148908156e-05,9.22498659861498e-06,6.232679646900215e-06,0.0,3.452642504243099e-06,2.6791141280980944e-06,0.319924012111377,0.4000524174802548,-0.05003875604022509,2.7256363271051764e-05
2017-05-05,0.00019318593382586317,7.908313257602239e-06,5.900299606651036e-06,0.0,3.286012865869071e-06,3.10838192094987e-06,0.3828681178959747,0.47233665972228145,-0.04987150299729699,0.00017298292617479096
2017-05-08,0.00030900443823232037,5.976680516377208e-06,2.965936850206752e-06,0.0,2.1464568580733333e-06,2.5925083992712414e-06,0.20235183147659702,0.38545068749060885,-0.050090723586959415,0.00029532285560839185
2017-05-09,0.0003756441079630419,6.08875669078056e-06,6.683788639003199e-06,0.0,2.9496831481844657e-06,4.0914133941863045e-06,0.45302824532686325,0.6540719838608905,-0.03328546636240881,0.00035583046609088736
2017-05-10,-0.0007949189062276978,5.101843413813393e-06,2.867652026215881e-06,0.0,2.427620589113161e-06,3.4286579086625798e-06,0.25017986921110225,0.6256991861976069,0.04968465754229365,-0.0008087446801655028
2017-05-11,0.00021240434332193067,4.28011291721801e-06,3.4859534305100223e-06,0.0,1.8957175077664898e-06,3.0907844550731376e-06,0.23301810199946343,0.569499943738329,0.05024815528604193,0.00019965177501136302
2017-05-12,-8.200260117544813e-05,3.359206742727087e-06,2.7228595499593757e-06,0.0,1.706253746563099e-06,2.8854281356123917e-06,0.18242689109726348,0.5351074190464072,0.05035549226352584,-9.267634935031008e-05
2017-05-15,0.00017259282476621835,5.0568927467356765e-06,4.939691020887789e-06,0.0,2.7772007324025803e-06,3.6687428138465454e-06,0.3254758615986477,0.6664745320175276,0.05012573929130787,0.00015615029745234577
2017-05-16,-0.0009510481464343748,7.585932810175557e-06,6.633136907026033e-06,0.0,3.895575939910059e-06,2.966888066118781e-06,0.4719274702003979,0.5429372544643833,0.0445000593564282,-0.0009721296801576053
2017-05-17,0.0014560762758357012,1.5653821707063975e-05,1.3141044187376521e-05,0.0,7.734411276296257e-06,5.519191001099442e-06,0.9601764604171258,0.9790657340691882,0.05184164588448198,0.001414027807663865
2017-05-18,-0.0012384664027048384,9.48476893226567e-06,5.43515167711328e-06,0.0,3.853977193159913e-06,5.2613686451203835e-06,0.2956541647620806,0.935019332041535,0.05110939966131056,-0.0012625016691524976
2017-05-19,-0.0012868293008819233,7.027898019436278e-06,6.54931360880142e-06,0.0,3.364892073141048e-06,4.9827793583251995e-06,0.3433240145730222,0.7892550233512275,-0.047851908847405866,-0.0013087541839416272
2017-05-22,-0.0008802635682026966,6.0244449037619114e-06,5.196305445597475e-06,0.0,3.344765048455641e-06,4.681727436995064e-06,0.349956104465567,0.7381982679044868,-0.04833194151068387,-0.0008995108110375068
2017-05-23,-0.0007316252310770827,3.544454506092575e-06,3.4239492829888625e-06,0.0,1.8642251994504533e-06,3.9781772960099155e-06,0.22433670324310429,0.6186631081391738,-0.04967067759049215,-0.0007444360373616244
2017-05-24,-0.0005651882184148849,5.912626688331952e-06,2.8186763255091136e-06,0.0,2.2098066129655365e-06,3.7866957665642796e-06,0.18609686083797733,0.5866722004168653,-0.04949268836593371,-0.0005799160238082558
2017-05-25,0.00034258748842568487,5.06972349839661e-06,3.389396988091536e-06,0.0,2.576249692251795e-06,4.0720399739429325e-06,0.2206720574717254,0.6356292567020531,-0.04847345892035937,0.000327480078273002
2017-05-26,0.00044227690041598745,6.400459835586873e-06,4.232823672467555e-06,0.0,2.7221696711731193e-06,3.4248099412009664e-06,0.24885675571607652,0.5268750070168833,-0.04849306310487869,0.0004254966372955589
2017-05-30,-0.00014361578262389393,7.818194428343126e-06,5.178077884143205e-06,0.0,4.170613189802263e-06,4.07112970693834e-06,0.3272093769047225,0.6349025229807501,-0.049047267784891074,-0.00016485379783312087
2017-05-31,-0.00012603826333854599,8.620822798753134e-06,7.777067484635244e-06,0.0,5.4948579387495956e-06,4.127220362454349e-06,0.5060983644483991,0.6437340304548127,-0.04963899043751781,-0.0001520582319231383
2017-06-01,-0.0012336205179335356,9.827955222652551e-06,8.770839406978044e-06,0.0,4.882808717678573e-06,2.8487755165242734e-06,0.5615899449868078,0.4287895535842344,-0.04980473319184363,-0.0012599508967973691
2017-06-02,8.483470889349846e-05,8.836858760701742e-06,6.873287196245775e-06,0.0,3.960270247555957e-06,3.4839327781352817e-06,0.4801465275607296,0.5349456748403806,-0.05035503188634667,6.16803599108597e-05
2017-06-05,-0.0005936507404772575,8.747869557445229e-06,8.848759907559081e-06,0.0,4.762036355386231e-06,5.721924123064328e-06,0.6324600856224312,0.9110221296080185,-0.05026112306678876,-0.0006217313304207123
2017-06-06,-0.00020688643458375642,7.022479379650689e-06,5.691141924457527e-06,0.0,2.997310273434775e-06,4.8778130668105265e-06,0.3583706453299286,0.768985104059585,-0.050487491164583675,-0.00022747517922810993
2017-06-07,-0.0005921801161871311,9.668028346736313e-06,6.452245548426583e-06,0.0,4.418796439230766e-06,4.919984885665449e-06,0.3737129966507714,0.7763854811745431,-0.05017197961725184,-0.0006176391714071902
2017-06-08,0.0007472437749215502,1.0845549068058449e-05,1.0346937286435416e-05,0.0,5.001617719089383e-06,3.2756843224042375e-06,0.7718217219182868,0.6001862784113543,0.04987131224744272,0.0007177739865255627
2017-06-09,0.0030881091055763726,1.1062297759837129e-05,1.3223534858346983e-05,0.0,6.983029958639675e-06,6.539370203143513e-06,0.8765782606769639,1.1500722897151914,0.05145809558708092,0.003050300872796405
2017-06-12,-0.00011823527812239412,6.934379678576924e-06,6.30789294724577e-06,0.0,3.930822128257321e-06,6.664118203264159e-06,0.4067729112460298,1.17065839380795,0.051086535659571386,-0.0001420724910797383
2017-06-13,0.0006281425907810905,7.865074808078807e-06,9.874064492706352e-06,0.0,5.075029568493363e-06,4.031976633025512e-06,0.6731830987464922,0.6819553008204098,0.004583226472123725,0.0006012964452787865
2017-06-14,0.0005988636875756688,5.4814015580842735e-06,4.207435323476799e-06,0.0,2.9570291674467043e-06,3.917264419926419e-06,0.31415022064434106,0.7074777401866833,0.04937731763904463,0.0005823005571067346
2017-06-15,-0.00036240609450571625,6.906106298492878e-06,5.850350609992743e-06,0.0,3.869509079860928e-06,4.5550945837242515e-06,0.38972104044417155,0.8163551500237021,0.0510992599580275,-0.00038358715507778705
2017-06-16,-0.00031146886932804436,9.409522087236642e-06,8.717570770762766e-06,0.0,5.4615684639144195e-06,6.348123647203095e-06,0.5831761071070332,1.116942087986152,0.0504573152560312,-0.0003414056542971613
2017-06-19,0.0016682100009250945,7.619972190086059e-06,6.620305793452444e-06,0.0,4.3517354054542305e-06,5.6111731618911575e-06,0.4538762059687913,0.9919306045434679,0.049253513345754396,0.0016440068143742106
2017-06-20,0.0010041619595973943,7.025034428526594e-06,6.867063115950547e-06,0.0,3.1986723267249854e-06,3.862823857929513e-06,0.47952867389316794,0.6998386528629728,0.05088424473081432,0.0009832083658682627
2017-06-21,0.0015702712538088373,5.644764350692245e-06,5.466437742395402e-06,0.0,4.115561319301372e-06,4.091133515880261e-06,0.36319625886849877,0.7376993950420504,0.050388964374166983,0.001550953356880568
2017-06-22,0.00014416734832404954,4.998255303146866e-06,4.6033319297913114e-06,0.0,2.418202819154152e-06,3.656795031681264e-06,0.3046522096151416,0.6650035134922027,0.05066194816975075,0.00012849076324027595
2017-06-23,-0.0010518146257112334,1.1065381009583116e-05,7.932857541336086e-06,0.0,7.114307875484887e-06,5.1234802113398835e-06,0.510974184972002,0.9100051606543537,0.04926048514925327,-0.0010830506523489773
2017-06-26,0.0003403881712339191,9.392602234375615e-06,1.0939229770718336e-05,0.0,5.343327927927162e-06,3.0321262435807526e-06,0.8094602751559347,0.559673189694282,0.050275980772715376,0.0003116808850573172
2017-06-27,-0.0007463182995550435,1.002208471142563e-05,1.1065466060929021e-05,0.0,5.790238079606053e-06,5.60033929386489e-06,0.7976862529467978,0.991044920602083,0.050187919232781875,-0.0007787964277008691
2017-06-28,-0.0008911659380998976,5.854848113411124e-06,6.491786180329018e-06,0.0,3.306476712188948e-06,4.563653030252162e-06,0.40722098623163905,0.7764696616473269,0.009775952564963553,-0.0009113827021360788
2017-06-29,-0.000979351281385628,8.933269864764298e-06,7.753761829367518e-06,0.0,3.947147552854306e-06,2.4841729948132244e-06,0.5203494836333405,0.4673152805739408,0.049974217445319255,-0.0010024696336274272
2017-06-30,0.0001370454760926014,1.1915144879014103e-05,1.4667023365668245e-05,0.0,6.168147975101085e-06,7.330630638591101e-06,0.9966446741682309,1.18167282783403,-0.04987311944927442,9.696452923422687e-05
2017-07-05,0.0001186442817437868,5.559990685031217e-06,6.061896141034126e-06,0.0,2.708273610585292e-06,5.788462009382118e-06,0.3990429305085423,0.9235754673377514,-0.04888615023844434,9.852565929775406e-05
2017-07-06,0.0007621613913289328,7.349678545151369e-06,7.792291835829466e-06,0.0,3.2398959986436474e-06,4.28854892070055e-06,0.49212392746418654,0.6697104587300464,-0.050765759947645955,0.0007394909760286077
2017-07-07,-0.00010095288499131891,6.268856754470139e-06,4.532731181701211e-06,0.0,3.4715132060857968e-06,4.23068337057746e-06,0.2920444411107307,0.661873465227802,-0.048881341029211434,-0.00011945666950415352
2017-07-10,-0.000978561818542302,9.449698811639115e-06,8.556772288602874e-06,0.0,4.898738720602474e-06,6.5254520140254265e-06,0.6182202766587555,1.0469788727681064,-0.04929706558816532,-0.001007992480377172
2017-07-11,-0.00033141613451631244,5.824293534158124e-06,5.363775713941587e-06,0.0,3.4020300621979683e-06,5.966070081675038e-06,0.3494943921722618,0.9530516530302742,-0.049248120691132435,-0.00035197230390828513
2017-07-12,0.0010515785026151987,5.188496808000659e-06,4.104109507761848e-06,0.0,2.9048930448193486e-06,5.734342892438006e-06,0.26737785148256976,0.9154000175576902,-0.047969588371894356,0.0010336466603621788
2017-07-13,-0.0008721746408519388,9.462616814427844e-06,3.923224173999034e-06,0.0,4.287505104488757e-06,5.518197437142346e-06,0.26191687220924686,0.87793324650601,-0.049123922933903885,-0.0008953661843819967
2017-07-14,-0.00017183723732389132,7.419113257463507e-06,5.194780321517701e-06,0.0,3.2230134742452316e-06,5.7752294476883e-06,0.33651336446685653,0.9208890427019267,-0.0493495045097076,-0.00019344937382480607
2017-07-17,-0.00017455187504525406,7.286201991889405e-06,4.791003860657447e-06,0.0,2.2193198784570623e-06,4.892036863159284e-06,0.26728933708394587,0.7719363832855137,-0.049925809725246184,-0.00019374043763941724
2017-07-18,-0.0012846987223495785,4.365780546052165e-06,4.15389774951891e-06,0.0,1.9308307882977546e-06,4.318081829934877e-06,0.2741577730826376,0.6751519911772004,-0.050285756251859104,-0.0012994673132633821
2017-07-19,-0.0004941812538683195,5.319792176144811e-06,4.445523291903953e-06,0.0,2.4358534238669255e-06,4.1127589781738085e-06,0.2850620716591434,0.6403855914626321,-0.05055791687056743,-0.000510495181738409
2017-07-20,-0.0005839528990395894,9.260339996668878e-06,7.983739300793788e-06,0.0,5.962079580228235e-06,5.950681818737419e-06,0.5438528122017265,0.9494770908577823,-0.05023745469010438,-0.0006131097397360177
2017-07-21,6.826503400376078e-05,8.250205882854578e-06,1.030842051481242e-05,0.0,5.269875055832264e-06,4.615097647556785e-06,0.6840111620108453,0.7257788549686133,-0.04955754982092664,3.9821434902704734e-05
2017-07-24,0.00044452436567589664,9.127529096950611e-06,7.401296694572107e-06,0.0,5.083509063112411e-06,5.051955795769247e-06,0.500933225595572,0.7989330957959463,-0.049795477893287005,0.00041786007502549226
2017-07-25,-8.071310296857932e-06,1.0042206879673697e-05,8.2087207007651e-06,0.0,7.768247259540666e-06,4.552859592142652e-06,0.5304898491010615,0.7141555008429427,-0.05072491063702249,-3.864334472898005e-05
2017-07-26,-0.0001501645920211966,8.414634800073451e-06,6.284930937822983e-06,0.0,5.871672546576338e-06,4.154355908878523e-06,0.40913851645549587,0.6468286534923084,-0.05110313919928337,-0.00017489018621454788
2017-07-27,0.0016343578688848778,1.1032401860193904e-05,7.2339820638544355e-06,0.0,5.824201949923559e-06,3.714382148089267e-06,0.47968866737707194,0.5745763519859494,-0.04943984889304755,0.0016065529008628167
2017-07-28,0.00035767492408248023,1.3786194158091915e-05,8.231560279657526e-06,0.0,7.535729227852535e-06,4.052564925957022e-06,0.4583940366826022,0.6324473224604898,-0.048383585100289714,0.00032406887549092124
2017-07-31,0.0003096771528550264,1.49221167145019e-05,1.3955544287504684e-05,0.0,1.197615680249325e-05,6.359168908971684e-06,1.0788301567002128,1.1195947022566826,0.05125432554943993,0.00026246416614155485
2017-08-01,0.00020000505046513463,9.953977739730153e-06,1.0524929221427727e-05,0.0,9.016591455068598e-06,5.665401903287989e-06,0.7179829508342002,1.0021335520232593,0.05034603227087753,0.00016484415014562015
2017-08-02,-0.0008745643810014097,8.70884283573542e-06,1.1057763083638476e-05,0.0,7.305094999440557e-06,5.0094983851085e-06,0.6672842116131418,0.7913472144111249,-0.0502485142871032,-0.0009066455803053326
2017-08-03,-0.0006198438566988731,1.0360111333325628e-05,1.150370821730845e-05,0.0,8.162513924610212e-06,5.0522061539257175e-06,0.8544615146180181,0.8987333019051553,0.04996266804563468,-0.0006549223963280431
2017-08-04,0.0005770733064946067,9.046431105209092e-06,9.29651768879648e-06,0.0,5.79478537551094e-06,5.670968221341529e-06,0.6033146453155682,1.0031517710834734,0.05042910989809668,0.0005472646041037487
2017-08-07,0.0014756524529510925,7.24994728805695e-06,7.807931429807376e-06,0.0,4.7843015968557e-06,4.493750654960927e-06,0.5276326866686165,0.7732178327856936,0.018267722752257937,0.0014513165219814115
2017-08-08,-0.00048279686949459743,9.363507425898966e-06,7.208775190795303e-06,0.0,7.222391475884705e-06,4.580469910029853e-06,0.43576205054174366,0.7551111826405279,-0.014407762244488032,-0.0005111720134972062
2017-08-09,0.0009616624745357075,1.1443047210547782e-05,9.938304608627017e-06,0.0,6.176902721087443e-06,5.9537913595048775e-06,0.5766401411348054,0.951798902102198,-0.04843804629462167,0.0009281504286359403
2017-08-10,0.0022164929957256374,8.71109825329879e-06,6.210758866614419e-06,0.0,4.958766987416537e-06,3.4362305429867204e-06,0.522906934445262,0.6312652785391513,0.05397854731738225,0.002193176141075321
2017-08-11,-0.0005290884635723244,7.420474616416251e-06,5.138062144661884e-06,0.0,4.294377277036106e-06,3.366165244763781e-06,0.30936593975999194,0.6161555066194593,0.05063974549914396,-0.0005493075428552025
2017-08-14,0.0009095364032247965,8.640891538005378e-06,5.1619313580494075e-06,0.0,3.863196969267369e-06,2.543901411682368e-06,0.3476018156248116,0.477755112426131,0.050379675263493136,0.000889326481947792
2017-08-15,-0.00024233153069597816,1.646986312527797e-05,1.5719302237790015e-05,0.0,8.519567696802015e-06,6.06320193766622e-06,1.0743416818409823,0.9690565598696022,-0.04956136565832314,-0.0002891034656935144
2017-08-16,0.0009035227033526753,4.960887566860185e-06,4.887375828915011e-06,0.0,2.5255712176591467e-06,5.0451355727561404e-06,0.3191190315273138,0.7979462211197772,-0.04963655510325454,0.0008861037331664848
2017-08-17,0.0010151769693997968,1.0706220151310509e-05,5.940692173510547e-06,0.0,6.3091423939327385e-06,5.225069339806609e-06,0.46123382424227405,0.9272653650096065,0.04945371592209613,0.0009869958453412363
2017-08-18,-0.0011204122951680362,7.78553971316013e-06,5.8259738475284904e-06,0.0,3.8875120471264525e-06,4.4207413183149955e-06,0.36782949948426397,0.792153415214533,0.04946887373761394,-0.0011423320620941662
2017-08-21,-0.0002807644735369264,6.290672610823936e-06,6.176835824532262e-06,0.0,3.2731891138831225e-06,3.443330632697824e-06,0.3930565968815469,0.628133799657281,0.04965425336404641,-0.0002999485017188635
2017-08-22,0.0004110962147996465,6.207492575727282e-06,6.864531355945426e-06,0.0,3.9781684423854194e-06,4.943420491046875e-06,0.40927644441219246,0.7819541330525427,-0.04854050944333177,0.0003891026019345415
2017-08-23,0.0004965883105282027,1.457562484907264e-05,8.849761889583278e-06,0.0,7.484708773334431e-06,6.8768603048794914e-06,0.6038743199586043,1.1061859763156359,-0.049126554904118436,0.0004588013547113329
2017-08-24,-0.00014273963288447239,1.0031413844404288e-05,6.8209392937316284e-06,0.0,5.254181389604295e-06,6.042865282475669e-06,0.3771700140607465,0.9645896604558737,-0.050611707000038864,-0.00017088903269468826
2017-08-25,0.0004958294351001026,8.670518162596323e-06,7.400175702512564e-06,0.0,5.353973398806494e-06,7.152166897253213e-06,0.5048321116617432,1.1521428232569049,-0.04942121548163514,0.00046725260093893395
2017-08-28,-0.000596590151381845,7.061822217580938e-06,8.300229208008644e-06,0.0,3.8060835644238984e-06,5.1288493675861756e-06,0.5380765827910199,0.8119993477304548,-0.04964734602402282,-0.0006208871357394447
2017-08-29,-0.00037492158985776047,1.0527483972428556e-05,5.10862174152609e-06,0.0,5.616181843976436e-06,4.595297496906615e-06,0.34248555460810876,0.722116472598641,-0.04989350688167049,-0.00040076917491259817
2017-08-30,-0.000512288666592884,9.340668031672943e-06,8.878137993070557e-06,0.0,5.113621708537938e-06,3.226243156576607e-06,0.5510512419196323,0.4928838419005217,-0.0491250084043481,-0.0005388473374827421
2017-08-31,0.00013075089238476337,1.0011321034065267e-05,7.373776058665209e-06,0.0,4.745779329891837e-06,4.483883286768583e-06,0.5279565172946095,0.7039873607454682,-0.049305031431653795,0.00010413613267537247
2017-09-01,0.0010142047906001176,6.527256213794839e-06,5.297580755399019e-06,0.0,3.4111220179966312e-06,5.140792916875166e-06,0.33436507047725805,0.8151459574131413,-0.04850725262188649,0.000993828038696052
2017-09-05,-0.0003080526983842517,7.446736317560736e-06,6.4002069253828764e-06,0.0,3.0454531183647712e-06,3.802000180409262e-06,0.3823281529390488,0.5876407070076561,-0.05109532330109984,-0.0003287470949259693
2017-09-06,-0.00010988029826525115,5.890608869217672e-06,4.615102446936131e-06,0.0,3.883853179339783e-06,4.096107251517166e-06,0.30566065607905135,0.6380677766314494,-0.050078241623434466,-0.0001283659700122619
2017-09-07,-0.0012159886595748792,5.8854852160330245e-06,6.3896688249375354e-06,0.0,2.711027601353579e-06,3.132513776276488e-06,0.42152934927456326,0.47618847594435343,-0.0500738384700965,-0.0012341073549934798
2017-09-08,-0.0006275479934901464,5.636068896259839e-06,4.3918928626920725e-06,0.0,3.7264994780055534e-06,3.512093724860249e-06,0.29981087260322853,0.550167685014653,-0.03986406076186895,-0.0006448145484519641
2017-09-11,0.0012256372279517925,7.259478590388885e-06,6.11338233421059e-06,0.0,4.244546904437315e-06,3.2722545835951564e-06,0.3961444307082394,0.5001625018905599,-0.0495762681534264,0.0012047475655391606
2017-09-12,0.0003878529251128276,6.0855549586332e-06,4.580051856553143e-06,0.0,3.225110369025525e-06,2.8911862750940565e-06,0.2995634374061783,0.4363102331440658,-0.04940906107173579,0.0003710710216535217
2017-09-13,0.0005416569345099054,4.992700461218117e-06,3.7554420964076794e-06,0.0,2.128002620661241e-06,2.8943702310996224e-06,0.23117213352202187,0.43737759492272227,-0.048876603902014405,0.0005278864191005187
2017-09-14,-0.000726007378993267,8.433748007770272e-06,4.540267905004219e-06,0.0,3.1158465346215463e-06,2.6527113590849073e-06,0.29334313006610924,0.3960751562164627,-0.049580352109801204,-0.0007447499527997479
2017-09-15,0.0003470518551878859,9.60148808837816e-06,7.90423069463232e-06,0.0,5.80133138528857e-06,3.699491819196293e-06,0.5032252449612373,0.571855055560607,-0.04965957006437011,0.00032004531320039057
2017-09-18,0.00041900514895434985,9.503264254006947e-06,9.096218177824488e-06,0.0,4.8829275996734405e-06,4.753434661027598e-06,0.6578710909439165,0.7491796533057968,-0.049397369746840114,0.00039076930426181736
2017-09-19,3.192296927320856e-05,7.399369019677593e-06,7.163896104808274e-06,0.0,5.798946539549303e-06,5.429265994771523e-06,0.49522330441080664,0.8630395110776379,-0.04907717604397749,6.13149161440187e-06
2017-09-20,0.0016351373728741411,1.0529239344987011e-05,1.061775027629652e-05,0.0,4.893093013282429e-06,3.6469620959354147e-06,0.661670089078807,0.5640781123801506,-0.048611519736999356,0.0016054503281436397
2017-09-21,0.0007138037326324397,6.835749349486779e-06,4.974315965341198e-06,0.0,4.635542770233006e-06,3.0012771197824938e-06,0.3614240039712823,0.49093410870588355,-0.013280447417575605,0.0006943568474275962
2017-09-22,-7.890702869046204e-05,5.766723912653399e-06,5.169482096497537e-06,0.0,2.876388941171806e-06,3.1119819538477157e-06,0.3702342473277842,0.5649451918221153,0.04213222357569921,-9.58316055946325e-05
2017-09-25,-0.0008581293674304861,5.9138694591462535e-06,6.065962559455668e-06,0.0,3.859307501218061e-06,3.993457101122023e-06,0.40587281477336096,0.7206851533956331,0.049784360407132966,-0.0008779619640514281
2017-09-26,-0.0002879879382537121,1.0016261301783827e-05,1.1948074980002863e-05,0.0,6.328051993841701e-06,4.1699192328360655e-06,0.8577833478073349,0.7199390826801958,0.01939265156373679,-0.00032045024576217657
2017-09-27,0.0007850711331529623,1.3953398945138226e-05,1.0633302357674157e-05,0.0,7.217476872394246e-06,5.886690791209487e-06,0.6977566474498464,0.9392925989498326,-0.049671453973361146,0.0007473802641865462
2017-09-28,0.0007285369854347735,7.864957287603922e-06,8.237607691290952e-06,0.0,4.884139795682261e-06,4.438225432259735e-06,0.5428273881225556,0.695893878190023,-0.04972799442961243,0.0007031120552279367
2017-09-29,-0.0003716781364607108,5.216172644749283e-06,4.4106365859455215e-06,0.0,2.24207212052204e-06,3.703589264445032e-06,0.2781212338459256,0.5725765321013246,-0.049626464325440545,-0.0003872506070763727
2017-10-02,-9.995734228498344e-05,7.870806038086924e-06,4.759281407693701e-06,0.0,2.892062618691839e-06,3.0376638433137e-06,0.25690149096477877,0.46057606746984886,-0.04975145820685278,-0.0001185171561927696
2017-10-03,-0.00012606245234996939,3.349886865960174e-06,2.8252203892379597e-06,0.0,1.5888886118979488e-06,2.93675062484558e-06,0.19062385415290942,0.44338804035881885,-0.04998606461523872,-0.00013676319884191104
2017-10-04,0.00023068996384237848,4.073516083044027e-06,3.7102972038151205e-06,0.0,2.312125741050792e-06,2.827632293720837e-06,0.24295480605581438,0.42514947601425096,-0.04989274933084949,0.00021776639252074772
2017-10-05,-9.783348762333827e-05,3.1916187191110247e-06,2.599699005251074e-06,0.0,1.8445092257211242e-06,2.7121755227666343e-06,0.1713684905322841,0.4058685614470201,-0.049776926377774346,-0.00010818149009618813
2017-10-06,0.00011571397024495194,4.8861069087023756e-06,4.736041393663305e-06,0.0,2.9036547853429145e-06,2.5466440397350985e-06,0.31290956918131657,0.3781325242970977,-0.04970367437839916,0.00010064152311750824
2017-10-09,-0.0003930918168577776,7.7965530090804e-06,7.1809026352117486e-06,0.0,4.07532933167136e-06,3.67536037453422e-06,0.4642295111319614,0.567711917957879,-0.049748624963870114,-0.0004158199622082753
2017-10-10,0.0007341020733298692,9.502473187873988e-06,7.898481796613469e-06,0.0,5.064338289077733e-06,4.9157418329928864e-06,0.5575373922020553,0.8309268341433834,0.005082206200578476,0.0007067210382233111
2017-10-11,-2.09088554139201e-07,8.90611198482467e-06,8.244472560144325e-06,0.0,4.5272075678096725e-06,3.840145027747131e-06,0.5298036429938844,0.607624138090129,-0.03752022657138879,-2.5727025694665e-05
2017-10-12,-0.0033903897831543666,7.121410655618252e-06,6.842717006934694e-06,0.0,4.382704389554822e-06,3.518388514762567e-06,0.47176906642380306,0.5410555727521444,-0.05003369772796651,-0.0034122550037212367
2017-10-13,-0.0008746566628374178,1.1751277788183029e-05,6.970813942667263e-06,0.0,5.311404342954572e-06,4.394135634465427e-06,0.4756143922835598,0.6878502538960453,-0.05036453269414662,-0.000903084294545688
2017-10-16,0.000528651853596901,8.283828259362153e-06,7.646901890030643e-06,0.0,5.099639543589035e-06,3.4891682773693826e-06,0.4983923131905856,0.5365172178014376,-0.049663052796618395,0.0005041323156265499
2017-10-17,-9.733029572410177e-05,7.124538892528221e-06,7.165395528291194e-06,0.0,4.514996216771914e-06,4.497994669322074e-06,0.5039674030522551,0.7062904726904388,-0.049372631755669916,-0.00012063322103101517
2017-10-18,0.0006924984898399906,8.800001993513634e-06,7.632033303466219e-06,0.0,5.455760807164612e-06,5.5223084783928735e-06,0.5298212937655761,0.8790292039416665,-0.048718620428336135,0.0006650883852574532
2017-10-19,-0.00028990741570067777,1.667732264103272e-05,1.6503296287560876e-05,0.0,8.376669562972153e-06,5.5132907707334e-06,1.0988415725130798,0.9577152288910392,0.031482379407828,-0.00033697799496297694
2017-10-20,-0.0004446285205354111,9.159716597453956e-06,9.698907031193373e-06,0.0,5.133076619128813e-06,3.6827727049130607e-06,0.6002684449148902,0.5680530068657744,-0.05065280755961988,-0.0004723029934881003
2017-10-23,5.089599988828707e-05,4.932715079475297e-06,4.371078509895841e-06,0.0,3.645196145496172e-06,3.247005006387556e-06,0.31207495022810616,0.5152125877830199,-0.03028425329008945,3.4700005147032204e-05
2017-10-24,0.0009737905292241122,6.630401167595302e-06,5.5321786880544565e-06,0.0,4.022856657245683e-06,3.0819858865553035e-06,0.38279524943629045,0.48994205803490704,-0.02783157090638355,0.0009545231068246615
2017-10-25,0.00047057810884907497,7.3196374633759965e-06,7.160449513476648e-06,0.0,4.402037437641765e-06,3.972263575608318e-06,0.5442450684166615,0.7182565453298075,0.050916264627609925,0.00044772372085897225
2017-10-26,-0.0011249181188021974,9.419780698319738e-06,9.1264985933177e-06,0.0,5.09411179274778e-06,3.282973998023689e-06,0.6587849402505828,0.6011098267466892,0.04957019507870958,-0.0011518414838846062
2017-10-27,0.0008453479098155863,1.041861683748766e-05,1.0933479900064302e-05,0.0,7.158280296390835e-06,4.933203235148786e-06,0.680632410516846,0.8327789833761756,0.004000839871178968,0.0008119043295464948
2017-10-30,0.0012486774314538047,1.159970103532768e-05,9.554353544719923e-06,0.0,6.2412073889655606e-06,4.095505604374253e-06,0.6335449918319891,0.638321478316858,-0.049723463218016274,0.0012171866638804173
2017-10-31,0.0005553058582612121,1.2925103169153665e-05,9.994066065542712e-06,0.0,7.615274737984103e-06,4.965093882467874e-06,0.6308951754117512,0.7849228476342103,-0.04921292462039273,0.0005198063204060637
2017-11-01,-0.0007535986405287998,1.3002648067951918e-05,1.0931441118527914e-05,0.0,1.0324852643385665e-05,6.929725916931893e-06,0.7520310042575465,1.1150103335788675,-0.04918362046569019,-0.0007947873082755971
2017-11-02,0.0012802770091575144,1.0848228642015094e-05,9.119076610882377e-06,0.0,7.95493822326326e-06,6.396105516681575e-06,0.5888040865335948,1.0251329160028317,-0.04941281079967286,0.0012459586601646722
2017-11-03,-0.0003898861743554805,9.668278610691056e-06,6.651337044155023e-06,0.0,5.699968574310929e-06,5.405661726441678e-06,0.43509488298207044,0.8592728224024146,-0.04887834763978699,-0.0004173114203110792
2017-11-06,0.0012352736903837602,7.5665484782010596e-06,6.6237558756235985e-06,0.0,6.666778328883498e-06,5.842546112500167e-06,0.44280131799739936,0.9317956483082417,-0.04975209859178659,0.0012085740615885518
2017-11-07,0.0007082027238436673,8.649311245510688e-06,9.3810690793126e-06,0.0,6.208814536587512e-06,4.348894194923677e-06,0.6158255493472324,0.6807875899191418,-0.0498266348280353,0.0006796146347873329
2017-11-08,0.0001497205874722223,6.139666261069738e-06,6.327492267600431e-06,0.0,4.5950007430955545e-06,5.107585061282712e-06,0.43091472969003075,0.8076780033970873,-0.05039628689840814,0.00012755084313917386
2017-11-09,0.0005958519481462224,1.2380991049700933e-05,1.1999973278661937e-05,0.0,8.23292220438632e-06,4.360290772157164e-06,0.8642567029928213,0.7761305143996744,0.043601664677270585,0.0005588777708413161
2017-11-10,0.0006528371367858705,7.009778276137878e-06,7.7522620069516e-06,0.0,5.146461953131175e-06,4.514185699906716e-06,0.4531101511498193,0.7086175902907916,-0.049765607293536504,0.0006284144488497431
2017-11-13,0.0019550360075638847,9.705310733039217e-06,8.908570618984162e-06,0.0,6.745833480015168e-06,4.5275786141219806e-06,0.6673154421512515,0.8103429343816659,0.04970972720917283,0.0019251487141177242
2017-11-14,0.0004871218937843138,9.877080343672623e-06,1.1418112569034853e-05,0.0,8.287637363424287e-06,6.888879344658304e-06,0.7624972659419369,1.2076295963651331,0.050297866462538254,0.0004506501841635237
2017-11-15,0.0012252814313491545,9.030062667623642e-06,9.32449926424587e-06,0.0,4.493907927084377e-06,4.28483128282419e-06,0.6731982914738159,0.7702022335237624,0.05035057800929815,0.0011981481302073764
2017-11-16,-0.00025674119792974307,6.346727804542456e-06,5.602431067060714e-06,0.0,4.322549028578805e-06,4.756902477974902e-06,0.37741484102455114,0.8488026520279639,0.04964303572817996,-0.00027776980830789997
2017-11-17,0.00025129487486611027,1.1666652213297463e-05,9.427336187871793e-06,0.0,7.0843567126991384e-06,4.30629881093353e-06,0.6254558943582923,0.7740398601803999,0.05058165994356689,0.00021881023094130834
2017-11-20,-0.0006153280262725447,9.2502579573309e-06,7.401285373446402e-06,0.0,6.84013149445128e-06,4.034968251916423e-06,0.4832385289752826,0.7187377524224825,0.04086308610052404,-0.0006428546693496897
2017-11-21,0.0008120495288188574,1.1256402350906829e-05,1.0086622069872718e-05,0.0,7.813998960013163e-06,5.443873547588506e-06,0.610104382246994,0.8647304699382197,-0.049840286056649766,0.0007774486318904762
2017-11-22,0.0008809929551093873,9.580525377144331e-06,9.567580145612626e-06,0.0,6.818324677200064e-06,5.779312999696407e-06,0.6703172863339169,0.9219339908932039,-0.04899059305579234,0.0008492472119097339
2017-11-27,-0.0008328030097883707,1.1246751279518809e-05,7.997847374412646e-06,0.0,5.898987774566857e-06,6.8437262951298955e-06,0.5735664533655901,1.1000908162283594,-0.04965520135346346,-0.0008647903225119988
2017-11-28,0.0010454713291197502,6.983156234247038e-06,6.923335106920598e-06,0.0,4.132863963883121e-06,5.943913611217685e-06,0.4513021255825912,0.9502006652518546,-0.04837682143271688,0.0010214880602034818
2017-11-29,0.0013294405442490012,7.681320703832112e-06,7.406099004458357e-06,0.0,3.980135984400743e-06,4.810856246727369e-06,0.4696342610014622,0.7577892862307352,-0.050434563219463074,0.0013055621323095827
2017-11-30,-0.0014198244032710633,6.453815663587973e-06,6.663686252650618e-06,0.0,3.981400583023167e-06,3.846337157641552e-06,0.44173354161091005,0.5948676798332921,-0.051316962650488525,-0.0014407696429279667
2017-12-01,0.0001276685660731203,6.184922656539874e-06,6.694005115395151e-06,0.0,6.356513363807044e-06,4.692085224797581e-06,0.4657152914311372,0.7385324302425176,-0.04973788752347562,0.00010374103971258063
2017-12-04,-0.003146904337972785,1.573802786967718e-05,1.3187589210676492e-05,0.0,1.2253448919657598e-05,8.69303254819908e-06,0.9601513578461479,1.410382492318024,-0.05004697577942141,-0.0031967764365209953
2017-12-05,-0.0008253170953533653,1.8336517677137663e-05,1.8042732425953266e-05,0.0,1.470557031846759e-05,4.351381560801874e-06,1.1163467634051114,0.6817327470756467,-0.04929935513906827,-0.0008807532973357257
2017-12-06,-0.000280171636818323,6.392014263604686e-06,5.412599869947031e-06,0.0,5.253852843363536e-06,3.5888022423923234e-06,0.40387096610333023,0.600095122319225,-0.0028236544026854146,-0.0003008189060376306
2017-12-07,0.0015931888009923846,1.4979332821324596e-05,1.5957416988034515e-05,0.0,1.2728215837164052e-05,6.5580618310057396e-06,1.08243073288565,1.1533575766210602,0.051603189012095985,0.0015429657735148556
2017-12-08,0.00042704679879579746,9.639335792956846e-06,1.0779033383342973e-05,0.0,6.869117148799079e-06,4.312029905733491e-06,0.6729270146398829,0.6758154967255886,-0.048605527437638546,0.0003954472825649651
2017-12-11,0.0005238653198537833,5.864419907948523e-06,4.554617635900084e-06,0.0,2.5868334078634303e-06,3.852102244712864e-06,0.2950237890852399,0.597996608782156,-0.049156568329604994,0.0005070073466573584
2017-12-12,-3.5773485861328645e-05,1.0443936683082665e-05,1.163391726008147e-05,0.0,6.196295491542557e-06,4.956801234047726e-06,0.862532107100048,0.7832465638263246,-0.04949604349369274,-6.900443653008306e-05
2017-12-13,0.0011649758861458988,7.008872338203423e-06,8.525682885802333e-06,0.0,5.4549094313440776e-06,6.95882268553002e-06,0.6173447911782337,1.120573829352059,-0.04850838181698419,0.001137027598805019
2017-12-14,-0.0011993652635385,1.2158938304956417e-05,1.1966578362441559e-05,0.0,1.1671370816720099e-05,9.200792749440855e-06,0.8365987455467483,1.4961336489410741,-0.04959953296498987,-0.001244362943772059
2017-12-15,-0.00036376791572509745,1.658408821313425e-05,9.128352338963897e-06,0.0,1.0007237216282439e-05,1.0165510249824767e-05,0.6141112822397244,1.6606600405963925,-0.04714568137416786,-0.0004096531037433028
2017-12-18,0.0030566311214024096,9.00626768563811e-06,7.996268410971564e-06,0.0,5.998338833705449e-06,8.938009159971875e-06,0.5319074489431042,1.4567939012356685,-0.04479163763960592,0.0030246922373121225
2017-12-19,0.0020541789678534665,1.038198068910226e-05,8.242653325842854e-06,0.0,7.490546641783965e-06,9.319126925835892e-06,0.5211036288914512,1.5195880694851596,-0.04602525405527058,0.0020187446602709016
2017-12-20,0.0009432067187808216,9.708591909813113e-06,9.962924316384305e-06,0.0,9.408740906023176e-06,1.1028629209247393e-05,0.7110139676344366,1.8067956879173033,-0.04601401923625936,0.0009030978324393536
2017-12-21,0.0002430145936174481,1.0885809519344123e-05,7.0228282915989295e-06,0.0,6.910823270399914e-06,1.0411261154730347e-05,0.4529130196960219,1.7413086674165115,-0.007783206578186985,0.00020778387138137478
2017-12-22,0.00011492436438603236,7.743328374717343e-06,1.0507090628154195e-05,0.0,6.6830207959921055e-06,8.294862325482082e-06,0.6645464664456668,1.3463119289197196,-0.047224941761270345,8.169606226168664e-05
2017-12-26,0.00039663734132671443,1.3183693116220687e-05,1.5918060112402326e-05,0.0,1.0203113421778568e-05,4.967607245971193e-06,1.0705180110337853,0.786666909882898,-0.047891107440262516,0.00035236486743034167
2017-12-27,0.00046408708757049536,1.3107185558645747e-05,1.4202194433619903e-05,0.0,9.06385363292068e-06,5.642944501191142e-06,1.0017519946441922,0.999641955519454,0.05162727931934241,0.00042207090944411786
2017-12-28,0.0006607096908191124,8.254882196763733e-06,1.0424496819017035e-05,0.0,7.84260003605476e-06,7.590071658722426e-06,0.7003365075609309,1.3263356969901285,0.05120365832476037,0.0006265976401085545
2017-12-29,-3.8064232422288196e-05,2.2285480204503173e-05,2.1294910775237153e-05,0.0,1.4097638984012431e-05,6.409619122162647e-06,1.51002427378802,1.1277448501961622,0.050928837672837124,-0.0001021518815082036
2018-01-02,0.005396323574692596,1.5314348673747755e-05,1.0539469096014168e-05,0.0,1.019109740961306e-05,5.175189583722193e-06,0.694027053412686,0.9239259359956489,0.05449408593032082,0.005355103469929499
2018-01-03,-0.00038557304551153416,6.66973594439405e-06,5.076490827985877e-06,0.0,4.610107287385441e-06,4.621774922840304e-06,0.3321514846807593,0.8289541995481677,0.052496012510996906,-0.0004065511544941398
2018-01-04,0.0006263317141386876,7.981360831285007e-06,8.254100216145925e-06,0.0,6.264524321124817e-06,4.285258472819237e-06,0.47485060825966924,0.6807076039835711,-0.039215819450060474,0.0005995464702973126
2018-01-05,0.00030965779327279133,5.719258706813127e-06,6.066233557552809e-06,0.0,2.8556876792913505e-06,3.2322994039440225e-06,0.3945344693178327,0.494168410763459,-0.04885788909913688,0.00029178431392519
2018-01-08,-0.0005351011421337189,6.525267162673325e-06,5.736018747230033e-06,0.0,4.107247325903666e-06,4.0865244780699605e-06,0.3991674587564601,0.6363856201213274,-0.050150492194425994,-0.000555556199847596
2018-01-09,0.0003744226616451722,1.310423104295537e-05,1.0499559347612567e-05,0.0,7.061274471364992e-06,7.0602170223357765e-06,0.7575798205860272,1.136015001143978,-0.05010145860843196,0.0003366973797609035
2018-01-10,0.0005715460970073179,8.53042572581578e-06,7.1385511330144896e-06,0.0,5.810491159455936e-06,6.720661132237962e-06,0.4639578693396008,1.0793197559123642,-0.04975131430361307,0.0005433459678567937
2018-01-11,-0.0006624354027125303,1.2426989588839766e-05,1.1702778960101878e-05,0.0,7.841236593860026e-06,4.705794285698274e-06,0.7959094979520474,0.7401358221953545,-0.0504376178019555,-0.0006991122021410303
2018-01-12,-0.0022713135093698315,7.156284535742887e-06,6.06689910323517e-06,0.0,4.467509817264715e-06,4.095720049588024e-06,0.3853260140219342,0.6369849508461065,-0.051096017484681275,-0.0022930999228756624
2018-01-16,0.002656460101534123,1.1498068942215956e-05,1.1602435725161486e-05,0.0,8.124076847295385e-06,6.559000292126154e-06,0.8314768273211537,1.0513716524072891,-0.05054039666990484,0.002618676519727324
2018-01-17,0.0006371266091237765,9.682875874682346e-06,9.256608798459905e-06,0.0,6.551719993880049e-06,7.962887069330769e-06,0.6306694923493266,1.2887932176932546,-0.048971809954314494,0.0006036725173874235
2018-01-18,-0.0007609632739188566,1.3086543021276651e-05,1.2105534683633777e-05,0.0,8.502719309649986e-06,6.416270285314029e-06,0.7406348463243695,1.0276376477603058,-0.05029576017245102,-0.000801074341218731
2018-01-19,-0.0001506043903536484,6.657243794801582e-06,7.232007919005676e-06,0.0,5.458398955063496e-06,4.945875903831212e-06,0.49360755283060787,0.7806622511780077,-0.05024490066563553,-0.00017489791692635036
2018-01-22,-0.0004247245100931974,8.306983016269648e-06,9.064804939910299e-06,0.0,4.160928597651447e-06,3.896417424522929e-06,0.5827734551107123,0.6051678575732031,-0.04943026974664852,-0.00045015364407155175
2018-01-23,0.0019048751880174641,7.272739122371599e-06,7.49764015383695e-06,0.0,4.400859428617475e-06,3.69263310571118e-06,0.501737457511197,0.5706955992564179,-0.04966676250306057,0.0018820113162069268
2018-01-24,-9.519441676110796e-05,6.462224605673124e-06,6.196644811149608e-06,0.0,3.6742254282366778e-06,4.974882847848431e-06,0.4139112321839767,0.7872412133608164,-0.04853910507772036,-0.0001165023944540158
2018-01-25,0.0008030809333294736,7.619534452255752e-06,7.723355976336946e-06,0.0,5.558663295037028e-06,4.650546164055504e-06,0.5285076724561084,0.732429060743313,-0.04886269481801174,0.0007775288334417883
2018-01-26,-0.00022778086465846705,7.469208132876435e-06,9.101078116367195e-06,0.0,5.263724787615767e-06,4.173395960920596e-06,0.6253407435108209,0.6515382215946682,-0.04959229983999185,-0.00025378827165624705
2018-01-29,0.00042938114070979245,1.044316494505326e-05,8.399785547711928e-06,0.0,7.695611694577166e-06,3.9441983209605406e-06,0.6337545759282283,0.7132462895031008,0.05062097158172975,0.00039889838020148956
2018-01-30,-0.0011634349398391862,1.0594566233462132e-05,8.599553774302314e-06,0.0,6.291306327437161e-06,4.08609786261091e-06,0.5938647395567267,0.7367468004120277,0.050282359493395185,-0.0011930064640369986
2018-01-31,-0.0022059230224943886,7.179612397356675e-06,8.599823961018017e-06,0.0,5.796391682882289e-06,2.755048425780063e-06,0.5860617204600382,0.5126395292461252,0.049791393715074836,-0.0022302538989614254
2018-02-01,0.0004311447840009182,1.494490282792277e-05,1.969223180043907e-05,0.0,1.0578828151224432e-05,8.496832227735203e-06,1.328131705912098,1.4769646049655214,0.049496790706006766,0.0003774319889935968
2018-02-02,-0.0035418025753559735,9.360643090249647e-06,1.081140049108572e-05,0.0,6.6520470411283914e-06,6.470157805309257e-06,0.7904122754847418,1.1410220965363684,0.05403558524441379,-0.0035750968237837463
2018-02-05,-0.0034278514222042555,1.2414815551646681e-05,1.144353871433263e-05,0.0,7.54228929433341e-06,2.861777729714395e-06,0.8099884646458868,0.5337574739605445,0.05297881536852603,-0.0034621138434942824
2018-02-06,0.002764753630446479,6.467530201831653e-06,6.2243490516099594e-06,0.0,4.874909053100952e-06,2.574838003991968e-06,0.42321267982867106,0.48476600745462145,0.05219322278397086,0.002744612004135944
2018-02-07,0.00033474943350233284,1.24500275937131e-05,1.114539894039995e-05,0.0,6.9738871015301215e-06,5.509226267330892e-06,0.8207028540758282,0.9760380975897871,0.05048808467819782,0.0002986708935993588
2018-02-08,-0.001421200903908746,6.948291859836995e-06,5.751190430176638e-06,0.0,5.175135130784328e-06,5.822370879110289e-06,0.39009520819457744,1.0259068229005202,0.04774851520999163,-0.0014448978922086543
2018-02-09,0.0007095691454807253,8.813399739093269e-06,1.116763447293169e-05,0.0,5.71705247041512e-06,3.257485687169518e-06,0.7361655667367276,0.5985930772595055,0.051335481815026604,0.0006806135731111157
2018-02-12,0.001251868675782377,1.2591823400415737e-05,1.080967787226371e-05,0.0,6.912046421960569e-06,5.266029311274219e-06,0.7106214318532506,0.9177994148051787,0.033106490511109976,0.0012162890987764629
2018-02-13,0.0003711930227853494,4.26901057129326e-06,4.964463028413003e-06,0.0,2.631626131213562e-06,4.580971783448583e-06,0.25059493022480805,0.7201397355279702,-0.0494635240913916,0.000354746951270981
2018-02-14,-0.0011043617678950215,4.103615975655192e-06,5.76249392391206e-06,0.0,2.775413592957076e-06,3.2259288673365716e-06,0.3908623761098167,0.4941147220568843,-0.04784132765565974,-0.0011202292202548824
2018-02-15,-0.0005934217867443113,4.380458651278174e-06,5.361423252053745e-06,0.0,2.3193326553580776e-06,2.0349523015707796e-06,0.35026808109636437,0.2928965465968405,-0.048975440067050624,-0.0006075179536045721
2018-02-16,0.00022502515832593126,3.4971651043762895e-06,3.312771152210914e-06,0.0,1.8659270234194163e-06,2.5667800237435444e-06,0.23771323183634055,0.3816129334978409,-0.049606110491074516,0.0002137825150221811
2018-02-20,0.0016713901623606872,3.5729226258788055e-06,5.2136489327226415e-06,0.0,2.4921829464189232e-06,2.279370637502498e-06,0.3531156430146467,0.3334445700924652,-0.049489697007954456,0.0016578320372181642
2018-02-21,0.00038357155318875276,6.023853094647549e-06,4.413782399683592e-06,0.0,3.134169595113828e-06,1.7076841488012602e-06,0.394924194621015,0.33721010210783275,0.05031916510922095,0.00036829206395050656
2018-02-22,7.533522002036167e-05,3.2381743073075092e-06,2.691616800989679e-06,0.0,1.5773289805281123e-06,1.3168966965680454e-06,0.17253794410259649,0.27168128746042675,0.05044264243699509,6.651120323496832e-05
2018-02-23,0.0008260302947819389,2.3162973629488037e-06,2.5266513463792164e-06,0.0,1.3922914523393266e-06,1.1039491149141667e-06,0.153052041414626,0.21679036347672817,0.031326912171148275,0.0008186911055053575
2018-02-26,0.00018880960690164722,1.6918627475180745e-06,2.8365330089205712e-06,0.0,7.604119325104513e-07,1.652900051757015e-06,0.13791599384402456,0.23461496284243682,-0.04307224585274167,0.00018186789916094112
2018-02-27,0.0010920908467316073,5.107313207699549e-06,6.781393874325255e-06,0.0,3.0430714127186606e-06,3.7400078992903766e-06,0.4947754293399276,0.5794717834997603,-0.04884954358102281,0.0010734190603375734
2018-02-28,4.634322579008371e-05,5.038820154387547e-06,4.31527614862761e-06,0.0,2.910121368971389e-06,2.198256727273449e-06,0.36894227599716584,0.41994305057645054,0.050635920394511175,3.188075139082372e-05
2018-03-01,-0.000152069159813027,8.749367982398944e-06,1.2022931155637082e-05,0.0,5.736038479260815e-06,3.3595583837971502e-06,0.7939088228441893,0.614012308874599,0.049606500396678105,-0.000181937055814121
2018-03-02,-0.00119369226033697,3.3578615958568685e-06,4.0369754114375335e-06,0.0,1.9256918828582536e-06,2.27191856456238e-06,0.2944525350453504,0.4310184458486213,0.049336127002141475,-0.0012052847077916851
2018-03-05,0.000519571063289505,6.99646044975887e-06,8.353659945256421e-06,0.0,4.13138680117655e-06,2.7033206728542734e-06,0.618291155284616,0.5042312401546813,0.050073367115163414,0.0004973862354204589
2018-03-06,0.0007026391233979174,2.3027604672622207e-06,2.765488686195264e-06,0.0,1.3229447036647435e-06,2.0144754839181054e-06,0.17904836637138039,0.382982718941136,0.04455083764289425,0.0006942334540568771
2018-03-07,0.0007808596501565828,4.467866456966391e-06,2.8824489679360616e-06,0.0,1.9145782159089618e-06,2.346338488756311e-06,0.18352422085936917,0.41766666155191445,0.023481795440854186,0.0007692484180270151
2018-03-08,-0.0008735043654403484,4.772673163901403e-06,6.702143500678921e-06,0.0,2.7814215631770012e-06,2.1097035986947437e-06,0.39202046205770474,0.30478095822424445,-0.04964924635647245,-0.0008898703072668005
2018-03-09,-0.0010476741872678013,4.120006163921106e-06,2.7673270987158123e-06,0.0,1.4658117390426629e-06,1.7596505048187413e-06,0.1579906300065573,0.24671843755814754,-0.048902847251401045,-0.0010577869827742997
2018-03-12,-0.0003735572571741923,3.393291666665447e-06,3.5996501016212307e-06,0.0,1.4073876670342615e-06,2.580515379146558e-06,0.2613261181579357,0.38421020901204006,-0.049316374684581527,-0.00038453810198865984
2018-03-13,0.0003395852605954305,4.095672301197325e-06,4.467665813850655e-06,0.0,1.8849787835749452e-06,1.8166563393824653e-06,0.28317649629296626,0.2556179229354134,-0.04958034208084077,0.0003273202873574251
2018-03-14,-0.00018235032103424868,3.5988634756604597e-06,3.9751735786486275e-06,0.0,1.89052625256319e-06,2.1023736295832833e-06,0.33498278460222164,0.3832389202109512,0.030040150440959618,-0.00019391725797070425
2018-03-15,0.0003049134719642826,1.7295075714634098e-06,1.5064256553676679e-06,0.0,1.2664936995290788e-06,1.9705013743393347e-06,0.11519695061064217,0.37691011513310374,0.045865884244095545,0.00029844054366358314
2018-03-16,-7.203782508307177e-05,4.5485825772025634e-06,5.10782903025738e-06,0.0,2.2797423149614365e-06,9.956733040508804e-07,0.38374846715791516,0.2173285788907363,0.05005546381018835,-8.496965230954403e-05
2018-03-19,-0.0008021607929399223,4.36673055990938e-06,5.7772307853463625e-06,0.0,2.221767177242463e-06,2.546159813380795e-06,0.38589888123716065,0.4777712181346083,0.05001636948663464,-0.0008170726812758012
2018-03-20,-0.0003304598145384699,3.6616681332650747e-06,3.041429419801244e-06,0.0,1.4980675161648714e-06,1.963383018801134e-06,0.18524551688443958,0.34282073125131707,0.012972384092726413,-0.0003406243626265022
2018-03-21,0.00019525254739272404,4.697633890717018e-06,4.80711992591692e-06,0.0,2.4289309789199897e-06,1.6608729389636202e-06,0.3826557250294125,0.32932610200653434,0.05029944826064607,0.00018165798965820649
2018-03-22,-0.002018228848382768,5.977040769032235e-06,4.974977180337584e-06,0.0,2.7657852003389503e-06,2.7787298429214306e-06,0.3625701730839308,0.5162419484826783,0.04941533487187763,-0.002034725381375398
2018-03-23,-0.000371942984740589,5.578296772039742e-06,3.9109348730130755e-06,0.0,1.8949469320950598e-06,1.8699347305258106e-06,0.21898276157567326,0.3631706377865467,0.04902160305821052,-0.00038519709804826264
2018-03-26,0.001185406132424897,3.43099218097475e-06,3.515458001268925e-06,0.0,1.4022444981752263e-06,1.0118384793525028e-06,0.2284825149116466,0.2212456488951553,0.05125678436393501,0.0011760455992651255
2018-03-27,-0.0003271187259090486,5.567911022027303e-06,7.957594407050802e-06,0.0,3.679548111594898e-06,2.942061330249699e-06,0.5296032982935417,0.5442991179641188,0.05003281448216962,-0.0003472658407799713
2018-03-28,0.00039614811969947074,4.014625276621855e-06,4.4592794264275885e-06,0.0,2.0996367159896873e-06,1.813735920545279e-06,0.3177613801165669,0.35470819596575254,0.05000056131414575,0.00038376084235988635
2018-03-29,0.0007254058774012349,3.609248608977213e-06,3.1516088743032753e-06,0.0,1.7693090506813194e-06,1.4716067041775919e-06,0.21123949936406677,0.2975184655588129,0.050288539256977315,0.0007154041041630956
2018-04-02,-0.0014161762791952968,3.8280343087726185e-06,5.04626055238347e-06,0.0,2.425083154409753e-06,2.547827421767006e-06,0.25902125219450356,0.37752166601630893,-0.0505133408405478,-0.0014300234846326297
2018-04-03,-0.00042015411109413563,3.2633772068105297e-06,2.831575006371072e-06,0.0,1.4090491187044727e-06,1.563906532655107e-06,0.19860457520179825,0.21274293664257787,-0.04999336084348041,-0.0004292220189586768
2018-04-04,-0.00047569579623908085,1.35015759874834e-06,1.286241363620543e-06,0.0,6.584254491940603e-07,1.3946033228061335e-06,0.0900191200089272,0.18385853759919263,-0.05043482063223778,-0.0004803852239734499
2018-04-05,-0.00017497988912139242,3.2231070593593584e-06,2.3428431106302363e-06,0.0,1.294025846075261e-06,1.522780221769131e-06,0.16532742995180572,0.20541525292576573,-0.050411824331448335,-0.0001833626453592264
2018-04-06,0.001401168364748445,3.1318568592959727e-06,1.5254344024697743e-06,0.0,1.0629320473155737e-06,1.6394252922962252e-06,0.10766626998350397,0.22556914644489484,-0.049854302660870736,0.0013938087161470673
2018-04-09,-5.6872729966886864e-05,6.804161008665521e-06,5.476253493737543e-06,0.0,3.6467106327354717e-06,3.2558510900155103e-06,0.4402434325185638,0.5546196054644175,0.007636622341811561,-7.605570619204091e-05
2018-04-10,0.00011823198803004389,2.7153708218863745e-06,3.2104623672231068e-06,0.0,1.46319020063284e-06,2.6285416872264806e-06,0.17230176713273604,0.4090021564113979,-0.032592847042650835,0.00010821442295307509
2018-04-11,0.0003568999498991275,1.9584649795638445e-06,1.6377717649501642e-06,0.0,7.88496230042606e-07,2.358759674325796e-06,0.1006983019523078,0.3598290816714107,-0.036442543615322925,0.00035015645725024506
2018-04-12,-0.0004097178899367812,2.965976065656332e-06,2.5361098926620643e-06,0.0,1.2616530968333193e-06,2.834984906818262e-06,0.1710282568530491,0.44847336355448075,-0.02780410079098708,-0.0004193166138987512
2018-04-13,0.00011265178206134718,2.2449458732476383e-06,3.3906338781438834e-06,0.0,1.144373914402616e-06,1.6504841603844111e-06,0.2328252896148284,0.2528427184420746,-0.024438620502506503,0.00010422134423516863
2018-04-16,-0.0002329556838616768,2.7344540961740095e-06,2.784201962128938e-06,0.0,1.0723549080831492e-06,2.2357535186372208e-06,0.1707005916280023,0.32601102008904376,-0.04959557104200925,-0.00024178244834670014
2018-04-17,-0.00128230625787392,1.0862791530767297e-06,1.085614574130583e-06,0.0,5.80011528039403e-07,2.2972917754800825e-06,0.08114434054680138,0.34347287494541134,-0.042472143335242296,-0.0012873554549046467
2018-04-18,0.0001390428256331123,1.5796741151804978e-06,1.577172093660032e-06,0.0,7.881252402415545e-07,2.58479850890783e-06,0.10494141864064906,0.3846809597293034,-0.049565189767212026,0.0001325130556751224
2018-04-19,-0.0002687008733333597,1.762719378790567e-06,1.7957636643950089e-06,0.0,8.478911756476265e-07,2.104842221994649e-06,0.12107983577197746,0.30505562466005276,-0.04855786863504814,-0.00027521208977418753
2018-04-20,0.0005112425474157042,2.7457792810871467e-06,3.1580518682405753e-06,0.0,1.2843826820312375e-06,1.092147942662339e-06,0.23035150097783436,0.1692973812206991,-0.014183473146573738,0.0005029621856416829
2018-04-23,-6.87760300052944e-05,1.1114633663568456e-06,1.3785187304505582e-06,0.0,6.688068813679586e-07,8.785548779758481e-07,0.09651492066661693,0.13951377299598128,-0.008083446503961124,-7.281337386144561e-05
2018-04-24,0.00015705806167781397,5.486467562411955e-06,7.734778217593303e-06,0.0,3.149892180719093e-06,3.294203594756376e-06,0.5637374224688076,0.6029825158400213,0.04955631192094964,0.00013739272012233323
2018-04-25,0.0005987573766132076,2.2352126609962894e-06,2.575914977824695e-06,0.0,1.229193915653965e-06,2.5182851975310952e-06,0.1871753517308255,0.4727807192617812,0.04970880607655706,0.0005901987698612016
2018-04-26,0.00264202006936875,3.2732417688523864e-06,4.141108117048984e-06,0.0,1.5835656260149116e-06,1.2450570371102943e-06,0.3067345383511482,0.259196649089545,0.050027066855015526,0.0026317770968197233
2018-04-27,0.00010468217107390733,1.8561748593121449e-06,2.909324050898489e-06,0.0,1.0105525683947443e-06,7.247884866568864e-07,0.17262161433603534,0.12503414646211922,0.0032696807037623163,9.818133110864506e-05
2018-04-30,-4.2823337271270936e-05,3.1774955885968602e-06,2.877417203881163e-06,0.0,1.8357632615877124e-06,1.0423322797272287e-06,0.2450274576392342,0.2251135644089337,0.05000174141475924,-5.17563456050639e-05
2018-05-01,0.0005186749318063718,3.600023599229841e-06,4.741037206658214e-06,0.0,1.7648860875569859e-06,1.119389925113853e-06,0.3122752820901554,0.23817466108855895,0.05011715366943166,0.0005074495949878129
2018-05-02,-0.0006013642457973192,3.746575932118309e-06,2.08314329024873e-06,0.0,1.370553485761608e-06,1.1639931137813486e-06,0.10935712429863824,0.24603157602973275,0.050480732914466225,-0.0006097285116192292
2018-05-03,-0.0004245226304102253,1.9732750566776157e-06,1.7712137018740051e-06,0.0,7.971784955866237e-07,1.483716205700223e-06,0.11721329971820166,0.29999274085868266,0.05072841830104535,-0.0004305480138700638
2018-05-04,0.0011000498414096675,4.151674176468668e-06,1.885325089915689e-06,0.0,1.3845797558932153e-06,1.0882005269941734e-06,0.13792438502732185,0.23278631245994463,0.04996862392492341,0.0010915400618603957
2018-05-07,0.001096962109879901,1.6816856217951142e-06,2.0573967679281184e-06,0.0,8.124628613476368e-07,7.083367143243353e-07,0.12398853722028247,0.1432504565267041,0.024249888520215784,0.0010917022279145058
2018-05-08,0.0006050160506363478,3.321142954891498e-06,3.026608575708643e-06,0.0,1.0209811896525647e-06,1.1949440920269008e-06,0.1598461061200888,0.15499998953600813,-0.04575061792451123,0.0005964523738240682
2018-05-09,-0.0008883609896386998,2.387027026104757e-06,2.0278793503045515e-06,0.0,8.589751552325025e-07,1.1189756644968e-06,0.12038598923408442,0.13835491292720137,-0.04963299870826104,-0.0008947538468348384
2018-05-10,-0.00044497435409410544,1.8616282740453726e-06,1.2691846511754309e-06,0.0,7.653504839992376e-07,9.332568458932854e-07,0.07841631211496403,0.10688832696412882,-0.04989882314594309,-0.0004498037743492188
2018-05-11,3.405535728462742e-05,1.0267329036402306e-06,1.2299451239091753e-06,0.0,5.287328883825258e-07,1.1077503380331453e-06,0.0887500438272635,0.13624200117242863,-0.04986005561713983,3.016219603066234e-05
2018-05-14,8.720601847414404e-05,6.778093300392977e-07,6.490508475519776e-07,0.0,3.473888141417683e-07,1.129114299689876e-06,0.04255134837078004,0.13977461674871225,-0.049916585599187,8.440265518272111e-05
2018-05-15,0.0006660472800668002,4.235003131053767e-06,4.750794845614725e-06,0.0,1.8716035814034435e-06,1.9764099372265857e-06,0.2982495704650022,0.2821417264325702,-0.04989514302149625,0.0006532134685715016
2018-05-16,-0.0001490528392175627,2.3926446954904132e-06,1.8522718236837409e-06,0.0,1.0604771757565058e-06,1.738833807558008e-06,0.12228533233994153,0.24218719850580095,-0.04993688116394415,-0.00015609706672005137
2018-05-17,-0.00018416198008824785,1.4565438158606877e-06,1.2131545271363708e-06,0.0,5.69093634492393e-07,1.6062626494645272e-06,0.08293857409723158,0.21991061531461475,-0.049941509795425734,-0.00018900703471520184
2018-05-18,0.00013822050633018453,2.281932014972825e-06,1.9853507186478568e-06,0.0,1.0512701847019803e-06,1.4092009788851127e-06,0.13885597665875107,0.18655866380295527,-0.05018710064974364,0.00013149275243297675
2018-05-21,-0.0004235128100426907,3.3393267021506796e-06,2.601695998826088e-06,0.0,1.2600034626271958e-06,1.9236278266632273e-06,0.1615687018336551,0.27287447846831003,-0.050294996411112125,-0.00043263746403295793
2018-05-22,6.969067975142844e-05,2.0179945602211423e-06,2.0527563006897e-06,0.0,9.110766369359395e-07,1.5444010583346058e-06,0.14366479804230972,0.20947045043091414,-0.04998892736929961,6.316445119524705e-05
2018-05-23,-0.0003100863059082183,2.507116714355358e-06,2.199783794774796e-06,0.0,1.0857501558239633e-06,1.414002335609509e-06,0.14354670423685117,0.1879405061811327,-0.049611886201264964,-0.0003172929589087819
2018-05-24,0.00018941843484002763,1.7002510061387078e-06,1.5040310214306636e-06,0.0,8.263526622671857e-07,1.4328675449646544e-06,0.09856606392572052,0.19111035936744425,-0.04961138818661763,0.00018395493260522642
2018-05-25,0.0007416458037984442,4.112468337302764e-06,2.2299652226135844e-06,0.0,1.3170773264305286e-06,1.564536514372935e-06,0.10585930981422273,0.21320247275677584,-0.04963966165787714,0.0007324217563977244
2018-05-29,-0.00019878651561048877,2.4146579799950453e-06,1.1820617299255256e-06,0.0,8.287394980843632e-07,1.408448581183616e-06,0.1270061843841698,0.24360170230668812,0.006982340667840689,-0.00020462042339967733
2018-05-30,9.381715150007717e-05,3.4197285406674893e-06,1.8768731659481436e-06,0.0,1.220393250210298e-06,1.1833807236507352e-06,0.1248779493703641,0.19464183473418606,-0.004166126839137321,8.611677581960051e-05
2018-05-31,0.00019647252668033574,1.8101745884932955e-06,1.7424991709751414e-06,0.0,1.0754009911723505e-06,1.3355849037170241e-06,0.14330549759193162,0.24865222456338193,0.024273960738921907,0.00019050886702597794
2018-06-01,0.0008386966667355581,1.960068113812566e-06,2.6238581209330717e-06,0.0,1.0341129270213967e-06,1.0839977999234528e-06,0.16902206855460838,0.1807461948032153,-0.001365435583924851,0.0008319946297738677
2018-06-04,-8.426271796915081e-05,2.381289733003928e-06,2.047788769408281e-06,0.0,1.012470641449177e-06,8.598874032710723e-07,0.13445823124082157,0.1398821977000036,-0.004578886049536517,-9.056415451628327e-05
2018-06-05,-5.2512916627930244e-05,2.1599663191555127e-06,2.148121764776279e-06,0.0,7.38015678857056e-07,1.2782365019597367e-06,0.11297526981158221,0.16679434152172812,-0.04794939080750757,-5.883725689267883e-05
2018-06-06,-0.0006218465211966066,1.5379741157766711e-06,1.7763701437595694e-06,0.0,5.132571254191777e-07,1.1880484110990676e-06,0.11531361504158644,0.14933090002729343,-0.05026123303734985,-0.0006268621709926611
2018-06-07,-4.997870827207749e-05,2.157479441236666e-06,1.7643900145323708e-06,0.0,9.837521586819855e-07,1.243296433953413e-06,0.11583393979039142,0.1589667198099221,-0.049907081094251134,-5.612762632048193e-05
2018-06-08,-7.429302367848306e-05,2.811584270512621e-06,1.1508476290370676e-06,0.0,7.387574722860275e-07,1.1001828546927257e-06,0.08034948963189475,0.13484368669475244,-0.049987032893625424,-8.00943959050115e-05
2018-06-11,-0.00015212164790806202,3.748184549123083e-06,4.5321728791947515e-06,0.0,1.5310521139770579e-06,2.657660067645989e-06,0.3363932512949612,0.3962368628018392,-0.05025002856268704,-0.0001645907175180029
2018-06-12,-5.3060036327192065e-05,2.4329485036270673e-06,2.6429797758225104e-06,0.0,1.118684614673344e-06,2.1758266238097615e-06,0.17071076505394506,0.3153462191521549,-0.050192653647884986,-6.143047584512475e-05
2018-06-13,5.86674704074732e-05,3.5135183229984482e-06,3.0848525757537326e-06,0.0,1.7660035317660237e-06,2.707562526499226e-06,0.2411960593660493,0.4323538818698218,-0.02251662258204798,4.759553345045577e-05
2018-06-14,-0.0003763766320133151,3.7627475091828277e-06,2.668896502182322e-06,0.0,1.1572966755081872e-06,1.840157713773237e-06,0.1955584227110876,0.33224122322810673,0.02309472731420298,-0.00038580573041396165
2018-06-15,0.0001160546586183455,3.6424548796352275e-06,5.357945830545187e-06,0.0,2.0569698054798785e-06,1.6750441815973856e-06,0.299944309355186,0.23107197695319123,-0.05033544555516945,0.00010332224392108782
2018-06-18,0.00011644266989805893,3.5655673144345245e-06,4.220973117735503e-06,0.0,1.6869995057079884e-06,2.2149416235001307e-06,0.27915453644588506,0.3220742503946239,-0.050035942353397936,0.00010475418833668078
2018-06-19,-0.00012925076974884837,3.7156487157491204e-06,3.6106668705207126e-06,0.0,1.6819759287038074e-06,2.673605752815688e-06,0.26677521077638444,0.4340535438634699,-0.015112222609565767,-0.0001409326670166377
2018-06-20,-0.00047716449319984774,3.2994306337708573e-06,1.4449322831412385e-06,0.0,1.2453951550748676e-06,1.7770739656932624e-06,0.13340059657749778,0.3486496995833758,0.050101273346907865,-0.00048493132523752796
2018-06-21,-0.0012849680804500638,4.1492794417168945e-06,4.614757104440066e-06,0.0,1.7249695359492528e-06,3.0592865807321343e-06,0.29157122467604807,0.5359869265754353,0.022026781012436603,-0.0012985163731129021
2018-06-22,0.0002546871983363771,5.631619620013696e-06,7.464834790468453e-06,0.0,3.038616366130394e-06,1.2873129163924348e-06,0.5760202749555631,0.26622699402076444,0.04995842406683544,0.0002372648146433721
2018-06-25,-0.0012577025894918675,3.0349043754550607e-06,3.1659744318667785e-06,0.0,1.3645869946561071e-06,1.0115536205022517e-06,0.22374266355272282,0.2204396668112173,0.05049865856683904,-0.0012662796089143477
2018-06-26,-0.00024613954730793306,5.2289234909326e-06,4.779927398979792e-06,0.0,1.9820902715078403e-06,1.8158960866838155e-06,0.3557183068508257,0.35493280540566124,0.049862262842780294,-0.00025994638455603713
2018-06-27,-0.0013893730520192153,3.34295684904343e-06,2.7454133690452185e-06,0.0,1.2542820941920968e-06,1.3791570549490417e-06,0.17543710755094974,0.2813591423733231,0.049660757141884115,-0.0013980948613864451
2018-06-28,0.00047330707848419106,2.585405538597586e-06,2.141642510589574e-06,0.0,8.951924390262827e-07,1.0697989602494183e-06,0.14649407412498697,0.230062182041524,0.05033595671962177,0.0004666150390357282
2018-06-29,0.0006710470130937508,5.95279866667972e-06,6.532096968875444e-06,0.0,2.3768144097652777e-06,3.2830929702875246e-06,0.4485551746780728,0.5847646909595494,0.033205071951245,0.0006529022100781428
2018-07-02,0.00012068615621560031,4.155460575508057e-06,4.6876210715072725e-06,0.0,1.2843422674391521e-06,3.04163609164622e-06,0.22572964218287978,0.4608876555305874,-0.05010720786597739,0.0001075170962094996
2018-07-05,-0.00028874292273937263,1.5488906427390683e-06,1.805396242142715e-06,0.0,5.654353505417502e-07,2.5933311836222884e-06,0.1204134188665478,0.3859145293664371,-0.04976510948210741,-0.00029525597615841844
2018-07-06,-0.00048234861525549196,1.0842037511955586e-06,1.3168327068122287e-06,0.0,3.436608057277702e-07,2.3133183514417414e-06,0.0904845486826783,0.3395040486176951,-0.04913343442451734,-0.00048740663087066925
2018-07-09,-0.0002717553091625702,2.1450771681782816e-06,1.8517568684851182e-06,0.0,7.733261855916673e-07,2.440970869020644e-06,0.12367815882374994,0.36156631895754776,-0.048516787037920436,-0.0002789664402538459
2018-07-10,0.0002822135467710257,1.8996837264555829e-06,9.349911194403891e-07,0.0,5.880740004755995e-07,2.3265437212878643e-06,0.06274894657679175,0.3421450274132434,-0.04871431776311767,0.0002764642542033663
2018-07-11,-0.00028857240461751345,2.6961229280939225e-06,1.8534991600330256e-06,0.0,8.400385337663172e-07,2.1997759032750295e-06,0.10790075298297208,0.3196411051345933,-0.049921246615611786,-0.00029616184114268174
2018-07-12,-0.00036932801305475176,1.307749627775448e-06,1.6994737477511174e-06,0.0,4.879228462084434e-07,1.933479871080084e-06,0.11679692281651428,0.2750191106817014,-0.04980550765975271,-0.00037475663914756686
2018-07-13,-0.00011330896978756405,1.463963480463898e-06,1.3486110075396725e-06,0.0,6.075572977587026e-07,1.8315027031128893e-06,0.09161586158203056,0.25772184014929916,-0.04997061397366637,-0.0001185606042764392
2018-07-16,-1.6631470070518657e-05,9.530940756196805e-07,1.0146815243746343e-06,0.0,3.9845715918634254e-07,1.80470851734757e-06,0.0703131337183007,0.253200559000038,-0.04999047191435371,-2.0802411347046884e-05
2018-07-17,-0.00020628457931310716,6.705560675642763e-06,4.188295264461498e-06,0.0,2.569594144508126e-06,3.163986118502873e-06,0.3186606762261751,0.49350140348619287,-0.038048264422289674,-0.00022291201551622242
2018-07-18,-0.0002323067427555858,2.3551448930672186e-06,2.859133012764933e-06,0.0,1.002054497831788e-06,2.600422214959206e-06,0.18015593862244925,0.38686320931865353,-0.05000772279449325,-0.00024112349737420895
2018-07-19,0.0011143949219992628,3.2664357568630235e-06,2.0701240369516443e-06,0.0,1.3074065830520667e-06,2.4299273280631068e-06,0.13628113159554456,0.3778520335897062,-0.03037575752489552,0.001105321028294333
2018-07-20,-0.0002742289673616593,4.688720132678262e-06,3.7201663893862135e-06,0.0,1.5600545169558615e-06,8.692964884533871e-07,0.28167497811809994,0.1886959446405781,0.04265413458040906,-0.000285067204889133
2018-07-23,-0.00031604974799058684,1.8367826090982993e-06,2.7570910045267124e-06,0.0,9.196917091931635e-07,9.894955001046662e-07,0.15492739932835048,0.1691987228385631,0.0029634788209793005,-0.0003225528088135097
2018-07-24,0.0001500050709563983,2.1236248196997303e-06,3.4619420205894894e-06,0.0,9.7840896324771e-07,1.6629305293997427e-06,0.20431548921851342,0.22954907953450032,-0.04982324940465635,0.00014177816462346163
2018-07-25,-0.00058429197998285,2.1494841925199933e-06,2.0460953245019e-06,0.0,8.245254244994292e-07,1.5926745774556004e-06,0.13398583519902454,0.21775306302765246,-0.04981626598488837,-0.0005909047595018269
2018-07-26,5.00851596453974e-05,3.009794863885059e-06,2.5980418064642018e-06,0.0,1.228364963255963e-06,1.9216903165716903e-06,0.1827666391810874,0.2731524500212004,-0.049691523162843594,4.132726769522049e-05
2018-07-27,0.0003489576150371271,3.410241649408629e-06,3.88124501414757e-06,0.0,1.9148939978642224e-06,1.697419226215567e-06,0.25829740975455157,0.23579084047979457,-0.04937558952442056,0.0003380538151494911
2018-07-30,0.00027414075099472867,3.5982295452654407e-06,4.5683591772291e-06,0.0,1.98896572731082e-06,2.2628882990353263e-06,0.30565571510640943,0.33042273615665163,-0.04974249808128316,0.000261722308245888
2018-07-31,-0.0008097784771772805,3.417344988480221e-06,2.7494177372072264e-06,0.0,1.7100261813502677e-06,2.0496945007288964e-06,0.18862508251383905,0.30529972005205236,-0.039048956070402124,-0.000819704960585047
2018-08-01,0.0009410592513476984,4.163443931221991e-06,5.073478121168586e-06,0.0,2.2265251062159523e-06,2.0229156264448124e-06,0.37836087183025113,0.3126576315449403,-0.027192193697788268,0.0009275728885626471
2018-08-02,-9.593449931966253e-05,4.591187236105888e-06,4.51728080414946e-06,0.0,2.2339375600025625e-06,2.878630484936642e-06,0.3066049729412413,0.43373506773916504,-0.04987485373019085,-0.00011015553540485708
2018-08-03,0.0004226334050229265,2.456278122028245e-06,2.531726299972149e-06,0.0,1.6779378183233273e-06,3.0332165787899122e-06,0.17567453861641158,0.45958424200240283,-0.04999614323430249,0.00041293424620381287
2018-08-06,-0.0006209519602519771,2.056791759169712e-06,2.2858179289506717e-06,0.0,1.2397549574027571e-06,2.550120483524255e-06,0.15642423716549544,0.37852744649720244,-0.04989279473487254,-0.0006290844453810245
2018-08-07,-0.0005922643520978533,3.6067541826840722e-06,2.373848246499311e-06,0.0,1.6867058671992667e-06,2.9724683207443744e-06,0.1709673817890285,0.4495276035530823,-0.04984707433197255,-0.0006029041287149803
2018-08-08,-0.0008077148757397313,3.6495448822574962e-06,3.7141700007362956e-06,0.0,1.748891461641152e-06,4.014776897075198e-06,0.2680991906768061,0.6240751795360255,-0.050407339172607535,-0.0008208422589814414
2018-08-09,-0.0004696396243730605,5.03240627951351e-06,3.330962904857265e-06,0.0,2.0233584259838235e-06,3.637012112284644e-06,0.21273611786737973,0.5878817513912848,-0.023136283472535213,-0.0004836633640956998
2018-08-10,-0.0005182210380002594,4.62599691852385e-06,5.9336284176892785e-06,0.0,1.9269638011713444e-06,1.4235299413652936e-06,0.41851796128952706,0.25111290757608035,0.011959877426711063,-0.0005321311570790092
2018-08-13,-0.00018807794932024387,2.213161157919782e-06,1.4275390274624881e-06,0.0,7.33743765699361e-07,9.048894829538303e-07,0.12971959467579194,0.2019281888378348,0.049906755701591365,-0.00019335728275427934
2018-08-14,0.00023749397996896616,2.431182466536487e-06,2.0675153787725607e-06,0.0,8.255174376414703e-07,7.153688353368185e-07,0.13153027417581664,0.17029604247470284,0.0501140781381173,0.0002314543958506788
2018-08-15,-0.0005981333089010734,2.912705690343979e-06,2.8832249115956865e-06,0.0,1.264769424136162e-06,1.0080936424114799e-06,0.16492586595673153,0.19636605114700348,0.02700631922187493,-0.0006062021025695607
2018-08-16,0.0002494373372864391,3.298465720683021e-06,4.154285842661985e-06,0.0,1.5974583646475407e-06,1.5791677290898052e-06,0.24406192186545816,0.22187970870664653,-0.04342046978044069,0.00023880795962935675
2018-08-17,-3.5960965097678046e-06,2.809989975903358e-06,2.682793991481674e-06,0.0,1.384338162972145e-06,2.256870594440123e-06,0.19766484015363184,0.3467309817636054,-0.032423278102335334,-1.2730089234565104e-05
2018-08-20,0.0006136728171420473,3.1957129158718587e-06,4.2227484365016275e-06,0.0,1.5521367693745393e-06,3.5253433411927956e-06,0.2896292589053709,0.5427839979826806,-0.04947368333770888,0.0006011768756791064
2018-08-21,0.0004196706758802248,2.996849892232704e-06,1.8409989030221198e-06,0.0,1.2989996206817337e-06,3.474850294965118e-06,0.124595151404502,0.5342441373659769,-0.049530712188162906,0.00041005897716932314
2018-08-22,0.00020386393123934636,3.6690959247745254e-06,2.9156446025527287e-06,0.0,1.4846313833792585e-06,3.656117662734047e-06,0.18801051221577592,0.5644667726079678,-0.049760994731352426,0.0001921384416659058
2018-08-23,-0.0003348711548933939,3.4006866404434376e-06,4.337089911135591e-06,0.0,1.6934290013159274e-06,2.7417813157717845e-06,0.2896561386667229,0.4105706924261863,-0.05004856862347336,-0.0003470441417620606
2018-08-24,-0.0007203227453161362,2.2642348271783806e-06,2.2340006805484615e-06,0.0,9.545668723507356e-07,2.2200366731360876e-06,0.1478038300832164,0.323684178607602,-0.049281982479260716,-0.0007279955843693498
2018-08-27,-0.0003212645024249649,2.014418550396015e-06,1.6822335374703563e-06,0.0,8.78273223380581e-07,2.04291165697254e-06,0.11027925046306945,0.29415301310631536,-0.04905614526507131,-0.0003278823393931844
2018-08-28,-0.00035251493357965445,1.5596024302250145e-06,1.5541066499039194e-06,0.0,6.992051049934496e-07,1.8908644031510242e-06,0.10067713068871753,0.2680465388054562,-0.049618680923915866,-0.00035821871216792787
2018-08-29,-0.00045598387046252414,3.104404342924683e-06,3.435898814581721e-06,0.0,1.2847516104555023e-06,3.1638875075937964e-06,0.256241602020388,0.48181583976952247,-0.049717261506235316,-0.0004669728127380798
2018-08-30,-0.0002785457465003115,4.398986449118415e-06,6.1244325744808275e-06,0.0,2.0021126097796974e-06,1.962198722699129e-06,0.40937258840759405,0.279745916576183,-0.04990346883727041,-0.00029303347685638955
2018-08-31,-0.000251545282014509,4.72181397711553e-06,4.5770965839083215e-06,0.0,1.8578904156957496e-06,2.4939415710659153e-06,0.3032513242097782,0.36902194110791,-0.04996024283116379,-0.0002651960245622945
2018-09-04,-0.0004374054260819313,6.0936343463833996e-06,7.144602429649167e-06,0.0,3.4381918888195948e-06,3.980986453862412e-06,0.5175484899680853,0.6777254166387024,0.008919692389817435,-0.0004580628412006459
2018-09-05,0.00012282788157917877,3.808596109938692e-06,4.393288525625384e-06,0.0,1.6449246837062148e-06,3.854406698330282e-06,0.2573556893993926,0.5981456970817215,-0.04939462823776608,0.00010912666556157819
2018-09-06,-0.0011486233065066092,3.8088466487690954e-06,2.224662297504695e-06,0.0,1.7663314500414384e-06,3.2528818607405195e-06,0.22602110483896898,0.596559032017435,0.050074879413027684,-0.001159676028763665
2018-09-07,-6.726520760097484e-05,3.0099382446110093e-06,2.9548890776947775e-06,0.0,1.4351426678848696e-06,3.398564624713963e-06,0.20172877215807988,0.6212090869355384,0.05025022998359244,-7.806374221587946e-05
2018-09-10,0.0004972528410703484,5.03667357285771e-06,3.962268832574269e-06,0.0,1.508664074033829e-06,2.2575215942004217e-06,0.2666654791354196,0.429738113980576,0.05047448615490527,0.0004844877129966821
2018-09-11,-9.05524717766456e-05,4.464800701008401e-06,4.51529174265376e-06,0.0,1.9756977624341066e-06,1.13794467141614e-06,0.33108723121921113,0.2412174789316795,0.050042774133767995,-0.00010264620665415801
2018-09-12,0.00033406375455216863,6.723830269068983e-06,9.098467335821581e-06,0.0,3.398732518534357e-06,3.9078230981900715e-06,0.5966346185483422,0.6076473495853203,-0.048866930910611756,0.00031093490133055367
2018-09-13,-0.000562323037226359,3.4687766374173344e-06,4.1647112804637425e-06,0.0,1.3991137591102914e-06,3.07938301621937e-06,0.2757433238866756,0.46757442720184356,-0.049761919523010484,-0.0005744350219195698
2018-09-14,0.0002204881184592213,2.912235190188034e-06,3.178885134651286e-06,0.0,1.2909677317126344e-06,2.5753385169921277e-06,0.21168054795789806,0.38264023046290935,-0.0500166403917682,0.0002105306918856772
2018-09-17,0.0005682004302043931,5.34824546787895e-06,4.897938399973932e-06,0.0,2.832769403841458e-06,2.5741442292010063e-06,0.3226246628577952,0.38209079212487257,-0.05036543838089642,0.0005525473327034978
2018-09-18,-9.458543276401652e-05,4.567407494659748e-06,3.7280737392685934e-06,0.0,2.2222013156525316e-06,2.8758474729680446e-06,0.26443932920394664,0.4330574453023579,-0.05008493015627345,-0.00010797896278656544
2018-09-19,-0.0011397695637119798,4.564784952651004e-06,2.8933876101353388e-06,0.0,1.5803408354508781e-06,2.2229477255421957e-06,0.20465574048346635,0.36534906671973605,-0.00810615117135273,-0.0011510310248357592
2018-09-20,0.00010472831840531861,2.832071312735055e-06,3.7762138190311295e-06,0.0,1.2979420607711716e-06,2.9653886353682984e-06,0.23347774029611584,0.44869843341803245,-0.049486857323841865,9.385670257741296e-05
2018-09-21,-1.1456042872246667e-05,3.92301145530578e-06,3.822507260736079e-06,0.0,1.669360695002445e-06,3.947982804283769e-06,0.27211571591035244,0.6134818215598907,-0.04977928955978286,-2.4818905087574737e-05
2018-09-24,-7.357035580389297e-05,4.2433348280885186e-06,3.3063121451039677e-06,0.0,1.8476273866330395e-06,3.61059939704385e-06,0.21581579156499942,0.5562540647977636,-0.05032663390560346,-8.657822956076235e-05
2018-09-25,-0.0004511577418371482,4.534865015669886e-06,5.056125767869285e-06,0.0,1.942969511325111e-06,2.0714493088920366e-06,0.378359943130559,0.3484235318304862,0.000420047936624271,-0.0004647631514409045
2018-09-26,-0.0005093865655839675,3.1290314262433436e-06,2.120527094646454e-06,0.0,1.0252428641437925e-06,1.9422743375565925e-06,0.18808634103880512,0.3766404063821295,0.050338317672622146,-0.0005176036413065577
2018-09-27,-0.0005248751816035637,4.46713089059791e-06,5.018985547581846e-06,0.0,1.9464783477813e-06,1.7126874009624985e-06,0.32675897202660464,0.3374673121181311,0.04973582875643155,-0.0005380204637904873
2018-09-28,-0.0007061085692640195,7.001462612628578e-06,7.1641281096733005e-06,0.0,3.312938662637289e-06,3.1206488781982657e-06,0.36799509041983103,0.47388418558089773,-0.050384825956410695,-0.000726707747527157
2018-10-01,0.0007484419452513118,5.590439725866149e-06,4.712135193705209e-06,0.0,2.7556509588865037e-06,2.598781936775797e-06,0.31551497233224035,0.3866439325802261,-0.04995143279810757,0.0007327849374360781
2018-10-02,4.46698823062893e-05,3.892607008515032e-06,4.0688840103818e-06,0.0,2.25706792719847e-06,2.7139225333456003e-06,0.2964928858758982,0.40589479073101675,-0.05004419487104422,3.1737400826848395e-05
2018-10-03,0.00018801820503463044,4.972148068876997e-06,4.374330400313756e-06,0.0,3.0818439682022813e-06,3.018243327132156e-06,0.29627870479058294,0.45721649948194976,-0.049848379476252314,0.00017257163927010525
2018-10-04,-0.001059813250649011,8.415250379199697e-06,1.1750380238152121e-05,0.0,4.934915609918669e-06,4.92035156015345e-06,0.7850597408538285,0.7769457652692304,-0.04967329683654914,-0.001089834148436435
2018-10-05,0.0005732400567408761,4.701319183686517e-06,3.13550033620289e-06,0.0,2.583859156394888e-06,3.7767791418008366e-06,0.28812986173591604,0.6844658118284266,0.04996691600588596,0.000559042598922791
2018-10-08,-0.0002920166192499166,4.8449718766160685e-06,4.612009652553101e-06,0.0,1.7918831522489434e-06,2.8069754555100383e-06,0.33492697551811945,0.5211336722169897,0.04956179569130345,-0.00030607245938684476
2018-10-09,-0.0002672336797563114,5.2221489729911765e-06,5.216722221544044e-06,0.0,3.4986452873928174e-06,3.890006473348027e-06,0.3483186464679955,0.7033198630411182,0.04979877551864961,-0.00028506120271158745
2018-10-10,-0.004369512155008495,1.0830018901949097e-05,1.1984702336026269e-05,0.0,5.486632061960074e-06,4.50125163544867e-06,0.8925633017250969,0.808117849408463,0.05190757465308629,-0.004402314759943879
2018-10-11,0.00020523605412092592,7.489831475829776e-06,7.666218874425805e-06,0.0,3.7410986849650195e-06,2.0197748156983066e-06,0.5138194062112954,0.3915153601707679,0.052193191133452596,0.000184319130270007
2018-10-12,0.00030048028516576714,4.658041615931926e-06,3.4606330572367075e-06,0.0,2.6046277598210833e-06,1.993626284901356e-06,0.22834876049896433,0.3869463611658752,0.05201714530244754,0.00028776335644787606
2018-10-15,0.0011072074168540615,8.036441796317841e-06,8.86221809279127e-06,0.0,3.770405751561881e-06,4.682752936892616e-06,0.6467932208236322,0.8368073629694239,0.050104869571464705,0.0010818555982764978
2018-10-16,0.00045358604003559665,5.47863085336292e-06,4.538328380800535e-06,0.0,2.9127906436222015e-06,4.355793462055033e-06,0.28960675422500226,0.786162853077397,0.05438955145215163,0.00043630049669575596
2018-10-17,-0.0006132767633589577,1.3100699078522235e-05,1.6406428809251787e-05,0.0,8.157363761994183e-06,4.525113765729778e-06,0.9744915639316307,0.7110536356388557,-0.049165477003747446,-0.0006554663687744557
2018-10-18,-0.0025635347997201158,7.184739880260254e-06,4.940617111608715e-06,0.0,3.282509824496016e-06,3.6062782369770075e-06,0.3301150398006281,0.5561424863438715,-0.04971225746826527,-0.002582548944773458
2018-10-19,-0.001404629659982996,5.301420950644278e-06,3.4266658118108493e-06,0.0,3.39660936160854e-06,2.1471123479042697e-06,0.33151919387302115,0.4095781518823457,0.04886327743442856,-0.0014189014684549638
2018-10-22,-0.000199758311513752,3.7353192194809995e-06,3.4514998387331802e-06,0.0,1.444666482079639e-06,1.4586328317756877e-06,0.24735712830569892,0.29478651111907556,0.04973619538075998,-0.0002098484298858215
2018-10-23,-0.0007229020739522781,3.353683782074602e-06,2.5270221783074013e-06,0.0,1.3742147969549674e-06,1.3602698920721125e-06,0.15923484196579257,0.2788661276907165,0.05034078582260152,-0.0007315172646016871
2018-10-24,-0.002949944785625872,4.709314876054789e-06,3.6797041480577697e-06,0.0,1.5750542532403244e-06,1.552186641941921e-06,0.24639872704420088,0.31086563841294546,0.050098282566702734,-0.002961461045545167
2018-10-25,0.0010872675971048396,4.4904540613636615e-06,3.7300395411371758e-06,0.0,1.8130422601855566e-06,1.46080281574605e-06,0.2306937319031943,0.295758965446539,0.050344092401202564,0.0010757732584264071
2018-10-26,-0.00016692426544499033,7.972876415492919e-06,9.922993943291832e-06,0.0,5.022886925571336e-06,3.5420466509034574e-06,0.6433321350182639,0.6183451892214795,0.02328135186969829,-0.00019338506938024988
2018-10-29,-0.0014825430930573958,4.948517004067248e-06,5.7990909117581265e-06,0.0,4.0038145051939274e-06,4.272828174018994e-06,0.3268015955262154,0.6679707405588655,-0.04986439267632542,-0.001501567343652434
2018-10-30,-0.002450934554251298,5.42838670298931e-06,3.84689850583062e-06,0.0,3.393680979890151e-06,4.114988967933874e-06,0.25009835189691754,0.6409719697774411,-0.05034617683544945,-0.0024677185094079423
2018-10-31,0.0006368200936264865,1.05415381787278e-05,1.1383484199545875e-05,0.0,8.458254248797731e-06,2.7673085060516367e-06,0.9305861116492993,0.5149342206871678,0.05002639167049294,0.0006036695084933634
2018-11-01,0.0017701103711735809,4.847015230383256e-06,7.402091812562135e-06,0.0,3.6314335461352987e-06,4.434787809722369e-06,0.4533980716563386,0.6958086017331262,-0.049235750300231806,0.0017497950427747778
2018-11-02,0.002233853981399412,4.09718192240839e-06,3.963332525194991e-06,0.0,2.0436628389493144e-06,3.348617922006675e-06,0.2539087234558087,0.5135542090734422,-0.04901360182367914,0.0022204011861908526
2018-11-05,0.0003323602711698925,4.4930698188580035e-06,3.849184471798081e-06,0.0,2.1845678829294763e-06,2.2250353691484304e-06,0.2519398252155046,0.32497401388349656,-0.048831928133439784,0.0003196084136271585
2018-11-06,-0.0003967382541357459,5.179149876805281e-06,5.598472601831201e-06,0.0,2.169492307044211e-06,1.4894419293701943e-06,0.3515451160253304,0.200255955702656,-0.049970288431536614,-0.0004111748108507968
2018-11-07,-0.00033940887804913175,1.9772551540890827e-06,2.014430322423421e-06,0.0,8.908250100611854e-07,1.1550495539406852e-06,0.1407751058298269,0.1443442023068393,-0.04970412275519586,-0.0003454464380896461
2018-11-08,7.248231954205787e-05,2.3382858493584173e-06,2.7138013288122266e-06,0.0,8.855935552480584e-07,1.715998275615042e-06,0.17662946259998583,0.23837099708058707,-0.049916713222739814,6.482864053302412e-05
2018-11-09,-0.0004780462455834015,4.336784535186582e-06,2.41305435164597e-06,0.0,2.127385825292579e-06,1.3319088823366682e-06,0.2551315403798699,0.2737661638199836,0.05000547158742348,-0.0004882553791778633
2018-11-12,-0.0013976714914219397,3.494166185653263e-06,3.1436837026549196e-06,0.0,1.6506992417877534e-06,9.467908529219067e-07,0.21916278232785125,0.20886644019136408,0.04980557690048382,-0.0014069068314049576
2018-11-13,0.0003018730049912479,2.2490861915845804e-06,2.918623452881499e-06,0.0,1.171137726660199e-06,1.0857033978098816e-06,0.19767191634959236,0.2323056344348925,0.04990746360283249,0.0002944484542223117
2018-11-14,-0.00032109568110453353,2.6172879289729242e-06,2.0909834497103053e-06,0.0,9.238358803151675e-07,9.872637789029934e-07,0.14578932857454152,0.2155115324771328,0.04965121762143009,-0.0003277150521424349
2018-11-15,0.0009932684323300685,4.0349252089088715e-06,5.571990815927143e-06,0.0,2.4479114021094015e-06,2.2449451885810785e-06,0.2882488144950599,0.327640592435789,-0.049510199245832,0.000978968659714542
2018-11-16,-0.0002754859748863367,5.607126953964067e-06,4.954107854954134e-06,0.0,2.8067522217771834e-06,1.947638711509524e-06,0.3998003163063326,0.3268724251247533,-0.00033087840884651887,-0.0002908016006285416
2018-11-19,-0.0006485006425533396,2.6350873283140546e-06,2.7286965307748477e-06,0.0,1.1254714727782995e-06,2.156940426187352e-06,0.13643128509813818,0.31109795781676813,-0.051268033782706904,-0.0006571468383113942
2018-11-20,0.0010112752644020158,2.838998621216369e-06,2.4070427661294134e-06,0.0,1.3460305309600336e-06,9.261698841941552e-07,0.2259390170266448,0.18546704623830934,0.02987050569369124,0.0010037570225995159
2018-11-21,0.00024458333801181834,2.5925754402214612e-06,2.4975686494912487e-06,0.0,1.0267311274851642e-06,1.170799726969338e-06,0.1610293517028183,0.22845985266694535,0.03176549853609652,0.00023729566306765113
2018-11-26,0.00033753446819041044,2.1684233156367768e-06,2.880907543012972e-06,0.0,9.007728071902601e-07,1.1346460110123945e-06,0.14806802131856547,0.16188176821624367,-0.02873876163383865,0.000330449718513558
2018-11-27,-0.00010476167422381904,1.5010838382681426e-06,1.6066185931921782e-06,0.0,6.20888104686045e-07,1.148345483512123e-06,0.10628795506817033,0.15950469053458777,-0.0334173506954489,-0.00010963861024347753
2018-11-28,-0.0007868211033656072,1.638830595881696e-06,2.0612227749793442e-06,0.0,6.668428750108238e-07,1.1902074306713199e-06,0.12417199081315294,0.1500048211291416,-0.04995002722364007,-0.0007923782070421504
2018-11-29,7.112377667724055e-05,5.761302613980593e-06,5.161690446036944e-06,0.0,2.9261655735700646e-06,2.7716129356112227e-06,0.38484930464126876,0.4157765676704728,-0.04985440551221269,5.4503005108041726e-05
2018-11-30,3.92334292708569e-05,3.1794122451447853e-06,2.3379640400271833e-06,0.0,1.531352964421104e-06,2.6481533734425866e-06,0.14646060671816677,0.3960772551468381,-0.04881251159151648,2.953654664782124e-05
2018-12-03,-0.00023095923357260894,2.28862225960654e-06,2.1963854537415514e-06,0.0,1.1150720291420135e-06,2.5536809497228745e-06,0.1419092724455352,0.3798173538764825,-0.04920104567696025,-0.0002391129942648219
2018-12-04,0.0003381076597182829,3.3374710251820927e-06,2.2798451110114566e-06,0.0,1.5953871517064745e-06,2.4523444774847494e-06,0.1344709519367196,0.3616940641549415,-0.050299808062496607,0.00032844261195289816
2018-12-06,0.00043697214910121444,5.735990296658186e-06,8.183663594359226e-06,0.0,3.4314168581399373e-06,2.512032697480605e-06,0.549759229283936,0.3723470403578693,-0.04967445281887224,0.0004171090456545765
2018-12-07,0.0006572256260772859,2.3371632563562184e-06,8.536400884308297e-07,0.0,1.1952045581722984e-06,1.598910607833812e-06,0.14104645328145532,0.32024618412751676,0.0516292020114361,0.0006512407075664928
2018-12-10,0.0003503091651676757,2.404193244290172e-06,2.613045381238466e-06,0.0,1.0927822555118362e-06,9.954719292967768e-07,0.18984892089209454,0.21717423535178842,0.04993495122992996,0.0003432036723573384
2018-12-11,0.0001430881031201096,4.247896799613204e-06,4.676386044898412e-06,0.0,1.9971897815660486e-06,1.8917607726066904e-06,0.34615461974532724,0.36764438353589524,0.049828573737971185,0.00013027486972142524
2018-12-12,0.00013376884208293405,5.586790543587039e-06,5.651324479002914e-06,0.0,3.1194516980707474e-06,3.307422908593568e-06,0.4130169419305981,0.6058962992098382,0.05024925056611923,0.00011610385245367977
2018-12-13,-0.0010910081180066599,3.0723747116193952e-06,2.9604618203801207e-06,0.0,1.1806769770910893e-06,2.5781901902303078e-06,0.18647724368164814,0.4829751295921587,0.04983917763346701,-0.0011007998217059808
2018-12-14,9.284834622775814e-05,4.946375447005877e-06,6.4190974085161726e-06,0.0,2.461663607538425e-06,2.447454479517525e-06,0.3345942455362325,0.35967417754373876,-0.05149817501520533,7.657375528518014e-05
2018-12-17,0.00092604927320668,5.498344621902756e-06,6.779063488724634e-06,0.0,2.7779235202072824e-06,2.6452687550038804e-06,0.5327648689759936,0.49239761248523933,0.04799246164458762,0.0009083486728208415
2018-12-18,0.00023212031088503217,3.583248797448461e-06,2.5801504823278073e-06,0.0,1.341577511971669e-06,2.0828107700322322e-06,0.15602089519425325,0.3990734456012317,0.04916123623581661,0.000222532523323252
2018-12-19,-0.0009487644350100366,2.4130288984002015e-06,2.5540043218159383e-06,0.0,1.4798941786136051e-06,2.4371863098947115e-06,0.17472822555448056,0.45962934433045893,0.05018204426814726,-0.000957648548718761
2018-12-20,-0.00047841297974287326,1.6852476033622315e-06,1.4844703948779453e-06,0.0,9.249069585377195e-07,2.2415300754642897e-06,0.1007053637289156,0.4276337031568962,0.051056650478895654,-0.00048474913477511547
2018-12-21,-0.0007202554080370372,2.428420853591914e-06,1.8370242573671343e-06,0.0,1.0102463674243079e-06,2.204302384932962e-06,0.12145249701033807,0.42338500365600396,0.05306220298726655,-0.0007277354019003535
2018-12-26,0.0011113528496936175,4.178392097007292e-06,3.896958985873321e-06,0.0,2.1126021752070554e-06,2.5785269977385136e-06,0.2319863679344246,0.46749053978681376,0.03429800416674339,0.0010985863694377913
2018-12-27,0.00012894319398341908,5.13949274844882e-06,5.572066013029254e-06,0.0,2.0099793477370317e-06,1.5143509721583233e-06,0.33555259939081317,0.2040655827912199,-0.050345380531378284,0.00011470730490204565
2018-12-28,4.247281285460006e-05,1.8847227080310134e-06,1.187297309730594e-06,0.0,4.881383897064082e-07,1.4789440511993606e-06,0.07636161175020724,0.19817360554052246,-0.0502889950609704,3.7433710395932684e-05
2018-12-31,-0.0005470702868934203,1.348066290234975e-06,1.4078502821994898e-06,0.0,4.086635060208037e-07,1.0182553583050016e-06,0.10255525021750947,0.12057064889996826,-0.050496251295271924,-0.0005512531223301806
2019-01-02,0.0004830256424310763,3.007571053628863e-06,2.9824518080489156e-06,0.0,9.785239042414937e-07,1.7738278479984197e-06,0.18672523753515785,0.24793765907143783,-0.050065419392296404,0.0004742832678171586
2019-01-03,0.0010475146127315266,1.8261409779121665e-06,1.2018666386364906e-06,0.0,5.741157934252849e-07,1.1363052729349123e-06,0.11962581351918511,0.17932836586859235,-0.011570919984473071,0.0010427761840486177
2019-01-04,-0.0005399599831600709,1.8326050777494958e-06,1.3544898705556991e-06,0.0,7.245977455528312e-07,1.2259995300057058e-06,0.08770259356146606,0.19236172210748365,-0.013606198933475006,-0.0005450976753839347
2019-01-07,-0.0007262549151416292,2.056605719966859e-06,1.6881000844644592e-06,0.0,6.895519346823345e-07,6.51898355887184e-07,0.14237644602515148,0.1175987022699853,0.008079778480938255,-0.00073134107123663
2019-01-08,3.149425995330224e-05,9.69660278873807e-07,1.6313596326532029e-06,0.0,3.5967781148848253e-07,8.463372446992939e-07,0.09670598431294464,0.12374618100135458,-0.018438476108126794,2.7687224985587453e-05
2019-01-09,-0.00024782388385001535,1.0196145617145298e-06,1.185227247172068e-06,0.0,4.1027970181961774e-07,1.025735022792986e-06,0.07304353042748513,0.13938349892465468,-0.03293998490456697,-0.00025146474038351455
2019-01-10,0.0001178827401969967,9.464907743717098e-07,8.364624766204176e-07,0.0,2.826905351938375e-07,1.1228772203383848e-06,0.05003136154623874,0.14731624565718554,-0.04132712735966308,0.00011469421919047234
2019-01-11,-4.563318421677651e-05,8.1528273900402e-07,8.210401311151477e-07,0.0,2.187155855735975e-07,8.807236289935912e-07,0.05407577288828676,0.10811160303727727,-0.03984996663364601,-4.836894630146287e-05
2019-01-14,0.0002782031935558251,5.456333936502422e-07,4.4714583642988575e-07,0.0,2.707361588473823e-07,7.80031072576934e-07,0.04181908080033374,0.10570120895143294,-0.025344011241491934,0.00027615964709432067
2019-01-15,-0.00018675249224485514,8.060517690655461e-07,7.153198159364608e-07,0.0,2.7916558081143304e-07,6.944473067684355e-07,0.0499763775582321,0.09714689010666859,-0.01952025743042861,-0.000189247476717437
2019-01-16,4.1070910685081425e-07,1.0333304681173565e-06,4.719035748664906e-07,0.0,3.605215435078732e-07,6.142551417018913e-07,0.05155776210117959,0.10665313853608457,0.00345827473016682,-2.0693016213427973e-06
2019-01-17,-7.575965359322254e-06,7.029603319516083e-07,1.1816353726538614e-06,0.0,2.311046942573009e-07,9.002182099265356e-07,0.05581665206438668,0.12104128902766433,-0.03019537023999364,-1.059188396811156e-05
2019-01-18,-4.987345106712259e-05,5.697069336450496e-07,8.230367502013491e-07,0.0,2.1606442938741346e-07,1.0122571546539484e-06,0.04057454289442862,0.1207056922568368,-0.049353509725026515,-5.2494516335010354e-05
2019-01-22,0.000746266992809904,9.151760805256861e-07,1.3069885473965702e-06,0.0,2.870787057813163e-07,8.229255489657117e-07,0.08743324422354859,0.08859725476068946,-0.04965423746555005,0.0007429348239272348
2019-01-23,-0.00015966488207421853,1.7839801096161425e-06,1.421951054194594e-06,0.0,5.074148301802861e-07,8.987388356854254e-07,0.08318757440107173,0.10130249145749565,-0.04968563293765585,-0.000164276966903895
2019-01-24,0.0003802687758828045,2.0551057582315648e-06,1.4265900131201532e-06,0.0,6.692894409406866e-07,9.693448425108066e-07,0.09525613781728806,0.1302063800363876,-0.032643553505427914,0.0003751484458280013
2019-01-25,-6.854234661743417e-05,2.856731892054646e-06,1.6519298939574684e-06,0.0,7.547623689870607e-07,6.676674457261873e-07,0.11354037321474264,0.07211067286604116,-0.04005745801595827,-7.447343821815953e-05
2019-01-28,0.00012557532685244488,1.0658249406969415e-06,9.575820617582607e-07,0.0,3.159255811737972e-07,7.137394169590643e-07,0.05168444729405104,0.07003156589193618,-0.0498766561571867,0.0001225222548518568
2019-01-29,-0.00011691284035570226,1.2256229074045505e-06,4.303506315454411e-07,0.0,3.801147644382083e-07,5.219361706999834e-07,0.06501599351830124,0.08287857056280029,-0.004806706114796923,-0.00011947086482979044
2019-01-30,0.0004109197503865279,1.2491171398305449e-06,1.4021557455299404e-06,0.0,5.036205155386835e-07,8.826925528854957e-07,0.06416114194286719,0.11167381203952358,-0.03661853684523967,0.00040688216443274326
2019-01-31,-0.00033014378636817443,1.8526254371107306e-06,1.8120371251319263e-06,0.0,6.032525538758466e-07,8.905679753959898e-07,0.11042473738008818,0.09963250708367548,-0.04998291278285087,-0.00033530226945968893
2019-02-01,-4.463866141373842e-06,1.323981717592462e-06,9.497504956804584e-07,0.0,4.0658907549235195e-07,9.0009446854305e-07,0.06250176649278869,0.10106675661643832,-0.05014911409879408,-8.044281898682165e-06
2019-02-04,-0.00011274572527863417,7.758179392790063e-07,8.799665027807293e-07,0.0,2.9653982147420427e-07,8.234273650665125e-07,0.06067234431172332,0.0880611108980985,-0.05027468643307556,-0.00011552147690723462
2019-02-05,-6.711233264037574e-05,1.374091623531684e-06,1.130011755780708e-06,0.0,3.74312017581228e-07,8.870040872714267e-07,0.08053486723793157,0.09877835953594469,-0.050238327125655034,-7.087775212454078e-05
2019-02-06,-7.279844520342167e-05,1.1447967940282645e-06,8.91529913464397e-07,0.0,3.448087979187543e-07,9.038377992445442e-07,0.05743110607474885,0.10173035434015781,-0.05011439593292563,-7.608341850807764e-05
2019-02-07,0.0001695932241360842,1.6522418547267022e-06,1.8867035859074046e-06,0.0,6.554385582801976e-07,9.54660672053595e-07,0.12534726144482905,0.11040119381088354,-0.04998179909412055,0.0001644441794651163
2019-02-08,-0.00012332212409077906,2.5984063183700046e-06,3.647942649149231e-06,0.0,1.1270155170298507e-06,2.0586284818970455e-06,0.26294133026771044,0.31494466770855456,-0.030904917250149516,-0.0001327541170572252
2019-02-11,-0.0003581790449730107,1.6436560278839243e-06,1.0774537540179503e-06,0.0,5.613407122775602e-07,1.8098408854405916e-06,0.08410188919748028,0.28474994347777105,-0.019303325276248257,-0.0003632713363526307
2019-02-12,-6.194259518427608e-05,1.1239580644542749e-06,1.7531975982558389e-06,0.0,4.620549637554624e-07,1.2631483361805845e-06,0.12661393540231147,0.18859723236024178,-0.023611688118096302,-6.654495414692223e-05
2019-02-13,0.00024527059873491247,3.225285020141972e-06,3.5635694068574157e-06,0.0,1.2358427718691851e-06,1.3386763544940408e-06,0.25761818688450544,0.19016485760746438,-0.03473276994753442,0.00023590722518154986
2019-02-14,6.7935358395508e-05,2.8429590958829045e-06,3.329359172263167e-06,0.0,1.1772170094185087e-06,2.1097181611240366e-06,0.22095450612745343,0.30389187567220177,-0.05054077539663651,5.8476104956819386e-05
2019-02-15,-0.00044591262034288467,9.904555389422856e-07,1.2123015161552387e-06,0.0,3.402371818494789e-07,1.8888804345593966e-06,0.08329818381841564,0.2674859819292815,-0.049845931076697034,-0.00045034449501439106
2019-02-19,-3.5825710748768715e-05,1.5575336877707312e-06,1.6796523485783782e-06,0.0,7.417286708676374e-07,2.016549192355081e-06,0.11696788447428402,0.2891024618683347,-0.04967780244731887,-4.182117464834054e-05
2019-02-20,0.0001676986626732772,8.870211649980429e-07,1.0296578688407394e-06,0.0,4.509499549161318e-07,1.8396506502186743e-06,0.06785436890205682,0.2592267004189749,-0.04983460881776239,0.0001634913830343036
2019-02-21,0.0003212268696793197,2.8202998587969805e-06,3.870536278209299e-06,0.0,1.0256220744681416e-06,1.2605267946398974e-06,0.25725574061713724,0.16166740617709763,-0.05010109532240505,0.00031224988467320536
2019-02-22,-0.0004209443245912814,1.2788346325877326e-06,1.1671463725562886e-06,0.0,5.486400129972202e-07,1.08354411136959e-06,0.07913476719690019,0.13177257557392247,-0.05026283513616868,-0.00042502248972079224
2019-02-25,-9.819379171821755e-06,1.951859234511245e-06,1.9354238785934492e-06,0.0,6.688195262005715e-07,1.3925271225094902e-06,0.14256271884638494,0.1837288765680311,-0.05021568001356323,-1.576800893363651e-05
2019-02-26,0.00016906657347427878,2.166417496519123e-06,1.6410883032084703e-06,0.0,7.300374386685596e-07,1.4432839677971647e-06,0.11517327041252962,0.20106688807322165,-0.0414048185167021,0.00016308574626808546
2019-02-27,7.628781979050554e-05,1.8415410427815417e-06,1.5461612935243079e-06,0.0,5.90806453648362e-07,7.549975943330043e-07,0.14123964771064246,0.1297830207564709,0.002943424908526192,7.155431340621832e-05
2019-02-28,6.652776099879303e-05,1.8307210005405983e-06,1.5888006809086885e-06,0.0,6.366206804875603e-07,7.206104507939374e-07,0.11209922072933243,0.13526949859223597,0.014206942858854436,6.175100818606225e-05
2019-03-01,0.0002284755182031134,2.2683278475939995e-06,2.160784035640523e-06,0.0,8.19405329461827e-07,8.659231066655787e-07,0.14899074767391013,0.15750641949213495,0.012031337572317648,0.00022236107788375147
2019-03-04,5.212352659237177e-05,1.5518487311343762e-06,1.5307135026977318e-06,0.0,5.86217164548797e-07,8.654761829053985e-07,0.0757709781694128,0.1332016901463161,-0.01219830858179086,4.758927101108546e-05
2019-03-05,-0.00023826728833434193,1.652937717605685e-06,1.6884728328095415e-06,0.0,7.519312511527827e-07,1.065368700483015e-06,0.12869202977698962,0.17596266503224264,-0.0030192766489039527,-0.00024342599883639296
2019-03-06,-0.00033394171722449375,1.8859211573013284e-06,1.4573299216485175e-06,0.0,5.552647170699716e-07,3.963329266037834e-07,0.13471455584281286,0.11161377305631462,0.04502984138687906,-0.00033823656594711735
2019-03-07,-0.0004083043260509509,1.9346696034773313e-06,2.474692140389293e-06,0.0,6.687576159227919e-07,1.0046017911990838e-06,0.1691679679866535,0.2188761548043775,0.050103053882931424,-0.0004143870472019394
2019-03-08,-1.3981400844482836e-05,2.496125697320248e-06,3.5947703493734198e-06,0.0,9.965844401051068e-07,1.892134852692622e-06,0.2433908199778399,0.36810427544698576,0.0502256201946252,-2.296101618397423e-05
2019-03-11,0.001071780049516382,1.5211316943446943e-06,1.7250228783815314e-06,0.0,5.774479540848827e-07,1.3960015060274225e-06,0.12094368976992731,0.2843690342816434,0.04984078126903642,0.0010665604454835433
2019-03-12,0.0002147024633864731,1.5054622900487186e-06,2.556975435297604e-06,0.0,5.214542395360605e-07,7.796728008121637e-07,0.17327604046167397,0.15980806686089583,0.0288230363244523,0.00020933889862077853
2019-03-13,0.000319806831835858,1.6730274403204484e-06,2.796393086704699e-06,0.0,6.149270449829587e-07,1.011183975436229e-06,0.17601858968940542,0.15844363404811695,-0.011435273825169512,0.0003137113002884137
2019-03-14,-2.1997197232001886e-05,1.4691597196279275e-06,1.583663082158425e-06,0.0,6.145768219285389e-07,1.2387599439997851e-06,0.10420333164835568,0.18844778755800412,-0.019663883033959828,-2.6903356799716562e-05
2019-03-15,2.096326419111132e-05,1.499984819634246e-06,1.6644015731811166e-06,0.0,6.014891570964637e-07,1.5568282020336281e-06,0.10130276012346862,0.22335460139719315,-0.03819253654445637,1.5640560439165866e-05
2019-03-18,-0.00010935574682663271,1.0192979359229503e-06,9.38597847137897e-07,0.0,3.24485684275058e-07,1.5696124190117128e-06,0.05146578745717741,0.21386306247161013,-0.04983182392235773,-0.00011320774071298032
2019-03-19,0.0001325607432091193,2.1740112117355803e-06,3.257169622481479e-06,0.0,7.567504462172735e-07,1.165120422098837e-06,0.21880049242120517,0.14548539567375063,-0.05025483523885398,0.00012520769150658613
2019-03-20,-0.00011321441106831436,1.4922267545522004e-06,1.4514389825615595e-06,0.0,4.651588139263602e-07,1.212920900413174e-06,0.1067644180103158,0.1560854316189658,-0.047685279650447436,-0.00011783615651976765
2019-03-21,-0.0013956564513773319,1.99006193775146e-06,8.078798407120079e-07,0.0,6.158106851709626e-07,6.72683677588204e-07,0.1236628799468996,0.15218369891622452,0.03917284108140623,-0.0013997428875185546
2019-03-22,-0.0011272455925736172,1.4585914405975053e-06,1.2061537407005732e-06,0.0,5.94877634459198e-07,5.511574305897492e-07,0.0914927185226336,0.1422577179514176,0.04966326961233968,-0.0011310563728199642
2019-03-25,-2.5396172021696718e-05,9.928864592413703e-07,9.331417452932755e-07,0.0,3.9505302822113564e-07,4.077237572137539e-07,0.0618808117082213,0.11820697257143654,0.0497093813595258,-2.8124977011666252e-05
2019-03-26,0.0004118946062556136,6.932291962382585e-06,9.984027538097141e-06,0.0,3.911063687007436e-06,4.06761730472998e-06,0.5810838265982438,0.633239652967289,-0.05012005422734794,0.00038699960576339643
2019-03-27,-0.0005731175503922219,5.052661437020218e-06,6.34924930514518e-06,0.0,2.3152312291689005e-06,2.697494802511469e-06,0.47397214155911954,0.4033422240881574,-0.04983690273376962,-0.0005895321871660676
2019-03-28,-0.0006843173675484455,4.020477194840284e-06,3.627963569069092e-06,0.0,2.3260737929759766e-06,2.069234918072276e-06,0.26158781262889075,0.30975696269176856,-0.03787450354437391,-0.0006963611170234032
2019-03-29,0.0001813179434019245,2.1845590669743176e-06,1.7910770596459765e-06,0.0,1.0540003469601387e-06,1.8013223143283225e-06,0.129116330606005,0.2689550089149715,-0.033667139892186615,0.00017448698461401574
2019-04-01,0.000277891830787269,5.013623613574471e-06,2.1774447079451356e-06,0.0,1.7176175502468908e-06,1.842117226863925e-06,0.12816881164480595,0.2605353913746044,-0.048940302738535085,0.0002671410276886386
2019-04-02,0.00019065724185600663,5.213921449859227e-06,3.7161662826705477e-06,0.0,1.8058141077236242e-06,2.483630031588905e-06,0.2261759058304098,0.36797674577065076,-0.04927309953628538,0.00017743770998416433
2019-04-03,-0.00010882921554849294,2.7368068059248785e-06,2.5147123983495727e-06,0.0,1.4012093362651457e-06,2.5026576680673865e-06,0.15612853145234235,0.37057324745276465,-0.049873240782556144,-0.00011798460175709992
2019-04-04,-0.00015880175046165048,1.744851334466516e-06,2.098865491304504e-06,0.0,7.989912949540113e-07,2.248615245893953e-06,0.1430968751444691,0.32815216037923345,-0.04961520093095083,-0.00016569307382826947
2019-04-05,-0.00025530868944396713,1.8367780023274945e-06,1.7032814527210174e-06,0.0,7.956587964408098e-07,2.0709136236123543e-06,0.11350384855800164,0.298712947236492,-0.049200541530383626,-0.00026171532131906883
2019-04-08,6.150202591924414e-05,1.8373078849416156e-06,2.103837378307921e-06,0.0,8.609426220892633e-07,1.6762707157659053e-06,0.13977552014792835,0.2315285943113573,-0.0500848859373148,5.502366731813943e-05
2019-04-09,0.0008030035348741597,3.23541129091925e-06,1.7770693803056482e-06,0.0,1.024478724170048e-06,1.5174710989789688e-06,0.11680721703261954,0.20525108962688768,-0.04968405500157919,0.0007954491043797858
2019-04-10,-0.000202793852726948,3.0775817455651206e-06,2.7423690878493737e-06,0.0,1.192923568080447e-06,1.5705099946150432e-06,0.17144360028018651,0.21426989574906521,-0.04957578334626206,-0.00021137723712305798
2019-04-11,-0.00012390781720548173,1.744547948915291e-06,2.0048094063552307e-06,0.0,8.392128824310819e-07,1.7114097506928e-06,0.13819275498202746,0.2377514746370601,-0.04976536347933044,-0.00013020779719387612
2019-04-12,-6.0168077186613116e-05,2.0568880632089585e-06,2.619415488738098e-06,0.0,9.750834184128616e-07,1.3235446266222154e-06,0.1923544676787307,0.17268891518745955,-0.049666582085072714,-6.714300878359525e-05
2019-04-15,0.0002741533050652177,3.7482244586769305e-06,3.0977832607593837e-06,0.0,1.653322645950122e-06,1.9003931783663924e-06,0.1963485198388029,0.26960654588870026,-0.04965950807685374,0.00026375358152146486
2019-04-16,-2.2424123487510125e-05,3.325777022642196e-06,3.857628738151543e-06,0.0,1.8765289331725567e-06,2.5473495978048727e-06,0.25690757926279706,0.3787609790406522,-0.049193753390566364,-3.403140777928129e-05
2019-04-17,0.00043325145883263243,4.251047019439581e-06,3.891243687372519e-06,0.0,1.926867549396897e-06,1.8591826991860562e-06,0.30025875330842894,0.28435609524475064,-0.027986598218506853,0.00042132311787723735
2019-04-18,0.0006972892581193682,4.543172410107234e-06,2.6070217689492253e-06,0.0,2.6609794518894986e-06,1.7133626291431556e-06,0.23322664298811488,0.3383216658513275,0.050476744155277274,0.0006857647218592791
2019-04-22,-0.0005240170306497832,4.195662548645306e-06,4.073726246717205e-06,0.0,2.5647929935668703e-06,2.0075095244358633e-06,0.23748440479221664,0.3367697761186492,-0.0004918239865758373,-0.0005368587219631484
2019-04-23,0.00010741773024753448,4.190715057712382e-06,4.288341553602499e-06,0.0,2.7526536880723667e-06,2.3391340164867313e-06,0.2479834851992049,0.34372101641313063,-0.04925349835664,9.384688593166051e-05
2019-04-24,-0.0001642944442515727,6.5745769462304155e-06,5.405639327155445e-06,0.0,4.0277344908459224e-06,3.457188903237968e-06,0.4767251968111118,0.6315814087768046,0.05077367303282598,-0.00018375958391904246
2019-04-25,-0.0019574646629659733,7.2026612955969215e-06,7.930284854904137e-06,0.0,4.856462817544423e-06,5.306597814556823e-06,0.5739111375281537,0.940513379489911,0.049004946644364666,-0.0019827606697485757
2019-04-26,0.000640630861145512,4.702932227949241e-06,6.160538655091952e-06,0.0,2.695264534690241e-06,4.159989892183496e-06,0.39846399259987436,0.7307404855371009,0.03186218365027371,0.0006229121358355971
2019-04-29,0.0002653320142745998,4.192833964424202e-06,3.539927635257966e-06,0.0,3.0001881414968256e-06,3.928107711014089e-06,0.24432682739216158,0.7070219805604405,0.04709988511007335,0.0002506709568224067
2019-04-30,0.0012123485532986391,5.580709230586473e-06,7.666568480581054e-06,0.0,3.0212734719149635e-06,3.720014688056474e-06,0.4332682767323369,0.5756037893284299,-0.04935867826505749,0.0011923599874275003
2019-05-01,0.001025261924773105,6.8775378480191445e-06,5.118025492861508e-06,0.0,3.684906858572689e-06,4.1939117767742315e-06,0.4422933573009967,0.7544464754043516,0.04986929690628039,0.0010053875427968775
2019-05-02,0.00018635537744793472,7.752698850210048e-06,1.027173412373502e-05,0.0,4.503975479145952e-06,3.0616806064017105e-06,0.6877810841021215,0.564287330910402,0.049924989034914366,0.00016076528838844198
2019-05-03,0.00018498583842913157,4.999578111200005e-06,4.534395134049642e-06,0.0,3.1647655492061585e-06,2.9032269502218444e-06,0.2953840628393456,0.5386886996044399,0.050946571967170284,0.00016938387268445392
2019-05-06,-0.0008071354278170946,4.702168474530673e-06,4.523391885305921e-06,0.0,2.433625636757529e-06,2.1253757410489276e-06,0.3144600683961875,0.407490433213238,0.05042730871701806,-0.0008209199895547377
2019-05-07,-0.0014543418717298988,1.1588694482544578e-05,1.4862041741720683e-05,0.0,7.238280954462944e-06,5.609957868332663e-06,0.8924066012272038,0.8927390051839819,-0.049733916695904656,-0.0014936408467769596
2019-05-08,0.00210438066681815,8.805370541568848e-06,7.145528369876409e-06,0.0,4.162730107147047e-06,3.4825119004287576e-06,0.6071659971455212,0.635416931189511,0.050354931917479986,0.002080784525899129
2019-05-09,-0.0017518421810274974,3.231693971517375e-06,3.0305043491313787e-06,0.0,1.9256893630975453e-06,3.072308046282998e-06,0.20138036381147134,0.5655163451935559,0.04936859341801271,-0.0017631023767575268
2019-05-10,3.8882542901288844e-05,6.277497618215047e-06,8.31275713966143e-06,0.0,4.12241406164299e-06,4.809468975517071e-06,0.4741102581247331,0.7579174620053163,-0.05007332588155236,1.5360405106252304e-05
2019-05-13,-0.001839605554690919,7.5261619948342944e-06,7.424943950778266e-06,0.0,4.567200719108185e-06,5.697356948781131e-06,0.48285351393931847,0.9097394773612363,-0.0474164900339934,-0.001864821218304421
2019-05-14,-0.0003841679153671708,1.1821850280093066e-05,1.3760078880337541e-05,0.0,8.770906568712296e-06,3.7878900257152116e-06,1.1083467274732661,0.6864819248650356,0.05011640054488027,-0.00042230864112202893
2019-05-15,0.0001091373110982609,6.292261563261498e-06,8.126887479305624e-06,0.0,5.007530578507112e-06,5.254101961897787e-06,0.5586816881077286,0.8964053974735433,0.01371626787471536,8.445652951528888e-05
2019-05-16,-0.0024662021327007664,4.688403939292137e-06,6.642224489829159e-06,0.0,3.719290615014732e-06,3.873534619264384e-06,0.40303822197968275,0.6016216555768243,-0.0491321604595919,-0.0024851255863641668
2019-05-17,-0.00018435160995637506,4.077778762483087e-06,3.2582234195977087e-06,0.0,2.4801354371666206e-06,3.6214345631325474e-06,0.21960998805348472,0.5584996982539705,-0.04990130835229745,-0.00019778918213875503
2019-05-20,0.0010562403232989932,6.234471387597052e-06,7.488165137440286e-06,0.0,3.7979993746950354e-06,1.8784019530082828e-06,0.494538651933689,0.26600667638726394,-0.049564851718127606,0.0010368412854462525
2019-05-21,-0.0003544636515556822,3.60738719415859e-06,2.155318434902037e-06,0.0,1.7978060281419558e-06,1.392446810264671e-06,0.1971656503253746,0.25473832960488313,0.02080726548041842,-0.00036341661002314943
2019-05-22,6.650137212866579e-05,4.2823130765631906e-06,2.4779997589069466e-06,0.0,1.8198805901001443e-06,1.4824458362760722e-06,0.19573109114822396,0.29924577471877223,0.05019487422439213,5.643873286681944e-05
2019-05-23,-0.0010047421627978226,9.76707695592367e-06,1.0653885758677823e-05,0.0,5.068109278128588e-06,4.542373729173947e-06,0.5885129376710162,0.7127736048787754,-0.050345181622447166,-0.0010347736085197267
2019-05-24,-0.000587637505016297,6.7425413090284e-06,4.455053058414928e-06,0.0,2.9283771040212908e-06,3.4997599370917694e-06,0.31618870465535454,0.5514819003781725,-0.03647776905324476,-0.0006052632364248534
2019-05-28,0.0008903638592529135,4.163266066263426e-06,3.8114947133448894e-06,0.0,2.8195950775543804e-06,3.248343345731119e-06,0.3228139056668124,0.5969730934490138,0.05125141136618619,0.0008763211600500197
2019-05-29,8.513373145034798e-05,3.3080576897881653e-06,3.779817507722683e-06,0.0,1.4676197882193884e-06,2.3103005903561964e-06,0.2775475986849311,0.43943764661282336,0.0513071474329824,7.426793587426154e-05
2019-05-30,2.6271503329805528e-05,3.835296493022083e-06,3.1275668581057137e-06,0.0,1.7276259470801388e-06,2.3642167792181467e-06,0.2086217751314397,0.4482026288704765,0.05101420996182765,1.5216797252379445e-05
2019-05-31,-0.0005272788930254919,2.9693018772720327e-06,2.9606893868466447e-06,0.0,2.0878414229048364e-06,2.7085410706217464e-06,0.2037937718733708,0.5064097312036944,0.05137483133924109,-0.0005380052667831372
2019-06-03,-0.001970244495642967,1.041043900764861e-05,1.02679146181903e-05,0.0,5.152013665789794e-06,5.391118239142384e-06,0.6256859559105769,0.9462135142455541,0.040505650069634025,-0.002001465981173738
2019-06-04,0.0029306402433776383,6.305482714375758e-06,6.641246033656351e-06,0.0,4.8957367787871e-06,6.532936877345092e-06,0.36702209791465606,1.0460671451820398,-0.05146625021193596,0.002906264840973474
2019-06-05,-0.00019111332932276933,1.0264579358768405e-05,9.427820644265062e-06,0.0,6.194620195156702e-06,3.4659951558340588e-06,0.6896724451206315,0.5303741895304923,-0.05191299664962967,-0.00022046634467679356
2019-06-06,-2.2130979701292073e-05,6.089210677514755e-06,7.523085979965944e-06,0.0,4.971275805494125e-06,3.1230795298262683e-06,0.557409855340368,0.47249396200097166,-0.052183399009841744,-4.3837631694093166e-05
2019-06-07,-0.00035317196786194234,5.82093883913331e-06,5.568651223908256e-06,0.0,3.321591297931222e-06,3.951023024814996e-06,0.4079238377110255,0.6128239155290369,-0.050947952639882194,-0.0003718341722477301
2019-06-10,-0.00021090094370522784,5.552766620758661e-06,4.466981672377973e-06,0.0,3.611888491136027e-06,4.620766320424484e-06,0.3166346236883707,0.7256060292841449,-0.05068271254716816,-0.000229153346809925
2019-06-11,0.0012014497451406857,2.880943724393172e-06,3.2347115813582387e-06,0.0,1.3548684945479196e-06,3.911675070915397e-06,0.20646140245242905,0.6064328485393806,-0.05072856337440612,0.001190067546269471
2019-06-12,0.0001340862469222888,7.075739994054736e-06,7.069396041137875e-06,0.0,3.4692617790385014e-06,2.4617423426494847e-06,0.43266712591464374,0.36305743159929715,-0.05051528196581658,0.0001140101067654082
2019-06-13,0.00036192972710193154,7.1914742628840785e-06,7.931912487434243e-06,0.0,3.821410583143007e-06,3.591225826341672e-06,0.512872555899852,0.552989193200901,-0.05033674562449947,0.00033939370394212855
2019-06-14,0.000465304342408842,5.9151355009510485e-06,6.422555252231889e-06,0.0,3.757264524113108e-06,2.842165507465155e-06,0.4715691829239001,0.42690120131795467,-0.050582603936191343,0.00044636722162408077
2019-06-17,-0.0008401004623246343,8.06113000799373e-06,5.746812868022615e-06,0.0,4.452600857918271e-06,3.7276717187316565e-06,0.42312383967216166,0.5763493164810052,-0.049899532265912705,-0.0008620886777773005
2019-06-18,0.0004511412469474565,3.859391422420638e-06,3.821336180265275e-06,0.0,2.377468921529126e-06,3.347911495278746e-06,0.2583580289615408,0.5137671115621415,-0.048682019644687546,0.00043773513892796274
2019-06-19,-0.00020331595229764572,4.607200016715452e-06,4.37025791439643e-06,0.0,2.787785368135295e-06,3.6322449783428845e-06,0.3082254824250402,0.5616128209826096,-0.048604335378995195,-0.0002187134405752358
2019-06-20,-0.0006656095065276683,4.383570155140082e-06,3.2537022467548624e-06,0.0,2.064466324419961e-06,3.362559908590753e-06,0.19558759266909845,0.5159175384913576,-0.048992526151889065,-0.000678673805162574
2019-06-21,-0.0006848176169285667,8.088544304555347e-06,8.760460030842715e-06,0.0,5.265299070923832e-06,6.1003131345656455e-06,0.642157518677247,0.9755603068975103,-0.04929229970951843,-0.0007130322334694542
2019-06-24,-3.951324664771626e-05,6.013424069570858e-06,5.666368383909669e-06,0.0,3.2341408237943115e-06,4.956496709666832e-06,0.3598151705381764,0.7825008219331476,-0.05019062529088003,-5.938367663465793e-05
2019-06-25,0.0016254157381126399,5.49812164425248e-06,5.907562500531637e-06,0.0,3.0467071142781946e-06,3.175719060844454e-06,0.4140254844637784,0.5175048065669293,-0.01601599565493919,0.001607787627792733
2019-06-26,-0.0003026778424153494,3.423373519145449e-06,2.146209250440287e-06,0.0,1.8142086769188896e-06,2.712248223041329e-06,0.195107271140866,0.5049037195547612,0.04924601808381826,-0.00031277388208489533
2019-06-27,0.0006706105952449796,4.695311281702314e-06,4.334041770284095e-06,0.0,2.2896652243415605e-06,2.3129628385877826e-06,0.2696893368290178,0.43938832225972213,0.05081056537697473,0.0006569786141300639
2019-06-28,0.0005642330499463122,4.687996485111954e-06,5.033756692031422e-06,0.0,2.82034151909159e-06,2.4262443687565823e-06,0.26385178751506755,0.38137043016465527,-0.026238623786450643,0.0005492647108813207
2019-07-01,-0.00044820898343277983,3.067543672141212e-06,3.219762097393065e-06,0.0,1.4384825788842876e-06,2.7001323755201464e-06,0.20491717605440884,0.40458050286652447,-0.049041736220860166,-0.00045863490415671854
2019-07-02,-4.263673009460341e-05,3.3008705453921557e-06,3.0326707228708033e-06,0.0,1.2445571892742372e-06,2.162461297456612e-06,0.2088029365203123,0.31377866921657943,-0.049514828756131245,-5.237728984959722e-05
2019-07-05,0.00023797553921811476,2.1595513308235374e-06,2.4962681303969793e-06,0.0,8.026635138779243e-07,1.6373216665781462e-06,0.16243174755318393,0.22555971552214313,-0.04951032446298541,0.00023087973457643817
2019-07-08,0.0003213363724499889,2.723479824462182e-06,2.75984623142875e-06,0.0,1.7978468918640089e-06,1.9545902524556e-06,0.19094974889130925,0.27902435106961937,-0.04934681134292128,0.00031210060924977834
2019-07-09,0.0001095523670917356,7.292043248210732e-06,5.748279323577545e-06,0.0,3.2762423950938756e-06,2.9391637524405664e-06,0.34490773469648817,0.44401910294047925,-0.04976040746953596,9.029663837241288e-05
2019-07-10,0.0002579151459004755,3.2637526774559644e-06,3.2158490551923717e-06,0.0,1.6093284967296279e-06,2.5479123101724074e-06,0.2169062805429633,0.3781915265236128,-0.049857741585351875,0.00024727830336092517
2019-07-11,-0.00022356924535042993,6.343274215606715e-06,3.6379004628615156e-06,0.0,2.936761959417772e-06,2.032327115377098e-06,0.2468635200103472,0.29172800343789357,-0.04970295194545893,-0.00023851950910369304
2019-07-12,6.405441349657268e-05,2.2911361668806988e-06,2.593524044783291e-06,0.0,1.0626647378154233e-06,1.9920022107075397e-06,0.1864112895430742,0.2852994375980151,-0.049356933800851335,5.611508633638573e-05
2019-07-15,-3.9474755932985765e-05,2.6499382625891346e-06,1.7092116109484457e-06,0.0,1.2680479914102618e-06,1.8756128949791441e-06,0.119119439384542,0.2656409625836889,-0.049462003772807274,-4.697756669291275e-05
2019-07-16,0.0004620325410288248,5.116908135758017e-06,4.04449099775491e-06,0.0,2.2957143274066405e-06,2.7133859992600004e-06,0.2715663967573567,0.4145467354717386,-0.04130211240394144,0.0004478620415686452
2019-07-17,0.0003622541283723928,3.641158381589147e-06,3.543557606177583e-06,0.0,1.8427414105740874e-06,1.571084123228559e-06,0.285220131377748,0.2785918986429728,0.014649765940574946,0.00035165558685082345
2019-07-18,-0.0001725201803026846,2.2887206791593556e-06,2.73213349595648e-06,0.0,1.2574383755955673e-06,1.1624752953850696e-06,0.21354878370041455,0.24556101478771342,0.05026516516302178,-0.00017996094814878106
2019-07-19,0.0004499712271694358,4.2063867700431175e-06,5.565707992255009e-06,0.0,2.1782030378105297e-06,2.283608107794883e-06,0.4101344727581042,0.4339880236660958,0.05034186155655496,0.00043573732126153225
2019-07-22,-0.00048655831439004384,5.142667499711173e-06,2.8424531840343018e-06,0.0,2.078479413530536e-06,2.0975652452214945e-06,0.19118216961247914,0.40242942286404276,0.0500384616668315,-0.0004987194797325414
2019-07-23,0.0012380824458582567,2.6565713078549306e-06,2.6643548330118036e-06,0.0,1.3301765342664033e-06,1.668881732718853e-06,0.17352367670877936,0.33133963346077766,0.05096750236401057,0.0012297624614504047
2019-07-24,0.00024575733922233895,2.216816737349122e-06,2.756177502596587e-06,0.0,1.1650397871868522e-06,1.9576106234451766e-06,0.16504540398227202,0.34773027905105003,0.018851694312260484,0.0002376616945717612
2019-07-25,-0.0010533811875445903,3.0663674436696627e-06,2.7279058784666924e-06,0.0,1.3774386035498005e-06,2.0862083516820135e-06,0.12838531998659874,0.32013149638040933,-0.03035150670216895,-0.0010626391078219584
2019-07-26,-0.0011024581657245306,2.553479737313096e-06,1.9584116483000873e-06,0.0,1.278995947205802e-06,1.2484427811569671e-06,0.19774128031366917,0.26057993979193206,0.050841552557561634,-0.0011094974958385066
2019-07-29,-0.0005392109579707044,4.986802735613331e-06,3.554885942601531e-06,0.0,2.0459381492161687e-06,9.809178034254135e-07,0.20230386032838474,0.2153436532963557,0.0505494623208863,-0.0005507795026015609
2019-07-30,0.0006211201336977111,3.6440622559761504e-06,5.063115076551988e-06,0.0,2.3647701935454333e-06,2.1094250804750334e-06,0.2572430327446506,0.3050520933311615,-0.049331320188644216,0.0006079387610911625
2019-07-31,0.00042109701536817125,4.788393404854377e-06,3.061896683774042e-06,0.0,2.3314989371587415e-06,1.224536369426295e-06,0.29987051254852737,0.25639034392048266,0.05066823385686513,0.00040969068997295777
2019-08-01,8.194752940010705e-05,2.8894092342302406e-06,2.260347523689408e-06,0.0,1.1245731676924407e-06,9.870783324769147e-07,0.15450396137597106,0.2161983853478984,0.0503692254917768,7.468612114201804e-05
2019-08-02,-0.0006399389255384016,2.925183986871698e-06,2.2671380870106875e-06,0.0,1.0080943429039431e-06,1.0407299138033132e-06,0.14915773760499423,0.2244553762284186,0.049612750709462056,-0.0006471800718689912
2019-08-05,-0.0014215121946871058,3.067756820983854e-06,2.712325806699293e-06,0.0,1.5153105866887227e-06,1.2974629130600054e-06,0.18284144034247327,0.26749616855939296,0.049522399165311926,-0.0014301050508145378
2019-08-06,0.0011313900582660874,2.6924438434000115e-06,2.6910496257327945e-06,0.0,1.4899456440415558e-06,1.06333273018049e-06,0.17687353706364986,0.22940837678014073,0.05076847810981836,0.0011234532864227325
2019-08-07,0.00017575526588112255,5.223456358641586e-06,5.3208633733464765e-06,0.0,2.672456166350554e-06,2.3766512514158626e-06,0.38822268316832187,0.44944802421545843,0.05017061397759348,0.00016016183873136808
2019-08-08,0.0006826663681069883,3.033750642896047e-06,2.6230629808366906e-06,0.0,1.4422027717552505e-06,2.038986338576733e-06,0.1662009158934118,0.3954065566727101,0.052856851791818704,0.0006735283653729236
2019-08-09,-0.0011466398472195392,5.273077547130847e-06,5.352644924066442e-06,0.0,2.8284296432006083e-06,3.5764728732270075e-06,0.39090778445429497,0.6517899315819394,0.05094248887980196,-0.001163670472207164
2019-08-12,-0.001880147475965298,5.802722371068448e-06,7.1232274355081295e-06,0.0,2.462580686090973e-06,1.3275158014712125e-06,0.46120829292262544,0.27235134265904576,0.0493286880118821,-0.0018968635222594368
2019-08-13,0.0004296319271111186,2.1736057929127835e-06,2.2626088539618906e-06,0.0,1.0125169722565485e-06,9.198139350989866e-07,0.1534483439253968,0.2050716669713686,0.050542925874738936,0.0004232633815568884
2019-08-14,-0.001757328312228884,3.046608642369768e-06,2.6143453273912245e-06,0.0,1.2855855747427183e-06,9.607196541170279e-07,0.1718519650750618,0.21118782307203057,0.04978692118036983,-0.001765235571427505
2019-08-15,-0.00038473943263454114,3.1585813207826374e-06,3.228195728871214e-06,0.0,1.5944310971418873e-06,1.65926094049282e-06,0.23601860230798918,0.32824054068054936,0.049484702677755565,-0.0003943799017218297
2019-08-16,0.0009774124709969558,1.9838303854311215e-06,1.5907261285009194e-06,0.0,9.67250825534267e-07,1.69273865653861e-06,0.10968217810636845,0.3357347026663686,0.05135460836788225,0.0009711779250009509
2019-08-19,0.0007150308757541432,3.7709629916867905e-06,6.227543949565517e-06,0.0,2.129537295073111e-06,3.7036871666425393e-06,0.3866154513929465,0.5917517317203629,-0.030467712275583647,0.0006991991443511753
2019-08-20,-0.00031456060687026896,5.723107546813909e-06,3.3353378351906466e-06,0.0,2.2010173361915e-06,2.529439361212749e-06,0.2832009630324669,0.47566149150671827,0.05071567882297645,-0.0003283495089496778
2019-08-21,0.0003038981275920969,2.7409066584755058e-06,3.0132005209863428e-06,0.0,9.237208705328715e-07,2.2022546366221926e-06,0.15930984330651526,0.3806230431376749,0.010644264185146496,0.00029501804490548
2019-08-22,0.0007252884736348084,3.030650628432346e-06,2.2655230842646347e-06,0.0,1.1630987600450114e-06,1.6470999469047456e-06,0.1715646895923143,0.327661048056278,0.05094825697628068,0.0007171821012151616
2019-08-23,-0.0014801594110378862,2.1194702573580376e-06,1.9147001681050823e-06,0.0,1.2892873600803624e-06,1.6906505286563956e-06,0.12829944762356685,0.33166532223506434,0.04763603342078994,-0.0014871735193520861
2019-08-26,-0.00011444662679699034,3.7508608591458366e-06,5.027202217257563e-06,0.0,1.5332964915642473e-06,2.100316290750711e-06,0.24778105739850048,0.3020340019197912,-0.050819134926328266,-0.0001268583026557087
2019-08-27,-5.911918897148259e-05,3.8616362981547645e-06,2.0055085698347583e-06,0.0,1.5517719545712528e-06,1.946245646213996e-06,0.18026341596981177,0.33131798381555133,0.004348715251599813,-6.848435144025735e-05
2019-08-28,7.046733917119359e-05,2.474417511982522e-06,2.8400351780131314e-06,0.0,1.095400633830931e-06,1.8930209756929622e-06,0.14818683138454808,0.2678958376193888,-0.05013168629702898,6.216446487167404e-05
2019-08-29,-0.0006714492458603268,1.9915636132606796e-06,1.090040976054896e-06,0.0,6.452413635167949e-07,1.8316113896441932e-06,0.07427829271414384,0.25802029857089126,-0.04969041488933318,-0.0006770077032028034
2019-08-30,0.0004970808273725882,1.8846710556417296e-06,1.8958325350877415e-06,0.0,7.245077060113243e-07,1.4231014166106424e-06,0.11804132061621256,0.1893806640235533,-0.04970037396703463,0.0004911527146592368
2019-09-03,0.0005791728781114867,2.3074781530535725e-06,2.1403217086978963e-06,0.0,8.677457522924061e-07,1.319566768125647e-06,0.1371626089784493,0.17201427332710434,-0.04967294371800434,0.0005725377657293172
2019-09-04,-0.0006849401708084653,2.693117163127142e-06,1.9656157298053162e-06,0.0,1.061479554089121e-06,1.3086760658656465e-06,0.11825948773953456,0.16968327949855197,-0.050174299566876704,-0.0006919690593213526
2019-09-05,-0.0005862925478578524,3.13696946077404e-06,4.10356604815473e-06,0.0,1.8318240553424526e-06,2.2030266153829567e-06,0.3027415550212118,0.3198587404850784,-0.05024973089925823,-0.0005975679340375065
2019-09-06,0.00010325258370400006,2.2103546744033628e-06,2.6988706648381827e-06,0.0,1.2553855230061533e-06,2.6182331899651705e-06,0.1948426370033678,0.38998354361623067,-0.049879632297918114,9.446973965178719e-05
2019-09-09,0.0007412459205900668,2.02919904876923e-06,2.644212700573533e-06,0.0,1.0964647744226452e-06,2.188006984072405e-06,0.17664567435338177,0.31751331006671374,-0.05007186325745021,0.000733288037082229
2019-09-10,-0.001010705245450502,4.513311995218869e-06,5.916772321559711e-06,0.0,2.006962416661125e-06,2.097907400147192e-06,0.39038009986558575,0.3024168535300274,-0.050031589694700715,-0.0010252401995840888
2019-09-11,-0.0010979366234993204,3.0518810826227523e-06,2.9365189171693897e-06,0.0,1.6785894962598444e-06,1.5663754254548296e-06,0.205295908440095,0.21318410863967624,-0.049966962836735226,-0.0011071699884208273
2019-09-12,0.0005987577329002381,4.404192909010331e-06,5.037588649176002e-06,0.0,2.244955561897418e-06,2.5261303400331717e-06,0.3756335469276953,0.37458819942881505,-0.04980169769675791,0.0005845448654401211
2019-09-13,0.0002338947226480291,2.108242440175281e-06,1.9231726075628897e-06,0.0,1.0674958883624918e-06,2.1480246221935883e-06,0.12450190587557639,0.3111904357825448,-0.049677700745977924,0.00022664778708973485
2019-09-16,0.0013084493099470391,3.248097513102615e-06,2.893530479485231e-06,0.0,1.4290200525232316e-06,1.7559314412114321e-06,0.17634516703030734,0.24572897616608658,-0.04926750595743393,0.0012991227304607166
2019-09-17,0.00021674758862348667,1.7922971138783441e-06,1.591107615684441e-06,0.0,1.027148521046035e-06,1.0909496195174608e-06,0.1516604241665635,0.18310770567141516,-0.00017183040751815246,0.0002112460857533604
2019-09-18,-0.00012416861129486,2.1556298045160987e-06,2.4405813800177057e-06,0.0,9.986371354733635e-07,1.567272527009775e-06,0.13809591773943755,0.2220382315401599,-0.04126355299748232,-0.00013133073214187694
2019-09-19,1.4412796197642644e-05,2.525590135628962e-06,1.1623476123661397e-06,0.0,1.8381037121969264e-06,1.3581645946998394e-06,0.14073588471392623,0.2636962811140698,0.0355246292044969,7.528590142750776e-06
2019-09-20,-2.8909753763591715e-05,4.5480628012752524e-06,3.4354872679248186e-06,0.0,1.8614946699694857e-06,8.762172799561924e-07,0.2340160278051138,0.19748587357098024,0.05028137053833993,-3.963101578271746e-05
2019-09-23,0.00024020994349476681,1.8497237565096854e-06,2.0674717363698553e-06,0.0,7.60410280621649e-07,1.0316799237804912e-06,0.14649073501185242,0.2236097418445438,0.05028751464942109,0.00023450065779748514
2019-09-24,-0.0004956493376356097,4.594889854521771e-06,6.05558548501975e-06,0.0,2.2354019956501253e-06,2.0100476070439354e-06,0.3988764687642473,0.3878547031960756,0.050166705212694646,-0.0005105452625778453
2019-09-25,0.0008569625616001067,2.994070357067151e-06,3.7082765138634454e-06,0.0,1.5862356658730462e-06,9.68206909380879e-07,0.27415752279341943,0.2127633192939568,0.05010455851796908,0.0008477057721539221
2019-09-26,-0.00043606085384194793,2.0528494450062873e-06,1.7912187618021329e-06,0.0,7.844063411243633e-07,7.69327446924697e-07,0.12044197628545539,0.17912710770438628,0.04988009662103716,-0.0004414586558368054
2019-09-27,-0.00019379550636262771,3.883119396667703e-06,4.6911953820285675e-06,0.0,1.9188342905079274e-06,2.276402412894477e-06,0.25100281516619044,0.35927913922298915,-0.023156466143283164,-0.00020656505784472638
2019-09-30,9.55071433745303e-05,2.405946957061289e-06,1.5234404444226805e-06,0.0,1.453869798927472e-06,1.6019768947271588e-06,0.16707429042279648,0.31882828178435063,0.04969616347018828,8.85219092793917e-05
2019-10-01,-0.0008101822619091774,2.5440536896904584e-06,2.8159282665986603e-06,0.0,1.2553327794940757e-06,9.237334646080442e-07,0.1986676895110796,0.20558425208271489,0.05039703002856357,-0.0008177213101095687
2019-10-02,-0.001148747551326151,3.6686612999359524e-06,2.884146043813321e-06,0.0,1.4936648441808898e-06,9.200382838634997e-07,0.186996868362368,0.20425750254882166,0.049691070859753717,-0.0011577140617979448
2019-10-03,0.0005716681044476856,4.0194681978969655e-06,5.750068525036016e-06,0.0,2.0566935129751068e-06,2.3007819892267887e-06,0.36236488080197193,0.40877386521916614,0.022242491029065545,0.0005575410922225507
2019-10-04,0.0004025091792140771,3.3248274028618666e-06,4.88320347323562e-06,0.0,1.655963849301043e-06,1.3135455095828125e-06,0.2937309289572721,0.17381152288525156,-0.04686412272466107,0.0003913316389790958
2019-10-07,-6.741832247115772e-05,4.141349197805023e-06,3.268294080427703e-06,0.0,2.0412287427582943e-06,1.9412808869147688e-06,0.26670625809443005,0.31198334600072425,-0.014151843000956746,-7.881047537906352e-05
2019-10-08,-0.0006187083609202306,3.2876939080612276e-06,2.4642039227249858e-06,0.0,1.6883679268361997e-06,1.0483238254918673e-06,0.21681046071303536,0.22592430020997853,0.049805897527344996,-0.0006271969505033449
2019-10-09,0.0005868295352904602,1.118000101606125e-06,1.3851864164335633e-06,0.0,5.797050721416591e-07,8.231635745422996e-07,0.0936430435459779,0.18870625676379515,0.0504147762406888,0.0005829234801257365
2019-10-10,0.0003501853155500687,1.42767718014824e-06,1.5200711640151592e-06,0.0,8.031809732375642e-07,5.393396222959434e-07,0.10394420547767992,0.1412777417130359,0.05066868516731751,0.0003458950466103718
2019-10-11,0.0011523658742026216,7.95854067667824e-06,1.1015041379615831e-05,0.0,4.720104613845932e-06,5.087393216900998e-06,0.7432731135945625,0.8060567848016704,-0.048625275637697196,0.0011235847943155805
2019-10-14,0.00014135482775792481,3.933991689529899e-06,4.680066969013043e-06,0.0,1.7620897965106163e-06,3.5818138219839374e-06,0.30099154283346985,0.5527172335540954,-0.04902748853920605,0.00012739686548088731
2019-10-15,-0.0014095960961240787,1.5395892242258424e-06,1.8263551010292606e-06,0.0,8.001759448518922e-07,2.766769016403962e-06,0.16774191829848253,0.4647440154325213,-7.317932334441335e-05,-0.0014165289854105897
2019-10-16,0.00032630271822332396,4.110009166303596e-06,5.392983960281585e-06,0.0,1.9864400447530514e-06,1.8684370180582708e-06,0.3349065938154201,0.2910291737465086,-0.022868245287280826,0.0003129448480339275
2019-10-17,-4.182285875430557e-06,2.815952324247757e-06,3.4177128102281187e-06,0.0,1.2688221308865784e-06,2.2802088527546925e-06,0.22256643603796164,0.33389863254917684,-0.049176454713611414,-1.3964981993547703e-05
2019-10-18,0.00023879773522080477,2.9751377065778987e-06,2.3846870710798185e-06,0.0,1.1939083055808478e-06,1.0361021404763106e-06,0.23341478973784135,0.22430607579890988,0.05024091619888979,0.00023120789999708989
2019-10-21,0.000880422680654924,1.5031957896867181e-06,1.8394833655078204e-06,0.0,8.251578190661375e-07,1.066057121505051e-06,0.10626398563060273,0.20556672138608795,0.026469124973239333,0.0008751887865591582
2019-10-22,0.001084702025677437,1.952890789558726e-06,2.229413831548826e-06,0.0,1.2708358320632343e-06,1.4728809090668974e-06,0.17917377649927693,0.29791851441010686,0.05047452168686785,0.0010777760043151994
2019-10-23,0.00020806175918897097,2.17214979795564e-06,3.352727520405399e-06,0.0,8.539482154733478e-07,2.2006255744642215e-06,0.14849266825466295,0.320150753217711,-0.04955434329227802,0.00019948230808067237
2019-10-24,0.0007752553211669321,2.071068430898111e-06,2.6737305545627894e-06,0.0,1.324678578760236e-06,1.7720833567842283e-06,0.17996406923079733,0.248071487830332,-0.04963851610941833,0.0007674137602459268
2019-10-25,0.00014035270905259284,2.418946091570447e-06,2.6119488575344117e-06,0.0,1.1900746317411069e-06,2.005019326044514e-06,0.18716332459812796,0.28723185839946597,-0.04961138837601231,0.00013212672014570236
2019-10-28,-0.00035394496609870686,2.224503799136462e-06,2.1701049272542017e-06,0.0,1.3755762566820996e-06,2.0951634746612377e-06,0.15165598913977507,0.3023679728355002,-0.04961949090758783,-0.00036181031455644085
2019-10-29,0.0009494951122590382,1.4707559422533687e-06,1.7269219442400982e-06,0.0,6.624300478785491e-07,1.6876208804239685e-06,0.12362616847297246,0.23780867954928037,-0.04571162836194642,0.0009439473834442422
2019-10-30,-0.0007561927902522366,1.6244998439712233e-06,1.8804769831352691e-06,0.0,1.2143273136510628e-06,1.7052362278793689e-06,0.1257884145269951,0.236428672175178,-0.05005101410855595,-0.0007626173306208735
2019-10-31,0.0007292781832405401,5.655971412496954e-06,8.78047707441012e-06,0.0,3.996823556965697e-06,3.483051437244813e-06,0.5939840885729217,0.5353696999990312,-0.04978294145809739,0.0007073618597594225
2019-11-01,0.0005218807448032775,3.8297126678237356e-06,4.7774303751529995e-06,0.0,2.73342826691441e-06,2.2851682164030183e-06,0.33794215882878686,0.3337572889796041,-0.05015097137610269,0.0005082550052769834
2019-11-04,0.0016430762046043958,3.1443491847741214e-06,3.5607047669681974e-06,0.0,1.7678042167205985e-06,1.9670976598582674e-06,0.2412067813557207,0.2803740434465354,-0.05009836340965347,0.0016326362487760746
2019-11-05,-0.0010310872688795623,4.199595359002576e-06,5.5401954457313895e-06,0.0,2.5268954584968345e-06,2.961965681828763e-06,0.4169857342102755,0.44810925325024203,-0.049500981296990224,-0.0010463159208246218
2019-11-06,0.0008189059451083309,5.656744480980182e-06,4.474387511269193e-06,0.0,2.6705980335177682e-06,2.4124088413989103e-06,0.30382851596831506,0.3560015456657598,-0.04928313968925728,0.0008036918062411648
2019-11-07,-0.0012840837816458684,5.078760825912317e-06,6.364539546763472e-06,0.0,2.992943470568617e-06,2.8945839166849734e-06,0.4284012997858172,0.43648059700722575,-0.0498095009958501,-0.0013014146094057978
2019-11-08,-0.0003894794822594525,5.230384730668559e-06,3.9794346185356285e-06,0.0,2.4158422825158525e-06,2.948115609573061e-06,0.23831021099639577,0.44520528614957056,-0.050078136258703526,-0.00040405325950074563
2019-11-11,0.0007670333293088525,4.2718437980348446e-06,3.382486004505088e-06,0.0,2.4496582691820902e-06,3.0431518381243533e-06,0.2029363721758229,0.4616776178994696,-0.04957189090542194,0.0007538861893990062
2019-11-12,1.4404787446955511e-05,3.0868765887171284e-06,3.2978066598258386e-06,0.0,2.2941575868322676e-06,3.038563328310784e-06,0.23594147642142457,0.46089051110784285,-0.04958812804836843,2.6873832832694923e-06
2019-11-13,0.000983282487500413,5.349277752071535e-06,2.708513887999879e-06,0.0,3.745626752996679e-06,2.4398108046450615e-06,0.2746300027668758,0.4604903623607393,0.05060214718036901,0.0009690392583026997
2019-11-14,0.00012223116691799612,4.039890561028878e-06,5.613593528897625e-06,0.0,3.076728289561382e-06,2.154454994929044e-06,0.34358257829179445,0.342994409805938,-0.01895402934214113,0.00010734649954357919
2019-11-15,-0.0002191685978319204,2.95381103977428e-06,3.833435251848542e-06,0.0,1.7698481706882035e-06,2.230845818403885e-06,0.23531369883284275,0.3253902638573256,-0.049391833634527135,-0.0002299565381126353
2019-11-18,-0.0007517806743161474,1.4272497636330475e-06,1.55002923193965e-06,0.0,7.697547537206141e-07,2.012709026553244e-06,0.10674211728289394,0.2880519974357242,-0.050083119025221084,-0.0007575404170919939
2019-11-19,-0.00022200974315380467,4.645205172490685e-06,5.45910998273053e-06,0.0,2.8726097175826263e-06,3.28493942976053e-06,0.4062673114594135,0.5018951027655455,-0.04997472143422364,-0.00023827160745636903
2019-11-20,0.0002322005479102438,5.094325863277233e-06,5.4377644282979286e-06,0.0,2.6742359442508116e-06,1.9318526161719487e-06,0.43123286910242276,0.3547775568554996,0.030226317338611967,0.00021706236905824587
2019-11-21,-0.0002622075870234869,3.8704885285602474e-06,3.2075585743218076e-06,0.0,1.707346806117634e-06,1.8365502940669237e-06,0.22201502846416987,0.3584107922579991,0.04987034285475597,-0.00027282953122655356
2019-11-22,0.0002455987952263599,2.667903470573882e-06,4.520794920730913e-06,0.0,2.065758281264251e-06,2.100099048021038e-06,0.238258284620416,0.3025170462902572,-0.050299593777277066,0.0002342442395057698
2019-11-25,-0.0005752420250705746,3.667474099057668e-06,3.409671006034092e-06,0.0,2.6758083204695116e-06,2.1241168676219856e-06,0.23022489133902518,0.3071516677348721,-0.04969996602562141,-0.0005871190953637579
2019-11-26,0.000706577477742858,5.998228135673909e-06,4.335986784309595e-06,0.0,3.008821518339477e-06,2.3700420101329303e-06,0.2981651971122543,0.34865131075393635,-0.049515746948395875,0.000690864399294402
2019-11-27,-0.0007463503051180324,3.138214064234955e-06,2.1999861245529734e-06,0.0,1.064407683570893e-06,1.9901300720746406e-06,0.13262325282331322,0.28429940371144014,-0.05004244839709937,-0.0007547430430624659
2019-12-02,-9.490331710290407e-05,5.812887372129473e-06,5.796873072111365e-06,0.0,4.234166372929909e-06,3.3570298263066604e-06,0.4825527323977098,0.5807044141224893,0.016723403302970036,-0.00011410427374638148
2019-12-03,-0.000388145477127663,8.68970150185353e-06,9.934419790201403e-06,0.0,4.525704752602389e-06,2.311107802284829e-06,0.5721298140290483,0.3382585920204138,-0.0500075187634373,-0.00041360641097460516
2019-12-04,8.051428580222159e-05,3.6649397254896255e-06,1.6762444734631464e-06,0.0,1.5956451222082736e-06,1.527166916039892e-06,0.19477842459380276,0.3062285391163831,0.04966449722168115,7.205028956502066e-05
2019-12-05,0.00014595400711629755,4.1198046689200424e-06,5.727242764858883e-06,0.0,2.2872724774974693e-06,2.2360279711474936e-06,0.3667213568214249,0.3616192553449246,-0.014033443807854151,0.00013158365923387366
2019-12-06,0.00048685067513576244,4.027609095737354e-06,5.560070074553353e-06,0.0,2.048534091569674e-06,3.5379889712612078e-06,0.3743600900501798,0.5451099388506799,-0.049272208321202854,0.00047167647290264085
2019-12-09,-4.278290156884697e-05,3.2962923246677675e-06,3.065573750707768e-06,0.0,1.7586774807295203e-06,4.075351851426375e-06,0.21365862708931843,0.6346768597141839,-0.04998225132544709,-5.4978796976378394e-05
2019-12-10,-0.0007984892822888457,3.8788288096671204e-06,5.2970648918778525e-06,0.0,2.0811833853989888e-06,3.0002384948576494e-06,0.39104151843931634,0.4929810782177547,-0.011058988918330598,-0.0008127465978706473
2019-12-11,-0.000585880088765071,5.327872820898789e-06,6.737025420020348e-06,0.0,3.178495168682662e-06,2.5454313897129396e-06,0.43995125105754185,0.40799262843545286,-0.019639845036320845,-0.0006036689135643857
2019-12-12,0.0018000662749948298,6.842779072213393e-06,5.853406078325717e-06,0.0,3.817901558329687e-06,2.5130195530554104e-06,0.45402983806110014,0.45086202288398447,0.0286747379706756,0.0017810391687329056
2019-12-13,0.00031838687079687253,3.710061610006769e-06,4.637735348571801e-06,0.0,1.960016633054156e-06,3.3550637513791127e-06,0.26959539654662557,0.5322652405275455,-0.03138546970414527,0.0003047239934538607
2019-12-16,-0.0006466248854230797,3.9650579806390415e-06,3.827112237968448e-06,0.0,2.055148558379582e-06,3.831697936674372e-06,0.25580515031530104,0.5949065005329721,-0.04881875282832243,-0.0006603039021367412
2019-12-17,-0.00021544982911012167,2.7625354648874615e-06,2.9266535223504527e-06,0.0,1.6291170997990713e-06,3.5935986109137855e-06,0.20012880910224273,0.5544261508594497,-0.049298415774066434,-0.00022636173380807245
2019-12-18,-0.00034786133606242787,4.367164449818022e-06,5.1882579929436405e-06,0.0,2.5077004818434895e-06,4.700686578796225e-06,0.37364891485237384,0.7449787773260503,-0.04473656791171593,-0.00036462514556582923
2019-12-19,-0.000416296091792769,2.512487959097122e-06,3.697199390549202e-06,0.0,1.192477786954856e-06,3.974907395723805e-06,0.24491713317414274,0.6189902242246983,-0.04879421825690114,-0.000427673164325094
2019-12-20,0.0003364150660284319,4.958948427486975e-06,4.26781043116749e-06,0.0,2.376020611224318e-06,4.18020084330135e-06,0.2985978252548743,0.6530625874474718,-0.049211154227154996,0.0003206320857152518
2019-12-23,-0.0009796257226346117,2.4210335048312012e-06,2.668852460790339e-06,0.0,1.0545164081887126e-06,3.568119425511222e-06,0.18205336585567197,0.5496084539076618,-0.049835609578223417,-0.0009893382444339331
2019-12-26,-0.0006813904030838842,1.7708826125308375e-06,2.8418662818604853e-06,0.0,8.055265862592036e-07,2.7733224470301764e-06,0.1958064514762484,0.41589030864973553,-0.05002786245133409,-0.000689582001011565
2019-12-27,-2.877773375813732e-05,3.14195394665467e-06,3.022558777966317e-06,0.0,1.0900737640930534e-06,2.313983478432959e-06,0.19101234221350688,0.3388162113476365,-0.049933013029100554,-3.834630372528432e-05
2019-12-30,0.0003379322032657758,3.58221355699098e-06,3.6181702622994167e-06,0.0,1.217061789212383e-06,1.3203789186030539e-06,0.22744012280118642,0.17181627038654163,-0.050007387938771325,0.00032819437873866995
2019-12-31,-5.5948962172258e-05,3.768860362353704e-06,4.429455119056705e-06,0.0,1.4293448039939938e-06,2.4524599649610002e-06,0.2883583997135497,0.361942213499966,-0.05007106061348196,-6.802908242262341e-05
2020-01-02,0.0015499157165043314,6.089417937268006e-06,4.952767243032043e-06,0.0,2.370631546020576e-06,1.7436643549837623e-06,0.341801996751828,0.24287345015158665,-0.050062161485685236,0.001534759235423027
2020-01-03,0.0002568575845076968,2.8654975558433306e-06,3.1729661017456127e-06,0.0,1.202941388446651e-06,2.268274648763981e-06,0.23291065930596327,0.3312063727245275,-0.049863768267821254,0.0002473479048128972
2020-01-06,-0.00048287331162641606,2.461633031944938e-06,3.7636630223014217e-06,0.0,1.3176308660792362e-06,2.0183521230536905e-06,0.2648276200699811,0.28870635298693104,-0.050376803686088864,-0.0004924345906697953
2020-01-07,0.0004832483170909456,3.678487556458642e-06,3.435651185575244e-06,0.0,1.954744622452003e-06,1.970938354792467e-06,0.2254042439374541,0.28111264459819557,-0.05000499900693875,0.00047220849537166725
2020-01-08,-4.565742703099718e-05,9.185435130392475e-06,1.1279628490901026e-05,0.0,5.9313672698367816e-06,5.440719254412621e-06,0.9282331379724965,0.9640823277708002,0.050041493029479966,-7.749457717654008e-05
2020-01-09,-0.00030727147545319837,4.0858221210316155e-06,6.2788222667766555e-06,0.0,2.4412329146848505e-06,4.455832636630366e-06,0.38101489942609956,0.7419891159703091,-0.006590766983592233,-0.00032453318539232183
2020-01-10,-0.00016994156513096585,4.969658621365839e-06,4.748561885583039e-06,0.0,1.912862038551342e-06,3.5917613676795553e-06,0.2867956789722032,0.553198471666511,-0.05021743810365453,-0.00018516440904414562
2020-01-13,0.0003278786314488678,3.5021916146774387e-06,4.4180975862770505e-06,0.0,1.963179400156169e-06,2.991329082593879e-06,0.3041394836970699,0.45286169951338295,-0.04968158636238877,0.00031500383376516325
2020-01-14,0.0009656451148641213,4.631362210540656e-06,6.1502449126753075e-06,0.0,2.504327696365126e-06,2.4947935587112184e-06,0.41178418129495836,0.36952568094743493,-0.04959963691604996,0.0009498643864858289
2020-01-15,-0.0005589979274456196,4.5895684178547225e-06,3.903726992359039e-06,0.0,2.37042684147036e-06,2.1523087802599927e-06,0.2490032942044638,0.31177763684261167,-0.04981023824106731,-0.0005720139584775637
2020-01-16,-0.00018253654593537898,3.3256638983445204e-06,2.6513071757783214e-06,0.0,1.3019704008279836e-06,2.0794194475063193e-06,0.16743655778469327,0.29918577344212693,-0.05015669373893468,-0.00019189490685783613
2020-01-17,5.954341952774081e-05,2.648689320840055e-06,3.199169763583383e-06,0.0,1.2314100531454026e-06,1.7432414642462498e-06,0.23043921076764032,0.24283063735786484,-0.05003392863550511,5.072090892592572e-05
2020-01-21,0.00035618155940259045,4.147324665875446e-06,4.988718161262499e-06,0.0,2.251900218095415e-06,3.233582268105424e-06,0.36961830859175726,0.49338281586674687,-0.04985900517496478,0.0003415600340892517
2020-01-22,-0.000400170966001832,6.07509059913186e-06,6.9685159053829875e-06,0.0,3.614058014752656e-06,2.9047233121955695e-06,0.4693933377384154,0.4382775637857133,-0.04971595266314246,-0.00041973335383329506
2020-01-23,7.385872395712042e-05,9.021064490076535e-06,8.381851714769843e-06,0.0,4.787800073739403e-06,3.861305327461026e-06,0.5147377320175701,0.5986828156019701,-0.05001647941148182,4.7806702351073604e-05
2020-01-24,-0.0008123251685571636,1.0988307027115756e-05,1.3140399510725344e-05,0.0,6.284039660995776e-06,6.986338230086583e-06,0.8588865716364147,1.1240154908192317,-0.04968933183531393,-0.000849724252986087
2020-01-27,-0.001096070374087159,7.03001410343528e-06,6.747957686966235e-06,0.0,3.4711644195493857e-06,4.326775487456895e-06,0.5868854382298057,0.779879940734636,0.052981658841877444,-0.0011176462857845667
2020-01-28,0.002100637354706914,6.290856807225739e-06,6.27434012575079e-06,0.0,2.892595322344179e-06,2.2556525022240844e-06,0.4580255540274065,0.43010786695814385,0.05115824658449743,0.002082923909949369
2020-01-29,-0.00047189844218079003,7.78683258372299e-06,8.623801091754281e-06,0.0,3.969312022823987e-06,3.876143879366005e-06,0.6458649793836602,0.7012520212974596,0.05005984956397075,-0.0004961545317584573
2020-01-30,0.001444624670296418,7.146611524877343e-06,7.637042895822011e-06,0.0,3.321078071382765e-06,3.317877581936802e-06,0.41914304570237276,0.507712541057087,-0.04969089270829608,0.001423202060222399
2020-01-31,0.00020151139322558838,6.184495978227814e-06,7.78001043146246e-06,0.0,4.2008125708467426e-06,3.2585213193048304e-06,0.5332628026386607,0.4977866588359116,-0.04964492280729983,0.00018008755292574653
2020-02-03,-0.00044236990380980534,7.1256315206486926e-06,7.059438309202532e-06,0.0,5.115340327929363e-06,2.9734273684947235e-06,0.5969310245476628,0.5498912398684084,0.05035544196129477,-0.0004646437413360807
2020-02-04,0.001174920687311935,5.271594326279723e-06,6.971947778042548e-06,0.0,4.818190874925913e-06,3.6344559799946985e-06,0.4931925450973584,0.6619972443950499,0.05140863975594023,0.0011542244983526921
2020-02-05,0.0025333545330220833,3.2926576934446313e-06,5.435044756134607e-06,0.0,3.1239996551201946e-06,4.272177217014967e-06,0.300699726641525,0.6698676604228337,-0.047858112035680966,0.002517230653700369
2020-02-06,-0.0012028104901226275,3.925874869640513e-06,3.742926232237575e-06,0.0,3.209665204625939e-06,4.420339801949969e-06,0.26155990807428914,0.69358233813548,-0.049034748592114485,-0.0012181092962310815
2020-02-07,0.001107591043901386,4.2171834588637694e-06,4.170005040089663e-06,0.0,3.0563050773064323e-06,3.5553550689990046e-06,0.36104903667965277,0.6477872433281298,0.050487591736296855,0.001092592195256127
2020-02-10,-0.0007044275272996669,3.699672896608419e-06,6.664998494610025e-06,0.0,2.414561043062955e-06,3.126240670025763e-06,0.38188989055644834,0.4758843671996085,-0.04932406536471934,-0.000720333000403974
2020-02-11,0.0010779527873436773,3.5435415548436908e-06,4.242971639499869e-06,0.0,1.922111529828199e-06,3.323091002928562e-06,0.29432742659275274,0.5092008566093025,-0.049078431882696005,0.001064921071616577
2020-02-12,-0.0008178937293957884,2.5363945365812353e-06,2.36710480077076e-06,0.0,1.3441306981834914e-06,3.035393617017349e-06,0.1635286806262277,0.461076845809261,-0.04886928184965364,-0.0008271767530483412
2020-02-13,-0.0004533272615148677,3.191700144850701e-06,3.5858978303834165e-06,0.0,1.6635476852406161e-06,2.6248763274270683e-06,0.23953012596696482,0.3910135112741706,-0.049965711733576806,-0.0004643932835027695
2020-02-14,-0.00012888619423005268,4.3536201801197485e-06,8.530686255086208e-06,0.0,3.2606528123233983e-06,3.1635645087807984e-06,0.602149063642321,0.48128010926143977,-0.0501987282137345,-0.00014819471798636284
2020-02-18,-5.283003801697357e-05,2.9409775549817235e-06,4.165358389145857e-06,0.0,2.282009005859126e-06,3.1848503415448844e-06,0.2932781874065423,0.4853799399385015,-0.049674917441039246,-6.540323330850516e-05
2020-02-19,0.00047778435650526675,5.297450495727302e-06,4.343969889773309e-06,0.0,3.034273160463156e-06,2.0871571308173413e-06,0.40259647946354954,0.40082808877875115,0.05018569080143786,0.00046302150582848564
2020-02-20,0.0009075006047523698,4.482592497223084e-06,5.543225514472409e-06,0.0,2.4995526513607556e-06,2.2798511095015222e-06,0.280361308230723,0.33389807500480506,-0.04911691139145077,0.000892695382979812
2020-02-21,0.0002290504182675854,5.0074063860249585e-06,6.8669693001913995e-06,0.0,3.1124704647982975e-06,3.660256901154339e-06,0.46553909016038697,0.5656850129653643,-0.04923814642856475,0.00021040331521541642
2020-02-24,0.0010561909742031524,3.990883963614786e-06,2.3810736967451436e-06,0.0,1.8210883239382678e-06,2.467983081390541e-06,0.24879403998742333,0.4680121198152181,0.05339096214160767,0.0010455299451374636
2020-02-25,-0.0012902076810531909,3.452284297228188e-06,3.6513983902095875e-06,0.0,3.417515131425097e-06,2.5145992373974996e-06,0.2591070773905644,0.4757634585509679,0.05331078666818809,-0.0013032434781094513
2020-02-26,0.0005185025309911834,3.90767875439789e-06,4.9301714874972425e-06,0.0,2.313604309435643e-06,1.2166438427641363e-06,0.35678254169193724,0.2569800884962394,0.05258392291186455,0.0005061344325970886
2020-02-27,-0.0024399477392880223,2.0940298756666355e-06,2.4346808934913306e-06,0.0,1.1560770834891008e-06,1.1010115134262603e-06,0.1753084686084985,0.23802327107628415,0.053053336820672245,-0.0024467335386540957
2020-02-28,-0.0005688003113910367,6.621007939150912e-06,1.0161664491819989e-05,0.0,4.663712543689904e-06,3.687909520279953e-06,0.682922906773999,0.6700329084019718,0.050464108994940055,-0.0005939346058859774
2020-03-02,0.0013126606075217469,3.829411798305794e-06,6.118065741164255e-06,0.0,2.3925860697007376e-06,3.450988661173934e-06,0.3545747687387141,0.5312858973636998,-0.048480197713521245,0.0012968695552514021
2020-03-03,0.0005654438367746893,6.596114352669601e-06,5.3273419179720805e-06,0.0,4.281365987128142e-06,1.638016467301615e-06,0.4748526252798304,0.32625425838010597,0.05106749187343479,0.0005476009980496179
2020-03-04,0.0016840376455529102,4.393170962197598e-06,5.270625345743518e-06,0.0,3.29021090315684e-06,1.8538984962620027e-06,0.26383567649104117,0.26413077907674504,-0.047324168295271335,0.0016692297398455502
2020-03-05,0.00153326441225871,3.4946409933494294e-06,4.195516469125597e-06,0.0,2.171449148636572e-06,2.4290273624420766e-06,0.27354394197060755,0.36004361281060693,-0.04803298407966161,0.0015209737782851563
2020-03-06,0.0014627928428193326,3.1070730729124366e-06,3.486751347340124e-06,0.0,1.912316065065602e-06,2.7962037335572307e-06,0.22900337159308778,0.4217698844889947,-0.047992342748619826,0.0014514904986004573
2020-03-09,0.005748141600729229,3.689657564545235e-06,2.8204116430820704e-06,0.0,2.939309038623382e-06,1.4330708504296878e-06,0.2868910842145699,0.29633318918339535,0.0555772863112078,0.005737259151632549
2020-03-10,0.003262917348477242,4.577647200655485e-06,5.788477736966828e-06,0.0,4.138302695678228e-06,2.7212513281179927e-06,0.346637612507535,0.46576725457104085,0.008597031447218267,0.0032456916695158236
2020-03-11,9.576643752127829e-05,3.339035067760415e-06,2.2433227976701583e-06,0.0,2.131014653892073e-06,1.771040481029695e-06,0.18332527669747634,0.3340404521316116,0.03650565131862271,8.628202452092595e-05
2020-03-12,-0.004268500184458072,4.685144062930715e-06,4.728706040503225e-06,0.0,5.3087042035165205e-06,1.1879651631479814e-06,0.3597641751672235,0.2514241525597342,0.051846005150873356,-0.00428441070392817
2020-03-13,0.004212049955576077,6.514393603022643e-06,7.161989055004193e-06,0.0,6.860973139437562e-06,2.3531407257329044e-06,0.3970829146521098,0.37694869228721917,-0.01837894963590836,0.00418915945905288
2020-03-16,0.004492111922450768,7.082772368492569e-06,3.303207987091174e-06,0.0,5.899378063784603e-06,1.288754758751727e-06,0.278340774721189,0.2522553058693878,0.03574450639909779,0.004474537809272648
2020-03-17,0.001027821064448227,7.127121887478282e-06,5.003912935453653e-06,0.0,1.0479169893453083e-05,1.9339287333151803e-06,0.2586437793343267,0.2757383393825913,-0.04916168781435895,0.001003276930998527
2020-03-18,0.003437517385262295,5.095712605316215e-06,5.252180715215103e-06,0.0,6.956298951383988e-06,2.5412416044109512e-06,0.34015449863970026,0.3742898107545475,-0.0526387787864923,0.0034176719513859684
2020-03-19,0.0006844751274794306,1.1230268939754905e-05,6.105763514092211e-06,0.0,1.67886361840703e-05,1.4256687264150438e-06,0.41144252742902643,0.2532487348108024,0.013736388773075085,0.0006489247901150981
2020-03-20,-0.0027599539061627415,3.4663156556870194e-06,2.2551467817967277e-06,0.0,6.668111339075755e-06,8.598233294761844e-07,0.17425339322519523,0.19380608144103662,0.049355762089037636,-0.0027732033032687774
2020-03-23,-0.0015318875638401638,3.922934947756117e-06,3.4554600510322337e-06,0.0,5.717847726410782e-06,1.1066756402357992e-06,0.1472742906763728,0.1663217110884701,-0.019599796471144158,-0.0015460904822055988
2020-03-24,0.0008252510181994701,3.1473352391713225e-06,3.0653841439607913e-06,0.0,6.192273827947079e-06,1.5292799839859735e-06,0.18336869566956734,0.2245257503296362,-0.03239328698000721,0.0008113167450044049
2020-03-25,0.0011880735717775504,5.853424500840005e-06,3.934804849536755e-06,0.0,8.561670661336848e-06,1.6270772883656904e-06,0.3545300165581593,0.3232771471881856,0.04992816274274965,0.0011680965944774711
2020-03-26,0.005151301059507135,3.023865022340502e-06,3.9756589911590574e-06,0.0,4.972328312649037e-06,2.039111084459174e-06,0.18525674042323412,0.2971365813023616,-0.04543408088677974,0.0051372900960965275
2020-03-27,0.0013014693428407948,4.8194151094719825e-06,2.5771298448924688e-06,0.0,6.994695654755137e-06,1.8114207264646236e-06,0.2234594049147981,0.32203380780002977,0.017715125753973063,0.0012852666815052105
2020-03-30,0.0011656025591404364,3.14884356181886e-06,3.218751450459941e-06,0.0,3.542825843182591e-06,1.1902252252053102e-06,0.18593462733321242,0.19981273093559695,-0.00014510689889530443,0.0011545019130597698
2020-03-31,-0.0002882237494101861,2.952773132817901e-06,2.473317423733513e-06,0.0,3.4393681018578604e-06,6.423965424249802e-07,0.17432563834249962,0.13084269929608736,0.022920080168690626,-0.00029773160461102035
2020-04-01,-0.0015771793090055422,3.059648415489035e-06,3.2553997049184547e-06,0.0,3.257824274139253e-06,1.4776847693575906e-06,0.18417303291985107,0.23062614905681111,-0.017624892195263836,-0.0015882298661694465
2020-04-02,-0.00012463592238486353,2.312227073525987e-06,1.8346599338706423e-06,0.0,2.602939126049564e-06,1.4333097596734622e-06,0.10997732348885769,0.21501893646836762,-0.02577710315677395,-0.0001328190582779832
2020-04-03,0.00046341941758836283,2.243007535211154e-06,1.8083807376485882e-06,0.0,1.6043518278246115e-06,1.5136563619673294e-06,0.09443832219241147,0.2045001039156351,-0.04979416489487627,0.00045625002112571116
2020-04-06,-0.004304653297604259,1.959613425958272e-06,1.6041654414854262e-06,0.0,2.026789015320312e-06,1.3129678115396229e-06,0.11234533694580937,0.16752720685188682,-0.053051385486769735,-0.004311556833298563
2020-04-07,-0.0009801622004252612,4.7090709938820735e-06,2.3931071020470075e-06,0.0,5.102185511984226e-06,9.460225313283863e-07,0.26114655837508854,0.20624578536942273,0.04731400010625388,-0.0009933125865645028
2020-04-08,0.0028228870316169925,1.8001974551114678e-06,3.2159522064609243e-06,0.0,1.561363960356953e-06,1.7022618518409686e-06,0.14820260926903284,0.23866601003129123,-0.047313981077991535,0.0028146072561432223
2020-04-09,0.0003081444684584018,1.5949695654090843e-06,1.286956637536392e-06,0.0,1.360985124906353e-06,1.1277003964092041e-06,0.09588430731840966,0.16065830793546265,-0.028795358661283577,0.00030277385673414077
2020-04-13,-6.819151726990085e-05,8.617340285269952e-07,7.199571123819945e-07,0.0,7.138363431959442e-07,8.066422491673138e-07,0.05589309438729401,0.11903133898268506,-0.016484558877423658,-7.12936870031731e-05
2020-04-14,-0.0005836796425359391,5.96828478051709e-07,5.223036965347289e-07,0.0,4.472282818212939e-07,7.415845711136714e-07,0.030287553060440287,0.10344846859543486,-0.02113773935166195,-0.0005859875875634605
2020-04-15,-0.00017663673970681884,8.463081769518084e-07,7.569019054213938e-07,0.0,5.062311591221024e-07,3.718152447891142e-07,0.059224654156893916,0.055570395693758455,-0.006894565430812745,-0.00017911799619310326
2020-04-16,-9.832733205894247e-05,5.009308873681369e-07,2.9828398568868215e-07,0.0,3.233886226006738e-07,3.393009224447693e-07,0.021342071464207555,0.05250498071832899,-0.004497574252392258,-9.978923647704474e-05
2020-04-17,0.00029391346635973883,6.219707116713904e-07,8.893552156676551e-07,0.0,4.3596738773045713e-07,5.764020533545005e-07,0.03497915384201063,0.06368727638244541,-0.03314826858111066,0.0002913897709913148
2020-04-20,0.0007705736125697667,4.843768644482506e-07,6.018182095641822e-07,0.0,3.9955316091493733e-07,6.590976348522862e-07,0.03983710398197669,0.07585185776490885,-0.034876544890275224,0.0007684287666999871
2020-04-21,0.0011311376344167326,6.152775810964417e-07,3.5042992214473864e-07,0.0,3.130700371065797e-07,2.471770892292917e-07,0.05061728421903612,0.04054693852070724,-0.0009788124698137694,0.0011296116797871556
2020-04-22,-4.716195111758868e-05,5.869315867188682e-07,2.610282343037719e-07,0.0,2.8523543970756294e-07,9.768555399177326e-08,0.0301539899338286,0.0329194404312313,0.0165082673606134,-4.839283193231065e-05
2020-04-23,0.00034587135090747765,4.0709509892076864e-07,2.9165364266140713e-07,0.0,2.620194093883487e-07,1.0164537772615376e-07,0.018378296932389692,0.031601621664844995,0.01452519820685116,0.000344808937378781
2020-04-24,-0.00010926317531548744,1.627558118483815e-06,2.3301353629717718e-06,0.0,1.022583920936346e-06,1.0760663919923473e-06,0.12264202600554734,0.1328487045806484,-0.047930449274065944,-0.00011531951910987172
2020-04-27,0.00033879464527851515,6.79868263431453e-07,4.0739777563486976e-07,0.0,3.741141475705905e-07,9.83185234668492e-07,0.028567664604025083,0.12592036387951133,-0.039254755544795315,0.00033635007985720973
2020-04-28,0.0018683127061935535,8.75111240111643e-07,8.315183516913294e-07,0.0,6.520260424677306e-07,1.1777317732742565e-06,0.05864026668335572,0.16314526644482383,-0.034713671465251256,0.0018647763187860085
2020-04-29,-0.0004500261449369614,1.3069527983954863e-06,8.141217914022799e-07,0.0,9.641436088638514e-07,1.2983706770280385e-06,0.07096573350740336,0.20485364944933335,-0.013272624291377072,-0.000454409733812651
2020-04-30,-0.0006517387576890173,1.214954156492963e-06,1.3203610626994051e-06,0.0,8.207801760287499e-07,8.915351120044221e-07,0.08721654115970597,0.1398925491434459,-0.00988534967329699,-0.0006559863881962428
2020-05-01,0.0003557888062808916,8.857106303215414e-07,1.0008289600411578e-06,0.0,5.539467599150879e-07,5.695160262603304e-07,0.06151662644951663,0.07999761334672612,-0.015681079065009366,0.0003527788039043535
2020-05-04,0.00017517110788454722,3.960557056183677e-07,3.058695445781809e-07,0.0,2.4615347929982916e-07,3.5292754501864363e-07,0.02838066211042002,0.05545798236568453,-0.003833845197447592,0.0001738701016100322
2020-05-05,6.154657871165966e-05,2.531363215715778e-07,1.9177109881286646e-07,0.0,1.237510585686881e-07,2.4784061300112494e-07,0.018580124370479435,0.04575641674064067,0.004119193756451686,6.0730079619705404e-05
2020-05-06,-5.132498835856387e-05,5.031427229238754e-07,5.072890028134756e-07,0.0,4.946668131504542e-07,3.447091253070398e-07,0.03191404725670955,0.05677237379682215,-0.0011387592547605283,-5.317479602275871e-05
2020-05-07,0.00019321822708794826,2.9902130120865126e-07,3.1396186962627206e-07,0.0,2.3079900515742895e-07,2.807795553100017e-07,0.019106213658448244,0.042671624226419805,-0.004499341065660488,0.0001920936653566459
2020-05-08,0.0003012180770556739,3.0263322265567697e-07,2.6412830734877034e-07,0.0,1.679540976562509e-07,2.9280276135781137e-07,0.012184316394604227,0.04016330505742291,-0.00902755885068941,0.0003001905586666554
2020-05-11,-0.0001276190810395516,2.3307560961422748e-07,5.398741995010083e-07,0.0,2.3912132248157006e-07,4.920808417412361e-07,0.027539051668985605,0.05922564594126602,-0.023443935471261654,-0.00012912323301288964
2020-05-12,0.0005182666356610046,7.483397118242788e-07,2.4797598259073037e-07,0.0,4.977668852384235e-07,4.650503272712799e-07,0.023303315053664217,0.06371204069303843,-0.014416414288536593,0.0005163075027540799
2020-05-13,-0.0003393375902621373,7.118581734346766e-07,7.866070703688733e-07,0.0,4.1548683733760863e-07,2.0060822570501762e-07,0.05612154790559188,0.027237137326673076,-0.006465044591769876,-0.00034145215056898345
2020-05-14,3.569805190780991e-05,1.0989561806941611e-06,7.947598872012081e-07,0.0,6.086601434092516e-07,2.699404702267091e-07,0.0605375747815131,0.05938277910877794,0.014032780110690798,3.292573522627858e-05
2020-05-15,4.0018152962132085e-05,1.110593148639787e-06,1.0949085712147258e-06,0.0,5.203352227407521e-07,3.4996049244383185e-07,0.05324370714021405,0.04105035171721544,-0.017743011013348322,3.694235552709299e-05
2020-05-18,-0.0008651677541206779,5.537219144844255e-07,8.104066774049549e-07,0.0,5.548067822970628e-07,4.7592976648032147e-07,0.05623462900423534,0.05713320550238713,-0.022822995266306847,-0.0008675626192613447
2020-05-19,0.00014659218573675957,8.884058664053145e-07,2.897681547390961e-07,0.0,7.118876055047029e-07,1.6341495697688425e-07,0.057580348890452646,0.05104955824396294,0.023595845471846403,0.00014453870915313359
2020-05-20,0.000901382722723848,5.577810742083513e-07,8.036951725603258e-07,0.0,4.4365588655456247e-07,2.374540480087244e-07,0.03271705311954959,0.03912677546022382,-0.0007655046052418985,0.0008993401365425161
2020-05-21,-5.066015553211718e-05,2.423651340817139e-07,1.5706560674496014e-07,0.0,1.4545318304728945e-07,2.0657354095756443e-07,0.009176093237561802,0.034084784124291057,-0.0006195707565797804,-5.1411612996948706e-05
2020-05-22,-6.744889960879002e-05,2.145041985090758e-07,4.117615661872125e-07,0.0,1.2508101224775327e-07,3.1098324194092946e-07,0.01691143359568744,0.03755990760307397,-0.014685277043002182,-6.851122962767498e-05
2020-05-26,-0.00015188632619856707,1.27368447322482e-07,1.1584407009749437e-07,0.0,1.212724103428689e-07,1.9550273671337143e-07,0.01632513721512858,0.02832545446224154,-0.004519005305604861,-0.00015244631386304329
2020-05-27,-0.0002258397074846585,1.2407977483050375e-07,1.605742066306648e-07,0.0,6.694820583104435e-08,1.9697124852475806e-07,0.009314732805246743,0.026274505297034196,-0.006816664455125156,-0.00022638828092047547
2020-05-28,-0.000147348929592069,5.879366916634757e-07,9.582223892692256e-07,0.0,3.027318810259286e-07,6.114123954409845e-07,0.04967582550800881,0.0682606264161009,-0.0344566560179845,-0.00014980923294946862
2020-05-29,-0.0003734001106058704,1.1774519467930686e-06,9.056337409758634e-07,0.0,6.359132638251267e-07,9.509278203671858e-07,0.05417672257461456,0.10992707130287095,-0.04982880251881629,-0.00037707003737783164
2020-06-01,0.0006323394117323248,5.696958076769997e-07,4.0997007022214747e-07,0.0,2.4738171326536415e-07,6.853111705333386e-07,0.03395885829981963,0.07917266553313167,-0.035959611116469226,0.0006304270529706269
2020-06-02,1.5714941520227934e-05,3.9736456372734247e-07,3.5179226071079833e-07,0.0,1.7192427653553753e-07,6.006599271470494e-07,0.021488524278960836,0.06613601155654536,-0.03477485620415896,1.4193200492107206e-05
2020-06-03,-3.610225891445342e-05,2.9253035265098605e-07,2.1158094995076192e-07,0.0,9.758924588610396e-08,3.587304061246393e-07,0.026362502563756978,0.04280608709846319,-0.017460621130476216,-3.706268986906591e-05
2020-06-04,0.000521994189894915,6.543373362560815e-07,8.282125993028317e-07,0.0,3.3556916847487137e-07,6.298124436685217e-07,0.02983581407946024,0.06102383614956019,-0.04478465438675147,0.0005195462583472127
2020-06-05,-0.0007652535050382267,4.3840048972876765e-07,2.1038390843330386e-07,0.0,1.0437998774595539e-07,4.5317199318955973e-07,0.0235052459468998,0.04561844293624043,-0.030514451919605605,-0.0007664598414173242
2020-06-08,-0.0004521382128141898,3.984103227757717e-07,2.3240859393388575e-07,0.0,1.59754939839883e-07,3.5814356099137816e-07,0.016958511842371377,0.03541517920325776,-0.024752939043293766,-0.00045328693023173074
2020-06-09,0.0005465704178432481,8.460675816833861e-07,9.236534216006194e-07,0.0,4.7575114520330737e-07,7.083666649473856e-07,0.058924971832784945,0.0816623118028988,-0.03734328790826196,0.0005436165790298134
2020-06-10,0.0001462754012684521,1.5722687615234948e-06,3.8182626774840246e-07,0.0,1.1362471022082301e-06,2.467758497940491e-07,0.0888911054725687,0.08330894420239106,0.04185060143699083,0.00014293828328717793
2020-06-11,-0.00322206811053424,1.7068263347806333e-06,9.566193529697369e-07,0.0,9.963992693385609e-07,2.237300497610462e-07,0.07077926111462597,0.08705805436013944,0.049471406000283685,-0.00322595168554109
2020-06-12,0.0013453645895025858,2.138811220095736e-06,2.778092057935737e-06,0.0,1.7712693746350949e-06,9.297564892387626e-07,0.13005225877484855,0.1482945272707934,-0.007904562921318675,0.0013377466603606805
2020-06-15,-8.680862483773536e-05,1.646295246155002e-06,1.665427868754768e-06,0.0,1.0214412759169197e-06,7.164804033073103e-07,0.10475634237203628,0.09963738529422703,-0.02073132246140114,-9.185826963186936e-05
2020-06-16,-0.0003662084656162334,7.044483607857093e-07,9.922080353996922e-07,0.0,4.012913345966234e-07,8.053460791194546e-07,0.049916441747426404,0.0907224792995024,-0.04457566199256602,-0.0003691117594261349
2020-06-17,0.0002654894536733071,3.3653961577103943e-07,2.31113280568845e-07,0.0,1.8939519894582368e-07,6.461619009732356e-07,0.021840855325393763,0.07214313546200156,-0.03641206390150202,0.0002640862436770481
2020-06-18,0.00013998341248669564,3.6750499453061197e-07,4.534062370361393e-07,0.0,1.9657651067271626e-07,6.929490612467703e-07,0.02391092355450537,0.07117622092767395,-0.0452392213617835,0.0001382729756832094
2020-06-19,0.00014393274942866896,1.9457230099403457e-06,1.3467355369522576e-06,0.0,9.150927497126777e-07,6.252027387586685e-07,0.16839064855935704,0.1552549741821393,0.050220914070682944,0.000139099995393305
2020-06-22,0.0008971376657885396,9.363883043259538e-07,8.04979341042911e-07,0.0,5.283172990407941e-07,6.374164434019264e-07,0.0518910903276084,0.15752734958635645,0.050441387094832785,0.0008942305644007281
2020-06-23,0.0004687515273561615,1.9508703393196494e-06,2.2293862500848287e-06,0.0,1.134891889748533e-06,4.2269079561985295e-07,0.15445488884083985,0.1102747261234859,0.03926267245935064,0.00046301368808138865
2020-06-24,-0.0014308080964135568,2.69289667136588e-06,2.5231156690800497e-06,0.0,1.7421454945910002e-06,9.726066554943144e-07,0.19366667895764766,0.2132919509145036,0.04989403279145882,-0.001438738860904088
2020-06-25,0.0007979703044988782,1.0634221786355966e-06,1.4804484475127926e-06,0.0,5.973237125978565e-07,9.745996739907104e-07,0.06632641432617195,0.17752543955638128,0.013792694325941948,0.0007938545104861413
2020-06-26,-0.00033317629328664163,2.2659540138869662e-06,2.41519819026449e-06,0.0,1.1587241810081755e-06,4.549699308486622e-07,0.18365983358760224,0.12635287283053215,0.04991792444795688,-0.0003394711396026499
2020-06-29,0.0010348424804718609,1.6460685942611733e-06,3.131396509592518e-06,0.0,7.915765893986593e-07,9.501678069536747e-07,0.13719780635258283,0.10988987375710219,-0.04973831781111507,0.0010283232709716549
2020-06-30,-0.00044368629267774537,8.491934580049003e-07,6.744221642506609e-07,0.0,3.498627837671209e-07,9.534657546526162e-07,0.04887756835833637,0.11059298832112732,-0.04958925846051218,-0.0004465132368384207
2020-07-01,-0.0002445505269786565,1.8075385966322579e-06,2.059740653935491e-06,0.0,1.5612787958828098e-06,1.731834280199078e-06,0.1546326812636353,0.24117830092165865,-0.04976985815178642,-0.0002517109193053062
2020-07-02,-0.00010051704282879432,6.729493700539834e-07,6.165284002774665e-07,0.0,4.384959237656637e-07,1.7695939881084039e-06,0.042514495704457304,0.24776260377327797,-0.049529186228933875,-0.00010401461051099984
2020-07-06,-0.0010614292911050448,6.920919008042038e-07,8.52338297703654e-07,0.0,2.4077649777957923e-07,1.5402450875890875e-06,0.05615562099564324,0.20933205852619968,-0.04942911618876698,-0.0010647547428889214
2020-07-07,-0.0003559869967197042,1.22079649234328e-06,1.1263208145076972e-06,0.0,6.68625866768617e-07,1.3671272524673879e-06,0.07223548427567603,0.17957462095266913,-0.05010275746185203,-0.0003603698671457912
2020-07-08,-0.0004198497211127691,9.050212270017049e-07,8.869624636105764e-07,0.0,4.3365842860798664e-07,1.248633794703034e-06,0.0598270177637229,0.15985834457808337,-0.04991213293202631,-0.0004233239970266924
2020-07-09,-0.00036696402520246024,1.0178158170152965e-06,1.5477245642900853e-06,0.0,6.471571651814882e-07,9.124133990360879e-07,0.10511938291256463,0.103266235586711,-0.050019215451351746,-0.0003710891361479832
2020-07-10,-0.00040027978884788536,7.443655346319838e-07,6.494123223694294e-07,0.0,3.73976249964575e-07,8.127749397674475e-07,0.04083225508017444,0.08668563846653293,-0.049860551414398276,-0.0004028603178946188
2020-07-13,0.00042521427441570076,1.693965438984748e-06,5.254659298959385e-07,0.0,9.657058010061222e-07,3.190016521190235e-07,0.11675704205197374,0.10365483260814806,0.05006255505215206,0.0004217101355936949
2020-07-14,0.0011468653253309167,1.4799164087910363e-06,2.9207488743226356e-06,0.0,6.494122250383695e-07,1.2525025991605435e-06,0.1281119735796722,0.16647850538546477,-0.043941931273506596,0.001140562745223604
2020-07-15,-0.0008195065246884801,7.063555036957503e-07,5.934038974255289e-07,0.0,3.0035167909259575e-07,1.0605715553179348e-06,0.0517391523984057,0.14753080025223547,-0.03064522104117752,-0.0008221672073240119
2020-07-16,0.00017414789437334062,6.221558091767112e-07,8.61360890293093e-07,0.0,2.3798029573444094e-07,1.17371495967519e-06,0.0462703221287072,0.14795070307644625,-0.049233410148985676,0.00017125268241846117
2020-07-17,0.00019340290078983394,1.048416708266147e-06,3.8591281231309353e-07,0.0,4.937742391307347e-07,1.0429523139118464e-06,0.04577674186516133,0.15067490427571556,-0.024541084461474634,0.00019043184471621212
2020-07-20,-0.0006037596728322487,7.497130160971851e-07,5.14552280654339e-07,0.0,3.9641051000017897e-07,9.422716310566782e-07,0.04627864495734053,0.14659946655414743,-0.011702167463374512,-0.0006063626202700572
2020-07-21,0.0005772121454150278,7.238792742512012e-07,1.0406145675051347e-06,0.0,2.9511602448456324e-07,1.0631146486074751e-06,0.045366258317060884,0.1383193182994573,-0.04028394266659856,0.0005740894209001795
2020-07-22,-0.00022929547605609468,3.476062717052319e-07,4.826332777920933e-07,0.0,1.7979165493046515e-07,1.1053503084426753e-06,0.02527748738684459,0.1359363617176092,-0.049762490100760205,-0.00023141085756896515
2020-07-23,0.0006163069147010467,1.0974330747755433e-06,8.588576759828682e-07,0.0,4.0377139464183683e-07,1.0366044990900085e-06,0.048382228298319105,0.12401820053359221,-0.050131355313529184,0.0006129102480565565
2020-07-24,0.0003051688650820077,7.57850011009397e-07,8.550254127505204e-07,0.0,3.680541943566877e-07,8.650495902388944e-07,0.058637558634525515,0.09552844327968976,-0.04979988788044448,0.0003023228858736522
2020-07-27,-0.0005481914697408815,1.0937426310597522e-06,1.0158809732336384e-06,0.0,4.6433219513458363e-07,5.666397175019069e-07,0.10756055019078273,0.09757909345510851,0.0023836209147881544,-0.0005513320652578114
2020-07-28,0.00014840541028549443,8.831993261648504e-07,3.8682044448855345e-07,0.0,4.482244092776297e-07,4.3411069803222786e-07,0.05194441216000396,0.10836480193579337,0.03543420466637908,0.00014625305540753118
2020-07-29,0.000408675657836535,1.267919579218734e-06,1.4828405702423393e-06,0.0,5.578533653917664e-07,3.024893084515597e-07,0.08988335791907312,0.0679008394235018,0.017082635603639755,0.0004050645550132306
2020-07-30,0.00022531885190319866,1.2146354396247526e-06,8.150663716244225e-07,0.0,4.693774355042693e-07,4.35125808146318e-07,0.061154916352382266,0.09795213571070684,0.024850999942125383,0.0002223846468482989
2020-07-31,0.00016135455533635698,2.37908983835593e-06,3.090074677758101e-06,0.0,1.2254051979152926e-06,1.3802032927866679e-06,0.14124518041236112,0.18202265602713363,-0.04985149716102656,0.00015327978232954097
2020-08-03,0.00037850379885499434,1.7407986217716113e-06,1.6351150638780218e-06,0.0,1.029488363859518e-06,1.1855827596967076e-06,0.12031533091332712,0.14908240406058731,-0.0500954995684595,0.0003729128140457885
2020-08-04,-0.0004182807028490401,1.5080016762095118e-06,1.2749197010590518e-06,0.0,7.547053621425364e-07,1.0398351205890234e-06,0.08468928437345313,0.12467435465142235,-0.0500179456075336,-0.0004228581647090402
2020-08-05,0.00021829500834938092,1.0337228160454123e-06,9.25971524944636e-07,0.0,6.083175930332753e-07,9.62254680171331e-07,0.06145966072306895,0.11181204028314902,-0.04984674598563461,0.00021476474173518626
2020-08-06,-0.00021843464016639634,8.732931742631454e-07,6.449216299606195e-07,0.0,4.577040147597074e-07,8.853220681904446e-07,0.042475714719570436,0.0988903625137977,-0.049843744942196976,-0.00022129588105357026
2020-08-07,-5.6174212648273774e-05,1.1995043237644729e-06,9.170483094733973e-07,0.0,6.594025142958098e-07,8.961225482310053e-07,0.05596252440380241,0.10045022353051627,-0.05009836457229261,-5.984629034403846e-05
2020-08-10,-0.0005878145312040604,6.87646476601478e-07,7.351686287892372e-07,0.0,4.2191518054664917e-07,1.0171520523671821e-06,0.05369897705766623,0.12037354499054534,-0.05050799980714125,-0.000590676413542365
2020-08-11,0.00012960225252691982,1.478121358064951e-06,6.510705844755256e-07,0.0,1.18395811758957e-06,7.700131583713341e-07,0.12529959614365604,0.17880877356093222,0.04944656295454815,0.00012551908930841845
2020-08-12,0.0008076392671055532,1.1574970858136737e-06,1.2174681501435855e-06,0.0,7.742052137592785e-07,6.938350709480936e-07,0.08220203958320754,0.16665688502826362,0.05009259310898388,0.0008037962615848886
2020-08-13,0.00041596084823362846,1.2147820181572237e-06,1.6180268087261273e-06,0.0,7.543026002864673e-07,5.665097637024937e-07,0.10619232448630797,0.1407986108028645,0.04562497050084549,0.00041180722704275616
2020-08-14,-0.0003965357095955563,1.8068690322154747e-06,2.1738419660231382e-06,0.0,1.033222899526006e-06,9.700025895725155e-07,0.12258371689980868,0.1790812429303668,0.01612080788218419,-0.00040251964608289346
2020-08-17,3.550538514546159e-05,9.634614747275947e-07,1.0709534270588027e-06,0.0,4.7277866231420326e-07,7.406668696039917e-07,0.06934257539493473,0.1300922424534227,0.005660208359952094,3.2257524711757e-05
2020-08-18,0.00011672029952877511,1.0976093317381013e-06,1.1639960824631836e-06,0.0,4.6435531679825736e-07,5.715940969588751e-07,0.07015698344145108,0.0899003300139925,-0.006127478275098555,0.00011342274470081669
2020-08-19,-0.0001652277831481084,1.4144312119679266e-06,8.903685377915718e-07,0.0,1.022578024218706e-06,5.616257457790283e-07,0.08953744070709013,0.11876842149059602,0.024415296199719303,-0.00016911678666786564
2020-08-20,-0.00044038013214905335,1.9881663328463377e-06,7.484323981956752e-07,0.0,1.2081158507456501e-06,4.435154510665027e-07,0.06882516829105206,0.12452809706984971,0.0500175012906772,-0.0004447683621819075
2020-08-21,-0.0003287035496027801,1.0948890914701732e-06,1.4057683163469396e-06,0.0,5.958784411928659e-07,6.527660156539612e-07,0.06412662198808965,0.12209154406432511,0.012426853434459623,-0.00033245285146744403
2020-08-24,0.0004729906752056133,1.0445925046866153e-06,2.0608543837582506e-06,0.0,4.517043098200081e-07,1.2722131122112216e-06,0.09448038778652218,0.16419699818606712,-0.04953480466541817,0.0004681613108951372
2020-08-25,0.00014103589492557136,5.010312387276764e-07,4.5031705327536435e-07,0.0,2.457994618183565e-07,1.1786019627408967e-06,0.02893966802534522,0.14851393026137294,-0.04949119947909769,0.00013866014520900907
2020-08-26,-0.0008899294528320296,1.2915468965293635e-06,9.917188351606817e-07,0.0,6.193039447099542e-07,1.4178721799562098e-06,0.07170236103106685,0.18838096548367678,-0.049821560748966556,-0.0008942498946883858
2020-08-27,2.768243709579232e-05,1.9396000800299057e-06,2.913071646355757e-06,0.0,1.191070334374242e-06,2.466700715423351e-06,0.21509039547607114,0.3646802534465783,-0.04972546674454492,1.9171994319609064e-05
2020-08-28,-0.0006185200587936857,1.0712630769202392e-06,1.1914903009004495e-06,0.0,5.514432630620089e-07,2.2582024918044662e-06,0.0809946124557028,0.32964976542361113,-0.04972825319953922,-0.0006235924579263729
2020-08-31,0.0003392419983881995,1.3206040756232699e-06,1.3215618785744302e-06,0.0,7.642440504561103e-07,2.1005234139720005e-06,0.08895537423174388,0.3025428165496883,-0.05034511699760774,0.00033373506496957365
2020-09-01,-0.0010814657117048175,1.2486635523861622e-06,1.5427918732873033e-06,0.0,4.895595004386983e-07,1.7078299755082257e-06,0.10422485418136868,0.23656856651979952,-0.0503468693655824,-0.001086454556606438
2020-09-02,-0.00039009074116394304,1.647142440198541e-06,1.0831435403492726e-06,0.0,7.364295300712932e-07,1.8052504714118985e-06,0.07159471159661036,0.25359583394953533,-0.049686245247663616,-0.00039536270714597406
2020-09-03,0.0031272958825876583,1.9457210486286128e-06,2.337828206295595e-06,0.0,7.548956367907993e-07,1.4695578486991417e-06,0.14808106726356984,0.19674693766565945,-0.05013878091579637,0.003120787879847244
2020-09-04,0.0006031615555811757,2.1104161088629226e-06,1.814155019591679e-06,0.0,1.1432496729928451e-06,1.3324165131373284e-06,0.11263631321251943,0.17374745417295626,-0.05009852003411496,0.0005967613182665909
2020-09-08,0.0011487373882081082,2.4113841371099032e-06,9.143553468064856e-07,0.0,1.0378441010192002e-06,6.784023458779824e-07,0.14445828011304965,0.1638431989434666,0.04987160483596553,0.0011436954022772945
2020-09-09,0.000544561239524706,2.378536231787593e-06,1.6875823873674758e-06,0.0,8.456075425664479e-07,6.567431867018337e-07,0.10428982277018016,0.1603474575036976,0.05001460213778959,0.0005389927701762826
2020-09-10,-0.0006364036309871373,2.049218245981139e-06,1.3674209031455062e-06,0.0,5.51228274997956e-07,6.722168200195495e-07,0.09216659661933105,0.16274151069532705,0.04980908493204275,-0.0006410437152312815
2020-09-11,0.0005183230634140988,1.217292451650422e-06,1.0862844992209042e-06,0.0,6.843562057331819e-07,7.494700061612465e-07,0.07250002986007531,0.1761225318781671,0.0502115708430777,0.0005145856602513331
2020-09-14,0.0010063873534001248,1.3648872749782543e-06,1.3717619589844634e-06,0.0,7.983559168449043e-07,9.037552347631178e-07,0.09135187816004885,0.20266838165615322,0.05083750221594939,0.001001948593014554
2020-09-15,-3.069498720608209e-05,1.9124816023616897e-06,1.7807837935476137e-06,0.0,8.176925310964364e-07,7.859168382533481e-07,0.09966996708073214,0.1616115883249639,0.029577559498401462,-3.5991861971341175e-05
2020-09-16,7.971979664246818e-05,2.3713897220907325e-06,2.397297382298064e-06,0.0,1.2570668082901457e-06,1.3673763830488395e-06,0.1827299691804948,0.2712341041430126,0.041514871790807664,7.23266663467404e-05
2020-09-17,0.00042986227285296915,2.454577468424684e-06,4.130130704705408e-06,0.0,1.4958737868682282e-06,1.4094824820067195e-06,0.22303239565758967,0.20744623281574187,-0.029346824161386984,0.0004203722084109641
2020-09-18,0.0002576930129225071,2.3498251217140995e-06,1.8202083071364669e-06,0.0,9.303529158911864e-07,1.0401420027943847e-06,0.18199954364547943,0.22489948615309013,0.05015562968363346,0.00025155248457497096
2020-09-21,-0.0008107821502571078,4.398309739403987e-06,5.908817518958398e-06,0.0,2.832493639350141e-06,2.6135083420480954e-06,0.3930008774820448,0.4889501027476123,0.04988070128353239,-0.0008265352794968683
2020-09-22,0.0013332544895258006,3.361890524794704e-06,3.758827144124644e-06,0.0,1.9414752450714877e-06,1.3335988235265429e-06,0.2750227399464331,0.2737700094206556,0.04972540706819657,0.0013228586977882832
2020-09-23,-0.000729787804767209,2.5897484110172586e-06,2.938795262398984e-06,0.0,1.143883990962122e-06,9.423364067098868e-07,0.21842108025269152,0.2091346174548645,0.05082210112760354,-0.0007374025688382973
2020-09-24,-0.00013359350881932448,1.4973336183025583e-06,1.8427765917555844e-06,0.0,7.932984623462926e-07,8.455936660492058e-07,0.11869956071160244,0.18781030814273492,0.04575057224646844,-0.0001385725111577781
2020-09-25,0.0008145960828458159,1.75837843862822e-06,1.0471872970159986e-06,0.0,6.37978616425465e-07,7.365686156840838e-07,0.07210622988727691,0.17377926992978165,0.05003574249485558,0.0008104159698780622
2020-09-28,0.0012949408640749365,4.14282699052317e-06,6.152419880480631e-06,0.0,2.2263479555949125e-06,2.5615441699428857e-06,0.377277803314713,0.38071520902640843,-0.04962421152399632,0.0012798577250783948
2020-09-29,-0.0004971222561632319,3.269624489839205e-06,2.284787941479729e-06,0.0,1.60543220919654e-06,1.999130133904302e-06,0.18558792098355278,0.3342953724945548,-0.0015584900013677905,-0.0005062812309376517
2020-09-30,-0.00022601479664587876,2.8694541489825107e-06,3.250135040181251e-06,0.0,1.0933213070577444e-06,1.7980746281571412e-06,0.1652012475114717,0.2523103811939912,-0.049766156336408594,-0.0002350257817702574
2020-10-01,-0.0006268999615189712,2.467611428633755e-06,3.035979749023277e-06,0.0,1.1381770912049305e-06,1.3168675505887873e-06,0.20123776355916867,0.1713346837541429,-0.049899064744773285,-0.000634858597338422
2020-10-02,0.0001321547293096982,2.839040758373225e-06,4.069154120909697e-06,0.0,1.7527149797030473e-06,2.380017817920929e-06,0.30404787514632736,0.3557852562348968,-0.044057737175819414,0.00012111380163279132
2020-10-05,-0.0008802963876456599,1.7622265733934095e-06,1.9059692097505123e-06,0.0,7.201426684572873e-07,1.945769376074062e-06,0.12676837492232695,0.284677673737695,-0.04221158144274729,-0.0008866304954733351
2020-10-06,0.0008654138793174616,2.8439484516071656e-06,1.7325360024285386e-06,0.0,1.1921201705872137e-06,9.122983500091273e-07,0.1948247379986871,0.20357883176770833,0.05031270896617495,0.0008587329763428296
2020-10-07,0.0009943058676861604,1.5467601346891805e-06,1.8623408331717225e-06,0.0,1.00363897194546e-06,1.1473775106026936e-06,0.13342709407643108,0.24402873649446205,0.051269314713209516,0.0009887457502357512
2020-10-08,0.0010024579653876017,1.5915908264972675e-06,2.0223957073038495e-06,0.0,8.501177289625561e-07,1.1105453288048368e-06,0.10121819920607832,0.20001833484728843,0.013446719608075891,0.0009968833157960333
2020-10-09,-0.00047429026487200187,1.1200230818600366e-06,2.303205334914217e-06,0.0,6.723177077939006e-07,1.6633501813702824e-06,0.11447501441644647,0.2300885680669988,-0.04935426240320857,-0.0004800491611779403
2020-10-12,-0.0010546444945616473,1.2120461418026365e-06,1.6405566670268146e-06,0.0,1.0617575938179797e-06,2.086047741755155e-06,0.12309471790645017,0.30115027839267283,-0.049305742222193055,-0.0010606449027060498
2020-10-13,-0.00011621333682249045,2.1768735042050157e-06,1.3238388367650715e-06,0.0,1.336572497767346e-06,1.8798435571297592e-06,0.12348933060058397,0.30899886326653864,-0.006814854331260875,-0.00012293046521835764
2020-10-14,0.0004014331072848978,2.8570843736035644e-06,2.227224834120093e-06,0.0,1.5693035401398766e-06,1.0641197105413672e-06,0.19491961822866405,0.22875661908061037,0.049984507709660744,0.0003937153748264929
2020-10-15,0.0004612460482419553,2.431434341449175e-06,2.8663231678257193e-06,0.0,1.1476608421803675e-06,5.03258706610646e-07,0.1848499033878663,0.13490278919729298,0.0503553264867045,0.0004542973711838894
2020-10-16,0.0006216313466830949,2.39603132760254e-06,2.8479112443320488e-06,0.0,1.1377777416589783e-06,1.3232361160431032e-06,0.20866901533342688,0.27291206444941307,0.050608396954171714,0.0006139263902534582
2020-10-19,-0.0004004877667408601,1.8648868932605752e-06,2.249989033892826e-06,0.0,1.0210847865156857e-06,9.422639499581669e-07,0.15373813334290137,0.20820902552305282,0.04990868193008079,-0.0004065659914044873
2020-10-20,0.0002569123056837496,3.569817005039634e-06,3.8140122703191473e-06,0.0,1.685000624987837e-06,1.9136475873746373e-06,0.27855771923978817,0.37185794816105455,0.05036515348211559,0.00024592982819602834
2020-10-21,-0.0011203088368934573,2.324398113612569e-06,2.2097618079095694e-06,0.0,1.0927382632271487e-06,1.80142851303962e-06,0.1470479648084582,0.35240739342460115,0.0497674032339451,-0.0011277371635912462
2020-10-22,0.0008768521566413182,1.885287602671504e-06,1.7066637355259382e-06,0.0,1.152325924113236e-06,1.8155591371423394e-06,0.11203410340743628,0.35598857404498696,0.050974639005073846,0.0008702923202418652
2020-10-23,0.0007462551324401189,1.7711088443514289e-06,2.1538929656862932e-06,0.0,7.884082224969425e-07,1.3892226038236249e-06,0.13834978160973885,0.27928330116499483,0.045893903722625834,0.0007401524998037607
2020-10-26,-0.0016479163954502747,2.6587050660644067e-06,4.327801718632078e-06,0.0,1.4921901737982533e-06,1.6367212006851518e-06,0.21508256958023078,0.22409482863564595,-0.05087433307945964,-0.0016580318136094545
2020-10-27,0.0007537598125361705,2.750756777440881e-06,9.62558937040585e-07,0.0,1.2738199886691483e-06,1.229100261557572e-06,0.1458198375581723,0.25692438103787324,0.05043553709620128,0.0007475435765714624
2020-10-28,-0.0018373047119332742,3.1359935777314854e-06,2.557012102512305e-06,0.0,1.2397494320853353e-06,9.685433676217215e-07,0.16554925108693622,0.2127031969385252,0.04998791117807608,-0.001845206010413225
2020-10-29,0.0006495954528137024,2.001439047354844e-06,2.361657934623744e-06,0.0,1.1604249719452468e-06,1.4626205233161961e-06,0.16709737573977348,0.2961851356210915,0.05046488770397049,0.0006426093103364624
2020-10-30,0.00015721379155026383,5.628704886781605e-06,7.678432384070198e-06,0.0,3.5840091049874895e-06,2.164904770276763e-06,0.42391984508085895,0.31718824753744934,-0.046515753869046814,0.00013815774040414777
2020-11-02,-0.0026221565434125776,3.282523771681229e-06,2.878428869197486e-06,0.0,2.1621928161476035e-06,1.6301561047619649e-06,0.19851187851267557,0.22385175151734799,-0.050014474082662116,-0.0026321098449743657
2020-11-03,-0.0009702195252136252,2.9835058308602243e-06,3.0986819345466814e-06,0.0,1.3226517617070585e-06,1.6668557774516455e-06,0.24042324973387336,0.24198084894335387,-0.038050921668522475,-0.000979291220518191
2020-11-04,-0.0007289112280576054,4.703835068028275e-06,4.92534601002091e-06,0.0,3.2040586092438862e-06,2.7941997006119195e-06,0.3492455449499523,0.4195395377075804,-0.04988601199522191,-0.0007445386674455104
2020-11-05,-0.00036715178720793173,1.9406841625389127e-06,1.7406136676464005e-06,0.0,8.430451577687604e-07,2.4898145679380478e-06,0.1168495757987234,0.36978783212434174,-0.04850101528925024,-0.00037416594476382385
2020-11-06,-0.00027004128695825506,1.969429868547757e-06,1.8460667108675518e-06,0.0,1.4684340722154976e-06,2.112312611358108e-06,0.14838380560370218,0.33100975352144385,-0.023858765186718228,-0.000277437530221244
2020-11-09,0.005772111483541089,4.428058462925441e-06,4.257450071244459e-06,0.0,3.7355443438849657e-06,2.973695913107323e-06,0.3585385965947606,0.5506662190144664,0.05108530561243607,0.005756716734749927
2020-11-10,0.0024038878095458955,3.131386778225568e-06,4.080730214213439e-06,0.0,2.5188116397473455e-06,2.227602105592704e-06,0.2694903766431872,0.42498392769405774,0.05074677395448368,0.0023919292788081165
2020-11-11,0.0011134504808580177,3.281057019423435e-06,3.877827939878113e-06,0.0,2.242607399306973e-06,1.8777740732879329e-06,0.19689213893163637,0.30262339127344867,-0.012842653038924054,0.0011021712144261213
2020-11-12,0.0005171052847947393,3.762439128217874e-06,6.059684212407173e-06,0.0,2.955241677051953e-06,1.9324832981846264e-06,0.3827630100863493,0.27446054625838323,-0.050196647836633856,0.0005023954364788778
2020-11-13,-0.0014903741334107673,3.656949917302053e-06,3.924198985150299e-06,0.0,2.477266309820661e-06,1.373587421076631e-06,0.3068964876704237,0.19791922274647872,-0.03284346399439529,-0.001501806136044117
2020-11-16,-0.00019942043169720564,2.0180099272720214e-06,2.116570424015033e-06,0.0,1.1212664896029154e-06,1.218741874670282e-06,0.12452295615752043,0.15457229972059158,-0.050176335224015774,-0.0002058950204127659
2020-11-17,0.00036001363390524146,1.0366344753094783e-06,9.71553820521276e-07,0.0,4.955894355716177e-07,1.2572728047134442e-06,0.06158467158767213,0.16120132318652985,-0.05002050800532877,0.0003562525833691256
2020-11-18,0.0003825046364848737,1.7154321644860719e-06,1.2731941458669558e-06,0.0,9.23133617885949e-07,5.094870692597024e-07,0.17010146389005545,0.13563950076080583,0.050045673125175924,0.000378083389487375
2020-11-19,1.186427106276496e-05,8.682418033608275e-07,1.0918970494464358e-06,0.0,3.902143642231053e-07,4.7466519327013795e-07,0.07508833456557462,0.12981559703581128,0.05007184456642812,9.039252652464453e-06
2020-11-20,-0.0001354321767233179,1.309272551455295e-06,1.474934694322341e-06,0.0,4.6458630709285954e-07,4.198358989461269e-07,0.10794722434065047,0.1205188990536463,0.04998646803069701,-0.0001391008061751345
2020-11-23,0.00022069861390926738,9.58905315997371e-07,9.855088234205964e-07,0.0,5.611946138842892e-07,4.3521983732923874e-07,0.06726167319735779,0.12349514226392376,0.05037820959261166,0.0002177577853186359
2020-11-24,0.0006020789826509745,1.397579405152314e-06,1.8569545497813986e-06,0.0,6.780854668900361e-07,6.052333939214148e-07,0.0951812407696417,0.11919455751979499,0.01751534734099732,0.0005975411298352293
2020-11-25,0.00033184794824931286,1.0685192835551117e-06,9.97162292388751e-07,0.0,5.237341948537612e-07,4.735599766592741e-07,0.07698349938487281,0.10552860219309976,0.025970526114341624,0.00032878497250185594
2020-11-30,0.000964920278620318,2.525201592229887e-06,3.5244775884567196e-06,0.0,2.0083957638761964e-06,1.3904934417060774e-06,0.18604748939302446,0.18659579563209258,-0.04700710257452847,0.0009554717102340491
2020-12-01,0.0004303207599136772,1.3191538528004772e-06,1.4689915321394405e-06,0.0,9.260443461627519e-07,1.44232019763306e-06,0.10031877748347734,0.19260766555702508,-0.04970212764532887,0.0004251642499849415
2020-12-02,0.0007146137606175187,1.8493266894906374e-06,1.5266496673248026e-06,0.0,1.2702359187415329e-06,9.73897449492372e-07,0.13808458788448882,0.15770481577487855,-0.005909955739839904,0.0007089936508924694
2020-12-03,0.00025798610255776245,1.899346034262211e-06,2.5251673101937835e-06,0.0,1.1182401364655188e-06,1.50116511732656e-06,0.13857794887810487,0.20265540533219403,-0.049540334378668165,0.0002509421839595144
2020-12-04,-0.0009673968331524423,1.2014760411940689e-06,1.1648935522466274e-06,0.0,5.955784950300688e-07,1.483957829425054e-06,0.07841889839765509,0.1995546635307311,-0.049750251812677754,-0.000971842739070338
2020-12-07,0.00018281720237007997,2.391694007301791e-06,3.546832678566952e-06,0.0,1.7220248606737846e-06,1.8456721330378888e-06,0.23965406726058214,0.2602034599323507,-0.049869458418014725,0.00017331097869049955
2020-12-08,-0.0005688845471822859,1.9055997918790044e-06,2.1593889045071275e-06,0.0,1.0581193602119431e-06,1.3034386028684145e-06,0.15585970968785118,0.16886769554210707,-0.050109989739786615,-0.0005753110938417524
2020-12-09,7.110387940739874e-05,1.784220631422799e-06,1.5364068993429621e-06,0.0,1.0942527137455041e-06,1.1817265440918224e-06,0.10111143502331209,0.1484911976666849,-0.05003886174074108,6.550727261879564e-05
2020-12-10,0.00010585430185107358,1.8615232641052402e-06,1.5920770313274197e-06,0.0,1.1782298619649592e-06,1.3285097443423496e-06,0.15758216161745547,0.23832798110969983,0.015138344060185015,9.989396194933361e-05
2020-12-11,0.0004723198452740026,2.1496454903462922e-06,1.2443822491090769e-06,0.0,1.3313328808065894e-06,9.810841264473382e-07,0.1086394440332909,0.21482571208997342,0.05000357884682053,0.0004666134005272933
2020-12-14,0.000806995202631675,1.0177640961214412e-06,1.011619118042657e-06,0.0,7.084933963293077e-07,9.326373893037513e-07,0.06897781237291933,0.20701872068353025,0.050335639280500055,0.0008033246886318779
2020-12-15,0.0005894089449003138,1.6829976327399154e-06,3.3183036476775224e-06,0.0,1.3728502281244983e-06,1.252682434637104e-06,0.16122380040914086,0.1682040541540945,-0.042246594864938966,0.0005817821109571348
2020-12-16,0.0001262176234296083,2.2690436853571643e-06,9.973762866753368e-07,0.0,1.5505307659683487e-06,7.268824486994932e-07,0.13009500260824425,0.15563448113359166,0.03351822975207668,0.00012067379024290796
2020-12-17,0.000330725140290739,1.4508343403024359e-06,2.4123029371577033e-06,0.0,8.768335528906715e-07,1.244859368114501e-06,0.13473264565570475,0.19442300607918367,-0.014713367764052437,0.0003247403100922737
2020-12-18,0.00018192829353610665,2.1589428133843687e-06,4.370510189079727e-06,0.0,1.6802392162940324e-06,1.8667971879999376e-06,0.28158271717919614,0.2639257700165552,-0.04969615756743422,0.00017185180412934858
2020-12-21,0.000897986465163646,2.342172339237761e-06,3.195958882216917e-06,0.0,1.6736574103157091e-06,2.1615239709233602e-06,0.2169171697440998,0.31359747738441135,-0.0495385497307127,0.0008886131525609523
2020-12-22,-0.00043643822283020783,1.5308281020273362e-06,1.6280266276769403e-06,0.0,1.0976691437769061e-06,2.1770162733520355e-06,0.14572928379344086,0.35460110671439293,-0.011137627208748835,-0.00044287176297704104
2020-12-23,0.0004825220191421039,3.7071785562483733e-06,4.81932031759229e-06,0.0,2.245039191417594e-06,1.3697243671832746e-06,0.4120501880869208,0.27983124546647575,0.049717551779685815,0.0004703807567096624
2020-12-28,0.0002258413882476846,1.8738221752728427e-06,2.073346991212832e-06,0.0,1.2562884021472508e-06,1.2973395148567504e-06,0.1478020916332133,0.26846923197860745,0.05051619348267333,0.00021934059116419493
2020-12-29,-0.00036664456537032516,1.7052917860083205e-06,1.6630142145643985e-06,0.0,1.1771100686159819e-06,1.2310177842878231e-06,0.11061200115929859,0.25707710766456454,0.050266119904210246,-0.00037242099922380167
2020-12-30,0.0006006860761567832,1.1659112924834043e-06,1.7137174431421229e-06,0.0,7.55971416043689e-07,8.081420462186764e-07,0.1172349313460182,0.18620423711873924,0.05043637335400168,0.0005962423339588952
2020-12-31,0.0005569653748419909,2.413641784962271e-06,3.335975275614429e-06,0.0,1.2325238869782963e-06,1.4332884938929641e-06,0.14652878490380272,0.19098347660608628,-0.049808990367931724,0.0005485499454005429
2021-01-04,0.0007139924375667086,1.7619657160796772e-06,2.1325643272482e-06,0.0,9.949079021874391e-07,1.87093166851035e-06,0.1532324457596763,0.26447253616905275,-0.049843984140686,0.0007072320679526829
2021-01-05,0.00010991755181731635,1.9808557500800054e-06,2.1128034873867256e-06,0.0,1.1110952891061802e-06,2.1412473433300543e-06,0.15331960824973082,0.3101324345994907,-0.049597119079958535,0.00010257154994741339
2021-01-06,0.0009545454804063913,2.248918878078941e-06,1.8181622219103896e-06,0.0,1.1854931906986118e-06,1.6380147953579534e-06,0.15523718604716835,0.27937080285914084,0.004184317239004642,0.0009476548913203455
2021-01-07,-0.0002747897903535224,2.6833045077494384e-06,4.134134522552819e-06,0.0,2.20691239153426e-06,2.7668711475353644e-06,0.2619465244859724,0.4157763050650437,-0.0490580477208975,-0.00028658101292289425
2021-01-08,-0.000576602304835352,1.383593141353026e-06,2.172643021219331e-06,0.0,7.714657432431289e-07,2.211183010207641e-06,0.14962495935137748,0.3218961341835906,-0.04958261153129301,-0.0005831411897513751
2021-01-11,0.0003058776932527795,1.6428149734626828e-06,2.4900140781521647e-06,0.0,9.542411548535787e-07,1.5564135370619623e-06,0.16915655794856857,0.21178251238693124,-0.049694961839478455,0.0002992342095092491
2021-01-12,0.0004673324969740886,1.9027071145899233e-06,2.26785926856566e-06,0.0,1.785071622833944e-06,1.506173427551802e-06,0.14867922475827636,0.20315077622608413,-0.04988635960261857,0.00045987068554054726
2021-01-13,0.0003942081641368858,1.3740775678315887e-06,1.3534127168833965e-06,0.0,1.3687999452905997e-06,1.4833469783944243e-06,0.12862710658734566,0.23932198169675883,-0.009880310673504332,0.0003886285269284858
2021-01-14,-4.00867174971628e-05,3.7138833175497643e-06,3.858220341443528e-06,0.0,3.1985715255803557e-06,2.2714242104291085e-06,0.32785313778344916,0.43223709163189405,0.050637824279803983,-5.312881689216556e-05
2021-01-15,0.0011497191074348776,3.00795831256561e-06,4.99530363936358e-06,0.0,2.531289805477028e-06,1.5411958447276343e-06,0.29310414405861773,0.24986026837105046,-0.009060633543192136,0.0011376433598327437
2021-01-19,-0.00047645021306536777,1.9729879662017287e-06,1.2476379626649581e-06,0.0,1.5064056085177537e-06,1.2211541193708994e-06,0.1383899590433113,0.2556441437508672,0.05049025169655601,-0.0004823983987221231
2021-01-20,0.0006557075448774921,2.1896104187514856e-06,2.423234777726103e-06,0.0,1.3382017241270965e-06,1.5004637716797025e-06,0.16862708492181994,0.3033038171598268,0.05122590351763666,0.0006482560341852078
2021-01-21,-0.0009516883831418074,3.059691068538843e-06,4.263565779557984e-06,0.0,2.3939679166888304e-06,2.685148381949868e-06,0.30740428189909325,0.48808032488397957,0.036975396716401765,-0.0009640907562885429
2021-01-22,-0.0008313166146272622,3.135596445578333e-06,3.894676921957694e-06,0.0,2.926684298171949e-06,3.090307492162629e-06,0.285990334616159,0.5694532862252969,0.05028162754197507,-0.0008443638797851328
2021-01-25,-0.0010813338813132904,2.8541164342516967e-06,5.291891111609782e-06,0.0,2.24843034941174e-06,1.7001890140632331e-06,0.36954085115068025,0.3350497026143035,0.04941794825168029,-0.001093428508222627
2021-01-26,-0.0010739039909433176,3.923894845286624e-06,5.033320498799407e-06,0.0,3.424430166689063e-06,2.8192717190293944e-06,0.36375795677922657,0.5231332685465357,0.04949561974959743,-0.001089104908173122
2021-01-27,-0.005147946537029727,6.0218006847267255e-06,1.0136956418518628e-05,0.0,5.824404242723017e-06,3.0516021974038034e-06,0.6819676614892396,0.5453458579498498,0.03267668878601078,-0.005172981300573099
2021-01-28,0.005202698954716238,4.489260279117383e-06,6.512818612653766e-06,0.0,4.030866666194602e-06,2.476857076318147e-06,0.48950269512388606,0.46678278039627374,0.05067079157482533,0.005185189152081954
2021-01-29,0.0007440718364746106,3.274888087928294e-06,4.3897615673201114e-06,0.0,3.1374341864116524e-06,1.6966856323403905e-06,0.30599357337646405,0.33561232892629717,0.050569142693111656,0.0007315730670006101
2021-02-01,0.0013656159957923574,2.7314909524248093e-06,4.098356836430969e-06,0.0,3.316797666325041e-06,1.550682591641146e-06,0.3001827068030789,0.3108854597032877,0.05037078430757516,0.0013539186677455355
2021-02-02,0.0014114985694520742,2.9492584444939963e-06,4.125463537363427e-06,0.0,2.8457747120239766e-06,2.162312484888965e-06,0.3001211837464032,0.41465016686155437,0.051381669400208246,0.001399415760273304
2021-02-03,0.000760049704675211,2.710942454594828e-06,3.314525226706162e-06,0.0,2.694248333880874e-06,2.591492003782634e-06,0.21754172519857218,0.47346934243404115,0.03809868579855866,0.0007487384966562465
2021-02-04,0.0014877310795535,3.006245841779776e-06,4.845524989577385e-06,0.0,2.888224519921351e-06,2.6238558196049885e-06,0.25954812004513383,0.39121855883791673,-0.049589218855721276,0.0014743672283826165
2021-02-05,-0.00012559859713369252,1.8485028673595224e-06,2.1513752557249175e-06,0.0,1.4500929317799657e-06,2.2263722936212057e-06,0.14904343338309228,0.3240844802975878,-0.04994606503077479,-0.00013327494048217812
2021-02-08,-0.0004312537499517742,1.990411784519049e-06,2.3876104201917334e-06,0.0,1.539781424712594e-06,1.9625394364674967e-06,0.1683179278131588,0.27965089044894426,-0.0500557348775952,-0.0004391340930176651
2021-02-09,-0.0004123345868983658,2.6334349086742633e-06,3.3364561505729197e-06,0.0,1.8188287923878595e-06,2.437620451351605e-06,0.2359017986290653,0.35903297323641326,-0.050487262590656334,-0.0004225609272013524
2021-02-10,0.0007575970220903705,2.7071141189539154e-06,3.860816270589198e-06,0.0,1.6512431755760358e-06,1.826327649967742e-06,0.2580806862719097,0.256470129660509,-0.05035291553407159,0.0007475515208752836
2021-02-11,-7.447886896235226e-05,4.262395011463437e-06,6.0208892159910774e-06,0.0,3.429715279147873e-06,3.2232208436738996e-06,0.4127681238347416,0.491187455397632,-0.05031364633958332,-9.141508931262855e-05
2021-02-12,-0.0012189916861178424,3.847641088319545e-06,3.564677539042234e-06,0.0,2.8520332008848256e-06,2.735054495358393e-06,0.2453755438044232,0.4100991256533493,-0.049390029566860866,-0.0012319910924414475
2021-02-16,-0.0007291436755876243,4.037895282102986e-06,6.292619637873076e-06,0.0,3.589044775160146e-06,2.5885362862434275e-06,0.46669819523870804,0.3847650654467527,-0.0501090306421434,-0.000745651771569004
2021-02-17,0.0014056670569881368,2.064472067542362e-06,2.3354018205420024e-06,0.0,1.5640894306490908e-06,1.7944308872263368e-06,0.18517685432938372,0.27927333751720007,-0.022191051536824272,0.001397908662782177
2021-02-18,0.0009283688769591859,3.4520987111153045e-06,2.341973206969561e-06,0.0,2.9119260435339125e-06,1.5903865599770314e-06,0.22072140079600402,0.3181766242967362,0.05099168222059518,0.0009180724924375901
2021-02-19,0.0009866813721433373,2.4577128304929083e-06,2.9218609265732442e-06,0.0,1.923034760191561e-06,1.7640845230983596e-06,0.20191241089804682,0.3468980931681801,0.050531893287655893,0.0009776146791029812
2021-02-22,0.00020762510476567865,2.7489027390499804e-06,3.487429103625173e-06,0.0,2.4471888246165487e-06,1.147961262204444e-06,0.23869896971764953,0.24321822875009613,0.05036073669974961,0.0001977936228361825
2021-02-23,-0.00015189660172759933,2.9263284511336345e-06,4.880477819244441e-06,0.0,2.6899552541793298e-06,2.5415751011000678e-06,0.3599666702055113,0.47763123952294817,0.05064662253813673,-0.0001649349383532568
2021-02-24,-0.000591356235669385,2.975348578721758e-06,3.3083991905634296e-06,0.0,2.5823040688002502e-06,2.4974019159149598e-06,0.22994821951131914,0.47086720486562816,0.051303682991914956,-0.0006027196894233854
2021-02-25,0.0011236018700502494,2.8710789026264256e-06,4.067985341843781e-06,0.0,2.4001048225165406e-06,2.087518099822288e-06,0.2809267840877504,0.40063094042563613,0.04992789965549163,0.0011121751828834403
2021-02-26,-0.00011480825346241698,7.003918303742602e-06,1.0177167861424455e-05,0.0,5.955548104962539e-06,4.946266628754097e-06,0.7545803998957723,0.8813155559962086,0.05034276236552032,-0.00014289115436130068
2021-03-01,0.0005102491840990636,3.561649147230945e-06,4.517696584465643e-06,0.0,2.78792764782551e-06,4.272473438191148e-06,0.31112666283420665,0.7708403079124515,0.05306477029633855,0.0004951094372813504
2021-03-02,0.0016585848962527706,4.187268913853613e-06,4.799386215950545e-06,0.0,3.2441089145244243e-06,4.4791197751190686e-06,0.33815402062127914,0.8043896606296781,0.05189753840967476,0.001641875012433323
2021-03-03,0.0014863355433761274,3.949074844725879e-06,5.29094381598878e-06,0.0,2.7841336530476136e-06,3.3544845110891033e-06,0.3604120370062497,0.6154230804200247,0.051869682557055374,0.001470956906551276
2021-03-04,-0.0023300197875430963,3.0806503132404456e-06,5.604960505537839e-06,0.0,2.5523422795785826e-06,1.8250940287672666e-06,0.3871053679631854,0.3567088717203224,0.05009307488742165,-0.0023430828346702203
2021-03-05,0.0025322019077399518,3.3591026796211206e-06,3.6547095649317624e-06,0.0,2.8586278462596754e-06,1.6356181635688e-06,0.24154550602774938,0.327161549930214,0.052377698450655694,0.0025206938494855705
2021-03-08,7.730334395036218e-05,5.196141425356903e-06,7.639226836821795e-06,0.0,3.952871782938267e-06,3.6032180833044466e-06,0.5658332135141271,0.6573242089795175,0.05198357098437062,5.6911885821940774e-05
2021-03-09,0.0011830579891319206,3.9296050496911285e-06,4.617408721676631e-06,0.0,3.389941157024808e-06,4.150519179710851e-06,0.3305977519975656,0.7496021467002956,0.05231492450887276,0.0011669705150238172
2021-03-10,0.0014773267109638923,2.5504852807611903e-06,3.6522116616809143e-06,0.0,2.3243510753122284e-06,3.694057277370182e-06,0.2500685039051632,0.67342646691481,0.05282484431661971,0.0014651056056687677
2021-03-11,0.0025572499407102594,2.2878169655734294e-06,3.1491273888167535e-06,0.0,1.8632891671991747e-06,3.7371345855913393e-06,0.18620897229944017,0.6408977242652498,0.013059113885905027,0.0025462125726030786
2021-03-12,0.000817129177593719,2.257562716265936e-06,3.500441314156949e-06,0.0,1.5107223998993326e-06,3.1409786037026457e-06,0.19918063054766746,0.49570863030132595,-0.03197577512071864,0.0008067194725596942
2021-03-15,0.0006268846694950725,2.136493112081283e-06,4.131634244311379e-06,0.0,1.1533204927581617e-06,2.3080691193830125e-06,0.2738066393373645,0.33963200693896256,-0.048123605117383644,0.0006171551525265387
2021-03-16,1.619408977109115e-05,1.8679412746785864e-06,1.947443031245032e-06,0.0,1.2232895840217873e-06,2.2179047189675564e-06,0.13349308822635633,0.32328444428155456,-0.04932354850499489,8.937511162178187e-06
2021-03-17,0.00024038267975675043,2.185924899438069e-06,2.7068697596937987e-06,0.0,1.3483741231055218e-06,1.8730036575007393e-06,0.18452527881129538,0.2648021076281202,-0.049862506832004175,0.0002322685073170123
2021-03-18,0.000612587724142968,2.1848242622142734e-06,2.920734451465561e-06,0.0,1.3528657890823383e-06,1.472304450081172e-06,0.20065341044568497,0.19785870737426564,-0.049488440239371406,0.0006046569951901246
2021-03-19,0.0010446401691056604,3.829821105362527e-06,4.9734831723822425e-06,0.0,2.8833795855489953e-06,2.6453376247735368e-06,0.4526766091676415,0.49484320754284866,0.05042648658089435,0.001030308147617593
2021-03-22,0.00019871457916572323,2.8093633412386334e-06,3.902598729910826e-06,0.0,1.9048341371610595e-06,1.7602753226465423e-06,0.2701076747209098,0.3460082906314408,0.05028203642682183,0.00018833750763476615
2021-03-23,-0.0013234381949017585,1.848657042542023e-06,3.5887990365816526e-06,0.0,1.2891049857077494e-06,2.023965790219366e-06,0.1690890711224975,0.2894236330767547,-0.0506026196800989,-0.0013321887217568093
2021-03-24,0.0008768239997944474,2.4226328918283392e-06,1.7845645286516774e-06,0.0,1.2122919844629045e-06,1.1181994947961045e-06,0.20284497726620565,0.2377225946603831,0.04986507953463737,0.0008702863108947084
2021-03-25,0.0011897618823372466,1.3759123364906702e-06,1.4565802568519293e-06,0.0,7.616558172181306e-07,1.0195729402070359e-06,0.10105634339968608,0.22212923985117414,0.05084098589639212,0.0011851481609864787
2021-03-26,0.0006358283214812007,2.836031570067181e-06,4.311732117020206e-06,0.0,1.515539381780662e-06,1.3911148789734739e-06,0.21134069372712128,0.18422679923384844,-0.049480500433695035,0.0006257739035333592
2021-03-29,0.00016297046606799005,1.8934009212793229e-06,2.9276105218013165e-06,0.0,1.3982608458879709e-06,1.9457565208464768e-06,0.21722777394847148,0.2768675995999978,-0.050019495902210186,0.00015480543725817497
2021-03-30,0.0010887109716057393,1.9535463562543488e-06,2.247820896245568e-06,0.0,1.1629107568617054e-06,1.594169804108152e-06,0.1484310679673363,0.217941233739333,-0.049879293350836365,0.0010817525237922696
2021-03-31,0.0003618833001618309,1.8488447988253869e-06,1.1218013399501604e-06,0.0,1.5314668812847199e-06,1.28848651678027e-06,0.16151672193768027,0.266707630185945,0.05024189536685951,0.0003560927006249904
2021-04-01,0.0010862272034502859,2.232951082721379e-06,3.4996184295139976e-06,0.0,1.3468985783848343e-06,1.7730759035150716e-06,0.15770593076801034,0.24853000460559446,-0.04934674718493762,0.0010773746594561506
2021-04-05,-0.0006947683475209911,1.4781287659738833e-06,1.4690262505781393e-06,0.0,8.279147436195435e-07,1.5705645722804599e-06,0.10279348578315917,0.2143741832703352,-0.04948066487278198,-0.0007001139818534431
2021-04-06,0.00020256121536372192,8.418378405841894e-07,1.1122321543982229e-06,0.0,5.082193288571971e-07,1.4301335680039502e-06,0.07699361662421983,0.1906606244230114,-0.04960181500165223,0.00019866879247187836
2021-04-07,-0.00011620104102107523,1.2665567109231702e-06,1.460362533033564e-06,0.0,8.03104518688775e-07,1.539708611126541e-06,0.10228713576382031,0.20905457891766627,-0.04961646775159265,-0.00012127077339484728
2021-04-08,-2.7469341986432392e-05,1.3116808790718683e-06,1.2685804355818783e-06,0.0,8.611126070899347e-07,1.4832039235266876e-06,0.08592304789889628,0.19955780215918717,-0.049620456993296355,-3.239391983170276e-05
2021-04-09,-0.00048055225176033765,8.458452227435794e-07,1.3981462926087243e-06,0.0,4.2669593429178654e-07,1.2155094650673548e-06,0.09872554124816663,0.15439021856170262,-0.04981537156961294,-0.0004844384486750491
2021-04-12,0.0001512549090553885,7.002302450355926e-07,9.267214886164986e-07,0.0,4.2527508186672075e-07,1.2324700995118261e-06,0.06792082034165159,0.15723435242891812,-0.0498206242890687,0.00014797021214035786
2021-04-13,0.0002062294556181323,9.360908174444251e-07,1.1213856121589994e-06,0.0,4.996441698952603e-07,1.3589244384559857e-06,0.07983601838926835,0.17846373072260924,-0.04983557493799631,0.00020231341058017763
2021-04-14,0.0008098370859187748,1.2732907982282608e-06,1.661688780086559e-06,0.0,7.972350394654159e-07,1.0232826371516208e-06,0.11111692045666047,0.12214277587671826,-0.04976870716475404,0.000805081588663843
2021-04-15,-0.0004983175885540236,1.1279417143808768e-06,8.919979080546846e-07,0.0,5.712381557891069e-07,9.24580843694711e-07,0.06158400530698341,0.10514819403717507,-0.050181387703536355,-0.000501833347175943
2021-04-16,-0.0001423470341292539,1.4462462192702055e-06,1.4957853700903892e-06,0.0,9.869057484876169e-07,1.2185828839667082e-06,0.14681340466840265,0.19980751212097475,-0.0049144123854322486,-0.00014749455435106881
2021-04-19,0.00026103729008177386,5.013184267491452e-07,1.3576520288861277e-06,0.0,2.6512717537587623e-07,1.5070144763710802e-06,0.06211815065869267,0.20297774619181275,-0.05020068583852873,0.00025740617797439163
2021-04-20,0.000908996606602242,1.120069086705218e-06,1.7733990883390007e-06,0.0,6.795935511977833e-07,1.056514263749783e-06,0.12116981707378487,0.12783072706320558,-0.0496636692467579,0.0009043670306122503
2021-04-21,-0.0006918839717310005,3.7053448516460533e-07,5.519107188224662e-07,0.0,2.4021279850375854e-07,1.0150436375657482e-06,0.04071730542635854,0.12073710247781344,-0.049790228633232236,-0.0006940616733710571
2021-04-22,0.0005091097356604786,7.821226545539777e-07,9.565543649280691e-07,0.0,3.8300983136033714e-07,1.020870515021747e-06,0.06543119516164919,0.12161512142187497,-0.04989112510177854,0.0005059671782946145
2021-04-23,-0.0005179656753809828,1.1728821753327705e-06,1.0546359146975637e-06,0.0,7.270708254397403e-07,1.0925534201337359e-06,0.12474956573715427,0.19198795732155838,0.008438982739090786,-0.0005220128177165866
2021-04-26,-8.621013572789452e-05,8.197984040533817e-07,1.1722730696902664e-06,0.0,4.608630696171782e-07,7.394526949601096e-07,0.09962376775449266,0.1536414608506579,0.02941340809735958,-8.940252296621545e-05
2021-04-27,0.0003471102652493486,9.244270079432978e-07,1.872785802254842e-06,0.0,5.556486734707475e-07,1.2595034014061567e-06,0.13129396438643848,0.2341260834760155,0.02252951203978111,0.00034249790036427357
2021-04-28,-0.0004537605904813643,1.1406447081732774e-06,1.0677615886146844e-06,0.0,7.520371367133391e-07,1.268548985890492e-06,0.09911735127155905,0.2626912728729942,0.049575043243391584,-0.0004579895829007561
2021-04-29,0.0005169421679181005,1.023303117874519e-06,1.864868078533112e-06,0.0,5.51848146143683e-07,1.415672136489859e-06,0.08312825591897456,0.2325690873612807,-0.00526383156901554,0.0005120864764390594
2021-04-30,0.00045933036861831446,1.529525954201524e-06,2.960268353967845e-06,0.0,1.0095823887926739e-06,1.3523424298024557e-06,0.16888618419699272,0.1775529408472261,-0.0496405873595866,0.00045247864949155
2021-05-03,-0.00016341607152582654,1.5064429078338506e-06,8.685937207748279e-07,0.0,9.490815912726132e-07,7.414968574877983e-07,0.13044371366257734,0.15917994293742543,0.034608470879475266,-0.00016748168660319564
2021-05-04,-9.467451350949898e-05,3.1190042796680706e-06,6.979048380786759e-06,0.0,2.298997231986654e-06,2.933342624630572e-06,0.4234261807372739,0.4431032193438544,-0.04969834159408129,-0.00011000490602657104
2021-05-05,-0.0005257610716191768,2.1712587910905245e-06,3.2926171021921914e-06,0.0,1.4701017728770279e-06,2.3737993298941958e-06,0.23520566038282997,0.34883710809124147,-0.04996117933098354,-0.0005350688486152307
2021-05-06,-0.000574176710868756,2.870428774025478e-06,3.888829870320525e-06,0.0,1.8822526732457028e-06,2.931050215048714e-06,0.2708466098506974,0.44232701128703517,-0.05008942484114945,-0.0005857492724013965
2021-05-07,-0.0008665622133506396,2.335315866860246e-06,4.342554524339549e-06,0.0,1.2568169199769727e-06,1.471947724713506e-06,0.3278892043867371,0.19717622914000127,-0.05011098861186772,-0.0008759688483865299
2021-05-10,-0.00015440541911772396,3.887440853369323e-06,5.543658718646563e-06,0.0,2.9713618007501065e-06,2.649462671847216e-06,0.49622680731335644,0.4949222248257401,0.04981249595540771,-0.00016945734316233717
2021-05-11,-0.00020603246265039652,3.945336095461085e-06,8.255707726804203e-06,0.0,2.7344603544879844e-06,1.6538364930694204e-06,0.49958755084916195,0.22785187055281464,-0.049992660282847906,-0.0002226218033202192
2021-05-12,0.0009625655094771289,1.7608970023783483e-06,1.030623041929374e-06,0.0,8.197968831580548e-07,1.101945787263716e-06,0.15287373564809031,0.2352939683812107,0.05016707612090641,0.0009578522467623994
2021-05-13,0.0005905465899962859,1.9758322307772345e-06,3.010423645245902e-06,0.0,8.518894129864433e-07,1.0081553942773564e-06,0.2215666191172923,0.21899806514597545,0.049627958907379435,0.000583700289312999
2021-05-14,0.0014630320316103996,1.413066368433515e-06,1.7971762094300407e-06,0.0,7.919840994301064e-07,6.310911210440716e-07,0.12127286489368533,0.15675657364342405,0.050733265308019984,0.0014583987138120618
2021-05-17,-0.00035615978013274626,1.3964069520371785e-06,1.966277441742358e-06,0.0,8.286626824128696e-07,1.1315443224647665e-06,0.13571015308544765,0.24042680464066754,0.050327358466586876,-0.00036148267153140345
2021-05-18,5.799334245776863e-05,2.0910520357569806e-06,2.637157913299157e-06,0.0,1.1358777479005185e-06,1.2368619170358898e-06,0.1911377431852679,0.2581342114046529,0.05034140934262338,5.0892392843776084e-05
2021-05-19,-0.00030536816043684375,4.0450685702152715e-06,1.0079116347866487e-05,0.0,2.7493727591559246e-06,3.408963944562659e-06,0.722074938391569,0.6228097934226146,0.050103850736087946,-0.0003256506820586441
2021-05-20,0.0005797998012896059,1.728832066213325e-06,3.489768674289549e-06,0.0,8.500081808707808e-07,2.1823715862973273e-06,0.260137328301958,0.4163376635456828,0.04969923704773181,0.000571548820781935
2021-05-21,-0.00017104741773996961,1.102634654551872e-06,1.8704247728462151e-06,0.0,5.221626369521812e-07,1.6515923327340764e-06,0.13635093310097207,0.3275235489281421,0.05005603702881725,-0.00017619423213705395
2021-05-24,0.0008874558862733387,2.4070619817004215e-06,4.7303081896479465e-06,0.0,1.4328241644267615e-06,1.1648490073821364e-06,0.35672288267978014,0.24542356467503548,0.04972893143483643,0.0008777208429301814
2021-05-25,-0.0006386293923753558,1.4068451210287272e-06,1.8823812177653878e-06,0.0,9.214560770630172e-07,8.750887420016296e-07,0.13506493807150996,0.19643766460541565,0.04942275594914186,-0.0006437151635332145
2021-05-26,0.0005587207317807672,7.614975307129753e-07,1.1052384642944566e-06,0.0,4.6580146395610757e-07,7.983516713933773e-07,0.07826818384815797,0.1841882097250509,0.050065128930963404,0.0005555898426504103
2021-05-27,0.00047941719696877185,1.229403115671784e-06,1.7488273097736682e-06,0.0,6.192183398448466e-07,7.551770963230455e-07,0.12044980082022781,0.177411403521193,0.05054165133892124,0.0004750645711071585
2021-05-28,6.359175189196822e-05,1.8767506353033606e-06,4.193537736479586e-06,0.0,9.624995126176344e-07,1.930413413569992e-06,0.28393165375818974,0.33946968996581894,0.015160236486060186,5.462855059399765e-05
2021-06-01,-0.00031470084492851784,1.070147958552555e-06,1.770456572390345e-06,0.0,4.078544536392539e-07,1.7443392782705732e-06,0.10242831263098376,0.28360734948962996,-0.009441649259826226,-0.00031969364319137057
2021-06-02,0.00016882818005226985,1.0084817733917004e-06,1.999883867753618e-06,0.0,4.099779698675114e-07,1.3692913603988909e-06,0.12509440917268172,0.2015269282074127,-0.02851402033960098,0.00016404054508085812
2021-06-03,0.0003726877053625079,1.6167373643738297e-06,2.626218374677381e-06,0.0,7.982619672870302e-07,1.3413434731411274e-06,0.1628042319080607,0.175592600491072,-0.049753102996637474,0.0003663051441830285
2021-06-04,-0.00032988500648670964,1.2255181892005323e-06,1.0812851018106075e-06,0.0,4.98772986809125e-07,1.2922078407716349e-06,0.07578898615466031,0.17002273393631334,-0.0470681833133213,-0.0003339827906053015
2021-06-07,-0.0008993982060150856,9.701840556199224e-07,1.415627327594199e-06,0.0,5.16589372741175e-07,1.1305699677020487e-06,0.09825703705924341,0.1402859442123719,-0.04964981036157224,-0.0009034311767387429
2021-06-08,-0.0001915979344157805,1.5678826419707403e-06,6.535156539229273e-07,0.0,6.604237289498319e-07,4.776289540929551e-07,0.12236412933101454,0.12541895785042215,0.045177293562805684,-0.00019495738539471698
2021-06-09,-0.00021669261718923116,9.176448904683005e-07,1.3740713503411158e-06,0.0,3.9640991666421285e-07,5.013439774058508e-07,0.07505801608888467,0.10603513293003072,0.02180934472584782,-0.00021988208732411064
2021-06-10,-2.9047438932993682e-05,1.5476248434186118e-06,1.2358552198403915e-06,0.0,8.646117353484338e-07,5.769446923958274e-07,0.1115676531335733,0.14707878924506362,0.050152080922564554,-3.3272475423996947e-05
2021-06-11,0.00036548340294354506,1.4132233897833635e-06,3.08594416826751e-06,0.0,6.845679186519327e-07,1.2708020182005813e-06,0.1343224549139437,0.16371280948313605,-0.04978192957456146,0.0003590288654486417
2021-06-14,-0.00041313399438802623,1.186828075309183e-06,1.5149104677623278e-06,0.0,5.692509303585848e-07,1.166079083081723e-06,0.1060389676516229,0.14578815064795314,-0.05011313530977627,-0.000417571062944538
2021-06-15,5.732086612801578e-05,6.918724214295099e-07,1.0090256750872292e-06,0.0,4.407618754713283e-07,9.64727940363894e-07,0.07056795060679881,0.11225905463992852,-0.04981523934120566,5.421447821566382e-05
2021-06-16,0.00038025238077683365,7.672627937565276e-07,5.158611445731065e-07,0.0,2.353876075227658e-07,7.503576163293219e-07,0.07192541992942082,0.12176082951260543,-0.004299250030720701,0.00037798351161465193
2021-06-17,-0.0004181310585774025,8.704229773395576e-07,4.161297845648486e-07,0.0,2.663207472683392e-07,5.714514389619359e-07,0.0737118690660548,0.14609385262296978,0.05009001087736465,-0.0004202553835255372
2021-06-18,-0.0012524704468134052,1.2278536418539062e-06,1.8387135974294425e-06,0.0,7.031954115152341e-07,5.69314889765055e-07,0.1351719164407748,0.145899014037403,0.05025411255687385,-0.0012568095243539689
2021-06-21,0.0014201963149625717,1.1750736000843778e-06,1.934314454494174e-06,0.0,6.072436619138164e-07,1.0030298697171699e-06,0.1321561699171675,0.2198798072083551,0.05137078909587055,0.0014154766533763623
2021-06-22,9.645607764804892e-05,1.9089581345265756e-06,3.2526712314550512e-06,0.0,9.590023211203294e-07,9.227434557919318e-07,0.24178698260035214,0.2056699125933153,0.050649012020270806,8.941270250515503e-05
2021-06-23,-0.00042483794251059123,2.9838129971369654e-06,5.458883334436687e-06,0.0,2.158612563612172e-06,2.7948131969328996e-06,0.40990958938719246,0.519995606731678,0.05046698964695062,-0.00043823406460271
2021-06-24,0.0005230176908434947,1.2636388155050486e-06,2.173856394919001e-06,0.0,5.15874120711884e-07,2.159762498396296e-06,0.1493780947876454,0.41165814817563146,0.04881804844505383,0.0005169045590139625
2021-06-25,0.0011037525919009874,1.2860253006025593e-06,3.0954878472478197e-06,0.0,6.926046889866709e-07,2.7808480623442335e-06,0.16278537539040921,0.4420186630130025,-0.025163811460828522,0.0010958976260018061
2021-06-28,-0.0004166779999092705,1.1120198636310093e-06,1.9629053871532385e-06,0.0,5.371069451710458e-07,2.4945036948803887e-06,0.11780593574201513,0.36995871101610767,-0.04911790972379762,-0.0004227845358001062
2021-06-29,-0.00024109641697278822,9.906710444200761e-07,1.7607868531966849e-06,0.0,4.3072495639140097e-07,1.7296576502518176e-06,0.15006127273485198,0.2737617359064055,-0.016820749335900012,-0.0002460082574770482
2021-06-30,0.00019745209415533737,1.023642916482366e-06,1.447538419185116e-06,0.0,4.147784615081069e-07,1.7511132581319972e-06,0.07089251224721971,0.24433880927781293,-0.04984821808836258,0.00019281502110002978
2021-07-01,-0.00011738655119716322,8.167281250275654e-07,1.2545752753731e-06,0.0,4.2319608954968106e-07,1.8660437615955987e-06,0.09192193274900418,0.263889767987154,-0.049605583960906544,-0.00012174709444870916
2021-07-02,-0.000579197282982459,7.449787409102648e-07,1.1359108561633941e-06,0.0,3.342955056842259e-07,1.9983553769454397e-06,0.0818079836059618,0.2862479321688358,-0.049475771157998144,-0.0005834108234621623
2021-07-06,0.0003299501849011393,1.2360329334153128e-06,1.6950448087685428e-06,0.0,5.100685900812533e-07,1.804044799790215e-06,0.11887955468424032,0.25326954219552367,-0.04980998416923242,0.000324704993769084
2021-07-07,3.638592315309786e-05,7.760619514268894e-07,7.297135058732363e-07,0.0,3.766983247707401e-07,1.4234442169584014e-06,0.09206114554636324,0.2378305465254149,-0.0013080819235964936,3.3080005154068593e-05
2021-07-08,-0.0003838712060416955,3.0236313384949367e-06,5.768729437361628e-06,0.0,1.3655159050009526e-06,1.7761172444072612e-06,0.358970295252229,0.24852297919408933,-0.04986471786633048,-0.0003958051999669603
2021-07-09,-0.0008417610552489387,1.7018164440570431e-06,2.432411435274921e-06,0.0,6.421803493661713e-07,1.023358840283207e-06,0.17966770976445767,0.12210692417152887,-0.049817360996050025,-0.00084756082231792
2021-07-12,-0.00013379653863580563,1.0685586678062558e-06,1.5814542774921402e-06,0.0,3.7914983861132665e-07,9.836652205025597e-07,0.11695175617099972,0.11532499388053671,-0.04993076316389336,-0.0001378093666402179
2021-07-13,0.0002747905308375944,1.0020570540976807e-06,1.378441685786537e-06,0.0,5.800531066826833e-07,1.333882779222528e-06,0.1251974773705588,0.20226835694198858,-0.0218239499673962,0.00027049609621180497
2021-07-14,-0.00018037236394654075,1.1663352446621793e-06,1.6024676095353776e-06,0.0,5.865387746034979e-07,1.6152968197414774e-06,0.09651935467344763,0.2315338629477049,-0.039836002768863246,-0.0001853430023950833
2021-07-15,4.010709726504843e-05,1.4157722329910655e-06,3.2435315984895897e-06,0.0,7.066031340815844e-07,1.362312002320409e-06,0.2407413430053659,0.20166274435949066,-0.027205672030338045,3.337887829716578e-05
2021-07-16,0.0005022992849250945,1.0914635167839024e-06,1.4712941119594316e-06,0.0,4.7487153557592393e-07,1.55285221026381e-06,0.10656686787360797,0.24029052490302544,-0.020588646421294543,0.0004977088035505114
2021-07-19,0.0010629642158821936,3.220536451205319e-06,7.227648794857978e-06,0.0,2.226016440903229e-06,3.897727664228707e-06,0.5740826169955955,0.705880262439666,0.05106201484924311,0.0010463922865309983
2021-07-20,0.0017157134675406592,2.1579720392452154e-06,4.883219631824783e-06,0.0,1.0364039418322598e-06,2.2355293850641473e-06,0.36723334562762466,0.42484041791627425,0.04927148122549754,0.0017054003425426927
2021-07-21,0.0013383434720704317,2.5760685283264164e-06,4.271553968121283e-06,0.0,1.3972878404508124e-06,1.0084052445878118e-06,0.3197651566755073,0.21893955987789993,0.049527478787147625,0.0013290901564889453
2021-07-22,-0.00021374866318169867,8.900034074594615e-07,2.351632744918519e-06,0.0,3.5642696294019716e-07,9.066244481128124e-07,0.13828587931270453,0.1581444817936413,0.005831574510688825,-0.00021825335074512965
2021-07-23,-0.000280256756937781,7.837030145172241e-07,1.2421133197870705e-06,0.0,4.784816385409691e-07,1.0161345543214986e-06,0.09740647194583114,0.18293848992141326,0.012227884795401475,-0.0002837771894649478
2021-07-26,0.0005176836245996579,8.856690452796622e-07,1.1589342736030129e-06,0.0,2.572321013080441e-07,6.933747844692071e-07,0.0827650951401817,0.1341314885424627,0.017644524751635943,0.000514688414394998
2021-07-27,-0.0002519132536902662,1.0938053550764594e-06,2.4850041003274066e-06,0.0,4.894204752860482e-07,1.2091769684297512e-06,0.12185977568588707,0.15268508407708448,-0.050456646619113726,-0.0002571906605893859
2021-07-28,0.00021668849352125084,1.3452866565414376e-06,7.814358609014395e-07,0.0,7.766303356723293e-07,8.111178411348982e-07,0.1360426122159667,0.1861248868170418,0.04985708950637906,0.00021297402282700073
2021-07-29,0.0006163346843514316,1.1927338049757028e-06,1.4550240777555113e-06,0.0,4.989248283498838e-07,6.191084785655892e-07,0.1024121955691736,0.15447574778745085,0.05046552338843189,0.000612568893161785
2021-07-30,-0.0004096032915353855,8.628935493801205e-07,2.5519475948322426e-06,0.0,2.714152970304301e-07,1.449275798204364e-06,0.11808640992646012,0.21035882104897974,-0.03311951304935346,-0.00041473882377483264
2021-08-02,3.190740211544228e-05,1.2239507237693144e-06,1.6214050968547919e-06,0.0,3.6672965464844657e-07,2.917476809760703e-07,0.17888217245695498,0.09433616898795183,0.04532255858397195,2.8403568959193658e-05
2021-08-03,0.00038469429169146437,9.157661400883964e-07,2.533883056879708e-06,0.0,6.14068237018879e-07,1.0745707738086749e-06,0.10465478993109237,0.1309103426697918,-0.049617547330065584,0.0003795560034836687
2021-08-04,0.00044349406982105996,1.0981724432852932e-06,6.523103702152017e-07,0.0,4.4044361909557284e-07,5.847692306198557e-07,0.12426247269213256,0.14541622458541925,0.04717499384128345,0.000440718374157844
2021-08-05,0.0006304549902698679,1.2652322632240235e-06,3.1071754803944667e-06,0.0,4.2011058700029634e-07,1.1195241741594595e-06,0.15671470807457452,0.14747811767621807,-0.0406019435825711,0.0006245429477650896
2021-08-06,0.0002340523594316071,7.55430213866005e-07,9.0144854531293e-07,0.0,3.1335903768584003e-07,1.1291221778454062e-06,0.053278878750325935,0.14026216199945804,-0.04943036387857018,0.00023095299945689692
2021-08-09,0.00013852190785562017,1.0221032369485789e-06,7.550116993032392e-07,0.0,4.197770753282124e-07,9.437037366464223e-07,0.07010142500759818,0.1339473913894819,-0.024594836367117023,0.00013538131210739373
2021-08-10,-0.00016309694783414648,7.210337179112184e-07,6.941682490025826e-07,0.0,3.649137180494358e-07,8.890561067285523e-07,0.06281686587412626,0.1426747002525828,-0.0066867256778140385,-0.00016576611962583826
2021-08-11,0.0001859446336668657,9.272443454359661e-07,1.5460129385118218e-06,0.0,4.003899559763352e-07,1.2219027981310814e-06,0.07256858689216517,0.15536548168025488,-0.04991418840576681,0.0001818490836288105
2021-08-12,-0.00015918562859908498,1.1460154880895904e-06,1.4276100344791177e-06,0.0,4.960902982434783e-07,1.258455748616355e-06,0.11639501957728066,0.17804178372989543,-0.03337878203765225,-0.0001635138001685135
2021-08-13,0.00014099385498236413,6.832561099176291e-07,1.376174433260566e-06,0.0,3.6703882722269795e-07,1.4442290923291728e-06,0.08629743258131756,0.19285167603257866,-0.04977881147872235,0.00013712315651963407
2021-08-16,0.00023379730982435077,9.494186694692605e-07,1.633169834076053e-06,0.0,2.870332815186275e-07,1.1906767625756873e-06,0.11504706332446184,0.15033452589911095,-0.049699170213604565,0.00022973701127671113
2021-08-17,0.0003009586271393679,2.4992980042288614e-06,5.592016149194126e-06,0.0,1.126973644820534e-06,2.6398776086567775e-06,0.39436038114528293,0.39379774949820956,-0.04970168875612918,0.00028910046173246756
2021-08-18,0.0005533866934445829,2.168335236559239e-06,1.4662184849420188e-06,0.0,8.393281892531571e-07,1.6129197350951048e-06,0.18916677322485226,0.32171550354987377,0.050744988053896156,0.0005472998917987334
2021-08-19,-0.000842029372317323,1.1127970043399218e-06,1.5390113994356836e-06,0.0,5.062988887960346e-07,1.6060107019803995e-06,0.10476158462513324,0.31964254783123275,0.04983274989852576,-0.0008467934903118751
2021-08-20,0.0006336404966130374,1.6308244482459045e-06,2.110215251149491e-06,0.0,7.570427310647072e-07,1.3700396639278128e-06,0.15111175067304422,0.28001500313021854,0.04984833959034622,0.0006277723745186495
2021-08-23,0.0009192887668205419,2.4260294026537467e-06,4.380091041570633e-06,0.0,1.1691986908340817e-06,1.1648034574281754e-06,0.31214364349783835,0.22891569211085944,0.03322871126292602,0.0009101486442280553
2021-08-24,0.000307203636789716,1.4061496322305565e-06,3.7108511875350783e-06,0.0,5.03763603614073e-07,2.3408670434219477e-06,0.20400112566311573,0.3434178416347976,-0.04984782166008972,0.00029924200532291433
2021-08-25,0.0001872430707375471,1.2154209782909108e-06,1.4656080332059692e-06,0.0,5.918637209481001e-07,2.412016674291296e-06,0.1364556336351468,0.3914819755498319,-0.013736825731105878,0.00018155816133081084
2021-08-26,0.0004007635189478893,1.4804424625138628e-06,2.1610392367666277e-06,0.0,5.564348922045421e-07,1.2640231062604513e-06,0.20069638672771484,0.2561742549362341,0.04381837308447835,0.00039530157925014386
2021-08-27,-1.6385111194561267e-06,1.0699133603163559e-06,1.7814780528494021e-06,0.0,4.464606446192338e-07,1.3659407966472383e-06,0.10621317378928147,0.24769673968462969,0.01821868584789367,-6.302303973888356e-06
2021-08-30,-4.3891077554636524e-05,1.0702755018027601e-06,1.5506172957904956e-06,0.0,5.492502702424575e-07,1.0792999349536513e-06,0.121483162509604,0.21351179647464047,0.03218940740242707,-4.814052055742589e-05
2021-08-31,9.33157337710538e-05,1.1131451227552508e-06,2.510110157794275e-06,0.0,3.9589060835421686e-07,1.7123612587366916e-06,0.11128476659813895,0.23781781550029085,-0.04985887596747329,8.758422662341337e-05
2021-09-01,6.792037908677556e-06,9.83350127266267e-07,1.4608451117771749e-06,0.0,4.070611162009999e-07,1.5363563699661248e-06,0.1016310659891334,0.20805852490235144,-0.0500493452519575,2.4044251834669902e-06
2021-09-02,-0.00011717928007000091,2.6738787621116683e-06,4.646481575678158e-06,0.0,1.1366976976653834e-06,1.7975174559427337e-06,0.3186067561044204,0.25178468303269474,-0.05019824956568468,-0.00012743385556139884
2021-09-03,0.0004905378062691284,1.8782357465034395e-06,2.6847364822817506e-06,0.0,9.249372886063252e-07,1.6018340918840919e-06,0.1987513515483515,0.21906012382093729,-0.05004800361559032,0.00048344806265985277
2021-09-07,-3.544320189636987e-05,1.5269183981691355e-06,1.9904183849112294e-06,0.0,7.329244494807039e-07,1.5724999939211357e-06,0.15166462892687252,0.22484613966890107,-0.039333859309849624,-4.126596312285207e-05
2021-09-08,0.0003501769366035236,1.6535660003672585e-06,2.693088684253945e-06,0.0,7.84291127236249e-07,1.1615250001920891e-06,0.18464029365136211,0.14538125157415654,-0.04975494845811427,0.00034388446579147405
2021-09-09,0.00016676740350786832,1.4130114951778218e-06,7.494961890502467e-07,0.0,4.5505474107790197e-07,6.293969806378825e-07,0.13202267785898644,0.15567895997879394,0.0499402672316297,0.00016352044410192446
2021-09-10,-0.0004989911243910079,6.981234142166859e-07,8.332925335194798e-07,0.0,1.8271963588526845e-07,5.005315016562185e-07,0.059758171359629284,0.13412980915376138,0.050040516875516694,-0.0005012057914762856
2021-09-13,0.0007254473687397888,1.7060826004541114e-06,3.345889077442304e-06,0.0,8.338642904703246e-07,1.4773505788576102e-06,0.23251453187253238,0.29840192063089255,0.0502070233828141,0.0007180841821925644
2021-09-14,-0.00027839209666698694,1.1386295508737698e-06,1.7084672103481124e-06,0.0,5.172706281181189e-07,1.6502907111554432e-06,0.09821156223694984,0.3028130284137584,0.025564188939643892,-0.0002834067547674824
2021-09-15,-0.0003144467778210763,1.7582287841198835e-06,3.3907613354443957e-06,0.0,9.351920002734385e-07,9.61074456076777e-07,0.2735093713334464,0.21130190298840004,0.049841394367501485,-0.0003214920343969908
2021-09-16,-0.00021676912821129538,2.003296069072948e-06,2.244307740008749e-06,0.0,9.32761332632193e-07,7.218789674061652e-07,0.16391705996424458,0.17119119784137382,0.04991553131713805,-0.00022267137232041543
2021-09-17,-0.0004249835348435107,1.5896219552837903e-06,2.096551157372715e-06,0.0,7.29077069378391e-07,1.0006205179372542e-06,0.14625038855226447,0.2179169820259813,0.04981273501252233,-0.00043039940554348284
2021-09-20,-0.0005186769499974066,3.4508117135996164e-06,7.089063720160609e-06,0.0,2.0662432115694212e-06,2.9404226693081504e-06,0.4982004867071025,0.5438335079566186,0.049842499512849,-0.0005342234913120444
2021-09-21,-0.00018660964118411978,3.833113407355011e-06,6.301216916251362e-06,0.0,1.78810444353179e-06,1.7829894234797696e-06,0.47681682127780944,0.34953679916453595,0.049994576019934636,-0.00020031506537473772
2021-09-22,0.0013164199967621547,3.2895841048299984e-06,5.467886245637056e-06,0.0,2.0221132741438323e-06,1.9587743190885153e-06,0.4048725052291927,0.379486968036725,0.05041288242985448,0.0013036816388184553
2021-09-23,0.0013488138915052743,2.4096772336472974e-06,3.2427124206805038e-06,0.0,1.7044913041000604e-06,2.33349528992903e-06,0.22623936295744457,0.4439075004353676,0.05188029172729061,0.0013391235152569174
2021-09-24,1.3744382669917429e-05,1.6138767912719131e-06,2.957405109967958e-06,0.0,8.174265352760077e-07,2.7949134326522397e-06,0.181729285116698,0.4857815993437985,0.01623614265822207,5.56076080074931e-06
2021-09-27,2.2266200115545676e-06,1.2591105846778009e-06,1.9637719085301883e-06,0.0,8.783834081113508e-07,2.6825072969985086e-06,0.16237911720188536,0.497225985685757,0.046564759790007626,-4.557153186763281e-06
2021-09-28,-0.00042901899920306396,1.5781585786338882e-06,2.7029971408884435e-06,0.0,1.1962332593909124e-06,2.9080269508813573e-06,0.2007039565926188,0.5387529996973373,0.05020447194926925,-0.00043740441513285855
2021-09-29,0.001160090994188444,1.6287202974103451e-06,2.647540630532035e-06,0.0,8.030890376967181e-07,2.450430319010498e-06,0.18786655249345988,0.4626535361633347,0.050981242569570956,0.0011525612139037943
2021-09-30,-0.0013070383562702886,1.8584143914931463e-06,3.1625697778167413e-06,0.0,9.960775166954205e-07,1.703848554533926e-06,0.22668020275923834,0.3355049833557849,0.049258426194085325,-0.001314759266510828
2021-10-01,0.0007277549594781247,1.341922775108357e-06,1.936514364289693e-06,0.0,7.571223326031055e-07,1.9861370776779877e-06,0.14115372970161677,0.384594337358546,0.05092330830864408,0.0007217332629284455
2021-10-04,0.00048427023040275614,2.006062430780025e-06,3.6426139807462004e-06,0.0,9.800502532447557e-07,9.057164701111899e-07,0.251655404298908,0.20184284234989536,0.049682475371215354,0.000476735787267874
2021-10-05,3.8617003863856703e-05,2.087512537667448e-06,3.7481410961697625e-06,0.0,1.2326097780453916e-06,2.011747512657529e-06,0.28069562127273673,0.3881761733226118,0.05020259119614687,2.9536992939316574e-05
2021-10-06,-0.00018539067904860444,1.8943765597601803e-06,4.085108199843752e-06,0.0,9.84131278261702e-07,2.2260236339187856e-06,0.2041125050549208,0.3241647964279396,-0.049807174070416294,-0.00019458031872038886
2021-10-07,-0.0008035688216558631,1.3741059378308361e-06,1.7336531962636598e-06,0.0,7.184330460603976e-07,2.0184273602013014e-06,0.12930693236244867,0.2951887105726415,-0.043907085941177176,-0.0008094134411962192
2021-10-08,-0.00033307018882708985,1.0990717714882651e-06,1.4835573739698827e-06,0.0,5.708632201690747e-07,1.3833568340509193e-06,0.13784357610602527,0.22947108651240167,-0.0029328616081528286,-0.000337607038026768
2021-10-11,0.00014361373569486685,1.4019031219014113e-06,1.8344506072747727e-06,0.0,6.274703330366102e-07,5.213352148941833e-07,0.17305111971819767,0.1378681090750679,0.05028379297284516,0.00013922857641775988
2021-10-12,2.93706024607196e-05,1.896316148750467e-06,4.0505170552034354e-06,0.0,8.860650943184551e-07,1.2923160711530903e-06,0.28367223515133166,0.2673608807400824,0.050251780786363255,2.124538809129415e-05
2021-10-13,0.00017607272542434,1.3265541537732009e-06,2.1534420330153363e-06,0.0,6.786538902137125e-07,1.682125753569962e-06,0.15256372326606393,0.33294880459045134,0.05035167799069798,0.00017023194959376778
2021-10-14,0.0007212208511021928,2.0547755922866683e-06,4.285483425996727e-06,0.0,1.0793183590430009e-06,2.0358882163126702e-06,0.22207173926612117,0.2917347642636748,-0.05029445607685361,0.0007117653855085537
2021-10-15,7.688515884143272e-05,2.7062925524928897e-06,4.801290396879552e-06,0.0,1.7907127041490822e-06,1.942889062849028e-06,0.362130868117454,0.2762239600807058,-0.050181402477930924,6.564397412506216e-05
2021-10-18,0.0006487651133741696,9.667826707213435e-07,1.3980275172431092e-06,0.0,5.888785159945283e-07,1.7650635525859801e-06,0.09776758383934367,0.2464687878801231,-0.0500618889543217,0.0006440463611176246
2021-10-19,-0.000103801876309971,9.491996477599527e-07,1.6079134273464022e-06,0.0,5.043756561647782e-07,1.3700038998160257e-06,0.11326357464534484,0.17994918614888392,-0.050211469020208364,-0.00010823336894105816
2021-10-20,-0.0002323470263693047,7.498011110584549e-07,1.0913722360505633e-06,0.0,3.467851105415866e-07,1.4119827937694042e-06,0.07780100389868164,0.1870719603930206,-0.05014114896023919,-0.0002359469676207247
2021-10-21,0.0004775156534928806,5.570985821226605e-07,1.0841294671841504e-06,0.0,2.2523412035564463e-07,1.1671822250019768e-06,0.07767658963824209,0.14587820538490456,-0.05020840841542755,0.0004744820090982162
2021-10-22,-0.00014300919314391705,9.632586800700109e-07,1.435882430426553e-06,0.0,4.768804707048405e-07,1.3517062367932003e-06,0.1039919175272344,0.17706218333424484,-0.05002446444701283,-0.00014723692096191166
2021-10-25,-0.00034333462619041424,9.971339701137459e-07,1.308119004761766e-06,0.0,4.80986868302042e-07,1.4854165207060784e-06,0.09540496939772446,0.1994160923799923,-0.05013388309862881,-0.00034760628255429786
2021-10-26,-1.9701327945676223e-05,1.978752039148933e-06,3.752366066766362e-06,0.0,1.0567751414863239e-06,2.6826662714901965e-06,0.2827919799481835,0.4004511521019153,-0.05023678150843772,-2.917188746456804e-05
2021-10-27,0.0001252215414804834,2.9264924420513367e-06,1.85266395634716e-06,0.0,1.550785352414559e-06,2.6670827482465763e-06,0.2082440558129709,0.4944833037244642,0.04641340201903926,0.00011622451698142377
2021-10-28,0.0011821643639609127,2.1040626583762975e-06,4.1327226276138205e-06,0.0,1.0360214514255374e-06,2.6346123489206537e-06,0.20618512269697675,0.39309537915583237,-0.04951949546283743,0.0011722569448745764
2021-10-29,-0.0005082578135540432,2.090137374027856e-06,2.9644366967085584e-06,0.0,1.1397596678070161e-06,2.2348238328233933e-06,0.20869129876197487,0.3257171223413311,-0.04973328157299901,-0.0005166869711254099
2021-11-01,0.0003532106987317892,1.2884367918483725e-06,1.7913089017200298e-06,0.0,7.416193840076596e-07,2.189752898881772e-06,0.12732969287128204,0.3212767872406773,-0.04660169977146024,0.0003471995807553314
2021-11-02,0.00010855086642661705,1.2678262945352353e-06,1.6902223378851695e-06,0.0,5.928225058641272e-07,1.3556575151036742e-06,0.15803960817058674,0.23017055306070572,0.0024200905232884123,0.00010364433777322885
2021-11-03,4.81809188216275e-05,1.4457223701443743e-06,2.6856897912258227e-06,0.0,9.131173864245724e-07,1.7892486509305674e-06,0.1484511192727433,0.25129302179040647,-0.049300751565928946,4.1347140622902167e-05
2021-11-04,-0.00011813723051898056,1.1708758735404173e-06,2.1190289047901134e-06,0.0,5.102414279507243e-07,1.4315153904695757e-06,0.14645835567145518,0.19060980935981042,-0.049884776239078304,-0.0001233688921157314
2021-11-05,-9.249151296290585e-05,8.450231003359817e-07,1.2561842383215353e-06,0.0,4.475235443677275e-07,1.3903274590642477e-06,0.08889032648892173,0.18366949278861366,-0.04990552033417994,-9.643057130499535e-05
2021-11-08,0.00048061096437471265,7.11761170392901e-07,1.219166763337885e-06,0.0,5.150025808524946e-07,1.3129041697856063e-06,0.08859799340352115,0.17074673084078562,-0.049821169683196304,0.00047685212969034374
2021-11-09,0.00031332291565411844,1.2799755666169393e-06,2.676243751554536e-06,0.0,8.952932318354495e-07,1.3053520711167679e-06,0.19280562377501936,0.1694599428853879,-0.0498392050622291,0.00030716605103299477
2021-11-10,0.0002253501488428484,1.4369101709478936e-06,2.959457706039118e-06,0.0,1.0769052750710004e-06,1.992804227262924e-06,0.21119153462929424,0.28508934659056345,-0.049701763589607664,0.00021788407146352745
2021-11-11,-5.405302084674454e-05,1.1647718449903638e-06,9.981663484573558e-07,0.0,8.226016465650959e-07,1.5240260075441123e-06,0.15267059654761345,0.3060956926695222,0.05005932340211129,-5.856258669430147e-05
2021-11-12,-9.132551118099572e-05,1.4297944824490015e-06,3.9467118400462146e-06,0.0,8.644491731143195e-07,8.090271619292785e-07,0.2562092914773407,0.135754329123952,-0.0001622340801668929,-9.837549383853454e-05
2021-11-15,9.364290836427083e-05,1.237676473725721e-06,2.620140070282796e-06,0.0,4.770565591624387e-07,1.4300239734417138e-06,0.1564836109889849,0.19446573212217144,-0.04577829541603666,8.787801128765816e-05
2021-11-16,-0.0003226743662158899,2.283009994375107e-06,1.1892099144877954e-06,0.0,9.846947419561454e-07,1.3480910642575065e-06,0.1629734535911917,0.27646170144340354,0.049982402648142216,-0.0003284793719309665
2021-11-17,-0.0004294604392815768,2.1097069572077823e-06,3.1228305536957327e-06,0.0,9.10739244236294e-07,7.458833689237638e-07,0.20766525524993087,0.1704703396879727,0.04516193370878035,-0.0004363495994056404
2021-11-18,-0.0006637058549100527,1.2496642435103762e-06,1.9255048685101814e-06,0.0,5.775377259412612e-07,1.0742125837826962e-06,0.11422531868593147,0.19523549190603043,0.014767777830537381,-0.0006685327743317973
2021-11-19,-0.00034432297765829014,1.600559880243881e-06,2.319713422448646e-06,0.0,6.294118784246249e-07,1.2486690622247352e-06,0.10832461035194885,0.1649394033577186,-0.04483699909603696,-0.00035012133190163205
2021-11-22,-0.00021691508721939892,2.9960975835378577e-06,4.53306980920833e-06,0.0,1.9105972277151154e-06,2.435815116035207e-06,0.41829777752372543,0.459189441504297,0.04997250201038214,-0.00022879066695589542
2021-11-23,0.0003830437969340232,1.4699891183447056e-06,3.052015789163603e-06,0.0,8.387654800631548e-07,1.6856035734781526e-06,0.21574450270651757,0.3333682080026315,0.0501868076583018,0.0003759974229729736
2021-11-24,0.0003260126751210973,1.4822141191729352e-06,2.0404208850405003e-06,0.0,8.665770956035529e-07,1.1176075165497505e-06,0.14300906539106328,0.23838578331740043,0.05062772053704223,0.00032050585550473054
2021-11-29,-0.0016585337494996989,2.0805514156269997e-06,3.1686752691820246e-06,0.0,1.1369825810109537e-06,2.0344932676269806e-06,0.232120695676934,0.39108839499015224,0.04929352602881973,-0.0016669544520331457
2021-11-30,-0.0019954185217316324,2.921441989109603e-06,3.871458659181451e-06,0.0,1.853724147859631e-06,1.8914312473412894e-06,0.2742940259529307,0.36634564081587295,0.048585191262536354,-0.0020059565777751243
2021-12-01,-0.00035845259450174464,2.189298503364285e-06,2.95735560870393e-06,0.0,9.585732845039987e-07,1.1139195228614998e-06,0.20571897693072871,0.23579340338451613,0.0486549235437842,-0.00036567174142117833
2021-12-02,0.0022749827970712194,8.726550198484238e-07,1.3633817229763e-06,0.0,4.4039401986660513e-07,1.0030808023928448e-06,0.09537518863042362,0.2187842142704029,0.05026663946840505,0.0022713032855061354
2021-12-03,-0.00024271206884819992,3.373854379107067e-06,8.631136872485675e-06,0.0,2.518806205856515e-06,2.874934510805804e-06,0.5685972148341158,0.4748167882549792,-0.008172209560395854,-0.00026011080081645495
2021-12-06,-8.962503756218716e-05,2.3682637763149338e-06,4.253050417934454e-06,0.0,1.7975240217579909e-06,1.4853611787267e-06,0.3644844124018702,0.2995053454865608,0.049964667460475294,-9.952923695692124e-05
2021-12-07,0.0013070129004711822,1.1538487121852442e-06,2.7404705260361415e-06,0.0,7.406885408393789e-07,1.1512056432178966e-06,0.15637236534593554,0.19027458934149563,-0.003127958719110974,0.0013012266870489036
2021-12-08,0.00019282558585192867,1.3709262971617048e-06,2.7919873555991548e-06,0.0,9.037320820923489e-07,1.4275594183602809e-06,0.1924415618005177,0.21668243265088935,-0.023147549633637833,0.00018633138069871518
2021-12-09,0.00037508104897151866,1.6682033843326861e-06,1.7690422688060852e-06,0.0,1.2717353929845192e-06,1.317484562110292e-06,0.18566888614343488,0.27156251087406685,0.050225104439537885,0.0003690545833632851
2021-12-10,0.00024847009692924483,9.549164596222283e-07,1.8689424944775352e-06,0.0,5.653202381840564e-07,6.693469132055489e-07,0.13283769257034675,0.16285345036545945,0.05040316894692738,0.00024441157082375544
2021-12-13,-0.0006531595103691952,1.377966200303374e-06,1.604349556225659e-06,0.0,5.734197189694848e-07,4.580106975017155e-07,0.11351137454754175,0.12704758730210194,0.05010179012181376,-0.0006571732565421954
2021-12-14,-0.0004049928680927091,6.163000697354526e-07,1.1545463997859195e-06,0.0,2.910483904067672e-07,3.908155320496059e-07,0.08143850550552506,0.11550393321588215,0.049846923831548394,-0.00040744557848468684
2021-12-15,0.0004078629913281586,1.287579407812061e-06,3.1221604724207595e-06,0.0,8.865603782904735e-07,1.3020470426672205e-06,0.22413841248335495,0.26869923369386084,0.04995533052576773,0.00040126464402696807
2021-12-16,-0.00119972223142094,8.366451525377327e-07,1.3949381572359688e-06,0.0,4.2451304392815267e-07,1.195332915160478e-06,0.09325224319379236,0.2427573643902299,0.041941434643269514,-0.0012035736606898022
2021-12-17,0.00018163820841854785,1.1534874657591082e-06,1.901982034982566e-06,0.0,4.998865999992584e-07,7.555136468319714e-07,0.14821300147901706,0.17712191643664177,0.0501956237688705,0.00017732733867097494
2021-12-20,-0.0009823186959813178,2.165327682758848e-06,4.722741911045712e-06,0.0,1.362366636438086e-06,2.321908172884661e-06,0.33345700244202914,0.4399966574541473,0.04991608440952436,-0.000992891040384445
2021-12-21,0.0017654650618965909,1.892685799695513e-06,4.49081349790856e-06,0.0,1.4664007528940098e-06,2.7130071460498784e-06,0.24379468385093508,0.40555343707346536,-0.05023176346291455,0.001754902154700043
2021-12-22,0.00017657778228225105,1.8222518681903236e-06,3.6538915059589974e-06,0.0,1.2887343526480502e-06,1.1612034116562322e-06,0.28370107988822296,0.1572263250704154,-0.03785584808783178,0.00016865170114379745
2021-12-23,-0.00018715701153578255,2.379161318325625e-06,6.1995861606254115e-06,0.0,1.8237166082257064e-06,2.7665375522517966e-06,0.46211696032202265,0.4147564534441982,-0.05002185533410369,-0.0002003260131752111
2021-12-27,-0.0007396552809175853,9.371272405179092e-07,1.6785599146549394e-06,0.0,3.7341773380713415e-07,2.3830686118329873e-06,0.11783165508327008,0.351442181881472,-0.048913344906469855,-0.0007450274544183983
2021-12-28,0.00028477770930918555,7.408898105681615e-07,1.202660918178471e-06,0.0,4.90027929278454e-07,2.2288796323152044e-06,0.08451596289033857,0.3247549710159714,-0.049696807212982974,0.00028011525101884525
2021-12-29,0.00015060275328842998,4.342712307197942e-07,1.0805437715979666e-06,0.0,2.45104567186869e-07,1.9324407223428116e-06,0.07971747218230146,0.27464276546661187,-0.05000727588698048,0.00014691039299658253
2021-12-30,0.00010536850939617804,1.6077761579775155e-06,1.3988468183500894e-06,0.0,7.604659733871052e-07,1.0880438097217993e-06,0.18228768564902206,0.2328348950583738,0.05004353502511148,0.00010051337663674153
2021-12-31,0.0002499855762065664,1.7674789306581955e-06,2.551540392058224e-06,0.0,7.868537206610642e-07,1.6614854675507222e-06,0.18662248801451614,0.32918759389307295,0.05005803534455164,0.00024321821769563817
2022-01-03,-0.0004157557609254718,1.262428770086541e-06,2.5276629345285303e-06,0.0,4.435440829855778e-07,1.1021676998459638e-06,0.1640865150712493,0.2204707753558272,0.035306601781705235,-0.00042109156441291843
2022-01-04,0.0005919712171667717,1.164050062589884e-06,2.536622428438085e-06,0.0,5.653292560146674e-07,1.4902141175251282e-06,0.16203962114078313,0.2575766017987227,0.007220630054501118,0.000586215001302204
2022-01-05,-0.00023392874697562835,1.4970268833516278e-06,2.1025840514964734e-06,0.0,9.376985263812729e-07,1.773849515882976e-06,0.18820079193254813,0.3473947461778883,0.04938802750954818,-0.0002402399059527407
2022-01-06,-3.2121528962483556e-05,1.5628618546450577e-06,3.0375605788117293e-06,0.0,8.737520850123148e-07,8.615190084313136e-07,0.21606380074493692,0.1943273763148613,0.04959218289840073,-3.845722248938397e-05
2022-01-07,-0.00031135542729814243,8.995492324234286e-07,1.578456327996822e-06,0.0,4.0766662874900174e-07,4.5710033448982055e-07,0.11182261551560883,0.12629456788471785,0.04950171169042794,-0.0003146981998218015
2022-01-10,-0.00040461210687854794,2.249036689045133e-06,5.419642045297919e-06,0.0,1.3371731207220238e-06,1.945307942259799e-06,0.3190028479941038,0.2967810612505767,-0.030030673049069576,-0.0004155632666758728
2022-01-11,-7.114402481307698e-05,8.92610277857437e-07,1.305651205902049e-06,0.0,5.332922118970693e-07,1.4482463269345504e-06,0.10931839113866726,0.22957633960073864,-0.01372904332426568,-7.532382483566808e-05
2022-01-12,-4.732591586153623e-05,9.03607587065929e-07,9.859140565272165e-07,0.0,4.950717045797324e-07,8.468650411496796e-07,0.09743432144095104,0.16017463993021994,0.0179013130170737,-5.055737425085879e-05
2022-01-13,-0.00038838787035527534,6.572765366586215e-07,1.4440254410312988e-06,0.0,4.3791278462203873e-07,6.277147015446386e-07,0.11052136229404891,0.12655884538734893,0.021102775527849647,-0.00039155479981913194
2022-01-14,-1.8878473814251026e-05,1.0839215445539637e-06,2.739300333835311e-06,0.0,5.623696783250116e-07,1.2643522671748457e-06,0.14347580453322414,0.1623958209048948,-0.050015359980479256,-2.4528417638140155e-05
2022-01-18,0.0010282371078319467,1.4574868263791308e-06,2.438021304992557e-06,0.0,7.613482143647851e-07,1.1460597326425752e-06,0.20968198282661663,0.18992109377869076,-0.002616941305261744,0.0010224341917535677
2022-01-19,0.0002569809638736789,1.1590230804917248e-06,9.012638621361786e-07,0.0,4.789782820714041e-07,7.534853838960372e-07,0.10830304324829136,0.1769392135153059,0.050353669020771624,0.00025368821326508356
2022-01-20,-0.0008615981503584532,7.638103907575659e-07,1.1051477503592172e-06,0.0,2.5186495502792547e-07,4.995324955292993e-07,0.08121147786696384,0.13420088440748415,0.050279425158561736,-0.0008642185059501272
2022-01-21,-0.0008005502242441468,6.028360511225474e-07,8.495678699286687e-07,0.0,2.0215240975551294e-07,5.332832475593491e-07,0.058416409769681044,0.13963339512144884,0.050041809531478146,-0.0008027380638225129
2022-01-24,0.0007199729324775219,2.760728582377779e-06,6.800292213283165e-06,0.0,1.946908966227304e-06,2.9575566153404523e-06,0.48783179907391994,0.5468541865126574,0.04998467513546154,0.0007055074461002932
2022-01-25,0.00020246172824445215,9.664681590233387e-07,1.8989492035619975e-06,0.0,4.1788281263043266e-07,2.2191816688293277e-06,0.14216568668553303,0.42400757598194616,0.05118505561861891,0.00019695924640040705
2022-01-26,0.000950510714747262,1.071151034761728e-06,1.8007281741679644e-06,0.0,7.149581591363658e-07,1.860501574394565e-06,0.1298242963060412,0.36338040504298286,0.050816140544695965,0.0009450633758048015
2022-01-27,-0.000556278376552112,1.017214397450308e-06,1.9815888250771315e-06,0.0,4.773977433658729e-07,1.221616912208739e-06,0.14743615753953998,0.25523684041732014,0.05000519916625219,-0.000560976194430214
2022-01-28,0.001931918674486115,2.1941215709267413e-06,3.7901903664064523e-06,0.0,1.2368006428742057e-06,2.3866712238467795e-06,0.17682215551318264,0.35083592761547355,-0.05012483799078543,0.0019223108906820609
2022-01-31,0.0008944125036132449,1.9094700139406124e-06,3.120430707944342e-06,0.0,8.310641292146084e-07,1.2400992624625849e-06,0.2317817913774738,0.15795287193338892,-0.050383804160325285,0.0008873114394996827
2022-02-01,-0.00021594154397101736,7.135193245169811e-07,1.2030933698175318e-06,0.0,2.3736325321827057e-07,8.136628748065359e-07,0.09003612083387916,0.08584428097881039,-0.05085108198868764,-0.00021890918279337667
2022-02-02,-0.0004702052365522689,4.7572939431466534e-07,1.2562545184106735e-06,0.0,3.363733524850009e-07,1.0576172791455249e-06,0.09572747175367957,0.12674991297508353,-0.05092978992136461,-0.00047333121109662473
2022-02-03,0.00161311453046527,1.0623670743367576e-06,7.066584681177071e-07,0.0,8.359923488380632e-07,4.703783868028064e-07,0.1295986160469298,0.12643393670435188,0.047410367721480336,0.0016100391341871746
2022-02-04,-6.5672999845762e-05,1.6025084698645962e-06,3.2930576871173626e-06,0.0,9.088739811821769e-07,1.280672033028932e-06,0.23379990240287002,0.24879841503203143,0.03364551348317088,-7.275811201695508e-05
2022-02-07,4.55252460269427e-05,6.133828217774014e-07,1.3005952128147871e-06,0.0,3.087514166185635e-07,6.888143566534825e-07,0.10794598146682521,0.16564733335416548,0.0499265214363804,4.2613702219078465e-05
2022-02-08,0.0004106659690467028,7.874728492021697e-07,1.6670939285852238e-06,0.0,3.545599275082346e-07,9.067977966932021e-07,0.0713217304795894,0.14704077467209192,-0.005301255172366057,0.00040695004454471394
2022-02-09,2.622762530687443e-06,2.695447952935093e-07,6.68669352555882e-07,0.0,1.257125269006019e-07,9.88375148672471e-07,0.02903898868056276,0.13756939177328004,-0.02847763320369509,5.704607072649788e-07
2022-02-10,0.0005313787557894213,4.6981984376852005e-07,9.570095584053915e-07,0.0,1.8237411698298106e-07,9.559227932383824e-07,0.04923408102129201,0.1107738113396354,-0.049821217924412894,0.000528813629477026
2022-02-11,0.0009130640780306139,7.635238657936765e-07,1.277300944748821e-06,0.0,3.1096945943052613e-07,8.332516699864654e-07,0.08689217383862394,0.08987721039920213,-0.05010907015852403,0.0009098790320906544
2022-02-14,0.0002562916129494252,6.22494441727776e-07,3.9659694016007616e-07,0.0,2.1176011295794674e-07,3.6774443359504427e-07,0.09618315207239111,0.09575262720896968,0.03397156236500222,0.00025469301702098435
2022-02-15,0.00028462677527471444,9.58368620730631e-07,1.7729937591832398e-06,0.0,4.515888199412656e-07,8.377443888978509e-07,0.08099988769932873,0.12282841385239264,-0.01791264348244629,0.0002806060796859615
2022-02-16,-0.00017472697005928178,1.0728702549328721e-06,1.4385442421981685e-06,0.0,4.2481331847948356e-07,4.867296816711781e-07,0.12782041343578934,0.08777072686784018,0.006000140347082284,-0.0001781499275565635
2022-02-17,0.00020668926603129655,7.20088152088336e-07,2.204530171176584e-06,0.0,2.3763882009240257e-07,1.2062238005040995e-06,0.11931442731822917,0.1528536136505359,-0.04979198483415281,0.0002023207850874351
2022-02-18,0.0003235913285247702,6.930539341379962e-07,9.649338686362989e-07,0.0,2.253280730444745e-07,2.023300728088368e-07,0.12531807715704082,0.05492978449493448,0.020938332263049884,0.00032150568257614256
2022-02-22,-0.00022348381926146332,5.57714021687771e-07,6.597621391416051e-07,0.0,1.3176635402985458e-07,1.6562570078592762e-07,0.07016031405420206,0.07783188157171969,0.05000676383968382,-0.0002249986874771085
2022-02-23,-0.0010496551921797205,2.4692073362053475e-07,2.4471240299455877e-07,0.0,4.930691443900308e-08,1.1272368717247535e-07,0.017152832529168834,0.06865737507527295,0.04971979563029707,-0.001050308855917947
2022-02-24,0.0009907199418484655,8.699675176379695e-07,2.096599249702047e-06,0.0,4.135395214135767e-07,8.866221777876463e-07,0.12085322657766857,0.165535379752066,0.016582853883741304,0.0009864532133819243
2022-02-25,0.0001046637188737179,9.296065791025562e-07,2.344197441854191e-06,0.0,3.160104840817347e-07,6.868069192167309e-07,0.12869182310387628,0.07819398145156971,-0.03718958097684111,0.00010038709744946268
2022-02-28,0.0001042658193288531,7.966052002047842e-07,1.4162389699124007e-06,0.0,2.911990728887108e-07,1.051320515134123e-06,0.08745828894071792,0.1261431085242672,-0.05047873801826555,0.00010071045557071309
2022-03-01,0.001161978523252257,6.305281363077498e-07,9.005156314843063e-07,0.0,2.6027500646125946e-07,9.080150160720485e-07,0.06747912251624937,0.10590013979845228,-0.04664638290165196,0.0011592791894619316
2022-03-02,-0.0012064950212937104,6.699647362208458e-07,2.6530479076258433e-07,0.0,2.0904834094403767e-07,5.367077006890454e-07,0.08850453854904941,0.12764281135829275,0.03747591764253315,-0.001208176046862327
2022-03-03,-0.0004902366641037534,6.911827493358528e-07,1.379023061215442e-06,0.0,2.8947002780987346e-07,8.664916434537185e-07,0.08230911594183048,0.16355178576918378,0.017981189668959105,-0.0004934628315855684
2022-03-04,-0.0006704672756386357,7.639169603282085e-07,1.7056020593046057e-06,0.0,4.4308831765834293e-07,1.3297306108150657e-06,0.08950905268262442,0.20045717054305265,-0.022937572073878337,-0.000674709613586742
2022-03-07,0.00014791409847892867,8.416356529257028e-07,2.533166424386644e-07,0.0,3.922032145517776e-07,7.973458072206367e-07,0.07810712857850426,0.18510291314119476,0.05114881752812772,0.0001456295971617919
2022-03-08,0.00041382548104599675,5.731717667144257e-07,1.0355512817465277e-06,0.0,1.8551219351297704e-07,5.073964637556867e-07,0.07597061145285938,0.13631648188614348,0.05107387597518817,0.00041152384934026713
2022-03-09,0.0016884191857691334,9.297526044649483e-07,1.9601668580336405e-06,0.0,3.90297923378805e-07,2.517660250330753e-07,0.1454537539580144,0.09277443274088867,0.05047774053533206,0.001684887202358223
2022-03-10,-0.00028122435242886745,9.873859302114934e-07,2.073776411890074e-06,0.0,4.3472968409409276e-07,6.110926614235931e-07,0.14512892181594442,0.15273667850823675,0.050073111389073166,-0.0002853313371164867
2022-03-11,-0.0009252846260327223,5.20276616050204e-07,6.904786602063568e-07,0.0,1.6552533203785253e-07,4.3750937472798756e-07,0.05052055528091823,0.12362746399798269,0.05012588904368078,-0.0009270984160157446
2022-03-14,-0.0007359595964109196,4.953725227606032e-07,7.882938022079053e-07,0.0,2.1830604314108757e-07,4.75363098521319e-07,0.056022473109770723,0.12996609510465118,0.05010509455306955,-0.0007379369318775505
2022-03-15,0.0014717619501368854,2.8604499274088886e-07,4.543763577858065e-07,0.0,1.1169860849679166e-07,4.041484273894626e-07,0.03158207298041889,0.11789984207903058,0.050002906277600886,0.0014705056817504725
2022-03-16,0.0013971589837396472,1.046192144462088e-06,2.8953770065617972e-06,0.0,3.6174527272519755e-07,9.24977265347186e-07,0.12686812928302132,0.10525542944166516,-0.050140751136662096,0.001391930692050551
2022-03-17,-0.00048246838324626047,6.133592533102721e-07,9.879327067045107e-07,0.0,1.7188558684836685e-07,6.614599038906335e-07,0.07354128928100978,0.06069911483552607,-0.05042614901810029,-0.00048490302069701427
2022-03-18,-0.000392466469304975,5.782807890657499e-07,1.2840760425239994e-06,0.0,2.911915726992839e-07,1.0584040848335053e-06,0.09757050105385964,0.12746714705760034,-0.05034473919442858,-0.00039567842179409754
2022-03-21,0.00010151167767062697,4.2980681130553535e-07,6.993817807840051e-07,0.0,1.3367635083740593e-07,9.157766063249995e-07,0.04906129851409661,0.10364590733358728,-0.05020456252901262,9.933303612137502e-05
2022-03-22,-0.0008287863132135256,2.706453951854169e-07,3.7243304657622555e-07,0.0,8.677072755279277e-08,8.625515136359277e-07,0.027905534031336103,0.09459712688403851,-0.05031152740679734,-0.000830378713896476
2022-03-23,0.0007651554101741673,5.440949335332648e-07,4.4474184139386286e-07,0.0,1.6064464793332642e-07,3.0668456442483184e-07,0.0784066779185084,0.058944729078931994,0.00742172225556023,0.000763699244186882
2022-03-24,-8.242520417812507e-05,4.0024553162977544e-07,1.3425471808687224e-06,0.0,9.040928590373777e-08,7.444676999073512e-07,0.060084249010460875,0.08519524493759269,-0.03987532864684232,-8.500287387643466e-05
2022-03-25,-9.067585826260193e-05,6.829857156486042e-07,1.3583581681845976e-06,0.0,2.0112143501471212e-07,7.254155047966766e-07,0.0868254859259896,0.0719472278113856,-0.04992257699445613,-9.364373908624652e-05
2022-03-28,-0.00018474560169584223,4.296468745597071e-07,6.689601249532529e-07,0.0,1.037067180093098e-07,7.02628788909085e-07,0.04912996095882105,0.06805303405634938,-0.04998860248037689,-0.0001866505442022736
2022-03-29,-0.0006137982544086449,1.767143208559346e-07,3.2906212578472906e-07,0.0,4.2722838726054255e-08,7.708267435235018e-07,0.025059066383970582,0.07937906859583771,-0.05011982431611059,-0.0006151175804375352
2022-03-30,0.00013626414968985687,3.2790748839425834e-07,5.990420397028707e-07,0.0,8.745838224678915e-08,6.855224085023275e-07,0.04268508572634043,0.06514698017749873,-0.05002078445089228,0.00013456421937101064
2022-03-31,0.0006067556846610335,6.721704081381512e-07,3.5637206217902123e-07,0.0,1.4374852077860037e-07,2.0875852882267035e-07,0.10635487782899411,0.08511865216666051,0.05004721932445187,0.0006053746351411152
2022-04-01,0.00012699844237315026,1.1339479449220122e-06,3.0357789291120243e-06,0.0,5.317986598657353e-07,1.3266534765485552e-06,0.21839804366077836,0.2728464841019883,0.04996870004183085,0.00012097026336270193
2022-04-04,0.001373131622745703,5.29914749238146e-07,1.328962815742448e-06,0.0,2.1635325655057801e-07,8.051089318165919e-07,0.09871594600043439,0.18531675175795792,0.05005845121277038,0.0013702512829923553
2022-04-05,-0.0012046874471430564,3.5171276904865977e-07,5.596598989996512e-07,0.0,8.723337636019229e-08,6.223859549768238e-07,0.04191230684708028,0.15432912624526152,0.049768285809155065,-0.0012063084391424417
2022-04-06,-0.0010802917626888614,3.852528425882249e-07,9.765594313359824e-07,0.0,1.213809109165036e-07,5.783372348296905e-07,0.0570218302464315,0.1275906891005955,0.030430033649207475,-0.001082353293108532
2022-04-07,0.00010572313741727219,5.460664662831677e-07,6.516189127829853e-07,0.0,1.7534791503736956e-07,3.972729530124521e-07,0.06427849279156311,0.11658968368905195,0.049847827582959955,0.00010395283117015622
2022-04-08,-0.000258004734708846,7.302919849519723e-07,1.3009580553991176e-06,0.0,2.469492189715914e-07,2.078591584827695e-07,0.09728985102991472,0.08468321897355503,0.049762880348449716,-0.0002604907931266514
2022-04-11,-0.0006201473671186945,3.92022657227989e-07,5.554316599506859e-07,0.0,1.6465010664859202e-07,1.8256277361656562e-07,0.03854229185243986,0.0803741392907802,0.049703593323197265,-0.0006214420343161384
2022-04-12,-0.0003598105853389744,7.605660842250973e-07,1.6362638885345434e-06,0.0,2.8926240455253094e-07,5.070490233307415e-07,0.11570564761322955,0.13506536523228319,0.0498811293127186,-0.0003630037267396173
2022-04-13,0.0008854482405108954,3.294190400839517e-07,5.052135422516289e-07,0.0,1.0716133456949922e-07,3.5988631450363785e-07,0.036091356704388275,0.11052500742105364,0.05006410658444247,0.0008841465602794867
2022-04-14,-0.000983091141936809,3.375937067142569e-07,5.582998163187047e-07,0.0,9.378967634255144e-08,2.328329647240733e-07,0.04211670271304758,0.08906599699555452,0.04995005892191017,-0.0009843136581009087
2022-04-18,-3.627952315152535e-05,5.449171065527611e-07,1.0590888528036572e-06,0.0,1.5749897489940426e-07,5.190459208102722e-07,0.06598442808104132,0.12771672965615016,0.04051701496002444,-3.856007400659145e-05
2022-04-19,0.0008452330953858651,2.393001075069982e-07,1.754876201054949e-07,0.0,6.133696431516397e-08,3.9111914578941114e-07,0.019160561382050446,0.11555748988140871,0.04984947338878759,0.0008443658515481481
2022-04-20,-0.00012604250057709633,4.838670075558891e-07,7.285500685784481e-07,0.0,1.3381500282396553e-07,3.3791167452138607e-07,0.053579295263380004,0.10663839874654132,0.04986923742694842,-0.00012772664433057603
2022-04-21,-0.0008953321447841572,6.455526159113664e-07,9.099212808604277e-07,0.0,2.0386739772146282e-07,1.8133881152927694e-07,0.06621129156272136,0.08014467871849934,0.04967975838158083,-0.0008972728248901798
2022-04-22,-0.0011192827281200372,6.404248521163745e-07,9.410878443547068e-07,0.0,1.9252684829771484e-07,8.214506841515762e-08,0.07041921854711768,0.06366227101703224,0.04986189952328576,-0.001121138912733221
2022-04-25,0.00014570949508249813,3.013985748410339e-07,3.45518924237133e-07,0.0,9.01967880369494e-08,7.442697259724226e-08,0.024053437235144928,0.062436490462125294,0.04993275906578862,0.0001448979538227858
2022-04-26,-0.0011152147796936094,9.827217631187697e-07,1.796200651315816e-06,0.0,4.542422070131283e-07,6.205505280285997e-07,0.13549587261240498,0.15385945701638495,0.049606968307580296,-0.0011190684948430858
2022-04-27,0.00024301686481915155,7.437135588701659e-07,1.0879134375296568e-06,0.0,3.2240542639937933e-07,4.974330445457153e-07,0.0745734298374004,0.13326952991325444,0.04970077842957427,0.00024036539935180662
2022-04-28,0.00041507460945999086,4.900955287635396e-07,1.1166077497052037e-06,0.0,1.8766186005249058e-07,1.4584928505805905e-07,0.08075328143145094,0.07488902468544817,0.05038634479569421,0.0004131343950364116
2022-04-29,-0.0014294560850380443,1.2073010157074782e-06,2.192776250116537e-06,0.0,6.867314411574808e-07,7.7437156660495e-07,0.16117761029755512,0.17973139753700307,0.04963697434737141,-0.0014343172653116308
2022-05-02,-1.605773878646038e-05,1.7903717862325954e-06,4.044645745183765e-06,0.0,1.0895019381001434e-06,1.3250773821302067e-06,0.20234717807865055,0.1724335263491778,-0.05017947384869712,-2.430733563810709e-05
2022-05-03,-0.0006530868994491089,9.442613555292404e-07,1.3012888296226067e-06,0.0,5.87559761327256e-07,1.0780310559891579e-06,0.09248085074218879,0.13101318043338,-0.050096036972798456,-0.0006569980404515772
2022-05-04,-0.0016435700555373005,8.353240140940328e-07,1.2546279000924708e-06,0.0,4.7552756932340824e-07,9.497514877043593e-07,0.09221161363946617,0.10902700431904021,-0.05053124561529217,-0.0016470852865085148
2022-05-05,0.0019181490205622302,1.0522763125630697e-06,1.6815607247678086e-06,0.0,4.2295085924032104e-07,9.54631731362005e-07,0.11521532550328412,0.11035899735038074,-0.05001913351843611,0.001914037600934297
2022-05-06,0.0005470102751245024,6.304825930162666e-07,7.268138169408765e-07,0.0,2.7348464160789737e-07,8.269493976781747e-07,0.0527153575059994,0.08939309597568834,-0.04953440283424503,0.0005445525446752592
2022-05-09,0.0010232072630129907,7.489933756928652e-07,4.896154561777132e-07,0.0,3.4313255164942087e-07,6.001576324045346e-07,0.09591181429565869,0.1287631212702598,0.02793663902629802,0.001021025363997066
2022-05-10,-7.868411102503589e-05,7.966207638889726e-07,1.3420708011301679e-06,0.0,3.9659092447799954e-07,8.659637967140271e-07,0.06612892772341926,0.14042358435670127,-0.0050583334912552985,-8.208535731124706e-05
2022-05-11,-0.00032490100799845547,5.612448817562383e-07,2.6129550651968547e-07,0.0,2.3878830984344337e-07,6.454263050894186e-07,0.05800971376916141,0.15170863671561613,0.04327701746059379,-0.00032660776300166426
2022-05-12,0.00011997114718306955,1.6446780448457794e-06,3.040748616679099e-06,0.0,7.754822496714852e-07,1.453000779175985e-06,0.21219874715305265,0.28440600933813376,0.04030187843656852,0.00011305723749269719
2022-05-13,0.0007907570143903312,8.439360656715285e-07,1.4568101145182478e-06,0.0,3.044659974295769e-07,1.0688776306020534e-06,0.10103884828481405,0.21281414658487813,0.03324270464373309,0.0007870829245821098
2022-05-16,-0.00031971261474143434,5.254217947218826e-07,1.525096333663744e-06,0.0,2.420625873239417e-07,8.972311952739468e-07,0.08685258087562307,0.1505713621821989,-0.00016347862382418143,-0.00032290242665241784
2022-05-17,1.7241985211674737e-05,6.029473669340004e-07,1.769722395138775e-06,0.0,3.06780055161008e-07,7.634747753109027e-07,0.10388553406391865,0.0931390865380826,-0.035124675714149074,1.3799060619130051e-05
2022-05-18,0.0013028389453807574,5.393794854956444e-07,6.77646080181588e-07,0.0,2.290235324140013e-07,8.036736208383611e-07,0.052864903157979606,0.10933195563040488,-0.025685212670439782,0.0013005892226618278
2022-05-19,3.223993313855425e-05,1.1050443798460732e-06,5.529452608176249e-07,0.0,6.429341543770638e-07,5.947290956953381e-07,0.09428723090545744,0.14137744499824537,0.04146295692142851,2.934428024781815e-05
2022-05-20,-0.00013779813356748372,1.2977593859935547e-06,2.639331548119095e-06,0.0,7.809812118606434e-07,1.147120484229088e-06,0.16933951111499454,0.21228919361577472,0.01957295226528802,-0.0001436633261976861
2022-05-23,0.0008104840147150938,8.362938430429415e-07,2.5516803253015354e-06,0.0,6.281586189224618e-07,1.2938362827913159e-06,0.13076401925549064,0.16720700106624214,-0.050157494442698916,0.0008051740456450356
2022-05-24,0.000713916008814946,5.977864575010998e-07,1.0621853128117998e-06,0.0,3.3857468314440375e-07,9.658119842569248e-07,0.07684930011997124,0.11257686393395867,-0.049679549421204616,0.0007109516503772318
2022-05-25,-0.0005290841349193143,8.498988917513981e-07,7.182834746715243e-07,0.0,3.886367466042568e-07,4.941848026049053e-07,0.08444253478158292,0.07276485906629973,-0.010258187771324367,-0.0005315351388349464
2022-05-26,-1.3966557541752534e-05,8.281117974045031e-07,5.629636676169724e-07,0.0,5.606307889015055e-07,2.803543005829087e-07,0.0899970563864141,0.09709039372815692,0.049990871230228245,-1.6198618096258424e-05
2022-05-27,0.0009507170072801231,6.372191752720981e-07,2.7563291119105723e-06,0.0,2.7912478594416557e-07,1.2694877299480352e-06,0.12315755837687067,0.16391936564906473,-0.04935457298220512,0.0009457748464770482
2022-05-31,0.00020871010328031185,9.552419486552027e-07,8.406384916400871e-07,0.0,5.476680509360625e-07,7.36216133968607e-07,0.12407224580094338,0.15364280529088042,0.029958494784154473,0.0002056303386551119
2022-06-01,-0.0002324041993263993,1.0282953639643754e-06,1.3943701562909108e-06,0.0,5.742699776263264e-07,2.700531014819885e-07,0.11540955471505489,0.09531961413842216,0.049950693089448044,-0.00023567118792576288
2022-06-02,0.0010956362625602317,1.146233416246922e-06,2.364707455210341e-06,0.0,5.788913539166341e-07,8.532958433800941e-07,0.1433063414260483,0.16719659935299566,0.023842897665139976,0.0010906931344914776
2022-06-03,-0.00034505152097516484,6.101353781037992e-07,1.4376618264103866e-06,0.0,2.157332382648826e-07,6.026407095765628e-07,0.08030896408732227,0.09368947655796493,-0.007554162650897608,-0.0003479176921275205
2022-06-06,-8.213003863174204e-05,6.325877079979237e-07,7.566370165250558e-07,0.0,2.6105770800326985e-07,3.369235162349249e-07,0.061995622219888954,0.05805471762553472,0.0014515668980672946,-8.411724458050321e-05
2022-06-07,3.81882799776656e-05,2.9012108218892293e-07,5.921270630247762e-07,0.0,1.1330581717375668e-07,4.479383234494257e-07,0.03440879002687697,0.06659793479201645,-0.008655703547487034,3.6744787691828714e-05
2022-06-08,-2.8648590630508647e-05,7.769213513580476e-07,3.5207255977931406e-07,0.0,3.3567695000201244e-07,1.6943575404593048e-07,0.0720680260616147,0.07771960123562707,0.04925439455591071,-3.028269724569395e-05
2022-06-09,-0.0010910691850018208,1.094657986772655e-06,1.4911367021343747e-06,0.0,4.1803704397013656e-07,4.1562699220867214e-07,0.11000085646219826,0.11951490926860395,0.04968957457754701,-0.0010944886437269066
2022-06-10,-0.0011610040991017736,8.532883330011869e-07,1.0318466541546378e-06,0.0,3.078187420080098e-07,2.9882113411135715e-07,0.0714471345795243,0.09947113182639225,0.04926918129568428,-0.0011634958739650488
2022-06-13,-0.0019180149932096905,1.6636688407671254e-06,3.674295902450811e-06,0.0,1.2650176838292853e-06,1.262322603778324e-06,0.2601413713144132,0.2601950041089677,0.048124806674209306,-0.001925880298240516
2022-06-14,-0.00022207790114725387,1.051434951344423e-06,1.3642356825834065e-06,0.0,6.623727303406255e-07,9.723784132062935e-07,0.09817879689284313,0.21211093962361738,0.04875136620496012,-0.00022612832292472862
2022-06-15,0.0015504962872008048,1.2984796012702223e-06,2.6224598003739174e-06,0.0,9.706867367509013e-07,5.289528675035156e-07,0.19649124749004426,0.13857221236596146,0.04970813062537082,0.0015450757081949063
2022-06-16,-0.0018336689529287126,9.949489604427178e-07,2.012866973778044e-06,0.0,8.357765682450539e-07,8.720093680328111e-07,0.1444711609326837,0.19601889681274706,0.04952132298323481,-0.0018383845547992113
2022-06-17,-0.00022440746382251765,1.8286060587085292e-06,2.6699702528203213e-06,0.0,1.0563632057579418e-06,4.927519353126807e-07,0.1983749477476916,0.13283200742757603,0.050049682295045694,-0.0002304551552751171
2022-06-21,0.0010438958019120727,7.409923041068003e-07,9.747490326530494e-07,0.0,3.651675820140303e-07,2.846680791199786e-07,0.06692347758010471,0.09825340420595034,0.05042916691379389,0.0010415302249141788
2022-06-22,-0.00030112110846132115,1.475367595989265e-06,1.5269718882459507e-06,0.0,7.966001940588528e-07,5.447325699501634e-07,0.10512545075145656,0.14186966974714238,0.050354597995515005,-0.0003054647807095654
2022-06-23,-0.0004944412095077369,6.708322785377715e-07,1.0549779169490526e-06,0.0,3.3553645277324843e-07,4.86200760118832e-07,0.0629891315873026,0.1192125424753965,0.037530814775432714,-0.0004969887569161158
2022-06-24,0.0010401896619814963,6.686065432804484e-07,2.391217400586162e-06,0.0,3.5181865301051535e-07,1.2559050260731626e-06,0.10427567216857385,0.1621242518241638,-0.048867792556127526,0.001035522114358546
2022-06-27,0.0007690416817515851,5.253436047553669e-07,5.529109819377135e-07,0.0,2.178942189495505e-07,1.0484947384303988e-06,0.04280107835974675,0.13395480608137922,-0.04219230997492779,0.0007666970382075121
2022-06-28,0.0017707398312735905,7.319920704136973e-07,9.030319030394052e-07,0.0,2.89402555518595e-07,5.891647703949482e-07,0.07939347885265993,0.08108379767538576,-0.017895883750965534,0.0017682262399742238
2022-06-29,-0.00016183518244203588,4.252291899547395e-07,1.0706326186695555e-06,0.0,2.9443645867479e-07,6.526032687105449e-07,0.06369241488559746,0.07519450670374205,-0.034442842439629494,-0.0001642780839780455
2022-06-30,0.00017677952494301924,7.742956996030246e-07,1.5225850088278683e-06,0.0,4.4666435771208734e-07,9.384735690779124e-07,0.13845023698652165,0.16011738952664897,0.002453829921559715,0.00017309750630779835
2022-07-01,-2.2585386454296666e-05,5.235850870851736e-07,1.2103991247107232e-06,0.0,2.3474860049506922e-07,7.275410895123497e-07,0.07654317660459148,0.10875704686761409,-0.013469856170460641,-2.5281660356099982e-05
2022-07-05,0.0003764719519355596,8.270956910960621e-07,1.5556803056638481e-06,0.0,3.491615052212592e-07,8.292050190009194e-07,0.07876783541627076,0.08954694898139137,-0.04975949421076305,0.0003729108094145775
2022-07-06,5.059584530415992e-05,2.210033988256694e-06,2.467564304526213e-06,0.0,1.143942347769683e-06,1.2323384780320457e-06,0.23723160173494434,0.22034218644107173,0.013309322131688048,4.354196618557529e-05
2022-07-07,3.684718222597478e-05,6.675776110076449e-07,1.0849861763006927e-06,0.0,3.422246363947966e-07,9.86723721977435e-07,0.07067031767606104,0.17273934932925633,0.0069697640370472505,3.3765670080294216e-05
2022-07-08,-0.0001642495125179083,1.1594548043689921e-06,1.653278468913057e-06,0.0,5.831003130021698e-07,1.2320292801428931e-06,0.12806083288555364,0.22402407571092117,0.017043156646915136,-0.0001688773753843354
2022-07-11,0.0005554183008411359,1.275671817875113e-06,2.2990745733387396e-06,0.0,5.168854441151064e-07,4.32886564435478e-07,0.1685163742506423,0.1005491563680971,0.027824213542936668,0.0005508937824413715
2022-07-12,-1.673086738976298e-05,1.6580638209720833e-06,3.146543114652868e-06,0.0,1.0339209130512698e-06,1.1676450704374585e-06,0.1528121360493893,0.14615490873718667,-0.050009463096306314,-2.373704030887666e-05
2022-07-13,6.819502405245967e-05,6.873323118096265e-07,3.784693050644759e-07,0.0,2.495965974485587e-07,8.928761867806904e-07,0.08162981832670185,0.16761279223536169,0.01760959285620567,6.598674965135632e-05
2022-07-14,-0.00014355100973077875,5.627978237684988e-07,7.09141926971402e-07,0.0,2.11378764952803e-07,9.437949382186385e-07,0.05203275043856607,0.180503214328311,0.021945664707579728,-0.0001459781231846901
2022-07-15,0.0003384692329251031,7.64252248609832e-07,1.9947828025733947e-06,0.0,3.6451039145353624e-07,1.0451898401968642e-06,0.10354297222304334,0.1449076765069981,-0.030684216646075083,0.00033430049764226945
2022-07-18,0.00028407539758070746,8.887134532661256e-07,1.2984755690384578e-06,0.0,3.132414894878775e-07,9.782637463890626e-07,0.0745100393480004,0.11426196615251884,-0.050086343240843656,0.00028059670332252596
2022-07-19,-0.0016615025585256264,9.617305541445916e-07,8.246287440427381e-07,0.0,5.376503632567757e-07,6.470107553663098e-07,0.09604329578368728,0.0996399604672249,-0.00905784643431514,-0.0016644735789424368
2022-07-20,-0.00016781663344118364,1.021261000737886e-06,6.426643888243615e-07,0.0,6.103655105120745e-07,4.224491658313014e-07,0.09442070881134002,0.12065947527000415,0.04968801541034553,-0.00017051337350708926
2022-07-21,3.4919072798395054e-05,9.066910431750706e-07,2.7621070522229505e-06,0.0,3.109282508068018e-07,1.367384000823494e-06,0.1192849298668605,0.17963398826750712,-0.050086523870839894,2.9571962451366738e-05
2022-07-22,0.0009012684696955934,8.607284610750827e-07,1.4458142410208725e-06,0.0,3.86464207616675e-07,9.767912415599993e-07,0.10042476332398498,0.11401727617704348,-0.05008365240503641,0.0008975986715443208
2022-07-25,0.00014448974491879327,1.0223530266463992e-06,1.948333739865347e-06,0.0,5.28859330090004e-07,9.866855872657063e-07,0.13826471058118167,0.11580170805678466,-0.04996147060385394,0.0001400035132349258
2022-07-26,0.00010245530275314912,4.713924722511966e-07,3.798653955376995e-07,0.0,2.422757172050212e-07,7.730531182122896e-07,0.04185182057707602,0.09897938019798878,-0.030893543661675786,0.00010058871604994291
2022-07-27,-0.00016745314887110633,9.704305679014545e-07,4.1825601203033397e-07,0.0,4.780227920704199e-07,4.834547313670684e-07,0.09561104953305033,0.13108225005197582,0.049861855182308304,-0.0001698033129744756
2022-07-28,0.0006807198238914751,7.162171267073941e-07,1.6118086662033604e-06,0.0,3.172469313721494e-07,3.903515502040034e-07,0.08905506213921369,0.08055223661446054,0.014973176180187946,0.0006776841996169882
2022-07-29,6.472658751609352e-05,9.328793319624361e-07,2.134067226751463e-06,0.0,5.014513659209146e-07,8.854961255177303e-07,0.13559190829458193,0.13556605133303182,-0.01319729775394688,6.027269346594097e-05
2022-08-01,-0.00031533411473795185,5.178904908090589e-07,8.589459911751904e-07,0.0,2.9683665992478724e-07,7.949753084843718e-07,0.05492005001859408,0.11369735724406527,-0.019858494581309203,-0.00031780276318834526
2022-08-02,0.00021758096340454734,1.083148957645748e-06,7.935400467046983e-07,0.0,4.793845623449122e-07,2.1222129291568728e-07,0.11381863168510643,0.08574394019083738,0.05009076298100199,0.00021501266854493628
2022-08-03,0.00029395002682342604,6.995849833562251e-07,7.792496114437636e-07,0.0,2.5697961560691467e-07,2.4968982526452384e-07,0.052887280126619474,0.09209424663576489,0.05014635599132485,0.0002919645227877546
2022-08-04,-0.0004174938419211545,7.407159610118637e-07,1.3840468659725269e-06,0.0,4.025395348128465e-07,4.434398399678885e-07,0.08604936717840028,0.11004216929080901,0.035544276176203746,-0.00042046458412291963
2022-08-05,0.00019896311911120698,8.891186599435339e-07,2.073569189597159e-06,0.0,4.563929760202258e-07,8.046024293078934e-07,0.09203321800339068,0.10240575211375806,-0.032767456009968124,0.00019473943585633817
2022-08-08,7.649660818996088e-05,8.23532769612886e-07,6.909736524433726e-07,0.0,3.425656240189594e-07,4.784321592767221e-07,0.1150269810754965,0.13054752518286775,0.05017092242437841,7.416110398460894e-05
2022-08-09,7.839777822622785e-05,8.142761590224349e-07,1.3762467911080957e-06,0.0,4.863952445184796e-07,7.811899282477062e-07,0.07987019330745364,0.16230754432618996,0.031067636380575338,7.493967010333114e-05
2022-08-10,0.0007205051117449808,7.555467581448867e-07,6.132662227152354e-07,0.0,4.1917491889244817e-07,6.853088838467581e-07,0.0591030688841644,0.16499422041486567,0.04986232792861034,0.0007180318149613814
2022-08-11,0.00012729729293244077,7.019250205678238e-07,1.8255417357383072e-06,0.0,3.886583649700535e-07,8.860150130257048e-07,0.08624296604609438,0.142617547140628,-0.006232975047690402,0.00012349515279813888
2022-08-12,-0.00023748251183947848,7.942667981677289e-07,1.4911841406085496e-06,0.0,3.432004807556922e-07,5.617633374568115e-07,0.0935541797874159,0.07043213726374625,-0.02394410342899809,-0.00024067292659646727
2022-08-15,-7.200206665239413e-05,2.512248588587481e-07,1.2829750495978868e-07,0.0,1.385801231897401e-07,3.6085699037825734e-07,0.030468338886109378,0.06301397942217374,0.0023900050386265314,-7.288102612978067e-05
2022-08-16,9.222646826563686e-05,2.3964314462940585e-07,3.4414955054230705e-07,0.0,8.477050714929887e-08,3.4636081570530075e-07,0.02507567351298273,0.06069778352820285,0.0025091664897123216,9.121154424761055e-05
2022-08-17,-0.0001148436147343733,6.700770590534793e-07,6.276682434028704e-07,0.0,3.6278295330298473e-07,3.2826772603209585e-07,0.08201299003733603,0.10422839947358159,0.049079421500189506,-0.00011683241071616473
2022-08-18,0.00031146648452333984,5.742223544670985e-07,1.003291171826923e-06,0.0,3.4536586393161364e-07,1.8807500148540073e-07,0.07309329944986552,0.08155095703635408,0.049954356786806736,0.0003093555301316288
2022-08-19,-0.0007962704601699668,5.49289579156139e-07,1.1486837059243888e-06,0.0,3.027265003367828e-07,3.2368894269229864e-07,0.05387392907395726,0.07034066285758989,0.01596092048528374,-0.0007985948488980764
2022-08-22,-0.0004347621398095489,1.0621736076475328e-06,2.0441620960451735e-06,0.0,5.493275089106908e-07,9.218706782921589e-07,0.08785104979156366,0.10475658347210068,-0.05011769048098195,-0.00043933967370044446
2022-08-23,-0.00020257470953570882,7.96192652731782e-07,4.1349377415473223e-07,0.0,2.6390798238042634e-07,6.409639661461009e-07,0.08650561594886474,0.1274348447224796,0.019752898409934716,-0.00020468926791112187
2022-08-24,-5.177871329198507e-05,8.878011562441916e-07,1.3580829122112403e-06,0.0,5.295763106727955e-07,3.2201515886727956e-07,0.1258706469272865,0.10390098610230361,0.049802439412600645,-5.487618882998058e-05
2022-08-25,0.0007926409793749556,8.831602856607173e-07,2.773259531755537e-06,0.0,4.605712666286295e-07,9.94410240082106e-07,0.12074280249044703,0.11716818137404734,-0.04989273895974644,0.0007875295780508287
2022-08-26,0.0016575225893475888,9.553494954289051e-07,1.5831839220786392e-06,0.0,5.225861867082274e-07,1.379293408982733e-06,0.12716061358707847,0.1936217354399163,-0.03809955726918283,0.0016530821763343902
2022-08-29,0.0003391713811771799,1.5569329810943751e-06,9.951946781963714e-07,0.0,7.224830716854628e-07,9.741401912700291e-07,0.1421150787979179,0.21392723066479832,0.05027167853143341,0.00033492263025493367
2022-08-30,-0.0002200426870624361,1.2294484362751286e-06,1.986644903889515e-06,0.0,5.043280779170659e-07,2.7442471099510604e-07,0.13727251179141525,0.09594428248595878,0.04984093103878094,-0.00022403753319151292
2022-08-31,-0.0004665450437073628,6.234461511498547e-07,6.539563025903271e-07,0.0,1.9472655870885438e-07,2.2868396599935696e-07,0.046112347496028036,0.08792444359297932,0.04950553730508737,-0.00046824585668581116
2022-09-01,0.0001666951100205483,1.9659291052096213e-06,4.9934684580988024e-06,0.0,1.1179131065973567e-06,1.7742560543077128e-06,0.3577123245158662,0.3480046700585089,0.04992965293481311,0.0001568435432963348
2022-09-02,-0.0006675546040912285,9.003892913374165e-07,1.523089567947087e-06,0.0,3.6890627929314115e-07,1.949594659159193e-06,0.10711022490096693,0.3776842668641987,0.05015236412545432,-0.0006722965838889654
2022-09-06,-0.0007084844709425248,6.879630623400478e-07,1.2414369474362368e-06,0.0,2.1234626095155968e-07,1.4620932307154938e-06,0.09289988343246092,0.2954105806556787,0.049778917895475824,-0.0007120883104439681
2022-09-07,0.0007476564148916424,6.860726281957969e-07,1.2116315877488969e-06,0.0,3.3943049512372214e-07,1.1634093775156783e-06,0.08739875739602315,0.24444336421859503,0.04899058879596105,0.0007442558708030583
2022-09-08,0.000375686757785172,1.3483979873929482e-06,3.352207690863254e-06,0.0,6.775429847832476e-07,1.7347216597516016e-06,0.159004070539707,0.24078617121574786,-0.05064706762252133,0.00036857388746238095
2022-09-09,-0.00032339127755647685,2.022029601212237e-06,4.610950264366779e-06,0.0,1.0884377658616846e-06,1.7005880737058265e-06,0.34921950891880793,0.23507012799505303,-0.0506286683875258,-0.00033281328326162336
2022-09-12,-0.000719795282618893,5.430177333888322e-07,7.914574269194193e-07,0.0,2.2664225920095273e-07,1.5059254498545865e-06,0.056923337033438645,0.2024851073130151,-0.05051036826255538,-0.0007228623254882568
2022-09-13,0.002773648443152499,5.475404530118911e-07,8.404826400964255e-07,0.0,2.3063400866247352e-07,1.342879883156883e-06,0.056546204833341406,0.17459275950315944,-0.051011060867196895,0.0027706869061675716
2022-09-14,-0.00027642383572687,1.8759283304142768e-06,3.7258350462055984e-06,0.0,8.843780291347138e-07,1.439811988096504e-06,0.2611015550864107,0.1918499085462859,-0.050038505453926865,-0.0002843497891207211
2022-09-15,0.00022200433793589691,7.384902260642492e-07,8.563108354128855e-07,0.0,3.266152514686489e-07,1.2507577732533535e-06,0.060405143822329914,0.16082729195190346,-0.04930001395465988,0.00021883216384969777
2022-09-16,0.0012217488078983848,9.500419530562694e-07,1.215341543381042e-06,0.0,4.1725358938762054e-07,1.0602846063717377e-06,0.08602701534184995,0.12874793132088025,-0.04937988254957167,0.0012181058862061882
2022-09-19,-0.0005096939074752957,7.087455292001344e-07,6.331996362940833e-07,0.0,2.7307027263421537e-07,7.812498467460912e-07,0.0589845707432326,0.09875293015732196,-0.032497044096021346,-0.0005120901727601703
2022-09-20,0.00047517032823988863,8.463377725738601e-07,4.046488474140674e-07,0.0,2.9697775046647184e-07,4.5229986843521934e-07,0.09562853510397777,0.12633691844773481,0.05035054055061795,0.000473170064000999
2022-09-21,-0.001086897235581235,9.408508676945218e-07,1.3475205439002341e-06,0.0,2.505320846613685e-07,2.0873761561155057e-07,0.10083817421126644,0.08517593709165004,0.050108017668909585,-0.0010896448766931025
2022-09-22,-0.0007861184265329443,6.156253820926881e-07,6.113205635494155e-07,0.0,1.3888184547302982e-07,1.6034572808717241e-07,0.04241139531969928,0.07697098020197093,0.05003289788332602,-0.0007876446000521466
2022-09-23,-0.000776861519073343,4.0194314938541296e-07,7.575081835902804e-07,0.0,1.7156212545619666e-07,3.0012071047012917e-07,0.05390622299170893,0.100244420755235,0.04982414139625327,-0.000778492653242245
2022-09-26,-0.0006862659844903678,6.063273482562513e-07,6.972817181201165e-07,0.0,1.4670687017895071e-07,2.392969010095838e-07,0.051388677867402796,0.09013485864979404,0.04993297928018399,-0.0006879555973279327
2022-09-27,-0.0002117124611493561,4.2494307914450434e-07,6.748986232524654e-07,0.0,1.3168224487581654e-07,3.1427509695859473e-07,0.045790619932863943,0.10269928762281011,0.049901071333766193,-0.00021325826019358748
2022-09-28,0.0010309919108397458,8.095142692793958e-07,1.251986041386301e-06,0.0,2.439188843482901e-07,1.695940938172543e-07,0.09282807709607596,0.0784250702853609,0.049933262524062244,0.0010285168975509146
2022-09-29,-0.0010246543504326539,5.628301792057149e-07,8.38951017687386e-07,0.0,2.28022474071844e-07,2.2284370237685736e-07,0.05826496336052393,0.08716446715234795,0.04972672515303593,-0.0010265069978059958
2022-09-30,-0.000509816616451634,9.922469356160883e-07,1.1567861023666163e-06,0.0,2.612701033042e-07,1.4628987713444917e-07,0.08334937757111617,0.07452225060890934,0.049945551250321824,-0.0005123732094700553
2022-10-03,0.0015429347097419078,2.4855247587230896e-07,3.5904362631065663e-07,0.0,5.9155298265230916e-08,1.2767454371738743e-07,0.024720658487490978,0.07233849601881519,0.05088917267429409,0.0015421402837977423
2022-10-04,0.002020386690283872,1.0261305194046095e-06,2.3811240710554554e-06,0.0,7.489858168527499e-07,9.303412516049076e-07,0.13287933176337524,0.1657284457904466,0.00943111552082214,0.0020153001086249543
2022-10-05,-0.00016202322089488316,2.1659475234323832e-06,4.095625842221506e-06,0.0,1.1911064779273503e-06,1.39286797585627e-06,0.29726366644653374,0.23297266486598817,-0.0010291550778652597,-0.00017086876871432068
2022-10-06,-0.0001440403040922037,1.250682835354508e-06,1.642001293035428e-06,0.0,5.482248359479015e-07,5.72173043645001e-07,0.14636615153131188,0.1366223539207296,0.04049728258836931,-0.00014805338610018656
2022-10-07,-0.0010874810920934353,9.927207657508459e-07,1.981120177630201e-06,0.0,6.241923964368481e-07,8.549716919035497e-07,0.08478396896900087,0.11821775063736636,-0.02541749360243006,-0.0010919340971251568
2022-10-10,-1.6326220378308456e-05,7.986291825930433e-07,7.228857182783052e-07,0.0,2.549113382712014e-07,4.825783115907941e-07,0.09842689368702301,0.11483153102216716,0.033758374674913855,-1.85852249290418e-05
2022-10-11,-0.00034627786201077415,4.5504467861770064e-07,5.325418820032404e-07,0.0,1.5779714122829955e-07,4.633466421401712e-07,0.04517312218115235,0.12110578162459268,0.04326354574504396,-0.00034788659235476354
2022-10-12,-6.367431707383713e-07,1.0108826582072602e-06,1.3826477404865252e-06,0.0,4.042375717356769e-07,2.4391908118251694e-07,0.10702015754436203,0.09079641272203953,0.04981800708337661,-3.6784302223503506e-06
2022-10-13,0.0013954860742387155,4.956355557215647e-07,6.817362009965162e-07,0.0,2.450276255644242e-07,2.5063432501703985e-07,0.04813848293225179,0.09279168374699237,0.05068511714412969,0.001393813040531416
2022-10-14,-0.0013172574726644044,1.2039647200510244e-06,1.8849199045566293e-06,0.0,6.005584289820804e-07,5.838732772901085e-07,0.13868262591939684,0.14791773069853725,0.04982702011379907,-0.0013215307889952843
2022-10-17,0.0012140327985826242,7.863363074560741e-07,1.1529993553595398e-06,0.0,3.397407304019976e-07,3.19810555782816e-07,0.07910247978848559,0.10444686520431878,0.05071869183280569,0.0012114339116336237
2022-10-18,0.001079495097584352,5.711621955472379e-07,1.290395929653504e-06,0.0,4.063986722217259e-07,2.7967144310623996e-07,0.06751818134515675,0.069559736659435,0.02257493421758667,0.0010769474693438233
2022-10-19,0.00010923567768827432,9.510465661188541e-07,2.1266333533282027e-06,0.0,4.404256072342391e-07,8.912418289375243e-07,0.09197683130831341,0.09996694005709984,-0.049761687204404215,0.0001048263303326555
2022-10-20,0.0003848900284524158,5.443529316964383e-07,5.831634753152922e-07,0.0,2.401453797497183e-07,7.590564543163096e-07,0.043712877168849494,0.08235664682075894,-0.04516483750438105,0.00038276331021133806
2022-10-21,-0.0012432578155306116,5.772471821236106e-07,3.519551773052538e-07,0.0,2.0087695108464656e-07,2.272869943557354e-07,0.0892549975782331,0.07057933803136811,0.03239512297960455,-0.0012446151818354808
2022-10-24,0.0004893610930541762,6.085043776171706e-07,5.531017460603366e-07,0.0,2.617207293200523e-07,2.019408127663532e-07,0.04654163398687894,0.07755718695670859,0.04363113041196126,0.00048773582538841234
2022-10-25,0.001004320154665819,1.0367227419178235e-06,2.7824553920268107e-06,0.0,5.128668079778738e-07,1.1211249918067558e-06,0.14700771509886343,0.15969986026899255,-0.028649138354542393,0.0009988669847320897
2022-10-26,0.000857336138395728,1.1699154134524072e-06,9.444408022053393e-07,0.0,5.815203143774117e-07,4.4199169036321386e-07,0.1292797298527082,0.12355431357379373,0.04929970959277377,0.0008541982701753296
2022-10-27,0.0002891321081963939,9.887768998263182e-07,1.2741959912125741e-06,0.0,4.582814201391812e-07,1.8841325939185266e-07,0.08775792442188307,0.08189548245818248,0.050242054880351265,0.00028622244062582395
2022-10-28,0.0008503799060457817,1.207344328906624e-06,2.087999099149807e-06,0.0,5.259611541628817e-07,5.678875128874049e-07,0.1442339767627422,0.14570190369842512,0.050296801533341075,0.000845990713950675
2022-10-31,-0.00035782930568499825,9.700252932434351e-07,1.2194042731673678e-06,0.0,2.777174938528393e-07,3.7019427505790233e-07,0.09052937764746768,0.11238362935521808,0.05019099114549044,-0.0003606666470203198
2022-11-01,0.0004521756105651407,7.652718875930609e-07,7.922012738219287e-07,0.0,2.6936904060922685e-07,3.4254307986970727e-07,0.05268243847967198,0.10770505514052403,0.05015781772241325,0.0004500062252832468
2022-11-02,-0.0015320192329049745,1.0951161212519286e-06,1.312845656970769e-06,0.0,3.7082712896186976e-07,2.410827265359572e-07,0.09573623425151083,0.09036522288185202,0.049863324823811235,-0.001535039104538695
2022-11-03,-0.0007787010707320457,5.352145720041319e-07,5.883821058084149e-07,0.0,1.586377155336994e-07,1.9448710807070746e-07,0.0409196908459499,0.0822859576346093,0.049612123478730466,-0.0007801777922334626
2022-11-04,0.0010238218847594901,7.668294646400798e-07,1.1969800122800006e-06,0.0,3.0121498796304466e-07,3.42112941030369e-07,0.08183237967780545,0.10796447039719405,0.05048949630409206,0.0010212147473535767
2022-11-07,0.0004772112208976314,6.988290867137275e-07,7.993869023432569e-07,0.0,3.2602170150087147e-07,2.8092082354072246e-07,0.054231146736983274,0.09770513047770207,0.05051043212286067,0.00047510606238353284
2022-11-08,0.0002948902304736656,1.2011289601090682e-06,2.459138971079925e-06,0.0,7.103153034529576e-07,8.098912034130775e-07,0.18458621023908717,0.18655892607854052,0.050497203905143465,0.0002897097560356106
2022-11-09,-2.4020233130225615e-05,7.08087228133754e-07,1.4153558559599548e-06,0.0,3.765608527846848e-07,7.120411608032103e-07,0.07463068731030167,0.1390259974928042,0.019403082477864847,-2.7232278227907218e-05
2022-11-10,0.00037704276453034237,9.887496274729477e-07,2.0936621270815785e-06,0.0,6.804517161985216e-07,1.1500340806373865e-06,0.09942052349344568,0.1539799126582415,-0.03922581288883942,0.0003721298669789519
2022-11-11,-0.0010254163639377932,1.1136744896957348e-06,8.328875447957127e-07,0.0,8.004249007925066e-07,5.273154573733545e-07,0.13315154023619102,0.13887104026834293,0.050282043429619366,-0.0010286906663304505
2022-11-14,-0.0003798790008713615,1.7987801607357435e-06,2.8828896796897774e-06,0.0,1.1937227439508204e-06,1.106247827998192e-06,0.2125603170179713,0.2361306671424482,0.05028103203875221,-0.000386860641283736
2022-11-15,0.0006662681528419318,1.0869244830411807e-06,1.7950401076197904e-06,0.0,8.498075410912821e-07,5.637234932424979e-07,0.12528861856040496,0.14526328759395243,0.05055774072921279,0.000661972657216937
2022-11-16,0.00028545655186309706,9.758492971401167e-07,1.4666850666703886e-06,0.0,4.7899211630031e-07,1.6283819525833736e-07,0.10197284535035667,0.07794482964404223,0.05058801284064153,0.0002823721871877279
2022-11-17,-0.00032896986937532924,1.291003564329594e-06,2.825720193700948e-06,0.0,7.073180383547063e-07,9.686868534080806e-07,0.12454447978985436,0.12309683514714775,-0.03964255622540985,-0.0003347625980251226
2022-11-18,-0.00025316933080805307,6.061356419566823e-07,4.527386757833577e-07,0.0,2.5948217784014615e-07,7.044840303482789e-07,0.07632675528974708,0.13310268467932648,0.01474936758081561,-0.0002551921713339815
2022-11-21,-0.0003202765704706668,5.398439188733577e-07,8.316051664522993e-07,0.0,2.578471226091945e-07,6.059832201720588e-07,0.05339527146514958,0.1094149315511203,0.0076097505622143985,-0.0003225118498987737
2022-11-22,0.00013120688047928722,4.314012815711361e-07,1.0888949941487876e-06,0.0,1.944527743543093e-07,4.3887583011299577e-07,0.06748775935270915,0.06483521276191792,-0.008895926697065338,0.0001290532555991
2022-11-23,-7.93009512830952e-05,2.9503201344124277e-07,3.870548825389014e-07,0.0,1.1034952313588557e-07,3.5932882229865735e-07,0.029342504026061842,0.053343732765468124,-0.007023509380706356,-8.045271652450989e-05
2022-11-28,3.609220869242953e-05,4.2752429962229476e-07,6.98900317830288e-07,0.0,1.2932150687497265e-07,4.315091052486118e-07,0.040372074793654775,0.05476545659791119,-0.017728073083855538,3.440495346285336e-05
2022-11-29,3.834339080189264e-05,3.942214172245549e-07,4.5362252079451165e-07,0.0,2.0083713943644422e-07,4.340181501654727e-07,0.03457504236480572,0.058835042841106557,-0.014080006386692871,3.6860691574271655e-05
2022-11-30,-0.00029832215289970614,1.3446344484443832e-06,2.2384147934928235e-06,0.0,6.144987128626064e-07,1.0750413430638318e-06,0.12460394901404186,0.13037966825500122,-0.050227277379722386,-0.0003035947421975698
2022-12-01,4.3927199784640086e-05,1.4812043129345997e-06,1.6556074065910419e-06,0.0,7.144558720894461e-07,7.98682755697255e-07,0.16679750083219283,0.13673551184642008,0.0025568088892811737,3.9277249437327744e-05
2022-12-02,4.191757806030259e-05,6.146397509414909e-07,1.647093917324598e-06,0.0,3.0349988231282974e-07,1.1381860913465392e-06,0.07692162605472255,0.14115313240195956,-0.050062130944259015,3.8214158418377134e-05
2022-12-05,0.0008880431055911949,7.245446555204367e-07,1.0765927722553184e-06,0.0,3.399108013234121e-07,8.355233243241431e-07,0.08899182953384573,0.10618409390637887,-0.034183824580077224,0.0008850665340377716
2022-12-06,0.00058201685638945,1.0280945120623759e-06,1.7721226268457659e-06,0.0,6.408066458108088e-07,9.106871612914895e-07,0.1615616646256316,0.16528230349010942,0.012286860393139233,0.0005776651454434395
2022-12-07,-3.044389179490028e-05,7.140466137537286e-07,1.1293452248272783e-06,0.0,3.76799587591992e-07,1.0484508977724539e-06,0.09319740468772482,0.2022023398211889,0.026062588995416705,-3.371253411884573e-05
2022-12-08,0.00039016260787727217,1.0844178790187439e-06,2.818427566717353e-06,0.0,4.934432540344522e-07,8.660549520364761e-07,0.15251132811245588,0.10588193278200142,-0.03961529916012666,0.00038490026422546516
2022-12-09,0.00043273948776868863,6.907959161024176e-07,2.746957801571019e-07,0.0,2.7239613985896706e-07,6.329934559978472e-07,0.06220556976662214,0.11965514843266617,0.013312247825027882,0.0004308686064765723
2022-12-12,0.00018012718713969014,1.038742674115302e-06,2.1661395198945813e-06,0.0,3.193497932016715e-07,8.677161504894061e-07,0.10906749429609403,0.10085557753115892,-0.044920735751061314,0.00017573523900198918
2022-12-13,-0.00024159424402123744,5.896420447179709e-07,9.228024070182949e-07,0.0,2.2955872109221528e-07,1.0723058824420672e-06,0.06730366463022427,0.13465910798950587,-0.04548828026076147,-0.000244408553076508
2022-12-14,0.0006213974112048596,8.282931320174574e-07,8.533894084966863e-07,0.0,2.988698417243153e-07,1.050457851070668e-06,0.054185190572100084,0.1267069828175307,-0.049769936162341454,0.0006183664009715505
2022-12-15,0.0016903233914573668,1.0377705926721775e-06,1.5705981433189094e-06,0.0,5.671958294106695e-07,9.402816266257034e-07,0.10930449679034462,0.10862246187377372,-0.04934485139934454,0.0016862075452653393
